scenario,cm,ds_ns,ms,sample,antenna,mode,pole_bins,pole_bins_mod1,pole_radius,peak1_bins,peak1_db,peak2_bins,peak3_bins
cm_B_ds_050_ms_003,B,50,3,0,0,0,0.1504579209261104,0.1504579209261104,0.9041000604629517,0.0,-2.206526279449463,1.0,299.0
cm_B_ds_050_ms_003,B,50,3,0,0,1,0.8899187037753382,0.8899187037753382,0.9475071430206299,0.0,-2.206526279449463,1.0,299.0
cm_B_ds_050_ms_003,B,50,3,0,0,2,1.7219948121995619,0.7219948121995619,0.9663784503936768,0.0,-2.206526279449463,1.0,299.0
cm_B_ds_050_ms_003,B,50,3,0,0,3,2.6711358095383573,0.6711358095383573,0.9342149496078491,0.0,-2.206526279449463,1.0,299.0
cm_B_ds_050_ms_003,B,50,3,0,0,4,3.8023183478399267,0.8023183478399267,0.8769100904464722,0.0,-2.206526279449463,1.0,299.0
cm_B_ds_050_ms_003,B,50,3,0,0,5,5.225111714641689,0.225111714641689,0.6048795580863953,0.0,-2.206526279449463,1.0,299.0
cm_B_ds_050_ms_003,B,50,3,0,0,6,5.673550972020489,0.6735509720204886,0.6774638891220093,0.0,-2.206526279449463,1.0,299.0
cm_B_ds_050_ms_003,B,50,3,0,0,7,6.961560117816887,0.9615601178168873,0.8581361770629883,0.0,-2.206526279449463,1.0,299.0
cm_B_ds_050_ms_003,B,50,3,0,0,8,7.968789597316918,0.9687895973169178,0.9003607034683228,0.0,-2.206526279449463,1.0,299.0
cm_B_ds_050_ms_003,B,50,3,0,0,9,9.135070201033459,0.13507020103345901,0.8653709888458252,0.0,-2.206526279449463,1.0,299.0
cm_B_ds_050_ms_003,B,50,3,0,0,10,10.363808483032303,0.36380848303230273,0.7474457621574402,0.0,-2.206526279449463,1.0,299.0
cm_B_ds_050_ms_003,B,50,3,0,0,11,10.967172216113074,0.9671722161130738,0.6003755331039429,0.0,-2.206526279449463,1.0,299.0
cm_B_ds_050_ms_003,B,50,3,0,0,12,12.165133969275802,0.16513396927580182,0.9095540046691895,0.0,-2.206526279449463,1.0,299.0
cm_B_ds_050_ms_003,B,50,3,0,0,13,13.12142116587021,0.12142116587020979,0.9030277729034424,0.0,-2.206526279449463,1.0,299.0
cm_B_ds_050_ms_003,B,50,3,0,0,14,14.125371547440707,0.12537154744070733,0.9410558342933655,0.0,-2.206526279449463,1.0,299.0
cm_B_ds_050_ms_003,B,50,3,0,0,15,14.648428041208211,0.6484280412082111,0.8716363906860352,0.0,-2.206526279449463,1.0,299.0
cm_B_ds_050_ms_003,B,50,3,0,1,0,0.15659591785561158,0.15659591785561158,0.9123818874359131,0.0,-2.3695895671844482,1.0,299.0
cm_B_ds_050_ms_003,B,50,3,0,1,1,0.9081732191330959,0.9081732191330959,0.9454054832458496,0.0,-2.3695895671844482,1.0,299.0
cm_B_ds_050_ms_003,B,50,3,0,1,2,1.7399117644303392,0.7399117644303392,0.9665524959564209,0.0,-2.3695895671844482,1.0,299.0
cm_B_ds_050_ms_003,B,50,3,0,1,3,2.6776138645111605,0.6776138645111605,0.9400346279144287,0.0,-2.3695895671844482,1.0,299.0
cm_B_ds_050_ms_003,B,50,3,0,1,4,3.7929813274625377,0.7929813274625377,0.8747944831848145,0.0,-2.3695895671844482,1.0,299.0
cm_B_ds_050_ms_003,B,50,3,0,1,5,5.244031035078661,0.24403103507866142,0.6167865991592407,0.0,-2.3695895671844482,1.0,299.0
cm_B_ds_050_ms_003,B,50,3,0,1,6,5.700495916514208,0.7004959165142077,0.6781361699104309,0.0,-2.3695895671844482,1.0,299.0
cm_B_ds_050_ms_003,B,50,3,0,1,7,6.944649176559862,0.9446491765598619,0.8663986921310425,0.0,-2.3695895671844482,1.0,299.0
cm_B_ds_050_ms_003,B,50,3,0,1,8,7.958764700999118,0.9587647009991178,0.9074388742446899,0.0,-2.3695895671844482,1.0,299.0
cm_B_ds_050_ms_003,B,50,3,0,1,9,9.125615397838382,0.1256153978383825,0.8799120783805847,0.0,-2.3695895671844482,1.0,299.0
cm_B_ds_050_ms_003,B,50,3,0,1,10,10.361791604061388,0.3617916040613878,0.7620538473129272,0.0,-2.3695895671844482,1.0,299.0
cm_B_ds_050_ms_003,B,50,3,0,1,11,10.942500965703061,0.9425009657030614,0.6066827178001404,0.0,-2.3695895671844482,1.0,299.0
cm_B_ds_050_ms_003,B,50,3,0,1,12,12.152987767983777,0.15298776798377745,0.913381040096283,0.0,-2.3695895671844482,1.0,299.0
cm_B_ds_050_ms_003,B,50,3,0,1,13,13.08834969347297,0.08834969347297061,0.9146085977554321,0.0,-2.3695895671844482,1.0,299.0
cm_B_ds_050_ms_003,B,50,3,0,1,14,14.059673020288226,0.0596730202882263,0.9286125898361206,0.0,-2.3695895671844482,1.0,299.0
cm_B_ds_050_ms_003,B,50,3,0,1,15,14.594307443608809,0.5943074436088089,0.8593651056289673,0.0,-2.3695895671844482,1.0,299.0
cm_B_ds_050_ms_003,B,50,3,1,0,0,0.1893364486148154,0.1893364486148154,0.8033041954040527,0.0,-0.5890569090843201,1.0,299.0
cm_B_ds_050_ms_003,B,50,3,1,0,1,1.1781280221778736,0.1781280221778736,0.9108823537826538,0.0,-0.5890569090843201,1.0,299.0
cm_B_ds_050_ms_003,B,50,3,1,0,2,1.7744618968918948,0.7744618968918948,0.9496325254440308,0.0,-0.5890569090843201,1.0,299.0
cm_B_ds_050_ms_003,B,50,3,1,0,3,2.744502665963003,0.7445026659630032,0.9367946982383728,0.0,-0.5890569090843201,1.0,299.0
cm_B_ds_050_ms_003,B,50,3,1,0,4,3.8407034038474723,0.8407034038474723,0.8797543048858643,0.0,-0.5890569090843201,1.0,299.0
cm_B_ds_050_ms_003,B,50,3,1,0,5,5.233621219655635,0.23362121965563531,0.5676015019416809,0.0,-0.5890569090843201,1.0,299.0
cm_B_ds_050_ms_003,B,50,3,1,0,6,5.658640517280369,0.6586405172803689,0.5960842370986938,0.0,-0.5890569090843201,1.0,299.0
cm_B_ds_050_ms_003,B,50,3,1,0,7,6.929783649286283,0.929783649286283,0.8227560520172119,0.0,-0.5890569090843201,1.0,299.0
cm_B_ds_050_ms_003,B,50,3,1,0,8,7.996855299962444,0.9968552999624443,0.8787052035331726,0.0,-0.5890569090843201,1.0,299.0
cm_B_ds_050_ms_003,B,50,3,1,0,9,9.295440007105727,0.2954400071057268,0.8369952440261841,0.0,-0.5890569090843201,1.0,299.0
cm_B_ds_050_ms_003,B,50,3,1,0,10,10.379716448955207,0.3797164489552074,0.6931741833686829,0.0,-0.5890569090843201,1.0,299.0
cm_B_ds_050_ms_003,B,50,3,1,0,11,10.912546488079053,0.9125464880790535,0.5406410098075867,0.0,-0.5890569090843201,1.0,299.0
cm_B_ds_050_ms_003,B,50,3,1,0,12,12.25125263709888,0.25125263709887946,0.9130391478538513,0.0,-0.5890569090843201,1.0,299.0
cm_B_ds_050_ms_003,B,50,3,1,0,13,13.065909031063903,0.065909031063903,0.9031901359558105,0.0,-0.5890569090843201,1.0,299.0
cm_B_ds_050_ms_003,B,50,3,1,0,14,13.955329586375775,0.9553295863757754,0.8950035572052002,0.0,-0.5890569090843201,1.0,299.0
cm_B_ds_050_ms_003,B,50,3,1,0,15,14.51327529355163,0.5132752935516294,0.7777944803237915,0.0,-0.5890569090843201,1.0,299.0
cm_B_ds_050_ms_003,B,50,3,1,1,0,0.20973947586699132,0.20973947586699132,0.7827949523925781,0.0,-0.6264002323150635,1.0,299.0
cm_B_ds_050_ms_003,B,50,3,1,1,1,1.3100650408822219,0.31006504088222187,0.8871291875839233,0.0,-0.6264002323150635,1.0,299.0
cm_B_ds_050_ms_003,B,50,3,1,1,2,1.8466289167523418,0.8466289167523418,0.9431679248809814,0.0,-0.6264002323150635,1.0,299.0
cm_B_ds_050_ms_003,B,50,3,1,1,3,2.778438992091147,0.778438992091147,0.9368185997009277,0.0,-0.6264002323150635,1.0,299.0
cm_B_ds_050_ms_003,B,50,3,1,1,4,3.8303036060352293,0.8303036060352293,0.8706860542297363,0.0,-0.6264002323150635,1.0,299.0
cm_B_ds_050_ms_003,B,50,3,1,1,5,5.192531408736765,0.1925314087367651,0.5700527429580688,0.0,-0.6264002323150635,1.0,299.0
cm_B_ds_050_ms_003,B,50,3,1,1,6,5.664833829255774,0.6648338292557741,0.608023464679718,0.0,-0.6264002323150635,1.0,299.0
cm_B_ds_050_ms_003,B,50,3,1,1,7,6.907968935769151,0.9079689357691514,0.8462378978729248,0.0,-0.6264002323150635,1.0,299.0
cm_B_ds_050_ms_003,B,50,3,1,1,8,7.983196743006197,0.9831967430061974,0.8843954801559448,0.0,-0.6264002323150635,1.0,299.0
cm_B_ds_050_ms_003,B,50,3,1,1,9,9.309736655512435,0.30973665551243457,0.8475639820098877,0.0,-0.6264002323150635,1.0,299.0
cm_B_ds_050_ms_003,B,50,3,1,1,10,10.355970461504759,0.355970461504759,0.6807253956794739,0.0,-0.6264002323150635,1.0,299.0
cm_B_ds_050_ms_003,B,50,3,1,1,11,10.817836960099914,0.817836960099914,0.5361034870147705,0.0,-0.6264002323150635,1.0,299.0
cm_B_ds_050_ms_003,B,50,3,1,1,12,12.221838503329211,0.22183850332921118,0.9085966348648071,0.0,-0.6264002323150635,1.0,299.0
cm_B_ds_050_ms_003,B,50,3,1,1,13,12.990101823939803,0.9901018239398027,0.89389967918396,0.0,-0.6264002323150635,1.0,299.0
cm_B_ds_050_ms_003,B,50,3,1,1,14,13.875019918550802,0.8750199185508016,0.8796291947364807,0.0,-0.6264002323150635,1.0,299.0
cm_B_ds_050_ms_003,B,50,3,1,1,15,14.52135980901722,0.5213598090172198,0.7654387950897217,0.0,-0.6264002323150635,1.0,299.0
cm_B_ds_050_ms_003,B,50,3,2,0,0,0.22931794750436515,0.22931794750436515,0.8763149976730347,0.0,-0.37987232208251953,1.0,299.0
cm_B_ds_050_ms_003,B,50,3,2,0,1,1.3006313353825818,0.3006313353825818,0.898270308971405,0.0,-0.37987232208251953,1.0,299.0
cm_B_ds_050_ms_003,B,50,3,2,0,2,1.8955206250871455,0.8955206250871455,0.9560758471488953,0.0,-0.37987232208251953,1.0,299.0
cm_B_ds_050_ms_003,B,50,3,2,0,3,2.776476754633593,0.7764767546335931,0.9517430067062378,0.0,-0.37987232208251953,1.0,299.0
cm_B_ds_050_ms_003,B,50,3,2,0,4,3.8480967041690572,0.8480967041690572,0.9152648448944092,0.0,-0.37987232208251953,1.0,299.0
cm_B_ds_050_ms_003,B,50,3,2,0,5,5.2095212766242,0.20952127662419961,0.601112961769104,0.0,-0.37987232208251953,1.0,299.0
cm_B_ds_050_ms_003,B,50,3,2,0,6,5.628410403577856,0.6284104035778562,0.7038328647613525,0.0,-0.37987232208251953,1.0,299.0
cm_B_ds_050_ms_003,B,50,3,2,0,7,6.897609511964002,0.897609511964002,0.895887553691864,0.0,-0.37987232208251953,1.0,299.0
cm_B_ds_050_ms_003,B,50,3,2,0,8,7.953388583212409,0.9533885832124094,0.9265774488449097,0.0,-0.37987232208251953,1.0,299.0
cm_B_ds_050_ms_003,B,50,3,2,0,9,9.234427293287837,0.23442729328783685,0.9009684324264526,0.0,-0.37987232208251953,1.0,299.0
cm_B_ds_050_ms_003,B,50,3,2,0,10,10.371039376633622,0.37103937663362174,0.7114323377609253,0.0,-0.37987232208251953,1.0,299.0
cm_B_ds_050_ms_003,B,50,3,2,0,11,10.803993229126169,0.8039932291261689,0.609164834022522,0.0,-0.37987232208251953,1.0,299.0
cm_B_ds_050_ms_003,B,50,3,2,0,12,12.131111734546097,0.13111173454609748,0.9297314286231995,0.0,-0.37987232208251953,1.0,299.0
cm_B_ds_050_ms_003,B,50,3,2,0,13,12.987970804918758,0.9879708049187581,0.9368189573287964,0.0,-0.37987232208251953,1.0,299.0
cm_B_ds_050_ms_003,B,50,3,2,0,14,13.923145735006676,0.9231457350066758,0.9196675419807434,0.0,-0.37987232208251953,1.0,299.0
cm_B_ds_050_ms_003,B,50,3,2,0,15,14.5968840945277,0.5968840945277005,0.8493558168411255,0.0,-0.37987232208251953,1.0,299.0
cm_B_ds_050_ms_003,B,50,3,2,1,0,0.22368649447918504,0.22368649447918504,0.8837203979492188,0.0,-0.4175114333629608,1.0,299.0
cm_B_ds_050_ms_003,B,50,3,2,1,1,1.2615794252390709,0.26157942523907085,0.9049912691116333,0.0,-0.4175114333629608,1.0,299.0
cm_B_ds_050_ms_003,B,50,3,2,1,2,1.872982822209882,0.8729828222098821,0.9585664868354797,0.0,-0.4175114333629608,1.0,299.0
cm_B_ds_050_ms_003,B,50,3,2,1,3,2.755349917056873,0.7553499170568729,0.9507209062576294,0.0,-0.4175114333629608,1.0,299.0
cm_B_ds_050_ms_003,B,50,3,2,1,4,3.827371785279497,0.8273717852794968,0.9041391611099243,0.0,-0.4175114333629608,1.0,299.0
cm_B_ds_050_ms_003,B,50,3,2,1,5,5.222827092255311,0.2228270922553106,0.6063861846923828,0.0,-0.4175114333629608,1.0,299.0
cm_B_ds_050_ms_003,B,50,3,2,1,6,5.649174178654695,0.649174178654695,0.6915355920791626,0.0,-0.4175114333629608,1.0,299.0
cm_B_ds_050_ms_003,B,50,3,2,1,7,6.905301215661326,0.9053012156613258,0.896581768989563,0.0,-0.4175114333629608,1.0,299.0
cm_B_ds_050_ms_003,B,50,3,2,1,8,7.95856495591139,0.95856495591139,0.9274144172668457,0.0,-0.4175114333629608,1.0,299.0
cm_B_ds_050_ms_003,B,50,3,2,1,9,9.202971995430206,0.2029719954302056,0.8999693393707275,0.0,-0.4175114333629608,1.0,299.0
cm_B_ds_050_ms_003,B,50,3,2,1,10,10.365611652973186,0.3656116529731861,0.72059565782547,0.0,-0.4175114333629608,1.0,299.0
cm_B_ds_050_ms_003,B,50,3,2,1,11,10.802724331760363,0.8027243317603627,0.6038795709609985,0.0,-0.4175114333629608,1.0,299.0
cm_B_ds_050_ms_003,B,50,3,2,1,12,12.144660401347698,0.1446604013476982,0.9219132661819458,0.0,-0.4175114333629608,1.0,299.0
cm_B_ds_050_ms_003,B,50,3,2,1,13,13.001410188693638,0.0014101886936384034,0.9285334348678589,0.0,-0.4175114333629608,1.0,299.0
cm_B_ds_050_ms_003,B,50,3,2,1,14,13.922730459505138,0.9227304595051375,0.9181278347969055,0.0,-0.4175114333629608,1.0,299.0
cm_B_ds_050_ms_003,B,50,3,2,1,15,14.58711176342721,0.5871117634272096,0.8472874760627747,0.0,-0.4175114333629608,1.0,299.0
cm_B_ds_050_ms_003,B,50,3,3,0,0,0.14963646735555636,0.14963646735555636,0.9208371043205261,0.0,-1.0934526920318604,1.0,299.0
cm_B_ds_050_ms_003,B,50,3,3,0,1,1.1591183155708848,0.15911831557088485,0.912772536277771,0.0,-1.0934526920318604,1.0,299.0
cm_B_ds_050_ms_003,B,50,3,3,0,2,1.6890717825802848,0.6890717825802848,0.9586726427078247,0.0,-1.0934526920318604,1.0,299.0
cm_B_ds_050_ms_003,B,50,3,3,0,3,2.7095278475170543,0.7095278475170543,0.9157760143280029,0.0,-1.0934526920318604,1.0,299.0
cm_B_ds_050_ms_003,B,50,3,3,0,4,3.877314432054593,0.8773144320545931,0.8570002317428589,0.0,-1.0934526920318604,1.0,299.0
cm_B_ds_050_ms_003,B,50,3,3,0,5,5.144157276959066,0.14415727695906622,0.6000586152076721,0.0,-1.0934526920318604,1.0,299.0
cm_B_ds_050_ms_003,B,50,3,3,0,6,5.656709850474979,0.6567098504749787,0.7717615365982056,0.0,-1.0934526920318604,1.0,299.0
cm_B_ds_050_ms_003,B,50,3,3,0,7,7.015439078501652,0.015439078501652048,0.8500539064407349,0.0,-1.0934526920318604,1.0,299.0
cm_B_ds_050_ms_003,B,50,3,3,0,8,7.99460710525164,0.9946071052516396,0.8687576651573181,0.0,-1.0934526920318604,1.0,299.0
cm_B_ds_050_ms_003,B,50,3,3,0,9,9.111168788833899,0.1111687888338988,0.8309834003448486,0.0,-1.0934526920318604,1.0,299.0
cm_B_ds_050_ms_003,B,50,3,3,0,10,10.347209605529356,0.34720960552935587,0.6470921039581299,0.0,-1.0934526920318604,1.0,299.0
cm_B_ds_050_ms_003,B,50,3,3,0,11,10.858149040145292,0.8581490401452925,0.6177127361297607,0.0,-1.0934526920318604,1.0,299.0
cm_B_ds_050_ms_003,B,50,3,3,0,12,12.27002624683356,0.27002624683355947,0.8900047540664673,0.0,-1.0934526920318604,1.0,299.0
cm_B_ds_050_ms_003,B,50,3,3,0,13,13.256441559638874,0.2564415596388745,0.8896439671516418,0.0,-1.0934526920318604,1.0,299.0
cm_B_ds_050_ms_003,B,50,3,3,0,14,14.234803927630763,0.23480392763076274,0.956148624420166,0.0,-1.0934526920318604,1.0,299.0
cm_B_ds_050_ms_003,B,50,3,3,0,15,15.021153589163548,0.021153589163548148,0.9433813095092773,0.0,-1.0934526920318604,1.0,299.0
cm_B_ds_050_ms_003,B,50,3,3,1,0,0.1448232994520653,0.1448232994520653,0.9169060587882996,0.0,-0.9094292521476746,1.0,299.0
cm_B_ds_050_ms_003,B,50,3,3,1,1,1.1535468543739147,0.1535468543739147,0.9143921136856079,0.0,-0.9094292521476746,1.0,299.0
cm_B_ds_050_ms_003,B,50,3,3,1,2,1.6790156191742842,0.6790156191742842,0.9586609601974487,0.0,-0.9094292521476746,1.0,299.0
cm_B_ds_050_ms_003,B,50,3,3,1,3,2.6867110693576914,0.6867110693576914,0.902153491973877,0.0,-0.9094292521476746,1.0,299.0
cm_B_ds_050_ms_003,B,50,3,3,1,4,3.8552222610751774,0.8552222610751774,0.8287811875343323,0.0,-0.9094292521476746,1.0,299.0
cm_B_ds_050_ms_003,B,50,3,3,1,5,5.145135360048212,0.14513536004821237,0.5886839032173157,0.0,-0.9094292521476746,1.0,299.0
cm_B_ds_050_ms_003,B,50,3,3,1,6,5.658029746586588,0.6580297465865881,0.7611762285232544,0.0,-0.9094292521476746,1.0,299.0
cm_B_ds_050_ms_003,B,50,3,3,1,7,7.033241283554374,0.03324128355437406,0.8432989120483398,0.0,-0.9094292521476746,1.0,299.0
cm_B_ds_050_ms_003,B,50,3,3,1,8,7.997537711751519,0.9975377117515194,0.8653318881988525,0.0,-0.9094292521476746,1.0,299.0
cm_B_ds_050_ms_003,B,50,3,3,1,9,9.090485761771246,0.09048576177124623,0.8262352347373962,0.0,-0.9094292521476746,1.0,299.0
cm_B_ds_050_ms_003,B,50,3,3,1,10,10.33933029930283,0.33933029930283,0.6218541264533997,0.0,-0.9094292521476746,1.0,299.0
cm_B_ds_050_ms_003,B,50,3,3,1,11,10.837602616866041,0.8376026168660413,0.597944438457489,0.0,-0.9094292521476746,1.0,299.0
cm_B_ds_050_ms_003,B,50,3,3,1,12,12.282956857406264,0.28295685740626375,0.869787335395813,0.0,-0.9094292521476746,1.0,299.0
cm_B_ds_050_ms_003,B,50,3,3,1,13,13.289931950305206,0.28993195030520624,0.8747437596321106,0.0,-0.9094292521476746,1.0,299.0
cm_B_ds_050_ms_003,B,50,3,3,1,14,14.260957784436613,0.2609577844366129,0.9584399461746216,0.0,-0.9094292521476746,1.0,299.0
cm_B_ds_050_ms_003,B,50,3,3,1,15,15.029876803207525,0.02987680320752517,0.946813702583313,0.0,-0.9094292521476746,1.0,299.0
cm_B_ds_050_ms_003,B,50,3,4,0,0,0.11856664829920689,0.11856664829920689,0.9063256978988647,1.0,-1.1696014404296875,0.0,2.0
cm_B_ds_050_ms_003,B,50,3,4,0,1,0.8601711808831817,0.8601711808831817,0.9553689360618591,1.0,-1.1696014404296875,0.0,2.0
cm_B_ds_050_ms_003,B,50,3,4,0,2,1.6549313096869485,0.6549313096869485,0.9644919633865356,1.0,-1.1696014404296875,0.0,2.0
cm_B_ds_050_ms_003,B,50,3,4,0,3,2.6329638554329162,0.6329638554329162,0.8919359445571899,1.0,-1.1696014404296875,0.0,2.0
cm_B_ds_050_ms_003,B,50,3,4,0,4,3.8000853313272773,0.8000853313272773,0.8204746246337891,1.0,-1.1696014404296875,0.0,2.0
cm_B_ds_050_ms_003,B,50,3,4,0,5,5.205731584108713,0.20573158410871262,0.5807864665985107,1.0,-1.1696014404296875,0.0,2.0
cm_B_ds_050_ms_003,B,50,3,4,0,6,5.6455314110973545,0.6455314110973545,0.6876817941665649,1.0,-1.1696014404296875,0.0,2.0
cm_B_ds_050_ms_003,B,50,3,4,0,7,7.052072570442044,0.05207257044204372,0.8038119077682495,1.0,-1.1696014404296875,0.0,2.0
cm_B_ds_050_ms_003,B,50,3,4,0,8,8.027900786469877,0.027900786469876593,0.8441945910453796,1.0,-1.1696014404296875,0.0,2.0
cm_B_ds_050_ms_003,B,50,3,4,0,9,9.136326348712815,0.13632634871281546,0.8086603879928589,1.0,-1.1696014404296875,0.0,2.0
cm_B_ds_050_ms_003,B,50,3,4,0,10,10.346653476348935,0.3466534763489353,0.705321729183197,1.0,-1.1696014404296875,0.0,2.0
cm_B_ds_050_ms_003,B,50,3,4,0,11,10.999931624756233,0.9999316247562327,0.5963662266731262,1.0,-1.1696014404296875,0.0,2.0
cm_B_ds_050_ms_003,B,50,3,4,0,12,12.24680117514381,0.24680117514381017,0.8538126945495605,1.0,-1.1696014404296875,0.0,2.0
cm_B_ds_050_ms_003,B,50,3,4,0,13,13.292872877979832,0.29287287797983197,0.8463271856307983,1.0,-1.1696014404296875,0.0,2.0
cm_B_ds_050_ms_003,B,50,3,4,0,14,14.294002543205098,0.29400254320509767,0.9647284746170044,1.0,-1.1696014404296875,0.0,2.0
cm_B_ds_050_ms_003,B,50,3,4,0,15,14.93662316799547,0.9366231679954709,0.9276690483093262,1.0,-1.1696014404296875,0.0,2.0
cm_B_ds_050_ms_003,B,50,3,4,1,0,0.11097572783763628,0.11097572783763628,0.9149724245071411,1.0,-1.7655445337295532,0.0,299.0
cm_B_ds_050_ms_003,B,50,3,4,1,1,0.8545344534341425,0.8545344534341425,0.9563390016555786,1.0,-1.7655445337295532,0.0,299.0
cm_B_ds_050_ms_003,B,50,3,4,1,2,1.645575620125828,0.645575620125828,0.965697169303894,1.0,-1.7655445337295532,0.0,299.0
cm_B_ds_050_ms_003,B,50,3,4,1,3,2.6315462117251847,0.6315462117251847,0.8887796401977539,1.0,-1.7655445337295532,0.0,299.0
cm_B_ds_050_ms_003,B,50,3,4,1,4,3.7935319924916224,0.7935319924916224,0.8025356531143188,1.0,-1.7655445337295532,0.0,299.0
cm_B_ds_050_ms_003,B,50,3,4,1,5,5.202612160823778,0.20261216082377764,0.5874025225639343,1.0,-1.7655445337295532,0.0,299.0
cm_B_ds_050_ms_003,B,50,3,4,1,6,5.662404103295028,0.6624041032950281,0.6965707540512085,1.0,-1.7655445337295532,0.0,299.0
cm_B_ds_050_ms_003,B,50,3,4,1,7,7.065039608690322,0.06503960869032177,0.8146530389785767,1.0,-1.7655445337295532,0.0,299.0
cm_B_ds_050_ms_003,B,50,3,4,1,8,8.024069809255407,0.024069809255406582,0.8460140228271484,1.0,-1.7655445337295532,0.0,299.0
cm_B_ds_050_ms_003,B,50,3,4,1,9,9.111058898679252,0.11105889867925178,0.8192347288131714,1.0,-1.7655445337295532,0.0,299.0
cm_B_ds_050_ms_003,B,50,3,4,1,10,10.336140449178451,0.3361404491784512,0.703098475933075,1.0,-1.7655445337295532,0.0,299.0
cm_B_ds_050_ms_003,B,50,3,4,1,11,10.984951350304598,0.9849513503045983,0.604350745677948,1.0,-1.7655445337295532,0.0,299.0
cm_B_ds_050_ms_003,B,50,3,4,1,12,12.237563116618396,0.23756311661839646,0.8463927507400513,1.0,-1.7655445337295532,0.0,299.0
cm_B_ds_050_ms_003,B,50,3,4,1,13,13.286870811301188,0.2868708113011884,0.8444055318832397,1.0,-1.7655445337295532,0.0,299.0
cm_B_ds_050_ms_003,B,50,3,4,1,14,14.292832000563338,0.29283200056333847,0.9648483991622925,1.0,-1.7655445337295532,0.0,299.0
cm_B_ds_050_ms_003,B,50,3,4,1,15,14.968372315769395,0.9683723157693951,0.9337663650512695,1.0,-1.7655445337295532,0.0,299.0
cm_B_ds_050_ms_003,B,50,3,5,0,0,0.2190803097666669,0.2190803097666669,0.849387526512146,0.0,-1.8925256729125977,1.0,2.0
cm_B_ds_050_ms_003,B,50,3,5,0,1,1.2400212232707688,0.2400212232707688,0.9101380109786987,0.0,-1.8925256729125977,1.0,2.0
cm_B_ds_050_ms_003,B,50,3,5,0,2,1.6995541497904942,0.6995541497904942,0.9666508436203003,0.0,-1.8925256729125977,1.0,2.0
cm_B_ds_050_ms_003,B,50,3,5,0,3,2.712726804560325,0.712726804560325,0.9252026677131653,0.0,-1.8925256729125977,1.0,2.0
cm_B_ds_050_ms_003,B,50,3,5,0,4,3.8229807325530865,0.8229807325530865,0.8605494499206543,0.0,-1.8925256729125977,1.0,2.0
cm_B_ds_050_ms_003,B,50,3,5,0,5,5.195343625291032,0.19534362529103166,0.5759451389312744,0.0,-1.8925256729125977,1.0,2.0
cm_B_ds_050_ms_003,B,50,3,5,0,6,5.698323005666254,0.6983230056662544,0.6429095268249512,0.0,-1.8925256729125977,1.0,2.0
cm_B_ds_050_ms_003,B,50,3,5,0,7,6.9653394891576275,0.9653394891576275,0.8418594598770142,0.0,-1.8925256729125977,1.0,2.0
cm_B_ds_050_ms_003,B,50,3,5,0,8,7.939465318480329,0.9394653184803294,0.8814841508865356,0.0,-1.8925256729125977,1.0,2.0
cm_B_ds_050_ms_003,B,50,3,5,0,9,9.12596449639596,0.12596449639596052,0.8451796770095825,0.0,-1.8925256729125977,1.0,2.0
cm_B_ds_050_ms_003,B,50,3,5,0,10,10.37272597801267,0.3727259780126708,0.68539959192276,0.0,-1.8925256729125977,1.0,2.0
cm_B_ds_050_ms_003,B,50,3,5,0,11,10.926618499153058,0.9266184991530579,0.562889814376831,0.0,-1.8925256729125977,1.0,2.0
cm_B_ds_050_ms_003,B,50,3,5,0,12,12.264683521082793,0.2646835210827927,0.8831877708435059,0.0,-1.8925256729125977,1.0,2.0
cm_B_ds_050_ms_003,B,50,3,5,0,13,13.112911660856263,0.11291166085626259,0.8855660557746887,0.0,-1.8925256729125977,1.0,2.0
cm_B_ds_050_ms_003,B,50,3,5,0,14,14.120192746230023,0.12019274623002296,0.9220191836357117,0.0,-1.8925256729125977,1.0,2.0
cm_B_ds_050_ms_003,B,50,3,5,0,15,14.526196190077515,0.5261961900775152,0.813125491142273,0.0,-1.8925256729125977,1.0,2.0
cm_B_ds_050_ms_003,B,50,3,5,1,0,0.17852137530103565,0.17852137530103565,0.8815820217132568,0.0,-1.275649070739746,1.0,299.0
cm_B_ds_050_ms_003,B,50,3,5,1,1,1.158772707998882,0.1587727079988821,0.9255914688110352,0.0,-1.275649070739746,1.0,299.0
cm_B_ds_050_ms_003,B,50,3,5,1,2,1.6878387057621251,0.6878387057621251,0.9673361778259277,0.0,-1.275649070739746,1.0,299.0
cm_B_ds_050_ms_003,B,50,3,5,1,3,2.701897160176316,0.701897160176316,0.923602819442749,0.0,-1.275649070739746,1.0,299.0
cm_B_ds_050_ms_003,B,50,3,5,1,4,3.836090445864027,0.836090445864027,0.8600177764892578,0.0,-1.275649070739746,1.0,299.0
cm_B_ds_050_ms_003,B,50,3,5,1,5,5.221448911862783,0.22144891186278315,0.5834851264953613,0.0,-1.275649070739746,1.0,299.0
cm_B_ds_050_ms_003,B,50,3,5,1,6,5.691024113737197,0.6910241137371971,0.6639344692230225,0.0,-1.275649070739746,1.0,299.0
cm_B_ds_050_ms_003,B,50,3,5,1,7,6.991798124182441,0.9917981241824414,0.8348674774169922,0.0,-1.275649070739746,1.0,299.0
cm_B_ds_050_ms_003,B,50,3,5,1,8,7.961198069727421,0.9611980697274207,0.8837909698486328,0.0,-1.275649070739746,1.0,299.0
cm_B_ds_050_ms_003,B,50,3,5,1,9,9.143954911105812,0.14395491110581204,0.8556863069534302,0.0,-1.275649070739746,1.0,299.0
cm_B_ds_050_ms_003,B,50,3,5,1,10,10.379825731981928,0.3798257319819278,0.6961226463317871,0.0,-1.275649070739746,1.0,299.0
cm_B_ds_050_ms_003,B,50,3,5,1,11,10.954398244545335,0.9543982445453345,0.5766797661781311,0.0,-1.275649070739746,1.0,299.0
cm_B_ds_050_ms_003,B,50,3,5,1,12,12.246391970921536,0.24639197092153609,0.9041562080383301,0.0,-1.275649070739746,1.0,299.0
cm_B_ds_050_ms_003,B,50,3,5,1,13,13.153126600433446,0.1531266004334455,0.9039438962936401,0.0,-1.275649070739746,1.0,299.0
cm_B_ds_050_ms_003,B,50,3,5,1,14,14.140446533848834,0.14044653384883432,0.9333465099334717,0.0,-1.275649070739746,1.0,299.0
cm_B_ds_050_ms_003,B,50,3,5,1,15,14.553497518663926,0.5534975186639262,0.8386853933334351,0.0,-1.275649070739746,1.0,299.0
cm_B_ds_050_ms_003,B,50,3,6,0,0,0.16810419845190455,0.16810419845190455,0.8935710191726685,0.0,-0.6277738809585571,1.0,299.0
cm_B_ds_050_ms_003,B,50,3,6,0,1,1.1597633889924972,0.1597633889924972,0.9342106580734253,0.0,-0.6277738809585571,1.0,299.0
cm_B_ds_050_ms_003,B,50,3,6,0,2,1.6937237485329897,0.6937237485329897,0.9700548648834229,0.0,-0.6277738809585571,1.0,299.0
cm_B_ds_050_ms_003,B,50,3,6,0,3,2.7047795000060613,0.7047795000060613,0.9460372924804688,0.0,-0.6277738809585571,1.0,299.0
cm_B_ds_050_ms_003,B,50,3,6,0,4,3.8345037170288423,0.8345037170288423,0.8886580467224121,0.0,-0.6277738809585571,1.0,299.0
cm_B_ds_050_ms_003,B,50,3,6,0,5,5.194134226461994,0.19413422646199407,0.6128779649734497,0.0,-0.6277738809585571,1.0,299.0
cm_B_ds_050_ms_003,B,50,3,6,0,6,5.652843052712862,0.6528430527128624,0.7097650766372681,0.0,-0.6277738809585571,1.0,299.0
cm_B_ds_050_ms_003,B,50,3,6,0,7,6.9359320337951464,0.9359320337951464,0.8609217405319214,0.0,-0.6277738809585571,1.0,299.0
cm_B_ds_050_ms_003,B,50,3,6,0,8,7.9366367094720545,0.9366367094720545,0.885892391204834,0.0,-0.6277738809585571,1.0,299.0
cm_B_ds_050_ms_003,B,50,3,6,0,9,9.166306932837651,0.1663069328376512,0.8753511309623718,0.0,-0.6277738809585571,1.0,299.0
cm_B_ds_050_ms_003,B,50,3,6,0,10,10.380306577299496,0.38030657729949624,0.7344353199005127,0.0,-0.6277738809585571,1.0,299.0
cm_B_ds_050_ms_003,B,50,3,6,0,11,10.91931839296815,0.9193183929681492,0.6054871678352356,0.0,-0.6277738809585571,1.0,299.0
cm_B_ds_050_ms_003,B,50,3,6,0,12,12.20110872741624,0.20110872741624064,0.9142249822616577,0.0,-0.6277738809585571,1.0,299.0
cm_B_ds_050_ms_003,B,50,3,6,0,13,13.059621614259934,0.05962161425993351,0.9225531816482544,0.0,-0.6277738809585571,1.0,299.0
cm_B_ds_050_ms_003,B,50,3,6,0,14,14.021529601195317,0.021529601195316772,0.9304208755493164,0.0,-0.6277738809585571,1.0,299.0
cm_B_ds_050_ms_003,B,50,3,6,0,15,14.583886699883111,0.5838866998831111,0.8451515436172485,0.0,-0.6277738809585571,1.0,299.0
cm_B_ds_050_ms_003,B,50,3,6,1,0,0.1666762904876703,0.1666762904876703,0.9022949934005737,0.0,-0.6011905670166016,1.0,2.0
cm_B_ds_050_ms_003,B,50,3,6,1,1,1.1789980364961516,0.17899803649615165,0.9359891414642334,0.0,-0.6011905670166016,1.0,2.0
cm_B_ds_050_ms_003,B,50,3,6,1,2,1.6871602403045707,0.6871602403045707,0.9699366092681885,0.0,-0.6011905670166016,1.0,2.0
cm_B_ds_050_ms_003,B,50,3,6,1,3,2.7070635152645135,0.7070635152645135,0.9411029815673828,0.0,-0.6011905670166016,1.0,2.0
cm_B_ds_050_ms_003,B,50,3,6,1,4,3.832645905574599,0.8326459055745992,0.8778119087219238,0.0,-0.6011905670166016,1.0,2.0
cm_B_ds_050_ms_003,B,50,3,6,1,5,5.194240473849083,0.19424047384908327,0.6150408983230591,0.0,-0.6011905670166016,1.0,2.0
cm_B_ds_050_ms_003,B,50,3,6,1,6,5.656468213560342,0.6564682135603421,0.7293491363525391,0.0,-0.6011905670166016,1.0,2.0
cm_B_ds_050_ms_003,B,50,3,6,1,7,6.969256071409694,0.9692560714096938,0.8603448867797852,0.0,-0.6011905670166016,1.0,2.0
cm_B_ds_050_ms_003,B,50,3,6,1,8,7.950011737686755,0.9500117376867552,0.8790991902351379,0.0,-0.6011905670166016,1.0,2.0
cm_B_ds_050_ms_003,B,50,3,6,1,9,9.179967311177677,0.17996731117767695,0.8761591911315918,0.0,-0.6011905670166016,1.0,2.0
cm_B_ds_050_ms_003,B,50,3,6,1,10,10.37758907270172,0.3775890727017206,0.7275619506835938,0.0,-0.6011905670166016,1.0,2.0
cm_B_ds_050_ms_003,B,50,3,6,1,11,10.930165340498055,0.9301653404980552,0.612522304058075,0.0,-0.6011905670166016,1.0,2.0
cm_B_ds_050_ms_003,B,50,3,6,1,12,12.189128879176002,0.18912887917600152,0.9142457842826843,0.0,-0.6011905670166016,1.0,2.0
cm_B_ds_050_ms_003,B,50,3,6,1,13,13.092961437200563,0.09296143720056271,0.9221409559249878,0.0,-0.6011905670166016,1.0,2.0
cm_B_ds_050_ms_003,B,50,3,6,1,14,14.062962439392503,0.06296243939250346,0.9383151531219482,0.0,-0.6011905670166016,1.0,2.0
cm_B_ds_050_ms_003,B,50,3,6,1,15,14.629159015085733,0.6291590150857331,0.862127423286438,0.0,-0.6011905670166016,1.0,2.0
cm_B_ds_050_ms_003,B,50,3,7,0,0,0.17037734232592788,0.17037734232592788,0.9078582525253296,0.0,-0.6647217273712158,1.0,2.0
cm_B_ds_050_ms_003,B,50,3,7,0,1,1.025231201967507,0.025231201967506944,0.9484829902648926,0.0,-0.6647217273712158,1.0,2.0
cm_B_ds_050_ms_003,B,50,3,7,0,2,1.694784704584065,0.6947847045840649,0.9707725048065186,0.0,-0.6647217273712158,1.0,2.0
cm_B_ds_050_ms_003,B,50,3,7,0,3,2.6655305009595,0.6655305009595001,0.9508535861968994,0.0,-0.6647217273712158,1.0,2.0
cm_B_ds_050_ms_003,B,50,3,7,0,4,3.7888628751750018,0.7888628751750018,0.8887498378753662,0.0,-0.6647217273712158,1.0,2.0
cm_B_ds_050_ms_003,B,50,3,7,0,5,5.203323107625385,0.2033231076253852,0.6308974623680115,0.0,-0.6647217273712158,1.0,2.0
cm_B_ds_050_ms_003,B,50,3,7,0,6,5.658840262368097,0.6588402623680967,0.71003258228302,0.0,-0.6647217273712158,1.0,2.0
cm_B_ds_050_ms_003,B,50,3,7,0,7,6.906966567562956,0.9069665675629563,0.8709089756011963,0.0,-0.6647217273712158,1.0,2.0
cm_B_ds_050_ms_003,B,50,3,7,0,8,7.915982217421936,0.9159822174219361,0.8940434455871582,0.0,-0.6647217273712158,1.0,2.0
cm_B_ds_050_ms_003,B,50,3,7,0,9,9.15309765054681,0.15309765054681002,0.8860159516334534,0.0,-0.6647217273712158,1.0,2.0
cm_B_ds_050_ms_003,B,50,3,7,0,10,10.37865154657261,0.3786515465726108,0.7778136730194092,0.0,-0.6647217273712158,1.0,2.0
cm_B_ds_050_ms_003,B,50,3,7,0,11,10.958626283423554,0.9586262834235537,0.6109840273857117,0.0,-0.6647217273712158,1.0,2.0
cm_B_ds_050_ms_003,B,50,3,7,0,12,12.129505274053312,0.12950527405331158,0.9192062020301819,0.0,-0.6647217273712158,1.0,2.0
cm_B_ds_050_ms_003,B,50,3,7,0,13,13.03377860695231,0.0337786069523105,0.9256561994552612,0.0,-0.6647217273712158,1.0,2.0
cm_B_ds_050_ms_003,B,50,3,7,0,14,13.976818272196525,0.9768182721965246,0.9237927198410034,0.0,-0.6647217273712158,1.0,2.0
cm_B_ds_050_ms_003,B,50,3,7,0,15,14.592261422497435,0.592261422497435,0.8488236665725708,0.0,-0.6647217273712158,1.0,2.0
cm_B_ds_050_ms_003,B,50,3,7,1,0,0.1783885281216789,0.1783885281216789,0.9063936471939087,0.0,-0.8315449357032776,1.0,2.0
cm_B_ds_050_ms_003,B,50,3,7,1,1,0.9136819184806927,0.9136819184806927,0.9483767151832581,0.0,-0.8315449357032776,1.0,2.0
cm_B_ds_050_ms_003,B,50,3,7,1,2,1.7436748950990533,0.7436748950990533,0.9679290056228638,0.0,-0.8315449357032776,1.0,2.0
cm_B_ds_050_ms_003,B,50,3,7,1,3,2.6502348235501922,0.6502348235501922,0.946711003780365,0.0,-0.8315449357032776,1.0,2.0
cm_B_ds_050_ms_003,B,50,3,7,1,4,3.77520674673046,0.77520674673046,0.8901607990264893,0.0,-0.8315449357032776,1.0,2.0
cm_B_ds_050_ms_003,B,50,3,7,1,5,5.21787899965659,0.2178789996565902,0.6168100237846375,0.0,-0.8315449357032776,1.0,2.0
cm_B_ds_050_ms_003,B,50,3,7,1,6,5.672820597125242,0.6728205971252423,0.6775881052017212,0.0,-0.8315449357032776,1.0,2.0
cm_B_ds_050_ms_003,B,50,3,7,1,7,6.890302120243978,0.8903021202439776,0.8662896752357483,0.0,-0.8315449357032776,1.0,2.0
cm_B_ds_050_ms_003,B,50,3,7,1,8,7.909278310860578,0.9092783108605778,0.903732180595398,0.0,-0.8315449357032776,1.0,2.0
cm_B_ds_050_ms_003,B,50,3,7,1,9,9.107551520649459,0.10755152064945861,0.8829969167709351,0.0,-0.8315449357032776,1.0,2.0
cm_B_ds_050_ms_003,B,50,3,7,1,10,10.366570915096618,0.3665709150966183,0.7753454446792603,0.0,-0.8315449357032776,1.0,2.0
cm_B_ds_050_ms_003,B,50,3,7,1,11,10.97647098743111,0.9764709874311102,0.6014024019241333,0.0,-0.8315449357032776,1.0,2.0
cm_B_ds_050_ms_003,B,50,3,7,1,12,12.129540487473031,0.12954048747303126,0.9129175543785095,0.0,-0.8315449357032776,1.0,2.0
cm_B_ds_050_ms_003,B,50,3,7,1,13,13.053727616352157,0.05372761635215717,0.9177681803703308,0.0,-0.8315449357032776,1.0,2.0
cm_B_ds_050_ms_003,B,50,3,7,1,14,14.04021092748521,0.04021092748521049,0.9226183295249939,0.0,-0.8315449357032776,1.0,2.0
cm_B_ds_050_ms_003,B,50,3,7,1,15,14.577182793321752,0.5771827933217519,0.8483518362045288,0.0,-0.8315449357032776,1.0,2.0
cm_B_ds_050_ms_003,B,50,3,8,0,0,0.16669497864414937,0.16669497864414937,0.8754792809486389,0.0,-1.1813266277313232,1.0,2.0
cm_B_ds_050_ms_003,B,50,3,8,0,1,1.2676633782967643,0.26766337829676434,0.8839623928070068,0.0,-1.1813266277313232,1.0,2.0
cm_B_ds_050_ms_003,B,50,3,8,0,2,1.8135594175208634,0.8135594175208634,0.9480980634689331,0.0,-1.1813266277313232,1.0,2.0
cm_B_ds_050_ms_003,B,50,3,8,0,3,2.7708289470999,0.7708289470999001,0.9192482233047485,0.0,-1.1813266277313232,1.0,2.0
cm_B_ds_050_ms_003,B,50,3,8,0,4,3.8903057554199205,0.8903057554199205,0.8554507493972778,0.0,-1.1813266277313232,1.0,2.0
cm_B_ds_050_ms_003,B,50,3,8,0,5,5.225911909248451,0.22591190924845073,0.5776656270027161,0.0,-1.1813266277313232,1.0,2.0
cm_B_ds_050_ms_003,B,50,3,8,0,6,5.648947719938214,0.6489477199382137,0.6988731026649475,0.0,-1.1813266277313232,1.0,2.0
cm_B_ds_050_ms_003,B,50,3,8,0,7,6.996582899369008,0.9965828993690078,0.8645412921905518,0.0,-1.1813266277313232,1.0,2.0
cm_B_ds_050_ms_003,B,50,3,8,0,8,8.04781822521756,0.04781822521755963,0.9117757081985474,0.0,-1.1813266277313232,1.0,2.0
cm_B_ds_050_ms_003,B,50,3,8,0,9,9.172537279616554,0.17253727961655407,0.8601592779159546,0.0,-1.1813266277313232,1.0,2.0
cm_B_ds_050_ms_003,B,50,3,8,0,10,10.348201652560805,0.34820165256080493,0.6346561908721924,0.0,-1.1813266277313232,1.0,2.0
cm_B_ds_050_ms_003,B,50,3,8,0,11,10.748468951761339,0.748468951761339,0.5828420519828796,0.0,-1.1813266277313232,1.0,2.0
cm_B_ds_050_ms_003,B,50,3,8,0,12,12.253458939982776,0.25345893998277624,0.8987563848495483,0.0,-1.1813266277313232,1.0,2.0
cm_B_ds_050_ms_003,B,50,3,8,0,13,13.184868462672256,0.18486846267225587,0.900144100189209,0.0,-1.1813266277313232,1.0,2.0
cm_B_ds_050_ms_003,B,50,3,8,0,14,14.13186903050715,0.1318690305071506,0.9476406574249268,0.0,-1.1813266277313232,1.0,2.0
cm_B_ds_050_ms_003,B,50,3,8,0,15,14.705371783664551,0.7053717836645514,0.902572751045227,0.0,-1.1813266277313232,1.0,2.0
cm_B_ds_050_ms_003,B,50,3,8,1,0,0.15764089885312815,0.15764089885312815,0.8970978856086731,0.0,-1.1125757694244385,1.0,2.0
cm_B_ds_050_ms_003,B,50,3,8,1,1,1.1892440791610785,0.18924407916107855,0.9122836589813232,0.0,-1.1125757694244385,1.0,2.0
cm_B_ds_050_ms_003,B,50,3,8,1,2,1.7564534201262392,0.7564534201262392,0.9598077535629272,0.0,-1.1125757694244385,1.0,2.0
cm_B_ds_050_ms_003,B,50,3,8,1,3,2.7194823169954123,0.7194823169954123,0.9229962229728699,0.0,-1.1125757694244385,1.0,2.0
cm_B_ds_050_ms_003,B,50,3,8,1,4,3.8715500559590654,0.8715500559590654,0.8614801168441772,0.0,-1.1125757694244385,1.0,2.0
cm_B_ds_050_ms_003,B,50,3,8,1,5,5.217166231471204,0.21716623147120373,0.586376428604126,0.0,-1.1125757694244385,1.0,2.0
cm_B_ds_050_ms_003,B,50,3,8,1,6,5.638031559824717,0.638031559824717,0.7191869020462036,0.0,-1.1125757694244385,1.0,2.0
cm_B_ds_050_ms_003,B,50,3,8,1,7,7.001824841884019,0.0018248418840194347,0.8540394306182861,0.0,-1.1125757694244385,1.0,2.0
cm_B_ds_050_ms_003,B,50,3,8,1,8,8.025116497800216,0.025116497800215853,0.8956195712089539,0.0,-1.1125757694244385,1.0,2.0
cm_B_ds_050_ms_003,B,50,3,8,1,9,9.14746289626353,0.14746289626353004,0.8547965288162231,0.0,-1.1125757694244385,1.0,2.0
cm_B_ds_050_ms_003,B,50,3,8,1,10,10.361664107196882,0.3616641071968818,0.6686267256736755,0.0,-1.1125757694244385,1.0,2.0
cm_B_ds_050_ms_003,B,50,3,8,1,11,10.83064371657567,0.8306437165756702,0.605625569820404,0.0,-1.1125757694244385,1.0,2.0
cm_B_ds_050_ms_003,B,50,3,8,1,12,12.257226775892917,0.2572267758929172,0.8949583768844604,0.0,-1.1125757694244385,1.0,2.0
cm_B_ds_050_ms_003,B,50,3,8,1,13,13.222993667927376,0.2229936679273763,0.8980919122695923,0.0,-1.1125757694244385,1.0,2.0
cm_B_ds_050_ms_003,B,50,3,8,1,14,14.19294609988522,0.19294609988521927,0.9569488763809204,0.0,-1.1125757694244385,1.0,2.0
cm_B_ds_050_ms_003,B,50,3,8,1,15,14.764795036571588,0.7647950365715879,0.9134738445281982,0.0,-1.1125757694244385,1.0,2.0
cm_B_ds_050_ms_003,B,50,3,9,0,0,0.1394165217050832,0.1394165217050832,0.8928974866867065,0.0,-1.5665780305862427,1.0,299.0
cm_B_ds_050_ms_003,B,50,3,9,0,1,1.0670381827492288,0.06703818274922879,0.933230996131897,0.0,-1.5665780305862427,1.0,299.0
cm_B_ds_050_ms_003,B,50,3,9,0,2,1.6846218384450307,0.6846218384450307,0.9630109071731567,0.0,-1.5665780305862427,1.0,299.0
cm_B_ds_050_ms_003,B,50,3,9,0,3,2.6791823795085588,0.6791823795085588,0.9025775790214539,0.0,-1.5665780305862427,1.0,299.0
cm_B_ds_050_ms_003,B,50,3,9,0,4,3.833369298498694,0.833369298498694,0.8416591882705688,0.0,-1.5665780305862427,1.0,299.0
cm_B_ds_050_ms_003,B,50,3,9,0,5,5.1861942074428455,0.18619420744284554,0.5769329071044922,0.0,-1.5665780305862427,1.0,299.0
cm_B_ds_050_ms_003,B,50,3,9,0,6,5.63399294485948,0.6339929448594797,0.7041829824447632,0.0,-1.5665780305862427,1.0,299.0
cm_B_ds_050_ms_003,B,50,3,9,0,7,7.024666208724395,0.024666208724394956,0.8224443197250366,0.0,-1.5665780305862427,1.0,299.0
cm_B_ds_050_ms_003,B,50,3,9,0,8,8.011488904368207,0.011488904368206931,0.8609551191329956,0.0,-1.5665780305862427,1.0,299.0
cm_B_ds_050_ms_003,B,50,3,9,0,9,9.162647772826302,0.16264777282630227,0.817428708076477,0.0,-1.5665780305862427,1.0,299.0
cm_B_ds_050_ms_003,B,50,3,9,0,10,10.359860937255998,0.35986093725599844,0.6646072864532471,0.0,-1.5665780305862427,1.0,299.0
cm_B_ds_050_ms_003,B,50,3,9,0,11,10.906300355974068,0.9063003559740679,0.5829774141311646,0.0,-1.5665780305862427,1.0,299.0
cm_B_ds_050_ms_003,B,50,3,9,0,12,12.2432725476366,0.24327254763660022,0.880692720413208,0.0,-1.5665780305862427,1.0,299.0
cm_B_ds_050_ms_003,B,50,3,9,0,13,13.261302225816218,0.26130222581621787,0.8737167716026306,0.0,-1.5665780305862427,1.0,299.0
cm_B_ds_050_ms_003,B,50,3,9,0,14,14.267196631006485,0.2671966310064846,0.9602013826370239,0.0,-1.5665780305862427,1.0,299.0
cm_B_ds_050_ms_003,B,50,3,9,0,15,14.846038467147093,0.8460384671470926,0.9195548295974731,0.0,-1.5665780305862427,1.0,299.0
cm_B_ds_050_ms_003,B,50,3,9,1,0,0.15318162961238224,0.15318162961238224,0.8878679275512695,0.0,-2.058347225189209,1.0,2.0
cm_B_ds_050_ms_003,B,50,3,9,1,1,1.0097284939353568,0.009728493935356797,0.9427340030670166,0.0,-2.058347225189209,1.0,2.0
cm_B_ds_050_ms_003,B,50,3,9,1,2,1.6616376447600116,0.6616376447600116,0.9639346599578857,0.0,-2.058347225189209,1.0,2.0
cm_B_ds_050_ms_003,B,50,3,9,1,3,2.6447548868881,0.6447548868881001,0.8878021836280823,0.0,-2.058347225189209,1.0,2.0
cm_B_ds_050_ms_003,B,50,3,9,1,4,3.8017907536720386,0.8017907536720386,0.8093629479408264,0.0,-2.058347225189209,1.0,2.0
cm_B_ds_050_ms_003,B,50,3,9,1,5,5.188197122471457,0.1881971224714567,0.5719686150550842,0.0,-2.058347225189209,1.0,2.0
cm_B_ds_050_ms_003,B,50,3,9,1,6,5.641260266136373,0.6412602661363733,0.6907312273979187,0.0,-2.058347225189209,1.0,2.0
cm_B_ds_050_ms_003,B,50,3,9,1,7,7.040665850964159,0.04066585096415931,0.8052942752838135,0.0,-2.058347225189209,1.0,2.0
cm_B_ds_050_ms_003,B,50,3,9,1,8,8.020017230347866,0.02001723034786629,0.8477296829223633,0.0,-2.058347225189209,1.0,2.0
cm_B_ds_050_ms_003,B,50,3,9,1,9,9.13977362107791,0.1397736210779108,0.806066632270813,0.0,-2.058347225189209,1.0,2.0
cm_B_ds_050_ms_003,B,50,3,9,1,10,10.35175699369677,0.35175699369676927,0.6680489182472229,0.0,-2.058347225189209,1.0,2.0
cm_B_ds_050_ms_003,B,50,3,9,1,11,10.939981384809235,0.9399813848092347,0.5751861929893494,0.0,-2.058347225189209,1.0,2.0
cm_B_ds_050_ms_003,B,50,3,9,1,12,12.258862378526164,0.2588623785261639,0.8513822555541992,0.0,-2.058347225189209,1.0,2.0
cm_B_ds_050_ms_003,B,50,3,9,1,13,13.29141212818934,0.29141212818933937,0.8460476398468018,0.0,-2.058347225189209,1.0,2.0
cm_B_ds_050_ms_003,B,50,3,9,1,14,14.300211033378657,0.3002110333786572,0.9627270698547363,0.0,-2.058347225189209,1.0,2.0
cm_B_ds_050_ms_003,B,50,3,9,1,15,14.85881122445898,0.8588112244589805,0.9206627607345581,0.0,-2.058347225189209,1.0,2.0
cm_B_ds_050_ms_003,B,50,3,10,0,0,0.15836806735401449,0.15836806735401449,0.905332088470459,0.0,-0.49288657307624817,1.0,2.0
cm_B_ds_050_ms_003,B,50,3,10,0,1,1.0149816683170043,0.014981668317004315,0.9349391460418701,0.0,-0.49288657307624817,1.0,2.0
cm_B_ds_050_ms_003,B,50,3,10,0,2,1.7632550742837194,0.7632550742837194,0.9623422622680664,0.0,-0.49288657307624817,1.0,2.0
cm_B_ds_050_ms_003,B,50,3,10,0,3,2.690384800439269,0.690384800439269,0.918336808681488,0.0,-0.49288657307624817,1.0,2.0
cm_B_ds_050_ms_003,B,50,3,10,0,4,3.826907635979899,0.8269076359798988,0.8562931418418884,0.0,-0.49288657307624817,1.0,2.0
cm_B_ds_050_ms_003,B,50,3,10,0,5,5.235123254145112,0.23512325414511182,0.5952965021133423,0.0,-0.49288657307624817,1.0,2.0
cm_B_ds_050_ms_003,B,50,3,10,0,6,5.676395366354845,0.6763953663548454,0.6858084797859192,0.0,-0.49288657307624817,1.0,2.0
cm_B_ds_050_ms_003,B,50,3,10,0,7,7.000766617908613,0.0007666179086127656,0.8604558706283569,0.0,-0.49288657307624817,1.0,2.0
cm_B_ds_050_ms_003,B,50,3,10,0,8,8.024358802148289,0.02435880214828856,0.9095289707183838,0.0,-0.49288657307624817,1.0,2.0
cm_B_ds_050_ms_003,B,50,3,10,0,9,9.125904390731264,0.12590439073126447,0.8677053451538086,0.0,-0.49288657307624817,1.0,2.0
cm_B_ds_050_ms_003,B,50,3,10,0,10,10.35019424641467,0.3501942464146701,0.708736777305603,0.0,-0.49288657307624817,1.0,2.0
cm_B_ds_050_ms_003,B,50,3,10,0,11,10.879024526760556,0.8790245267605563,0.605247974395752,0.0,-0.49288657307624817,1.0,2.0
cm_B_ds_050_ms_003,B,50,3,10,0,12,12.21668155872387,0.21668155872387018,0.8932400941848755,0.0,-0.49288657307624817,1.0,2.0
cm_B_ds_050_ms_003,B,50,3,10,0,13,13.180294360876088,0.18029436087608808,0.8895541429519653,0.0,-0.49288657307624817,1.0,2.0
cm_B_ds_050_ms_003,B,50,3,10,0,14,14.175045540108451,0.1750455401084512,0.9519039392471313,0.0,-0.49288657307624817,1.0,2.0
cm_B_ds_050_ms_003,B,50,3,10,0,15,14.711178355150953,0.7111783551509525,0.898435115814209,0.0,-0.49288657307624817,1.0,2.0
cm_B_ds_050_ms_003,B,50,3,10,1,0,0.1670007055004982,0.1670007055004982,0.8938838839530945,0.0,-0.9501116275787354,1.0,2.0
cm_B_ds_050_ms_003,B,50,3,10,1,1,1.092459236148127,0.0924592361481269,0.9343043565750122,0.0,-0.9501116275787354,1.0,2.0
cm_B_ds_050_ms_003,B,50,3,10,1,2,1.7184497922383437,0.7184497922383437,0.9650176763534546,0.0,-0.9501116275787354,1.0,2.0
cm_B_ds_050_ms_003,B,50,3,10,1,3,2.6906634721574054,0.6906634721574054,0.9205083847045898,0.0,-0.9501116275787354,1.0,2.0
cm_B_ds_050_ms_003,B,50,3,10,1,4,3.8388398246779296,0.8388398246779296,0.8670817613601685,0.0,-0.9501116275787354,1.0,2.0
cm_B_ds_050_ms_003,B,50,3,10,1,5,5.223490075950746,0.2234900759507461,0.5848584771156311,0.0,-0.9501116275787354,1.0,2.0
cm_B_ds_050_ms_003,B,50,3,10,1,6,5.652164283691345,0.652164283691345,0.6858301758766174,0.0,-0.9501116275787354,1.0,2.0
cm_B_ds_050_ms_003,B,50,3,10,1,7,7.002248617176524,0.002248617176523915,0.8468769788742065,0.0,-0.9501116275787354,1.0,2.0
cm_B_ds_050_ms_003,B,50,3,10,1,8,8.009450168791949,0.009450168791948599,0.8976842761039734,0.0,-0.9501116275787354,1.0,2.0
cm_B_ds_050_ms_003,B,50,3,10,1,9,9.160142763002705,0.16014276300270502,0.8540542125701904,0.0,-0.9501116275787354,1.0,2.0
cm_B_ds_050_ms_003,B,50,3,10,1,10,10.368561080438779,0.3685610804387789,0.699417233467102,0.0,-0.9501116275787354,1.0,2.0
cm_B_ds_050_ms_003,B,50,3,10,1,11,10.903280501669032,0.9032805016690322,0.5967452526092529,0.0,-0.9501116275787354,1.0,2.0
cm_B_ds_050_ms_003,B,50,3,10,1,12,12.231234415115443,0.23123441511544307,0.9009955525398254,0.0,-0.9501116275787354,1.0,2.0
cm_B_ds_050_ms_003,B,50,3,10,1,13,13.180217862757384,0.1802178627573845,0.89218670129776,0.0,-0.9501116275787354,1.0,2.0
cm_B_ds_050_ms_003,B,50,3,10,1,14,14.173509506455105,0.17350950645510466,0.9527342319488525,0.0,-0.9501116275787354,1.0,2.0
cm_B_ds_050_ms_003,B,50,3,10,1,15,14.699038225138189,0.6990382251381888,0.8908554911613464,0.0,-0.9501116275787354,1.0,2.0
cm_B_ds_050_ms_003,B,50,3,11,0,0,0.1911017679240483,0.1911017679240483,0.9005559086799622,0.0,-1.3253904581069946,1.0,299.0
cm_B_ds_050_ms_003,B,50,3,11,0,1,1.405203960087182,0.40520396008718196,0.85660719871521,0.0,-1.3253904581069946,1.0,299.0
cm_B_ds_050_ms_003,B,50,3,11,0,2,1.897541146825617,0.8975411468256169,0.9416587352752686,0.0,-1.3253904581069946,1.0,299.0
cm_B_ds_050_ms_003,B,50,3,11,0,3,2.8441326622202188,0.8441326622202188,0.9267683029174805,0.0,-1.3253904581069946,1.0,299.0
cm_B_ds_050_ms_003,B,50,3,11,0,4,3.958419437462919,0.9584194374629189,0.8893803954124451,0.0,-1.3253904581069946,1.0,299.0
cm_B_ds_050_ms_003,B,50,3,11,0,5,5.170745230232166,0.17074523023216592,0.5871714949607849,0.0,-1.3253904581069946,1.0,299.0
cm_B_ds_050_ms_003,B,50,3,11,0,6,5.631175871281803,0.631175871281803,0.7616592645645142,0.0,-1.3253904581069946,1.0,299.0
cm_B_ds_050_ms_003,B,50,3,11,0,7,7.022688185940759,0.022688185940759276,0.8873808979988098,0.0,-1.3253904581069946,1.0,299.0
cm_B_ds_050_ms_003,B,50,3,11,0,8,8.046090339139528,0.046090339139528425,0.9107248783111572,0.0,-1.3253904581069946,1.0,299.0
cm_B_ds_050_ms_003,B,50,3,11,0,9,9.201156682930797,0.20115668293079736,0.8786581158638,0.0,-1.3253904581069946,1.0,299.0
cm_B_ds_050_ms_003,B,50,3,11,0,10,10.336974642949082,0.3369746429490821,0.6153956651687622,0.0,-1.3253904581069946,1.0,299.0
cm_B_ds_050_ms_003,B,50,3,11,0,11,10.735951188178465,0.7359511881784648,0.6124717593193054,0.0,-1.3253904581069946,1.0,299.0
cm_B_ds_050_ms_003,B,50,3,11,0,12,12.280347421579355,0.2803474215793553,0.9043108224868774,0.0,-1.3253904581069946,1.0,299.0
cm_B_ds_050_ms_003,B,50,3,11,0,13,13.200963423996436,0.20096342399643596,0.917716920375824,0.0,-1.3253904581069946,1.0,299.0
cm_B_ds_050_ms_003,B,50,3,11,0,14,14.150341504790422,0.15034150479042196,0.9535495042800903,0.0,-1.3253904581069946,1.0,299.0
cm_B_ds_050_ms_003,B,50,3,11,0,15,14.884038604049413,0.8840386040494135,0.9298763275146484,0.0,-1.3253904581069946,1.0,299.0
cm_B_ds_050_ms_003,B,50,3,11,1,0,0.2180784727974076,0.2180784727974076,0.9115743637084961,0.0,-1.1004914045333862,1.0,299.0
cm_B_ds_050_ms_003,B,50,3,11,1,1,1.4154616899646888,0.4154616899646888,0.8650387525558472,0.0,-1.1004914045333862,1.0,299.0
cm_B_ds_050_ms_003,B,50,3,11,1,2,1.859216348264749,0.859216348264749,0.9483318328857422,0.0,-1.1004914045333862,1.0,299.0
cm_B_ds_050_ms_003,B,50,3,11,1,3,2.815585507129197,0.8155855071291969,0.9269261360168457,0.0,-1.1004914045333862,1.0,299.0
cm_B_ds_050_ms_003,B,50,3,11,1,4,3.937033963389627,0.9370339633896272,0.8853381872177124,0.0,-1.1004914045333862,1.0,299.0
cm_B_ds_050_ms_003,B,50,3,11,1,5,5.141468307373823,0.141468307373823,0.5885460376739502,0.0,-1.1004914045333862,1.0,299.0
cm_B_ds_050_ms_003,B,50,3,11,1,6,5.633600133091213,0.6336001330912131,0.7819133996963501,0.0,-1.1004914045333862,1.0,299.0
cm_B_ds_050_ms_003,B,50,3,11,1,7,7.029811010771212,0.029811010771211954,0.8831559419631958,0.0,-1.1004914045333862,1.0,299.0
cm_B_ds_050_ms_003,B,50,3,11,1,8,8.019566134298682,0.019566134298681703,0.8942742347717285,0.0,-1.1004914045333862,1.0,299.0
cm_B_ds_050_ms_003,B,50,3,11,1,9,9.197836300302281,0.1978363003022814,0.869369387626648,0.0,-1.1004914045333862,1.0,299.0
cm_B_ds_050_ms_003,B,50,3,11,1,10,10.336442798885711,0.33644279888571127,0.616838812828064,0.0,-1.1004914045333862,1.0,299.0
cm_B_ds_050_ms_003,B,50,3,11,1,11,10.770818544981474,0.7708185449814735,0.6144348382949829,0.0,-1.1004914045333862,1.0,299.0
cm_B_ds_050_ms_003,B,50,3,11,1,12,12.2859767117113,0.28597671171129946,0.8967881202697754,0.0,-1.1004914045333862,1.0,299.0
cm_B_ds_050_ms_003,B,50,3,11,1,13,13.233586835984122,0.23358683598412178,0.912796139717102,0.0,-1.1004914045333862,1.0,299.0
cm_B_ds_050_ms_003,B,50,3,11,1,14,14.197942762718037,0.19794276271803746,0.9548470973968506,0.0,-1.1004914045333862,1.0,299.0
cm_B_ds_050_ms_003,B,50,3,11,1,15,14.959746242193614,0.9597462421936136,0.9351682662963867,0.0,-1.1004914045333862,1.0,299.0
cm_B_ds_050_ms_003,B,50,3,12,0,0,0.17523081783189584,0.17523081783189584,0.9078590869903564,0.0,-0.49974632263183594,1.0,299.0
cm_B_ds_050_ms_003,B,50,3,12,0,1,1.4083831854728506,0.4083831854728506,0.8333883881568909,0.0,-0.49974632263183594,1.0,299.0
cm_B_ds_050_ms_003,B,50,3,12,0,2,1.8795671245697745,0.8795671245697745,0.9142313599586487,0.0,-0.49974632263183594,1.0,299.0
cm_B_ds_050_ms_003,B,50,3,12,0,3,2.868093876520513,0.8680938765205131,0.8930007219314575,0.0,-0.49974632263183594,1.0,299.0
cm_B_ds_050_ms_003,B,50,3,12,0,4,4.008646523671451,0.008646523671450801,0.8684662580490112,0.0,-0.49974632263183594,1.0,299.0
cm_B_ds_050_ms_003,B,50,3,12,0,5,5.14920129577013,0.14920129577012986,0.5674240589141846,0.0,-0.49974632263183594,1.0,299.0
cm_B_ds_050_ms_003,B,50,3,12,0,6,5.643101078008683,0.6431010780086828,0.7429977059364319,0.0,-0.49974632263183594,1.0,299.0
cm_B_ds_050_ms_003,B,50,3,12,0,7,7.100243921492384,0.10024392149238359,0.8661824464797974,0.0,-0.49974632263183594,1.0,299.0
cm_B_ds_050_ms_003,B,50,3,12,0,8,8.08924074224,0.08924074223999945,0.8877820372581482,0.0,-0.49974632263183594,1.0,299.0
cm_B_ds_050_ms_003,B,50,3,12,0,9,9.195348290060618,0.19534829006061827,0.8369197249412537,0.0,-0.49974632263183594,1.0,299.0
cm_B_ds_050_ms_003,B,50,3,12,0,10,10.316624929117928,0.3166249291179284,0.5620236396789551,0.0,-0.49974632263183594,1.0,299.0
cm_B_ds_050_ms_003,B,50,3,12,0,11,10.747141770114615,0.7471417701146148,0.5922984480857849,0.0,-0.49974632263183594,1.0,299.0
cm_B_ds_050_ms_003,B,50,3,12,0,12,12.35865721001535,0.35865721001535,0.8623051643371582,0.0,-0.49974632263183594,1.0,299.0
cm_B_ds_050_ms_003,B,50,3,12,0,13,13.358283626495284,0.3582836264952842,0.891625702381134,0.0,-0.49974632263183594,1.0,299.0
cm_B_ds_050_ms_003,B,50,3,12,0,14,14.276178481547031,0.2761784815470314,0.9577851891517639,0.0,-0.49974632263183594,1.0,299.0
cm_B_ds_050_ms_003,B,50,3,12,0,15,15.131466304846628,0.13146630484662758,0.954820454120636,0.0,-0.49974632263183594,1.0,299.0
cm_B_ds_050_ms_003,B,50,3,12,1,0,0.19853732055474882,0.19853732055474882,0.9055536985397339,0.0,-0.47989651560783386,1.0,299.0
cm_B_ds_050_ms_003,B,50,3,12,1,1,1.4189657287908868,0.4189657287908868,0.8433232307434082,0.0,-0.47989651560783386,1.0,299.0
cm_B_ds_050_ms_003,B,50,3,12,1,2,1.8470599775799603,0.8470599775799603,0.9289155006408691,0.0,-0.47989651560783386,1.0,299.0
cm_B_ds_050_ms_003,B,50,3,12,1,3,2.861885386346953,0.8618853863469531,0.9094538688659668,0.0,-0.47989651560783386,1.0,299.0
cm_B_ds_050_ms_003,B,50,3,12,1,4,3.9843082829289718,0.9843082829289718,0.88260817527771,0.0,-0.47989651560783386,1.0,299.0
cm_B_ds_050_ms_003,B,50,3,12,1,5,5.128045923180878,0.1280459231808777,0.5716797113418579,0.0,-0.47989651560783386,1.0,299.0
cm_B_ds_050_ms_003,B,50,3,12,1,6,5.633801699562719,0.6338016995627189,0.7585084438323975,0.0,-0.47989651560783386,1.0,299.0
cm_B_ds_050_ms_003,B,50,3,12,1,7,7.07006844930323,0.0700684493032302,0.8713089227676392,0.0,-0.47989651560783386,1.0,299.0
cm_B_ds_050_ms_003,B,50,3,12,1,8,8.058486677137155,0.058486677137155496,0.8851070404052734,0.0,-0.47989651560783386,1.0,299.0
cm_B_ds_050_ms_003,B,50,3,12,1,9,9.2227091171838,0.2227091171838005,0.8432148694992065,0.0,-0.47989651560783386,1.0,299.0
cm_B_ds_050_ms_003,B,50,3,12,1,10,10.332066620793492,0.33206662079349236,0.5733910202980042,0.0,-0.47989651560783386,1.0,299.0
cm_B_ds_050_ms_003,B,50,3,12,1,11,10.75384446242012,0.7538444624201208,0.5933570861816406,0.0,-0.47989651560783386,1.0,299.0
cm_B_ds_050_ms_003,B,50,3,12,1,12,12.3365735388269,0.3365735388269009,0.8831957578659058,0.0,-0.47989651560783386,1.0,299.0
cm_B_ds_050_ms_003,B,50,3,12,1,13,13.30879662922882,0.30879662922881934,0.9052063226699829,0.0,-0.47989651560783386,1.0,299.0
cm_B_ds_050_ms_003,B,50,3,12,1,14,14.23676252232076,0.23676252232075967,0.9550685286521912,0.0,-0.47989651560783386,1.0,299.0
cm_B_ds_050_ms_003,B,50,3,12,1,15,15.099643087465704,0.09964308746570438,0.9490088820457458,0.0,-0.47989651560783386,1.0,299.0
cm_B_ds_050_ms_003,B,50,3,13,0,0,0.17348321906900963,0.17348321906900963,0.898396372795105,0.0,-0.31641626358032227,1.0,2.0
cm_B_ds_050_ms_003,B,50,3,13,0,1,0.9588793292754181,0.9588793292754181,0.9438238143920898,0.0,-0.31641626358032227,1.0,2.0
cm_B_ds_050_ms_003,B,50,3,13,0,2,1.696033414946325,0.696033414946325,0.9638696908950806,0.0,-0.31641626358032227,1.0,2.0
cm_B_ds_050_ms_003,B,50,3,13,0,3,2.656259353962106,0.6562593539621062,0.9099677801132202,0.0,-0.31641626358032227,1.0,2.0
cm_B_ds_050_ms_003,B,50,3,13,0,4,3.8061769493750393,0.8061769493750393,0.8530511856079102,0.0,-0.31641626358032227,1.0,2.0
cm_B_ds_050_ms_003,B,50,3,13,0,5,5.212167747254607,0.21216774725460663,0.5827962756156921,0.0,-0.31641626358032227,1.0,2.0
cm_B_ds_050_ms_003,B,50,3,13,0,6,5.6572174094213015,0.6572174094213015,0.6792019605636597,0.0,-0.31641626358032227,1.0,2.0
cm_B_ds_050_ms_003,B,50,3,13,0,7,7.00094875628648,0.0009487562864798349,0.8428840041160583,0.0,-0.31641626358032227,1.0,2.0
cm_B_ds_050_ms_003,B,50,3,13,0,8,8.014751002715805,0.014751002715804873,0.893734335899353,0.0,-0.31641626358032227,1.0,2.0
cm_B_ds_050_ms_003,B,50,3,13,0,9,9.138150768131117,0.13815076813111737,0.8373502492904663,0.0,-0.31641626358032227,1.0,2.0
cm_B_ds_050_ms_003,B,50,3,13,0,10,10.35891381769109,0.3589138176910893,0.6994722485542297,0.0,-0.31641626358032227,1.0,2.0
cm_B_ds_050_ms_003,B,50,3,13,0,11,10.917318513579168,0.9173185135791684,0.5923473238945007,0.0,-0.31641626358032227,1.0,2.0
cm_B_ds_050_ms_003,B,50,3,13,0,12,12.225149779038833,0.2251497790388335,0.8863306641578674,0.0,-0.31641626358032227,1.0,2.0
cm_B_ds_050_ms_003,B,50,3,13,0,13,13.213788394309978,0.21378839430997765,0.8716199398040771,0.0,-0.31641626358032227,1.0,2.0
cm_B_ds_050_ms_003,B,50,3,13,0,14,14.214423857403297,0.21442385740329684,0.9546957015991211,0.0,-0.31641626358032227,1.0,2.0
cm_B_ds_050_ms_003,B,50,3,13,0,15,14.799180333801175,0.7991803338011749,0.9106429815292358,0.0,-0.31641626358032227,1.0,2.0
cm_B_ds_050_ms_003,B,50,3,13,1,0,0.1756870365229573,0.1756870365229573,0.8865661025047302,0.0,-0.2529887557029724,1.0,2.0
cm_B_ds_050_ms_003,B,50,3,13,1,1,1.022767325060911,0.02276732506091106,0.9370142221450806,0.0,-0.2529887557029724,1.0,2.0
cm_B_ds_050_ms_003,B,50,3,13,1,2,1.6885523846394008,0.6885523846394008,0.9630252122879028,0.0,-0.2529887557029724,1.0,2.0
cm_B_ds_050_ms_003,B,50,3,13,1,3,2.6723054414882266,0.6723054414882266,0.9070291519165039,0.0,-0.2529887557029724,1.0,2.0
cm_B_ds_050_ms_003,B,50,3,13,1,4,3.827562423448331,0.827562423448331,0.8622260093688965,0.0,-0.2529887557029724,1.0,2.0
cm_B_ds_050_ms_003,B,50,3,13,1,5,5.204120873720442,0.2041208737204423,0.5752202272415161,0.0,-0.2529887557029724,1.0,2.0
cm_B_ds_050_ms_003,B,50,3,13,1,6,5.647754106435258,0.6477541064352579,0.6767687201499939,0.0,-0.2529887557029724,1.0,2.0
cm_B_ds_050_ms_003,B,50,3,13,1,7,7.006041345331641,0.006041345331641246,0.8350958824157715,0.0,-0.2529887557029724,1.0,2.0
cm_B_ds_050_ms_003,B,50,3,13,1,8,8.012885905726446,0.012885905726445657,0.8933346271514893,0.0,-0.2529887557029724,1.0,2.0
cm_B_ds_050_ms_003,B,50,3,13,1,9,9.157937067246735,0.15793706724673484,0.8277353644371033,0.0,-0.2529887557029724,1.0,2.0
cm_B_ds_050_ms_003,B,50,3,13,1,10,10.36658184339929,0.36658184339929,0.6811345219612122,0.0,-0.2529887557029724,1.0,2.0
cm_B_ds_050_ms_003,B,50,3,13,1,11,10.910489538665008,0.9104895386650078,0.5869433283805847,0.0,-0.2529887557029724,1.0,2.0
cm_B_ds_050_ms_003,B,50,3,13,1,12,12.23718791155999,0.23718791155999064,0.894438624382019,0.0,-0.2529887557029724,1.0,2.0
cm_B_ds_050_ms_003,B,50,3,13,1,13,13.208626592681227,0.2086265926812274,0.8731610774993896,0.0,-0.2529887557029724,1.0,2.0
cm_B_ds_050_ms_003,B,50,3,13,1,14,14.208720497664356,0.20872049766435552,0.9538521766662598,0.0,-0.2529887557029724,1.0,2.0
cm_B_ds_050_ms_003,B,50,3,13,1,15,14.782325248313361,0.7823252483133611,0.9056925773620605,0.0,-0.2529887557029724,1.0,2.0
cm_B_ds_050_ms_003,B,50,3,14,0,0,0.1173389028231494,0.1173389028231494,0.9067761898040771,0.0,-0.06968560814857483,1.0,299.0
cm_B_ds_050_ms_003,B,50,3,14,0,1,1.0524204395605399,0.05242043956053988,0.9268069267272949,0.0,-0.06968560814857483,1.0,299.0
cm_B_ds_050_ms_003,B,50,3,14,0,2,1.6983553757001661,0.6983553757001661,0.9622433185577393,0.0,-0.06968560814857483,1.0,299.0
cm_B_ds_050_ms_003,B,50,3,14,0,3,2.695742400824227,0.6957424008242268,0.9087508320808411,0.0,-0.06968560814857483,1.0,299.0
cm_B_ds_050_ms_003,B,50,3,14,0,4,3.85318747183044,0.8531874718304402,0.840744137763977,0.0,-0.06968560814857483,1.0,299.0
cm_B_ds_050_ms_003,B,50,3,14,0,5,5.185395227091935,0.18539522709193523,0.5877803564071655,0.0,-0.06968560814857483,1.0,299.0
cm_B_ds_050_ms_003,B,50,3,14,0,6,5.644763394270682,0.6447633942706821,0.7299669981002808,0.0,-0.06968560814857483,1.0,299.0
cm_B_ds_050_ms_003,B,50,3,14,0,7,7.017124465624849,0.017124465624848817,0.8318227529525757,0.0,-0.06968560814857483,1.0,299.0
cm_B_ds_050_ms_003,B,50,3,14,0,8,8.00606118070777,0.006061180707769509,0.8693429231643677,0.0,-0.06968560814857483,1.0,299.0
cm_B_ds_050_ms_003,B,50,3,14,0,9,9.115831531307293,0.11583153130729329,0.8339899778366089,0.0,-0.06968560814857483,1.0,299.0
cm_B_ds_050_ms_003,B,50,3,14,0,10,10.348270865144395,0.34827086514439465,0.6613786220550537,0.0,-0.06968560814857483,1.0,299.0
cm_B_ds_050_ms_003,B,50,3,14,0,11,10.868419216145288,0.8684192161452877,0.6026517152786255,0.0,-0.06968560814857483,1.0,299.0
cm_B_ds_050_ms_003,B,50,3,14,0,12,12.242019435596875,0.242019435596875,0.8840306997299194,0.0,-0.06968560814857483,1.0,299.0
cm_B_ds_050_ms_003,B,50,3,14,0,13,13.246046315286078,0.2460463152860779,0.8863139748573303,0.0,-0.06968560814857483,1.0,299.0
cm_B_ds_050_ms_003,B,50,3,14,0,14,14.261143565582037,0.2611435655820369,0.9599446058273315,0.0,-0.06968560814857483,1.0,299.0
cm_B_ds_050_ms_003,B,50,3,14,0,15,14.851065486376223,0.851065486376223,0.9292757511138916,0.0,-0.06968560814857483,1.0,299.0
cm_B_ds_050_ms_003,B,50,3,14,1,0,0.12551867096853975,0.12551867096853975,0.9121276140213013,0.0,-0.04142996668815613,1.0,299.0
cm_B_ds_050_ms_003,B,50,3,14,1,1,0.9929489958743587,0.9929489958743587,0.9412612318992615,0.0,-0.04142996668815613,1.0,299.0
cm_B_ds_050_ms_003,B,50,3,14,1,2,1.6578893887254902,0.6578893887254902,0.9647359848022461,0.0,-0.04142996668815613,1.0,299.0
cm_B_ds_050_ms_003,B,50,3,14,1,3,2.653502993177052,0.6535029931770522,0.8932304382324219,0.0,-0.04142996668815613,1.0,299.0
cm_B_ds_050_ms_003,B,50,3,14,1,4,3.8211305101979205,0.8211305101979205,0.8140639662742615,0.0,-0.04142996668815613,1.0,299.0
cm_B_ds_050_ms_003,B,50,3,14,1,5,5.1786403217847745,0.17864032178477451,0.5860533714294434,0.0,-0.04142996668815613,1.0,299.0
cm_B_ds_050_ms_003,B,50,3,14,1,6,5.658905225056203,0.6589052250562029,0.7208665013313293,0.0,-0.04142996668815613,1.0,299.0
cm_B_ds_050_ms_003,B,50,3,14,1,7,7.050414504075527,0.050414504075527056,0.8319487571716309,0.0,-0.04142996668815613,1.0,299.0
cm_B_ds_050_ms_003,B,50,3,14,1,8,8.01829966544458,0.01829966544458017,0.8655291795730591,0.0,-0.04142996668815613,1.0,299.0
cm_B_ds_050_ms_003,B,50,3,14,1,9,9.091485094337811,0.09148509433781093,0.8278168439865112,0.0,-0.04142996668815613,1.0,299.0
cm_B_ds_050_ms_003,B,50,3,14,1,10,10.342306440397175,0.3423064403971754,0.6635373830795288,0.0,-0.04142996668815613,1.0,299.0
cm_B_ds_050_ms_003,B,50,3,14,1,11,10.90600407754607,0.9060040775460703,0.6031543016433716,0.0,-0.04142996668815613,1.0,299.0
cm_B_ds_050_ms_003,B,50,3,14,1,12,12.254147423051114,0.2541474230511138,0.8608587384223938,0.0,-0.04142996668815613,1.0,299.0
cm_B_ds_050_ms_003,B,50,3,14,1,13,13.278058956579983,0.2780589565799829,0.8567236661911011,0.0,-0.04142996668815613,1.0,299.0
cm_B_ds_050_ms_003,B,50,3,14,1,14,14.29063905449382,0.29063905449381977,0.9641273021697998,0.0,-0.04142996668815613,1.0,299.0
cm_B_ds_050_ms_003,B,50,3,14,1,15,14.95537734963651,0.9553773496365103,0.9388371706008911,0.0,-0.04142996668815613,1.0,299.0
cm_B_ds_050_ms_003,B,50,3,15,0,0,0.09768569753260702,0.09768569753260702,0.9174469709396362,0.0,-0.7783576250076294,1.0,2.0
cm_B_ds_050_ms_003,B,50,3,15,0,1,0.8462742503249014,0.8462742503249014,0.953244149684906,0.0,-0.7783576250076294,1.0,2.0
cm_B_ds_050_ms_003,B,50,3,15,0,2,1.649741276609628,0.649741276609628,0.9650306701660156,0.0,-0.7783576250076294,1.0,2.0
cm_B_ds_050_ms_003,B,50,3,15,0,3,2.6426390460652116,0.6426390460652116,0.8855380415916443,0.0,-0.7783576250076294,1.0,2.0
cm_B_ds_050_ms_003,B,50,3,15,0,4,3.7998704080413943,0.7998704080413943,0.8024646043777466,0.0,-0.7783576250076294,1.0,2.0
cm_B_ds_050_ms_003,B,50,3,15,0,5,5.18772234843315,0.18772234843314983,0.5891355276107788,0.0,-0.7783576250076294,1.0,2.0
cm_B_ds_050_ms_003,B,50,3,15,0,6,5.667848826537399,0.6678488265373987,0.7042270302772522,0.0,-0.7783576250076294,1.0,2.0
cm_B_ds_050_ms_003,B,50,3,15,0,7,7.065682557164193,0.0656825571641928,0.8163808584213257,0.0,-0.7783576250076294,1.0,2.0
cm_B_ds_050_ms_003,B,50,3,15,0,8,8.012808193351889,0.012808193351888875,0.8394500613212585,0.0,-0.7783576250076294,1.0,2.0
cm_B_ds_050_ms_003,B,50,3,15,0,9,9.094112136874578,0.09411213687457831,0.816169023513794,0.0,-0.7783576250076294,1.0,2.0
cm_B_ds_050_ms_003,B,50,3,15,0,10,10.3350974034012,0.33509740340119976,0.6905190944671631,0.0,-0.7783576250076294,1.0,2.0
cm_B_ds_050_ms_003,B,50,3,15,0,11,10.988070773589534,0.9880707735895342,0.6006004810333252,0.0,-0.7783576250076294,1.0,2.0
cm_B_ds_050_ms_003,B,50,3,15,0,12,12.228869044714878,0.22886904471487846,0.8470635414123535,0.0,-0.7783576250076294,1.0,2.0
cm_B_ds_050_ms_003,B,50,3,15,0,13,13.29840502764358,0.29840502764358057,0.8476167917251587,0.0,-0.7783576250076294,1.0,2.0
cm_B_ds_050_ms_003,B,50,3,15,0,14,14.315575012679666,0.31557501267966614,0.9648195505142212,0.0,-0.7783576250076294,1.0,2.0
cm_B_ds_050_ms_003,B,50,3,15,0,15,14.976714253475704,0.9767142534757038,0.936216413974762,0.0,-0.7783576250076294,1.0,2.0
cm_B_ds_050_ms_003,B,50,3,15,1,0,0.12197829933050672,0.12197829933050672,0.9110592603683472,0.0,-0.6499308943748474,1.0,2.0
cm_B_ds_050_ms_003,B,50,3,15,1,1,0.8759702432343197,0.8759702432343197,0.9517696499824524,0.0,-0.6499308943748474,1.0,2.0
cm_B_ds_050_ms_003,B,50,3,15,1,2,1.6532595829420924,0.6532595829420924,0.9650484919548035,0.0,-0.6499308943748474,1.0,2.0
cm_B_ds_050_ms_003,B,50,3,15,1,3,2.642099916466725,0.6420999164667252,0.8909661173820496,0.0,-0.6499308943748474,1.0,2.0
cm_B_ds_050_ms_003,B,50,3,15,1,4,3.801869983866411,0.801869983866411,0.8165633678436279,0.0,-0.6499308943748474,1.0,2.0
cm_B_ds_050_ms_003,B,50,3,15,1,5,5.200808383754968,0.20080838375496768,0.5824493765830994,0.0,-0.6499308943748474,1.0,2.0
cm_B_ds_050_ms_003,B,50,3,15,1,6,5.660763643638372,0.6607636436383721,0.6925907135009766,0.0,-0.6499308943748474,1.0,2.0
cm_B_ds_050_ms_003,B,50,3,15,1,7,7.0436765983503005,0.043676598350300466,0.8162328600883484,0.0,-0.6499308943748474,1.0,2.0
cm_B_ds_050_ms_003,B,50,3,15,1,8,8.02042643457014,0.020426434570140373,0.8576319813728333,0.0,-0.6499308943748474,1.0,2.0
cm_B_ds_050_ms_003,B,50,3,15,1,9,9.12521226489537,0.12521226489537085,0.8161368370056152,0.0,-0.6499308943748474,1.0,2.0
cm_B_ds_050_ms_003,B,50,3,15,1,10,10.34780216238535,0.34780216238534933,0.6843145489692688,0.0,-0.6499308943748474,1.0,2.0
cm_B_ds_050_ms_003,B,50,3,15,1,11,10.953693976150914,0.9536939761509142,0.5913026332855225,0.0,-0.6499308943748474,1.0,2.0
cm_B_ds_050_ms_003,B,50,3,15,1,12,12.23941121402582,0.23941121402581977,0.8658137917518616,0.0,-0.6499308943748474,1.0,2.0
cm_B_ds_050_ms_003,B,50,3,15,1,13,13.280828674179414,0.28082867417941415,0.8582080602645874,0.0,-0.6499308943748474,1.0,2.0
cm_B_ds_050_ms_003,B,50,3,15,1,14,14.291027616366604,0.2910276163666037,0.9617564082145691,0.0,-0.6499308943748474,1.0,2.0
cm_B_ds_050_ms_003,B,50,3,15,1,15,14.91936252105294,0.9193625210529408,0.9306683540344238,0.0,-0.6499308943748474,1.0,2.0
cm_B_ds_400_ms_033,B,400,33,0,0,0,0.24006382720730313,0.24006382720730313,0.957402229309082,1.0,-2.8313040733337402,0.0,2.0
cm_B_ds_400_ms_033,B,400,33,0,0,1,0.7857361587633367,0.7857361587633367,0.96885085105896,1.0,-2.8313040733337402,0.0,2.0
cm_B_ds_400_ms_033,B,400,33,0,0,2,1.8662732997152063,0.8662732997152063,0.8109217882156372,1.0,-2.8313040733337402,0.0,2.0
cm_B_ds_400_ms_033,B,400,33,0,0,3,2.7236548036683823,0.7236548036683823,0.7555887699127197,1.0,-2.8313040733337402,0.0,2.0
cm_B_ds_400_ms_033,B,400,33,0,0,4,3.968997123757545,0.968997123757545,0.8405622839927673,1.0,-2.8313040733337402,0.0,2.0
cm_B_ds_400_ms_033,B,400,33,0,0,5,4.81456543608623,0.8145654360862302,0.6876164674758911,1.0,-2.8313040733337402,0.0,2.0
cm_B_ds_400_ms_033,B,400,33,0,0,6,6.038420891738422,0.038420891738422114,0.7727253437042236,1.0,-2.8313040733337402,0.0,2.0
cm_B_ds_400_ms_033,B,400,33,0,0,7,7.11470631582295,0.11470631582294999,0.7039809226989746,1.0,-2.8313040733337402,0.0,2.0
cm_B_ds_400_ms_033,B,400,33,0,0,8,8.006939087689089,0.0069390876890889075,0.6147189736366272,1.0,-2.8313040733337402,0.0,2.0
cm_B_ds_400_ms_033,B,400,33,0,0,9,9.020979935393418,0.02097993539341836,0.88360595703125,1.0,-2.8313040733337402,0.0,2.0
cm_B_ds_400_ms_033,B,400,33,0,0,10,9.91795134072373,0.9179513407237305,0.8517239689826965,1.0,-2.8313040733337402,0.0,2.0
cm_B_ds_400_ms_033,B,400,33,0,0,11,11.443122868340758,0.4431228683407582,0.8854929208755493,1.0,-2.8313040733337402,0.0,2.0
cm_B_ds_400_ms_033,B,400,33,0,0,12,12.19253729535382,0.19253729535381936,0.5772507190704346,1.0,-2.8313040733337402,0.0,2.0
cm_B_ds_400_ms_033,B,400,33,0,0,13,13.296210867318209,0.29621086731820867,0.8331149816513062,1.0,-2.8313040733337402,0.0,2.0
cm_B_ds_400_ms_033,B,400,33,0,0,14,14.400033792752449,0.4000337927524491,0.93100905418396,1.0,-2.8313040733337402,0.0,2.0
cm_B_ds_400_ms_033,B,400,33,0,0,15,15.3770616935625,0.3770616935624993,0.9642650485038757,1.0,-2.8313040733337402,0.0,2.0
cm_B_ds_400_ms_033,B,400,33,0,1,0,0.24238184162962392,0.24238184162962392,0.9565030932426453,1.0,-3.0765795707702637,0.0,2.0
cm_B_ds_400_ms_033,B,400,33,0,1,1,0.797002100453328,0.797002100453328,0.9692143201828003,1.0,-3.0765795707702637,0.0,2.0
cm_B_ds_400_ms_033,B,400,33,0,1,2,1.8353343641588271,0.8353343641588271,0.8068075180053711,1.0,-3.0765795707702637,0.0,2.0
cm_B_ds_400_ms_033,B,400,33,0,1,3,2.709400047088584,0.7094000470885842,0.743045449256897,1.0,-3.0765795707702637,0.0,2.0
cm_B_ds_400_ms_033,B,400,33,0,1,4,3.9469416840176663,0.9469416840176663,0.8081866502761841,1.0,-3.0765795707702637,0.0,2.0
cm_B_ds_400_ms_033,B,400,33,0,1,5,4.8344962316482905,0.8344962316482905,0.6739647388458252,1.0,-3.0765795707702637,0.0,2.0
cm_B_ds_400_ms_033,B,400,33,0,1,6,6.058378400929237,0.05837840092923674,0.7337290048599243,1.0,-3.0765795707702637,0.0,2.0
cm_B_ds_400_ms_033,B,400,33,0,1,7,7.1472271231911035,0.14722712319110354,0.6907044649124146,1.0,-3.0765795707702637,0.0,2.0
cm_B_ds_400_ms_033,B,400,33,0,1,8,8.004517254391383,0.004517254391382508,0.607542097568512,1.0,-3.0765795707702637,0.0,2.0
cm_B_ds_400_ms_033,B,400,33,0,1,9,9.042794041782624,0.04279404178262425,0.8831554055213928,1.0,-3.0765795707702637,0.0,2.0
cm_B_ds_400_ms_033,B,400,33,0,1,10,9.90159895715883,0.9015989571588303,0.8311409950256348,1.0,-3.0765795707702637,0.0,2.0
cm_B_ds_400_ms_033,B,400,33,0,1,11,11.447645971391122,0.44764597139112183,0.8659083843231201,1.0,-3.0765795707702637,0.0,2.0
cm_B_ds_400_ms_033,B,400,33,0,1,12,12.20473085262409,0.20473085262409008,0.5498718023300171,1.0,-3.0765795707702637,0.0,2.0
cm_B_ds_400_ms_033,B,400,33,0,1,13,13.302012581781199,0.3020125817811987,0.8182072639465332,1.0,-3.0765795707702637,0.0,2.0
cm_B_ds_400_ms_033,B,400,33,0,1,14,14.393410027077353,0.39341002707735306,0.9244006872177124,1.0,-3.0765795707702637,0.0,2.0
cm_B_ds_400_ms_033,B,400,33,0,1,15,15.379571560409506,0.3795715604095058,0.9636412858963013,1.0,-3.0765795707702637,0.0,2.0
cm_B_ds_400_ms_033,B,400,33,1,0,0,-0.10034601826883159,0.8996539817311684,0.9140794277191162,1.0,-4.5171027183532715,0.0,2.0
cm_B_ds_400_ms_033,B,400,33,1,0,1,1.1612870524143455,0.1612870524143455,0.8313342332839966,1.0,-4.5171027183532715,0.0,2.0
cm_B_ds_400_ms_033,B,400,33,1,0,2,2.335182482254553,0.3351824822545528,0.6976443529129028,1.0,-4.5171027183532715,0.0,2.0
cm_B_ds_400_ms_033,B,400,33,1,0,3,3.2656287964890787,0.26562879648907867,0.634576678276062,1.0,-4.5171027183532715,0.0,2.0
cm_B_ds_400_ms_033,B,400,33,1,0,4,3.9965938200800646,0.9965938200800646,0.537803590297699,1.0,-4.5171027183532715,0.0,2.0
cm_B_ds_400_ms_033,B,400,33,1,0,5,5.314440874938636,0.3144408749386356,0.668812096118927,1.0,-4.5171027183532715,0.0,2.0
cm_B_ds_400_ms_033,B,400,33,1,0,6,6.132179657385095,0.13217965738509463,0.646101176738739,1.0,-4.5171027183532715,0.0,2.0
cm_B_ds_400_ms_033,B,400,33,1,0,7,7.292291841371208,0.2922918413712079,0.768478512763977,1.0,-4.5171027183532715,0.0,2.0
cm_B_ds_400_ms_033,B,400,33,1,0,8,8.363738455883734,0.363738455883734,0.8477685451507568,1.0,-4.5171027183532715,0.0,2.0
cm_B_ds_400_ms_033,B,400,33,1,0,9,9.159086360411077,0.15908636041107727,0.6720466613769531,1.0,-4.5171027183532715,0.0,2.0
cm_B_ds_400_ms_033,B,400,33,1,0,10,9.548174005978133,0.548174005978133,0.7118363380432129,1.0,-4.5171027183532715,0.0,2.0
cm_B_ds_400_ms_033,B,400,33,1,0,11,10.778153864586104,0.7781538645861037,0.7362266182899475,1.0,-4.5171027183532715,0.0,2.0
cm_B_ds_400_ms_033,B,400,33,1,0,12,12.197491459231802,0.19749145923180222,0.5779188275337219,1.0,-4.5171027183532715,0.0,2.0
cm_B_ds_400_ms_033,B,400,33,1,0,13,13.221642201163604,0.2216422011636041,0.6360284090042114,1.0,-4.5171027183532715,0.0,2.0
cm_B_ds_400_ms_033,B,400,33,1,0,14,14.145361841539538,0.1453618415395379,0.8353049755096436,1.0,-4.5171027183532715,0.0,2.0
cm_B_ds_400_ms_033,B,400,33,1,0,15,15.309512640490889,0.30951264049088856,0.9110146760940552,1.0,-4.5171027183532715,0.0,2.0
cm_B_ds_400_ms_033,B,400,33,1,1,0,-0.06799015996913337,0.9320098400308666,0.9170838594436646,1.0,-4.325876235961914,0.0,2.0
cm_B_ds_400_ms_033,B,400,33,1,1,1,1.191623034048994,0.19162303404899395,0.8346575498580933,1.0,-4.325876235961914,0.0,2.0
cm_B_ds_400_ms_033,B,400,33,1,1,2,2.316895637334724,0.3168956373347238,0.713835597038269,1.0,-4.325876235961914,0.0,2.0
cm_B_ds_400_ms_033,B,400,33,1,1,3,3.251769583753215,0.251769583753215,0.6425570845603943,1.0,-4.325876235961914,0.0,2.0
cm_B_ds_400_ms_033,B,400,33,1,1,4,3.9707489913886627,0.9707489913886627,0.5455837249755859,1.0,-4.325876235961914,0.0,2.0
cm_B_ds_400_ms_033,B,400,33,1,1,5,5.313783355394536,0.31378335539453595,0.6538506150245667,1.0,-4.325876235961914,0.0,2.0
cm_B_ds_400_ms_033,B,400,33,1,1,6,6.133939721243217,0.13393972124321696,0.6407212018966675,1.0,-4.325876235961914,0.0,2.0
cm_B_ds_400_ms_033,B,400,33,1,1,7,7.30034053628915,0.30034053628915025,0.7882843017578125,1.0,-4.325876235961914,0.0,2.0
cm_B_ds_400_ms_033,B,400,33,1,1,8,8.350654241945696,0.35065424194569594,0.8570656180381775,1.0,-4.325876235961914,0.0,2.0
cm_B_ds_400_ms_033,B,400,33,1,1,9,9.159650382254538,0.15965038225453831,0.6921787261962891,1.0,-4.325876235961914,0.0,2.0
cm_B_ds_400_ms_033,B,400,33,1,1,10,9.564591959359065,0.5645919593590651,0.7285909056663513,1.0,-4.325876235961914,0.0,2.0
cm_B_ds_400_ms_033,B,400,33,1,1,11,10.80435022034679,0.8043502203467892,0.7422231435775757,1.0,-4.325876235961914,0.0,2.0
cm_B_ds_400_ms_033,B,400,33,1,1,12,12.198598860569234,0.19859886056923415,0.5743423700332642,1.0,-4.325876235961914,0.0,2.0
cm_B_ds_400_ms_033,B,400,33,1,1,13,13.251091548352994,0.25109154835299385,0.648780345916748,1.0,-4.325876235961914,0.0,2.0
cm_B_ds_400_ms_033,B,400,33,1,1,14,14.15819166887649,0.1581916688764906,0.850811779499054,1.0,-4.325876235961914,0.0,2.0
cm_B_ds_400_ms_033,B,400,33,1,1,15,15.303270151153459,0.303270151153459,0.9154422283172607,1.0,-4.325876235961914,0.0,2.0
cm_B_ds_400_ms_033,B,400,33,2,0,0,0.11558141925871435,0.11558141925871435,0.9189052581787109,0.0,-5.3894944190979,1.0,2.0
cm_B_ds_400_ms_033,B,400,33,2,0,1,1.0869538001131336,0.08695380011313358,0.9190571308135986,0.0,-5.3894944190979,1.0,2.0
cm_B_ds_400_ms_033,B,400,33,2,0,2,2.136985418956957,0.13698541895695682,0.5875821113586426,0.0,-5.3894944190979,1.0,2.0
cm_B_ds_400_ms_033,B,400,33,2,0,3,3.257607725891779,0.2576077258917788,0.5605869889259338,0.0,-5.3894944190979,1.0,2.0
cm_B_ds_400_ms_033,B,400,33,2,0,4,4.1406552593620845,0.14065525936208445,0.4649636149406433,0.0,-5.3894944190979,1.0,2.0
cm_B_ds_400_ms_033,B,400,33,2,0,5,5.219959627059757,0.21995962705975725,0.5719677209854126,0.0,-5.3894944190979,1.0,2.0
cm_B_ds_400_ms_033,B,400,33,2,0,6,6.094194698680931,0.09419469868093078,0.49498817324638367,0.0,-5.3894944190979,1.0,2.0
cm_B_ds_400_ms_033,B,400,33,2,0,7,7.4128959825316985,0.41289598253169846,0.5083723068237305,0.0,-5.3894944190979,1.0,2.0
cm_B_ds_400_ms_033,B,400,33,2,0,8,8.417639273173844,0.41763927317384386,0.5264593958854675,0.0,-5.3894944190979,1.0,2.0
cm_B_ds_400_ms_033,B,400,33,2,0,9,9.469891538298821,0.46989153829882113,0.6129849553108215,0.0,-5.3894944190979,1.0,2.0
cm_B_ds_400_ms_033,B,400,33,2,0,10,9.633517371439424,0.6335173714394244,0.6545979380607605,0.0,-5.3894944190979,1.0,2.0
cm_B_ds_400_ms_033,B,400,33,2,0,11,11.422893365838997,0.4228933658389966,0.5493791103363037,0.0,-5.3894944190979,1.0,2.0
cm_B_ds_400_ms_033,B,400,33,2,0,12,12.210198646727656,0.21019864672765642,0.4131104350090027,0.0,-5.3894944190979,1.0,2.0
cm_B_ds_400_ms_033,B,400,33,2,0,13,13.246309808806059,0.24630980880605868,0.6180887222290039,0.0,-5.3894944190979,1.0,2.0
cm_B_ds_400_ms_033,B,400,33,2,0,14,14.27198444183268,0.27198444183268045,0.7035328149795532,0.0,-5.3894944190979,1.0,2.0
cm_B_ds_400_ms_033,B,400,33,2,0,15,15.345680465311865,0.34568046531186525,0.9142356514930725,0.0,-5.3894944190979,1.0,2.0
cm_B_ds_400_ms_033,B,400,33,2,1,0,0.1477443816326028,0.1477443816326028,0.9345762133598328,0.0,-5.2530598640441895,1.0,2.0
cm_B_ds_400_ms_033,B,400,33,2,1,1,1.10701201664871,0.10701201664871007,0.8952306509017944,0.0,-5.2530598640441895,1.0,2.0
cm_B_ds_400_ms_033,B,400,33,2,1,2,2.226412933977952,0.22641293397795215,0.5883169174194336,0.0,-5.2530598640441895,1.0,2.0
cm_B_ds_400_ms_033,B,400,33,2,1,3,3.2708725603878697,0.27087256038786967,0.5639788508415222,0.0,-5.2530598640441895,1.0,2.0
cm_B_ds_400_ms_033,B,400,33,2,1,4,4.073936453729584,0.07393645372958435,0.46910080313682556,0.0,-5.2530598640441895,1.0,2.0
cm_B_ds_400_ms_033,B,400,33,2,1,5,5.232184754982191,0.2321847549821907,0.5700652599334717,0.0,-5.2530598640441895,1.0,2.0
cm_B_ds_400_ms_033,B,400,33,2,1,6,6.114567483373282,0.11456748337328193,0.49549147486686707,0.0,-5.2530598640441895,1.0,2.0
cm_B_ds_400_ms_033,B,400,33,2,1,7,7.41733105203276,0.4173310520327602,0.512861967086792,0.0,-5.2530598640441895,1.0,2.0
cm_B_ds_400_ms_033,B,400,33,2,1,8,8.408564532060584,0.4085645320605842,0.5220158696174622,0.0,-5.2530598640441895,1.0,2.0
cm_B_ds_400_ms_033,B,400,33,2,1,9,9.471466428139443,0.4714664281394434,0.5967385768890381,0.0,-5.2530598640441895,1.0,2.0
cm_B_ds_400_ms_033,B,400,33,2,1,10,9.593226540871465,0.5932265408714645,0.6465746164321899,0.0,-5.2530598640441895,1.0,2.0
cm_B_ds_400_ms_033,B,400,33,2,1,11,11.398798886958897,0.39879888695889676,0.5494236946105957,0.0,-5.2530598640441895,1.0,2.0
cm_B_ds_400_ms_033,B,400,33,2,1,12,12.200742022148802,0.20074202214880188,0.41139891743659973,0.0,-5.2530598640441895,1.0,2.0
cm_B_ds_400_ms_033,B,400,33,2,1,13,13.28797821263862,0.28797821263862033,0.6018967032432556,0.0,-5.2530598640441895,1.0,2.0
cm_B_ds_400_ms_033,B,400,33,2,1,14,14.298025372844254,0.2980253728442541,0.692294180393219,0.0,-5.2530598640441895,1.0,2.0
cm_B_ds_400_ms_033,B,400,33,2,1,15,15.38571690927874,0.3857169092787398,0.9306414127349854,0.0,-5.2530598640441895,1.0,2.0
cm_B_ds_400_ms_033,B,400,33,3,0,0,-0.21613822475443162,0.7838617752455683,0.9282290935516357,1.0,-3.4634897708892822,0.0,2.0
cm_B_ds_400_ms_033,B,400,33,3,0,1,1.085595958506135,0.085595958506135,0.8901360034942627,1.0,-3.4634897708892822,0.0,2.0
cm_B_ds_400_ms_033,B,400,33,3,0,2,2.031832531736869,0.03183253173686884,0.6903215646743774,1.0,-3.4634897708892822,0.0,2.0
cm_B_ds_400_ms_033,B,400,33,3,0,3,2.9870572544603853,0.9870572544603853,0.64858478307724,1.0,-3.4634897708892822,0.0,2.0
cm_B_ds_400_ms_033,B,400,33,3,0,4,4.068279235713035,0.06827923571303529,0.5035839676856995,1.0,-3.4634897708892822,0.0,2.0
cm_B_ds_400_ms_033,B,400,33,3,0,5,5.24382704009545,0.2438270400954501,0.6009281873703003,1.0,-3.4634897708892822,0.0,2.0
cm_B_ds_400_ms_033,B,400,33,3,0,6,6.491453679007028,0.4914536790070283,0.564971923828125,1.0,-3.4634897708892822,0.0,2.0
cm_B_ds_400_ms_033,B,400,33,3,0,7,7.020252388700751,0.020252388700750856,0.6022197604179382,1.0,-3.4634897708892822,0.0,2.0
cm_B_ds_400_ms_033,B,400,33,3,0,8,8.104269586925733,0.10426958692573329,0.5769318342208862,1.0,-3.4634897708892822,0.0,2.0
cm_B_ds_400_ms_033,B,400,33,3,0,9,8.893240219716025,0.8932402197160254,0.7300101518630981,1.0,-3.4634897708892822,0.0,2.0
cm_B_ds_400_ms_033,B,400,33,3,0,10,9.583567742693177,0.5835677426931767,0.6227939128875732,1.0,-3.4634897708892822,0.0,2.0
cm_B_ds_400_ms_033,B,400,33,3,0,11,11.201739733177025,0.20173973317702476,0.7717507481575012,1.0,-3.4634897708892822,0.0,2.0
cm_B_ds_400_ms_033,B,400,33,3,0,12,12.28453781852615,0.28453781852615023,0.4575953781604767,1.0,-3.4634897708892822,0.0,2.0
cm_B_ds_400_ms_033,B,400,33,3,0,13,12.81978665530807,0.8197866553080697,0.6281938552856445,1.0,-3.4634897708892822,0.0,2.0
cm_B_ds_400_ms_033,B,400,33,3,0,14,14.38692711508114,0.3869271150811393,0.6469739079475403,1.0,-3.4634897708892822,0.0,2.0
cm_B_ds_400_ms_033,B,400,33,3,0,15,15.068467068454135,0.06846706845413486,0.7549242377281189,1.0,-3.4634897708892822,0.0,2.0
cm_B_ds_400_ms_033,B,400,33,3,1,0,-0.09035200009790431,0.9096479999020957,0.9369122982025146,1.0,-3.0659797191619873,0.0,2.0
cm_B_ds_400_ms_033,B,400,33,3,1,1,1.325526160651426,0.3255261606514259,0.86860191822052,1.0,-3.0659797191619873,0.0,2.0
cm_B_ds_400_ms_033,B,400,33,3,1,2,1.9574727175888846,0.9574727175888846,0.694754958152771,1.0,-3.0659797191619873,0.0,2.0
cm_B_ds_400_ms_033,B,400,33,3,1,3,2.998670700997149,0.9986707009971489,0.6511198282241821,1.0,-3.0659797191619873,0.0,2.0
cm_B_ds_400_ms_033,B,400,33,3,1,4,4.06171709352245,0.06171709352245003,0.5015515685081482,1.0,-3.0659797191619873,0.0,2.0
cm_B_ds_400_ms_033,B,400,33,3,1,5,5.244293921470716,0.2442939214707156,0.5829071402549744,1.0,-3.0659797191619873,0.0,2.0
cm_B_ds_400_ms_033,B,400,33,3,1,6,6.493433523174442,0.493433523174442,0.5584984421730042,1.0,-3.0659797191619873,0.0,2.0
cm_B_ds_400_ms_033,B,400,33,3,1,7,7.0985403205314,0.09854032053140038,0.6294037699699402,1.0,-3.0659797191619873,0.0,2.0
cm_B_ds_400_ms_033,B,400,33,3,1,8,8.126922136981053,0.1269221369810527,0.5604490637779236,1.0,-3.0659797191619873,0.0,2.0
cm_B_ds_400_ms_033,B,400,33,3,1,9,8.980596214252746,0.9805962142527456,0.6914248466491699,1.0,-3.0659797191619873,0.0,2.0
cm_B_ds_400_ms_033,B,400,33,3,1,10,9.586682308954702,0.5866823089547015,0.5786588191986084,1.0,-3.0659797191619873,0.0,2.0
cm_B_ds_400_ms_033,B,400,33,3,1,11,11.146702372409024,0.14670237240902395,0.6877307891845703,1.0,-3.0659797191619873,0.0,2.0
cm_B_ds_400_ms_033,B,400,33,3,1,12,12.333100767088903,0.33310076708890257,0.4546085298061371,1.0,-3.0659797191619873,0.0,2.0
cm_B_ds_400_ms_033,B,400,33,3,1,13,12.876448690406644,0.8764486904066437,0.603661060333252,1.0,-3.0659797191619873,0.0,2.0
cm_B_ds_400_ms_033,B,400,33,3,1,14,14.399069673605606,0.39906967360560586,0.639866828918457,1.0,-3.0659797191619873,0.0,2.0
cm_B_ds_400_ms_033,B,400,33,3,1,15,15.125588092264932,0.12558809226493217,0.7544100284576416,1.0,-3.0659797191619873,0.0,2.0
cm_B_ds_400_ms_033,B,400,33,4,0,0,-0.40691607095709204,0.593083929042908,0.964959979057312,0.0,-2.391780138015747,1.0,2.0
cm_B_ds_400_ms_033,B,400,33,4,0,1,0.6844265430982239,0.6844265430982239,0.9400823712348938,0.0,-2.391780138015747,1.0,2.0
cm_B_ds_400_ms_033,B,400,33,4,0,2,1.6490348832674673,0.6490348832674673,0.8725179433822632,0.0,-2.391780138015747,1.0,2.0
cm_B_ds_400_ms_033,B,400,33,4,0,3,2.8777286931457144,0.8777286931457144,0.6517913341522217,0.0,-2.391780138015747,1.0,2.0
cm_B_ds_400_ms_033,B,400,33,4,0,4,4.131180724509406,0.13118072450940588,0.6877878308296204,0.0,-2.391780138015747,1.0,2.0
cm_B_ds_400_ms_033,B,400,33,4,0,5,4.597868425966701,0.5978684259667011,0.8690904378890991,0.0,-2.391780138015747,1.0,2.0
cm_B_ds_400_ms_033,B,400,33,4,0,6,6.447305157595844,0.447305157595844,0.9368647336959839,0.0,-2.391780138015747,1.0,2.0
cm_B_ds_400_ms_033,B,400,33,4,0,7,6.718470953180465,0.7184709531804652,0.7624732851982117,0.0,-2.391780138015747,1.0,2.0
cm_B_ds_400_ms_033,B,400,33,4,0,8,7.690530726170229,0.6905307261702287,0.6126123070716858,0.0,-2.391780138015747,1.0,2.0
cm_B_ds_400_ms_033,B,400,33,4,0,9,8.608423759838198,0.6084237598381979,0.6827214956283569,0.0,-2.391780138015747,1.0,2.0
cm_B_ds_400_ms_033,B,400,33,4,0,10,10.088205189434914,0.08820518943491429,0.6857422590255737,0.0,-2.391780138015747,1.0,2.0
cm_B_ds_400_ms_033,B,400,33,4,0,11,11.315235013449366,0.31523501344936555,0.8085787892341614,0.0,-2.391780138015747,1.0,2.0
cm_B_ds_400_ms_033,B,400,33,4,0,12,12.184213571485298,0.18421357148529793,0.7344629764556885,0.0,-2.391780138015747,1.0,2.0
cm_B_ds_400_ms_033,B,400,33,4,0,13,12.821584968225544,0.8215849682255438,0.8597570657730103,0.0,-2.391780138015747,1.0,2.0
cm_B_ds_400_ms_033,B,400,33,4,0,14,14.299834614064398,0.29983461406439815,0.7211802005767822,0.0,-2.391780138015747,1.0,2.0
cm_B_ds_400_ms_033,B,400,33,4,0,15,14.825467758750793,0.8254677587507935,0.829613208770752,0.0,-2.391780138015747,1.0,2.0
cm_B_ds_400_ms_033,B,400,33,4,1,0,-0.39792651748097974,0.6020734825190203,0.9663641452789307,0.0,-2.352332353591919,1.0,2.0
cm_B_ds_400_ms_033,B,400,33,4,1,1,0.6834357103226274,0.6834357103226274,0.9397833943367004,0.0,-2.352332353591919,1.0,2.0
cm_B_ds_400_ms_033,B,400,33,4,1,2,1.6603391499078013,0.6603391499078013,0.8741243481636047,0.0,-2.352332353591919,1.0,2.0
cm_B_ds_400_ms_033,B,400,33,4,1,3,2.8754671416205326,0.8754671416205326,0.6705402731895447,0.0,-2.352332353591919,1.0,2.0
cm_B_ds_400_ms_033,B,400,33,4,1,4,4.126827313714421,0.12682731371442113,0.7080268263816833,0.0,-2.352332353591919,1.0,2.0
cm_B_ds_400_ms_033,B,400,33,4,1,5,4.6180706077117835,0.6180706077117835,0.8854889273643494,0.0,-2.352332353591919,1.0,2.0
cm_B_ds_400_ms_033,B,400,33,4,1,6,6.447949927453493,0.44794992745349305,0.9367139339447021,0.0,-2.352332353591919,1.0,2.0
cm_B_ds_400_ms_033,B,400,33,4,1,7,6.736797716761443,0.7367977167614432,0.7887635231018066,0.0,-2.352332353591919,1.0,2.0
cm_B_ds_400_ms_033,B,400,33,4,1,8,7.703073989126004,0.703073989126004,0.6217183470726013,0.0,-2.352332353591919,1.0,2.0
cm_B_ds_400_ms_033,B,400,33,4,1,9,8.608555506598188,0.6085555065981882,0.6979836225509644,0.0,-2.352332353591919,1.0,2.0
cm_B_ds_400_ms_033,B,400,33,4,1,10,10.096060817672319,0.09606081767231878,0.703371524810791,0.0,-2.352332353591919,1.0,2.0
cm_B_ds_400_ms_033,B,400,33,4,1,11,11.30918801930418,0.3091880193041803,0.8216584920883179,0.0,-2.352332353591919,1.0,2.0
cm_B_ds_400_ms_033,B,400,33,4,1,12,12.18439328135146,0.1843932813514595,0.757037878036499,0.0,-2.352332353591919,1.0,2.0
cm_B_ds_400_ms_033,B,400,33,4,1,13,12.825261734946752,0.8252617349467517,0.8677977323532104,0.0,-2.352332353591919,1.0,2.0
cm_B_ds_400_ms_033,B,400,33,4,1,14,14.285604749729576,0.2856047497295755,0.7225533723831177,0.0,-2.352332353591919,1.0,2.0
cm_B_ds_400_ms_033,B,400,33,4,1,15,14.825031840899765,0.825031840899765,0.8364750146865845,0.0,-2.352332353591919,1.0,2.0
cm_B_ds_400_ms_033,B,400,33,5,0,0,0.05203956702534642,0.05203956702534642,0.8432470560073853,1.0,-3.5514988899230957,0.0,2.0
cm_B_ds_400_ms_033,B,400,33,5,0,1,0.6163497061312484,0.6163497061312484,0.974517285823822,1.0,-3.5514988899230957,0.0,2.0
cm_B_ds_400_ms_033,B,400,33,5,0,2,1.7122082135928045,0.7122082135928045,0.9009612798690796,1.0,-3.5514988899230957,0.0,2.0
cm_B_ds_400_ms_033,B,400,33,5,0,3,2.5389123023438223,0.5389123023438223,0.7137115597724915,1.0,-3.5514988899230957,0.0,2.0
cm_B_ds_400_ms_033,B,400,33,5,0,4,3.703030164605175,0.7030301646051749,0.6751971244812012,1.0,-3.5514988899230957,0.0,2.0
cm_B_ds_400_ms_033,B,400,33,5,0,5,5.114172442938748,0.11417244293874784,0.7398627996444702,1.0,-3.5514988899230957,0.0,2.0
cm_B_ds_400_ms_033,B,400,33,5,0,6,6.440736033434107,0.4407360334341073,0.6544594764709473,1.0,-3.5514988899230957,0.0,2.0
cm_B_ds_400_ms_033,B,400,33,5,0,7,6.838327112735849,0.8383271127358487,0.7054829001426697,1.0,-3.5514988899230957,0.0,2.0
cm_B_ds_400_ms_033,B,400,33,5,0,8,7.563358067975928,0.563358067975928,0.8944186568260193,1.0,-3.5514988899230957,0.0,2.0
cm_B_ds_400_ms_033,B,400,33,5,0,9,8.646464574311574,0.6464645743115742,0.9263350963592529,1.0,-3.5514988899230957,0.0,2.0
cm_B_ds_400_ms_033,B,400,33,5,0,10,9.792008116580032,0.7920081165800319,0.8856460452079773,1.0,-3.5514988899230957,0.0,2.0
cm_B_ds_400_ms_033,B,400,33,5,0,11,11.461847907841339,0.46184790784133867,0.8252682685852051,1.0,-3.5514988899230957,0.0,2.0
cm_B_ds_400_ms_033,B,400,33,5,0,12,11.565624284270697,0.5656242842706973,0.7898966073989868,1.0,-3.5514988899230957,0.0,2.0
cm_B_ds_400_ms_033,B,400,33,5,0,13,12.535347221872428,0.5353472218724278,0.7998949289321899,1.0,-3.5514988899230957,0.0,2.0
cm_B_ds_400_ms_033,B,400,33,5,0,14,13.616621416126732,0.6166214161267316,0.6446244120597839,1.0,-3.5514988899230957,0.0,2.0
cm_B_ds_400_ms_033,B,400,33,5,0,15,14.507890068846029,0.507890068846029,0.6754019260406494,1.0,-3.5514988899230957,0.0,2.0
cm_B_ds_400_ms_033,B,400,33,5,1,0,0.05650599373516008,0.05650599373516008,0.849934458732605,1.0,-3.0371251106262207,0.0,2.0
cm_B_ds_400_ms_033,B,400,33,5,1,1,0.6244233691851573,0.6244233691851573,0.9739198088645935,1.0,-3.0371251106262207,0.0,2.0
cm_B_ds_400_ms_033,B,400,33,5,1,2,1.7163899589666494,0.7163899589666494,0.9095516204833984,1.0,-3.0371251106262207,0.0,2.0
cm_B_ds_400_ms_033,B,400,33,5,1,3,2.5390264423939524,0.5390264423939524,0.7266835570335388,1.0,-3.0371251106262207,0.0,2.0
cm_B_ds_400_ms_033,B,400,33,5,1,4,3.7030650744609326,0.7030650744609326,0.6824451684951782,1.0,-3.0371251106262207,0.0,2.0
cm_B_ds_400_ms_033,B,400,33,5,1,5,5.109896440954357,0.10989644095435658,0.756636381149292,1.0,-3.0371251106262207,0.0,2.0
cm_B_ds_400_ms_033,B,400,33,5,1,6,6.42052353051428,0.4205235305142798,0.6689279079437256,1.0,-3.0371251106262207,0.0,2.0
cm_B_ds_400_ms_033,B,400,33,5,1,7,6.844774811312341,0.844774811312341,0.7183951735496521,1.0,-3.0371251106262207,0.0,2.0
cm_B_ds_400_ms_033,B,400,33,5,1,8,7.5667689126654505,0.5667689126654505,0.8995696306228638,1.0,-3.0371251106262207,0.0,2.0
cm_B_ds_400_ms_033,B,400,33,5,1,9,8.652833346257658,0.6528333462576583,0.9270492792129517,1.0,-3.0371251106262207,0.0,2.0
cm_B_ds_400_ms_033,B,400,33,5,1,10,9.809534685554247,0.8095346855542473,0.8848960399627686,1.0,-3.0371251106262207,0.0,2.0
cm_B_ds_400_ms_033,B,400,33,5,1,11,11.454795509850328,0.454795509850328,0.8235360383987427,1.0,-3.0371251106262207,0.0,2.0
cm_B_ds_400_ms_033,B,400,33,5,1,12,11.565647355131894,0.5656473551318939,0.8009024858474731,1.0,-3.0371251106262207,0.0,2.0
cm_B_ds_400_ms_033,B,400,33,5,1,13,12.538191009078858,0.538191009078858,0.8016565442085266,1.0,-3.0371251106262207,0.0,2.0
cm_B_ds_400_ms_033,B,400,33,5,1,14,13.61804938100921,0.6180493810092091,0.649746298789978,1.0,-3.0371251106262207,0.0,2.0
cm_B_ds_400_ms_033,B,400,33,5,1,15,14.513257079713842,0.513257079713842,0.6787593364715576,1.0,-3.0371251106262207,0.0,2.0
cm_B_ds_400_ms_033,B,400,33,6,0,0,0.17279152960631197,0.17279152960631197,0.9623781442642212,1.0,-3.368460178375244,0.0,2.0
cm_B_ds_400_ms_033,B,400,33,6,0,1,0.8788059859957275,0.8788059859957275,0.9244005680084229,1.0,-3.368460178375244,0.0,2.0
cm_B_ds_400_ms_033,B,400,33,6,0,2,1.7555849236277767,0.7555849236277767,0.9204238653182983,1.0,-3.368460178375244,0.0,2.0
cm_B_ds_400_ms_033,B,400,33,6,0,3,2.8730935749929625,0.8730935749929625,0.7755105495452881,1.0,-3.368460178375244,0.0,2.0
cm_B_ds_400_ms_033,B,400,33,6,0,4,3.785090485805413,0.7850904858054131,0.7207381725311279,1.0,-3.368460178375244,0.0,2.0
cm_B_ds_400_ms_033,B,400,33,6,0,5,5.041418785719587,0.04141878571958735,0.7484048008918762,1.0,-3.368460178375244,0.0,2.0
cm_B_ds_400_ms_033,B,400,33,6,0,6,6.092382421821154,0.09238242182115375,0.764262318611145,1.0,-3.368460178375244,0.0,2.0
cm_B_ds_400_ms_033,B,400,33,6,0,7,7.199591906827868,0.19959190682786776,0.8424785137176514,1.0,-3.368460178375244,0.0,2.0
cm_B_ds_400_ms_033,B,400,33,6,0,8,7.7983323607504484,0.7983323607504484,0.6608725786209106,1.0,-3.368460178375244,0.0,2.0
cm_B_ds_400_ms_033,B,400,33,6,0,9,9.068103383643097,0.06810338364309665,0.7220890522003174,1.0,-3.368460178375244,0.0,2.0
cm_B_ds_400_ms_033,B,400,33,6,0,10,10.131889257982538,0.1318892579825377,0.8216614723205566,1.0,-3.368460178375244,0.0,2.0
cm_B_ds_400_ms_033,B,400,33,6,0,11,11.293918751959664,0.293918751959664,0.7324100732803345,1.0,-3.368460178375244,0.0,2.0
cm_B_ds_400_ms_033,B,400,33,6,0,12,11.951828072188194,0.951828072188194,0.673581600189209,1.0,-3.368460178375244,0.0,2.0
cm_B_ds_400_ms_033,B,400,33,6,0,13,13.223495155594437,0.22349515559443667,0.7781485915184021,1.0,-3.368460178375244,0.0,2.0
cm_B_ds_400_ms_033,B,400,33,6,0,14,14.092255147576928,0.09225514757692821,0.848848819732666,1.0,-3.368460178375244,0.0,2.0
cm_B_ds_400_ms_033,B,400,33,6,0,15,15.10422690330869,0.10422690330869067,0.9392117857933044,1.0,-3.368460178375244,0.0,2.0
cm_B_ds_400_ms_033,B,400,33,6,1,0,0.18012942950462899,0.18012942950462899,0.9597079753875732,1.0,-2.997347354888916,0.0,2.0
cm_B_ds_400_ms_033,B,400,33,6,1,1,0.8982610968275918,0.8982610968275918,0.9258471727371216,1.0,-2.997347354888916,0.0,2.0
cm_B_ds_400_ms_033,B,400,33,6,1,2,1.7394298566388995,0.7394298566388995,0.9232153296470642,1.0,-2.997347354888916,0.0,2.0
cm_B_ds_400_ms_033,B,400,33,6,1,3,2.8578877525167354,0.8578877525167354,0.7722078561782837,1.0,-2.997347354888916,0.0,2.0
cm_B_ds_400_ms_033,B,400,33,6,1,4,3.779696761308845,0.7796967613088448,0.7134060263633728,1.0,-2.997347354888916,0.0,2.0
cm_B_ds_400_ms_033,B,400,33,6,1,5,5.058440831387111,0.0584408313871112,0.7379261255264282,1.0,-2.997347354888916,0.0,2.0
cm_B_ds_400_ms_033,B,400,33,6,1,6,6.073253035121708,0.07325303512170844,0.7507098913192749,1.0,-2.997347354888916,0.0,2.0
cm_B_ds_400_ms_033,B,400,33,6,1,7,7.1983424375557,0.19834243755570036,0.837570309638977,1.0,-2.997347354888916,0.0,2.0
cm_B_ds_400_ms_033,B,400,33,6,1,8,7.808951635308021,0.8089516353080208,0.6591625213623047,1.0,-2.997347354888916,0.0,2.0
cm_B_ds_400_ms_033,B,400,33,6,1,9,9.091832371511611,0.09183237151161094,0.7145569920539856,1.0,-2.997347354888916,0.0,2.0
cm_B_ds_400_ms_033,B,400,33,6,1,10,10.138455346504644,0.13845534650464408,0.817960262298584,1.0,-2.997347354888916,0.0,2.0
cm_B_ds_400_ms_033,B,400,33,6,1,11,11.288103680682296,0.28810368068229586,0.7103416323661804,1.0,-2.997347354888916,0.0,2.0
cm_B_ds_400_ms_033,B,400,33,6,1,12,11.953971233767762,0.9539712337677617,0.6641094088554382,1.0,-2.997347354888916,0.0,2.0
cm_B_ds_400_ms_033,B,400,33,6,1,13,13.222064762200255,0.2220647622002545,0.7767399549484253,1.0,-2.997347354888916,0.0,2.0
cm_B_ds_400_ms_033,B,400,33,6,1,14,14.07322775836909,0.07322775836908946,0.8544738292694092,1.0,-2.997347354888916,0.0,2.0
cm_B_ds_400_ms_033,B,400,33,6,1,15,15.09901531718999,0.09901531718998946,0.937684953212738,1.0,-2.997347354888916,0.0,2.0
cm_B_ds_400_ms_033,B,400,33,7,0,0,0.13874079780957047,0.13874079780957047,0.9609683752059937,0.0,-5.651214599609375,1.0,2.0
cm_B_ds_400_ms_033,B,400,33,7,0,1,0.8362356177377706,0.8362356177377706,0.9337939620018005,0.0,-5.651214599609375,1.0,2.0
cm_B_ds_400_ms_033,B,400,33,7,0,2,1.8583927792328272,0.8583927792328272,0.936882495880127,0.0,-5.651214599609375,1.0,2.0
cm_B_ds_400_ms_033,B,400,33,7,0,3,2.908135481074759,0.9081354810747588,0.7821705341339111,0.0,-5.651214599609375,1.0,2.0
cm_B_ds_400_ms_033,B,400,33,7,0,4,3.7555743545441382,0.7555743545441382,0.7943376302719116,0.0,-5.651214599609375,1.0,2.0
cm_B_ds_400_ms_033,B,400,33,7,0,5,4.801388938703405,0.801388938703405,0.8649997115135193,0.0,-5.651214599609375,1.0,2.0
cm_B_ds_400_ms_033,B,400,33,7,0,6,6.114868011696762,0.1148680116967622,0.9006701707839966,0.0,-5.651214599609375,1.0,2.0
cm_B_ds_400_ms_033,B,400,33,7,0,7,7.241877759761398,0.24187775976139836,0.9115704298019409,0.0,-5.651214599609375,1.0,2.0
cm_B_ds_400_ms_033,B,400,33,7,0,8,7.877574697681121,0.877574697681121,0.7387664914131165,0.0,-5.651214599609375,1.0,2.0
cm_B_ds_400_ms_033,B,400,33,7,0,9,8.905516953512187,0.905516953512187,0.8394328355789185,0.0,-5.651214599609375,1.0,2.0
cm_B_ds_400_ms_033,B,400,33,7,0,10,9.851730683554697,0.8517306835546972,0.7802044153213501,0.0,-5.651214599609375,1.0,2.0
cm_B_ds_400_ms_033,B,400,33,7,0,11,11.22700354044303,0.22700354044303062,0.7927041053771973,0.0,-5.651214599609375,1.0,2.0
cm_B_ds_400_ms_033,B,400,33,7,0,12,11.91127071246062,0.9112707124606203,0.7419431209564209,0.0,-5.651214599609375,1.0,2.0
cm_B_ds_400_ms_033,B,400,33,7,0,13,13.078406152297285,0.0784061522972852,0.7855268120765686,0.0,-5.651214599609375,1.0,2.0
cm_B_ds_400_ms_033,B,400,33,7,0,14,14.191709987427428,0.19170998742742817,0.8479402661323547,0.0,-5.651214599609375,1.0,2.0
cm_B_ds_400_ms_033,B,400,33,7,0,15,15.206781738350486,0.20678173835048597,0.9217205047607422,0.0,-5.651214599609375,1.0,2.0
cm_B_ds_400_ms_033,B,400,33,7,1,0,0.10910536591079291,0.10910536591079291,0.9619549512863159,1.0,-5.9508466720581055,0.0,2.0
cm_B_ds_400_ms_033,B,400,33,7,1,1,0.8435615268595447,0.8435615268595447,0.9281533360481262,1.0,-5.9508466720581055,0.0,2.0
cm_B_ds_400_ms_033,B,400,33,7,1,2,1.833679788777887,0.8336797887778871,0.9380841851234436,1.0,-5.9508466720581055,0.0,2.0
cm_B_ds_400_ms_033,B,400,33,7,1,3,2.8985886979988598,0.8985886979988598,0.7820236682891846,1.0,-5.9508466720581055,0.0,2.0
cm_B_ds_400_ms_033,B,400,33,7,1,4,3.768677996575817,0.7686779965758168,0.8006155490875244,1.0,-5.9508466720581055,0.0,2.0
cm_B_ds_400_ms_033,B,400,33,7,1,5,4.739459461716918,0.7394594617169181,0.8825639486312866,1.0,-5.9508466720581055,0.0,2.0
cm_B_ds_400_ms_033,B,400,33,7,1,6,6.119860424634097,0.11986042463409685,0.9119017124176025,1.0,-5.9508466720581055,0.0,2.0
cm_B_ds_400_ms_033,B,400,33,7,1,7,7.239452283696137,0.2394522836961368,0.9172655344009399,1.0,-5.9508466720581055,0.0,2.0
cm_B_ds_400_ms_033,B,400,33,7,1,8,7.8676038357487545,0.8676038357487545,0.7415937185287476,1.0,-5.9508466720581055,0.0,2.0
cm_B_ds_400_ms_033,B,400,33,7,1,9,8.87920038642211,0.8792003864221094,0.8362994194030762,1.0,-5.9508466720581055,0.0,2.0
cm_B_ds_400_ms_033,B,400,33,7,1,10,9.85874240397465,0.8587424039746505,0.7530546188354492,1.0,-5.9508466720581055,0.0,2.0
cm_B_ds_400_ms_033,B,400,33,7,1,11,11.222813143496237,0.2228131434962375,0.7758948802947998,1.0,-5.9508466720581055,0.0,2.0
cm_B_ds_400_ms_033,B,400,33,7,1,12,11.927663166468651,0.9276631664686512,0.7552411556243896,1.0,-5.9508466720581055,0.0,2.0
cm_B_ds_400_ms_033,B,400,33,7,1,13,13.063554588966008,0.0635545889660083,0.783464789390564,1.0,-5.9508466720581055,0.0,2.0
cm_B_ds_400_ms_033,B,400,33,7,1,14,14.187287667612818,0.1872876676128179,0.8409921526908875,1.0,-5.9508466720581055,0.0,2.0
cm_B_ds_400_ms_033,B,400,33,7,1,15,15.202312062557631,0.20231206255763112,0.9183253049850464,1.0,-5.9508466720581055,0.0,2.0
cm_B_ds_400_ms_033,B,400,33,8,0,0,0.18274446229210686,0.18274446229210686,0.9484679698944092,1.0,-2.4323155879974365,0.0,2.0
cm_B_ds_400_ms_033,B,400,33,8,0,1,0.8510981093717184,0.8510981093717184,0.9652604460716248,1.0,-2.4323155879974365,0.0,2.0
cm_B_ds_400_ms_033,B,400,33,8,0,2,1.925961260398077,0.9259612603980769,0.7766337394714355,1.0,-2.4323155879974365,0.0,2.0
cm_B_ds_400_ms_033,B,400,33,8,0,3,2.904178221251635,0.9041782212516352,0.7684364318847656,1.0,-2.4323155879974365,0.0,2.0
cm_B_ds_400_ms_033,B,400,33,8,0,4,3.880076864118909,0.8800768641189092,0.670001745223999,1.0,-2.4323155879974365,0.0,2.0
cm_B_ds_400_ms_033,B,400,33,8,0,5,5.1722970492115925,0.1722970492115925,0.6409271955490112,1.0,-2.4323155879974365,0.0,2.0
cm_B_ds_400_ms_033,B,400,33,8,0,6,5.8563553692225625,0.8563553692225625,0.6206057667732239,1.0,-2.4323155879974365,0.0,2.0
cm_B_ds_400_ms_033,B,400,33,8,0,7,7.263137558353962,0.2631375583539617,0.6782892942428589,1.0,-2.4323155879974365,0.0,2.0
cm_B_ds_400_ms_033,B,400,33,8,0,8,8.201312914653274,0.20131291465327372,0.7009594440460205,1.0,-2.4323155879974365,0.0,2.0
cm_B_ds_400_ms_033,B,400,33,8,0,9,9.237467182814438,0.2374671828144379,0.8915741443634033,1.0,-2.4323155879974365,0.0,2.0
cm_B_ds_400_ms_033,B,400,33,8,0,10,9.8509505241695,0.8509505241694999,0.9184834957122803,1.0,-2.4323155879974365,0.0,2.0
cm_B_ds_400_ms_033,B,400,33,8,0,11,11.365860982705426,0.365860982705426,0.9023827910423279,1.0,-2.4323155879974365,0.0,2.0
cm_B_ds_400_ms_033,B,400,33,8,0,12,12.087813799359553,0.08781379935955336,0.5265799760818481,1.0,-2.4323155879974365,0.0,2.0
cm_B_ds_400_ms_033,B,400,33,8,0,13,13.213370690296736,0.2133706902967365,0.7586822509765625,1.0,-2.4323155879974365,0.0,2.0
cm_B_ds_400_ms_033,B,400,33,8,0,14,14.242892085863911,0.24289208586391098,0.9266515374183655,1.0,-2.4323155879974365,0.0,2.0
cm_B_ds_400_ms_033,B,400,33,8,0,15,15.344336284083207,0.34433628408320693,0.9473353624343872,1.0,-2.4323155879974365,0.0,2.0
cm_B_ds_400_ms_033,B,400,33,8,1,0,0.14308184785943207,0.14308184785943207,0.9518648386001587,1.0,-2.1674790382385254,0.0,2.0
cm_B_ds_400_ms_033,B,400,33,8,1,1,0.8337850217545608,0.8337850217545608,0.9670318365097046,1.0,-2.1674790382385254,0.0,2.0
cm_B_ds_400_ms_033,B,400,33,8,1,2,1.8668934808918434,0.8668934808918434,0.7876383066177368,1.0,-2.1674790382385254,0.0,2.0
cm_B_ds_400_ms_033,B,400,33,8,1,3,2.8594495891069447,0.8594495891069447,0.759772539138794,1.0,-2.1674790382385254,0.0,2.0
cm_B_ds_400_ms_033,B,400,33,8,1,4,3.882345397615243,0.8823453976152429,0.6362310647964478,1.0,-2.1674790382385254,0.0,2.0
cm_B_ds_400_ms_033,B,400,33,8,1,5,5.1843801091992905,0.1843801091992905,0.6390703320503235,1.0,-2.1674790382385254,0.0,2.0
cm_B_ds_400_ms_033,B,400,33,8,1,6,5.834418015864334,0.8344180158643342,0.6084574460983276,1.0,-2.1674790382385254,0.0,2.0
cm_B_ds_400_ms_033,B,400,33,8,1,7,7.252559568495372,0.2525595684953723,0.6467164158821106,1.0,-2.1674790382385254,0.0,2.0
cm_B_ds_400_ms_033,B,400,33,8,1,8,8.19043986062254,0.19043986062253992,0.6797747015953064,1.0,-2.1674790382385254,0.0,2.0
cm_B_ds_400_ms_033,B,400,33,8,1,9,9.246149719287358,0.24614971928735763,0.8764887452125549,1.0,-2.1674790382385254,0.0,2.0
cm_B_ds_400_ms_033,B,400,33,8,1,10,9.901282036381343,0.9012820363813425,0.90963214635849,1.0,-2.1674790382385254,0.0,2.0
cm_B_ds_400_ms_033,B,400,33,8,1,11,11.367587654527606,0.3675876545276058,0.8729084730148315,1.0,-2.1674790382385254,0.0,2.0
cm_B_ds_400_ms_033,B,400,33,8,1,12,12.074295488954263,0.07429548895426308,0.5353415608406067,1.0,-2.1674790382385254,0.0,2.0
cm_B_ds_400_ms_033,B,400,33,8,1,13,13.200930639088421,0.2009306390884209,0.764613151550293,1.0,-2.1674790382385254,0.0,2.0
cm_B_ds_400_ms_033,B,400,33,8,1,14,14.210623236585139,0.21062323658513904,0.914442777633667,1.0,-2.1674790382385254,0.0,2.0
cm_B_ds_400_ms_033,B,400,33,8,1,15,15.317417446090316,0.31741744609031564,0.9447034597396851,1.0,-2.1674790382385254,0.0,2.0
cm_B_ds_400_ms_033,B,400,33,9,0,0,-0.1800923757283817,0.8199076242716183,0.789038896560669,0.0,-4.1225714683532715,1.0,2.0
cm_B_ds_400_ms_033,B,400,33,9,0,1,1.519629663906461,0.519629663906461,0.6219968199729919,0.0,-4.1225714683532715,1.0,2.0
cm_B_ds_400_ms_033,B,400,33,9,0,2,2.495304276568959,0.4953042765689588,0.5824064016342163,0.0,-4.1225714683532715,1.0,2.0
cm_B_ds_400_ms_033,B,400,33,9,0,3,3.4700511977601876,0.47005119776018756,0.5690382122993469,0.0,-4.1225714683532715,1.0,2.0
cm_B_ds_400_ms_033,B,400,33,9,0,4,4.469812093075781,0.469812093075781,0.7905380725860596,0.0,-4.1225714683532715,1.0,2.0
cm_B_ds_400_ms_033,B,400,33,9,0,5,5.077847979112804,0.07784797911280439,0.6267445683479309,0.0,-4.1225714683532715,1.0,2.0
cm_B_ds_400_ms_033,B,400,33,9,0,6,5.857876831805678,0.8578768318056778,0.6407666206359863,0.0,-4.1225714683532715,1.0,2.0
cm_B_ds_400_ms_033,B,400,33,9,0,7,7.250932465653094,0.2509324656530936,0.7583872079849243,0.0,-4.1225714683532715,1.0,2.0
cm_B_ds_400_ms_033,B,400,33,9,0,8,8.456330928784132,0.45633092878413173,0.8622963428497314,0.0,-4.1225714683532715,1.0,2.0
cm_B_ds_400_ms_033,B,400,33,9,0,9,9.40731000591957,0.40731000591956956,0.6289066672325134,0.0,-4.1225714683532715,1.0,2.0
cm_B_ds_400_ms_033,B,400,33,9,0,10,9.762283740440061,0.7622837404400613,0.5305776596069336,0.0,-4.1225714683532715,1.0,2.0
cm_B_ds_400_ms_033,B,400,33,9,0,11,10.629583589759987,0.6295835897599869,0.5590068697929382,0.0,-4.1225714683532715,1.0,2.0
cm_B_ds_400_ms_033,B,400,33,9,0,12,12.435621602966831,0.4356216029668314,0.6757526397705078,0.0,-4.1225714683532715,1.0,2.0
cm_B_ds_400_ms_033,B,400,33,9,0,13,13.413674335716346,0.4136743357163457,0.7788436412811279,0.0,-4.1225714683532715,1.0,2.0
cm_B_ds_400_ms_033,B,400,33,9,0,14,14.233072398785174,0.23307239878517372,0.8695213794708252,0.0,-4.1225714683532715,1.0,2.0
cm_B_ds_400_ms_033,B,400,33,9,0,15,14.947473758292935,0.9474737582929347,0.8957611322402954,0.0,-4.1225714683532715,1.0,2.0
cm_B_ds_400_ms_033,B,400,33,9,1,0,-0.1892856206237419,0.8107143793762581,0.8020235300064087,0.0,-3.8304269313812256,1.0,2.0
cm_B_ds_400_ms_033,B,400,33,9,1,1,1.522255188623414,0.5222551886234139,0.6198791265487671,0.0,-3.8304269313812256,1.0,2.0
cm_B_ds_400_ms_033,B,400,33,9,1,2,2.4988582516670887,0.49885825166708875,0.5825039148330688,0.0,-3.8304269313812256,1.0,2.0
cm_B_ds_400_ms_033,B,400,33,9,1,3,3.470584559643375,0.47058455964337487,0.5710867643356323,0.0,-3.8304269313812256,1.0,2.0
cm_B_ds_400_ms_033,B,400,33,9,1,4,4.469434763069634,0.46943476306963383,0.7866885662078857,0.0,-3.8304269313812256,1.0,2.0
cm_B_ds_400_ms_033,B,400,33,9,1,5,5.085265260987475,0.08526526098747489,0.6292669773101807,0.0,-3.8304269313812256,1.0,2.0
cm_B_ds_400_ms_033,B,400,33,9,1,6,5.855098007287354,0.8550980072873537,0.6490415930747986,0.0,-3.8304269313812256,1.0,2.0
cm_B_ds_400_ms_033,B,400,33,9,1,7,7.257915043932589,0.2579150439325888,0.7665518522262573,0.0,-3.8304269313812256,1.0,2.0
cm_B_ds_400_ms_033,B,400,33,9,1,8,8.454556293855783,0.45455629385578256,0.8495131134986877,0.0,-3.8304269313812256,1.0,2.0
cm_B_ds_400_ms_033,B,400,33,9,1,9,9.404789817897816,0.4047898178978162,0.6287760734558105,0.0,-3.8304269313812256,1.0,2.0
cm_B_ds_400_ms_033,B,400,33,9,1,10,9.706919137719828,0.7069191377198276,0.5345536470413208,0.0,-3.8304269313812256,1.0,2.0
cm_B_ds_400_ms_033,B,400,33,9,1,11,10.630948413338137,0.6309484133381371,0.5620850324630737,0.0,-3.8304269313812256,1.0,2.0
cm_B_ds_400_ms_033,B,400,33,9,1,12,12.431063286496746,0.4310632864967463,0.669884443283081,0.0,-3.8304269313812256,1.0,2.0
cm_B_ds_400_ms_033,B,400,33,9,1,13,13.419461479109108,0.419461479109108,0.7596283555030823,0.0,-3.8304269313812256,1.0,2.0
cm_B_ds_400_ms_033,B,400,33,9,1,14,14.300891016656028,0.3008910166560277,0.8787751197814941,0.0,-3.8304269313812256,1.0,2.0
cm_B_ds_400_ms_033,B,400,33,9,1,15,15.003897799244427,0.003897799244427347,0.9138659834861755,0.0,-3.8304269313812256,1.0,2.0
cm_B_ds_400_ms_033,B,400,33,10,0,0,-0.39026475277951794,0.609735247220482,0.9473074674606323,0.0,-3.6450014114379883,1.0,2.0
cm_B_ds_400_ms_033,B,400,33,10,0,1,0.6077001063483257,0.6077001063483257,0.9223486185073853,0.0,-3.6450014114379883,1.0,2.0
cm_B_ds_400_ms_033,B,400,33,10,0,2,1.6469598717976173,0.6469598717976173,0.8899909257888794,0.0,-3.6450014114379883,1.0,2.0
cm_B_ds_400_ms_033,B,400,33,10,0,3,2.922520163030769,0.9225201630307689,0.6212056279182434,0.0,-3.6450014114379883,1.0,2.0
cm_B_ds_400_ms_033,B,400,33,10,0,4,4.062571018950683,0.06257101895068296,0.7794226408004761,0.0,-3.6450014114379883,1.0,2.0
cm_B_ds_400_ms_033,B,400,33,10,0,5,4.558598177442722,0.5585981774427218,0.8197386264801025,0.0,-3.6450014114379883,1.0,2.0
cm_B_ds_400_ms_033,B,400,33,10,0,6,6.4191690281108755,0.41916902811087553,0.8632615804672241,0.0,-3.6450014114379883,1.0,2.0
cm_B_ds_400_ms_033,B,400,33,10,0,7,6.925415363857105,0.9254153638571054,0.8807335495948792,0.0,-3.6450014114379883,1.0,2.0
cm_B_ds_400_ms_033,B,400,33,10,0,8,7.660915025929054,0.6609150259290537,0.657172441482544,0.0,-3.6450014114379883,1.0,2.0
cm_B_ds_400_ms_033,B,400,33,10,0,9,8.64600072857594,0.6460007285759399,0.6268913149833679,0.0,-3.6450014114379883,1.0,2.0
cm_B_ds_400_ms_033,B,400,33,10,0,10,10.230832896119159,0.2308328961191588,0.6113366484642029,0.0,-3.6450014114379883,1.0,2.0
cm_B_ds_400_ms_033,B,400,33,10,0,11,11.35391756214076,0.35391756214075976,0.6449458003044128,0.0,-3.6450014114379883,1.0,2.0
cm_B_ds_400_ms_033,B,400,33,10,0,12,12.092191191707624,0.09219119170762369,0.6370055675506592,0.0,-3.6450014114379883,1.0,2.0
cm_B_ds_400_ms_033,B,400,33,10,0,13,12.875784492455354,0.8757844924553542,0.7900108098983765,0.0,-3.6450014114379883,1.0,2.0
cm_B_ds_400_ms_033,B,400,33,10,0,14,14.251074956053548,0.25107495605354835,0.7240282297134399,0.0,-3.6450014114379883,1.0,2.0
cm_B_ds_400_ms_033,B,400,33,10,0,15,14.860423756231029,0.8604237562310288,0.8212234973907471,0.0,-3.6450014114379883,1.0,2.0
cm_B_ds_400_ms_033,B,400,33,10,1,0,-0.4028080916262833,0.5971919083737167,0.9394363164901733,0.0,-4.167150020599365,1.0,2.0
cm_B_ds_400_ms_033,B,400,33,10,1,1,0.6121058819269471,0.6121058819269471,0.9163546562194824,0.0,-4.167150020599365,1.0,2.0
cm_B_ds_400_ms_033,B,400,33,10,1,2,1.6440421667661693,0.6440421667661693,0.8843979835510254,0.0,-4.167150020599365,1.0,2.0
cm_B_ds_400_ms_033,B,400,33,10,1,3,2.9585252775675186,0.9585252775675186,0.6205434203147888,0.0,-4.167150020599365,1.0,2.0
cm_B_ds_400_ms_033,B,400,33,10,1,4,4.078195456132041,0.0781954561320406,0.788536548614502,0.0,-4.167150020599365,1.0,2.0
cm_B_ds_400_ms_033,B,400,33,10,1,5,4.557482579878286,0.5574825798782861,0.8140028715133667,0.0,-4.167150020599365,1.0,2.0
cm_B_ds_400_ms_033,B,400,33,10,1,6,6.421054160321798,0.4210541603217983,0.8469938635826111,0.0,-4.167150020599365,1.0,2.0
cm_B_ds_400_ms_033,B,400,33,10,1,7,6.915959953534103,0.9159599535341032,0.8865690231323242,0.0,-4.167150020599365,1.0,2.0
cm_B_ds_400_ms_033,B,400,33,10,1,8,7.657845387134069,0.6578453871340688,0.6547682881355286,0.0,-4.167150020599365,1.0,2.0
cm_B_ds_400_ms_033,B,400,33,10,1,9,8.651635482859218,0.6516354828592181,0.6217325329780579,0.0,-4.167150020599365,1.0,2.0
cm_B_ds_400_ms_033,B,400,33,10,1,10,10.245621318146107,0.24562131814610666,0.6110177040100098,0.0,-4.167150020599365,1.0,2.0
cm_B_ds_400_ms_033,B,400,33,10,1,11,11.35907329249025,0.35907329249024933,0.6390095949172974,0.0,-4.167150020599365,1.0,2.0
cm_B_ds_400_ms_033,B,400,33,10,1,12,12.085631781592706,0.08563178159270635,0.629520833492279,0.0,-4.167150020599365,1.0,2.0
cm_B_ds_400_ms_033,B,400,33,10,1,13,12.855714057470262,0.8557140574702622,0.7899941205978394,0.0,-4.167150020599365,1.0,2.0
cm_B_ds_400_ms_033,B,400,33,10,1,14,14.234473650038897,0.23447365003889686,0.7207486033439636,0.0,-4.167150020599365,1.0,2.0
cm_B_ds_400_ms_033,B,400,33,10,1,15,14.773151545348126,0.7731515453481261,0.8077552914619446,0.0,-4.167150020599365,1.0,2.0
cm_B_ds_400_ms_033,B,400,33,11,0,0,0.15978292206783493,0.15978292206783493,0.8998571634292603,0.0,-3.073148488998413,1.0,2.0
cm_B_ds_400_ms_033,B,400,33,11,0,1,1.1514818605148474,0.15148186051484736,0.8992589712142944,0.0,-3.073148488998413,1.0,2.0
cm_B_ds_400_ms_033,B,400,33,11,0,2,1.6078450480227513,0.6078450480227513,0.8885968327522278,0.0,-3.073148488998413,1.0,2.0
cm_B_ds_400_ms_033,B,400,33,11,0,3,2.7015656683285982,0.7015656683285982,0.6826861500740051,0.0,-3.073148488998413,1.0,2.0
cm_B_ds_400_ms_033,B,400,33,11,0,4,3.922303522079633,0.9223035220796332,0.6589925289154053,0.0,-3.073148488998413,1.0,2.0
cm_B_ds_400_ms_033,B,400,33,11,0,5,5.011770907698322,0.01177090769832212,0.6183022856712341,0.0,-3.073148488998413,1.0,2.0
cm_B_ds_400_ms_033,B,400,33,11,0,6,6.319167165998848,0.31916716599884776,0.777174174785614,0.0,-3.073148488998413,1.0,2.0
cm_B_ds_400_ms_033,B,400,33,11,0,7,7.118432259906182,0.11843225990618222,0.7949823141098022,0.0,-3.073148488998413,1.0,2.0
cm_B_ds_400_ms_033,B,400,33,11,0,8,7.925526268422168,0.9255262684221677,0.8274147510528564,0.0,-3.073148488998413,1.0,2.0
cm_B_ds_400_ms_033,B,400,33,11,0,9,8.795584907038851,0.795584907038851,0.7597451210021973,0.0,-3.073148488998413,1.0,2.0
cm_B_ds_400_ms_033,B,400,33,11,0,10,9.933249750208706,0.9332497502087058,0.6711151599884033,0.0,-3.073148488998413,1.0,2.0
cm_B_ds_400_ms_033,B,400,33,11,0,11,10.988012489308616,0.9880124893086162,0.6169611811637878,0.0,-3.073148488998413,1.0,2.0
cm_B_ds_400_ms_033,B,400,33,11,0,12,12.232704878952756,0.23270487895275593,0.6079854369163513,0.0,-3.073148488998413,1.0,2.0
cm_B_ds_400_ms_033,B,400,33,11,0,13,13.110165014118028,0.11016501411802793,0.6541808843612671,0.0,-3.073148488998413,1.0,2.0
cm_B_ds_400_ms_033,B,400,33,11,0,14,14.111287393808178,0.11128739380817798,0.8735952377319336,0.0,-3.073148488998413,1.0,2.0
cm_B_ds_400_ms_033,B,400,33,11,0,15,14.947698395625636,0.9476983956256362,0.8482757806777954,0.0,-3.073148488998413,1.0,2.0
cm_B_ds_400_ms_033,B,400,33,11,1,0,0.16253307876439288,0.16253307876439288,0.9292844533920288,0.0,-3.0170555114746094,1.0,2.0
cm_B_ds_400_ms_033,B,400,33,11,1,1,1.216880466471775,0.21688046647177495,0.8986829519271851,0.0,-3.0170555114746094,1.0,2.0
cm_B_ds_400_ms_033,B,400,33,11,1,2,1.6092414422530652,0.6092414422530652,0.885805606842041,0.0,-3.0170555114746094,1.0,2.0
cm_B_ds_400_ms_033,B,400,33,11,1,3,2.7223121402595396,0.7223121402595396,0.7078450918197632,0.0,-3.0170555114746094,1.0,2.0
cm_B_ds_400_ms_033,B,400,33,11,1,4,3.945434488940817,0.9454344889408168,0.6781374216079712,0.0,-3.0170555114746094,1.0,2.0
cm_B_ds_400_ms_033,B,400,33,11,1,5,5.023705221344095,0.023705221344094696,0.6353642344474792,0.0,-3.0170555114746094,1.0,2.0
cm_B_ds_400_ms_033,B,400,33,11,1,6,6.305773316818434,0.305773316818434,0.8170332312583923,0.0,-3.0170555114746094,1.0,2.0
cm_B_ds_400_ms_033,B,400,33,11,1,7,7.149547566125129,0.1495475661251291,0.8184304237365723,0.0,-3.0170555114746094,1.0,2.0
cm_B_ds_400_ms_033,B,400,33,11,1,8,7.983997544740887,0.9839975447408866,0.8288751840591431,0.0,-3.0170555114746094,1.0,2.0
cm_B_ds_400_ms_033,B,400,33,11,1,9,8.827194415389743,0.8271944153897426,0.7666035890579224,0.0,-3.0170555114746094,1.0,2.0
cm_B_ds_400_ms_033,B,400,33,11,1,10,9.921002158553003,0.9210021585530033,0.6788128614425659,0.0,-3.0170555114746094,1.0,2.0
cm_B_ds_400_ms_033,B,400,33,11,1,11,10.94050108631408,0.9405010863140806,0.6231846809387207,0.0,-3.0170555114746094,1.0,2.0
cm_B_ds_400_ms_033,B,400,33,11,1,12,12.273186954817477,0.27318695481747746,0.6278557777404785,0.0,-3.0170555114746094,1.0,2.0
cm_B_ds_400_ms_033,B,400,33,11,1,13,13.199304750501994,0.19930475050199448,0.6835768818855286,0.0,-3.0170555114746094,1.0,2.0
cm_B_ds_400_ms_033,B,400,33,11,1,14,14.113096635028324,0.11309663502832379,0.8870755434036255,0.0,-3.0170555114746094,1.0,2.0
cm_B_ds_400_ms_033,B,400,33,11,1,15,15.071250142867942,0.0712501428679424,0.8834335207939148,0.0,-3.0170555114746094,1.0,2.0
cm_B_ds_400_ms_033,B,400,33,12,0,0,-0.28275419809442764,0.7172458019055723,0.8596603274345398,1.0,-2.7521162033081055,0.0,2.0
cm_B_ds_400_ms_033,B,400,33,12,0,1,0.8330323349080254,0.8330323349080254,0.7737827897071838,1.0,-2.7521162033081055,0.0,2.0
cm_B_ds_400_ms_033,B,400,33,12,0,2,2.384397334428089,0.3843973344280891,0.6044511795043945,1.0,-2.7521162033081055,0.0,2.0
cm_B_ds_400_ms_033,B,400,33,12,0,3,3.3457639150352625,0.3457639150352625,0.6164166927337646,1.0,-2.7521162033081055,0.0,2.0
cm_B_ds_400_ms_033,B,400,33,12,0,4,3.896333625035429,0.896333625035429,0.46602916717529297,1.0,-2.7521162033081055,0.0,2.0
cm_B_ds_400_ms_033,B,400,33,12,0,5,5.363791875549627,0.36379187554962744,0.6527073383331299,1.0,-2.7521162033081055,0.0,2.0
cm_B_ds_400_ms_033,B,400,33,12,0,6,6.323513594822681,0.32351359482268105,0.5469934940338135,1.0,-2.7521162033081055,0.0,2.0
cm_B_ds_400_ms_033,B,400,33,12,0,7,7.3479660793338155,0.3479660793338155,0.5940187573432922,1.0,-2.7521162033081055,0.0,2.0
cm_B_ds_400_ms_033,B,400,33,12,0,8,8.301943154168942,0.30194315416894213,0.6037951707839966,1.0,-2.7521162033081055,0.0,2.0
cm_B_ds_400_ms_033,B,400,33,12,0,9,9.368969877378564,0.36896987737856435,0.5530712604522705,1.0,-2.7521162033081055,0.0,2.0
cm_B_ds_400_ms_033,B,400,33,12,0,10,9.493456601627253,0.493456601627253,0.7876788377761841,1.0,-2.7521162033081055,0.0,2.0
cm_B_ds_400_ms_033,B,400,33,12,0,11,11.052799110315911,0.052799110315911335,0.6547275185585022,1.0,-2.7521162033081055,0.0,2.0
cm_B_ds_400_ms_033,B,400,33,12,0,12,12.050309078845032,0.05030907884503222,0.4501959979534149,1.0,-2.7521162033081055,0.0,2.0
cm_B_ds_400_ms_033,B,400,33,12,0,13,13.283922598091449,0.2839225980914488,0.6238784193992615,1.0,-2.7521162033081055,0.0,2.0
cm_B_ds_400_ms_033,B,400,33,12,0,14,13.956037497537752,0.9560374975377517,0.7491917014122009,1.0,-2.7521162033081055,0.0,2.0
cm_B_ds_400_ms_033,B,400,33,12,0,15,15.05911001285518,0.05911001285518047,0.8760963082313538,1.0,-2.7521162033081055,0.0,2.0
cm_B_ds_400_ms_033,B,400,33,12,1,0,-0.28136558269066864,0.7186344173093313,0.8471495509147644,1.0,-2.148130178451538,0.0,2.0
cm_B_ds_400_ms_033,B,400,33,12,1,1,0.8343318922341064,0.8343318922341064,0.7701155543327332,1.0,-2.148130178451538,0.0,2.0
cm_B_ds_400_ms_033,B,400,33,12,1,2,2.390671394417681,0.39067139441768095,0.6042201519012451,1.0,-2.148130178451538,0.0,2.0
cm_B_ds_400_ms_033,B,400,33,12,1,3,3.3651285638061195,0.36512856380611947,0.6088688373565674,1.0,-2.148130178451538,0.0,2.0
cm_B_ds_400_ms_033,B,400,33,12,1,4,3.979606077140372,0.9796060771403718,0.48481321334838867,1.0,-2.148130178451538,0.0,2.0
cm_B_ds_400_ms_033,B,400,33,12,1,5,5.345295723277233,0.3452957232772329,0.685979425907135,1.0,-2.148130178451538,0.0,2.0
cm_B_ds_400_ms_033,B,400,33,12,1,6,6.303815329256364,0.3038153292563637,0.5692844986915588,1.0,-2.148130178451538,0.0,2.0
cm_B_ds_400_ms_033,B,400,33,12,1,7,7.345485961755193,0.34548596175519286,0.6047223806381226,1.0,-2.148130178451538,0.0,2.0
cm_B_ds_400_ms_033,B,400,33,12,1,8,8.31869927780478,0.3186992778047806,0.6166061162948608,1.0,-2.148130178451538,0.0,2.0
cm_B_ds_400_ms_033,B,400,33,12,1,9,9.353040054850316,0.3530400548503163,0.5515356659889221,1.0,-2.148130178451538,0.0,2.0
cm_B_ds_400_ms_033,B,400,33,12,1,10,9.501220553547798,0.5012205535477978,0.8212679624557495,1.0,-2.148130178451538,0.0,2.0
cm_B_ds_400_ms_033,B,400,33,12,1,11,11.09332004236791,0.09332004236791036,0.7025020122528076,1.0,-2.148130178451538,0.0,2.0
cm_B_ds_400_ms_033,B,400,33,12,1,12,12.093915435018097,0.09391543501809707,0.4543933868408203,1.0,-2.148130178451538,0.0,2.0
cm_B_ds_400_ms_033,B,400,33,12,1,13,13.31129313926145,0.3112931392614495,0.6279834508895874,1.0,-2.148130178451538,0.0,2.0
cm_B_ds_400_ms_033,B,400,33,12,1,14,13.981806435238376,0.9818064352383757,0.7951693534851074,1.0,-2.148130178451538,0.0,2.0
cm_B_ds_400_ms_033,B,400,33,12,1,15,15.047908502616359,0.04790850261635882,0.8777015209197998,1.0,-2.148130178451538,0.0,2.0
cm_B_ds_400_ms_033,B,400,33,13,0,0,0.17224312233420302,0.17224312233420302,0.7123729586601257,1.0,-3.6004514694213867,0.0,2.0
cm_B_ds_400_ms_033,B,400,33,13,0,1,1.2186182942695984,0.21861829426959845,0.7486057281494141,1.0,-3.6004514694213867,0.0,2.0
cm_B_ds_400_ms_033,B,400,33,13,0,2,2.2410972335655535,0.24109723356555346,0.688852846622467,1.0,-3.6004514694213867,0.0,2.0
cm_B_ds_400_ms_033,B,400,33,13,0,3,2.8008802616281407,0.8008802616281407,0.6289036870002747,1.0,-3.6004514694213867,0.0,2.0
cm_B_ds_400_ms_033,B,400,33,13,0,4,3.91971017514277,0.9197101751427699,0.48890194296836853,1.0,-3.6004514694213867,0.0,2.0
cm_B_ds_400_ms_033,B,400,33,13,0,5,5.228747196663914,0.22874719666391385,0.5937610864639282,1.0,-3.6004514694213867,0.0,2.0
cm_B_ds_400_ms_033,B,400,33,13,0,6,6.370363228377632,0.3703632283776317,0.6001693606376648,1.0,-3.6004514694213867,0.0,2.0
cm_B_ds_400_ms_033,B,400,33,13,0,7,7.135350486698322,0.1353504866983224,0.6839113831520081,1.0,-3.6004514694213867,0.0,2.0
cm_B_ds_400_ms_033,B,400,33,13,0,8,7.782723708895172,0.7827237088951717,0.8706985712051392,1.0,-3.6004514694213867,0.0,2.0
cm_B_ds_400_ms_033,B,400,33,13,0,9,8.985112638895922,0.9851126388959219,0.6946092844009399,1.0,-3.6004514694213867,0.0,2.0
cm_B_ds_400_ms_033,B,400,33,13,0,10,9.644204644324734,0.6442046443247342,0.5815058946609497,1.0,-3.6004514694213867,0.0,2.0
cm_B_ds_400_ms_033,B,400,33,13,0,11,10.913023690629064,0.9130236906290641,0.5698205232620239,1.0,-3.6004514694213867,0.0,2.0
cm_B_ds_400_ms_033,B,400,33,13,0,12,11.873785420039738,0.8737854200397379,0.6691179275512695,1.0,-3.6004514694213867,0.0,2.0
cm_B_ds_400_ms_033,B,400,33,13,0,13,12.645787434420013,0.6457874344200132,0.5482243299484253,1.0,-3.6004514694213867,0.0,2.0
cm_B_ds_400_ms_033,B,400,33,13,0,14,13.80208564077359,0.8020856407735906,0.6772961616516113,1.0,-3.6004514694213867,0.0,2.0
cm_B_ds_400_ms_033,B,400,33,13,0,15,14.763608708603748,0.7636087086037477,0.72469562292099,1.0,-3.6004514694213867,0.0,2.0
cm_B_ds_400_ms_033,B,400,33,13,1,0,0.2262107426689448,0.2262107426689448,0.727251410484314,1.0,-3.53599214553833,0.0,2.0
cm_B_ds_400_ms_033,B,400,33,13,1,1,1.2529437135074606,0.2529437135074606,0.7705847024917603,1.0,-3.53599214553833,0.0,2.0
cm_B_ds_400_ms_033,B,400,33,13,1,2,2.1720874307034492,0.17208743070344923,0.7526245713233948,1.0,-3.53599214553833,0.0,2.0
cm_B_ds_400_ms_033,B,400,33,13,1,3,2.7027140508010494,0.7027140508010494,0.6598974466323853,1.0,-3.53599214553833,0.0,2.0
cm_B_ds_400_ms_033,B,400,33,13,1,4,3.876496327174007,0.8764963271740069,0.5605409741401672,1.0,-3.53599214553833,0.0,2.0
cm_B_ds_400_ms_033,B,400,33,13,1,5,5.167541416165485,0.16754141616548512,0.6005586981773376,1.0,-3.53599214553833,0.0,2.0
cm_B_ds_400_ms_033,B,400,33,13,1,6,6.215158259573746,0.21515825957374624,0.6361541748046875,1.0,-3.53599214553833,0.0,2.0
cm_B_ds_400_ms_033,B,400,33,13,1,7,7.113315385743972,0.11331538574397193,0.7537724375724792,1.0,-3.53599214553833,0.0,2.0
cm_B_ds_400_ms_033,B,400,33,13,1,8,7.714742987868017,0.7147429878680169,0.9039222002029419,1.0,-3.53599214553833,0.0,2.0
cm_B_ds_400_ms_033,B,400,33,13,1,9,8.962296164300522,0.9622961643005219,0.751960277557373,1.0,-3.53599214553833,0.0,2.0
cm_B_ds_400_ms_033,B,400,33,13,1,10,9.765775940271698,0.7657759402716984,0.60425865650177,1.0,-3.53599214553833,0.0,2.0
cm_B_ds_400_ms_033,B,400,33,13,1,11,10.966323451272213,0.9663234512722134,0.592009425163269,1.0,-3.53599214553833,0.0,2.0
cm_B_ds_400_ms_033,B,400,33,13,1,12,11.801083065130344,0.801083065130344,0.7227017879486084,1.0,-3.53599214553833,0.0,2.0
cm_B_ds_400_ms_033,B,400,33,13,1,13,12.64377662672836,0.6437766267283607,0.5699521899223328,1.0,-3.53599214553833,0.0,2.0
cm_B_ds_400_ms_033,B,400,33,13,1,14,13.783950729617299,0.783950729617299,0.706036388874054,1.0,-3.53599214553833,0.0,2.0
cm_B_ds_400_ms_033,B,400,33,13,1,15,14.931921569334797,0.9319215693347971,0.7574085593223572,1.0,-3.53599214553833,0.0,2.0
cm_B_ds_400_ms_033,B,400,33,14,0,0,0.07094057876079346,0.07094057876079346,0.9475205540657043,1.0,-2.0034828186035156,0.0,2.0
cm_B_ds_400_ms_033,B,400,33,14,0,1,1.0057737385149286,0.0057737385149285725,0.9441970586776733,1.0,-2.0034828186035156,0.0,2.0
cm_B_ds_400_ms_033,B,400,33,14,0,2,1.6749466478127353,0.6749466478127353,0.9315727949142456,1.0,-2.0034828186035156,0.0,2.0
cm_B_ds_400_ms_033,B,400,33,14,0,3,2.8339687336073136,0.8339687336073136,0.8605215549468994,1.0,-2.0034828186035156,0.0,2.0
cm_B_ds_400_ms_033,B,400,33,14,0,4,3.865174909169757,0.8651749091697569,0.7727798819541931,1.0,-2.0034828186035156,0.0,2.0
cm_B_ds_400_ms_033,B,400,33,14,0,5,4.864530243030634,0.8645302430306341,0.7294317483901978,1.0,-2.0034828186035156,0.0,2.0
cm_B_ds_400_ms_033,B,400,33,14,0,6,5.829856056626691,0.8298560566266913,0.8372918367385864,1.0,-2.0034828186035156,0.0,2.0
cm_B_ds_400_ms_033,B,400,33,14,0,7,7.052287493727927,0.05228749372792674,0.7571251392364502,1.0,-2.0034828186035156,0.0,2.0
cm_B_ds_400_ms_033,B,400,33,14,0,8,7.851018315060185,0.8510183150601849,0.6104912757873535,1.0,-2.0034828186035156,0.0,2.0
cm_B_ds_400_ms_033,B,400,33,14,0,9,9.168960689003173,0.16896068900317296,0.7417184114456177,1.0,-2.0034828186035156,0.0,2.0
cm_B_ds_400_ms_033,B,400,33,14,0,10,10.247011641097158,0.24701164109715812,0.8452209830284119,1.0,-2.0034828186035156,0.0,2.0
cm_B_ds_400_ms_033,B,400,33,14,0,11,11.337393968500665,0.33739396850066505,0.7474529147148132,1.0,-2.0034828186035156,0.0,2.0
cm_B_ds_400_ms_033,B,400,33,14,0,12,11.995949272842697,0.9959492728426973,0.7542210817337036,1.0,-2.0034828186035156,0.0,2.0
cm_B_ds_400_ms_033,B,400,33,14,0,13,13.105253349194882,0.10525334919488216,0.8258085250854492,1.0,-2.0034828186035156,0.0,2.0
cm_B_ds_400_ms_033,B,400,33,14,0,14,14.066664705486614,0.0666647054866143,0.8977524042129517,1.0,-2.0034828186035156,0.0,2.0
cm_B_ds_400_ms_033,B,400,33,14,0,15,15.003436382020498,0.0034363820204976747,0.9298304319381714,1.0,-2.0034828186035156,0.0,2.0
cm_B_ds_400_ms_033,B,400,33,14,1,0,0.06907329516226351,0.06907329516226351,0.9362065196037292,1.0,-1.7788686752319336,0.0,2.0
cm_B_ds_400_ms_033,B,400,33,14,1,1,1.0799312272814987,0.0799312272814987,0.9349148869514465,1.0,-1.7788686752319336,0.0,2.0
cm_B_ds_400_ms_033,B,400,33,14,1,2,1.6601419851137604,0.6601419851137604,0.9173177480697632,1.0,-1.7788686752319336,0.0,2.0
cm_B_ds_400_ms_033,B,400,33,14,1,3,2.851496213273419,0.851496213273419,0.8505159616470337,1.0,-1.7788686752319336,0.0,2.0
cm_B_ds_400_ms_033,B,400,33,14,1,4,3.873252442664196,0.8732524426641959,0.7560941576957703,1.0,-1.7788686752319336,0.0,2.0
cm_B_ds_400_ms_033,B,400,33,14,1,5,4.849546022247479,0.8495460222474787,0.7003560066223145,1.0,-1.7788686752319336,0.0,2.0
cm_B_ds_400_ms_033,B,400,33,14,1,6,5.821571796073374,0.8215717960733739,0.8061736226081848,1.0,-1.7788686752319336,0.0,2.0
cm_B_ds_400_ms_033,B,400,33,14,1,7,7.074937008143615,0.07493700814361492,0.7552246451377869,1.0,-1.7788686752319336,0.0,2.0
cm_B_ds_400_ms_033,B,400,33,14,1,8,7.870095488757975,0.8700954887579746,0.6002023816108704,1.0,-1.7788686752319336,0.0,2.0
cm_B_ds_400_ms_033,B,400,33,14,1,9,9.241811183126567,0.24181118312656658,0.7205631136894226,1.0,-1.7788686752319336,0.0,2.0
cm_B_ds_400_ms_033,B,400,33,14,1,10,10.273075642969927,0.2730756429699266,0.8204167485237122,1.0,-1.7788686752319336,0.0,2.0
cm_B_ds_400_ms_033,B,400,33,14,1,11,11.349229320294464,0.3492293202944641,0.6998788118362427,1.0,-1.7788686752319336,0.0,2.0
cm_B_ds_400_ms_033,B,400,33,14,1,12,12.01192645134919,0.011926451349189904,0.7436090111732483,1.0,-1.7788686752319336,0.0,2.0
cm_B_ds_400_ms_033,B,400,33,14,1,13,13.109397604419282,0.10939760441928215,0.8246634006500244,1.0,-1.7788686752319336,0.0,2.0
cm_B_ds_400_ms_033,B,400,33,14,1,14,14.023916828201228,0.023916828201228313,0.8832749128341675,1.0,-1.7788686752319336,0.0,2.0
cm_B_ds_400_ms_033,B,400,33,14,1,15,14.977265525632713,0.9772655256327134,0.9247448444366455,1.0,-1.7788686752319336,0.0,2.0
cm_B_ds_400_ms_033,B,400,33,15,0,0,-0.3625105826511343,0.6374894173488657,0.9678837060928345,1.0,-2.682166337966919,0.0,6.0
cm_B_ds_400_ms_033,B,400,33,15,0,1,0.6421296859710307,0.6421296859710307,0.9747684001922607,1.0,-2.682166337966919,0.0,6.0
cm_B_ds_400_ms_033,B,400,33,15,0,2,1.6705003464450385,0.6705003464450385,0.9432320594787598,1.0,-2.682166337966919,0.0,6.0
cm_B_ds_400_ms_033,B,400,33,15,0,3,2.6481569282226927,0.6481569282226927,0.688571572303772,1.0,-2.682166337966919,0.0,6.0
cm_B_ds_400_ms_033,B,400,33,15,0,4,4.032237389936748,0.03223738993674807,0.657374382019043,1.0,-2.682166337966919,0.0,6.0
cm_B_ds_400_ms_033,B,400,33,15,0,5,4.644321604985828,0.6443216049858282,0.8985986709594727,1.0,-2.682166337966919,0.0,6.0
cm_B_ds_400_ms_033,B,400,33,15,0,6,6.285363497322583,0.28536349732258337,0.9266596436500549,1.0,-2.682166337966919,0.0,6.0
cm_B_ds_400_ms_033,B,400,33,15,0,7,6.769810297749839,0.7698102977498387,0.6871352195739746,1.0,-2.682166337966919,0.0,6.0
cm_B_ds_400_ms_033,B,400,33,15,0,8,7.7777064037128625,0.7777064037128625,0.6290881037712097,1.0,-2.682166337966919,0.0,6.0
cm_B_ds_400_ms_033,B,400,33,15,0,9,8.599570013290082,0.5995700132900819,0.872369647026062,1.0,-2.682166337966919,0.0,6.0
cm_B_ds_400_ms_033,B,400,33,15,0,10,9.999949431311531,0.9999494313115314,0.8285748958587646,1.0,-2.682166337966919,0.0,6.0
cm_B_ds_400_ms_033,B,400,33,15,0,11,11.39920809118117,0.39920809118117084,0.8794585466384888,1.0,-2.682166337966919,0.0,6.0
cm_B_ds_400_ms_033,B,400,33,15,0,12,12.126748913268257,0.12674891326825666,0.6579760909080505,1.0,-2.682166337966919,0.0,6.0
cm_B_ds_400_ms_033,B,400,33,15,0,13,13.09922821165504,0.09922821165504025,0.8264220952987671,1.0,-2.682166337966919,0.0,6.0
cm_B_ds_400_ms_033,B,400,33,15,0,14,14.376945931974028,0.3769459319740278,0.8821876049041748,1.0,-2.682166337966919,0.0,6.0
cm_B_ds_400_ms_033,B,400,33,15,0,15,14.885976556389918,0.8859765563899185,0.8772826194763184,1.0,-2.682166337966919,0.0,6.0
cm_B_ds_400_ms_033,B,400,33,15,1,0,-0.34968568822858287,0.6503143117714172,0.967812716960907,1.0,-2.627300262451172,0.0,6.0
cm_B_ds_400_ms_033,B,400,33,15,1,1,0.6657776222613935,0.6657776222613935,0.9728822708129883,1.0,-2.627300262451172,0.0,6.0
cm_B_ds_400_ms_033,B,400,33,15,1,2,1.6669436392712407,0.6669436392712407,0.9452457427978516,1.0,-2.627300262451172,0.0,6.0
cm_B_ds_400_ms_033,B,400,33,15,1,3,2.6618613233373694,0.6618613233373694,0.6961386203765869,1.0,-2.627300262451172,0.0,6.0
cm_B_ds_400_ms_033,B,400,33,15,1,4,4.027001215137036,0.027001215137035572,0.6687663793563843,1.0,-2.627300262451172,0.0,6.0
cm_B_ds_400_ms_033,B,400,33,15,1,5,4.627668389533485,0.6276683895334854,0.8947558403015137,1.0,-2.627300262451172,0.0,6.0
cm_B_ds_400_ms_033,B,400,33,15,1,6,6.288699665277181,0.28869966527718116,0.9303668737411499,1.0,-2.627300262451172,0.0,6.0
cm_B_ds_400_ms_033,B,400,33,15,1,7,6.760594702957694,0.760594702957694,0.689928412437439,1.0,-2.627300262451172,0.0,6.0
cm_B_ds_400_ms_033,B,400,33,15,1,8,7.758176919710035,0.758176919710035,0.6190776824951172,1.0,-2.627300262451172,0.0,6.0
cm_B_ds_400_ms_033,B,400,33,15,1,9,8.609728477751652,0.6097284777516521,0.8489992022514343,1.0,-2.627300262451172,0.0,6.0
cm_B_ds_400_ms_033,B,400,33,15,1,10,10.035847691333265,0.03584769133326482,0.8263906240463257,1.0,-2.627300262451172,0.0,6.0
cm_B_ds_400_ms_033,B,400,33,15,1,11,11.398778244609405,0.3987782446094048,0.8714570999145508,1.0,-2.627300262451172,0.0,6.0
cm_B_ds_400_ms_033,B,400,33,15,1,12,12.138659548924906,0.13865954892490606,0.6682223081588745,1.0,-2.627300262451172,0.0,6.0
cm_B_ds_400_ms_033,B,400,33,15,1,13,13.103428322648654,0.10342832264865365,0.8325899839401245,1.0,-2.627300262451172,0.0,6.0
cm_B_ds_400_ms_033,B,400,33,15,1,14,14.370164313038112,0.3701643130381118,0.8713021278381348,1.0,-2.627300262451172,0.0,6.0
cm_B_ds_400_ms_033,B,400,33,15,1,15,14.859415923873499,0.8594159238734989,0.8690793514251709,1.0,-2.627300262451172,0.0,6.0
cm_E_ds_050_ms_003,E,50,3,0,0,0,0.15051258141221818,0.15051258141221818,0.8815262317657471,0.0,-0.2325815111398697,1.0,2.0
cm_E_ds_050_ms_003,E,50,3,0,0,1,1.2723211878557592,0.2723211878557592,0.8682146668434143,0.0,-0.2325815111398697,1.0,2.0
cm_E_ds_050_ms_003,E,50,3,0,0,2,1.7494480745495111,0.7494480745495111,0.9351034760475159,0.0,-0.2325815111398697,1.0,2.0
cm_E_ds_050_ms_003,E,50,3,0,0,3,2.7571597654049445,0.7571597654049445,0.8880080580711365,0.0,-0.2325815111398697,1.0,2.0
cm_E_ds_050_ms_003,E,50,3,0,0,4,3.911308738899691,0.9113087388996912,0.8393095135688782,0.0,-0.2325815111398697,1.0,2.0
cm_E_ds_050_ms_003,E,50,3,0,0,5,5.16417914171006,0.16417914171006043,0.5712520480155945,0.0,-0.2325815111398697,1.0,2.0
cm_E_ds_050_ms_003,E,50,3,0,0,6,5.653401610404988,0.6534016104049876,0.7336605787277222,0.0,-0.2325815111398697,1.0,2.0
cm_E_ds_050_ms_003,E,50,3,0,0,7,7.033511455481543,0.033511455481542995,0.8505331873893738,0.0,-0.2325815111398697,1.0,2.0
cm_E_ds_050_ms_003,E,50,3,0,0,8,8.019528492367256,0.019528492367255623,0.8944556713104248,0.0,-0.2325815111398697,1.0,2.0
cm_E_ds_050_ms_003,E,50,3,0,0,9,9.093059377050508,0.09305937705050837,0.8259472846984863,0.0,-0.2325815111398697,1.0,2.0
cm_E_ds_050_ms_003,E,50,3,0,0,10,10.318057751023815,0.31805775102381517,0.5892091989517212,0.0,-0.2325815111398697,1.0,2.0
cm_E_ds_050_ms_003,E,50,3,0,0,11,10.745713805232137,0.7457138052321373,0.5835370421409607,0.0,-0.2325815111398697,1.0,2.0
cm_E_ds_050_ms_003,E,50,3,0,0,12,12.293730949585024,0.293730949585024,0.8603849411010742,0.0,-0.2325815111398697,1.0,2.0
cm_E_ds_050_ms_003,E,50,3,0,0,13,13.265679618164288,0.2656796181642882,0.8658734560012817,0.0,-0.2325815111398697,1.0,2.0
cm_E_ds_050_ms_003,E,50,3,0,0,14,14.212377836291925,0.21237783629192464,0.9536936283111572,0.0,-0.2325815111398697,1.0,2.0
cm_E_ds_050_ms_003,E,50,3,0,0,15,14.952865054277797,0.9528650542777974,0.9405430555343628,0.0,-0.2325815111398697,1.0,2.0
cm_E_ds_050_ms_003,E,50,3,0,1,0,0.1381936901706786,0.1381936901706786,0.9154778718948364,0.0,-0.26308393478393555,1.0,2.0
cm_E_ds_050_ms_003,E,50,3,0,1,1,1.2038119619688263,0.20381196196882634,0.89841628074646,0.0,-0.26308393478393555,1.0,2.0
cm_E_ds_050_ms_003,E,50,3,0,1,2,1.6854526930120675,0.6854526930120675,0.9472561478614807,0.0,-0.26308393478393555,1.0,2.0
cm_E_ds_050_ms_003,E,50,3,0,1,3,2.704397312976504,0.704397312976504,0.8789427876472473,0.0,-0.26308393478393555,1.0,2.0
cm_E_ds_050_ms_003,E,50,3,0,1,4,3.8821125640555363,0.8821125640555363,0.7933911085128784,0.0,-0.26308393478393555,1.0,2.0
cm_E_ds_050_ms_003,E,50,3,0,1,5,5.169426548376409,0.1694265483764088,0.5768640637397766,0.0,-0.26308393478393555,1.0,2.0
cm_E_ds_050_ms_003,E,50,3,0,1,6,5.687176136940793,0.6871761369407929,0.7506742477416992,0.0,-0.26308393478393555,1.0,2.0
cm_E_ds_050_ms_003,E,50,3,0,1,7,7.077462660316704,0.07746266031670412,0.8423969745635986,0.0,-0.26308393478393555,1.0,2.0
cm_E_ds_050_ms_003,E,50,3,0,1,8,8.026090938121804,0.026090938121804186,0.8728794455528259,0.0,-0.26308393478393555,1.0,2.0
cm_E_ds_050_ms_003,E,50,3,0,1,9,9.058919359503117,0.05891935950311655,0.8219681978225708,0.0,-0.26308393478393555,1.0,2.0
cm_E_ds_050_ms_003,E,50,3,0,1,10,10.309096542832759,0.30909654283275856,0.5983867645263672,0.0,-0.26308393478393555,1.0,2.0
cm_E_ds_050_ms_003,E,50,3,0,1,11,10.794092186905319,0.7940921869053188,0.5914550423622131,0.0,-0.26308393478393555,1.0,2.0
cm_E_ds_050_ms_003,E,50,3,0,1,12,12.307792032356357,0.30779203235635677,0.8450124263763428,0.0,-0.26308393478393555,1.0,2.0
cm_E_ds_050_ms_003,E,50,3,0,1,13,13.328625427299274,0.3286254272992739,0.8532497882843018,0.0,-0.26308393478393555,1.0,2.0
cm_E_ds_050_ms_003,E,50,3,0,1,14,14.290496986559084,0.2904969865590843,0.9602581262588501,0.0,-0.26308393478393555,1.0,2.0
cm_E_ds_050_ms_003,E,50,3,0,1,15,15.050541009304464,0.05054100930446381,0.9531117677688599,0.0,-0.26308393478393555,1.0,2.0
cm_E_ds_050_ms_003,E,50,3,1,0,0,0.2082277083579475,0.2082277083579475,0.8932762742042542,0.0,-0.15894481539726257,1.0,3.0
cm_E_ds_050_ms_003,E,50,3,1,0,1,1.4494950047790467,0.4494950047790467,0.8345180749893188,0.0,-0.15894481539726257,1.0,3.0
cm_E_ds_050_ms_003,E,50,3,1,0,2,1.8299556660784329,0.8299556660784329,0.9338411092758179,0.0,-0.15894481539726257,1.0,3.0
cm_E_ds_050_ms_003,E,50,3,1,0,3,2.8305002117647997,0.8305002117647997,0.8868460059165955,0.0,-0.15894481539726257,1.0,3.0
cm_E_ds_050_ms_003,E,50,3,1,0,4,3.9635238655026415,0.9635238655026415,0.8543685674667358,0.0,-0.15894481539726257,1.0,3.0
cm_E_ds_050_ms_003,E,50,3,1,0,5,5.136290720418991,0.13629072041899093,0.564132034778595,0.0,-0.15894481539726257,1.0,3.0
cm_E_ds_050_ms_003,E,50,3,1,0,6,5.641741111453942,0.6417411114539417,0.7451594471931458,0.0,-0.15894481539726257,1.0,3.0
cm_E_ds_050_ms_003,E,50,3,1,0,7,7.099603401530217,0.09960340153021718,0.8702820539474487,0.0,-0.15894481539726257,1.0,3.0
cm_E_ds_050_ms_003,E,50,3,1,0,8,8.053362517439831,0.053362517439831336,0.890042245388031,0.0,-0.15894481539726257,1.0,3.0
cm_E_ds_050_ms_003,E,50,3,1,0,9,9.187128992195406,0.18712899219540624,0.8334616422653198,0.0,-0.15894481539726257,1.0,3.0
cm_E_ds_050_ms_003,E,50,3,1,0,10,10.323744111180822,0.32374411118082236,0.5638903379440308,0.0,-0.15894481539726257,1.0,3.0
cm_E_ds_050_ms_003,E,50,3,1,0,11,10.749598209704114,0.7495982097041143,0.5745161771774292,0.0,-0.15894481539726257,1.0,3.0
cm_E_ds_050_ms_003,E,50,3,1,0,12,12.334125599028368,0.33412559902836847,0.8594891428947449,0.0,-0.15894481539726257,1.0,3.0
cm_E_ds_050_ms_003,E,50,3,1,0,13,13.329152414339235,0.3291524143392355,0.8767180442810059,0.0,-0.15894481539726257,1.0,3.0
cm_E_ds_050_ms_003,E,50,3,1,0,14,14.275137864281485,0.27513786428148457,0.9577058553695679,0.0,-0.15894481539726257,1.0,3.0
cm_E_ds_050_ms_003,E,50,3,1,0,15,15.025082921102065,0.025082921102065114,0.9409666657447815,0.0,-0.15894481539726257,1.0,3.0
cm_E_ds_050_ms_003,E,50,3,1,1,0,0.20156389121246762,0.20156389121246762,0.9010640382766724,0.0,-0.1461801528930664,1.0,3.0
cm_E_ds_050_ms_003,E,50,3,1,1,1,1.4435219284588798,0.44352192845887983,0.8337572813034058,0.0,-0.1461801528930664,1.0,3.0
cm_E_ds_050_ms_003,E,50,3,1,1,2,1.8661916410091293,0.8661916410091293,0.9346241354942322,0.0,-0.1461801528930664,1.0,3.0
cm_E_ds_050_ms_003,E,50,3,1,1,3,2.845001765846608,0.8450017658466078,0.8974217176437378,0.0,-0.1461801528930664,1.0,3.0
cm_E_ds_050_ms_003,E,50,3,1,1,4,3.980701639483242,0.9807016394832422,0.8689447641372681,0.0,-0.1461801528930664,1.0,3.0
cm_E_ds_050_ms_003,E,50,3,1,1,5,5.148373780406688,0.14837378040668803,0.5678167939186096,0.0,-0.1461801528930664,1.0,3.0
cm_E_ds_050_ms_003,E,50,3,1,1,6,5.638783184197382,0.6387831841973819,0.7513855695724487,0.0,-0.1461801528930664,1.0,3.0
cm_E_ds_050_ms_003,E,50,3,1,1,7,7.075824022043827,0.0758240220438271,0.8703836798667908,0.0,-0.1461801528930664,1.0,3.0
cm_E_ds_050_ms_003,E,50,3,1,1,8,8.055913061857895,0.05591306185789513,0.8962324857711792,0.0,-0.1461801528930664,1.0,3.0
cm_E_ds_050_ms_003,E,50,3,1,1,9,9.20210319536778,0.20210319536777988,0.8439339399337769,0.0,-0.1461801528930664,1.0,3.0
cm_E_ds_050_ms_003,E,50,3,1,1,10,10.334510917824469,0.33451091782446873,0.5728186368942261,0.0,-0.1461801528930664,1.0,3.0
cm_E_ds_050_ms_003,E,50,3,1,1,11,10.741463909748573,0.7414639097485729,0.5813250541687012,0.0,-0.1461801528930664,1.0,3.0
cm_E_ds_050_ms_003,E,50,3,1,1,12,12.32964985195625,0.3296498519562494,0.8837568759918213,0.0,-0.1461801528930664,1.0,3.0
cm_E_ds_050_ms_003,E,50,3,1,1,13,13.315398538298572,0.315398538298572,0.8989427089691162,0.0,-0.1461801528930664,1.0,3.0
cm_E_ds_050_ms_003,E,50,3,1,1,14,14.252564847984502,0.25256484798450174,0.9552538394927979,0.0,-0.1461801528930664,1.0,3.0
cm_E_ds_050_ms_003,E,50,3,1,1,15,14.97950218491292,0.9795021849129206,0.9391756057739258,0.0,-0.1461801528930664,1.0,3.0
cm_E_ds_050_ms_003,E,50,3,2,0,0,0.15494041281003437,0.15494041281003437,0.8891010880470276,0.0,-0.08655913174152374,1.0,2.0
cm_E_ds_050_ms_003,E,50,3,2,0,1,1.104022594630977,0.10402259463097696,0.9309425354003906,0.0,-0.08655913174152374,1.0,2.0
cm_E_ds_050_ms_003,E,50,3,2,0,2,1.7029558875611237,0.7029558875611237,0.9643748998641968,0.0,-0.08655913174152374,1.0,2.0
cm_E_ds_050_ms_003,E,50,3,2,0,3,2.693453528542365,0.6934535285423649,0.9142370223999023,0.0,-0.08655913174152374,1.0,2.0
cm_E_ds_050_ms_003,E,50,3,2,0,4,3.8363217616039185,0.8363217616039185,0.8603970408439636,0.0,-0.08655913174152374,1.0,2.0
cm_E_ds_050_ms_003,E,50,3,2,0,5,5.190855735660389,0.1908557356603886,0.5821899771690369,0.0,-0.08655913174152374,1.0,2.0
cm_E_ds_050_ms_003,E,50,3,2,0,6,5.638904002654701,0.6389040026547006,0.6973913908004761,0.0,-0.08655913174152374,1.0,2.0
cm_E_ds_050_ms_003,E,50,3,2,0,7,7.0094181908572954,0.00941819085729545,0.8433866500854492,0.0,-0.08655913174152374,1.0,2.0
cm_E_ds_050_ms_003,E,50,3,2,0,8,8.004829925273388,0.0048299252733876585,0.8839718103408813,0.0,-0.08655913174152374,1.0,2.0
cm_E_ds_050_ms_003,E,50,3,2,0,9,9.176098084903854,0.17609808490385426,0.8382589817047119,0.0,-0.08655913174152374,1.0,2.0
cm_E_ds_050_ms_003,E,50,3,2,0,10,10.365892146075101,0.365892146075101,0.6755878925323486,0.0,-0.08655913174152374,1.0,2.0
cm_E_ds_050_ms_003,E,50,3,2,0,11,10.891371080268234,0.8913710802682342,0.5841152667999268,0.0,-0.08655913174152374,1.0,2.0
cm_E_ds_050_ms_003,E,50,3,2,0,12,12.223988950443895,0.22398895044389455,0.8968163728713989,0.0,-0.08655913174152374,1.0,2.0
cm_E_ds_050_ms_003,E,50,3,2,0,13,13.198786263253,0.19878626325299997,0.886579155921936,0.0,-0.08655913174152374,1.0,2.0
cm_E_ds_050_ms_003,E,50,3,2,0,14,14.204968447080295,0.2049684470802955,0.9547494649887085,0.0,-0.08655913174152374,1.0,2.0
cm_E_ds_050_ms_003,E,50,3,2,0,15,14.76483024999131,0.7648302499913093,0.9013264179229736,0.0,-0.08655913174152374,1.0,2.0
cm_E_ds_050_ms_003,E,50,3,2,1,0,0.1464166877216908,0.1464166877216908,0.8942286968231201,0.0,-0.1063845306634903,1.0,2.0
cm_E_ds_050_ms_003,E,50,3,2,1,1,1.054309062757039,0.05430906275703906,0.93659907579422,0.0,-0.1063845306634903,1.0,2.0
cm_E_ds_050_ms_003,E,50,3,2,1,2,1.7077567516377348,0.7077567516377348,0.965062141418457,0.0,-0.1063845306634903,1.0,2.0
cm_E_ds_050_ms_003,E,50,3,2,1,3,2.6778633940888383,0.6778633940888383,0.9237566590309143,0.0,-0.1063845306634903,1.0,2.0
cm_E_ds_050_ms_003,E,50,3,2,1,4,3.818245134728544,0.818245134728544,0.8613909482955933,0.0,-0.1063845306634903,1.0,2.0
cm_E_ds_050_ms_003,E,50,3,2,1,5,5.195804435387035,0.19580443538703474,0.5873537063598633,0.0,-0.1063845306634903,1.0,2.0
cm_E_ds_050_ms_003,E,50,3,2,1,6,5.629679300943662,0.6296793009436623,0.7069058418273926,0.0,-0.1063845306634903,1.0,2.0
cm_E_ds_050_ms_003,E,50,3,2,1,7,6.987036419857072,0.9870364198570716,0.8439105153083801,0.0,-0.1063845306634903,1.0,2.0
cm_E_ds_050_ms_003,E,50,3,2,1,8,7.993702484641567,0.9937024846415667,0.8775628805160522,0.0,-0.1063845306634903,1.0,2.0
cm_E_ds_050_ms_003,E,50,3,2,1,9,9.181166995959893,0.18116699595989338,0.842582106590271,0.0,-0.1063845306634903,1.0,2.0
cm_E_ds_050_ms_003,E,50,3,2,1,10,10.366631627889241,0.366631627889241,0.6875169277191162,0.0,-0.1063845306634903,1.0,2.0
cm_E_ds_050_ms_003,E,50,3,2,1,11,10.891991565008835,0.8919915650088353,0.585827112197876,0.0,-0.1063845306634903,1.0,2.0
cm_E_ds_050_ms_003,E,50,3,2,1,12,12.205952394011652,0.20595239401165166,0.9000905752182007,0.0,-0.1063845306634903,1.0,2.0
cm_E_ds_050_ms_003,E,50,3,2,1,13,13.19572512424898,0.19572512424898036,0.8960722088813782,0.0,-0.1063845306634903,1.0,2.0
cm_E_ds_050_ms_003,E,50,3,2,1,14,14.189683394409695,0.18968339440969473,0.9538178443908691,0.0,-0.1063845306634903,1.0,2.0
cm_E_ds_050_ms_003,E,50,3,2,1,15,14.77706873472812,0.77706873472812,0.9031956195831299,0.0,-0.1063845306634903,1.0,2.0
cm_E_ds_050_ms_003,E,50,3,3,0,0,0.23519951826240162,0.23519951826240162,0.8720803260803223,0.0,-0.2336098551750183,1.0,2.0
cm_E_ds_050_ms_003,E,50,3,3,0,1,1.1509217850029063,0.15092178500290632,0.932458221912384,0.0,-0.2336098551750183,1.0,2.0
cm_E_ds_050_ms_003,E,50,3,3,0,2,1.7174157015980038,0.7174157015980038,0.9627862572669983,0.0,-0.2336098551750183,1.0,2.0
cm_E_ds_050_ms_003,E,50,3,3,0,3,2.70332087516331,0.70332087516331,0.9570810794830322,0.0,-0.2336098551750183,1.0,2.0
cm_E_ds_050_ms_003,E,50,3,3,0,4,3.7556481205871743,0.7556481205871743,0.8833649754524231,0.0,-0.2336098551750183,1.0,2.0
cm_E_ds_050_ms_003,E,50,3,3,0,5,5.2549981939379595,0.2549981939379595,0.5970313549041748,0.0,-0.2336098551750183,1.0,2.0
cm_E_ds_050_ms_003,E,50,3,3,0,6,5.820125010225183,0.8201250102251834,0.5968257784843445,0.0,-0.2336098551750183,1.0,2.0
cm_E_ds_050_ms_003,E,50,3,3,0,7,6.847057005187015,0.8470570051870148,0.8700462579727173,0.0,-0.2336098551750183,1.0,2.0
cm_E_ds_050_ms_003,E,50,3,3,0,8,7.839392422400934,0.8393924224009339,0.9016420841217041,0.0,-0.2336098551750183,1.0,2.0
cm_E_ds_050_ms_003,E,50,3,3,0,9,9.156403462105095,0.1564034621050947,0.9014794826507568,0.0,-0.2336098551750183,1.0,2.0
cm_E_ds_050_ms_003,E,50,3,3,0,10,10.354334858871514,0.35433485887151406,0.7714064121246338,0.0,-0.2336098551750183,1.0,2.0
cm_E_ds_050_ms_003,E,50,3,3,0,11,10.949051876027012,0.9490518760270117,0.5725143551826477,0.0,-0.2336098551750183,1.0,2.0
cm_E_ds_050_ms_003,E,50,3,3,0,12,12.118494401983323,0.11849440198332317,0.9167931079864502,0.0,-0.2336098551750183,1.0,2.0
cm_E_ds_050_ms_003,E,50,3,3,0,13,12.8502231925055,0.8502231925054993,0.9275519847869873,0.0,-0.2336098551750183,1.0,2.0
cm_E_ds_050_ms_003,E,50,3,3,0,14,13.782448695127822,0.7824486951278224,0.8061439394950867,0.0,-0.2336098551750183,1.0,2.0
cm_E_ds_050_ms_003,E,50,3,3,0,15,14.4764371995001,0.47643719950010066,0.7457889914512634,0.0,-0.2336098551750183,1.0,2.0
cm_E_ds_050_ms_003,E,50,3,3,1,0,0.23794147873195554,0.23794147873195554,0.8780612945556641,0.0,-0.14660397171974182,1.0,2.0
cm_E_ds_050_ms_003,E,50,3,3,1,1,1.1588255281284636,0.15882552812846362,0.9329493641853333,0.0,-0.14660397171974182,1.0,2.0
cm_E_ds_050_ms_003,E,50,3,3,1,2,1.6935359942218051,0.6935359942218051,0.96290123462677,0.0,-0.14660397171974182,1.0,2.0
cm_E_ds_050_ms_003,E,50,3,3,1,3,2.703976876887594,0.703976876887594,0.9548517465591431,0.0,-0.14660397171974182,1.0,2.0
cm_E_ds_050_ms_003,E,50,3,3,1,4,3.7746245110492116,0.7746245110492116,0.8845564126968384,0.0,-0.14660397171974182,1.0,2.0
cm_E_ds_050_ms_003,E,50,3,3,1,5,5.242858671053123,0.2428586710531233,0.597538411617279,0.0,-0.14660397171974182,1.0,2.0
cm_E_ds_050_ms_003,E,50,3,3,1,6,5.833974205350264,0.8339742053502643,0.597274661064148,0.0,-0.14660397171974182,1.0,2.0
cm_E_ds_050_ms_003,E,50,3,3,1,7,6.85253633472118,0.8525363347211803,0.8668268918991089,0.0,-0.14660397171974182,1.0,2.0
cm_E_ds_050_ms_003,E,50,3,3,1,8,7.837527325411576,0.8375273254115756,0.892069935798645,0.0,-0.14660397171974182,1.0,2.0
cm_E_ds_050_ms_003,E,50,3,3,1,9,9.13042567239785,0.13042567239785008,0.8988051414489746,0.0,-0.14660397171974182,1.0,2.0
cm_E_ds_050_ms_003,E,50,3,3,1,10,10.356145314347511,0.3561453143475113,0.7654687166213989,0.0,-0.14660397171974182,1.0,2.0
cm_E_ds_050_ms_003,E,50,3,3,1,11,10.980240037597104,0.9802400375971043,0.5749483704566956,0.0,-0.14660397171974182,1.0,2.0
cm_E_ds_050_ms_003,E,50,3,3,1,12,12.162163899460717,0.16216389946071708,0.9083389043807983,0.0,-0.14660397171974182,1.0,2.0
cm_E_ds_050_ms_003,E,50,3,3,1,13,12.882816248096873,0.8828162480968729,0.9254608154296875,0.0,-0.14660397171974182,1.0,2.0
cm_E_ds_050_ms_003,E,50,3,3,1,14,13.823047339554378,0.8230473395543783,0.8118860721588135,0.0,-0.14660397171974182,1.0,2.0
cm_E_ds_050_ms_003,E,50,3,3,1,15,14.477755881355858,0.4777558813558578,0.7518877387046814,0.0,-0.14660397171974182,1.0,2.0
cm_E_ds_050_ms_003,E,50,3,4,0,0,0.15246655623815114,0.15246655623815114,0.8984191417694092,0.0,-0.3422616720199585,1.0,3.0
cm_E_ds_050_ms_003,E,50,3,4,0,1,0.9966224992829639,0.9966224992829639,0.9479984641075134,0.0,-0.3422616720199585,1.0,3.0
cm_E_ds_050_ms_003,E,50,3,4,0,2,1.6666951721674337,0.6666951721674337,0.9704023599624634,0.0,-0.3422616720199585,1.0,3.0
cm_E_ds_050_ms_003,E,50,3,4,0,3,2.6660231852716305,0.6660231852716305,0.9331187605857849,0.0,-0.3422616720199585,1.0,3.0
cm_E_ds_050_ms_003,E,50,3,4,0,4,3.8236801439240957,0.8236801439240957,0.8783175945281982,0.0,-0.3422616720199585,1.0,3.0
cm_E_ds_050_ms_003,E,50,3,4,0,5,5.216643494326726,0.2166434943267257,0.5956671237945557,0.0,-0.3422616720199585,1.0,3.0
cm_E_ds_050_ms_003,E,50,3,4,0,6,5.659276787347051,0.6592767873470509,0.6806505918502808,0.0,-0.3422616720199585,1.0,3.0
cm_E_ds_050_ms_003,E,50,3,4,0,7,6.978376347117422,0.9783763471174218,0.836804211139679,0.0,-0.3422616720199585,1.0,3.0
cm_E_ds_050_ms_003,E,50,3,4,0,8,7.964421919015667,0.9644219190156669,0.8802775144577026,0.0,-0.3422616720199585,1.0,3.0
cm_E_ds_050_ms_003,E,50,3,4,0,9,9.14830376844135,0.14830376844134996,0.8533158898353577,0.0,-0.3422616720199585,1.0,3.0
cm_E_ds_050_ms_003,E,50,3,4,0,10,10.38098413206516,0.38098413206516035,0.7430233359336853,0.0,-0.3422616720199585,1.0,3.0
cm_E_ds_050_ms_003,E,50,3,4,0,11,10.99647585260017,0.9964758526001702,0.5995931625366211,0.0,-0.3422616720199585,1.0,3.0
cm_E_ds_050_ms_003,E,50,3,4,0,12,12.22184336035262,0.22184336035262042,0.9060665369033813,0.0,-0.3422616720199585,1.0,3.0
cm_E_ds_050_ms_003,E,50,3,4,0,13,13.146971537517393,0.146971537517393,0.9026426076889038,0.0,-0.3422616720199585,1.0,3.0
cm_E_ds_050_ms_003,E,50,3,4,0,14,14.132983717379696,0.1329837173796964,0.9437247514724731,0.0,-0.3422616720199585,1.0,3.0
cm_E_ds_050_ms_003,E,50,3,4,0,15,14.627068066507821,0.627068066507821,0.8627665638923645,0.0,-0.3422616720199585,1.0,3.0
cm_E_ds_050_ms_003,E,50,3,4,1,0,0.18794954075834894,0.18794954075834894,0.8807539939880371,0.0,-0.3725174367427826,1.0,299.0
cm_E_ds_050_ms_003,E,50,3,4,1,1,1.0311814350994497,0.031181435099449706,0.9373470544815063,0.0,-0.3725174367427826,1.0,299.0
cm_E_ds_050_ms_003,E,50,3,4,1,2,1.7284056277545359,0.7284056277545359,0.9667402505874634,0.0,-0.3725174367427826,1.0,299.0
cm_E_ds_050_ms_003,E,50,3,4,1,3,2.672232889701043,0.6722328897010428,0.9357625842094421,0.0,-0.3725174367427826,1.0,299.0
cm_E_ds_050_ms_003,E,50,3,4,1,4,3.80255178852756,0.8025517885275599,0.8879963159561157,0.0,-0.3725174367427826,1.0,299.0
cm_E_ds_050_ms_003,E,50,3,4,1,5,5.198447263249885,0.19844726324988482,0.5894553661346436,0.0,-0.3725174367427826,1.0,299.0
cm_E_ds_050_ms_003,E,50,3,4,1,6,5.648485695586357,0.6484856955863574,0.6683716177940369,0.0,-0.3725174367427826,1.0,299.0
cm_E_ds_050_ms_003,E,50,3,4,1,7,6.93976240388169,0.9397624038816899,0.8546534776687622,0.0,-0.3725174367427826,1.0,299.0
cm_E_ds_050_ms_003,E,50,3,4,1,8,7.9432944743110205,0.9432944743110205,0.894425094127655,0.0,-0.3725174367427826,1.0,299.0
cm_E_ds_050_ms_003,E,50,3,4,1,9,9.16022715378445,0.16022715378445085,0.8554888963699341,0.0,-0.3725174367427826,1.0,299.0
cm_E_ds_050_ms_003,E,50,3,4,1,10,10.37530627169912,0.37530627169912023,0.7263447046279907,0.0,-0.3725174367427826,1.0,299.0
cm_E_ds_050_ms_003,E,50,3,4,1,11,10.95848542974467,0.9584854297446697,0.5815356969833374,0.0,-0.3725174367427826,1.0,299.0
cm_E_ds_050_ms_003,E,50,3,4,1,12,12.1842645702311,0.18426457023110032,0.9080643653869629,0.0,-0.3725174367427826,1.0,299.0
cm_E_ds_050_ms_003,E,50,3,4,1,13,13.111370770179509,0.11137077017950858,0.9020344018936157,0.0,-0.3725174367427826,1.0,299.0
cm_E_ds_050_ms_003,E,50,3,4,1,14,14.119736186029503,0.11973618602950253,0.9364805221557617,0.0,-0.3725174367427826,1.0,299.0
cm_E_ds_050_ms_003,E,50,3,4,1,15,14.612312429388888,0.6123124293888882,0.8527944087982178,0.0,-0.3725174367427826,1.0,299.0
cm_E_ds_050_ms_003,E,50,3,5,0,0,0.16183195984609106,0.16183195984609106,0.9032926559448242,0.0,-0.43168410658836365,1.0,2.0
cm_E_ds_050_ms_003,E,50,3,5,0,1,0.939889581999004,0.939889581999004,0.9499169588088989,0.0,-0.43168410658836365,1.0,2.0
cm_E_ds_050_ms_003,E,50,3,5,0,2,1.683214515912045,0.6832145159120451,0.9688071608543396,0.0,-0.43168410658836365,1.0,2.0
cm_E_ds_050_ms_003,E,50,3,5,0,3,2.6568115368110066,0.6568115368110066,0.931948184967041,0.0,-0.43168410658836365,1.0,2.0
cm_E_ds_050_ms_003,E,50,3,5,0,4,3.801581294537492,0.8015812945374918,0.8744806051254272,0.0,-0.43168410658836365,1.0,2.0
cm_E_ds_050_ms_003,E,50,3,5,0,5,5.2341609563820475,0.23416095638204748,0.5933976173400879,0.0,-0.43168410658836365,1.0,2.0
cm_E_ds_050_ms_003,E,50,3,5,0,6,5.665365673319146,0.6653656733191458,0.6743727922439575,0.0,-0.43168410658836365,1.0,2.0
cm_E_ds_050_ms_003,E,50,3,5,0,7,6.972844804581601,0.9728448045816007,0.8425214290618896,0.0,-0.43168410658836365,1.0,2.0
cm_E_ds_050_ms_003,E,50,3,5,0,8,7.967545592196086,0.9675455921960863,0.8920649290084839,0.0,-0.43168410658836365,1.0,2.0
cm_E_ds_050_ms_003,E,50,3,5,0,9,9.157302011435906,0.15730201143590605,0.8575094938278198,0.0,-0.43168410658836365,1.0,2.0
cm_E_ds_050_ms_003,E,50,3,5,0,10,10.378550763336857,0.37855076333685744,0.7416161894798279,0.0,-0.43168410658836365,1.0,2.0
cm_E_ds_050_ms_003,E,50,3,5,0,11,10.985183273172415,0.9851832731724155,0.5947081446647644,0.0,-0.43168410658836365,1.0,2.0
cm_E_ds_050_ms_003,E,50,3,5,0,12,12.187154499159924,0.18715449915992366,0.9131624698638916,0.0,-0.43168410658836365,1.0,2.0
cm_E_ds_050_ms_003,E,50,3,5,0,13,13.146712901020821,0.14671290102082146,0.9058133363723755,0.0,-0.43168410658836365,1.0,2.0
cm_E_ds_050_ms_003,E,50,3,5,0,14,14.131905458182723,0.13190545818272348,0.9415315389633179,0.0,-0.43168410658836365,1.0,2.0
cm_E_ds_050_ms_003,E,50,3,5,0,15,14.640489236444914,0.640489236444914,0.8705075979232788,0.0,-0.43168410658836365,1.0,2.0
cm_E_ds_050_ms_003,E,50,3,5,1,0,0.14901491065471134,0.14901491065471134,0.9103205800056458,0.0,-0.46164101362228394,1.0,2.0
cm_E_ds_050_ms_003,E,50,3,5,1,1,0.9065989364203987,0.9065989364203987,0.9545872807502747,0.0,-0.46164101362228394,1.0,2.0
cm_E_ds_050_ms_003,E,50,3,5,1,2,1.6744226964124045,0.6744226964124045,0.9703723192214966,0.0,-0.46164101362228394,1.0,2.0
cm_E_ds_050_ms_003,E,50,3,5,1,3,2.6522805410976016,0.6522805410976016,0.936121940612793,0.0,-0.46164101362228394,1.0,2.0
cm_E_ds_050_ms_003,E,50,3,5,1,4,3.8114835510141947,0.8114835510141947,0.8884217143058777,0.0,-0.46164101362228394,1.0,2.0
cm_E_ds_050_ms_003,E,50,3,5,1,5,5.2186798013912785,0.21867980139127852,0.605528712272644,0.0,-0.46164101362228394,1.0,2.0
cm_E_ds_050_ms_003,E,50,3,5,1,6,5.660415759336646,0.6604157593366464,0.6835828423500061,0.0,-0.46164101362228394,1.0,2.0
cm_E_ds_050_ms_003,E,50,3,5,1,7,6.960748387779526,0.9607483877795264,0.8484028577804565,0.0,-0.46164101362228394,1.0,2.0
cm_E_ds_050_ms_003,E,50,3,5,1,8,7.9589680888544025,0.9589680888544025,0.8923143744468689,0.0,-0.46164101362228394,1.0,2.0
cm_E_ds_050_ms_003,E,50,3,5,1,9,9.13391422946193,0.13391422946192932,0.8623093962669373,0.0,-0.46164101362228394,1.0,2.0
cm_E_ds_050_ms_003,E,50,3,5,1,10,10.377144655059725,0.37714465505972505,0.7603180408477783,0.0,-0.46164101362228394,1.0,2.0
cm_E_ds_050_ms_003,E,50,3,5,1,11,11.002933265223481,0.0029332652234810297,0.6102733612060547,0.0,-0.46164101362228394,1.0,2.0
cm_E_ds_050_ms_003,E,50,3,5,1,12,12.194367178923457,0.19436717892345712,0.9102900624275208,0.0,-0.46164101362228394,1.0,2.0
cm_E_ds_050_ms_003,E,50,3,5,1,13,13.128263497598747,0.12826349759874667,0.9057693481445312,0.0,-0.46164101362228394,1.0,2.0
cm_E_ds_050_ms_003,E,50,3,5,1,14,14.11267771675923,0.11267771675922944,0.94295334815979,0.0,-0.46164101362228394,1.0,2.0
cm_E_ds_050_ms_003,E,50,3,5,1,15,14.659217918713052,0.6592179187130522,0.8735157251358032,0.0,-0.46164101362228394,1.0,2.0
cm_E_ds_050_ms_003,E,50,3,6,0,0,0.14089618732502798,0.14089618732502798,0.8967600464820862,0.0,-0.033230822533369064,1.0,2.0
cm_E_ds_050_ms_003,E,50,3,6,0,1,1.1087279119501987,0.10872791195019871,0.9145305752754211,0.0,-0.033230822533369064,1.0,2.0
cm_E_ds_050_ms_003,E,50,3,6,0,2,1.6656718580477843,0.6656718580477843,0.954995334148407,0.0,-0.033230822533369064,1.0,2.0
cm_E_ds_050_ms_003,E,50,3,6,0,3,2.6847709920694447,0.6847709920694447,0.8850768208503723,0.0,-0.033230822533369064,1.0,2.0
cm_E_ds_050_ms_003,E,50,3,6,0,4,3.854043825770378,0.8540438257703782,0.8147201538085938,0.0,-0.033230822533369064,1.0,2.0
cm_E_ds_050_ms_003,E,50,3,6,0,5,5.159195835691619,0.15919583569161944,0.5759752988815308,0.0,-0.033230822533369064,1.0,2.0
cm_E_ds_050_ms_003,E,50,3,6,0,6,5.660477686385121,0.6604776863851214,0.7303189039230347,0.0,-0.033230822533369064,1.0,2.0
cm_E_ds_050_ms_003,E,50,3,6,0,7,7.040017438338952,0.04001743833895244,0.8303037881851196,0.0,-0.033230822533369064,1.0,2.0
cm_E_ds_050_ms_003,E,50,3,6,0,8,8.011318908548864,0.01131890854886386,0.8729300498962402,0.0,-0.033230822533369064,1.0,2.0
cm_E_ds_050_ms_003,E,50,3,6,0,9,9.075847300342076,0.0758473003420761,0.8132299184799194,0.0,-0.033230822533369064,1.0,2.0
cm_E_ds_050_ms_003,E,50,3,6,0,10,10.331965837557739,0.331965837557739,0.6203780770301819,0.0,-0.033230822533369064,1.0,2.0
cm_E_ds_050_ms_003,E,50,3,6,0,11,10.8282759176634,0.8282759176633991,0.5903535485267639,0.0,-0.033230822533369064,1.0,2.0
cm_E_ds_050_ms_003,E,50,3,6,0,12,12.281787529020358,0.28178752902035775,0.854460597038269,0.0,-0.033230822533369064,1.0,2.0
cm_E_ds_050_ms_003,E,50,3,6,0,13,13.282589345165462,0.2825893451654622,0.8525781631469727,0.0,-0.033230822533369064,1.0,2.0
cm_E_ds_050_ms_003,E,50,3,6,0,14,14.270048918003882,0.27004891800388187,0.9595156311988831,0.0,-0.033230822533369064,1.0,2.0
cm_E_ds_050_ms_003,E,50,3,6,0,15,14.963369581657314,0.9633695816573145,0.941855788230896,0.0,-0.033230822533369064,1.0,2.0
cm_E_ds_050_ms_003,E,50,3,6,1,0,0.13620527980768016,0.13620527980768016,0.9090532064437866,0.0,-0.027358151972293854,1.0,2.0
cm_E_ds_050_ms_003,E,50,3,6,1,1,1.0646864727270027,0.06468647272700268,0.9193578362464905,0.0,-0.027358151972293854,1.0,2.0
cm_E_ds_050_ms_003,E,50,3,6,1,2,1.6620415366129317,0.6620415366129317,0.9522440433502197,0.0,-0.027358151972293854,1.0,2.0
cm_E_ds_050_ms_003,E,50,3,6,1,3,2.671458194467182,0.6714581944671818,0.8763205409049988,0.0,-0.027358151972293854,1.0,2.0
cm_E_ds_050_ms_003,E,50,3,6,1,4,3.846686042432477,0.8466860424324771,0.7883176803588867,0.0,-0.027358151972293854,1.0,2.0
cm_E_ds_050_ms_003,E,50,3,6,1,5,5.1715933879451,0.1715933879450997,0.5795732736587524,0.0,-0.027358151972293854,1.0,2.0
cm_E_ds_050_ms_003,E,50,3,6,1,6,5.686523474420103,0.6865234744201034,0.7306241989135742,0.0,-0.027358151972293854,1.0,2.0
cm_E_ds_050_ms_003,E,50,3,6,1,7,7.061289986617966,0.06128998661796636,0.8375155925750732,0.0,-0.027358151972293854,1.0,2.0
cm_E_ds_050_ms_003,E,50,3,6,1,8,8.027409619977561,0.027409619977561306,0.8750284910202026,0.0,-0.027358151972293854,1.0,2.0
cm_E_ds_050_ms_003,E,50,3,6,1,9,9.038939386579031,0.038939386579031066,0.8189600706100464,0.0,-0.027358151972293854,1.0,2.0
cm_E_ds_050_ms_003,E,50,3,6,1,10,10.313954780498397,0.3139547804983973,0.6243890523910522,0.0,-0.027358151972293854,1.0,2.0
cm_E_ds_050_ms_003,E,50,3,6,1,11,10.833798353280326,0.8337983532803257,0.5958739519119263,0.0,-0.027358151972293854,1.0,2.0
cm_E_ds_050_ms_003,E,50,3,6,1,12,12.282722506026742,0.282722506026742,0.8388347625732422,0.0,-0.027358151972293854,1.0,2.0
cm_E_ds_050_ms_003,E,50,3,6,1,13,13.306892676052183,0.3068926760521826,0.8382940292358398,0.0,-0.027358151972293854,1.0,2.0
cm_E_ds_050_ms_003,E,50,3,6,1,14,14.297613740110274,0.29761374011027364,0.9618661403656006,0.0,-0.027358151972293854,1.0,2.0
cm_E_ds_050_ms_003,E,50,3,6,1,15,15.018451869891853,0.018451869891853434,0.9499939680099487,0.0,-0.027358151972293854,1.0,2.0
cm_E_ds_050_ms_003,E,50,3,7,0,0,0.2043235342828728,0.2043235342828728,0.8819345235824585,0.0,-0.18999747931957245,1.0,2.0
cm_E_ds_050_ms_003,E,50,3,7,0,1,1.0149669454647934,0.01496694546479338,0.9335532784461975,0.0,-0.18999747931957245,1.0,2.0
cm_E_ds_050_ms_003,E,50,3,7,0,2,1.6882255980331111,0.6882255980331111,0.9665819406509399,0.0,-0.18999747931957245,1.0,2.0
cm_E_ds_050_ms_003,E,50,3,7,0,3,2.6836693584473124,0.6836693584473124,0.9333230257034302,0.0,-0.18999747931957245,1.0,2.0
cm_E_ds_050_ms_003,E,50,3,7,0,4,3.8009401674473997,0.8009401674473997,0.8712548017501831,0.0,-0.18999747931957245,1.0,2.0
cm_E_ds_050_ms_003,E,50,3,7,0,5,5.2435702249826575,0.24357022498265746,0.5852892994880676,0.0,-0.18999747931957245,1.0,2.0
cm_E_ds_050_ms_003,E,50,3,7,0,6,5.8195160609151815,0.8195160609151815,0.5980463027954102,0.0,-0.18999747931957245,1.0,2.0
cm_E_ds_050_ms_003,E,50,3,7,0,7,6.948182661090481,0.9481826610904811,0.84578537940979,0.0,-0.18999747931957245,1.0,2.0
cm_E_ds_050_ms_003,E,50,3,7,0,8,7.888021547907646,0.8880215479076456,0.8882163763046265,0.0,-0.18999747931957245,1.0,2.0
cm_E_ds_050_ms_003,E,50,3,7,0,9,9.049323702629156,0.049323702629155974,0.8701237440109253,0.0,-0.18999747931957245,1.0,2.0
cm_E_ds_050_ms_003,E,50,3,7,0,10,10.365191520448239,0.36519152044823855,0.7477156519889832,0.0,-0.18999747931957245,1.0,2.0
cm_E_ds_050_ms_003,E,50,3,7,0,11,11.078399266453044,0.07839926645304374,0.5738654732704163,0.0,-0.18999747931957245,1.0,2.0
cm_E_ds_050_ms_003,E,50,3,7,0,12,12.228062778828853,0.2280627788288534,0.8929246664047241,0.0,-0.18999747931957245,1.0,2.0
cm_E_ds_050_ms_003,E,50,3,7,0,13,13.064603706022524,0.06460370602252397,0.8961306810379028,0.0,-0.18999747931957245,1.0,2.0
cm_E_ds_050_ms_003,E,50,3,7,0,14,14.094650874373807,0.09465087437380681,0.8894309997558594,0.0,-0.18999747931957245,1.0,2.0
cm_E_ds_050_ms_003,E,50,3,7,0,15,14.488423119019602,0.4884231190196022,0.7823313474655151,0.0,-0.18999747931957245,1.0,2.0
cm_E_ds_050_ms_003,E,50,3,7,1,0,0.1840307386948018,0.1840307386948018,0.8830685615539551,0.0,-0.1759006679058075,1.0,2.0
cm_E_ds_050_ms_003,E,50,3,7,1,1,1.0383416741883558,0.03834167418835577,0.9417306780815125,0.0,-0.1759006679058075,1.0,2.0
cm_E_ds_050_ms_003,E,50,3,7,1,2,1.6476623188082578,0.6476623188082578,0.9701118469238281,0.0,-0.1759006679058075,1.0,2.0
cm_E_ds_050_ms_003,E,50,3,7,1,3,2.6692649448337002,0.6692649448337002,0.9413981437683105,0.0,-0.1759006679058075,1.0,2.0
cm_E_ds_050_ms_003,E,50,3,7,1,4,3.7846217830463686,0.7846217830463686,0.8683854341506958,0.0,-0.1759006679058075,1.0,2.0
cm_E_ds_050_ms_003,E,50,3,7,1,5,5.228904442796806,0.22890444279680633,0.5895465016365051,0.0,-0.1759006679058075,1.0,2.0
cm_E_ds_050_ms_003,E,50,3,7,1,6,5.767997613607572,0.7679976136075721,0.6180573105812073,0.0,-0.1759006679058075,1.0,2.0
cm_E_ds_050_ms_003,E,50,3,7,1,7,6.942765865732717,0.9427658657327171,0.8400129079818726,0.0,-0.1759006679058075,1.0,2.0
cm_E_ds_050_ms_003,E,50,3,7,1,8,7.875058759554851,0.8750587595548511,0.8655498623847961,0.0,-0.1759006679058075,1.0,2.0
cm_E_ds_050_ms_003,E,50,3,7,1,9,9.118366897527203,0.11836689752720275,0.8638516664505005,0.0,-0.1759006679058075,1.0,2.0
cm_E_ds_050_ms_003,E,50,3,7,1,10,10.384396191010536,0.384396191010536,0.7579160928726196,0.0,-0.1759006679058075,1.0,2.0
cm_E_ds_050_ms_003,E,50,3,7,1,11,11.098217136220827,0.09821713622082662,0.5721811652183533,0.0,-0.1759006679058075,1.0,2.0
cm_E_ds_050_ms_003,E,50,3,7,1,12,12.20063152486623,0.20063152486623004,0.9069894552230835,0.0,-0.1759006679058075,1.0,2.0
cm_E_ds_050_ms_003,E,50,3,7,1,13,13.057746803223756,0.057746803223755805,0.9094439744949341,0.0,-0.1759006679058075,1.0,2.0
cm_E_ds_050_ms_003,E,50,3,7,1,14,14.044703674139264,0.04470367413926368,0.8839283585548401,0.0,-0.1759006679058075,1.0,2.0
cm_E_ds_050_ms_003,E,50,3,7,1,15,14.49226381028089,0.4922638102808907,0.7785193920135498,0.0,-0.1759006679058075,1.0,2.0
cm_E_ds_050_ms_003,E,50,3,8,0,0,0.1697049481476355,0.1697049481476355,0.9179699420928955,0.0,-0.09626691043376923,2.0,3.0
cm_E_ds_050_ms_003,E,50,3,8,0,1,1.3342943021619436,0.33429430216194356,0.8753703832626343,0.0,-0.09626691043376923,2.0,3.0
cm_E_ds_050_ms_003,E,50,3,8,0,2,1.7282904252305349,0.7282904252305349,0.9416298866271973,0.0,-0.09626691043376923,2.0,3.0
cm_E_ds_050_ms_003,E,50,3,8,0,3,2.738483903266388,0.7384839032663879,0.8815588355064392,0.0,-0.09626691043376923,2.0,3.0
cm_E_ds_050_ms_003,E,50,3,8,0,4,3.890395003225075,0.8903950032250751,0.8025552034378052,0.0,-0.09626691043376923,2.0,3.0
cm_E_ds_050_ms_003,E,50,3,8,0,5,5.158513423902544,0.1585134239025443,0.5698409080505371,0.0,-0.09626691043376923,2.0,3.0
cm_E_ds_050_ms_003,E,50,3,8,0,6,5.688536103495533,0.6885361034955331,0.7482153177261353,0.0,-0.09626691043376923,2.0,3.0
cm_E_ds_050_ms_003,E,50,3,8,0,7,7.099065486187584,0.09906548618758393,0.8640607595443726,0.0,-0.09626691043376923,2.0,3.0
cm_E_ds_050_ms_003,E,50,3,8,0,8,8.02726998055453,0.02726998055453045,0.8828595876693726,0.0,-0.09626691043376923,2.0,3.0
cm_E_ds_050_ms_003,E,50,3,8,0,9,9.116768936825382,0.11676893682538214,0.8348166942596436,0.0,-0.09626691043376923,2.0,3.0
cm_E_ds_050_ms_003,E,50,3,8,0,10,10.308106924313014,0.3081069243130141,0.5683890581130981,0.0,-0.09626691043376923,2.0,3.0
cm_E_ds_050_ms_003,E,50,3,8,0,11,10.752492995656347,0.7524929956563469,0.5711610913276672,0.0,-0.09626691043376923,2.0,3.0
cm_E_ds_050_ms_003,E,50,3,8,0,12,12.309601273576503,0.3096012735765026,0.8597754836082458,0.0,-0.09626691043376923,2.0,3.0
cm_E_ds_050_ms_003,E,50,3,8,0,13,13.329199770317482,0.3291997703174818,0.8665163516998291,0.0,-0.09626691043376923,2.0,3.0
cm_E_ds_050_ms_003,E,50,3,8,0,14,14.270943824567134,0.2709438245671336,0.9543164968490601,0.0,-0.09626691043376923,2.0,3.0
cm_E_ds_050_ms_003,E,50,3,8,0,15,15.120434790427149,0.120434790427149,0.955292820930481,0.0,-0.09626691043376923,2.0,3.0
cm_E_ds_050_ms_003,E,50,3,8,1,0,0.1626560031967054,0.1626560031967054,0.912908673286438,0.0,-0.08750328421592712,2.0,3.0
cm_E_ds_050_ms_003,E,50,3,8,1,1,1.36222628488172,0.36222628488171993,0.8560847640037537,0.0,-0.08750328421592712,2.0,3.0
cm_E_ds_050_ms_003,E,50,3,8,1,2,1.8119166811344847,0.8119166811344847,0.935214102268219,0.0,-0.08750328421592712,2.0,3.0
cm_E_ds_050_ms_003,E,50,3,8,1,3,2.789256797480595,0.7892567974805949,0.8929436206817627,0.0,-0.08750328421592712,2.0,3.0
cm_E_ds_050_ms_003,E,50,3,8,1,4,3.9477473427757643,0.9477473427757643,0.8444269299507141,0.0,-0.08750328421592712,2.0,3.0
cm_E_ds_050_ms_003,E,50,3,8,1,5,5.168961488384921,0.1689614883849213,0.5697247982025146,0.0,-0.08750328421592712,2.0,3.0
cm_E_ds_050_ms_003,E,50,3,8,1,6,5.655559343054786,0.6555593430547857,0.7441997528076172,0.0,-0.08750328421592712,2.0,3.0
cm_E_ds_050_ms_003,E,50,3,8,1,7,7.080908718425948,0.08090871842594805,0.8649425506591797,0.0,-0.08750328421592712,2.0,3.0
cm_E_ds_050_ms_003,E,50,3,8,1,8,8.05557792724262,0.05557792724262001,0.89174485206604,0.0,-0.08750328421592712,2.0,3.0
cm_E_ds_050_ms_003,E,50,3,8,1,9,9.14732447109635,0.1473244710963506,0.8388490676879883,0.0,-0.08750328421592712,2.0,3.0
cm_E_ds_050_ms_003,E,50,3,8,1,10,10.32400031916569,0.3240003191656893,0.572039008140564,0.0,-0.08750328421592712,2.0,3.0
cm_E_ds_050_ms_003,E,50,3,8,1,11,10.743399433577373,0.7433994335773733,0.5828589200973511,0.0,-0.08750328421592712,2.0,3.0
cm_E_ds_050_ms_003,E,50,3,8,1,12,12.33200186554244,0.3320018655424395,0.8698756098747253,0.0,-0.08750328421592712,2.0,3.0
cm_E_ds_050_ms_003,E,50,3,8,1,13,13.340627132144856,0.3406271321448564,0.885583758354187,0.0,-0.08750328421592712,2.0,3.0
cm_E_ds_050_ms_003,E,50,3,8,1,14,14.269213509977398,0.2692135099773978,0.9571213722229004,0.0,-0.08750328421592712,2.0,3.0
cm_E_ds_050_ms_003,E,50,3,8,1,15,15.062540285638342,0.06254028563834169,0.9517453908920288,0.0,-0.08750328421592712,2.0,3.0
cm_E_ds_050_ms_003,E,50,3,9,0,0,0.17453446107326537,0.17453446107326537,0.9037038087844849,0.0,-0.12442271411418915,3.0,2.0
cm_E_ds_050_ms_003,E,50,3,9,0,1,1.3670112118502677,0.36701121185026775,0.8546048402786255,0.0,-0.12442271411418915,3.0,2.0
cm_E_ds_050_ms_003,E,50,3,9,0,2,1.7882550844657819,0.7882550844657819,0.9373619556427002,0.0,-0.12442271411418915,3.0,2.0
cm_E_ds_050_ms_003,E,50,3,9,0,3,2.794155409153328,0.794155409153328,0.8848885893821716,0.0,-0.12442271411418915,3.0,2.0
cm_E_ds_050_ms_003,E,50,3,9,0,4,3.9502854410713413,0.9502854410713413,0.8502200841903687,0.0,-0.12442271411418915,3.0,2.0
cm_E_ds_050_ms_003,E,50,3,9,0,5,5.149289329319433,0.14928932931943262,0.5699768662452698,0.0,-0.12442271411418915,3.0,2.0
cm_E_ds_050_ms_003,E,50,3,9,0,6,5.661935400535984,0.6619354005359837,0.7445647120475769,0.0,-0.12442271411418915,3.0,2.0
cm_E_ds_050_ms_003,E,50,3,9,0,7,7.0787121295888715,0.07871212958887153,0.8636850714683533,0.0,-0.12442271411418915,3.0,2.0
cm_E_ds_050_ms_003,E,50,3,9,0,8,8.045534209959108,0.04553420995910784,0.8983874320983887,0.0,-0.12442271411418915,3.0,2.0
cm_E_ds_050_ms_003,E,50,3,9,0,9,9.136861835543744,0.1368618355437441,0.83635014295578,0.0,-0.12442271411418915,3.0,2.0
cm_E_ds_050_ms_003,E,50,3,9,0,10,10.326816178487514,0.32681617848751365,0.5749876499176025,0.0,-0.12442271411418915,3.0,2.0
cm_E_ds_050_ms_003,E,50,3,9,0,11,10.753871176048873,0.7538711760488734,0.5811107158660889,0.0,-0.12442271411418915,3.0,2.0
cm_E_ds_050_ms_003,E,50,3,9,0,12,12.322824519809647,0.32282451980964666,0.8746820688247681,0.0,-0.12442271411418915,3.0,2.0
cm_E_ds_050_ms_003,E,50,3,9,0,13,13.312183188801292,0.31218318880129203,0.8818382024765015,0.0,-0.12442271411418915,3.0,2.0
cm_E_ds_050_ms_003,E,50,3,9,0,14,14.255468133727701,0.2554681337277014,0.9556492567062378,0.0,-0.12442271411418915,3.0,2.0
cm_E_ds_050_ms_003,E,50,3,9,0,15,15.01402833582139,0.014028335821389959,0.9443458318710327,0.0,-0.12442271411418915,3.0,2.0
cm_E_ds_050_ms_003,E,50,3,9,1,0,0.15074878263464062,0.15074878263464062,0.9027090072631836,0.0,-0.0996921956539154,3.0,2.0
cm_E_ds_050_ms_003,E,50,3,9,1,1,1.3661399832761372,0.36613998327613717,0.8549376130104065,0.0,-0.0996921956539154,3.0,2.0
cm_E_ds_050_ms_003,E,50,3,9,1,2,1.829670619517071,0.8296706195170711,0.9355058670043945,0.0,-0.0996921956539154,3.0,2.0
cm_E_ds_050_ms_003,E,50,3,9,1,3,2.806977343827239,0.806977343827239,0.901800274848938,0.0,-0.0996921956539154,3.0,2.0
cm_E_ds_050_ms_003,E,50,3,9,1,4,3.9597235482484465,0.9597235482484465,0.8508169651031494,0.0,-0.0996921956539154,3.0,2.0
cm_E_ds_050_ms_003,E,50,3,9,1,5,5.188820642851688,0.1888206428516881,0.5688307881355286,0.0,-0.0996921956539154,3.0,2.0
cm_E_ds_050_ms_003,E,50,3,9,1,6,5.635354732797999,0.6353547327979987,0.7366079092025757,0.0,-0.0996921956539154,3.0,2.0
cm_E_ds_050_ms_003,E,50,3,9,1,7,7.07225957398897,0.07225957398896998,0.858170747756958,0.0,-0.0996921956539154,3.0,2.0
cm_E_ds_050_ms_003,E,50,3,9,1,8,8.068931705979903,0.06893170597990306,0.8889811038970947,0.0,-0.0996921956539154,3.0,2.0
cm_E_ds_050_ms_003,E,50,3,9,1,9,9.181678197673774,0.18167819767377402,0.8428536653518677,0.0,-0.0996921956539154,3.0,2.0
cm_E_ds_050_ms_003,E,50,3,9,1,10,10.341919092780245,0.3419190927802447,0.5777730345726013,0.0,-0.0996921956539154,3.0,2.0
cm_E_ds_050_ms_003,E,50,3,9,1,11,10.750466402638613,0.7504664026386134,0.5853500366210938,0.0,-0.0996921956539154,3.0,2.0
cm_E_ds_050_ms_003,E,50,3,9,1,12,12.332509424488762,0.3325094244887623,0.8780918121337891,0.0,-0.0996921956539154,3.0,2.0
cm_E_ds_050_ms_003,E,50,3,9,1,13,13.34309571429288,0.34309571429288077,0.8981932401657104,0.0,-0.0996921956539154,3.0,2.0
cm_E_ds_050_ms_003,E,50,3,9,1,14,14.26701570688447,0.26701570688446985,0.9597368240356445,0.0,-0.0996921956539154,3.0,2.0
cm_E_ds_050_ms_003,E,50,3,9,1,15,14.98829096877293,0.9882909687729295,0.9461342096328735,0.0,-0.0996921956539154,3.0,2.0
cm_E_ds_050_ms_003,E,50,3,10,0,0,0.20104352566145112,0.20104352566145112,0.896388053894043,0.0,-0.05782159045338631,2.0,3.0
cm_E_ds_050_ms_003,E,50,3,10,0,1,1.433438140732236,0.4334381407322361,0.8368134498596191,0.0,-0.05782159045338631,2.0,3.0
cm_E_ds_050_ms_003,E,50,3,10,0,2,1.8367237764179893,0.8367237764179893,0.932754635810852,0.0,-0.05782159045338631,2.0,3.0
cm_E_ds_050_ms_003,E,50,3,10,0,3,2.8271136521923257,0.8271136521923257,0.8853980302810669,0.0,-0.05782159045338631,2.0,3.0
cm_E_ds_050_ms_003,E,50,3,10,0,4,3.964449128462206,0.9644491284622059,0.8563477993011475,0.0,-0.05782159045338631,2.0,3.0
cm_E_ds_050_ms_003,E,50,3,10,0,5,5.139615960070916,0.13961596007091615,0.5673032999038696,0.0,-0.05782159045338631,2.0,3.0
cm_E_ds_050_ms_003,E,50,3,10,0,6,5.6548720742423,0.6548720742423004,0.7467129230499268,0.0,-0.05782159045338631,2.0,3.0
cm_E_ds_050_ms_003,E,50,3,10,0,7,7.088720026324737,0.08872002632473741,0.8744286298751831,0.0,-0.05782159045338631,2.0,3.0
cm_E_ds_050_ms_003,E,50,3,10,0,8,8.05084657931356,0.050846579313560625,0.9032328128814697,0.0,-0.05782159045338631,2.0,3.0
cm_E_ds_050_ms_003,E,50,3,10,0,9,9.167045200395938,0.16704520039593795,0.844179630279541,0.0,-0.05782159045338631,2.0,3.0
cm_E_ds_050_ms_003,E,50,3,10,0,10,10.318261746007027,0.3182617460070265,0.5675203800201416,0.0,-0.05782159045338631,2.0,3.0
cm_E_ds_050_ms_003,E,50,3,10,0,11,10.73303575987674,0.7330357598767403,0.5767420530319214,0.0,-0.05782159045338631,2.0,3.0
cm_E_ds_050_ms_003,E,50,3,10,0,12,12.322636310152518,0.32263631015251804,0.8729907274246216,0.0,-0.05782159045338631,2.0,3.0
cm_E_ds_050_ms_003,E,50,3,10,0,13,13.297160415394822,0.2971604153948224,0.8815876841545105,0.0,-0.05782159045338631,2.0,3.0
cm_E_ds_050_ms_003,E,50,3,10,0,14,14.240015513749464,0.24001551374946395,0.9541666507720947,0.0,-0.05782159045338631,2.0,3.0
cm_E_ds_050_ms_003,E,50,3,10,0,15,15.00510962658517,0.005109626585170446,0.9399398565292358,0.0,-0.05782159045338631,2.0,3.0
cm_E_ds_050_ms_003,E,50,3,10,1,0,0.180424341894792,0.180424341894792,0.8983767628669739,0.0,-0.06840397417545319,2.0,3.0
cm_E_ds_050_ms_003,E,50,3,10,1,1,1.4349799421008802,0.4349799421008802,0.8414953351020813,0.0,-0.06840397417545319,2.0,3.0
cm_E_ds_050_ms_003,E,50,3,10,1,2,1.8548410808644205,0.8548410808644205,0.9344165325164795,0.0,-0.06840397417545319,2.0,3.0
cm_E_ds_050_ms_003,E,50,3,10,1,3,2.832966972529045,0.8329669725290452,0.8991752862930298,0.0,-0.06840397417545319,2.0,3.0
cm_E_ds_050_ms_003,E,50,3,10,1,4,3.966264744525577,0.966264744525577,0.8528444766998291,0.0,-0.06840397417545319,2.0,3.0
cm_E_ds_050_ms_003,E,50,3,10,1,5,5.172332262631314,0.17233226263131396,0.5654910802841187,0.0,-0.06840397417545319,2.0,3.0
cm_E_ds_050_ms_003,E,50,3,10,1,6,5.631742928764896,0.6317429287648961,0.7411398887634277,0.0,-0.06840397417545319,2.0,3.0
cm_E_ds_050_ms_003,E,50,3,10,1,7,7.088605886274608,0.08860588627460775,0.8654701709747314,0.0,-0.06840397417545319,2.0,3.0
cm_E_ds_050_ms_003,E,50,3,10,1,8,8.068786602405535,0.06878660240553458,0.8884965181350708,0.0,-0.06840397417545319,2.0,3.0
cm_E_ds_050_ms_003,E,50,3,10,1,9,9.214233611333723,0.21423361133372332,0.8457976579666138,0.0,-0.06840397417545319,2.0,3.0
cm_E_ds_050_ms_003,E,50,3,10,1,10,10.335937668451093,0.3359376684510931,0.5683935880661011,0.0,-0.06840397417545319,2.0,3.0
cm_E_ds_050_ms_003,E,50,3,10,1,11,10.738518125050538,0.7385181250505379,0.5771957039833069,0.0,-0.06840397417545319,2.0,3.0
cm_E_ds_050_ms_003,E,50,3,10,1,12,12.332775346520448,0.3327753465204477,0.8766846060752869,0.0,-0.06840397417545319,2.0,3.0
cm_E_ds_050_ms_003,E,50,3,10,1,13,13.335879391761791,0.33587939176179127,0.8967440724372864,0.0,-0.06840397417545319,2.0,3.0
cm_E_ds_050_ms_003,E,50,3,10,1,14,14.264908972980475,0.264908972980475,0.9586485028266907,0.0,-0.06840397417545319,2.0,3.0
cm_E_ds_050_ms_003,E,50,3,10,1,15,14.991915522492484,0.9919155224924836,0.9425896406173706,0.0,-0.06840397417545319,2.0,3.0
cm_E_ds_050_ms_003,E,50,3,11,0,0,0.1417460905307499,0.1417460905307499,0.9107054471969604,0.0,-0.1663372665643692,1.0,2.0
cm_E_ds_050_ms_003,E,50,3,11,0,1,1.2376349828477387,0.23763498284773865,0.874724268913269,0.0,-0.1663372665643692,1.0,2.0
cm_E_ds_050_ms_003,E,50,3,11,0,2,1.7581978504402604,0.7581978504402604,0.9354525804519653,0.0,-0.1663372665643692,1.0,2.0
cm_E_ds_050_ms_003,E,50,3,11,0,3,2.745657119714717,0.7456571197147168,0.889098584651947,0.0,-0.1663372665643692,1.0,2.0
cm_E_ds_050_ms_003,E,50,3,11,0,4,3.9205398154539544,0.9205398154539544,0.8357794284820557,0.0,-0.1663372665643692,1.0,2.0
cm_E_ds_050_ms_003,E,50,3,11,0,5,5.167212352829472,0.16721235282947244,0.5792694091796875,0.0,-0.1663372665643692,1.0,2.0
cm_E_ds_050_ms_003,E,50,3,11,0,6,5.674904867295966,0.6749048672959663,0.749051034450531,0.0,-0.1663372665643692,1.0,2.0
cm_E_ds_050_ms_003,E,50,3,11,0,7,7.0495918457354945,0.049591845735494466,0.8578453063964844,0.0,-0.1663372665643692,1.0,2.0
cm_E_ds_050_ms_003,E,50,3,11,0,8,8.033532505113524,0.03353250511352357,0.8940772414207458,0.0,-0.1663372665643692,1.0,2.0
cm_E_ds_050_ms_003,E,50,3,11,0,9,9.057652890649015,0.05765289064901502,0.8330352306365967,0.0,-0.1663372665643692,1.0,2.0
cm_E_ds_050_ms_003,E,50,3,11,0,10,10.307888358259573,0.3078883582595733,0.5956740379333496,0.0,-0.1663372665643692,1.0,2.0
cm_E_ds_050_ms_003,E,50,3,11,0,11,10.761150639884292,0.761150639884292,0.5976102948188782,0.0,-0.1663372665643692,1.0,2.0
cm_E_ds_050_ms_003,E,50,3,11,0,12,12.311205305557584,0.31120530555758386,0.8578166365623474,0.0,-0.1663372665643692,1.0,2.0
cm_E_ds_050_ms_003,E,50,3,11,0,13,13.307706227473322,0.30770622747332155,0.8671882152557373,0.0,-0.1663372665643692,1.0,2.0
cm_E_ds_050_ms_003,E,50,3,11,0,14,14.25374510467308,0.2537451046730794,0.9566993713378906,0.0,-0.1663372665643692,1.0,2.0
cm_E_ds_050_ms_003,E,50,3,11,0,15,15.036413142461246,0.03641314246124594,0.9520124197006226,0.0,-0.1663372665643692,1.0,2.0
cm_E_ds_050_ms_003,E,50,3,11,1,0,0.1417992616561637,0.1417992616561637,0.9126543998718262,0.0,-0.17238056659698486,1.0,2.0
cm_E_ds_050_ms_003,E,50,3,11,1,1,1.2517279398351984,0.25172793983519837,0.878694474697113,0.0,-0.17238056659698486,1.0,2.0
cm_E_ds_050_ms_003,E,50,3,11,1,2,1.7106934294168772,0.7106934294168772,0.9407485723495483,0.0,-0.17238056659698486,1.0,2.0
cm_E_ds_050_ms_003,E,50,3,11,1,3,2.7487686503366118,0.7487686503366118,0.8752950429916382,0.0,-0.17238056659698486,1.0,2.0
cm_E_ds_050_ms_003,E,50,3,11,1,4,3.9272218654099684,0.9272218654099684,0.8304488658905029,0.0,-0.17238056659698486,1.0,2.0
cm_E_ds_050_ms_003,E,50,3,11,1,5,5.149861850953861,0.14986185095386073,0.5739538669586182,0.0,-0.17238056659698486,1.0,2.0
cm_E_ds_050_ms_003,E,50,3,11,1,6,5.684794981214145,0.6847949812141447,0.7432080507278442,0.0,-0.17238056659698486,1.0,2.0
cm_E_ds_050_ms_003,E,50,3,11,1,7,7.075761487867426,0.07576148786742642,0.8475635051727295,0.0,-0.17238056659698486,1.0,2.0
cm_E_ds_050_ms_003,E,50,3,11,1,8,8.035010254485952,0.035010254485952075,0.8856344223022461,0.0,-0.17238056659698486,1.0,2.0
cm_E_ds_050_ms_003,E,50,3,11,1,9,9.085024646074867,0.08502464607486715,0.8164564967155457,0.0,-0.17238056659698486,1.0,2.0
cm_E_ds_050_ms_003,E,50,3,11,1,10,10.3190182274031,0.3190182274031006,0.5846480131149292,0.0,-0.17238056659698486,1.0,2.0
cm_E_ds_050_ms_003,E,50,3,11,1,11,10.778848418933704,0.7788484189337037,0.5867515802383423,0.0,-0.17238056659698486,1.0,2.0
cm_E_ds_050_ms_003,E,50,3,11,1,12,12.325219032350672,0.32521903235067207,0.8600465059280396,0.0,-0.17238056659698486,1.0,2.0
cm_E_ds_050_ms_003,E,50,3,11,1,13,13.323146704893034,0.3231467048930341,0.8632621765136719,0.0,-0.17238056659698486,1.0,2.0
cm_E_ds_050_ms_003,E,50,3,11,1,14,14.268514098606389,0.26851409860638853,0.9562391042709351,0.0,-0.17238056659698486,1.0,2.0
cm_E_ds_050_ms_003,E,50,3,11,1,15,15.06617698191642,0.06617698191642063,0.9511942863464355,0.0,-0.17238056659698486,1.0,2.0
cm_E_ds_050_ms_003,E,50,3,12,0,0,0.12375290579973604,0.12375290579973604,0.915015459060669,0.0,-0.11610381305217743,1.0,3.0
cm_E_ds_050_ms_003,E,50,3,12,0,1,1.0316008087144886,0.03160080871448856,0.9348072409629822,0.0,-0.11610381305217743,1.0,3.0
cm_E_ds_050_ms_003,E,50,3,12,0,2,1.6483990685467298,0.6483990685467298,0.9648524522781372,0.0,-0.11610381305217743,1.0,3.0
cm_E_ds_050_ms_003,E,50,3,12,0,3,2.6631095783536844,0.6631095783536844,0.8895246982574463,0.0,-0.11610381305217743,1.0,3.0
cm_E_ds_050_ms_003,E,50,3,12,0,4,3.8300674332719282,0.8300674332719282,0.8105157613754272,0.0,-0.11610381305217743,1.0,3.0
cm_E_ds_050_ms_003,E,50,3,12,0,5,5.1546769825367384,0.15467698253673845,0.5862969160079956,0.0,-0.11610381305217743,1.0,3.0
cm_E_ds_050_ms_003,E,50,3,12,0,6,5.661885008918107,0.661885008918107,0.7393057346343994,0.0,-0.11610381305217743,1.0,3.0
cm_E_ds_050_ms_003,E,50,3,12,0,7,7.048500836852072,0.04850083685207185,0.8240306377410889,0.0,-0.11610381305217743,1.0,3.0
cm_E_ds_050_ms_003,E,50,3,12,0,8,8.000346285538228,0.00034628553822813046,0.8499351739883423,0.0,-0.11610381305217743,1.0,3.0
cm_E_ds_050_ms_003,E,50,3,12,0,9,9.084325234703858,0.08432523470385789,0.8152298331260681,0.0,-0.11610381305217743,1.0,3.0
cm_E_ds_050_ms_003,E,50,3,12,0,10,10.341559673047922,0.34155967304792156,0.650749683380127,0.0,-0.11610381305217743,1.0,3.0
cm_E_ds_050_ms_003,E,50,3,12,0,11,10.905917865380546,0.9059178653805464,0.5991169810295105,0.0,-0.11610381305217743,1.0,3.0
cm_E_ds_050_ms_003,E,50,3,12,0,12,12.255617886888427,0.2556178868884267,0.8603301048278809,0.0,-0.11610381305217743,1.0,3.0
cm_E_ds_050_ms_003,E,50,3,12,0,13,13.290805000263116,0.2908050002631164,0.8603053689002991,0.0,-0.11610381305217743,1.0,3.0
cm_E_ds_050_ms_003,E,50,3,12,0,14,14.308646468785605,0.3086464687856054,0.9632149934768677,0.0,-0.11610381305217743,1.0,3.0
cm_E_ds_050_ms_003,E,50,3,12,0,15,14.970698829982682,0.9706988299826822,0.9408712387084961,0.0,-0.11610381305217743,1.0,3.0
cm_E_ds_050_ms_003,E,50,3,12,1,0,0.1334510629431156,0.1334510629431156,0.9081756472587585,0.0,-0.1632431000471115,1.0,3.0
cm_E_ds_050_ms_003,E,50,3,12,1,1,1.059915206136795,0.05991520613679491,0.9262238144874573,0.0,-0.1632431000471115,1.0,3.0
cm_E_ds_050_ms_003,E,50,3,12,1,2,1.6703528143589663,0.6703528143589663,0.9601222276687622,0.0,-0.1632431000471115,1.0,3.0
cm_E_ds_050_ms_003,E,50,3,12,1,3,2.6763853411524474,0.6763853411524474,0.8871430158615112,0.0,-0.1632431000471115,1.0,3.0
cm_E_ds_050_ms_003,E,50,3,12,1,4,3.84424447747717,0.84424447747717,0.8142188787460327,0.0,-0.1632431000471115,1.0,3.0
cm_E_ds_050_ms_003,E,50,3,12,1,5,5.1609376857119535,0.16093768571195355,0.5826706290245056,0.0,-0.1632431000471115,1.0,3.0
cm_E_ds_050_ms_003,E,50,3,12,1,6,5.663708821208481,0.6637088212084814,0.7273186445236206,0.0,-0.1632431000471115,1.0,3.0
cm_E_ds_050_ms_003,E,50,3,12,1,7,7.0512201628336255,0.051220162833625515,0.8369569778442383,0.0,-0.1632431000471115,1.0,3.0
cm_E_ds_050_ms_003,E,50,3,12,1,8,8.018824831100764,0.018824831100763717,0.8704191446304321,0.0,-0.1632431000471115,1.0,3.0
cm_E_ds_050_ms_003,E,50,3,12,1,9,9.073823742963974,0.07382374296397387,0.8218649625778198,0.0,-0.1632431000471115,1.0,3.0
cm_E_ds_050_ms_003,E,50,3,12,1,10,10.331773985133053,0.33177398513305256,0.6435497999191284,0.0,-0.1632431000471115,1.0,3.0
cm_E_ds_050_ms_003,E,50,3,12,1,11,10.870448237674726,0.8704482376747258,0.5995913147926331,0.0,-0.1632431000471115,1.0,3.0
cm_E_ds_050_ms_003,E,50,3,12,1,12,12.263493550347395,0.26349355034739474,0.8531151413917542,0.0,-0.1632431000471115,1.0,3.0
cm_E_ds_050_ms_003,E,50,3,12,1,13,13.28378417292427,0.2837841729242694,0.8500840663909912,0.0,-0.1632431000471115,1.0,3.0
cm_E_ds_050_ms_003,E,50,3,12,1,14,14.301121725267992,0.30112172526799164,0.9634708166122437,0.0,-0.1632431000471115,1.0,3.0
cm_E_ds_050_ms_003,E,50,3,12,1,15,14.966436791940595,0.9664367919405947,0.9422188997268677,0.0,-0.1632431000471115,1.0,3.0
cm_E_ds_050_ms_003,E,50,3,13,0,0,0.15649832204147118,0.15649832204147118,0.8958004117012024,0.0,-0.18769478797912598,1.0,3.0
cm_E_ds_050_ms_003,E,50,3,13,0,1,0.9932667514527458,0.9932667514527458,0.9417135715484619,0.0,-0.18769478797912598,1.0,3.0
cm_E_ds_050_ms_003,E,50,3,13,0,2,1.7121883301532206,0.7121883301532206,0.9662859439849854,0.0,-0.18769478797912598,1.0,3.0
cm_E_ds_050_ms_003,E,50,3,13,0,3,2.6762332556069284,0.6762332556069284,0.9283191561698914,0.0,-0.18769478797912598,1.0,3.0
cm_E_ds_050_ms_003,E,50,3,13,0,4,3.809641524886033,0.8096415248860329,0.8702917695045471,0.0,-0.18769478797912598,1.0,3.0
cm_E_ds_050_ms_003,E,50,3,13,0,5,5.206167501959741,0.2061675019597411,0.593970775604248,0.0,-0.18769478797912598,1.0,3.0
cm_E_ds_050_ms_003,E,50,3,13,0,6,5.64992883866699,0.6499288386669901,0.6893947720527649,0.0,-0.18769478797912598,1.0,3.0
cm_E_ds_050_ms_003,E,50,3,13,0,7,6.975552595132557,0.975552595132557,0.8514130711555481,0.0,-0.18769478797912598,1.0,3.0
cm_E_ds_050_ms_003,E,50,3,13,0,8,7.980894513909959,0.9808945139099592,0.8905799388885498,0.0,-0.18769478797912598,1.0,3.0
cm_E_ds_050_ms_003,E,50,3,13,0,9,9.164840718895821,0.16484071889582097,0.8531129360198975,0.0,-0.18769478797912598,1.0,3.0
cm_E_ds_050_ms_003,E,50,3,13,0,10,10.366206638340884,0.3662066383408842,0.7163646221160889,0.0,-0.18769478797912598,1.0,3.0
cm_E_ds_050_ms_003,E,50,3,13,0,11,10.92522939045786,0.9252293904578597,0.5901030898094177,0.0,-0.18769478797912598,1.0,3.0
cm_E_ds_050_ms_003,E,50,3,13,0,12,12.185129120398042,0.18512912039804164,0.9053505063056946,0.0,-0.18769478797912598,1.0,3.0
cm_E_ds_050_ms_003,E,50,3,13,0,13,13.147901657500368,0.147901657500368,0.8977023363113403,0.0,-0.18769478797912598,1.0,3.0
cm_E_ds_050_ms_003,E,50,3,13,0,14,14.15349614149508,0.15349614149507929,0.9472565650939941,0.0,-0.18769478797912598,1.0,3.0
cm_E_ds_050_ms_003,E,50,3,13,0,15,14.697220484127076,0.6972204841270759,0.883561909198761,0.0,-0.18769478797912598,1.0,3.0
cm_E_ds_050_ms_003,E,50,3,13,1,0,0.15508095343858122,0.15508095343858122,0.8979023694992065,0.0,-0.16965137422084808,1.0,3.0
cm_E_ds_050_ms_003,E,50,3,13,1,1,0.9634330922860563,0.9634330922860563,0.9441266059875488,0.0,-0.16965137422084808,1.0,3.0
cm_E_ds_050_ms_003,E,50,3,13,1,2,1.7139455101536927,0.7139455101536927,0.9662388563156128,0.0,-0.16965137422084808,1.0,3.0
cm_E_ds_050_ms_003,E,50,3,13,1,3,2.6701996182761207,0.6701996182761207,0.9337316155433655,0.0,-0.16965137422084808,1.0,3.0
cm_E_ds_050_ms_003,E,50,3,13,1,4,3.802066086186581,0.8020660861865809,0.8758902549743652,0.0,-0.16965137422084808,1.0,3.0
cm_E_ds_050_ms_003,E,50,3,13,1,5,5.205812332122901,0.20581233212290062,0.5973184704780579,0.0,-0.16965137422084808,1.0,3.0
cm_E_ds_050_ms_003,E,50,3,13,1,6,5.6420853529881105,0.6420853529881105,0.694504976272583,0.0,-0.16965137422084808,1.0,3.0
cm_E_ds_050_ms_003,E,50,3,13,1,7,6.953832593571916,0.9538325935719163,0.852580189704895,0.0,-0.16965137422084808,1.0,3.0
cm_E_ds_050_ms_003,E,50,3,13,1,8,7.97228726129989,0.9722872612998898,0.8906949162483215,0.0,-0.16965137422084808,1.0,3.0
cm_E_ds_050_ms_003,E,50,3,13,1,9,9.176331222027525,0.1763312220275246,0.8547226786613464,0.0,-0.16965137422084808,1.0,3.0
cm_E_ds_050_ms_003,E,50,3,13,1,10,10.367722029644739,0.36772202964473877,0.7220261096954346,0.0,-0.16965137422084808,1.0,3.0
cm_E_ds_050_ms_003,E,50,3,13,1,11,10.91610304347087,0.9161030434708692,0.5912269353866577,0.0,-0.16965137422084808,1.0,3.0
cm_E_ds_050_ms_003,E,50,3,13,1,12,12.170056562501621,0.17005656250162104,0.9110013842582703,0.0,-0.16965137422084808,1.0,3.0
cm_E_ds_050_ms_003,E,50,3,13,1,13,13.131251781251619,0.13125178125161874,0.9052667617797852,0.0,-0.16965137422084808,1.0,3.0
cm_E_ds_050_ms_003,E,50,3,13,1,14,14.122569044933261,0.12256904493326104,0.9439831972122192,0.0,-0.16965137422084808,1.0,3.0
cm_E_ds_050_ms_003,E,50,3,13,1,15,14.705773702351712,0.7057737023517117,0.8848876953125,0.0,-0.16965137422084808,1.0,3.0
cm_E_ds_050_ms_003,E,50,3,14,0,0,0.11892168532681369,0.11892168532681369,0.9086461663246155,0.0,-0.4340864419937134,1.0,2.0
cm_E_ds_050_ms_003,E,50,3,14,0,1,1.0623431866047528,0.0623431866047528,0.906254768371582,0.0,-0.4340864419937134,1.0,2.0
cm_E_ds_050_ms_003,E,50,3,14,0,2,1.6813479011028714,0.6813479011028714,0.94871985912323,0.0,-0.4340864419937134,1.0,2.0
cm_E_ds_050_ms_003,E,50,3,14,0,3,2.6974891078679715,0.6974891078679715,0.8900212049484253,0.0,-0.4340864419937134,1.0,2.0
cm_E_ds_050_ms_003,E,50,3,14,0,4,3.8755649929351805,0.8755649929351805,0.8267816305160522,0.0,-0.4340864419937134,1.0,2.0
cm_E_ds_050_ms_003,E,50,3,14,0,5,5.167440632929732,0.16744063292973177,0.5774018168449402,0.0,-0.4340864419937134,1.0,2.0
cm_E_ds_050_ms_003,E,50,3,14,0,6,5.660786714499569,0.6607867144995687,0.7294947504997253,0.0,-0.4340864419937134,1.0,2.0
cm_E_ds_050_ms_003,E,50,3,14,0,7,7.03394919471635,0.033949194716350384,0.8323311805725098,0.0,-0.4340864419937134,1.0,2.0
cm_E_ds_050_ms_003,E,50,3,14,0,8,8.018419876773972,0.018419876773972277,0.8732907772064209,0.0,-0.4340864419937134,1.0,2.0
cm_E_ds_050_ms_003,E,50,3,14,0,9,9.064076911236384,0.06407691123638415,0.8112572431564331,0.0,-0.4340864419937134,1.0,2.0
cm_E_ds_050_ms_003,E,50,3,14,0,10,10.33389650436313,0.3338965043631301,0.6101429462432861,0.0,-0.4340864419937134,1.0,2.0
cm_E_ds_050_ms_003,E,50,3,14,0,11,10.822479060223818,0.8224790602238183,0.5940980315208435,0.0,-0.4340864419937134,1.0,2.0
cm_E_ds_050_ms_003,E,50,3,14,0,12,12.29664273511919,0.2966427351191907,0.8595521450042725,0.0,-0.4340864419937134,1.0,2.0
cm_E_ds_050_ms_003,E,50,3,14,0,13,13.316328658281545,0.3163286582815452,0.8639158010482788,0.0,-0.4340864419937134,1.0,2.0
cm_E_ds_050_ms_003,E,50,3,14,0,14,14.289434512688192,0.2894345126881923,0.9596233367919922,0.0,-0.4340864419937134,1.0,2.0
cm_E_ds_050_ms_003,E,50,3,14,0,15,15.031682401660113,0.03168240166011316,0.9517382383346558,0.0,-0.4340864419937134,1.0,2.0
cm_E_ds_050_ms_003,E,50,3,14,1,0,0.12643686657958794,0.12643686657958794,0.9205882549285889,0.0,-0.4538527727127075,1.0,2.0
cm_E_ds_050_ms_003,E,50,3,14,1,1,1.0615949014356825,0.06159490143568247,0.9175352454185486,0.0,-0.4538527727127075,1.0,2.0
cm_E_ds_050_ms_003,E,50,3,14,1,2,1.6649395099867774,0.6649395099867774,0.9521706700325012,0.0,-0.4538527727127075,1.0,2.0
cm_E_ds_050_ms_003,E,50,3,14,1,3,2.674431907049824,0.6744319070498239,0.8809788227081299,0.0,-0.4538527727127075,1.0,2.0
cm_E_ds_050_ms_003,E,50,3,14,1,4,3.8529852982310078,0.8529852982310078,0.8020290732383728,0.0,-0.4538527727127075,1.0,2.0
cm_E_ds_050_ms_003,E,50,3,14,1,5,5.155857239225317,0.15585723922531702,0.5848301649093628,0.0,-0.4538527727127075,1.0,2.0
cm_E_ds_050_ms_003,E,50,3,14,1,6,5.6869946056908525,0.6869946056908525,0.7405334115028381,0.0,-0.4538527727127075,1.0,2.0
cm_E_ds_050_ms_003,E,50,3,14,1,7,7.0603337601341645,0.06033376013416447,0.8422597050666809,0.0,-0.4538527727127075,1.0,2.0
cm_E_ds_050_ms_003,E,50,3,14,1,8,8.018632978676075,0.018632978676075496,0.8691787719726562,0.0,-0.4538527727127075,1.0,2.0
cm_E_ds_050_ms_003,E,50,3,14,1,9,9.042213627485154,0.04221362748515389,0.8173089027404785,0.0,-0.4538527727127075,1.0,2.0
cm_E_ds_050_ms_003,E,50,3,14,1,10,10.317629118707902,0.31762911870790234,0.6183894276618958,0.0,-0.4538527727127075,1.0,2.0
cm_E_ds_050_ms_003,E,50,3,14,1,11,10.844362379196612,0.8443623791966122,0.5998837947845459,0.0,-0.4538527727127075,1.0,2.0
cm_E_ds_050_ms_003,E,50,3,14,1,12,12.290176822704913,0.29017682270491285,0.8458001017570496,0.0,-0.4538527727127075,1.0,2.0
cm_E_ds_050_ms_003,E,50,3,14,1,13,13.320873617937254,0.320873617937254,0.8452812433242798,0.0,-0.4538527727127075,1.0,2.0
cm_E_ds_050_ms_003,E,50,3,14,1,14,14.302206055744227,0.302206055744227,0.9611011743545532,0.0,-0.4538527727127075,1.0,2.0
cm_E_ds_050_ms_003,E,50,3,14,1,15,15.102361806319331,0.10236180631933145,0.9565179944038391,0.0,-0.4538527727127075,1.0,2.0
cm_E_ds_050_ms_003,E,50,3,15,0,0,0.13638018956867556,0.13638018956867556,0.8984907865524292,0.0,-0.09103716909885406,1.0,2.0
cm_E_ds_050_ms_003,E,50,3,15,0,1,1.0431672787279604,0.043167278727960445,0.9366102814674377,0.0,-0.09103716909885406,1.0,2.0
cm_E_ds_050_ms_003,E,50,3,15,0,2,1.6994554915024829,0.6994554915024829,0.964178204536438,0.0,-0.09103716909885406,1.0,2.0
cm_E_ds_050_ms_003,E,50,3,15,0,3,2.686996419483016,0.686996419483016,0.9144139289855957,0.0,-0.09103716909885406,1.0,2.0
cm_E_ds_050_ms_003,E,50,3,15,0,4,3.8321498820588746,0.8321498820588746,0.8569193482398987,0.0,-0.09103716909885406,1.0,2.0
cm_E_ds_050_ms_003,E,50,3,15,0,5,5.196901515549721,0.19690151554972068,0.5853913426399231,0.0,-0.09103716909885406,1.0,2.0
cm_E_ds_050_ms_003,E,50,3,15,0,6,5.639038785054322,0.6390387850543222,0.7046200037002563,0.0,-0.09103716909885406,1.0,2.0
cm_E_ds_050_ms_003,E,50,3,15,0,7,7.0100441397492315,0.010044139749231462,0.839138925075531,0.0,-0.09103716909885406,1.0,2.0
cm_E_ds_050_ms_003,E,50,3,15,0,8,8.0063003891107,0.006300389110700522,0.8774800300598145,0.0,-0.09103716909885406,1.0,2.0
cm_E_ds_050_ms_003,E,50,3,15,0,9,9.174637335113362,0.17463733511336166,0.8369561433792114,0.0,-0.09103716909885406,1.0,2.0
cm_E_ds_050_ms_003,E,50,3,15,0,10,10.361564538216982,0.36156453821698165,0.6811815500259399,0.0,-0.09103716909885406,1.0,2.0
cm_E_ds_050_ms_003,E,50,3,15,0,11,10.89649523996556,0.8964952399655601,0.5900734663009644,0.0,-0.09103716909885406,1.0,2.0
cm_E_ds_050_ms_003,E,50,3,15,0,12,12.214703535940235,0.2147035359402345,0.8978807926177979,0.0,-0.09103716909885406,1.0,2.0
cm_E_ds_050_ms_003,E,50,3,15,0,13,13.2091584367446,0.2091584367446,0.8895132541656494,0.0,-0.09103716909885406,1.0,2.0
cm_E_ds_050_ms_003,E,50,3,15,0,14,14.21478691990318,0.21478691990317955,0.9560050964355469,0.0,-0.09103716909885406,1.0,2.0
cm_E_ds_050_ms_003,E,50,3,15,0,15,14.808250825018952,0.808250825018952,0.911156415939331,0.0,-0.09103716909885406,1.0,2.0
cm_E_ds_050_ms_003,E,50,3,15,1,0,0.12518749217115874,0.12518749217115874,0.906253457069397,0.0,-0.08928070962429047,1.0,2.0
cm_E_ds_050_ms_003,E,50,3,15,1,1,0.9799336150649547,0.9799336150649547,0.9435386061668396,0.0,-0.08928070962429047,1.0,2.0
cm_E_ds_050_ms_003,E,50,3,15,1,2,1.6902412627481727,0.6902412627481727,0.9654371738433838,0.0,-0.08928070962429047,1.0,2.0
cm_E_ds_050_ms_003,E,50,3,15,1,3,2.6722890490342186,0.6722890490342186,0.9162547588348389,0.0,-0.08928070962429047,1.0,2.0
cm_E_ds_050_ms_003,E,50,3,15,1,4,3.8169036855755536,0.8169036855755536,0.85112065076828,0.0,-0.08928070962429047,1.0,2.0
cm_E_ds_050_ms_003,E,50,3,15,1,5,5.2009874864932035,0.20098748649320353,0.590531051158905,0.0,-0.08928070962429047,1.0,2.0
cm_E_ds_050_ms_003,E,50,3,15,1,6,5.641295479556094,0.6412954795560939,0.710538387298584,0.0,-0.08928070962429047,1.0,2.0
cm_E_ds_050_ms_003,E,50,3,15,1,7,7.006681865293807,0.006681865293806766,0.8346893191337585,0.0,-0.08928070962429047,1.0,2.0
cm_E_ds_050_ms_003,E,50,3,15,1,8,7.998059234640145,0.9980592346401451,0.8669909238815308,0.0,-0.08928070962429047,1.0,2.0
cm_E_ds_050_ms_003,E,50,3,15,1,9,9.167742183255243,0.1677421832552426,0.8361199498176575,0.0,-0.08928070962429047,1.0,2.0
cm_E_ds_050_ms_003,E,50,3,15,1,10,10.359983577097095,0.35998357709709516,0.6939915418624878,0.0,-0.08928070962429047,1.0,2.0
cm_E_ds_050_ms_003,E,50,3,15,1,11,10.918135707767865,0.9181357077678651,0.5928117632865906,0.0,-0.08928070962429047,1.0,2.0
cm_E_ds_050_ms_003,E,50,3,15,1,12,12.20390273013272,0.20390273013271987,0.8960493803024292,0.0,-0.08928070962429047,1.0,2.0
cm_E_ds_050_ms_003,E,50,3,15,1,13,13.218832413121042,0.21883241312104218,0.8917385935783386,0.0,-0.08928070962429047,1.0,2.0
cm_E_ds_050_ms_003,E,50,3,15,1,14,14.220622633530038,0.22062263353003786,0.9560406804084778,0.0,-0.08928070962429047,1.0,2.0
cm_E_ds_050_ms_003,E,50,3,15,1,15,14.824853345289455,0.8248533452894549,0.9135168194770813,0.0,-0.08928070962429047,1.0,2.0
cm_E_ds_050_ms_033,E,50,33,0,0,0,0.2615292144938838,0.2615292144938838,0.9218719005584717,0.0,-0.13844776153564453,1.0,2.0
cm_E_ds_050_ms_033,E,50,33,0,0,1,0.9006962869396737,0.9006962869396737,0.9640547037124634,0.0,-0.13844776153564453,1.0,2.0
cm_E_ds_050_ms_033,E,50,33,0,0,2,1.8871246529954027,0.8871246529954027,0.7862851619720459,0.0,-0.13844776153564453,1.0,2.0
cm_E_ds_050_ms_033,E,50,33,0,0,3,2.811424555886825,0.8114245558868252,0.7173643112182617,0.0,-0.13844776153564453,1.0,2.0
cm_E_ds_050_ms_033,E,50,33,0,0,4,3.9252477889578534,0.9252477889578534,0.8314056396484375,0.0,-0.13844776153564453,1.0,2.0
cm_E_ds_050_ms_033,E,50,33,0,0,5,4.972693118726956,0.9726931187269559,0.6018983125686646,0.0,-0.13844776153564453,1.0,2.0
cm_E_ds_050_ms_033,E,50,33,0,0,6,5.826889629579164,0.8268896295791643,0.6339702010154724,0.0,-0.13844776153564453,1.0,2.0
cm_E_ds_050_ms_033,E,50,33,0,0,7,7.187105713897159,0.18710571389715902,0.6456619501113892,0.0,-0.13844776153564453,1.0,2.0
cm_E_ds_050_ms_033,E,50,33,0,0,8,8.052624249881543,0.052624249881542795,0.6103499531745911,0.0,-0.13844776153564453,1.0,2.0
cm_E_ds_050_ms_033,E,50,33,0,0,9,9.231742573598078,0.23174257359807804,0.8590920567512512,0.0,-0.13844776153564453,1.0,2.0
cm_E_ds_050_ms_033,E,50,33,0,0,10,10.023740953356445,0.02374095335644455,0.8482372760772705,0.0,-0.13844776153564453,1.0,2.0
cm_E_ds_050_ms_033,E,50,33,0,0,11,11.450044126699705,0.45004412669970506,0.8312039375305176,0.0,-0.13844776153564453,1.0,2.0
cm_E_ds_050_ms_033,E,50,33,0,0,12,12.179849535951604,0.1798495359516039,0.5419080853462219,0.0,-0.13844776153564453,1.0,2.0
cm_E_ds_050_ms_033,E,50,33,0,0,13,13.31919430209332,0.31919430209332056,0.836938738822937,0.0,-0.13844776153564453,1.0,2.0
cm_E_ds_050_ms_033,E,50,33,0,0,14,14.382111376370336,0.3821113763703359,0.9456809163093567,0.0,-0.13844776153564453,1.0,2.0
cm_E_ds_050_ms_033,E,50,33,0,0,15,15.282162741670378,0.282162741670378,0.9518483877182007,0.0,-0.13844776153564453,1.0,2.0
cm_E_ds_050_ms_033,E,50,33,0,1,0,0.2683130152957835,0.2683130152957835,0.9197958707809448,0.0,-0.18776559829711914,1.0,2.0
cm_E_ds_050_ms_033,E,50,33,0,1,1,0.9497088137317958,0.9497088137317958,0.963425874710083,0.0,-0.18776559829711914,1.0,2.0
cm_E_ds_050_ms_033,E,50,33,0,1,2,1.8465798911722993,0.8465798911722993,0.7693628072738647,0.0,-0.18776559829711914,1.0,2.0
cm_E_ds_050_ms_033,E,50,33,0,1,3,2.7997950204600164,0.7997950204600164,0.7187421321868896,0.0,-0.18776559829711914,1.0,2.0
cm_E_ds_050_ms_033,E,50,33,0,1,4,3.918005967053861,0.918005967053861,0.8033191561698914,0.0,-0.18776559829711914,1.0,2.0
cm_E_ds_050_ms_033,E,50,33,0,1,5,4.975114344896735,0.9751143448967348,0.5930578708648682,0.0,-0.18776559829711914,1.0,2.0
cm_E_ds_050_ms_033,E,50,33,0,1,6,5.8467208561613235,0.8467208561613235,0.6054961681365967,0.0,-0.18776559829711914,1.0,2.0
cm_E_ds_050_ms_033,E,50,33,0,1,7,7.205255803251606,0.20525580325160586,0.6315950751304626,0.0,-0.18776559829711914,1.0,2.0
cm_E_ds_050_ms_033,E,50,33,0,1,8,8.062055375087496,0.062055375087496145,0.5903204679489136,0.0,-0.18776559829711914,1.0,2.0
cm_E_ds_050_ms_033,E,50,33,0,1,9,9.276941426321628,0.27694142632162766,0.8431194424629211,0.0,-0.18776559829711914,1.0,2.0
cm_E_ds_050_ms_033,E,50,33,0,1,10,10.017369145770731,0.01736914577073101,0.822290301322937,0.0,-0.18776559829711914,1.0,2.0
cm_E_ds_050_ms_033,E,50,33,0,1,11,11.46011152197234,0.4601115219723404,0.7999436855316162,0.0,-0.18776559829711914,1.0,2.0
cm_E_ds_050_ms_033,E,50,33,0,1,12,12.188943098030578,0.18894309803057752,0.5146734714508057,0.0,-0.18776559829711914,1.0,2.0
cm_E_ds_050_ms_033,E,50,33,0,1,13,13.314189139469535,0.3141891394695353,0.8167136907577515,0.0,-0.18776559829711914,1.0,2.0
cm_E_ds_050_ms_033,E,50,33,0,1,14,14.368226360697607,0.36822636069760684,0.9357286691665649,0.0,-0.18776559829711914,1.0,2.0
cm_E_ds_050_ms_033,E,50,33,0,1,15,15.30161754893828,0.30161754893827997,0.9524850249290466,0.0,-0.18776559829711914,1.0,2.0
cm_E_ds_050_ms_033,E,50,33,1,0,0,0.04211920580415603,0.04211920580415603,0.9440020322799683,0.0,-0.1856297105550766,1.0,2.0
cm_E_ds_050_ms_033,E,50,33,1,0,1,1.0087860796118764,0.008786079611876385,0.8906314373016357,0.0,-0.1856297105550766,1.0,2.0
cm_E_ds_050_ms_033,E,50,33,1,0,2,2.3319375352708707,0.33193753527087067,0.8040039539337158,0.0,-0.1856297105550766,1.0,2.0
cm_E_ds_050_ms_033,E,50,33,1,0,3,3.275767832857009,0.2757678328570088,0.7703043222427368,0.0,-0.1856297105550766,1.0,2.0
cm_E_ds_050_ms_033,E,50,33,1,0,4,3.734680957655051,0.7346809576550508,0.6654967069625854,0.0,-0.1856297105550766,1.0,2.0
cm_E_ds_050_ms_033,E,50,33,1,0,5,5.33359940377854,0.3335994037785399,0.726515531539917,0.0,-0.1856297105550766,1.0,2.0
cm_E_ds_050_ms_033,E,50,33,1,0,6,6.142389120592467,0.14238912059246722,0.7586092948913574,0.0,-0.1856297105550766,1.0,2.0
cm_E_ds_050_ms_033,E,50,33,1,0,7,7.32033568741139,0.32033568741139007,0.8352899551391602,0.0,-0.1856297105550766,1.0,2.0
cm_E_ds_050_ms_033,E,50,33,1,0,8,8.217945184192162,0.21794518419216224,0.8038210272789001,0.0,-0.1856297105550766,1.0,2.0
cm_E_ds_050_ms_033,E,50,33,1,0,9,9.073345933286035,0.07334593328603489,0.7888133525848389,0.0,-0.1856297105550766,1.0,2.0
cm_E_ds_050_ms_033,E,50,33,1,0,10,9.483034643645704,0.4830346436457038,0.8812030553817749,0.0,-0.1856297105550766,1.0,2.0
cm_E_ds_050_ms_033,E,50,33,1,0,11,10.827527936058292,0.8275279360582921,0.8995552062988281,0.0,-0.1856297105550766,1.0,2.0
cm_E_ds_050_ms_033,E,50,33,1,0,12,11.792888052382182,0.7928880523821817,0.571180522441864,0.0,-0.1856297105550766,1.0,2.0
cm_E_ds_050_ms_033,E,50,33,1,0,13,12.916928337759659,0.9169283377596589,0.6752009391784668,0.0,-0.1856297105550766,1.0,2.0
cm_E_ds_050_ms_033,E,50,33,1,0,14,14.059320886091017,0.059320886091017044,0.8141943216323853,0.0,-0.1856297105550766,1.0,2.0
cm_E_ds_050_ms_033,E,50,33,1,0,15,15.341514353482122,0.3415143534821219,0.9208067059516907,0.0,-0.1856297105550766,1.0,2.0
cm_E_ds_050_ms_033,E,50,33,1,1,0,-0.0016064959184643349,0.9983935040815357,0.9468443393707275,0.0,-0.20258095860481262,1.0,2.0
cm_E_ds_050_ms_033,E,50,33,1,1,1,1.0255099495766342,0.025509949576634217,0.8850540518760681,0.0,-0.20258095860481262,1.0,2.0
cm_E_ds_050_ms_033,E,50,33,1,1,2,2.360562554518431,0.360562554518431,0.7768900394439697,0.0,-0.20258095860481262,1.0,2.0
cm_E_ds_050_ms_033,E,50,33,1,1,3,3.293937653869058,0.2939376538690581,0.7805478572845459,0.0,-0.20258095860481262,1.0,2.0
cm_E_ds_050_ms_033,E,50,33,1,1,4,3.7316034261970246,0.7316034261970246,0.6539006233215332,0.0,-0.20258095860481262,1.0,2.0
cm_E_ds_050_ms_033,E,50,33,1,1,5,5.355714038491226,0.35571403849122607,0.7054358720779419,0.0,-0.20258095860481262,1.0,2.0
cm_E_ds_050_ms_033,E,50,33,1,1,6,6.174211123717538,0.1742111237175381,0.7469552755355835,0.0,-0.20258095860481262,1.0,2.0
cm_E_ds_050_ms_033,E,50,33,1,1,7,7.304310545798725,0.3043105457987254,0.8107073903083801,0.0,-0.20258095860481262,1.0,2.0
cm_E_ds_050_ms_033,E,50,33,1,1,8,8.21642979288831,0.21642979288830944,0.7975589036941528,0.0,-0.20258095860481262,1.0,2.0
cm_E_ds_050_ms_033,E,50,33,1,1,9,9.112446185990672,0.11244618599067202,0.7869188785552979,0.0,-0.20258095860481262,1.0,2.0
cm_E_ds_050_ms_033,E,50,33,1,1,10,9.476651300629392,0.476651300629392,0.8912270665168762,0.0,-0.20258095860481262,1.0,2.0
cm_E_ds_050_ms_033,E,50,33,1,1,11,10.786657298320788,0.7866572983207885,0.900831401348114,0.0,-0.20258095860481262,1.0,2.0
cm_E_ds_050_ms_033,E,50,33,1,1,12,11.773740451844949,0.7737404518449491,0.592303454875946,0.0,-0.20258095860481262,1.0,2.0
cm_E_ds_050_ms_033,E,50,33,1,1,13,12.895450580241581,0.8954505802415813,0.6918044090270996,0.0,-0.20258095860481262,1.0,2.0
cm_E_ds_050_ms_033,E,50,33,1,1,14,14.011944265496103,0.011944265496103057,0.7867997884750366,0.0,-0.20258095860481262,1.0,2.0
cm_E_ds_050_ms_033,E,50,33,1,1,15,15.336487334252991,0.3364873342529915,0.9137014150619507,0.0,-0.20258095860481262,1.0,2.0
cm_E_ds_050_ms_033,E,50,33,2,0,0,0.17908192513166907,0.17908192513166907,0.7959672212600708,0.0,-0.16408956050872803,1.0,3.0
cm_E_ds_050_ms_033,E,50,33,2,0,1,1.498937681706898,0.498937681706898,0.715761125087738,0.0,-0.16408956050872803,1.0,3.0
cm_E_ds_050_ms_033,E,50,33,2,0,2,2.3249819741840927,0.3249819741840927,0.8280903100967407,0.0,-0.16408956050872803,1.0,3.0
cm_E_ds_050_ms_033,E,50,33,2,0,3,3.146151181195695,0.14615118119569503,0.9071990251541138,0.0,-0.16408956050872803,1.0,3.0
cm_E_ds_050_ms_033,E,50,33,2,0,4,4.16331721990026,0.16331721990025994,0.9224695563316345,0.0,-0.16408956050872803,1.0,3.0
cm_E_ds_050_ms_033,E,50,33,2,0,5,5.187554781125512,0.18755478112551227,0.5681344270706177,0.0,-0.16408956050872803,1.0,3.0
cm_E_ds_050_ms_033,E,50,33,2,0,6,5.606270269492269,0.6062702694922688,0.7023618817329407,0.0,-0.16408956050872803,1.0,3.0
cm_E_ds_050_ms_033,E,50,33,2,0,7,6.982241930623686,0.9822419306236858,0.8876190185546875,0.0,-0.16408956050872803,1.0,3.0
cm_E_ds_050_ms_033,E,50,33,2,0,8,8.16299342846176,0.16299342846176046,0.9284464120864868,0.0,-0.16408956050872803,1.0,3.0
cm_E_ds_050_ms_033,E,50,33,2,0,9,9.269156832051593,0.2691568320515927,0.8637211322784424,0.0,-0.16408956050872803,1.0,3.0
cm_E_ds_050_ms_033,E,50,33,2,0,10,10.304239519422971,0.3042395194229712,0.5937598943710327,0.0,-0.16408956050872803,1.0,3.0
cm_E_ds_050_ms_033,E,50,33,2,0,11,10.681916802744587,0.6819168027445865,0.5985000133514404,0.0,-0.16408956050872803,1.0,3.0
cm_E_ds_050_ms_033,E,50,33,2,0,12,12.339475610314249,0.3394756103142491,0.8882925510406494,0.0,-0.16408956050872803,1.0,3.0
cm_E_ds_050_ms_033,E,50,33,2,0,13,13.232089658518055,0.23208965851805452,0.9218602776527405,0.0,-0.16408956050872803,1.0,3.0
cm_E_ds_050_ms_033,E,50,33,2,0,14,14.167247589024038,0.16724758902403813,0.9500513076782227,0.0,-0.16408956050872803,1.0,3.0
cm_E_ds_050_ms_033,E,50,33,2,0,15,14.609166292475198,0.6091662924751979,0.8756709098815918,0.0,-0.16408956050872803,1.0,3.0
cm_E_ds_050_ms_033,E,50,33,2,1,0,0.18229249349652896,0.18229249349652896,0.7920396327972412,0.0,-0.15908204019069672,1.0,3.0
cm_E_ds_050_ms_033,E,50,33,2,1,1,1.506083273834584,0.506083273834584,0.7096157670021057,0.0,-0.15908204019069672,1.0,3.0
cm_E_ds_050_ms_033,E,50,33,2,1,2,2.3434454933304525,0.3434454933304525,0.8133660554885864,0.0,-0.15908204019069672,1.0,3.0
cm_E_ds_050_ms_033,E,50,33,2,1,3,3.1684767928627435,0.16847679286274353,0.9131715297698975,0.0,-0.15908204019069672,1.0,3.0
cm_E_ds_050_ms_033,E,50,33,2,1,4,4.177223181486443,0.17722318148644334,0.9271018505096436,0.0,-0.15908204019069672,1.0,3.0
cm_E_ds_050_ms_033,E,50,33,2,1,5,5.198960286347544,0.19896028634754437,0.5676160454750061,0.0,-0.15908204019069672,1.0,3.0
cm_E_ds_050_ms_033,E,50,33,2,1,6,5.606579904734643,0.6065799047346427,0.7009852528572083,0.0,-0.15908204019069672,1.0,3.0
cm_E_ds_050_ms_033,E,50,33,2,1,7,6.957788639139188,0.9577886391391877,0.8884549140930176,0.0,-0.15908204019069672,1.0,3.0
cm_E_ds_050_ms_033,E,50,33,2,1,8,8.17292846984648,0.17292846984648058,0.9316810369491577,0.0,-0.15908204019069672,1.0,3.0
cm_E_ds_050_ms_033,E,50,33,2,1,9,9.300035965507238,0.300035965507238,0.8644664883613586,0.0,-0.15908204019069672,1.0,3.0
cm_E_ds_050_ms_033,E,50,33,2,1,10,10.308201636269505,0.30820163626950503,0.5910623073577881,0.0,-0.15908204019069672,1.0,3.0
cm_E_ds_050_ms_033,E,50,33,2,1,11,10.655108462034269,0.6551084620342689,0.5951157808303833,0.0,-0.15908204019069672,1.0,3.0
cm_E_ds_050_ms_033,E,50,33,2,1,12,12.344472273147067,0.3444722731470673,0.8994762897491455,0.0,-0.15908204019069672,1.0,3.0
cm_E_ds_050_ms_033,E,50,33,2,1,13,13.206589071360822,0.20658907136082227,0.9291512966156006,0.0,-0.15908204019069672,1.0,3.0
cm_E_ds_050_ms_033,E,50,33,2,1,14,14.068252952141615,0.06825295214161464,0.9393175840377808,0.0,-0.15908204019069672,1.0,3.0
cm_E_ds_050_ms_033,E,50,33,2,1,15,14.600721143021431,0.6007211430214312,0.8652780055999756,0.0,-0.15908204019069672,1.0,3.0
cm_E_ds_050_ms_033,E,50,33,3,0,0,0.1809443469636023,0.1809443469636023,0.9567601680755615,0.0,-0.15809722244739532,1.0,2.0
cm_E_ds_050_ms_033,E,50,33,3,0,1,0.9433360954541924,0.9433360954541924,0.9691966772079468,0.0,-0.15809722244739532,1.0,2.0
cm_E_ds_050_ms_033,E,50,33,3,0,2,1.7855734004156532,0.7855734004156532,0.8743764758110046,0.0,-0.15809722244739532,1.0,2.0
cm_E_ds_050_ms_033,E,50,33,3,0,3,2.742222597036071,0.7422225970360712,0.8044615387916565,0.0,-0.15809722244739532,1.0,2.0
cm_E_ds_050_ms_033,E,50,33,3,0,4,3.880386499361283,0.8803864993612831,0.715423047542572,0.0,-0.15809722244739532,1.0,2.0
cm_E_ds_050_ms_033,E,50,33,3,0,5,5.063949606625699,0.06394960662569904,0.6623976826667786,0.0,-0.15809722244739532,1.0,2.0
cm_E_ds_050_ms_033,E,50,33,3,0,6,5.906918197174296,0.9069181971742957,0.7134972810745239,0.0,-0.15809722244739532,1.0,2.0
cm_E_ds_050_ms_033,E,50,33,3,0,7,7.081089035420036,0.0810890354200362,0.6188337802886963,0.0,-0.15809722244739532,1.0,2.0
cm_E_ds_050_ms_033,E,50,33,3,0,8,7.96610609188301,0.9661060918830104,0.5999159216880798,0.0,-0.15809722244739532,1.0,2.0
cm_E_ds_050_ms_033,E,50,33,3,0,9,9.1539494510273,0.15394945102729984,0.8912429213523865,0.0,-0.15809722244739532,1.0,2.0
cm_E_ds_050_ms_033,E,50,33,3,0,10,10.097595637069812,0.09759563706981211,0.9057519435882568,0.0,-0.15809722244739532,1.0,2.0
cm_E_ds_050_ms_033,E,50,33,3,0,11,11.423213929384042,0.42321392938404223,0.8811084032058716,0.0,-0.15809722244739532,1.0,2.0
cm_E_ds_050_ms_033,E,50,33,3,0,12,12.131904643617746,0.13190464361774623,0.6237450242042542,0.0,-0.15809722244739532,1.0,2.0
cm_E_ds_050_ms_033,E,50,33,3,0,13,13.301274314222912,0.30127431422291195,0.8609017133712769,0.0,-0.15809722244739532,1.0,2.0
cm_E_ds_050_ms_033,E,50,33,3,0,14,14.304573854656498,0.304573854656498,0.9102609157562256,0.0,-0.15809722244739532,1.0,2.0
cm_E_ds_050_ms_033,E,50,33,3,0,15,15.169340159140292,0.1693401591402921,0.9335888624191284,0.0,-0.15809722244739532,1.0,2.0
cm_E_ds_050_ms_033,E,50,33,3,1,0,0.18972840660943566,0.18972840660943566,0.9570101499557495,0.0,-0.16154932975769043,1.0,2.0
cm_E_ds_050_ms_033,E,50,33,3,1,1,0.9486487683726099,0.9486487683726099,0.9677425622940063,0.0,-0.16154932975769043,1.0,2.0
cm_E_ds_050_ms_033,E,50,33,3,1,2,1.7838162204151813,0.7838162204151813,0.8641582727432251,0.0,-0.16154932975769043,1.0,2.0
cm_E_ds_050_ms_033,E,50,33,3,1,3,2.7505724274054213,0.7505724274054213,0.7927409410476685,0.0,-0.16154932975769043,1.0,2.0
cm_E_ds_050_ms_033,E,50,33,3,1,4,3.9022692112061517,0.9022692112061517,0.7391633987426758,0.0,-0.16154932975769043,1.0,2.0
cm_E_ds_050_ms_033,E,50,33,3,1,5,5.037378045806608,0.03737804580660775,0.6591815948486328,0.0,-0.16154932975769043,1.0,2.0
cm_E_ds_050_ms_033,E,50,33,3,1,6,5.908037741070252,0.9080377410702516,0.7233231663703918,0.0,-0.16154932975769043,1.0,2.0
cm_E_ds_050_ms_033,E,50,33,3,1,7,7.042183670779718,0.04218367077971763,0.6045984029769897,0.0,-0.16154932975769043,1.0,2.0
cm_E_ds_050_ms_033,E,50,33,3,1,8,7.94900936948056,0.9490093694805601,0.5788235664367676,0.0,-0.16154932975769043,1.0,2.0
cm_E_ds_050_ms_033,E,50,33,3,1,9,9.16799171283292,0.16799171283292047,0.8665366172790527,0.0,-0.16154932975769043,1.0,2.0
cm_E_ds_050_ms_033,E,50,33,3,1,10,10.106245995762642,0.1062459957626416,0.8894587755203247,0.0,-0.16154932975769043,1.0,2.0
cm_E_ds_050_ms_033,E,50,33,3,1,11,11.429344707183045,0.42934470718304496,0.8615908622741699,0.0,-0.16154932975769043,1.0,2.0
cm_E_ds_050_ms_033,E,50,33,3,1,12,12.130464536176744,0.1304645361767438,0.6550673246383667,0.0,-0.16154932975769043,1.0,2.0
cm_E_ds_050_ms_033,E,50,33,3,1,13,13.294361555654932,0.29436155565493216,0.8794378042221069,0.0,-0.16154932975769043,1.0,2.0
cm_E_ds_050_ms_033,E,50,33,3,1,14,14.316769840438473,0.31676984043847334,0.8974633812904358,0.0,-0.16154932975769043,1.0,2.0
cm_E_ds_050_ms_033,E,50,33,3,1,15,15.135674915631208,0.13567491563120804,0.9355841875076294,0.0,-0.16154932975769043,1.0,2.0
cm_E_ds_050_ms_033,E,50,33,4,0,0,-0.33772192887838853,0.6622780711216114,0.9557002782821655,0.0,-0.12338447570800781,1.0,2.0
cm_E_ds_050_ms_033,E,50,33,4,0,1,0.795511829067422,0.795511829067422,0.8793762922286987,0.0,-0.12338447570800781,1.0,2.0
cm_E_ds_050_ms_033,E,50,33,4,0,2,1.6014266433686997,0.6014266433686997,0.8880045413970947,0.0,-0.12338447570800781,1.0,2.0
cm_E_ds_050_ms_033,E,50,33,4,0,3,2.8742847599842127,0.8742847599842127,0.7201646566390991,0.0,-0.12338447570800781,1.0,2.0
cm_E_ds_050_ms_033,E,50,33,4,0,4,4.067111425146944,0.06711142514694401,0.7568314075469971,0.0,-0.12338447570800781,1.0,2.0
cm_E_ds_050_ms_033,E,50,33,4,0,5,4.695666717270501,0.6956667172705009,0.8691511154174805,0.0,-0.12338447570800781,1.0,2.0
cm_E_ds_050_ms_033,E,50,33,4,0,6,6.3982407213660295,0.3982407213660295,0.9010248184204102,0.0,-0.12338447570800781,1.0,2.0
cm_E_ds_050_ms_033,E,50,33,4,0,7,7.054371763898652,0.054371763898651615,0.9063609838485718,0.0,-0.12338447570800781,1.0,2.0
cm_E_ds_050_ms_033,E,50,33,4,0,8,7.79577270941349,0.7957727094134901,0.7378042936325073,0.0,-0.12338447570800781,1.0,2.0
cm_E_ds_050_ms_033,E,50,33,4,0,9,8.660408481393146,0.6604084813931461,0.7199944257736206,0.0,-0.12338447570800781,1.0,2.0
cm_E_ds_050_ms_033,E,50,33,4,0,10,10.097848809415046,0.09784880941504603,0.6808104515075684,0.0,-0.12338447570800781,1.0,2.0
cm_E_ds_050_ms_033,E,50,33,4,0,11,11.300112671062994,0.300112671062994,0.7386131286621094,0.0,-0.12338447570800781,1.0,2.0
cm_E_ds_050_ms_033,E,50,33,4,0,12,12.185665821484823,0.18566582148482347,0.7708931565284729,0.0,-0.12338447570800781,1.0,2.0
cm_E_ds_050_ms_033,E,50,33,4,0,13,13.045516818277914,0.045516818277913984,0.8044804334640503,0.0,-0.12338447570800781,1.0,2.0
cm_E_ds_050_ms_033,E,50,33,4,0,14,14.188347712972003,0.18834771297200348,0.8038506507873535,0.0,-0.12338447570800781,1.0,2.0
cm_E_ds_050_ms_033,E,50,33,4,0,15,14.76128705141387,0.7612870514138699,0.8219987154006958,0.0,-0.12338447570800781,1.0,2.0
cm_E_ds_050_ms_033,E,50,33,4,1,0,-0.32530601100513934,0.6746939889948607,0.9560408592224121,0.0,-0.10280527174472809,1.0,2.0
cm_E_ds_050_ms_033,E,50,33,4,1,1,0.8431049666590248,0.8431049666590248,0.8781692981719971,0.0,-0.10280527174472809,1.0,2.0
cm_E_ds_050_ms_033,E,50,33,4,1,2,1.594068101120891,0.594068101120891,0.8867703676223755,0.0,-0.10280527174472809,1.0,2.0
cm_E_ds_050_ms_033,E,50,33,4,1,3,2.8666058059733395,0.8666058059733395,0.7263743877410889,0.0,-0.10280527174472809,1.0,2.0
cm_E_ds_050_ms_033,E,50,33,4,1,4,4.067521843625071,0.0675218436250713,0.7359080910682678,0.0,-0.10280527174472809,1.0,2.0
cm_E_ds_050_ms_033,E,50,33,4,1,5,4.715513729178742,0.7155137291787419,0.8632125854492188,0.0,-0.10280527174472809,1.0,2.0
cm_E_ds_050_ms_033,E,50,33,4,1,6,6.394504456108051,0.3945044561080513,0.9057101011276245,0.0,-0.10280527174472809,1.0,2.0
cm_E_ds_050_ms_033,E,50,33,4,1,7,7.054386942096807,0.054386942096806834,0.8997049331665039,0.0,-0.10280527174472809,1.0,2.0
cm_E_ds_050_ms_033,E,50,33,4,1,8,7.811312755813104,0.8113127558131037,0.728160560131073,0.0,-0.10280527174472809,1.0,2.0
cm_E_ds_050_ms_033,E,50,33,4,1,9,8.673798080678075,0.6737980806780755,0.7153511047363281,0.0,-0.10280527174472809,1.0,2.0
cm_E_ds_050_ms_033,E,50,33,4,1,10,10.093722160900507,0.09372216090050678,0.6814358830451965,0.0,-0.10280527174472809,1.0,2.0
cm_E_ds_050_ms_033,E,50,33,4,1,11,11.293666186742355,0.2936661867423549,0.7406548261642456,0.0,-0.10280527174472809,1.0,2.0
cm_E_ds_050_ms_033,E,50,33,4,1,12,12.194381749993687,0.19438174999368663,0.7709752321243286,0.0,-0.10280527174472809,1.0,2.0
cm_E_ds_050_ms_033,E,50,33,4,1,13,13.07538629799225,0.0753862979922495,0.8025028109550476,0.0,-0.10280527174472809,1.0,2.0
cm_E_ds_050_ms_033,E,50,33,4,1,14,14.202815571453907,0.2028155714539075,0.8150289058685303,0.0,-0.10280527174472809,1.0,2.0
cm_E_ds_050_ms_033,E,50,33,4,1,15,14.7661404320561,0.7661404320560994,0.8296671509742737,0.0,-0.10280527174472809,1.0,2.0
cm_E_ds_050_ms_033,E,50,33,5,0,0,0.2956805777443968,0.2956805777443968,0.7825089693069458,0.0,-0.12127387523651123,1.0,2.0
cm_E_ds_050_ms_033,E,50,33,5,0,1,1.1140154649506686,0.11401546495066861,0.8969987630844116,0.0,-0.12127387523651123,1.0,2.0
cm_E_ds_050_ms_033,E,50,33,5,0,2,2.013455680101977,0.013455680101976952,0.8279197216033936,0.0,-0.12127387523651123,1.0,2.0
cm_E_ds_050_ms_033,E,50,33,5,0,3,2.71304433246574,0.7130443324657398,0.8137519359588623,0.0,-0.12127387523651123,1.0,2.0
cm_E_ds_050_ms_033,E,50,33,5,0,4,3.7612285369210565,0.7612285369210565,0.8786739110946655,0.0,-0.12127387523651123,1.0,2.0
cm_E_ds_050_ms_033,E,50,33,5,0,5,5.2487648115194245,0.24876481151942453,0.5957158803939819,0.0,-0.12127387523651123,1.0,2.0
cm_E_ds_050_ms_033,E,50,33,5,0,6,6.182373958685611,0.18237395868561102,0.5852236151695251,0.0,-0.12127387523651123,1.0,2.0
cm_E_ds_050_ms_033,E,50,33,5,0,7,6.817322307872299,0.8173223078722991,0.790706992149353,0.0,-0.12127387523651123,1.0,2.0
cm_E_ds_050_ms_033,E,50,33,5,0,8,7.650597493950814,0.6505974939508139,0.9539651274681091,0.0,-0.12127387523651123,1.0,2.0
cm_E_ds_050_ms_033,E,50,33,5,0,9,9.072288316438554,0.07228831643855393,0.897915780544281,0.0,-0.12127387523651123,1.0,2.0
cm_E_ds_050_ms_033,E,50,33,5,0,10,10.045794875276508,0.04579487527650805,0.8270343542098999,0.0,-0.12127387523651123,1.0,2.0
cm_E_ds_050_ms_033,E,50,33,5,0,11,10.952374080039306,0.9523740800393057,0.6389765739440918,0.0,-0.12127387523651123,1.0,2.0
cm_E_ds_050_ms_033,E,50,33,5,0,12,11.674408251835546,0.6744082518355459,0.9273210167884827,0.0,-0.12127387523651123,1.0,2.0
cm_E_ds_050_ms_033,E,50,33,5,0,13,12.554685460578494,0.5546854605784937,0.9043112993240356,0.0,-0.12127387523651123,1.0,2.0
cm_E_ds_050_ms_033,E,50,33,5,0,14,13.506402198144292,0.5064021981442917,0.6424137353897095,0.0,-0.12127387523651123,1.0,2.0
cm_E_ds_050_ms_033,E,50,33,5,0,15,14.483941300668222,0.4839413006682225,0.6730051040649414,0.0,-0.12127387523651123,1.0,2.0
cm_E_ds_050_ms_033,E,50,33,5,1,0,0.3162607345690484,0.3162607345690484,0.7758151292800903,0.0,-0.1230664998292923,1.0,2.0
cm_E_ds_050_ms_033,E,50,33,5,1,1,1.072145191082638,0.07214519108263806,0.9103671908378601,0.0,-0.1230664998292923,1.0,2.0
cm_E_ds_050_ms_033,E,50,33,5,1,2,1.9433987333491194,0.9433987333491194,0.8492734432220459,0.0,-0.1230664998292923,1.0,2.0
cm_E_ds_050_ms_033,E,50,33,5,1,3,2.6675261304529965,0.6675261304529965,0.814361572265625,0.0,-0.1230664998292923,1.0,2.0
cm_E_ds_050_ms_033,E,50,33,5,1,4,3.738823998623599,0.7388239986235989,0.8839983940124512,0.0,-0.1230664998292923,1.0,2.0
cm_E_ds_050_ms_033,E,50,33,5,1,5,5.207669536449218,0.2076695364492176,0.5945402383804321,0.0,-0.1230664998292923,1.0,2.0
cm_E_ds_050_ms_033,E,50,33,5,1,6,6.181409839538769,0.18140983953876866,0.5827341675758362,0.0,-0.1230664998292923,1.0,2.0
cm_E_ds_050_ms_033,E,50,33,5,1,7,6.7924585979096745,0.7924585979096745,0.7810796499252319,0.0,-0.1230664998292923,1.0,2.0
cm_E_ds_050_ms_033,E,50,33,5,1,8,7.614312493440075,0.6143124934400754,0.9493143558502197,0.0,-0.1230664998292923,1.0,2.0
cm_E_ds_050_ms_033,E,50,33,5,1,9,9.025604428807462,0.025604428807461943,0.901623010635376,0.0,-0.1230664998292923,1.0,2.0
cm_E_ds_050_ms_033,E,50,33,5,1,10,10.073030634046889,0.07303063404688892,0.8398319482803345,0.0,-0.1230664998292923,1.0,2.0
cm_E_ds_050_ms_033,E,50,33,5,1,11,11.056566946226052,0.056566946226052295,0.6471595764160156,0.0,-0.1230664998292923,1.0,2.0
cm_E_ds_050_ms_033,E,50,33,5,1,12,11.648712169486068,0.6487121694860676,0.9224579334259033,0.0,-0.1230664998292923,1.0,2.0
cm_E_ds_050_ms_033,E,50,33,5,1,13,12.545682967688453,0.5456829676884531,0.8957422971725464,0.0,-0.1230664998292923,1.0,2.0
cm_E_ds_050_ms_033,E,50,33,5,1,14,13.506591622057273,0.5065916220572735,0.6393190622329712,0.0,-0.1230664998292923,1.0,2.0
cm_E_ds_050_ms_033,E,50,33,5,1,15,14.48123108160556,0.4812310816055607,0.6693264842033386,0.0,-0.1230664998292923,1.0,2.0
cm_E_ds_050_ms_033,E,50,33,6,0,0,0.14007253291574137,0.14007253291574137,0.7962266206741333,0.0,-0.23436221480369568,1.0,3.0
cm_E_ds_050_ms_033,E,50,33,6,0,1,1.2185977278110975,0.21859772781109754,0.858678936958313,0.0,-0.23436221480369568,1.0,3.0
cm_E_ds_050_ms_033,E,50,33,6,0,2,1.955251388288815,0.955251388288815,0.8507521748542786,0.0,-0.23436221480369568,1.0,3.0
cm_E_ds_050_ms_033,E,50,33,6,0,3,2.787123957075772,0.7871239570757722,0.8054924011230469,0.0,-0.23436221480369568,1.0,3.0
cm_E_ds_050_ms_033,E,50,33,6,0,4,3.7772606605048735,0.7772606605048735,0.5589405298233032,0.0,-0.23436221480369568,1.0,3.0
cm_E_ds_050_ms_033,E,50,33,6,0,5,5.288467942254801,0.2884679422548011,0.5616891384124756,0.0,-0.23436221480369568,1.0,3.0
cm_E_ds_050_ms_033,E,50,33,6,0,6,6.322990250550276,0.3229902505502764,0.5311504602432251,0.0,-0.23436221480369568,1.0,3.0
cm_E_ds_050_ms_033,E,50,33,6,0,7,7.068438917949247,0.06843891794924684,0.7168479561805725,0.0,-0.23436221480369568,1.0,3.0
cm_E_ds_050_ms_033,E,50,33,6,0,8,8.032963019118727,0.03296301911872668,0.760122537612915,0.0,-0.23436221480369568,1.0,3.0
cm_E_ds_050_ms_033,E,50,33,6,0,9,8.994140024030937,0.994140024030937,0.806414008140564,0.0,-0.23436221480369568,1.0,3.0
cm_E_ds_050_ms_033,E,50,33,6,0,10,9.974191421913579,0.974191421913579,0.711701512336731,0.0,-0.23436221480369568,1.0,3.0
cm_E_ds_050_ms_033,E,50,33,6,0,11,11.153677058025478,0.15367705802547782,0.5436215996742249,0.0,-0.23436221480369568,1.0,3.0
cm_E_ds_050_ms_033,E,50,33,6,0,12,12.325107320812247,0.325107320812247,0.5119887590408325,0.0,-0.23436221480369568,1.0,3.0
cm_E_ds_050_ms_033,E,50,33,6,0,13,13.233308771393911,0.23330877139391148,0.6296586394309998,0.0,-0.23436221480369568,1.0,3.0
cm_E_ds_050_ms_033,E,50,33,6,0,14,14.289123663189967,0.28912366318996696,0.8649172186851501,0.0,-0.23436221480369568,1.0,3.0
cm_E_ds_050_ms_033,E,50,33,6,0,15,14.470765410413323,0.470765410413323,0.7237356901168823,0.0,-0.23436221480369568,1.0,3.0
cm_E_ds_050_ms_033,E,50,33,6,1,0,0.12689337934823866,0.12689337934823866,0.8045043349266052,0.0,-0.23137810826301575,1.0,3.0
cm_E_ds_050_ms_033,E,50,33,6,1,1,1.1612817400449909,0.16128174004499085,0.83348548412323,0.0,-0.23137810826301575,1.0,3.0
cm_E_ds_050_ms_033,E,50,33,6,1,2,2.076378266593784,0.076378266593784,0.797030508518219,0.0,-0.23137810826301575,1.0,3.0
cm_E_ds_050_ms_033,E,50,33,6,1,3,2.8102782983621153,0.8102782983621153,0.8147047758102417,0.0,-0.23137810826301575,1.0,3.0
cm_E_ds_050_ms_033,E,50,33,6,1,4,3.7784123821809192,0.7784123821809192,0.5675280690193176,0.0,-0.23137810826301575,1.0,3.0
cm_E_ds_050_ms_033,E,50,33,6,1,5,5.306187577909555,0.3061875779095553,0.5625439882278442,0.0,-0.23137810826301575,1.0,3.0
cm_E_ds_050_ms_033,E,50,33,6,1,6,6.3415544011504075,0.34155440115040747,0.5290537476539612,0.0,-0.23137810826301575,1.0,3.0
cm_E_ds_050_ms_033,E,50,33,6,1,7,7.039491665554843,0.03949166555484318,0.7146064639091492,0.0,-0.23137810826301575,1.0,3.0
cm_E_ds_050_ms_033,E,50,33,6,1,8,8.063330343732567,0.06333034373256652,0.7845416069030762,0.0,-0.23137810826301575,1.0,3.0
cm_E_ds_050_ms_033,E,50,33,6,1,9,8.997912716964489,0.997912716964489,0.8041074275970459,0.0,-0.23137810826301575,1.0,3.0
cm_E_ds_050_ms_033,E,50,33,6,1,10,9.879324647801548,0.879324647801548,0.7128629684448242,0.0,-0.23137810826301575,1.0,3.0
cm_E_ds_050_ms_033,E,50,33,6,1,11,11.082439095674134,0.08243909567413432,0.5479280948638916,0.0,-0.23137810826301575,1.0,3.0
cm_E_ds_050_ms_033,E,50,33,6,1,12,12.320119157770396,0.3201191577703959,0.504786491394043,0.0,-0.23137810826301575,1.0,3.0
cm_E_ds_050_ms_033,E,50,33,6,1,13,13.216327403297445,0.21632740329744493,0.632750928401947,0.0,-0.23137810826301575,1.0,3.0
cm_E_ds_050_ms_033,E,50,33,6,1,14,14.255489990333045,0.25548999033304476,0.8488799333572388,0.0,-0.23137810826301575,1.0,3.0
cm_E_ds_050_ms_033,E,50,33,6,1,15,14.474425177552597,0.4744251775525967,0.7302366495132446,0.0,-0.23137810826301575,1.0,3.0
cm_E_ds_050_ms_033,E,50,33,7,0,0,-0.16228077916555167,0.8377192208344484,0.7938684225082397,0.0,-0.1459309160709381,1.0,2.0
cm_E_ds_050_ms_033,E,50,33,7,0,1,1.512857607235384,0.5128576072353841,0.6121398210525513,0.0,-0.1459309160709381,1.0,2.0
cm_E_ds_050_ms_033,E,50,33,7,0,2,2.507082254773729,0.5070822547737288,0.5757709741592407,0.0,-0.1459309160709381,1.0,2.0
cm_E_ds_050_ms_033,E,50,33,7,0,3,3.482972701413999,0.48297270141399906,0.547307014465332,0.0,-0.1459309160709381,1.0,2.0
cm_E_ds_050_ms_033,E,50,33,7,0,4,4.486457719429047,0.4864577194290467,0.8430781364440918,0.0,-0.1459309160709381,1.0,2.0
cm_E_ds_050_ms_033,E,50,33,7,0,5,4.870411794815922,0.8704117948159222,0.7785779237747192,0.0,-0.1459309160709381,1.0,2.0
cm_E_ds_050_ms_033,E,50,33,7,0,6,6.154493430057582,0.15449343005758198,0.6893570423126221,0.0,-0.1459309160709381,1.0,2.0
cm_E_ds_050_ms_033,E,50,33,7,0,7,7.314788966677414,0.31478896667741374,0.7653334140777588,0.0,-0.1459309160709381,1.0,2.0
cm_E_ds_050_ms_033,E,50,33,7,0,8,8.473625574890532,0.4736255748905318,0.8950459957122803,0.0,-0.1459309160709381,1.0,2.0
cm_E_ds_050_ms_033,E,50,33,7,0,9,9.356578396404345,0.35657839640434474,0.60261470079422,0.0,-0.1459309160709381,1.0,2.0
cm_E_ds_050_ms_033,E,50,33,7,0,10,9.595482021117384,0.5954820211173839,0.6679287552833557,0.0,-0.1459309160709381,1.0,2.0
cm_E_ds_050_ms_033,E,50,33,7,0,11,10.813590707383907,0.8135907073839075,0.6616058945655823,0.0,-0.1459309160709381,1.0,2.0
cm_E_ds_050_ms_033,E,50,33,7,0,12,12.429821102759693,0.42982110275969276,0.5945878624916077,0.0,-0.1459309160709381,1.0,2.0
cm_E_ds_050_ms_033,E,50,33,7,0,13,13.3793339659533,0.3793339659533004,0.7471073865890503,0.0,-0.1459309160709381,1.0,2.0
cm_E_ds_050_ms_033,E,50,33,7,0,14,14.246698777961331,0.24669877796133122,0.9054726958274841,0.0,-0.1459309160709381,1.0,2.0
cm_E_ds_050_ms_033,E,50,33,7,0,15,14.80074065257157,0.8007406525715695,0.8602375984191895,0.0,-0.1459309160709381,1.0,2.0
cm_E_ds_050_ms_033,E,50,33,7,1,0,-0.1512855880715344,0.8487144119284656,0.8051438927650452,0.0,-0.1612967997789383,1.0,2.0
cm_E_ds_050_ms_033,E,50,33,7,1,1,1.5129515602819672,0.5129515602819672,0.6161810159683228,0.0,-0.1612967997789383,1.0,2.0
cm_E_ds_050_ms_033,E,50,33,7,1,2,2.5056382010012066,0.5056382010012066,0.5763684511184692,0.0,-0.1612967997789383,1.0,2.0
cm_E_ds_050_ms_033,E,50,33,7,1,3,3.48199036842937,0.4819903684293698,0.5493175983428955,0.0,-0.1612967997789383,1.0,2.0
cm_E_ds_050_ms_033,E,50,33,7,1,4,4.4843403607863435,0.48434036078634346,0.8470814228057861,0.0,-0.1612967997789383,1.0,2.0
cm_E_ds_050_ms_033,E,50,33,7,1,5,4.891269674721326,0.8912696747213262,0.7789851427078247,0.0,-0.1612967997789383,1.0,2.0
cm_E_ds_050_ms_033,E,50,33,7,1,6,6.143379953368063,0.14337995336806308,0.7058985233306885,0.0,-0.1612967997789383,1.0,2.0
cm_E_ds_050_ms_033,E,50,33,7,1,7,7.30724843783372,0.3072484378337199,0.7688778042793274,0.0,-0.1612967997789383,1.0,2.0
cm_E_ds_050_ms_033,E,50,33,7,1,8,8.472459889272182,0.47245988927218185,0.8892516493797302,0.0,-0.1612967997789383,1.0,2.0
cm_E_ds_050_ms_033,E,50,33,7,1,9,9.370528981893106,0.3705289818931057,0.6140859127044678,0.0,-0.1612967997789383,1.0,2.0
cm_E_ds_050_ms_033,E,50,33,7,1,10,9.592392954228758,0.5923929542287585,0.6814075112342834,0.0,-0.1612967997789383,1.0,2.0
cm_E_ds_050_ms_033,E,50,33,7,1,11,10.78852482382185,0.7885248238218505,0.6817255020141602,0.0,-0.1612967997789383,1.0,2.0
cm_E_ds_050_ms_033,E,50,33,7,1,12,12.426933602342576,0.4269336023425758,0.6093500256538391,0.0,-0.1612967997789383,1.0,2.0
cm_E_ds_050_ms_033,E,50,33,7,1,13,13.37234592352247,0.3723459235224702,0.7749722003936768,0.0,-0.1612967997789383,1.0,2.0
cm_E_ds_050_ms_033,E,50,33,7,1,14,14.222476802216724,0.2224768022167236,0.8987247943878174,0.0,-0.1612967997789383,1.0,2.0
cm_E_ds_050_ms_033,E,50,33,7,1,15,14.854511544485467,0.854511544485467,0.8668795824050903,0.0,-0.1612967997789383,1.0,2.0
cm_E_ds_050_ms_033,E,50,33,8,0,0,0.35243085509249716,0.35243085509249716,0.740395188331604,0.0,-0.22013342380523682,1.0,2.0
cm_E_ds_050_ms_033,E,50,33,8,0,1,1.2309269781728784,0.23092697817287844,0.9400782585144043,0.0,-0.22013342380523682,1.0,2.0
cm_E_ds_050_ms_033,E,50,33,8,0,2,1.6712792915743833,0.6712792915743833,0.8947665095329285,0.0,-0.22013342380523682,1.0,2.0
cm_E_ds_050_ms_033,E,50,33,8,0,3,2.5641832433629617,0.5641832433629617,0.7335950136184692,0.0,-0.22013342380523682,1.0,2.0
cm_E_ds_050_ms_033,E,50,33,8,0,4,3.629529436472797,0.6295294364727968,0.7062941789627075,0.0,-0.22013342380523682,1.0,2.0
cm_E_ds_050_ms_033,E,50,33,8,0,5,5.064826906479092,0.06482690647909184,0.587480902671814,0.0,-0.22013342380523682,1.0,2.0
cm_E_ds_050_ms_033,E,50,33,8,0,6,6.369223042132185,0.3692230421321847,0.6110084652900696,0.0,-0.22013342380523682,1.0,2.0
cm_E_ds_050_ms_033,E,50,33,8,0,7,6.804978790004252,0.8049787900042524,0.7208535671234131,0.0,-0.22013342380523682,1.0,2.0
cm_E_ds_050_ms_033,E,50,33,8,0,8,7.548616394799298,0.5486163947992981,0.9118878245353699,0.0,-0.22013342380523682,1.0,2.0
cm_E_ds_050_ms_033,E,50,33,8,0,9,8.964606893187728,0.9646068931877281,0.8922737836837769,0.0,-0.22013342380523682,1.0,2.0
cm_E_ds_050_ms_033,E,50,33,8,0,10,9.941591687915016,0.9415916879150164,0.8475852012634277,0.0,-0.22013342380523682,1.0,2.0
cm_E_ds_050_ms_033,E,50,33,8,0,11,11.281113209739761,0.28111320973976106,0.6621973514556885,0.0,-0.22013342380523682,1.0,2.0
cm_E_ds_050_ms_033,E,50,33,8,0,12,11.555718385026436,0.5557183850264362,0.8879069089889526,0.0,-0.22013342380523682,1.0,2.0
cm_E_ds_050_ms_033,E,50,33,8,0,13,12.524581629484635,0.5245816294846346,0.8349205255508423,0.0,-0.22013342380523682,1.0,2.0
cm_E_ds_050_ms_033,E,50,33,8,0,14,13.505722214866921,0.5057222148669211,0.6240429282188416,0.0,-0.22013342380523682,1.0,2.0
cm_E_ds_050_ms_033,E,50,33,8,0,15,14.484445216846987,0.4844452168469875,0.6584826111793518,0.0,-0.22013342380523682,1.0,2.0
cm_E_ds_050_ms_033,E,50,33,8,1,0,0.33733313933263326,0.33733313933263326,0.7461122274398804,0.0,-0.20172017812728882,1.0,2.0
cm_E_ds_050_ms_033,E,50,33,8,1,1,1.2397285876103292,0.23972858761032922,0.9333438873291016,0.0,-0.20172017812728882,1.0,2.0
cm_E_ds_050_ms_033,E,50,33,8,1,2,1.7003412911468427,0.7003412911468427,0.9078948497772217,0.0,-0.20172017812728882,1.0,2.0
cm_E_ds_050_ms_033,E,50,33,8,1,3,2.569509576659719,0.5695095766597191,0.7694673538208008,0.0,-0.20172017812728882,1.0,2.0
cm_E_ds_050_ms_033,E,50,33,8,1,4,3.6231105764728,0.6231105764728002,0.7299807071685791,0.0,-0.20172017812728882,1.0,2.0
cm_E_ds_050_ms_033,E,50,33,8,1,5,5.095032735064557,0.09503273506455656,0.5961884260177612,0.0,-0.20172017812728882,1.0,2.0
cm_E_ds_050_ms_033,E,50,33,8,1,6,6.2928912764798275,0.2928912764798275,0.6333367824554443,0.0,-0.20172017812728882,1.0,2.0
cm_E_ds_050_ms_033,E,50,33,8,1,7,6.810938357728061,0.8109383577280607,0.7404230833053589,0.0,-0.20172017812728882,1.0,2.0
cm_E_ds_050_ms_033,E,50,33,8,1,8,7.552980430332992,0.5529804303329922,0.9250891208648682,0.0,-0.20172017812728882,1.0,2.0
cm_E_ds_050_ms_033,E,50,33,8,1,9,9.026122916056456,0.026122916056456447,0.894326388835907,0.0,-0.20172017812728882,1.0,2.0
cm_E_ds_050_ms_033,E,50,33,8,1,10,9.985349826069637,0.985349826069637,0.8513413667678833,0.0,-0.20172017812728882,1.0,2.0
cm_E_ds_050_ms_033,E,50,33,8,1,11,11.220710052359799,0.22071005235979868,0.6623020172119141,0.0,-0.20172017812728882,1.0,2.0
cm_E_ds_050_ms_033,E,50,33,8,1,12,11.543917032396507,0.5439170323965072,0.9175567030906677,0.0,-0.20172017812728882,1.0,2.0
cm_E_ds_050_ms_033,E,50,33,8,1,13,12.52610794909116,0.5261079490911609,0.8649618625640869,0.0,-0.20172017812728882,1.0,2.0
cm_E_ds_050_ms_033,E,50,33,8,1,14,13.50121004011923,0.5012100401192292,0.6269779801368713,0.0,-0.20172017812728882,1.0,2.0
cm_E_ds_050_ms_033,E,50,33,8,1,15,14.48801027202977,0.4880102720297703,0.6608688831329346,0.0,-0.20172017812728882,1.0,2.0
cm_E_ds_050_ms_033,E,50,33,9,0,0,-0.1730278731243421,0.8269721268756579,0.9565516710281372,0.0,-0.15088200569152832,1.0,2.0
cm_E_ds_050_ms_033,E,50,33,9,0,1,1.0014487109504948,0.0014487109504948137,0.9143660664558411,0.0,-0.15088200569152832,1.0,2.0
cm_E_ds_050_ms_033,E,50,33,9,0,2,1.6061748390977109,0.6061748390977109,0.950876772403717,0.0,-0.15088200569152832,1.0,2.0
cm_E_ds_050_ms_033,E,50,33,9,0,3,2.889575883934074,0.8895758839340742,0.7544268369674683,0.0,-0.15088200569152832,1.0,2.0
cm_E_ds_050_ms_033,E,50,33,9,0,4,3.8766702693248702,0.8766702693248702,0.7363475561141968,0.0,-0.15088200569152832,1.0,2.0
cm_E_ds_050_ms_033,E,50,33,9,0,5,4.597668073751048,0.5976680737510476,0.8557776212692261,0.0,-0.15088200569152832,1.0,2.0
cm_E_ds_050_ms_033,E,50,33,9,0,6,6.220597518664781,0.22059751866478106,0.8950852751731873,0.0,-0.15088200569152832,1.0,2.0
cm_E_ds_050_ms_033,E,50,33,9,0,7,6.956194321204925,0.9561943212049249,0.8997738361358643,0.0,-0.15088200569152832,1.0,2.0
cm_E_ds_050_ms_033,E,50,33,9,0,8,7.6768108492934335,0.6768108492934335,0.6682208776473999,0.0,-0.15088200569152832,1.0,2.0
cm_E_ds_050_ms_033,E,50,33,9,0,9,8.823116944237228,0.8231169442372277,0.683027982711792,0.0,-0.15088200569152832,1.0,2.0
cm_E_ds_050_ms_033,E,50,33,9,0,10,10.279580411571484,0.2795804115714837,0.6760553121566772,0.0,-0.15088200569152832,1.0,2.0
cm_E_ds_050_ms_033,E,50,33,9,0,11,11.293819182979764,0.29381918297976384,0.6483403444290161,0.0,-0.15088200569152832,1.0,2.0
cm_E_ds_050_ms_033,E,50,33,9,0,12,12.034193475171358,0.0341934751713584,0.7440977096557617,0.0,-0.15088200569152832,1.0,2.0
cm_E_ds_050_ms_033,E,50,33,9,0,13,13.049771570784886,0.04977157078488581,0.7965891361236572,0.0,-0.15088200569152832,1.0,2.0
cm_E_ds_050_ms_033,E,50,33,9,0,14,14.069424709039225,0.06942470903922526,0.7786314487457275,0.0,-0.15088200569152832,1.0,2.0
cm_E_ds_050_ms_033,E,50,33,9,0,15,14.682035000436379,0.6820350004363789,0.8299986720085144,0.0,-0.15088200569152832,1.0,2.0
cm_E_ds_050_ms_033,E,50,33,9,1,0,-0.10687455023687596,0.893125449763124,0.9612492322921753,0.0,-0.15100422501564026,1.0,2.0
cm_E_ds_050_ms_033,E,50,33,9,1,1,1.0184967113368653,0.018496711336865257,0.9180662631988525,0.0,-0.15100422501564026,1.0,2.0
cm_E_ds_050_ms_033,E,50,33,9,1,2,1.6086381088763806,0.6086381088763806,0.9581285119056702,0.0,-0.15100422501564026,1.0,2.0
cm_E_ds_050_ms_033,E,50,33,9,1,3,2.8509601193145637,0.8509601193145637,0.8049324750900269,0.0,-0.15100422501564026,1.0,2.0
cm_E_ds_050_ms_033,E,50,33,9,1,4,3.8391324603383694,0.8391324603383694,0.7490711808204651,0.0,-0.15100422501564026,1.0,2.0
cm_E_ds_050_ms_033,E,50,33,9,1,5,4.617975288627366,0.617975288627366,0.8504464030265808,0.0,-0.15100422501564026,1.0,2.0
cm_E_ds_050_ms_033,E,50,33,9,1,6,6.1366833323418195,0.1366833323418195,0.9075521230697632,0.0,-0.15100422501564026,1.0,2.0
cm_E_ds_050_ms_033,E,50,33,9,1,7,6.932041558043907,0.932041558043907,0.888206958770752,0.0,-0.15100422501564026,1.0,2.0
cm_E_ds_050_ms_033,E,50,33,9,1,8,7.671361269027653,0.6713612690276527,0.6606079339981079,0.0,-0.15100422501564026,1.0,2.0
cm_E_ds_050_ms_033,E,50,33,9,1,9,8.857808841069556,0.8578088410695557,0.6948279738426208,0.0,-0.15100422501564026,1.0,2.0
cm_E_ds_050_ms_033,E,50,33,9,1,10,10.297268476574075,0.2972684765740752,0.6841373443603516,0.0,-0.15100422501564026,1.0,2.0
cm_E_ds_050_ms_033,E,50,33,9,1,11,11.261743400381532,0.26174340038153154,0.654483437538147,0.0,-0.15100422501564026,1.0,2.0
cm_E_ds_050_ms_033,E,50,33,9,1,12,12.041957427091903,0.0419574270919032,0.7996323108673096,0.0,-0.15100422501564026,1.0,2.0
cm_E_ds_050_ms_033,E,50,33,9,1,13,13.066193166933376,0.06619316693337574,0.8300285339355469,0.0,-0.15100422501564026,1.0,2.0
cm_E_ds_050_ms_033,E,50,33,9,1,14,14.039886721172607,0.039886721172607054,0.7816786766052246,0.0,-0.15100422501564026,1.0,2.0
cm_E_ds_050_ms_033,E,50,33,9,1,15,14.714930405735013,0.7149304057350125,0.8438246250152588,0.0,-0.15100422501564026,1.0,2.0
cm_E_ds_050_ms_033,E,50,33,10,0,0,0.3357177995939252,0.3357177995939252,0.7231030464172363,0.0,-0.1481756716966629,1.0,2.0
cm_E_ds_050_ms_033,E,50,33,10,0,1,1.2455356903336647,0.24553569033366474,0.9251880645751953,0.0,-0.1481756716966629,1.0,2.0
cm_E_ds_050_ms_033,E,50,33,10,0,2,1.7345957523083275,0.7345957523083275,0.8407936096191406,0.0,-0.1481756716966629,1.0,2.0
cm_E_ds_050_ms_033,E,50,33,10,0,3,2.5638590370503582,0.5638590370503582,0.6440959572792053,0.0,-0.1481756716966629,1.0,2.0
cm_E_ds_050_ms_033,E,50,33,10,0,4,3.6599911694791643,0.6599911694791643,0.6578943729400635,0.0,-0.1481756716966629,1.0,2.0
cm_E_ds_050_ms_033,E,50,33,10,0,5,4.944797108336808,0.9447971083368083,0.5929722785949707,0.0,-0.1481756716966629,1.0,2.0
cm_E_ds_050_ms_033,E,50,33,10,0,6,6.43319914735797,0.4331991473579704,0.6347802877426147,0.0,-0.1481756716966629,1.0,2.0
cm_E_ds_050_ms_033,E,50,33,10,0,7,6.7831525410565225,0.7831525410565225,0.6459301114082336,0.0,-0.1481756716966629,1.0,2.0
cm_E_ds_050_ms_033,E,50,33,10,0,8,7.532820140414819,0.5328201404148194,0.8886882066726685,0.0,-0.1481756716966629,1.0,2.0
cm_E_ds_050_ms_033,E,50,33,10,0,9,8.840559729557624,0.8405597295576239,0.8673800230026245,0.0,-0.1481756716966629,1.0,2.0
cm_E_ds_050_ms_033,E,50,33,10,0,10,9.761772538726182,0.7617725387261824,0.8379203677177429,0.0,-0.1481756716966629,1.0,2.0
cm_E_ds_050_ms_033,E,50,33,10,0,11,11.294699518472786,0.2946995184727861,0.706971287727356,0.0,-0.1481756716966629,1.0,2.0
cm_E_ds_050_ms_033,E,50,33,10,0,12,11.53679177905435,0.5367917790543508,0.8146209716796875,0.0,-0.1481756716966629,1.0,2.0
cm_E_ds_050_ms_033,E,50,33,10,0,13,12.514940438016207,0.5149404380162075,0.7365666031837463,0.0,-0.1481756716966629,1.0,2.0
cm_E_ds_050_ms_033,E,50,33,10,0,14,13.500919832970496,0.5009198329704958,0.6161593198776245,0.0,-0.1481756716966629,1.0,2.0
cm_E_ds_050_ms_033,E,50,33,10,0,15,14.51614943715437,0.51614943715437,0.6548936367034912,0.0,-0.1481756716966629,1.0,2.0
cm_E_ds_050_ms_033,E,50,33,10,1,0,0.33811030102369455,0.33811030102369455,0.7368246912956238,0.0,-0.14403516054153442,1.0,2.0
cm_E_ds_050_ms_033,E,50,33,10,1,1,1.2232865767853205,0.2232865767853205,0.9356660842895508,0.0,-0.14403516054153442,1.0,2.0
cm_E_ds_050_ms_033,E,50,33,10,1,2,1.7283602449420505,0.7283602449420505,0.8557525873184204,0.0,-0.14403516054153442,1.0,2.0
cm_E_ds_050_ms_033,E,50,33,10,1,3,2.5596000346479015,0.5596000346479015,0.6563531756401062,0.0,-0.14403516054153442,1.0,2.0
cm_E_ds_050_ms_033,E,50,33,10,1,4,3.65105849630064,0.65105849630064,0.6659427881240845,0.0,-0.14403516054153442,1.0,2.0
cm_E_ds_050_ms_033,E,50,33,10,1,5,4.960110392455976,0.9601103924559764,0.6008052825927734,0.0,-0.14403516054153442,1.0,2.0
cm_E_ds_050_ms_033,E,50,33,10,1,6,6.410932123535803,0.4109321235358028,0.644372820854187,0.0,-0.14403516054153442,1.0,2.0
cm_E_ds_050_ms_033,E,50,33,10,1,7,6.814895617551184,0.8148956175511843,0.6628466844558716,0.0,-0.14403516054153442,1.0,2.0
cm_E_ds_050_ms_033,E,50,33,10,1,8,7.538691067461399,0.5386910674613992,0.8954263925552368,0.0,-0.14403516054153442,1.0,2.0
cm_E_ds_050_ms_033,E,50,33,10,1,9,8.868210156701615,0.8682101567016147,0.8818378448486328,0.0,-0.14403516054153442,1.0,2.0
cm_E_ds_050_ms_033,E,50,33,10,1,10,9.775636912049418,0.7756369120494178,0.8410913348197937,0.0,-0.14403516054153442,1.0,2.0
cm_E_ds_050_ms_033,E,50,33,10,1,11,11.309059308183821,0.3090593081838211,0.7081148624420166,0.0,-0.14403516054153442,1.0,2.0
cm_E_ds_050_ms_033,E,50,33,10,1,12,11.539697493309255,0.5396974933092551,0.8167160749435425,0.0,-0.14403516054153442,1.0,2.0
cm_E_ds_050_ms_033,E,50,33,10,1,13,12.517299737137511,0.5172997371375114,0.758816659450531,0.0,-0.14403516054153442,1.0,2.0
cm_E_ds_050_ms_033,E,50,33,10,1,14,13.50410361181561,0.5041036118156104,0.6192993521690369,0.0,-0.14403516054153442,1.0,2.0
cm_E_ds_050_ms_033,E,50,33,10,1,15,14.534207850191958,0.534207850191958,0.659105658531189,0.0,-0.14403516054153442,1.0,2.0
cm_E_ds_050_ms_033,E,50,33,11,0,0,-0.11074697341868393,0.8892530265813161,0.9573181867599487,0.0,-0.4424070715904236,1.0,2.0
cm_E_ds_050_ms_033,E,50,33,11,0,1,1.0061364215598563,0.0061364215598562755,0.8847883939743042,0.0,-0.4424070715904236,1.0,2.0
cm_E_ds_050_ms_033,E,50,33,11,0,2,1.6142001595904945,0.6142001595904945,0.9452698230743408,0.0,-0.4424070715904236,1.0,2.0
cm_E_ds_050_ms_033,E,50,33,11,0,3,2.8991924867214887,0.8991924867214887,0.7732022404670715,0.0,-0.4424070715904236,1.0,2.0
cm_E_ds_050_ms_033,E,50,33,11,0,4,3.8359723594823767,0.8359723594823767,0.7669953107833862,0.0,-0.4424070715904236,1.0,2.0
cm_E_ds_050_ms_033,E,50,33,11,0,5,4.5871259044401045,0.5871259044401045,0.8412858247756958,0.0,-0.4424070715904236,1.0,2.0
cm_E_ds_050_ms_033,E,50,33,11,0,6,6.19493907824673,0.19493907824672974,0.8878133296966553,0.0,-0.4424070715904236,1.0,2.0
cm_E_ds_050_ms_033,E,50,33,11,0,7,6.968058208011255,0.9680582080112554,0.9190747737884521,0.0,-0.4424070715904236,1.0,2.0
cm_E_ds_050_ms_033,E,50,33,11,0,8,7.660906526138087,0.6609065261380866,0.683150053024292,0.0,-0.4424070715904236,1.0,2.0
cm_E_ds_050_ms_033,E,50,33,11,0,9,8.85801222892484,0.8580122289248404,0.6622310876846313,0.0,-0.4424070715904236,1.0,2.0
cm_E_ds_050_ms_033,E,50,33,11,0,10,10.300259188738652,0.30025918873865187,0.6457868814468384,0.0,-0.4424070715904236,1.0,2.0
cm_E_ds_050_ms_033,E,50,33,11,0,11,11.244570179860377,0.24457017986037677,0.62040776014328,0.0,-0.4424070715904236,1.0,2.0
cm_E_ds_050_ms_033,E,50,33,11,0,12,12.00161863341777,0.0016186334177703543,0.784859836101532,0.0,-0.4424070715904236,1.0,2.0
cm_E_ds_050_ms_033,E,50,33,11,0,13,13.064187216265134,0.06418721626513424,0.8178964257240295,0.0,-0.4424070715904236,1.0,2.0
cm_E_ds_050_ms_033,E,50,33,11,0,14,14.009111406592345,0.00911140659234455,0.7558363676071167,0.0,-0.4424070715904236,1.0,2.0
cm_E_ds_050_ms_033,E,50,33,11,0,15,14.717567769446527,0.7175677694465268,0.8475146889686584,0.0,-0.4424070715904236,1.0,2.0
cm_E_ds_050_ms_033,E,50,33,11,1,0,-0.13530780243711435,0.8646921975628856,0.9602758884429932,0.0,-0.3733055591583252,1.0,2.0
cm_E_ds_050_ms_033,E,50,33,11,1,1,0.9961082619294527,0.9961082619294527,0.8884174823760986,0.0,-0.3733055591583252,1.0,2.0
cm_E_ds_050_ms_033,E,50,33,11,1,2,1.622992889782024,0.622992889782024,0.9477753639221191,0.0,-0.3733055591583252,1.0,2.0
cm_E_ds_050_ms_033,E,50,33,11,1,3,2.895697554814184,0.8956975548141841,0.7905936241149902,0.0,-0.3733055591583252,1.0,2.0
cm_E_ds_050_ms_033,E,50,33,11,1,4,3.8691931853494665,0.8691931853494665,0.8035702705383301,0.0,-0.3733055591583252,1.0,2.0
cm_E_ds_050_ms_033,E,50,33,11,1,5,4.571015157789842,0.5710151577898417,0.8453030586242676,0.0,-0.3733055591583252,1.0,2.0
cm_E_ds_050_ms_033,E,50,33,11,1,6,6.1746215421956645,0.1746215421956645,0.9073212146759033,0.0,-0.3733055591583252,1.0,2.0
cm_E_ds_050_ms_033,E,50,33,11,1,7,6.910532837001592,0.9105328370015924,0.9063085913658142,0.0,-0.3733055591583252,1.0,2.0
cm_E_ds_050_ms_033,E,50,33,11,1,8,7.657278329650976,0.6572783296509757,0.6696436405181885,0.0,-0.3733055591583252,1.0,2.0
cm_E_ds_050_ms_033,E,50,33,11,1,9,8.830144449983262,0.830144449983262,0.6596047878265381,0.0,-0.3733055591583252,1.0,2.0
cm_E_ds_050_ms_033,E,50,33,11,1,10,10.308939903827794,0.30893990382779357,0.6534036993980408,0.0,-0.3733055591583252,1.0,2.0
cm_E_ds_050_ms_033,E,50,33,11,1,11,11.254159158327148,0.2541591583271483,0.6462090611457825,0.0,-0.3733055591583252,1.0,2.0
cm_E_ds_050_ms_033,E,50,33,11,1,12,12.054563831352004,0.054563831352004044,0.8168950080871582,0.0,-0.3733055591583252,1.0,2.0
cm_E_ds_050_ms_033,E,50,33,11,1,13,13.0502002031008,0.05020020310080042,0.8376129865646362,0.0,-0.3733055591583252,1.0,2.0
cm_E_ds_050_ms_033,E,50,33,11,1,14,14.037684061056268,0.03768406105626809,0.7517067193984985,0.0,-0.3733055591583252,1.0,2.0
cm_E_ds_050_ms_033,E,50,33,11,1,15,14.711348350970294,0.7113483509702938,0.8439549207687378,0.0,-0.3733055591583252,1.0,2.0
cm_E_ds_050_ms_033,E,50,33,12,0,0,-0.33353354304285054,0.6664664569571495,0.9575158357620239,0.0,-0.15520744025707245,1.0,2.0
cm_E_ds_050_ms_033,E,50,33,12,0,1,0.7275119835105907,0.7275119835105907,0.9127075672149658,0.0,-0.15520744025707245,1.0,2.0
cm_E_ds_050_ms_033,E,50,33,12,0,2,1.6970591575776792,0.6970591575776792,0.9238905906677246,0.0,-0.15520744025707245,1.0,2.0
cm_E_ds_050_ms_033,E,50,33,12,0,3,2.9519306540328807,0.9519306540328807,0.7270335555076599,0.0,-0.15520744025707245,1.0,2.0
cm_E_ds_050_ms_033,E,50,33,12,0,4,3.9845790619840677,0.9845790619840677,0.8359943628311157,0.0,-0.15520744025707245,1.0,2.0
cm_E_ds_050_ms_033,E,50,33,12,0,5,4.523697125039809,0.523697125039809,0.852975606918335,0.0,-0.15520744025707245,1.0,2.0
cm_E_ds_050_ms_033,E,50,33,12,0,6,6.262402526280742,0.26240252628074234,0.9191634654998779,0.0,-0.15520744025707245,1.0,2.0
cm_E_ds_050_ms_033,E,50,33,12,0,7,6.749757469474607,0.7497574694746074,0.8775374293327332,0.0,-0.15520744025707245,1.0,2.0
cm_E_ds_050_ms_033,E,50,33,12,0,8,7.636435020815802,0.636435020815802,0.6622028350830078,0.0,-0.15520744025707245,1.0,2.0
cm_E_ds_050_ms_033,E,50,33,12,0,9,8.663322088311093,0.6633220883110926,0.6690821647644043,0.0,-0.15520744025707245,1.0,2.0
cm_E_ds_050_ms_033,E,50,33,12,0,10,10.280676884606244,0.28067688460624396,0.6779962182044983,0.0,-0.15520744025707245,1.0,2.0
cm_E_ds_050_ms_033,E,50,33,12,0,11,11.320685807971,0.32068580797099955,0.7302379012107849,0.0,-0.15520744025707245,1.0,2.0
cm_E_ds_050_ms_033,E,50,33,12,0,12,12.060828177294777,0.060828177294776964,0.7745352983474731,0.0,-0.15520744025707245,1.0,2.0
cm_E_ds_050_ms_033,E,50,33,12,0,13,12.91472567764332,0.9147256776433199,0.8632360696792603,0.0,-0.15520744025707245,1.0,2.0
cm_E_ds_050_ms_033,E,50,33,12,0,14,14.207574240139646,0.2075742401396461,0.73701411485672,0.0,-0.15520744025707245,1.0,2.0
cm_E_ds_050_ms_033,E,50,33,12,0,15,14.659095278871956,0.6590952788719555,0.8228084444999695,0.0,-0.15520744025707245,1.0,2.0
cm_E_ds_050_ms_033,E,50,33,12,1,0,-0.32769824681644094,0.6723017531835591,0.9637778997421265,0.0,-0.16033995151519775,1.0,2.0
cm_E_ds_050_ms_033,E,50,33,12,1,1,0.7046947500052829,0.7046947500052829,0.9304289817810059,0.0,-0.16033995151519775,1.0,2.0
cm_E_ds_050_ms_033,E,50,33,12,1,2,1.6372309503438511,0.6372309503438511,0.9389661550521851,0.0,-0.16033995151519775,1.0,2.0
cm_E_ds_050_ms_033,E,50,33,12,1,3,2.90436309170517,0.9043630917051702,0.7338578104972839,0.0,-0.16033995151519775,1.0,2.0
cm_E_ds_050_ms_033,E,50,33,12,1,4,3.9336294935433296,0.9336294935433296,0.7806425094604492,0.0,-0.16033995151519775,1.0,2.0
cm_E_ds_050_ms_033,E,50,33,12,1,5,4.535066506150231,0.5350665061502307,0.8716098070144653,0.0,-0.16033995151519775,1.0,2.0
cm_E_ds_050_ms_033,E,50,33,12,1,6,6.27543877711261,0.2754387771126101,0.918079137802124,0.0,-0.16033995151519775,1.0,2.0
cm_E_ds_050_ms_033,E,50,33,12,1,7,6.780493927867591,0.7804939278675906,0.8840571641921997,0.0,-0.16033995151519775,1.0,2.0
cm_E_ds_050_ms_033,E,50,33,12,1,8,7.643355064918896,0.6433550649188957,0.6727848052978516,0.0,-0.16033995151519775,1.0,2.0
cm_E_ds_050_ms_033,E,50,33,12,1,9,8.681855882514913,0.6818558825149132,0.6833334565162659,0.0,-0.16033995151519775,1.0,2.0
cm_E_ds_050_ms_033,E,50,33,12,1,10,10.284492076494631,0.28449207649463126,0.6668884754180908,0.0,-0.16033995151519775,1.0,2.0
cm_E_ds_050_ms_033,E,50,33,12,1,11,11.298593636991583,0.29859363699158337,0.7014480233192444,0.0,-0.16033995151519775,1.0,2.0
cm_E_ds_050_ms_033,E,50,33,12,1,12,12.01945969465777,0.019459694657770754,0.7903809547424316,0.0,-0.16033995151519775,1.0,2.0
cm_E_ds_050_ms_033,E,50,33,12,1,13,12.911307547418684,0.9113075474186836,0.8517526388168335,0.0,-0.16033995151519775,1.0,2.0
cm_E_ds_050_ms_033,E,50,33,12,1,14,14.161002671174904,0.16100267117490397,0.7432103753089905,0.0,-0.16033995151519775,1.0,2.0
cm_E_ds_050_ms_033,E,50,33,12,1,15,14.682667627735503,0.682667627735503,0.8281759023666382,0.0,-0.16033995151519775,1.0,2.0
cm_E_ds_050_ms_033,E,50,33,13,0,0,0.3053956111468506,0.3053956111468506,0.7021344304084778,0.0,-0.6907395124435425,1.0,3.0
cm_E_ds_050_ms_033,E,50,33,13,0,1,1.2580058702653203,0.2580058702653203,0.8887617588043213,0.0,-0.6907395124435425,1.0,3.0
cm_E_ds_050_ms_033,E,50,33,13,0,2,1.7137324082515881,0.7137324082515881,0.861688494682312,0.0,-0.6907395124435425,1.0,3.0
cm_E_ds_050_ms_033,E,50,33,13,0,3,2.564208742735863,0.5642087427358629,0.6312458515167236,0.0,-0.6907395124435425,1.0,3.0
cm_E_ds_050_ms_033,E,50,33,13,0,4,3.678936596416964,0.678936596416964,0.606345534324646,0.0,-0.6907395124435425,1.0,3.0
cm_E_ds_050_ms_033,E,50,33,13,0,5,4.901137628470197,0.9011376284701971,0.5962507128715515,0.0,-0.6907395124435425,1.0,3.0
cm_E_ds_050_ms_033,E,50,33,13,0,6,6.4065444100129865,0.40654441001298647,0.6552644968032837,0.0,-0.6907395124435425,1.0,3.0
cm_E_ds_050_ms_033,E,50,33,13,0,7,6.760070751557363,0.7600707515573628,0.6209426522254944,0.0,-0.6907395124435425,1.0,3.0
cm_E_ds_050_ms_033,E,50,33,13,0,8,7.52559228245313,0.5255922824531298,0.8765856027603149,0.0,-0.6907395124435425,1.0,3.0
cm_E_ds_050_ms_033,E,50,33,13,0,9,8.840609514047575,0.8406095140475749,0.8231840133666992,0.0,-0.6907395124435425,1.0,3.0
cm_E_ds_050_ms_033,E,50,33,13,0,10,9.820852764354903,0.8208527643549033,0.7728264331817627,0.0,-0.6907395124435425,1.0,3.0
cm_E_ds_050_ms_033,E,50,33,13,0,11,11.219738647677842,0.21973864767784157,0.6675021648406982,0.0,-0.6907395124435425,1.0,3.0
cm_E_ds_050_ms_033,E,50,33,13,0,12,11.535297030099988,0.5352970300999882,0.8152002096176147,0.0,-0.6907395124435425,1.0,3.0
cm_E_ds_050_ms_033,E,50,33,13,0,13,12.5135464722976,0.5135464722976,0.6664568185806274,0.0,-0.6907395124435425,1.0,3.0
cm_E_ds_050_ms_033,E,50,33,13,0,14,13.493789722604928,0.49378972260492837,0.6161865592002869,0.0,-0.6907395124435425,1.0,3.0
cm_E_ds_050_ms_033,E,50,33,13,0,15,14.533496296262424,0.5334962962624239,0.6541006565093994,0.0,-0.6907395124435425,1.0,3.0
cm_E_ds_050_ms_033,E,50,33,13,1,0,0.3101397277351076,0.3101397277351076,0.7040499448776245,0.0,-0.7544749975204468,1.0,3.0
cm_E_ds_050_ms_033,E,50,33,13,1,1,1.2285523490714374,0.2285523490714374,0.8927797675132751,0.0,-0.7544749975204468,1.0,3.0
cm_E_ds_050_ms_033,E,50,33,13,1,2,1.7384156494381433,0.7384156494381433,0.8732056617736816,0.0,-0.7544749975204468,1.0,3.0
cm_E_ds_050_ms_033,E,50,33,13,1,3,2.5607578276032092,0.5607578276032092,0.6502417325973511,0.0,-0.7544749975204468,1.0,3.0
cm_E_ds_050_ms_033,E,50,33,13,1,4,3.6795947230889903,0.6795947230889903,0.6709862947463989,0.0,-0.7544749975204468,1.0,3.0
cm_E_ds_050_ms_033,E,50,33,13,1,5,4.8500365816118665,0.8500365816118665,0.5987411141395569,0.0,-0.7544749975204468,1.0,3.0
cm_E_ds_050_ms_033,E,50,33,13,1,6,6.34778656931309,0.34778656931309015,0.6588248014450073,0.0,-0.7544749975204468,1.0,3.0
cm_E_ds_050_ms_033,E,50,33,13,1,7,6.743555657708235,0.7435556577082352,0.6446681618690491,0.0,-0.7544749975204468,1.0,3.0
cm_E_ds_050_ms_033,E,50,33,13,1,8,7.525339717235822,0.5253397172358216,0.8813268542289734,0.0,-0.7544749975204468,1.0,3.0
cm_E_ds_050_ms_033,E,50,33,13,1,9,8.846014166846814,0.846014166846814,0.8404913544654846,0.0,-0.7544749975204468,1.0,3.0
cm_E_ds_050_ms_033,E,50,33,13,1,10,9.891833911593455,0.891833911593455,0.7849500179290771,0.0,-0.7544749975204468,1.0,3.0
cm_E_ds_050_ms_033,E,50,33,13,1,11,11.274221093521273,0.2742210935212732,0.6728995442390442,0.0,-0.7544749975204468,1.0,3.0
cm_E_ds_050_ms_033,E,50,33,13,1,12,11.532900089047258,0.5329000890472582,0.8304340839385986,0.0,-0.7544749975204468,1.0,3.0
cm_E_ds_050_ms_033,E,50,33,13,1,13,12.514607731912637,0.514607731912637,0.6981934309005737,0.0,-0.7544749975204468,1.0,3.0
cm_E_ds_050_ms_033,E,50,33,13,1,14,13.496189092169363,0.496189092169363,0.618865430355072,0.0,-0.7544749975204468,1.0,3.0
cm_E_ds_050_ms_033,E,50,33,13,1,15,14.524538730838925,0.5245387308389251,0.6550013422966003,0.0,-0.7544749975204468,1.0,3.0
cm_E_ds_050_ms_033,E,50,33,14,0,0,-0.274459995821318,0.7255400041786819,0.8263967037200928,0.0,-0.19702476263046265,1.0,2.0
cm_E_ds_050_ms_033,E,50,33,14,0,1,1.2727920914535362,0.2727920914535362,0.6806163191795349,0.0,-0.19702476263046265,1.0,2.0
cm_E_ds_050_ms_033,E,50,33,14,0,2,2.4824814312031585,0.48248143120315845,0.5844162702560425,0.0,-0.19702476263046265,1.0,2.0
cm_E_ds_050_ms_033,E,50,33,14,0,3,3.4669090071780184,0.4669090071780184,0.550735354423523,0.0,-0.19702476263046265,1.0,2.0
cm_E_ds_050_ms_033,E,50,33,14,0,4,4.422057535346794,0.42205753534679413,0.5333384871482849,0.0,-0.19702476263046265,1.0,2.0
cm_E_ds_050_ms_033,E,50,33,14,0,5,5.175499041894494,0.1754990418944944,0.8586336970329285,0.0,-0.19702476263046265,1.0,2.0
cm_E_ds_050_ms_033,E,50,33,14,0,6,6.282626564631169,0.282626564631169,0.6423680782318115,0.0,-0.19702476263046265,1.0,2.0
cm_E_ds_050_ms_033,E,50,33,14,0,7,7.3279575713971985,0.3279575713971985,0.672432005405426,0.0,-0.19702476263046265,1.0,2.0
cm_E_ds_050_ms_033,E,50,33,14,0,8,8.458799510932156,0.4587995109321561,0.8431549072265625,0.0,-0.19702476263046265,1.0,2.0
cm_E_ds_050_ms_033,E,50,33,14,0,9,9.29608113419582,0.29608113419581983,0.5994637608528137,0.0,-0.19702476263046265,1.0,2.0
cm_E_ds_050_ms_033,E,50,33,14,0,10,9.53962382339313,0.5396238233931303,0.799525260925293,0.0,-0.19702476263046265,1.0,2.0
cm_E_ds_050_ms_033,E,50,33,14,0,11,10.904699966760543,0.9046999667605427,0.7485740780830383,0.0,-0.19702476263046265,1.0,2.0
cm_E_ds_050_ms_033,E,50,33,14,0,12,12.320822211908963,0.320822211908963,0.5081142783164978,0.0,-0.19702476263046265,1.0,2.0
cm_E_ds_050_ms_033,E,50,33,14,0,13,13.344062261951429,0.34406226195142864,0.6841813325881958,0.0,-0.19702476263046265,1.0,2.0
cm_E_ds_050_ms_033,E,50,33,14,0,14,14.050322035968534,0.05032203596853435,0.8595209121704102,0.0,-0.19702476263046265,1.0,2.0
cm_E_ds_050_ms_033,E,50,33,14,0,15,14.877202343600137,0.8772023436001373,0.829433798789978,0.0,-0.19702476263046265,1.0,2.0
cm_E_ds_050_ms_033,E,50,33,14,1,0,-0.27760250894019783,0.7223974910598021,0.8387110233306885,0.0,-0.18366524577140808,1.0,2.0
cm_E_ds_050_ms_033,E,50,33,14,1,1,1.2490788130201136,0.2490788130201136,0.6845340132713318,0.0,-0.18366524577140808,1.0,2.0
cm_E_ds_050_ms_033,E,50,33,14,1,2,2.482334202681049,0.4823342026810491,0.587015688419342,0.0,-0.18366524577140808,1.0,2.0
cm_E_ds_050_ms_033,E,50,33,14,1,3,3.464656866135693,0.4646568661356931,0.5541753768920898,0.0,-0.18366524577140808,1.0,2.0
cm_E_ds_050_ms_033,E,50,33,14,1,4,4.412936045383215,0.4129360453832147,0.543550431728363,0.0,-0.18366524577140808,1.0,2.0
cm_E_ds_050_ms_033,E,50,33,14,1,5,5.193795449079162,0.19379544907916202,0.8710247278213501,0.0,-0.18366524577140808,1.0,2.0
cm_E_ds_050_ms_033,E,50,33,14,1,6,6.293306551981364,0.293306551981364,0.6753836274147034,0.0,-0.18366524577140808,1.0,2.0
cm_E_ds_050_ms_033,E,50,33,14,1,7,7.317838570250834,0.3178385702508342,0.6907215118408203,0.0,-0.18366524577140808,1.0,2.0
cm_E_ds_050_ms_033,E,50,33,14,1,8,8.452232208154198,0.4522322081541983,0.8510537147521973,0.0,-0.18366524577140808,1.0,2.0
cm_E_ds_050_ms_033,E,50,33,14,1,9,9.260628506071933,0.26062850607193333,0.615993857383728,0.0,-0.18366524577140808,1.0,2.0
cm_E_ds_050_ms_033,E,50,33,14,1,10,9.531751802701718,0.5317518027017183,0.8322077989578247,0.0,-0.18366524577140808,1.0,2.0
cm_E_ds_050_ms_033,E,50,33,14,1,11,10.888851499374407,0.8888514993744074,0.7834780216217041,0.0,-0.18366524577140808,1.0,2.0
cm_E_ds_050_ms_033,E,50,33,14,1,12,12.303316285284238,0.3033162852842377,0.5218508243560791,0.0,-0.18366524577140808,1.0,2.0
cm_E_ds_050_ms_033,E,50,33,14,1,13,13.343542560446581,0.34354256044658094,0.7015802264213562,0.0,-0.18366524577140808,1.0,2.0
cm_E_ds_050_ms_033,E,50,33,14,1,14,14.054862138600832,0.05486213860083211,0.870816171169281,0.0,-0.18366524577140808,1.0,2.0
cm_E_ds_050_ms_033,E,50,33,14,1,15,14.872378105098367,0.8723781050983668,0.8396473526954651,0.0,-0.18366524577140808,1.0,2.0
cm_E_ds_050_ms_033,E,50,33,15,0,0,0.261929122069788,0.261929122069788,0.8003197908401489,0.0,-0.29287734627723694,1.0,2.0
cm_E_ds_050_ms_033,E,50,33,15,0,1,0.9609318770119977,0.9609318770119977,0.9510294198989868,0.0,-0.29287734627723694,1.0,2.0
cm_E_ds_050_ms_033,E,50,33,15,0,2,1.5853539939958072,0.5853539939958072,0.9653022289276123,0.0,-0.29287734627723694,1.0,2.0
cm_E_ds_050_ms_033,E,50,33,15,0,3,2.5790751807013312,0.5790751807013312,0.7592904567718506,0.0,-0.29287734627723694,1.0,2.0
cm_E_ds_050_ms_033,E,50,33,15,0,4,3.688860709499011,0.6888607094990111,0.6966262459754944,0.0,-0.29287734627723694,1.0,2.0
cm_E_ds_050_ms_033,E,50,33,15,0,5,4.833650502447061,0.8336505024470613,0.6123597621917725,0.0,-0.29287734627723694,1.0,2.0
cm_E_ds_050_ms_033,E,50,33,15,0,6,6.055984495516138,0.05598449551613793,0.6573671102523804,0.0,-0.29287734627723694,1.0,2.0
cm_E_ds_050_ms_033,E,50,33,15,0,7,6.851294758112053,0.8512947581120534,0.7799876928329468,0.0,-0.29287734627723694,1.0,2.0
cm_E_ds_050_ms_033,E,50,33,15,0,8,7.660833063659013,0.6608330636590134,0.8310940265655518,0.0,-0.29287734627723694,1.0,2.0
cm_E_ds_050_ms_033,E,50,33,15,0,9,8.895889725986063,0.8958897259860628,0.7914530634880066,0.0,-0.29287734627723694,1.0,2.0
cm_E_ds_050_ms_033,E,50,33,15,0,10,10.243136950672001,0.24313695067200136,0.7077547311782837,0.0,-0.29287734627723694,1.0,2.0
cm_E_ds_050_ms_033,E,50,33,15,0,11,11.171467120519676,0.17146712051967583,0.5571383833885193,0.0,-0.29287734627723694,1.0,2.0
cm_E_ds_050_ms_033,E,50,33,15,0,12,11.931775851040888,0.9317758510408876,0.7282339334487915,0.0,-0.29287734627723694,1.0,2.0
cm_E_ds_050_ms_033,E,50,33,15,0,13,12.68877816287589,0.6887781628758898,0.7006418704986572,0.0,-0.29287734627723694,1.0,2.0
cm_E_ds_050_ms_033,E,50,33,15,0,14,13.807466008455782,0.8074660084557816,0.7524325847625732,0.0,-0.29287734627723694,1.0,2.0
cm_E_ds_050_ms_033,E,50,33,15,0,15,14.603381577594142,0.603381577594142,0.725990891456604,0.0,-0.29287734627723694,1.0,2.0
cm_E_ds_050_ms_033,E,50,33,15,1,0,0.2683259926552065,0.2683259926552065,0.7969244122505188,0.0,-0.3187982738018036,1.0,2.0
cm_E_ds_050_ms_033,E,50,33,15,1,1,0.9651159750065568,0.9651159750065568,0.9492182731628418,0.0,-0.3187982738018036,1.0,2.0
cm_E_ds_050_ms_033,E,50,33,15,1,2,1.6097661525633036,0.6097661525633036,0.9618829488754272,0.0,-0.3187982738018036,1.0,2.0
cm_E_ds_050_ms_033,E,50,33,15,1,3,2.582409830836113,0.582409830836113,0.7866648435592651,0.0,-0.3187982738018036,1.0,2.0
cm_E_ds_050_ms_033,E,50,33,15,1,4,3.6903223699813936,0.6903223699813936,0.725135862827301,0.0,-0.3187982738018036,1.0,2.0
cm_E_ds_050_ms_033,E,50,33,15,1,5,4.872459940875037,0.8724599408750366,0.6063448786735535,0.0,-0.3187982738018036,1.0,2.0
cm_E_ds_050_ms_033,E,50,33,15,1,6,5.985387660254886,0.9853876602548857,0.6512162685394287,0.0,-0.3187982738018036,1.0,2.0
cm_E_ds_050_ms_033,E,50,33,15,1,7,6.818610633331746,0.8186106333317458,0.7803565263748169,0.0,-0.3187982738018036,1.0,2.0
cm_E_ds_050_ms_033,E,50,33,15,1,8,7.670346151135007,0.6703461511350071,0.8402369022369385,0.0,-0.3187982738018036,1.0,2.0
cm_E_ds_050_ms_033,E,50,33,15,1,9,8.91978688829014,0.9197868882901403,0.8051780462265015,0.0,-0.3187982738018036,1.0,2.0
cm_E_ds_050_ms_033,E,50,33,15,1,10,10.25245636433953,0.25245636433952967,0.7166633605957031,0.0,-0.3187982738018036,1.0,2.0
cm_E_ds_050_ms_033,E,50,33,15,1,11,11.140797446198576,0.14079744619857593,0.5580294132232666,0.0,-0.3187982738018036,1.0,2.0
cm_E_ds_050_ms_033,E,50,33,15,1,12,11.941506897442396,0.9415068974423964,0.7477643489837646,0.0,-0.3187982738018036,1.0,2.0
cm_E_ds_050_ms_033,E,50,33,15,1,13,12.694186458442687,0.6941864584426867,0.7229134440422058,0.0,-0.3187982738018036,1.0,2.0
cm_E_ds_050_ms_033,E,50,33,15,1,14,13.79016407681427,0.7901640768142695,0.7569622993469238,0.0,-0.3187982738018036,1.0,2.0
cm_E_ds_050_ms_033,E,50,33,15,1,15,14.592737410791594,0.5927374107915941,0.7286543250083923,0.0,-0.3187982738018036,1.0,2.0
cm_E_ds_400_ms_033,E,400,33,0,0,0,-0.06732202042951148,0.9326779795704885,0.7871094942092896,0.0,-0.19809889793395996,7.0,2.0
cm_E_ds_400_ms_033,E,400,33,0,0,1,0.9051548067568856,0.9051548067568856,0.8886170387268066,0.0,-0.19809889793395996,7.0,2.0
cm_E_ds_400_ms_033,E,400,33,0,0,2,1.7777883507996726,0.7777883507996726,0.7987178564071655,0.0,-0.19809889793395996,7.0,2.0
cm_E_ds_400_ms_033,E,400,33,0,0,3,2.632621131718563,0.632621131718563,0.6134431958198547,0.0,-0.19809889793395996,7.0,2.0
cm_E_ds_400_ms_033,E,400,33,0,0,4,4.027999333447746,0.02799933344774619,0.4967941343784332,0.0,-0.19809889793395996,7.0,2.0
cm_E_ds_400_ms_033,E,400,33,0,0,5,5.097611207367227,0.09761120736722706,0.7050396203994751,0.0,-0.19809889793395996,7.0,2.0
cm_E_ds_400_ms_033,E,400,33,0,0,6,6.4926897914648185,0.4926897914648185,0.7165259122848511,0.0,-0.19809889793395996,7.0,2.0
cm_E_ds_400_ms_033,E,400,33,0,0,7,6.9621623887197,0.9621623887197002,0.631202757358551,0.0,-0.19809889793395996,7.0,2.0
cm_E_ds_400_ms_033,E,400,33,0,0,8,7.596304472020364,0.5963044720203641,0.7515829801559448,0.0,-0.19809889793395996,7.0,2.0
cm_E_ds_400_ms_033,E,400,33,0,0,9,8.61706561874006,0.6170656187400603,0.7849856615066528,0.0,-0.19809889793395996,7.0,2.0
cm_E_ds_400_ms_033,E,400,33,0,0,10,9.662583620907368,0.6625836209073679,0.6689856648445129,0.0,-0.19809889793395996,7.0,2.0
cm_E_ds_400_ms_033,E,400,33,0,0,11,11.320096893882562,0.32009689388256213,0.7931181192398071,0.0,-0.19809889793395996,7.0,2.0
cm_E_ds_400_ms_033,E,400,33,0,0,12,11.820099526035511,0.8200995260355111,0.5511002540588379,0.0,-0.19809889793395996,7.0,2.0
cm_E_ds_400_ms_033,E,400,33,0,0,13,12.532870139933436,0.5328701399334363,0.633172869682312,0.0,-0.19809889793395996,7.0,2.0
cm_E_ds_400_ms_033,E,400,33,0,0,14,13.8898581250677,0.8898581250677005,0.636091947555542,0.0,-0.19809889793395996,7.0,2.0
cm_E_ds_400_ms_033,E,400,33,0,0,15,14.719327226176722,0.7193272261767216,0.6862806677818298,0.0,-0.19809889793395996,7.0,2.0
cm_E_ds_400_ms_033,E,400,33,0,1,0,-0.11718790821062289,0.8828120917893771,0.7904723882675171,0.0,-0.21501359343528748,7.0,2.0
cm_E_ds_400_ms_033,E,400,33,0,1,1,0.854092084848898,0.854092084848898,0.8924515247344971,0.0,-0.21501359343528748,7.0,2.0
cm_E_ds_400_ms_033,E,400,33,0,1,2,1.7761248202818207,0.7761248202818207,0.7882593870162964,0.0,-0.21501359343528748,7.0,2.0
cm_E_ds_400_ms_033,E,400,33,0,1,3,2.644691745583773,0.6446917455837728,0.6069828271865845,0.0,-0.21501359343528748,7.0,2.0
cm_E_ds_400_ms_033,E,400,33,0,1,4,4.053845983522927,0.05384598352292702,0.5053650736808777,0.0,-0.21501359343528748,7.0,2.0
cm_E_ds_400_ms_033,E,400,33,0,1,5,5.068683990194389,0.06868399019438876,0.7051641941070557,0.0,-0.21501359343528748,7.0,2.0
cm_E_ds_400_ms_033,E,400,33,0,1,6,6.4994629106097666,0.49946291060976655,0.714454174041748,0.0,-0.21501359343528748,7.0,2.0
cm_E_ds_400_ms_033,E,400,33,0,1,7,6.942895791108929,0.9428957911089286,0.6234495639801025,0.0,-0.21501359343528748,7.0,2.0
cm_E_ds_400_ms_033,E,400,33,0,1,8,7.5925603140993445,0.5925603140993445,0.7368128299713135,0.0,-0.21501359343528748,7.0,2.0
cm_E_ds_400_ms_033,E,400,33,0,1,9,8.602632366549953,0.6026323665499529,0.7793060541152954,0.0,-0.21501359343528748,7.0,2.0
cm_E_ds_400_ms_033,E,400,33,0,1,10,9.654534925989424,0.6545349259894238,0.6660365462303162,0.0,-0.21501359343528748,7.0,2.0
cm_E_ds_400_ms_033,E,400,33,0,1,11,11.339418133006694,0.3394181330066939,0.801258385181427,0.0,-0.21501359343528748,7.0,2.0
cm_E_ds_400_ms_033,E,400,33,0,1,12,11.838784495092963,0.8387844950929626,0.542029857635498,0.0,-0.21501359343528748,7.0,2.0
cm_E_ds_400_ms_033,E,400,33,0,1,13,12.52937308307839,0.52937308307839,0.6327504515647888,0.0,-0.21501359343528748,7.0,2.0
cm_E_ds_400_ms_033,E,400,33,0,1,14,13.903579216200349,0.9035792162003489,0.6321934461593628,0.0,-0.21501359343528748,7.0,2.0
cm_E_ds_400_ms_033,E,400,33,0,1,15,14.707233237886353,0.7072332378863528,0.6829385161399841,0.0,-0.21501359343528748,7.0,2.0
cm_E_ds_400_ms_033,E,400,33,1,0,0,-0.274045479229689,0.725954520770311,0.9680560231208801,0.0,-0.2508545517921448,20.0,2.0
cm_E_ds_400_ms_033,E,400,33,1,0,1,0.7020163292677578,0.7020163292677578,0.9098944664001465,0.0,-0.2508545517921448,20.0,2.0
cm_E_ds_400_ms_033,E,400,33,1,0,2,1.6646858822955974,0.6646858822955974,0.9351677894592285,0.0,-0.2508545517921448,20.0,2.0
cm_E_ds_400_ms_033,E,400,33,1,0,3,2.910493262376247,0.9104932623762472,0.6975189447402954,0.0,-0.2508545517921448,20.0,2.0
cm_E_ds_400_ms_033,E,400,33,1,0,4,3.8949193205312915,0.8949193205312915,0.805966854095459,0.0,-0.2508545517921448,20.0,2.0
cm_E_ds_400_ms_033,E,400,33,1,0,5,4.538484939938831,0.5384849399388312,0.874626874923706,0.0,-0.2508545517921448,20.0,2.0
cm_E_ds_400_ms_033,E,400,33,1,0,6,6.2737011769877595,0.27370117698775953,0.8934371471405029,0.0,-0.2508545517921448,20.0,2.0
cm_E_ds_400_ms_033,E,400,33,1,0,7,6.92454656379468,0.9245465637946797,0.9085528254508972,0.0,-0.2508545517921448,20.0,2.0
cm_E_ds_400_ms_033,E,400,33,1,0,8,7.630092355370547,0.6300923553705466,0.68239426612854,0.0,-0.2508545517921448,20.0,2.0
cm_E_ds_400_ms_033,E,400,33,1,0,9,8.690024181634321,0.6900241816343211,0.6613606810569763,0.0,-0.2508545517921448,20.0,2.0
cm_E_ds_400_ms_033,E,400,33,1,0,10,10.252732000418035,0.25273200041803534,0.6470643281936646,0.0,-0.2508545517921448,20.0,2.0
cm_E_ds_400_ms_033,E,400,33,1,0,11,11.286959851669291,0.28695985166929106,0.6421281695365906,0.0,-0.2508545517921448,20.0,2.0
cm_E_ds_400_ms_033,E,400,33,1,0,12,11.987483481039439,0.9874834810394386,0.7201005816459656,0.0,-0.2508545517921448,20.0,2.0
cm_E_ds_400_ms_033,E,400,33,1,0,13,13.016689170084977,0.016689170084976723,0.8013858795166016,0.0,-0.2508545517921448,20.0,2.0
cm_E_ds_400_ms_033,E,400,33,1,0,14,14.143069326490119,0.14306932649011905,0.7465698719024658,0.0,-0.2508545517921448,20.0,2.0
cm_E_ds_400_ms_033,E,400,33,1,0,15,14.72289470987121,0.7228947098712108,0.8510794043540955,0.0,-0.2508545517921448,20.0,2.0
cm_E_ds_400_ms_033,E,400,33,1,1,0,-0.30423624345348405,0.695763756546516,0.9667856097221375,0.0,-0.24331094324588776,20.0,2.0
cm_E_ds_400_ms_033,E,400,33,1,1,1,0.6713430880700922,0.6713430880700922,0.9120814800262451,0.0,-0.24331094324588776,20.0,2.0
cm_E_ds_400_ms_033,E,400,33,1,1,2,1.6804145936982844,0.6804145936982844,0.9388748407363892,0.0,-0.24331094324588776,20.0,2.0
cm_E_ds_400_ms_033,E,400,33,1,1,3,2.9094065033883076,0.9094065033883076,0.7129335403442383,0.0,-0.24331094324588776,20.0,2.0
cm_E_ds_400_ms_033,E,400,33,1,1,4,3.9313014615102264,0.9313014615102264,0.8501337170600891,0.0,-0.24331094324588776,20.0,2.0
cm_E_ds_400_ms_033,E,400,33,1,1,5,4.523040819751562,0.5230408197515617,0.8877865076065063,0.0,-0.24331094324588776,20.0,2.0
cm_E_ds_400_ms_033,E,400,33,1,1,6,6.251069269281931,0.2510692692819312,0.9114590883255005,0.0,-0.24331094324588776,20.0,2.0
cm_E_ds_400_ms_033,E,400,33,1,1,7,6.882481098298369,0.8824810982983688,0.9075744152069092,0.0,-0.24331094324588776,20.0,2.0
cm_E_ds_400_ms_033,E,400,33,1,1,8,7.6327734322927485,0.6327734322927485,0.6932845115661621,0.0,-0.24331094324588776,20.0,2.0
cm_E_ds_400_ms_033,E,400,33,1,1,9,8.658868197844317,0.6588681978443169,0.6788819432258606,0.0,-0.24331094324588776,20.0,2.0
cm_E_ds_400_ms_033,E,400,33,1,1,10,10.253228631061685,0.2532286310616847,0.6631253957748413,0.0,-0.24331094324588776,20.0,2.0
cm_E_ds_400_ms_033,E,400,33,1,1,11,11.293592117135356,0.29359211713535593,0.6728053092956543,0.0,-0.24331094324588776,20.0,2.0
cm_E_ds_400_ms_033,E,400,33,1,1,12,12.00380672246388,0.003806722463879808,0.7616496682167053,0.0,-0.24331094324588776,20.0,2.0
cm_E_ds_400_ms_033,E,400,33,1,1,13,12.95508268515524,0.9550826851552401,0.819450855255127,0.0,-0.24331094324588776,20.0,2.0
cm_E_ds_400_ms_033,E,400,33,1,1,14,14.146125608470728,0.14612560847072764,0.7472996711730957,0.0,-0.24331094324588776,20.0,2.0
cm_E_ds_400_ms_033,E,400,33,1,1,15,14.731954272786314,0.7319542727863144,0.840499997138977,0.0,-0.24331094324588776,20.0,2.0
cm_E_ds_400_ms_033,E,400,33,2,0,0,0.0899798117063817,0.0899798117063817,0.7283176779747009,0.0,-0.23403027653694153,2.0,7.0
cm_E_ds_400_ms_033,E,400,33,2,0,1,1.4266419507260917,0.4266419507260917,0.6335750818252563,0.0,-0.23403027653694153,2.0,7.0
cm_E_ds_400_ms_033,E,400,33,2,0,2,2.4746060713081524,0.47460607130815236,0.6269568204879761,0.0,-0.23403027653694153,2.0,7.0
cm_E_ds_400_ms_033,E,400,33,2,0,3,3.4159445641030883,0.41594456410308833,0.7053187489509583,0.0,-0.23403027653694153,2.0,7.0
cm_E_ds_400_ms_033,E,400,33,2,0,4,4.404600482520131,0.4046004825201308,0.9384434223175049,0.0,-0.23403027653694153,2.0,7.0
cm_E_ds_400_ms_033,E,400,33,2,0,5,5.139229826709838,0.13922982670983775,0.5816876292228699,0.0,-0.23403027653694153,2.0,7.0
cm_E_ds_400_ms_033,E,400,33,2,0,6,5.766116124164206,0.7661161241642063,0.6079379916191101,0.0,-0.23403027653694153,2.0,7.0
cm_E_ds_400_ms_033,E,400,33,2,0,7,7.018040014537593,0.018040014537593407,0.8529379367828369,0.0,-0.23403027653694153,2.0,7.0
cm_E_ds_400_ms_033,E,400,33,2,0,8,8.291789546730783,0.29178954673078294,0.950889527797699,0.0,-0.23403027653694153,2.0,7.0
cm_E_ds_400_ms_033,E,400,33,2,0,9,9.22367202207479,0.22367202207479053,0.7632118463516235,0.0,-0.23403027653694153,2.0,7.0
cm_E_ds_400_ms_033,E,400,33,2,0,10,10.15743355835046,0.15743355835046025,0.6034398674964905,0.0,-0.23403027653694153,2.0,7.0
cm_E_ds_400_ms_033,E,400,33,2,0,11,10.76485169172255,0.7648516917225496,0.5942922830581665,0.0,-0.23403027653694153,2.0,7.0
cm_E_ds_400_ms_033,E,400,33,2,0,12,12.358999630165739,0.358999630165739,0.8871684074401855,0.0,-0.23403027653694153,2.0,7.0
cm_E_ds_400_ms_033,E,400,33,2,0,13,13.108655694093438,0.10865569409343756,0.8745019435882568,0.0,-0.23403027653694153,2.0,7.0
cm_E_ds_400_ms_033,E,400,33,2,0,14,14.117565096565327,0.11756509656532721,0.9141108989715576,0.0,-0.23403027653694153,2.0,7.0
cm_E_ds_400_ms_033,E,400,33,2,0,15,14.506066256555654,0.5060662565556537,0.790458083152771,0.0,-0.23403027653694153,2.0,7.0
cm_E_ds_400_ms_033,E,400,33,2,1,0,0.05421669930966183,0.05421669930966183,0.7453687191009521,0.0,-0.23581567406654358,7.0,2.0
cm_E_ds_400_ms_033,E,400,33,2,1,1,1.4134748638261228,0.41347486382612275,0.6438380479812622,0.0,-0.23581567406654358,7.0,2.0
cm_E_ds_400_ms_033,E,400,33,2,1,2,2.4596713314509837,0.4596713314509837,0.6435471177101135,0.0,-0.23581567406654358,7.0,2.0
cm_E_ds_400_ms_033,E,400,33,2,1,3,3.407751676302667,0.40775167630266695,0.729002833366394,0.0,-0.23581567406654358,7.0,2.0
cm_E_ds_400_ms_033,E,400,33,2,1,4,4.401924262621338,0.4019242626213382,0.939581036567688,0.0,-0.23581567406654358,7.0,2.0
cm_E_ds_400_ms_033,E,400,33,2,1,5,5.1345015144204105,0.13450151442041047,0.5892011523246765,0.0,-0.23581567406654358,7.0,2.0
cm_E_ds_400_ms_033,E,400,33,2,1,6,5.717196791508759,0.7171967915087594,0.6319838166236877,0.0,-0.23581567406654358,7.0,2.0
cm_E_ds_400_ms_033,E,400,33,2,1,7,7.028496578810938,0.028496578810938367,0.8551326990127563,0.0,-0.23581567406654358,7.0,2.0
cm_E_ds_400_ms_033,E,400,33,2,1,8,8.304972722520798,0.3049727225207981,0.94525146484375,0.0,-0.23581567406654358,7.0,2.0
cm_E_ds_400_ms_033,E,400,33,2,1,9,9.234609431665705,0.2346094316657048,0.7699292898178101,0.0,-0.23581567406654358,7.0,2.0
cm_E_ds_400_ms_033,E,400,33,2,1,10,10.197530715109954,0.1975307151099539,0.6168017983436584,0.0,-0.23581567406654358,7.0,2.0
cm_E_ds_400_ms_033,E,400,33,2,1,11,10.78711992980057,0.7871199298005696,0.6099541783332825,0.0,-0.23581567406654358,7.0,2.0
cm_E_ds_400_ms_033,E,400,33,2,1,12,12.364262215030243,0.3642622150302426,0.8910952806472778,0.0,-0.23581567406654358,7.0,2.0
cm_E_ds_400_ms_033,E,400,33,2,1,13,13.174003301304563,0.17400330130456254,0.8853777647018433,0.0,-0.23581567406654358,7.0,2.0
cm_E_ds_400_ms_033,E,400,33,2,1,14,14.184616304737435,0.1846163047374354,0.9375970363616943,0.0,-0.23581567406654358,7.0,2.0
cm_E_ds_400_ms_033,E,400,33,2,1,15,14.527505157886452,0.527505157886452,0.8237943649291992,0.0,-0.23581567406654358,7.0,2.0
cm_E_ds_400_ms_033,E,400,33,3,0,0,0.02208460085308537,0.02208460085308537,0.8291420936584473,0.0,-0.2681228220462799,7.0,2.0
cm_E_ds_400_ms_033,E,400,33,3,0,1,0.8971187856344026,0.8971187856344026,0.9181556701660156,0.0,-0.2681228220462799,7.0,2.0
cm_E_ds_400_ms_033,E,400,33,3,0,2,1.5788471004465083,0.5788471004465083,0.9127840995788574,0.0,-0.2681228220462799,7.0,2.0
cm_E_ds_400_ms_033,E,400,33,3,0,3,2.5896282783149456,0.5896282783149456,0.6340312361717224,0.0,-0.2681228220462799,7.0,2.0
cm_E_ds_400_ms_033,E,400,33,3,0,4,3.7961793738139193,0.7961793738139193,0.6049566268920898,0.0,-0.2681228220462799,7.0,2.0
cm_E_ds_400_ms_033,E,400,33,3,0,5,4.7464684500612035,0.7464684500612035,0.7695496082305908,0.0,-0.2681228220462799,7.0,2.0
cm_E_ds_400_ms_033,E,400,33,3,0,6,6.415908751147056,0.4159087511470556,0.7798466682434082,0.0,-0.2681228220462799,7.0,2.0
cm_E_ds_400_ms_033,E,400,33,3,0,7,6.921374320380163,0.9213743203801634,0.7383098006248474,0.0,-0.2681228220462799,7.0,2.0
cm_E_ds_400_ms_033,E,400,33,3,0,8,7.58230956619299,0.5823095661929898,0.835391640663147,0.0,-0.2681228220462799,7.0,2.0
cm_E_ds_400_ms_033,E,400,33,3,0,9,8.67345019637635,0.6734501963763506,0.7846242189407349,0.0,-0.2681228220462799,7.0,2.0
cm_E_ds_400_ms_033,E,400,33,3,0,10,9.912736718965398,0.9127367189653981,0.7000332474708557,0.0,-0.2681228220462799,7.0,2.0
cm_E_ds_400_ms_033,E,400,33,3,0,11,11.335151237941197,0.33515123794119717,0.6604642868041992,0.0,-0.2681228220462799,7.0,2.0
cm_E_ds_400_ms_033,E,400,33,3,0,12,11.756168955404192,0.7561689554041919,0.6858513355255127,0.0,-0.2681228220462799,7.0,2.0
cm_E_ds_400_ms_033,E,400,33,3,0,13,12.55338377830467,0.5533837783046707,0.695076584815979,0.0,-0.2681228220462799,7.0,2.0
cm_E_ds_400_ms_033,E,400,33,3,0,14,13.65252696168358,0.6525269616835807,0.6560899019241333,0.0,-0.2681228220462799,7.0,2.0
cm_E_ds_400_ms_033,E,400,33,3,0,15,14.616635180223598,0.6166351802235983,0.6934735774993896,0.0,-0.2681228220462799,7.0,2.0
cm_E_ds_400_ms_033,E,400,33,3,1,0,0.030016314551931156,0.030016314551931156,0.8374712467193604,0.0,-0.259018212556839,7.0,2.0
cm_E_ds_400_ms_033,E,400,33,3,1,1,0.8961696170127431,0.8961696170127431,0.9260080456733704,0.0,-0.259018212556839,7.0,2.0
cm_E_ds_400_ms_033,E,400,33,3,1,2,1.5803432154387043,0.5803432154387043,0.9227402210235596,0.0,-0.259018212556839,7.0,2.0
cm_E_ds_400_ms_033,E,400,33,3,1,3,2.5832434174788177,0.5832434174788177,0.6492443680763245,0.0,-0.259018212556839,7.0,2.0
cm_E_ds_400_ms_033,E,400,33,3,1,4,3.7964950803355557,0.7964950803355557,0.606997549533844,0.0,-0.259018212556839,7.0,2.0
cm_E_ds_400_ms_033,E,400,33,3,1,5,4.768129863776963,0.7681298637769629,0.7865515947341919,0.0,-0.259018212556839,7.0,2.0
cm_E_ds_400_ms_033,E,400,33,3,1,6,6.414308361933531,0.41430836193353127,0.7789840698242188,0.0,-0.259018212556839,7.0,2.0
cm_E_ds_400_ms_033,E,400,33,3,1,7,6.932394906496969,0.9323949064969694,0.7550854682922363,0.0,-0.259018212556839,7.0,2.0
cm_E_ds_400_ms_033,E,400,33,3,1,8,7.588305561592372,0.5883055615923718,0.8399753570556641,0.0,-0.259018212556839,7.0,2.0
cm_E_ds_400_ms_033,E,400,33,3,1,9,8.668334536469992,0.6683345364699917,0.8072209358215332,0.0,-0.259018212556839,7.0,2.0
cm_E_ds_400_ms_033,E,400,33,3,1,10,9.908482573586351,0.9084825735863511,0.7196856141090393,0.0,-0.259018212556839,7.0,2.0
cm_E_ds_400_ms_033,E,400,33,3,1,11,11.347318081582713,0.3473180815827135,0.6715503931045532,0.0,-0.259018212556839,7.0,2.0
cm_E_ds_400_ms_033,E,400,33,3,1,12,11.74948326268062,0.74948326268062,0.698140561580658,0.0,-0.259018212556839,7.0,2.0
cm_E_ds_400_ms_033,E,400,33,3,1,13,12.555180876966292,0.5551808769662916,0.6984034776687622,0.0,-0.259018212556839,7.0,2.0
cm_E_ds_400_ms_033,E,400,33,3,1,14,13.671893128274254,0.6718931282742542,0.6624150276184082,0.0,-0.259018212556839,7.0,2.0
cm_E_ds_400_ms_033,E,400,33,3,1,15,14.595312847454634,0.5953128474546343,0.6950197219848633,0.0,-0.259018212556839,7.0,2.0
cm_E_ds_400_ms_033,E,400,33,4,0,0,-0.23421858926110162,0.7657814107388984,0.9113160371780396,0.0,-0.26933836936950684,7.0,2.0
cm_E_ds_400_ms_033,E,400,33,4,0,1,0.8904461461612447,0.8904461461612447,0.8947167992591858,0.0,-0.26933836936950684,7.0,2.0
cm_E_ds_400_ms_033,E,400,33,4,0,2,1.7048777510115836,0.7048777510115836,0.7824223041534424,0.0,-0.26933836936950684,7.0,2.0
cm_E_ds_400_ms_033,E,400,33,4,0,3,2.654654714853098,0.6546547148530979,0.6104592084884644,0.0,-0.26933836936950684,7.0,2.0
cm_E_ds_400_ms_033,E,400,33,4,0,4,4.123198510099384,0.12319851009938443,0.5958977937698364,0.0,-0.26933836936950684,7.0,2.0
cm_E_ds_400_ms_033,E,400,33,4,0,5,4.81125233899283,0.8112523389928299,0.8930974006652832,0.0,-0.26933836936950684,7.0,2.0
cm_E_ds_400_ms_033,E,400,33,4,0,6,6.447129090497239,0.44712909049723937,0.9179110527038574,0.0,-0.26933836936950684,7.0,2.0
cm_E_ds_400_ms_033,E,400,33,4,0,7,7.053801670775927,0.053801670775927235,0.706209123134613,0.0,-0.26933836936950684,7.0,2.0
cm_E_ds_400_ms_033,E,400,33,4,0,8,7.66588801077275,0.6658880107727496,0.7739205956459045,0.0,-0.26933836936950684,7.0,2.0
cm_E_ds_400_ms_033,E,400,33,4,0,9,8.597173679365278,0.5971736793652784,0.8252225518226624,0.0,-0.26933836936950684,7.0,2.0
cm_E_ds_400_ms_033,E,400,33,4,0,10,9.640513306533297,0.6405133065332969,0.7099899053573608,0.0,-0.26933836936950684,7.0,2.0
cm_E_ds_400_ms_033,E,400,33,4,0,11,11.289188011158531,0.2891880111585312,0.8395882844924927,0.0,-0.26933836936950684,7.0,2.0
cm_E_ds_400_ms_033,E,400,33,4,0,12,11.91942929753321,0.9194292975332097,0.6202802062034607,0.0,-0.26933836936950684,7.0,2.0
cm_E_ds_400_ms_033,E,400,33,4,0,13,12.58072882010177,0.5807288201017702,0.7180758118629456,0.0,-0.26933836936950684,7.0,2.0
cm_E_ds_400_ms_033,E,400,33,4,0,14,13.937799374634002,0.9377993746340021,0.6829022765159607,0.0,-0.26933836936950684,7.0,2.0
cm_E_ds_400_ms_033,E,400,33,4,0,15,15.116617170027055,0.1166171700270553,0.7703852653503418,0.0,-0.26933836936950684,7.0,2.0
cm_E_ds_400_ms_033,E,400,33,4,1,0,-0.24387048135922818,0.7561295186407718,0.9152358174324036,0.0,-0.28778308629989624,7.0,2.0
cm_E_ds_400_ms_033,E,400,33,4,1,1,0.8652884345003461,0.8652884345003461,0.8955445289611816,0.0,-0.28778308629989624,7.0,2.0
cm_E_ds_400_ms_033,E,400,33,4,1,2,1.7192414870541388,0.7192414870541388,0.7815330028533936,0.0,-0.28778308629989624,7.0,2.0
cm_E_ds_400_ms_033,E,400,33,4,1,3,2.66139019206662,0.6613901920666199,0.6135621070861816,0.0,-0.28778308629989624,7.0,2.0
cm_E_ds_400_ms_033,E,400,33,4,1,4,4.123906724825324,0.12390672482532405,0.6110180616378784,0.0,-0.28778308629989624,7.0,2.0
cm_E_ds_400_ms_033,E,400,33,4,1,5,4.815097583713565,0.8150975837135652,0.8994804620742798,0.0,-0.28778308629989624,7.0,2.0
cm_E_ds_400_ms_033,E,400,33,4,1,6,6.434137767131912,0.43413776713191243,0.9211204051971436,0.0,-0.28778308629989624,7.0,2.0
cm_E_ds_400_ms_033,E,400,33,4,1,7,7.068601628233474,0.06860162823347427,0.7189091444015503,0.0,-0.28778308629989624,7.0,2.0
cm_E_ds_400_ms_033,E,400,33,4,1,8,7.6873378404062205,0.6873378404062205,0.781398594379425,0.0,-0.28778308629989624,7.0,2.0
cm_E_ds_400_ms_033,E,400,33,4,1,9,8.59906548998339,0.5990654899833903,0.8306764364242554,0.0,-0.28778308629989624,7.0,2.0
cm_E_ds_400_ms_033,E,400,33,4,1,10,9.645409793258288,0.6454097932582883,0.7113754749298096,0.0,-0.28778308629989624,7.0,2.0
cm_E_ds_400_ms_033,E,400,33,4,1,11,11.278667698452933,0.27866769845293327,0.8364598751068115,0.0,-0.28778308629989624,7.0,2.0
cm_E_ds_400_ms_033,E,400,33,4,1,12,11.93251654711088,0.9325165471108807,0.6237813830375671,0.0,-0.28778308629989624,7.0,2.0
cm_E_ds_400_ms_033,E,400,33,4,1,13,12.597294912696702,0.597294912696702,0.7260094881057739,0.0,-0.28778308629989624,7.0,2.0
cm_E_ds_400_ms_033,E,400,33,4,1,14,13.961583004015877,0.9615830040158766,0.695586085319519,0.0,-0.28778308629989624,7.0,2.0
cm_E_ds_400_ms_033,E,400,33,4,1,15,15.143485009274144,0.1434850092741442,0.7835562229156494,0.0,-0.28778308629989624,7.0,2.0
cm_E_ds_400_ms_033,E,400,33,5,0,0,0.11199870044782724,0.11199870044782724,0.9689770340919495,0.0,-0.23473981022834778,2.0,7.0
cm_E_ds_400_ms_033,E,400,33,5,0,1,0.9741191509155136,0.9741191509155136,0.9347773790359497,0.0,-0.23473981022834778,2.0,7.0
cm_E_ds_400_ms_033,E,400,33,5,0,2,1.760057331496301,0.7600573314963011,0.9213951230049133,0.0,-0.23473981022834778,2.0,7.0
cm_E_ds_400_ms_033,E,400,33,5,0,3,2.8421060692024853,0.8421060692024853,0.822498619556427,0.0,-0.23473981022834778,2.0,7.0
cm_E_ds_400_ms_033,E,400,33,5,0,4,3.780102626327525,0.7801026263275248,0.745415210723877,0.0,-0.23473981022834778,2.0,7.0
cm_E_ds_400_ms_033,E,400,33,5,0,5,4.855237846555823,0.8552378465558226,0.6979765892028809,0.0,-0.23473981022834778,2.0,7.0
cm_E_ds_400_ms_033,E,400,33,5,0,6,6.06393362145418,0.06393362145418013,0.8187431693077087,0.0,-0.23473981022834778,2.0,7.0
cm_E_ds_400_ms_033,E,400,33,5,0,7,7.085178649131077,0.08517864913107687,0.7836183309555054,0.0,-0.23473981022834778,2.0,7.0
cm_E_ds_400_ms_033,E,400,33,5,0,8,7.754576651107531,0.7545766511075307,0.6161896586418152,0.0,-0.23473981022834778,2.0,7.0
cm_E_ds_400_ms_033,E,400,33,5,0,9,9.073908133745718,0.07390813374571792,0.8112204074859619,0.0,-0.23473981022834778,2.0,7.0
cm_E_ds_400_ms_033,E,400,33,5,0,10,10.211474015063601,0.21147401506360097,0.7598675489425659,0.0,-0.23473981022834778,2.0,7.0
cm_E_ds_400_ms_033,E,400,33,5,0,11,11.322985608555532,0.32298560855553227,0.7429273128509521,0.0,-0.23473981022834778,2.0,7.0
cm_E_ds_400_ms_033,E,400,33,5,0,12,12.10775309471258,0.10775309471257977,0.7599391937255859,0.0,-0.23473981022834778,2.0,7.0
cm_E_ds_400_ms_033,E,400,33,5,0,13,13.236451265540044,0.23645126554004392,0.8478714823722839,0.0,-0.23473981022834778,2.0,7.0
cm_E_ds_400_ms_033,E,400,33,5,0,14,14.163446968205879,0.16344696820587856,0.7900288701057434,0.0,-0.23473981022834778,2.0,7.0
cm_E_ds_400_ms_033,E,400,33,5,0,15,15.050711005123805,0.05071100512380511,0.9076417684555054,0.0,-0.23473981022834778,2.0,7.0
cm_E_ds_400_ms_033,E,400,33,5,1,0,0.09111274087583603,0.09111274087583603,0.9705952405929565,0.0,-0.23701757192611694,2.0,7.0
cm_E_ds_400_ms_033,E,400,33,5,1,1,0.8821653007025121,0.8821653007025121,0.9419764280319214,0.0,-0.23701757192611694,2.0,7.0
cm_E_ds_400_ms_033,E,400,33,5,1,2,1.7875086206804902,0.7875086206804902,0.889696478843689,0.0,-0.23701757192611694,2.0,7.0
cm_E_ds_400_ms_033,E,400,33,5,1,3,2.8400491197884405,0.8400491197884405,0.7716966867446899,0.0,-0.23701757192611694,2.0,7.0
cm_E_ds_400_ms_033,E,400,33,5,1,4,3.8081810786595027,0.8081810786595027,0.7375672459602356,0.0,-0.23701757192611694,2.0,7.0
cm_E_ds_400_ms_033,E,400,33,5,1,5,4.803714845788766,0.8037148457887664,0.6911404132843018,0.0,-0.23701757192611694,2.0,7.0
cm_E_ds_400_ms_033,E,400,33,5,1,6,6.124100606070841,0.12410060607084095,0.786111056804657,0.0,-0.23701757192611694,2.0,7.0
cm_E_ds_400_ms_033,E,400,33,5,1,7,7.122723440088729,0.12272344008872871,0.7548383474349976,0.0,-0.23701757192611694,2.0,7.0
cm_E_ds_400_ms_033,E,400,33,5,1,8,7.7823199688242335,0.7823199688242335,0.6048554182052612,0.0,-0.23701757192611694,2.0,7.0
cm_E_ds_400_ms_033,E,400,33,5,1,9,9.036551552445195,0.0365515524451947,0.8229489922523499,0.0,-0.23701757192611694,2.0,7.0
cm_E_ds_400_ms_033,E,400,33,5,1,10,10.140191732373642,0.14019173237364235,0.7568652033805847,0.0,-0.23701757192611694,2.0,7.0
cm_E_ds_400_ms_033,E,400,33,5,1,11,11.361351236469439,0.3613512364694387,0.7708733677864075,0.0,-0.23701757192611694,2.0,7.0
cm_E_ds_400_ms_033,E,400,33,5,1,12,12.154265165140552,0.15426516514055244,0.6988224983215332,0.0,-0.23701757192611694,2.0,7.0
cm_E_ds_400_ms_033,E,400,33,5,1,13,13.231484959103536,0.23148495910353617,0.8268473148345947,0.0,-0.23701757192611694,2.0,7.0
cm_E_ds_400_ms_033,E,400,33,5,1,14,14.227977381228307,0.2279773812283068,0.7701754570007324,0.0,-0.23701757192611694,2.0,7.0
cm_E_ds_400_ms_033,E,400,33,5,1,15,15.147489625075513,0.14748962507551333,0.9147717356681824,0.0,-0.23701757192611694,2.0,7.0
cm_E_ds_400_ms_033,E,400,33,6,0,0,-0.33648858644176116,0.6635114135582388,0.9701305031776428,0.0,-0.18342790007591248,7.0,2.0
cm_E_ds_400_ms_033,E,400,33,6,0,1,0.7278431717943454,0.7278431717943454,0.8202025890350342,0.0,-0.18342790007591248,7.0,2.0
cm_E_ds_400_ms_033,E,400,33,6,0,2,1.7481093574721887,0.7481093574721887,0.8033894300460815,0.0,-0.18342790007591248,7.0,2.0
cm_E_ds_400_ms_033,E,400,33,6,0,3,2.936027241569423,0.9360272415694229,0.6455577611923218,0.0,-0.18342790007591248,7.0,2.0
cm_E_ds_400_ms_033,E,400,33,6,0,4,4.144340222310297,0.14434022231029697,0.8451693058013916,0.0,-0.18342790007591248,7.0,2.0
cm_E_ds_400_ms_033,E,400,33,6,0,5,4.5753977107252854,0.5753977107252854,0.8672443628311157,0.0,-0.18342790007591248,7.0,2.0
cm_E_ds_400_ms_033,E,400,33,6,0,6,6.380326804774883,0.38032680477488334,0.9267629981040955,0.0,-0.18342790007591248,7.0,2.0
cm_E_ds_400_ms_033,E,400,33,6,0,7,7.125169558503483,0.1251695585034831,0.9047254323959351,0.0,-0.18342790007591248,7.0,2.0
cm_E_ds_400_ms_033,E,400,33,6,0,8,7.751429907065916,0.7514299070659156,0.7831616401672363,0.0,-0.18342790007591248,7.0,2.0
cm_E_ds_400_ms_033,E,400,33,6,0,9,8.594549672468142,0.5945496724681423,0.7172706723213196,0.0,-0.18342790007591248,7.0,2.0
cm_E_ds_400_ms_033,E,400,33,6,0,10,9.83574925515272,0.8357492551527201,0.6365273594856262,0.0,-0.18342790007591248,7.0,2.0
cm_E_ds_400_ms_033,E,400,33,6,0,11,11.217984047971056,0.21798404797105597,0.7322239875793457,0.0,-0.18342790007591248,7.0,2.0
cm_E_ds_400_ms_033,E,400,33,6,0,12,12.147521188136063,0.14752118813606252,0.6907484531402588,0.0,-0.18342790007591248,7.0,2.0
cm_E_ds_400_ms_033,E,400,33,6,0,13,12.881537636684246,0.8815376366842465,0.760643720626831,0.0,-0.18342790007591248,7.0,2.0
cm_E_ds_400_ms_033,E,400,33,6,0,14,14.25269841612827,0.25269841612827015,0.7645729780197144,0.0,-0.18342790007591248,7.0,2.0
cm_E_ds_400_ms_033,E,400,33,6,0,15,15.090890731281268,0.09089073128126834,0.8775207996368408,0.0,-0.18342790007591248,7.0,2.0
cm_E_ds_400_ms_033,E,400,33,6,1,0,-0.3018131958999266,0.6981868041000734,0.970427393913269,0.0,-0.18027512729167938,7.0,2.0
cm_E_ds_400_ms_033,E,400,33,6,1,1,0.7561658413346466,0.7561658413346466,0.8056107759475708,0.0,-0.18027512729167938,7.0,2.0
cm_E_ds_400_ms_033,E,400,33,6,1,2,1.7578126277710717,0.7578126277710717,0.8109570741653442,0.0,-0.18027512729167938,7.0,2.0
cm_E_ds_400_ms_033,E,400,33,6,1,3,2.931377248782478,0.9313772487824781,0.650754451751709,0.0,-0.18027512729167938,7.0,2.0
cm_E_ds_400_ms_033,E,400,33,6,1,4,4.111593866917551,0.11159386691755113,0.8388534784317017,0.0,-0.18027512729167938,7.0,2.0
cm_E_ds_400_ms_033,E,400,33,6,1,5,4.590778386044264,0.5907783860442644,0.8509937524795532,0.0,-0.18027512729167938,7.0,2.0
cm_E_ds_400_ms_033,E,400,33,6,1,6,6.364879648947983,0.36487964894798264,0.9153808355331421,0.0,-0.18027512729167938,7.0,2.0
cm_E_ds_400_ms_033,E,400,33,6,1,7,7.184327496506761,0.18432749650676072,0.9214609265327454,0.0,-0.18027512729167938,7.0,2.0
cm_E_ds_400_ms_033,E,400,33,6,1,8,7.770254515546396,0.7702545155463962,0.8058545589447021,0.0,-0.18027512729167938,7.0,2.0
cm_E_ds_400_ms_033,E,400,33,6,1,9,8.607571959357706,0.6075719593577062,0.7178641557693481,0.0,-0.18027512729167938,7.0,2.0
cm_E_ds_400_ms_033,E,400,33,6,1,10,9.84908421292429,0.8490842129242893,0.6299954056739807,0.0,-0.18027512729167938,7.0,2.0
cm_E_ds_400_ms_033,E,400,33,6,1,11,11.188169209770079,0.1881692097700789,0.7009541392326355,0.0,-0.18027512729167938,7.0,2.0
cm_E_ds_400_ms_033,E,400,33,6,1,12,12.139411173297571,0.1394111732975709,0.6700539588928223,0.0,-0.18027512729167938,7.0,2.0
cm_E_ds_400_ms_033,E,400,33,6,1,13,12.946548895024245,0.9465488950242449,0.7502960562705994,0.0,-0.18027512729167938,7.0,2.0
cm_E_ds_400_ms_033,E,400,33,6,1,14,14.245892512075306,0.24589251207530616,0.7816659808158875,0.0,-0.18027512729167938,7.0,2.0
cm_E_ds_400_ms_033,E,400,33,6,1,15,15.070034672759643,0.07003467275964326,0.8838441371917725,0.0,-0.18027512729167938,7.0,2.0
cm_E_ds_400_ms_033,E,400,33,7,0,0,-0.18502219757107224,0.8149778024289278,0.9711636900901794,0.0,-0.3414304554462433,7.0,3.0
cm_E_ds_400_ms_033,E,400,33,7,0,1,0.7946360470338448,0.7946360470338448,0.906896710395813,0.0,-0.3414304554462433,7.0,3.0
cm_E_ds_400_ms_033,E,400,33,7,0,2,1.6384612950863429,0.6384612950863429,0.946742057800293,0.0,-0.3414304554462433,7.0,3.0
cm_E_ds_400_ms_033,E,400,33,7,0,3,2.8352901475387386,0.8352901475387386,0.7661702036857605,0.0,-0.3414304554462433,7.0,3.0
cm_E_ds_400_ms_033,E,400,33,7,0,4,3.82698383053464,0.82698383053464,0.7846970558166504,0.0,-0.3414304554462433,7.0,3.0
cm_E_ds_400_ms_033,E,400,33,7,0,5,4.533373529927957,0.5333735299279567,0.9065009355545044,0.0,-0.3414304554462433,7.0,3.0
cm_E_ds_400_ms_033,E,400,33,7,0,6,6.168885397548706,0.16888539754870635,0.9389773607254028,0.0,-0.3414304554462433,7.0,3.0
cm_E_ds_400_ms_033,E,400,33,7,0,7,6.984800974832717,0.9848009748327167,0.911788284778595,0.0,-0.3414304554462433,7.0,3.0
cm_E_ds_400_ms_033,E,400,33,7,0,8,7.666068327766838,0.6660683277668378,0.697110116481781,0.0,-0.3414304554462433,7.0,3.0
cm_E_ds_400_ms_033,E,400,33,7,0,9,8.713836346028728,0.713836346028728,0.7061783671379089,0.0,-0.3414304554462433,7.0,3.0
cm_E_ds_400_ms_033,E,400,33,7,0,10,10.18413079465028,0.18413079465027948,0.6182308793067932,0.0,-0.3414304554462433,7.0,3.0
cm_E_ds_400_ms_033,E,400,33,7,0,11,11.246792268070354,0.24679226807035448,0.6609088182449341,0.0,-0.3414304554462433,7.0,3.0
cm_E_ds_400_ms_033,E,400,33,7,0,12,11.972772771387046,0.9727727713870458,0.8315871953964233,0.0,-0.3414304554462433,7.0,3.0
cm_E_ds_400_ms_033,E,400,33,7,0,13,12.965171937033219,0.9651719370332188,0.8184075355529785,0.0,-0.3414304554462433,7.0,3.0
cm_E_ds_400_ms_033,E,400,33,7,0,14,14.112247870187463,0.1122478701874634,0.7618968486785889,0.0,-0.3414304554462433,7.0,3.0
cm_E_ds_400_ms_033,E,400,33,7,0,15,14.84605182396147,0.8460518239614707,0.8611301183700562,0.0,-0.3414304554462433,7.0,3.0
cm_E_ds_400_ms_033,E,400,33,7,1,0,-0.25929794347402213,0.7407020565259779,0.9741829633712769,0.0,-0.3291921019554138,7.0,3.0
cm_E_ds_400_ms_033,E,400,33,7,1,1,0.7807894322024503,0.7807894322024503,0.9120138883590698,0.0,-0.3291921019554138,7.0,3.0
cm_E_ds_400_ms_033,E,400,33,7,1,2,1.6270261923779075,0.6270261923779075,0.9477311372756958,0.0,-0.3291921019554138,7.0,3.0
cm_E_ds_400_ms_033,E,400,33,7,1,3,2.8355557660064616,0.8355557660064616,0.7614573836326599,0.0,-0.3291921019554138,7.0,3.0
cm_E_ds_400_ms_033,E,400,33,7,1,4,3.896647206609323,0.8966472066093232,0.8133456707000732,0.0,-0.3291921019554138,7.0,3.0
cm_E_ds_400_ms_033,E,400,33,7,1,5,4.507776712994417,0.5077767129944171,0.911512017250061,0.0,-0.3291921019554138,7.0,3.0
cm_E_ds_400_ms_033,E,400,33,7,1,6,6.167427076269918,0.16742707626991837,0.9485105276107788,0.0,-0.3291921019554138,7.0,3.0
cm_E_ds_400_ms_033,E,400,33,7,1,7,6.893110086902761,0.8931100869027606,0.8875375986099243,0.0,-0.3291921019554138,7.0,3.0
cm_E_ds_400_ms_033,E,400,33,7,1,8,7.6546579655213955,0.6546579655213955,0.6818864345550537,0.0,-0.3291921019554138,7.0,3.0
cm_E_ds_400_ms_033,E,400,33,7,1,9,8.676494335798434,0.6764943357984343,0.6940410137176514,0.0,-0.3291921019554138,7.0,3.0
cm_E_ds_400_ms_033,E,400,33,7,1,10,10.192407769668481,0.19240776966848117,0.6271907091140747,0.0,-0.3291921019554138,7.0,3.0
cm_E_ds_400_ms_033,E,400,33,7,1,11,11.271204881983795,0.27120488198379533,0.6942013502120972,0.0,-0.3291921019554138,7.0,3.0
cm_E_ds_400_ms_033,E,400,33,7,1,12,12.033894768231656,0.03389476823165616,0.8542757034301758,0.0,-0.3291921019554138,7.0,3.0
cm_E_ds_400_ms_033,E,400,33,7,1,13,12.9097035154376,0.9097035154376005,0.8282644748687744,0.0,-0.3291921019554138,7.0,3.0
cm_E_ds_400_ms_033,E,400,33,7,1,14,14.131762175992135,0.1317621759921348,0.7477667331695557,0.0,-0.3291921019554138,7.0,3.0
cm_E_ds_400_ms_033,E,400,33,7,1,15,14.810138992869506,0.810138992869506,0.8491120338439941,0.0,-0.3291921019554138,7.0,3.0
cm_E_ds_400_ms_033,E,400,33,8,0,0,0.35815831022101136,0.35815831022101136,0.7543060779571533,0.0,-0.2965691387653351,7.0,20.0
cm_E_ds_400_ms_033,E,400,33,8,0,1,1.2389128353504573,0.23891283535045726,0.9104797840118408,0.0,-0.2965691387653351,7.0,20.0
cm_E_ds_400_ms_033,E,400,33,8,0,2,1.7634795598344406,0.7634795598344406,0.8685722947120667,0.0,-0.2965691387653351,7.0,20.0
cm_E_ds_400_ms_033,E,400,33,8,0,3,2.580215974074705,0.5802159740747048,0.7005586624145508,0.0,-0.2965691387653351,7.0,20.0
cm_E_ds_400_ms_033,E,400,33,8,0,4,3.6762133241038892,0.6762133241038892,0.647979199886322,0.0,-0.2965691387653351,7.0,20.0
cm_E_ds_400_ms_033,E,400,33,8,0,5,5.0315235112140355,0.031523511214035516,0.5928536057472229,0.0,-0.2965691387653351,7.0,20.0
cm_E_ds_400_ms_033,E,400,33,8,0,6,6.436793951809139,0.4367939518091388,0.581672191619873,0.0,-0.2965691387653351,7.0,20.0
cm_E_ds_400_ms_033,E,400,33,8,0,7,6.871462333565341,0.8714623335653409,0.7290366888046265,0.0,-0.2965691387653351,7.0,20.0
cm_E_ds_400_ms_033,E,400,33,8,0,8,7.548685000254961,0.5486850002549613,0.9124400615692139,0.0,-0.2965691387653351,7.0,20.0
cm_E_ds_400_ms_033,E,400,33,8,0,9,8.770426740032008,0.7704267400320077,0.886778712272644,0.0,-0.2965691387653351,7.0,20.0
cm_E_ds_400_ms_033,E,400,33,8,0,10,9.749186169687645,0.7491861696876452,0.8050961494445801,0.0,-0.2965691387653351,7.0,20.0
cm_E_ds_400_ms_033,E,400,33,8,0,11,11.27037797374828,0.2703779737482801,0.6598814725875854,0.0,-0.2965691387653351,7.0,20.0
cm_E_ds_400_ms_033,E,400,33,8,0,12,11.587171254372365,0.5871712543723646,0.7486118078231812,0.0,-0.2965691387653351,7.0,20.0
cm_E_ds_400_ms_033,E,400,33,8,0,13,12.525452250930838,0.5254522509308384,0.6803460717201233,0.0,-0.2965691387653351,7.0,20.0
cm_E_ds_400_ms_033,E,400,33,8,0,14,13.545209815188489,0.545209815188489,0.6264224052429199,0.0,-0.2965691387653351,7.0,20.0
cm_E_ds_400_ms_033,E,400,33,8,0,15,14.494835604176373,0.49483560417637307,0.6634557843208313,0.0,-0.2965691387653351,7.0,20.0
cm_E_ds_400_ms_033,E,400,33,8,1,0,0.33162040705633,0.33162040705633,0.7560986280441284,0.0,-0.3174108862876892,7.0,20.0
cm_E_ds_400_ms_033,E,400,33,8,1,1,1.1131935655205438,0.11319356552054383,0.9271243810653687,0.0,-0.3174108862876892,7.0,20.0
cm_E_ds_400_ms_033,E,400,33,8,1,2,1.727809276349003,0.7278092763490029,0.8734186887741089,0.0,-0.3174108862876892,7.0,20.0
cm_E_ds_400_ms_033,E,400,33,8,1,3,2.5723050971960144,0.5723050971960144,0.7108660340309143,0.0,-0.3174108862876892,7.0,20.0
cm_E_ds_400_ms_033,E,400,33,8,1,4,3.6806241084879017,0.6806241084879017,0.6380794644355774,0.0,-0.3174108862876892,7.0,20.0
cm_E_ds_400_ms_033,E,400,33,8,1,5,5.073907111743688,0.07390711174368825,0.5957280397415161,0.0,-0.3174108862876892,7.0,20.0
cm_E_ds_400_ms_033,E,400,33,8,1,6,6.455174749775551,0.4551747497755514,0.5767540335655212,0.0,-0.3174108862876892,7.0,20.0
cm_E_ds_400_ms_033,E,400,33,8,1,7,6.840988154436486,0.8409881544364861,0.7190916538238525,0.0,-0.3174108862876892,7.0,20.0
cm_E_ds_400_ms_033,E,400,33,8,1,8,7.548227832926515,0.5482278329265151,0.9064773321151733,0.0,-0.3174108862876892,7.0,20.0
cm_E_ds_400_ms_033,E,400,33,8,1,9,8.740888145037461,0.7408881450374611,0.8886772990226746,0.0,-0.3174108862876892,7.0,20.0
cm_E_ds_400_ms_033,E,400,33,8,1,10,9.776038223608651,0.7760382236086514,0.827185869216919,0.0,-0.3174108862876892,7.0,20.0
cm_E_ds_400_ms_033,E,400,33,8,1,11,11.311575246310092,0.3115752463100918,0.6716288924217224,0.0,-0.3174108862876892,7.0,20.0
cm_E_ds_400_ms_033,E,400,33,8,1,12,11.594722711518731,0.594722711518731,0.7533407211303711,0.0,-0.3174108862876892,7.0,20.0
cm_E_ds_400_ms_033,E,400,33,8,1,13,12.52709028207579,0.5270902820757897,0.6974301934242249,0.0,-0.3174108862876892,7.0,20.0
cm_E_ds_400_ms_033,E,400,33,8,1,14,13.548206598632328,0.5482065986323281,0.626930296421051,0.0,-0.3174108862876892,7.0,20.0
cm_E_ds_400_ms_033,E,400,33,8,1,15,14.482876398285626,0.4828763982856259,0.6628860235214233,0.0,-0.3174108862876892,7.0,20.0
cm_E_ds_400_ms_033,E,400,33,9,0,0,0.0015062391764597797,0.0015062391764597797,0.9707413911819458,0.0,-0.2406785637140274,2.0,7.0
cm_E_ds_400_ms_033,E,400,33,9,0,1,1.4035741251692353,0.4035741251692353,0.7644881010055542,0.0,-0.2406785637140274,2.0,7.0
cm_E_ds_400_ms_033,E,400,33,9,0,2,2.413858217048077,0.4138582170480771,0.7206842303276062,0.0,-0.2406785637140274,2.0,7.0
cm_E_ds_400_ms_033,E,400,33,9,0,3,3.1699172038677084,0.16991720386770837,0.7732828259468079,0.0,-0.2406785637140274,2.0,7.0
cm_E_ds_400_ms_033,E,400,33,9,0,4,4.092210397180981,0.09221039718098112,0.6063715219497681,0.0,-0.2406785637140274,2.0,7.0
cm_E_ds_400_ms_033,E,400,33,9,0,5,5.277039366171572,0.27703936617157243,0.7706544995307922,0.0,-0.2406785637140274,2.0,7.0
cm_E_ds_400_ms_033,E,400,33,9,0,6,5.959491225689755,0.9594912256897548,0.8414103984832764,0.0,-0.2406785637140274,2.0,7.0
cm_E_ds_400_ms_033,E,400,33,9,0,7,7.205036022942313,0.2050360229423127,0.7725677490234375,0.0,-0.2406785637140274,2.0,7.0
cm_E_ds_400_ms_033,E,400,33,9,0,8,8.290718573068926,0.2907185730689257,0.7689884901046753,0.0,-0.2406785637140274,2.0,7.0
cm_E_ds_400_ms_033,E,400,33,9,0,9,9.094132172096145,0.09413217209614544,0.7569293975830078,0.0,-0.2406785637140274,2.0,7.0
cm_E_ds_400_ms_033,E,400,33,9,0,10,9.5204276526218,0.5204276526217999,0.728185772895813,0.0,-0.2406785637140274,2.0,7.0
cm_E_ds_400_ms_033,E,400,33,9,0,11,10.683359338697294,0.6833593386972936,0.7360378503799438,0.0,-0.2406785637140274,2.0,7.0
cm_E_ds_400_ms_033,E,400,33,9,0,12,12.181336999370851,0.1813369993708509,0.5840124487876892,0.0,-0.2406785637140274,2.0,7.0
cm_E_ds_400_ms_033,E,400,33,9,0,13,13.30017176990889,0.3001717699088893,0.663081169128418,0.0,-0.2406785637140274,2.0,7.0
cm_E_ds_400_ms_033,E,400,33,9,0,14,14.36276342361745,0.36276342361744973,0.8471541404724121,0.0,-0.2406785637140274,2.0,7.0
cm_E_ds_400_ms_033,E,400,33,9,0,15,15.317798722427984,0.3177987224279839,0.9560580253601074,0.0,-0.2406785637140274,2.0,7.0
cm_E_ds_400_ms_033,E,400,33,9,1,0,0.04267160683965466,0.04267160683965466,0.9655667543411255,0.0,-0.27333712577819824,7.0,2.0
cm_E_ds_400_ms_033,E,400,33,9,1,1,1.352120336985769,0.35212033698576906,0.7891470789909363,0.0,-0.27333712577819824,7.0,2.0
cm_E_ds_400_ms_033,E,400,33,9,1,2,2.3641868046740213,0.3641868046740213,0.756933331489563,0.0,-0.27333712577819824,7.0,2.0
cm_E_ds_400_ms_033,E,400,33,9,1,3,3.0593324948736815,0.05933249487368153,0.8043038845062256,0.0,-0.27333712577819824,7.0,2.0
cm_E_ds_400_ms_033,E,400,33,9,1,4,4.059393918512756,0.05939391851275566,0.6375937461853027,0.0,-0.27333712577819824,7.0,2.0
cm_E_ds_400_ms_033,E,400,33,9,1,5,5.247261562774096,0.24726156277409572,0.7584193348884583,0.0,-0.27333712577819824,7.0,2.0
cm_E_ds_400_ms_033,E,400,33,9,1,6,5.87657758618921,0.8765775861892102,0.847362756729126,0.0,-0.27333712577819824,7.0,2.0
cm_E_ds_400_ms_033,E,400,33,9,1,7,7.154544228957947,0.15454422895794728,0.7877508401870728,0.0,-0.27333712577819824,7.0,2.0
cm_E_ds_400_ms_033,E,400,33,9,1,8,8.240224350572856,0.24022435057285563,0.7825939059257507,0.0,-0.27333712577819824,7.0,2.0
cm_E_ds_400_ms_033,E,400,33,9,1,9,9.027327457862084,0.027327457862083904,0.7820335030555725,0.0,-0.27333712577819824,7.0,2.0
cm_E_ds_400_ms_033,E,400,33,9,1,10,9.578924428313421,0.578924428313421,0.7338178753852844,0.0,-0.27333712577819824,7.0,2.0
cm_E_ds_400_ms_033,E,400,33,9,1,11,10.738793761129044,0.7387937611290436,0.7434422969818115,0.0,-0.27333712577819824,7.0,2.0
cm_E_ds_400_ms_033,E,400,33,9,1,12,12.190516773615348,0.19051677361534836,0.5795530676841736,0.0,-0.27333712577819824,7.0,2.0
cm_E_ds_400_ms_033,E,400,33,9,1,13,13.318327323414673,0.31832732341467285,0.6955427527427673,0.0,-0.27333712577819824,7.0,2.0
cm_E_ds_400_ms_033,E,400,33,9,1,14,14.37038652185911,0.3703865218591105,0.8855994939804077,0.0,-0.27333712577819824,7.0,2.0
cm_E_ds_400_ms_033,E,400,33,9,1,15,15.240630334493291,0.2406303344932912,0.9548143148422241,0.0,-0.27333712577819824,7.0,2.0
cm_E_ds_400_ms_033,E,400,33,10,0,0,-0.11523546069087935,0.8847645393091207,0.9267586469650269,0.0,-0.30490922927856445,7.0,2.0
cm_E_ds_400_ms_033,E,400,33,10,0,1,0.9464792726192415,0.9464792726192415,0.9337860345840454,0.0,-0.30490922927856445,7.0,2.0
cm_E_ds_400_ms_033,E,400,33,10,0,2,1.7944585658339505,0.7944585658339505,0.8589405417442322,0.0,-0.30490922927856445,7.0,2.0
cm_E_ds_400_ms_033,E,400,33,10,0,3,2.922981883818662,0.9229818838186619,0.8403118252754211,0.0,-0.30490922927856445,7.0,2.0
cm_E_ds_400_ms_033,E,400,33,10,0,4,3.9916439060975657,0.9916439060975657,0.7735171914100647,0.0,-0.30490922927856445,7.0,2.0
cm_E_ds_400_ms_033,E,400,33,10,0,5,4.859678987336146,0.8596789873361459,0.7304981350898743,0.0,-0.30490922927856445,7.0,2.0
cm_E_ds_400_ms_033,E,400,33,10,0,6,5.783523088936956,0.7835230889369562,0.79816073179245,0.0,-0.30490922927856445,7.0,2.0
cm_E_ds_400_ms_033,E,400,33,10,0,7,7.0298049394919495,0.02980493949194951,0.6842526197433472,0.0,-0.30490922927856445,7.0,2.0
cm_E_ds_400_ms_033,E,400,33,10,0,8,7.93347539436021,0.9334753943602099,0.6009288430213928,0.0,-0.30490922927856445,7.0,2.0
cm_E_ds_400_ms_033,E,400,33,10,0,9,9.197591627748015,0.19759162774801453,0.750737190246582,0.0,-0.30490922927856445,7.0,2.0
cm_E_ds_400_ms_033,E,400,33,10,0,10,10.202900154489473,0.2029001544894733,0.8699809312820435,0.0,-0.30490922927856445,7.0,2.0
cm_E_ds_400_ms_033,E,400,33,10,0,11,11.372148399509395,0.3721483995093955,0.7875545024871826,0.0,-0.30490922927856445,7.0,2.0
cm_E_ds_400_ms_033,E,400,33,10,0,12,12.028451259245138,0.028451259245137805,0.6911759376525879,0.0,-0.30490922927856445,7.0,2.0
cm_E_ds_400_ms_033,E,400,33,10,0,13,13.110882639326825,0.11088263932682452,0.8271958231925964,0.0,-0.30490922927856445,7.0,2.0
cm_E_ds_400_ms_033,E,400,33,10,0,14,14.12242940551023,0.12242940551023018,0.901278555393219,0.0,-0.30490922927856445,7.0,2.0
cm_E_ds_400_ms_033,E,400,33,10,0,15,14.930736455622808,0.9307364556228084,0.9268989562988281,0.0,-0.30490922927856445,7.0,2.0
cm_E_ds_400_ms_033,E,400,33,10,1,0,-0.1122870198081664,0.8877129801918336,0.9154234528541565,0.0,-0.2949918508529663,7.0,2.0
cm_E_ds_400_ms_033,E,400,33,10,1,1,1.0194080103541263,0.019408010354126315,0.9238119125366211,0.0,-0.2949918508529663,7.0,2.0
cm_E_ds_400_ms_033,E,400,33,10,1,2,1.826052440640743,0.826052440640743,0.8624507188796997,0.0,-0.2949918508529663,7.0,2.0
cm_E_ds_400_ms_033,E,400,33,10,1,3,2.9726923041619777,0.9726923041619777,0.8371173739433289,0.0,-0.2949918508529663,7.0,2.0
cm_E_ds_400_ms_033,E,400,33,10,1,4,4.024272782236587,0.024272782236587354,0.8039108514785767,0.0,-0.2949918508529663,7.0,2.0
cm_E_ds_400_ms_033,E,400,33,10,1,5,4.831765977364064,0.8317659773640642,0.7373737692832947,0.0,-0.2949918508529663,7.0,2.0
cm_E_ds_400_ms_033,E,400,33,10,1,6,5.729508738724643,0.7295087387246433,0.8019256591796875,0.0,-0.2949918508529663,7.0,2.0
cm_E_ds_400_ms_033,E,400,33,10,1,7,7.030047183534513,0.030047183534512634,0.6869642734527588,0.0,-0.2949918508529663,7.0,2.0
cm_E_ds_400_ms_033,E,400,33,10,1,8,7.9339179906184265,0.9339179906184265,0.6026393175125122,0.0,-0.2949918508529663,7.0,2.0
cm_E_ds_400_ms_033,E,400,33,10,1,9,9.218553326528802,0.21855332652880222,0.742752194404602,0.0,-0.2949918508529663,7.0,2.0
cm_E_ds_400_ms_033,E,400,33,10,1,10,10.24066472575642,0.24066472575641917,0.8678653240203857,0.0,-0.2949918508529663,7.0,2.0
cm_E_ds_400_ms_033,E,400,33,10,1,11,11.37296923646565,0.37296923646565006,0.7707298994064331,0.0,-0.2949918508529663,7.0,2.0
cm_E_ds_400_ms_033,E,400,33,10,1,12,12.057340834486551,0.05734083448655092,0.696594774723053,0.0,-0.2949918508529663,7.0,2.0
cm_E_ds_400_ms_033,E,400,33,10,1,13,13.162142450137862,0.16214245013786233,0.8336433172225952,0.0,-0.2949918508529663,7.0,2.0
cm_E_ds_400_ms_033,E,400,33,10,1,14,14.136286493298352,0.13628649329835163,0.9106987714767456,0.0,-0.2949918508529663,7.0,2.0
cm_E_ds_400_ms_033,E,400,33,10,1,15,14.835162377476728,0.8351623774767276,0.9179185628890991,0.0,-0.2949918508529663,7.0,2.0
cm_E_ds_400_ms_033,E,400,33,11,0,0,-0.12332473831614087,0.8766752616838591,0.9163775444030762,0.0,-0.25040096044540405,7.0,2.0
cm_E_ds_400_ms_033,E,400,33,11,0,1,0.9643187401484347,0.9643187401484347,0.8794416785240173,0.0,-0.25040096044540405,7.0,2.0
cm_E_ds_400_ms_033,E,400,33,11,0,2,1.801311370519215,0.801311370519215,0.8654065728187561,0.0,-0.25040096044540405,7.0,2.0
cm_E_ds_400_ms_033,E,400,33,11,0,3,2.7124772749826476,0.7124772749826476,0.6977201700210571,0.0,-0.25040096044540405,7.0,2.0
cm_E_ds_400_ms_033,E,400,33,11,0,4,4.158390376778958,0.15839037677895806,0.5950523614883423,0.0,-0.25040096044540405,7.0,2.0
cm_E_ds_400_ms_033,E,400,33,11,0,5,5.011752390296572,0.01175239029657238,0.836328387260437,0.0,-0.25040096044540405,7.0,2.0
cm_E_ds_400_ms_033,E,400,33,11,0,6,6.272559776486459,0.27255977648645935,0.8914825916290283,0.0,-0.25040096044540405,7.0,2.0
cm_E_ds_400_ms_033,E,400,33,11,0,7,7.1722189371461615,0.17221893714616154,0.7768336534500122,0.0,-0.25040096044540405,7.0,2.0
cm_E_ds_400_ms_033,E,400,33,11,0,8,7.9241887656006975,0.9241887656006975,0.7782437801361084,0.0,-0.25040096044540405,7.0,2.0
cm_E_ds_400_ms_033,E,400,33,11,0,9,8.700360534578275,0.7003605345782749,0.8124244213104248,0.0,-0.25040096044540405,7.0,2.0
cm_E_ds_400_ms_033,E,400,33,11,0,10,9.737451601129601,0.7374516011296013,0.7313783764839172,0.0,-0.25040096044540405,7.0,2.0
cm_E_ds_400_ms_033,E,400,33,11,0,11,11.204368597097572,0.20436859709757194,0.8251054286956787,0.0,-0.25040096044540405,7.0,2.0
cm_E_ds_400_ms_033,E,400,33,11,0,12,12.028967317982428,0.028967317982427687,0.6229502558708191,0.0,-0.25040096044540405,7.0,2.0
cm_E_ds_400_ms_033,E,400,33,11,0,13,12.90357395189445,0.9035739518944492,0.7018088102340698,0.0,-0.25040096044540405,7.0,2.0
cm_E_ds_400_ms_033,E,400,33,11,0,14,14.33518038767327,0.33518038767327063,0.8688827157020569,0.0,-0.25040096044540405,7.0,2.0
cm_E_ds_400_ms_033,E,400,33,11,0,15,15.128708729805721,0.12870872980572123,0.8797928094863892,0.0,-0.25040096044540405,7.0,2.0
cm_E_ds_400_ms_033,E,400,33,11,1,0,-0.12730255511139166,0.8726974448886083,0.9151216149330139,0.0,-0.2538907527923584,7.0,2.0
cm_E_ds_400_ms_033,E,400,33,11,1,1,0.9750852432281165,0.9750852432281165,0.8711538314819336,0.0,-0.2538907527923584,7.0,2.0
cm_E_ds_400_ms_033,E,400,33,11,1,2,1.7974825182524874,0.7974825182524874,0.8575882911682129,0.0,-0.2538907527923584,7.0,2.0
cm_E_ds_400_ms_033,E,400,33,11,1,3,2.7004093931931057,0.7004093931931057,0.687095582485199,0.0,-0.2538907527923584,7.0,2.0
cm_E_ds_400_ms_033,E,400,33,11,1,4,4.159157179349778,0.15915717934977813,0.5994165539741516,0.0,-0.2538907527923584,7.0,2.0
cm_E_ds_400_ms_033,E,400,33,11,1,5,4.971431506896264,0.9714315068962636,0.8570413589477539,0.0,-0.2538907527923584,7.0,2.0
cm_E_ds_400_ms_033,E,400,33,11,1,6,6.284083671654105,0.28408367165410464,0.9052098989486694,0.0,-0.2538907527923584,7.0,2.0
cm_E_ds_400_ms_033,E,400,33,11,1,7,7.176986712750794,0.1769867127507938,0.787048876285553,0.0,-0.2538907527923584,7.0,2.0
cm_E_ds_400_ms_033,E,400,33,11,1,8,7.8760623420168985,0.8760623420168985,0.7886747121810913,0.0,-0.2538907527923584,7.0,2.0
cm_E_ds_400_ms_033,E,400,33,11,1,9,8.687213786463834,0.6872137864638344,0.8142966032028198,0.0,-0.2538907527923584,7.0,2.0
cm_E_ds_400_ms_033,E,400,33,11,1,10,9.722074872142143,0.7220748721421426,0.7212986946105957,0.0,-0.2538907527923584,7.0,2.0
cm_E_ds_400_ms_033,E,400,33,11,1,11,11.20255207034231,0.2025520703423105,0.8300445079803467,0.0,-0.2538907527923584,7.0,2.0
cm_E_ds_400_ms_033,E,400,33,11,1,12,11.987331699057883,0.9873316990578829,0.6294280886650085,0.0,-0.2538907527923584,7.0,2.0
cm_E_ds_400_ms_033,E,400,33,11,1,13,12.822496874370731,0.8224968743707315,0.7023215889930725,0.0,-0.2538907527923584,7.0,2.0
cm_E_ds_400_ms_033,E,400,33,11,1,14,14.292836857586748,0.2928368575867477,0.8466594219207764,0.0,-0.2538907527923584,7.0,2.0
cm_E_ds_400_ms_033,E,400,33,11,1,15,15.175024090785595,0.17502409078559467,0.8713628053665161,0.0,-0.2538907527923584,7.0,2.0
cm_E_ds_400_ms_033,E,400,33,12,0,0,-0.1840009325081738,0.8159990674918263,0.9585649967193604,0.0,-0.3935838043689728,7.0,2.0
cm_E_ds_400_ms_033,E,400,33,12,0,1,0.7454532967494077,0.7454532967494077,0.943329930305481,0.0,-0.3935838043689728,7.0,2.0
cm_E_ds_400_ms_033,E,400,33,12,0,2,1.6377037512163977,0.6377037512163977,0.9344285726547241,0.0,-0.3935838043689728,7.0,2.0
cm_E_ds_400_ms_033,E,400,33,12,0,3,2.842694679726959,0.842694679726959,0.8202276229858398,0.0,-0.3935838043689728,7.0,2.0
cm_E_ds_400_ms_033,E,400,33,12,0,4,3.919854368025248,0.919854368025248,0.8182082176208496,0.0,-0.3935838043689728,7.0,2.0
cm_E_ds_400_ms_033,E,400,33,12,0,5,4.610743180770194,0.6107431807701937,0.7443338632583618,0.0,-0.3935838043689728,7.0,2.0
cm_E_ds_400_ms_033,E,400,33,12,0,6,5.943807897099553,0.9438078970995534,0.8694201707839966,0.0,-0.3935838043689728,7.0,2.0
cm_E_ds_400_ms_033,E,400,33,12,0,7,6.860776274935883,0.8607762749358834,0.7910268902778625,0.0,-0.3935838043689728,7.0,2.0
cm_E_ds_400_ms_033,E,400,33,12,0,8,7.700710440109217,0.7007104401092166,0.611510157585144,0.0,-0.3935838043689728,7.0,2.0
cm_E_ds_400_ms_033,E,400,33,12,0,9,8.965118702029534,0.9651187020295335,0.6929379105567932,0.0,-0.3935838043689728,7.0,2.0
cm_E_ds_400_ms_033,E,400,33,12,0,10,10.366320778391014,0.36632077839101385,0.7508841753005981,0.0,-0.3935838043689728,7.0,2.0
cm_E_ds_400_ms_033,E,400,33,12,0,11,11.375164611046873,0.3751646110468734,0.6866398453712463,0.0,-0.3935838043689728,7.0,2.0
cm_E_ds_400_ms_033,E,400,33,12,0,12,12.080106917464073,0.08010691746407339,0.807813823223114,0.0,-0.3935838043689728,7.0,2.0
cm_E_ds_400_ms_033,E,400,33,12,0,13,13.120146197225141,0.1201461972251412,0.8817819356918335,0.0,-0.3935838043689728,7.0,2.0
cm_E_ds_400_ms_033,E,400,33,12,0,14,14.16586333735225,0.16586333735224912,0.8143138885498047,0.0,-0.3935838043689728,7.0,2.0
cm_E_ds_400_ms_033,E,400,33,12,0,15,14.797180454412194,0.7971804544121941,0.8801676034927368,0.0,-0.3935838043689728,7.0,2.0
cm_E_ds_400_ms_033,E,400,33,12,1,0,-0.17370694570982292,0.8262930542901771,0.9537832736968994,0.0,-0.43925967812538147,7.0,2.0
cm_E_ds_400_ms_033,E,400,33,12,1,1,0.8067578114268388,0.8067578114268388,0.9385355114936829,0.0,-0.43925967812538147,7.0,2.0
cm_E_ds_400_ms_033,E,400,33,12,1,2,1.640613411802823,0.640613411802823,0.9268208742141724,0.0,-0.43925967812538147,7.0,2.0
cm_E_ds_400_ms_033,E,400,33,12,1,3,2.8673610731135613,0.8673610731135613,0.8123974800109863,0.0,-0.43925967812538147,7.0,2.0
cm_E_ds_400_ms_033,E,400,33,12,1,4,3.9342135506083564,0.9342135506083564,0.8112762570381165,0.0,-0.43925967812538147,7.0,2.0
cm_E_ds_400_ms_033,E,400,33,12,1,5,4.610344297722665,0.6103442977226647,0.7310536503791809,0.0,-0.43925967812538147,7.0,2.0
cm_E_ds_400_ms_033,E,400,33,12,1,6,5.944626912672028,0.9446269126720281,0.8619589805603027,0.0,-0.43925967812538147,7.0,2.0
cm_E_ds_400_ms_033,E,400,33,12,1,7,6.867256758420392,0.8672567584203916,0.7858110666275024,0.0,-0.43925967812538147,7.0,2.0
cm_E_ds_400_ms_033,E,400,33,12,1,8,7.710430558208052,0.7104305582080519,0.6029517650604248,0.0,-0.43925967812538147,7.0,2.0
cm_E_ds_400_ms_033,E,400,33,12,1,9,9.005629920034714,0.005629920034714075,0.6860698461532593,0.0,-0.43925967812538147,7.0,2.0
cm_E_ds_400_ms_033,E,400,33,12,1,10,10.36860115088191,0.3686011508819096,0.7527171969413757,0.0,-0.43925967812538147,7.0,2.0
cm_E_ds_400_ms_033,E,400,33,12,1,11,11.386925893233672,0.38692589323367166,0.687321662902832,0.0,-0.43925967812538147,7.0,2.0
cm_E_ds_400_ms_033,E,400,33,12,1,12,12.093481945678775,0.09348194567877499,0.7929259538650513,0.0,-0.43925967812538147,7.0,2.0
cm_E_ds_400_ms_033,E,400,33,12,1,13,13.128133572222534,0.1281335722225343,0.8777779936790466,0.0,-0.43925967812538147,7.0,2.0
cm_E_ds_400_ms_033,E,400,33,12,1,14,14.166540892117913,0.16654089211791323,0.8105503916740417,0.0,-0.43925967812538147,7.0,2.0
cm_E_ds_400_ms_033,E,400,33,12,1,15,14.770461968634958,0.7704619686349581,0.8722758293151855,0.0,-0.43925967812538147,7.0,2.0
cm_E_ds_400_ms_033,E,400,33,13,0,0,0.25344401600937655,0.25344401600937655,0.8953088521957397,0.0,-0.2234697937965393,20.0,2.0
cm_E_ds_400_ms_033,E,400,33,13,0,1,0.8473438579489254,0.8473438579489254,0.9559895396232605,0.0,-0.2234697937965393,20.0,2.0
cm_E_ds_400_ms_033,E,400,33,13,0,2,1.9616494541573382,0.9616494541573382,0.7269672751426697,0.0,-0.2234697937965393,20.0,2.0
cm_E_ds_400_ms_033,E,400,33,13,0,3,3.038058125210889,0.03805812521088914,0.6886125802993774,0.0,-0.2234697937965393,20.0,2.0
cm_E_ds_400_ms_033,E,400,33,13,0,4,3.7481000026444025,0.7481000026444025,0.6827744245529175,0.0,-0.2234697937965393,20.0,2.0
cm_E_ds_400_ms_033,E,400,33,13,0,5,5.275574366485595,0.2755743664855954,0.5688046813011169,0.0,-0.2234697937965393,20.0,2.0
cm_E_ds_400_ms_033,E,400,33,13,0,6,6.141402537712354,0.141402537712354,0.5468416810035706,0.0,-0.2234697937965393,20.0,2.0
cm_E_ds_400_ms_033,E,400,33,13,0,7,7.401857182577105,0.4018571825771051,0.8045152425765991,0.0,-0.2234697937965393,20.0,2.0
cm_E_ds_400_ms_033,E,400,33,13,0,8,8.271162982565272,0.27116298256527216,0.7518625259399414,0.0,-0.2234697937965393,20.0,2.0
cm_E_ds_400_ms_033,E,400,33,13,0,9,9.35095942744715,0.35095942744714925,0.793552041053772,0.0,-0.2234697937965393,20.0,2.0
cm_E_ds_400_ms_033,E,400,33,13,0,10,9.681318374454769,0.6813183744547686,0.8288690447807312,0.0,-0.2234697937965393,20.0,2.0
cm_E_ds_400_ms_033,E,400,33,13,0,11,11.426826340545071,0.4268263405450714,0.79325270652771,0.0,-0.2234697937965393,20.0,2.0
cm_E_ds_400_ms_033,E,400,33,13,0,12,12.0366462719933,0.03664627199330006,0.4847713112831116,0.0,-0.2234697937965393,20.0,2.0
cm_E_ds_400_ms_033,E,400,33,13,0,13,13.279984766361963,0.279984766361963,0.6498790383338928,0.0,-0.2234697937965393,20.0,2.0
cm_E_ds_400_ms_033,E,400,33,13,0,14,14.303695947675179,0.3036959476751786,0.9272336959838867,0.0,-0.2234697937965393,20.0,2.0
cm_E_ds_400_ms_033,E,400,33,13,0,15,15.418651170764651,0.41865117076465097,0.9600306749343872,0.0,-0.2234697937965393,20.0,2.0
cm_E_ds_400_ms_033,E,400,33,13,1,0,0.20553008719975555,0.20553008719975555,0.9080139994621277,0.0,-0.22787007689476013,20.0,2.0
cm_E_ds_400_ms_033,E,400,33,13,1,1,0.8252723293190015,0.8252723293190015,0.9582765102386475,0.0,-0.22787007689476013,20.0,2.0
cm_E_ds_400_ms_033,E,400,33,13,1,2,2.002849458794818,0.002849458794818016,0.7568257451057434,0.0,-0.22787007689476013,20.0,2.0
cm_E_ds_400_ms_033,E,400,33,13,1,3,3.0612619474232194,0.06126194742321944,0.7136142253875732,0.0,-0.22787007689476013,20.0,2.0
cm_E_ds_400_ms_033,E,400,33,13,1,4,3.731506285728829,0.731506285728829,0.704978346824646,0.0,-0.22787007689476013,20.0,2.0
cm_E_ds_400_ms_033,E,400,33,13,1,5,5.311032458760818,0.31103245876081775,0.5745599269866943,0.0,-0.22787007689476013,20.0,2.0
cm_E_ds_400_ms_033,E,400,33,13,1,6,6.154586927758221,0.15458692775822058,0.5665132403373718,0.0,-0.22787007689476013,20.0,2.0
cm_E_ds_400_ms_033,E,400,33,13,1,7,7.382447302775745,0.3824473027757449,0.8162062168121338,0.0,-0.22787007689476013,20.0,2.0
cm_E_ds_400_ms_033,E,400,33,13,1,8,8.236321732263091,0.23632173226309128,0.7912905216217041,0.0,-0.22787007689476013,20.0,2.0
cm_E_ds_400_ms_033,E,400,33,13,1,9,9.306335524869732,0.30633552486973237,0.8314284086227417,0.0,-0.22787007689476013,20.0,2.0
cm_E_ds_400_ms_033,E,400,33,13,1,10,9.657720526218318,0.6577205262183181,0.867435872554779,0.0,-0.22787007689476013,20.0,2.0
cm_E_ds_400_ms_033,E,400,33,13,1,11,11.378111610000762,0.37811161000076154,0.834879994392395,0.0,-0.22787007689476013,20.0,2.0
cm_E_ds_400_ms_033,E,400,33,13,1,12,12.00131021243125,0.0013102124312496244,0.5246731638908386,0.0,-0.22787007689476013,20.0,2.0
cm_E_ds_400_ms_033,E,400,33,13,1,13,13.261860783508343,0.2618607835083431,0.6936895251274109,0.0,-0.22787007689476013,20.0,2.0
cm_E_ds_400_ms_033,E,400,33,13,1,14,14.264122135188089,0.2641221351880887,0.9276573061943054,0.0,-0.22787007689476013,20.0,2.0
cm_E_ds_400_ms_033,E,400,33,13,1,15,15.392474243097604,0.39247424309760426,0.9487743377685547,0.0,-0.22787007689476013,20.0,2.0
cm_E_ds_400_ms_033,E,400,33,14,0,0,-0.38300915666069957,0.6169908433393004,0.6867449879646301,0.0,-0.2994278073310852,2.0,7.0
cm_E_ds_400_ms_033,E,400,33,14,0,1,0.7005501912169192,0.7005501912169192,0.8875209093093872,0.0,-0.2994278073310852,2.0,7.0
cm_E_ds_400_ms_033,E,400,33,14,0,2,1.7494121022198823,0.7494121022198823,0.6783877015113831,0.0,-0.2994278073310852,2.0,7.0
cm_E_ds_400_ms_033,E,400,33,14,0,3,2.8306298335770483,0.8306298335770483,0.5689023733139038,0.0,-0.2994278073310852,2.0,7.0
cm_E_ds_400_ms_033,E,400,33,14,0,4,4.132474817684151,0.13247481768415081,0.5696859359741211,0.0,-0.2994278073310852,2.0,7.0
cm_E_ds_400_ms_033,E,400,33,14,0,5,4.64473445197566,0.6447344519756601,0.5808600783348083,0.0,-0.2994278073310852,2.0,7.0
cm_E_ds_400_ms_033,E,400,33,14,0,6,6.520488357822807,0.5204883578228072,0.5580973029136658,0.0,-0.2994278073310852,2.0,7.0
cm_E_ds_400_ms_033,E,400,33,14,0,7,6.707702325153042,0.7077023251530417,0.6112635135650635,0.0,-0.2994278073310852,2.0,7.0
cm_E_ds_400_ms_033,E,400,33,14,0,8,7.568028703112364,0.5680287031123639,0.5193561911582947,0.0,-0.2994278073310852,2.0,7.0
cm_E_ds_400_ms_033,E,400,33,14,0,9,8.643394328388663,0.6433943283886627,0.6131222248077393,0.0,-0.2994278073310852,2.0,7.0
cm_E_ds_400_ms_033,E,400,33,14,0,10,9.946409248009598,0.9464092480095978,0.5800871253013611,0.0,-0.2994278073310852,2.0,7.0
cm_E_ds_400_ms_033,E,400,33,14,0,11,11.497567672252764,0.49756767225276377,0.6621458530426025,0.0,-0.2994278073310852,2.0,7.0
cm_E_ds_400_ms_033,E,400,33,14,0,12,12.021536072165453,0.02153607216545339,0.45622116327285767,0.0,-0.2994278073310852,2.0,7.0
cm_E_ds_400_ms_033,E,400,33,14,0,13,12.527902619241077,0.5279026192410772,0.6953849196434021,0.0,-0.2994278073310852,2.0,7.0
cm_E_ds_400_ms_033,E,400,33,14,0,14,14.10258846488125,0.10258846488125073,0.6166918873786926,0.0,-0.2994278073310852,2.0,7.0
cm_E_ds_400_ms_033,E,400,33,14,0,15,14.478214870068083,0.47821487006808283,0.6547141075134277,0.0,-0.2994278073310852,2.0,7.0
cm_E_ds_400_ms_033,E,400,33,14,1,0,-0.39171480194031166,0.6082851980596884,0.6886156797409058,0.0,-0.2992919385433197,2.0,7.0
cm_E_ds_400_ms_033,E,400,33,14,1,1,0.6713241912133885,0.6713241912133885,0.896504282951355,0.0,-0.2992919385433197,2.0,7.0
cm_E_ds_400_ms_033,E,400,33,14,1,2,1.7686392365154497,0.7686392365154497,0.6882433891296387,0.0,-0.2992919385433197,2.0,7.0
cm_E_ds_400_ms_033,E,400,33,14,1,3,2.802299423155688,0.8022994231556879,0.5729436278343201,0.0,-0.2992919385433197,2.0,7.0
cm_E_ds_400_ms_033,E,400,33,14,1,4,4.141110908870715,0.14111090887071498,0.5669687390327454,0.0,-0.2992919385433197,2.0,7.0
cm_E_ds_400_ms_033,E,400,33,14,1,5,4.650906514473647,0.6509065144736468,0.5880551934242249,0.0,-0.2992919385433197,2.0,7.0
cm_E_ds_400_ms_033,E,400,33,14,1,6,6.5188594335967505,0.5188594335967505,0.5675418972969055,0.0,-0.2992919385433197,2.0,7.0
cm_E_ds_400_ms_033,E,400,33,14,1,7,6.707262764534455,0.7072627645344554,0.6111649870872498,0.0,-0.2992919385433197,2.0,7.0
cm_E_ds_400_ms_033,E,400,33,14,1,8,7.566390064839487,0.5663900648394868,0.5246594548225403,0.0,-0.2992919385433197,2.0,7.0
cm_E_ds_400_ms_033,E,400,33,14,1,9,8.629219712695127,0.6292197126951269,0.6386749744415283,0.0,-0.2992919385433197,2.0,7.0
cm_E_ds_400_ms_033,E,400,33,14,1,10,9.915793000946007,0.9157930009460067,0.5810539722442627,0.0,-0.2992919385433197,2.0,7.0
cm_E_ds_400_ms_033,E,400,33,14,1,11,11.500655524885536,0.500655524885536,0.6759682297706604,0.0,-0.2992919385433197,2.0,7.0
cm_E_ds_400_ms_033,E,400,33,14,1,12,11.97765286565803,0.9776528656580297,0.4660327434539795,0.0,-0.2992919385433197,2.0,7.0
cm_E_ds_400_ms_033,E,400,33,14,1,13,12.526785503856825,0.526785503856825,0.7057586312294006,0.0,-0.2992919385433197,2.0,7.0
cm_E_ds_400_ms_033,E,400,33,14,1,14,14.13021642829197,0.13021642829196978,0.6185663342475891,0.0,-0.2992919385433197,2.0,7.0
cm_E_ds_400_ms_033,E,400,33,14,1,15,14.480009540218,0.48000954021799913,0.6566744446754456,0.0,-0.2992919385433197,2.0,7.0
cm_E_ds_400_ms_033,E,400,33,15,0,0,0.19390537085086157,0.19390537085086157,0.7086970806121826,0.0,-0.3821870684623718,7.0,2.0
cm_E_ds_400_ms_033,E,400,33,15,0,1,1.5188869946707082,0.5188869946707082,0.6187033653259277,0.0,-0.3821870684623718,7.0,2.0
cm_E_ds_400_ms_033,E,400,33,15,0,2,2.445423405060356,0.4454234050603558,0.6261798739433289,0.0,-0.3821870684623718,7.0,2.0
cm_E_ds_400_ms_033,E,400,33,15,0,3,3.29648303769975,0.2964830376997498,0.6387512683868408,0.0,-0.3821870684623718,7.0,2.0
cm_E_ds_400_ms_033,E,400,33,15,0,4,4.361778535627745,0.361778535627745,0.915777325630188,0.0,-0.3821870684623718,7.0,2.0
cm_E_ds_400_ms_033,E,400,33,15,0,5,4.8948408011833715,0.8948408011833715,0.5733742713928223,0.0,-0.3821870684623718,7.0,2.0
cm_E_ds_400_ms_033,E,400,33,15,0,6,5.700964619273252,0.7009646192732522,0.6910838484764099,0.0,-0.3821870684623718,7.0,2.0
cm_E_ds_400_ms_033,E,400,33,15,0,7,7.023932798189517,0.023932798189517435,0.8191102743148804,0.0,-0.3821870684623718,7.0,2.0
cm_E_ds_400_ms_033,E,400,33,15,0,8,7.921451832909282,0.9214518329092822,0.9369406700134277,0.0,-0.3821870684623718,7.0,2.0
cm_E_ds_400_ms_033,E,400,33,15,0,9,9.20220276434768,0.20220276434768003,0.7339895963668823,0.0,-0.3821870684623718,7.0,2.0
cm_E_ds_400_ms_033,E,400,33,15,0,10,9.926519130018594,0.926519130018594,0.5495768785476685,0.0,-0.3821870684623718,7.0,2.0
cm_E_ds_400_ms_033,E,400,33,15,0,11,10.736739240226704,0.7367392402267043,0.5848934650421143,0.0,-0.3821870684623718,7.0,2.0
cm_E_ds_400_ms_033,E,400,33,15,0,12,12.045920758194288,0.045920758194288425,0.8801160454750061,0.0,-0.3821870684623718,7.0,2.0
cm_E_ds_400_ms_033,E,400,33,15,0,13,12.781461097837294,0.781461097837294,0.7791222333908081,0.0,-0.3821870684623718,7.0,2.0
cm_E_ds_400_ms_033,E,400,33,15,0,14,13.975865081352355,0.9758650813523548,0.7892588376998901,0.0,-0.3821870684623718,7.0,2.0
cm_E_ds_400_ms_033,E,400,33,15,0,15,14.75477621153305,0.7547762115330503,0.79646235704422,0.0,-0.3821870684623718,7.0,2.0
cm_E_ds_400_ms_033,E,400,33,15,1,0,0.1971480411048205,0.1971480411048205,0.7051801085472107,0.0,-0.3948959410190582,7.0,2.0
cm_E_ds_400_ms_033,E,400,33,15,1,1,1.5152243436737842,0.5152243436737842,0.6158197522163391,0.0,-0.3948959410190582,7.0,2.0
cm_E_ds_400_ms_033,E,400,33,15,1,2,2.4433567415994912,0.44335674159949123,0.6239557862281799,0.0,-0.3948959410190582,7.0,2.0
cm_E_ds_400_ms_033,E,400,33,15,1,3,3.3130928435053684,0.31309284350536837,0.6242808699607849,0.0,-0.3948959410190582,7.0,2.0
cm_E_ds_400_ms_033,E,400,33,15,1,4,4.369727358001825,0.36972735800182477,0.9146448969841003,0.0,-0.3948959410190582,7.0,2.0
cm_E_ds_400_ms_033,E,400,33,15,1,5,4.874949772500479,0.8749497725004787,0.5686243772506714,0.0,-0.3948959410190582,7.0,2.0
cm_E_ds_400_ms_033,E,400,33,15,1,6,5.704269216575685,0.7042692165756854,0.6738678216934204,0.0,-0.3948959410190582,7.0,2.0
cm_E_ds_400_ms_033,E,400,33,15,1,7,7.0539352389196965,0.05393523891969654,0.8059254884719849,0.0,-0.3948959410190582,7.0,2.0
cm_E_ds_400_ms_033,E,400,33,15,1,8,7.940284941180731,0.9402849411807308,0.9327125549316406,0.0,-0.3948959410190582,7.0,2.0
cm_E_ds_400_ms_033,E,400,33,15,1,9,9.155079923225928,0.15507992322592834,0.7056261897087097,0.0,-0.3948959410190582,7.0,2.0
cm_E_ds_400_ms_033,E,400,33,15,1,10,9.939800660532656,0.9398006605326561,0.5426639318466187,0.0,-0.3948959410190582,7.0,2.0
cm_E_ds_400_ms_033,E,400,33,15,1,11,10.773947682313228,0.7739476823132279,0.5821481943130493,0.0,-0.3948959410190582,7.0,2.0
cm_E_ds_400_ms_033,E,400,33,15,1,12,12.123111002734326,0.12311100273432629,0.8420454263687134,0.0,-0.3948959410190582,7.0,2.0
cm_E_ds_400_ms_033,E,400,33,15,1,13,12.87130631687153,0.8713063168715305,0.738304853439331,0.0,-0.3948959410190582,7.0,2.0
cm_E_ds_400_ms_033,E,400,33,15,1,14,14.10267831981433,0.10267831981433062,0.8115309476852417,0.0,-0.3948959410190582,7.0,2.0
cm_E_ds_400_ms_033,E,400,33,15,1,15,14.755770687076204,0.755770687076204,0.80455482006073,0.0,-0.3948959410190582,7.0,2.0
