model,cm,ds,ms,is_gen,is_U2D,scenario,noise_type,noise_degree,nmse_mean,nmse_std,mse_mean,mse_std,se_mean,se_std,se0_mean,se0_std
DDK8,B,5e-08,3,True,False,TDD,vanilla,0,[0.0559333  0.08813569 0.13103384 0.1844158 ],[0.02025609 0.03518947 0.06317865 0.08949585],[10.566668 16.742352 25.382072 37.66191 ],[ 2.8284318  5.415217  10.224084  17.860058 ],[8.262164 8.234172 8.196992 8.146711],[0.29033396 0.30544776 0.32159382 0.3393095 ],[8.310017 8.311025 8.311322 8.311014],[0.28663874 0.29886186 0.31123886 0.32331756]
DDK8,B,5e-08,6,True,False,TDD,vanilla,0,[0.08041528 0.15218091 0.2532262  0.37446675],[0.03253764 0.08115407 0.1452347  0.22314379],[13.183013 26.040743 46.886024 74.8048  ],[ 3.7822044 11.170409  24.935524  43.05715  ],[8.135346  8.069287  7.953657  7.7735186],[0.40418306 0.43134958 0.49245557 0.61642975],[8.200852 8.201836 8.201868 8.201473],[0.3916575  0.39977843 0.40850884 0.41598985]
DDK8,B,5e-08,9,True,False,TDD,vanilla,0,[0.09894345 0.21768366 0.37745273 0.5432724 ],[0.06399988 0.14550377 0.2504973  0.35613507],[ 16.844418  38.942986  74.6569   116.21561 ],[ 5.7017713 22.606886  49.177956  74.920906 ],[8.169919  8.064229  7.8620567 7.539873 ],[0.45990923 0.50557506 0.6133942  0.8654586 ],[8.251503 8.261046 8.269067 8.268887],[0.43901262 0.44828582 0.46303815 0.4847499 ]
DDK8,B,5e-08,12,True,False,TDD,vanilla,0,[0.13184817 0.3316597  0.5442209  0.6863289 ],[0.07329809 0.27766594 0.39648744 0.41763702],[ 20.152822  52.94324   97.58287  144.37048 ],[ 8.1798315 32.338223  60.41664   86.10423  ],[8.064088  7.8741717 7.517328  7.051859 ],[0.45107344 0.57731646 0.9332982  1.3837056 ],[8.1689005 8.177474  8.178661  8.1839   ],[0.42534223 0.456648   0.4968093  0.52424604]
DDK8,B,5e-08,15,True,False,TDD,vanilla,0,[0.17147602 0.4408204  0.67745394 0.83020407],[0.16396685 0.32173142 0.47041818 0.45800155],[ 27.710413  87.87968  147.14969  202.2777  ],[ 13.898791  59.475063  96.79438  122.135475],[8.166263  7.8012905 7.254005  6.660594 ],[0.5719588  0.80795306 1.2721468  1.5263307 ],[8.301512 8.301376 8.295099 8.286509],[0.5188588  0.5244441  0.5284308  0.55424315]
DDK8,B,5e-08,18,True,False,TDD,vanilla,0,[0.2610559  0.72811437 0.892923   1.0068295 ],[0.18404725 0.512545   0.43042323 0.38266408],[ 44.582664 140.08203  208.71478  259.63007 ],[ 32.33547   94.401215 128.04573  147.22629 ],[7.897092  7.0914626 6.4041643 5.8344593],[0.6232947 1.1968238 1.4623202 1.5926819],[8.143847 8.165355 8.19014  8.226463],[0.5570067  0.5532856  0.5880717  0.64253396]
DDK8,B,5e-08,21,True,False,TDD,vanilla,0,[0.30742535 0.7470181  0.964563   1.028313  ],[0.25351736 0.45474234 0.4553693  0.37429753],[ 53.483932 158.02852  216.9925   254.55008 ],[ 42.346714 109.314316 125.16243  126.53011 ],[7.807406  6.8336315 6.0938735 5.6615257],[0.7104492 1.3258638 1.6557367 1.5898249],[8.123272 8.136701 8.135805 8.15118 ],[0.5637358  0.5555875  0.58310056 0.62311333]
DDK8,B,5e-08,24,True,False,TDD,vanilla,0,[0.35782614 0.7540491  0.8911322  0.99129486],[0.37196898 0.6178298  0.48533493 0.32588205],[ 66.253876 167.96165  222.04277  264.73538 ],[ 67.88022 131.5044  134.26929 133.73457],[7.9121504 6.917762  6.324181  5.7982426],[0.73497397 1.516503   1.6218791  1.5262963 ],[8.270131 8.258452 8.255482 8.262504],[0.5118271  0.51376563 0.5234589  0.57083213]
DDK8,B,5e-08,27,True,False,TDD,vanilla,0,[0.4361572  0.83617747 0.9677429  1.021644  ],[0.3399047  0.46537876 0.4479459  0.31702176],[ 73.63714 172.21225 223.50726 254.2357 ],[ 67.42589 120.41141 128.57721 124.40962],[7.74478   6.638052  6.0789394 5.520399 ],[0.7135852 1.5725254 1.5599823 1.6108774],[8.164666 8.149782 8.144778 8.15001 ],[0.5907433 0.6523984 0.6741813 0.6614096]
DDK8,B,5e-08,33,True,False,TDD,vanilla,0,[0.8071202 1.1252099 1.2913797 1.3845766],[0.7215032  0.90157837 0.7139159  1.0014211 ],[146.86264 224.20299 291.0514  305.39307],[131.31094 156.2643  167.78482 147.89397],[7.340518  6.4762115 5.6388893 5.1727157],[1.1268343 1.4801732 1.7328043 1.6384119],[8.244222 8.21752  8.208188 8.190938],[0.59182024 0.6487663  0.6651303  0.6921988 ]
DDK8,B,5e-08,36,True,False,TDD,vanilla,0,[1.3154438 1.424346  1.6723366 1.6557094],[1.628423  1.0264964 0.9545658 1.4029794],[220.1495 276.6219 348.0399 349.9097],[178.294   143.15991 164.11403 158.4648 ],[6.8374786 5.8917346 5.519306  4.86893  ],[1.5315336 1.7587568 1.4184244 1.4439747],[8.266978 8.223077 8.203336 8.203679],[0.6390856  0.63954604 0.61311203 0.6540083 ]
DDK8,B,5e-08,42,True,False,TDD,vanilla,0,[1.3482188 1.4175454 1.6325146 1.6055874],[1.1167388  0.9163851  0.98119295 1.8898704 ],[245.27135 297.50467 382.13156 390.73746],[235.40042 177.18378 234.32982 428.4018 ],[6.606681  5.9190784 5.0094337 4.8504367],[1.5466546 1.3830899 1.419502  1.4621311],[8.1687   8.187472 8.230034 8.259732],[0.55716753 0.59658355 0.6257369  0.63968194]
DDK8,B,2e-07,3,True,False,TDD,vanilla,0,[0.06340624 0.08826491 0.12112412 0.16286552],[0.01604049 0.0272904  0.0455077  0.06833813],[14.738934 20.530516 28.306135 38.746986],[ 4.2170744  7.1486115 11.875871  18.63583  ],[8.061106  8.032993  7.9966545 7.9496613],[0.40705353 0.41399497 0.4239058  0.43818337],[8.140387 8.142667 8.144901 8.14683 ],[0.4020315  0.40776485 0.41400665 0.42071086]
DDK8,B,2e-07,6,True,False,TDD,vanilla,0,[0.08334794 0.13921474 0.22066979 0.31981027],[0.02302008 0.04806465 0.08917581 0.14045088],[19.723763 33.021503 53.174183 79.29246 ],[ 5.3952346 10.67569   20.860756  34.516666 ],[8.098949  8.031286  7.92385   7.7697015],[0.38533837 0.40729094 0.4487353  0.52228117],[8.200198 8.203735 8.207059 8.210534],[0.37354088 0.3805655  0.3896417  0.39972013]
DDK8,B,2e-07,9,True,False,TDD,vanilla,0,[0.09815979 0.19201879 0.3308529  0.48336732],[0.02502736 0.0694411  0.14364235 0.21851495],[ 23.686514  47.131058  84.16663  127.55256 ],[ 7.386812 22.300022 48.287384 76.25335 ],[8.096116  7.9733543 7.7569714 7.438147 ],[0.4135417  0.41780356 0.45375326 0.5802631 ],[8.216351 8.215251 8.214624 8.214304],[0.40763524 0.41026485 0.41645423 0.42503932]
DDK8,B,2e-07,12,True,False,TDD,vanilla,0,[0.13723148 0.3115254  0.5320824  0.6982679 ],[0.06181466 0.20682283 0.36689976 0.41438833],[ 28.746773  64.845955 113.586296 159.55928 ],[ 9.971255 35.362537 67.14508  89.41601 ],[7.9537215 7.69514   7.2306905 6.75087  ],[0.48918584 0.66977    1.1055233  1.3854766 ],[8.120098  8.1142645 8.112743  8.113856 ],[0.43833014 0.4555621  0.47286943 0.49387443]
DDK8,B,2e-07,15,True,False,TDD,vanilla,0,[0.15737996 0.39163026 0.58791834 0.73702025],[0.08013261 0.24770793 0.32627007 0.31349948],[ 34.965866  92.16313  149.74158  202.20049 ],[ 14.398947  54.18843   88.951805 107.49503 ],[8.005609  7.6382313 7.157586  6.61823  ],[0.5390339 0.742145  1.0539117 1.3313297],[8.197627 8.204034 8.217083 8.230654],[0.48526046 0.50316983 0.5246719  0.5439685 ]
DDK8,B,2e-07,18,True,False,TDD,vanilla,0,[0.1961971 0.4749057 0.6864202 0.8162796],[0.11726912 0.29375416 0.35622555 0.31235182],[ 41.94512  112.341866 170.7255   217.70467 ],[ 23.241156  76.818016 102.63379  112.73342 ],[7.931384  7.4173493 6.867966  6.3586674],[0.54891    0.92085934 1.2522659  1.4203693 ],[8.1638975 8.175692  8.188434  8.202102 ],[0.48944053 0.50745434 0.51854205 0.5220388 ]
DDK8,B,2e-07,21,True,False,TDD,vanilla,0,[0.266888  0.6516788 0.8292687 0.9500065],[0.16430195 0.3796587  0.36433193 0.30257142],[ 60.520096 160.39925  212.85275  252.59695 ],[ 32.66315  87.55748 103.70332 108.94579],[7.848594  6.9407444 6.1656837 5.5318694],[0.54774743 1.1140339  1.4440643  1.4490554 ],[8.188612 8.176667 8.144227 8.140654],[0.44568112 0.44044286 0.4572289  0.47989473]
DDK8,B,2e-07,24,True,False,TDD,vanilla,0,[0.31775016 0.6895329  0.8742848  0.9549277 ],[0.23672792 0.40963307 0.38052505 0.30508423],[ 68.583466 163.29144  222.1778   264.44104 ],[ 46.150524  91.873985 100.4227   113.131386],[7.7098827 6.774128  6.0773964 5.6749897],[0.7055861 1.3861082 1.5627108 1.4928365],[8.138821 8.121225 8.131564 8.179233],[0.5049219  0.5401905  0.55457497 0.5767097 ]
DDK8,B,2e-07,27,True,False,TDD,vanilla,0,[0.3589622 0.7189625 0.895558  1.0145215],[0.30562836 0.40737796 0.38715345 0.36888412],[ 81.2364  176.74602 229.76646 266.51968],[ 67.83574  106.658775 107.41143  106.19328 ],[7.698116  6.772751  6.0295258 5.4788623],[0.8310184 1.4148837 1.5865211 1.4940836],[8.195908 8.177614 8.161719 8.149493],[0.58492225 0.5956014  0.5773279  0.5629562 ]
DDK8,B,2e-07,33,True,False,TDD,vanilla,0,[0.6340377  0.89964956 1.075151   1.1268392 ],[0.54050076 0.48054352 0.42540342 0.3293391 ],[136.08209 221.17303 274.49966 297.10565],[105.16348  126.49177  122.340004 117.04874 ],[7.21948   6.1778874 5.4967284 5.0985036],[0.9807368 1.4506909 1.4753494 1.4088101],[8.113809 8.133947 8.133893 8.112729],[0.5259433  0.55339056 0.55033195 0.5765365 ]
DDK8,B,2e-07,36,True,False,TDD,vanilla,0,[0.62418056 0.96926796 1.1752133  1.2435386 ],[0.5880059  0.6783069  0.5672894  0.44950217],[139.60461 217.73515 274.73578 298.0636 ],[118.69348 120.37441 125.7771  114.55201],[7.201491 6.344917 5.502164 5.047737],[1.2027231 1.5357255 1.565112  1.3888928],[8.202237 8.165164 8.124358 8.063301],[0.48082286 0.5317794  0.5752137  0.61029977]
DDK8,B,2e-07,42,True,False,TDD,vanilla,0,[0.93322486 1.1759686  1.3131299  1.3286674 ],[0.82981217 0.57159525 0.55029523 0.52328783],[196.45625 289.1909  322.45245 328.5838 ],[165.50623 178.32378 160.56187 130.34712],[6.8219957 5.8397365 5.350832  4.845354 ],[1.3704796 1.4665921 1.3212887 1.1663578],[8.116588  8.1407385 8.108494  8.074529 ],[0.5461969 0.5206076 0.5220433 0.5106325]
DDK8,B,4e-07,3,True,False,TDD,vanilla,0,[0.09999308 0.12362116 0.15356347 0.19131765],[0.03287726 0.0394899  0.05210164 0.06898017],[25.640451 31.891579 39.961597 50.493877],[ 7.3262734  9.208212  12.932492  18.256088 ],[8.075239  8.044071  8.006887  7.9613357],[0.35784817 0.36631224 0.3775301  0.39225107],[8.20847  8.210395 8.212237 8.213969],[0.3344236  0.33968472 0.345037   0.3505006 ]
DDK8,B,4e-07,6,True,False,TDD,vanilla,0,[0.11795796 0.1637659  0.23200074 0.31760126],[0.03240303 0.04164868 0.06575435 0.1002327 ],[29.43742  41.601982 60.038795 84.13971 ],[ 8.74443  12.089255 20.062151 32.229424],[8.029898  7.962289  7.8577595 7.7135468],[0.33822012 0.35051653 0.3757357  0.42340568],[8.184885 8.185724 8.186444 8.187491],[0.3219428  0.32802498 0.33519444 0.34295762]
DDK8,B,4e-07,9,True,False,TDD,vanilla,0,[0.13489537 0.21214896 0.32629412 0.45398495],[0.04706078 0.08740952 0.1615102  0.24534096],[ 33.521988  52.834503  83.03184  118.120125],[11.815859 20.423445 39.793247 61.316578],[8.011035  7.8972564 7.696472  7.4034867],[0.36256    0.3785465  0.44990185 0.6315274 ],[8.193824  8.191843  8.1865635 8.178488 ],[0.33316842 0.33920407 0.35002944 0.36504003]
DDK8,B,4e-07,12,True,False,TDD,vanilla,0,[0.15419231 0.2648604  0.4169558  0.5540562 ],[0.04429989 0.10390497 0.19247992 0.24314101],[ 38.015064  66.50291  107.50621  149.6234  ],[11.300186 26.14795  52.131355 73.79338 ],[7.944746  7.7678685 7.4498487 7.060848 ],[0.36010435 0.42405796 0.6419315  0.901246  ],[8.155842 8.160818 8.163987 8.167347],[0.32843766 0.33568707 0.35014966 0.36756453]
DDK8,B,4e-07,15,True,False,TDD,vanilla,0,[0.19153188 0.3939176  0.57287097 0.718368  ],[0.07682284 0.21477628 0.3013668  0.31864825],[ 46.43546  97.80107 147.42479 191.38838],[17.538012 53.55707  77.52424  88.99408 ],[7.88743   7.5249286 7.055272  6.5306644],[0.47234303 0.68912977 1.036349   1.3183457 ],[8.153601 8.155079 8.152278 8.149134],[0.4101913  0.43171167 0.44939846 0.460384  ]
DDK8,B,4e-07,18,True,False,TDD,vanilla,0,[0.22652197 0.49728063 0.6925635  0.807305  ],[0.10491198 0.27772343 0.34363258 0.3019562 ],[ 53.078766 123.999344 180.72696  220.8471  ],[ 22.355526  74.15635   98.2565   101.72153 ],[7.8111935 7.2401433 6.618268  6.12955  ],[0.52954096 0.87949604 1.1771178  1.28729   ],[8.1320305 8.13783   8.141356  8.146609 ],[0.42991513 0.4332563  0.4316455  0.42852738]
DDK8,B,4e-07,21,True,False,TDD,vanilla,0,[0.23234618 0.51088977 0.69459105 0.8363659 ],[0.0995001  0.23920445 0.27348387 0.23647988],[ 57.47354 137.08788 192.82303 237.02802],[ 24.635998  78.524506 104.439705 116.41222 ],[7.8347473 7.2147436 6.58527   5.9162602],[0.4735393  0.81545866 1.079595   1.2070516 ],[8.166336 8.156872 8.151517 8.130608],[0.39600894 0.41945392 0.43816084 0.45606455]
DDK8,B,4e-07,24,True,False,TDD,vanilla,0,[0.2856302  0.5908261  0.76480955 0.8854281 ],[0.13974665 0.27935207 0.27467746 0.23026331],[ 71.305504 162.22867  221.18198  263.82718 ],[ 35.08826  89.07388 109.27704 107.56314],[7.783557  6.975344  6.2957153 5.740434 ],[0.51848847 1.074155   1.2807484  1.289785  ],[8.199759 8.205041 8.207555 8.21912 ],[0.404768   0.4265331  0.43737403 0.43781117]
DDK8,B,4e-07,27,True,False,TDD,vanilla,0,[0.35063916 0.66470575 0.83314323 0.92048216],[0.21776366 0.35173017 0.32094136 0.2581851 ],[ 85.31216 169.27713 219.66188 251.88351],[49.194424 86.31674  90.06973  85.98303 ],[7.610639  6.6972294 5.9670353 5.6233416],[0.61338496 1.1551458  1.346122   1.218833  ],[8.149215 8.11694  8.104062 8.116798],[0.3806188  0.3709262  0.37762547 0.39070326]
DDK8,B,4e-07,33,True,False,TDD,vanilla,0,[0.55738306 0.8079121  1.0174828  1.042285  ],[0.37764427 0.34511498 0.36614215 0.30138662],[145.91095 237.6624  300.01886 304.57098],[ 96.061424 132.9848   124.65701  102.811745],[7.3169484 6.391997  5.7117987 5.4213057],[0.9383171 1.2574024 1.2167954 1.2103906],[8.246285 8.265709 8.252912 8.226303],[0.46850497 0.45464966 0.43810764 0.45476887]
DDK8,B,4e-07,36,True,False,TDD,vanilla,0,[0.6500715  0.90140134 1.0987031  1.1212533 ],[0.45880973 0.39159736 0.5264101  0.36981818],[148.53276 225.37814 286.62503 311.66278],[106.93489 105.38991 111.25842  97.76517],[6.984081  5.9843526 5.3188515 5.0108094],[0.97712874 1.3182006  1.2907898  1.1335528 ],[8.057566 8.079075 8.129921 8.168677],[0.40291405 0.39826265 0.40041897 0.40959847]
DDK8,B,4e-07,42,True,False,TDD,vanilla,0,[0.9109626 1.0828507 1.2043022 1.1350783],[0.7956678  0.71152836 0.5103021  0.2636456 ],[210.16685 273.88745 318.78183 314.49786],[174.43498 150.20825 145.22284 106.35514],[6.713118  5.898862  5.3494415 5.140972 ],[1.298695   1.3659333  1.202821   0.98001844],[8.131211  8.1205845 8.131761  8.168282 ],[0.45830318 0.46788168 0.48357803 0.44281054]
DDK8,E,5e-08,3,True,False,TDD,vanilla,0,[0.02331658 0.03635158 0.05262223 0.07402872],[0.00757289 0.01460373 0.02417008 0.03727195],[ 6.83788  10.63733  15.391976 21.68797 ],[ 2.3649192  4.475792   7.3579884 11.341377 ],[8.244369 8.223649 8.201428 8.17851 ],[0.10664417 0.10802565 0.11080328 0.1146254 ],[8.275205 8.273342 8.271564 8.269935],[0.10735612 0.10797671 0.10877378 0.10978284]
DDK8,E,5e-08,6,True,False,TDD,vanilla,0,[0.02804433 0.04388816 0.06690753 0.09726555],[0.00793378 0.01439144 0.02465696 0.0397183 ],[ 8.187904 12.806409 19.555243 28.60521 ],[ 2.421802   4.2803664  7.220235  11.812293 ],[8.239447 8.217664 8.19017  8.157528],[0.11353721 0.11750124 0.12331498 0.13024555],[8.276046 8.276881 8.277935 8.278976],[0.11304259 0.11515557 0.11746033 0.11958142]
DDK8,E,5e-08,9,True,False,TDD,vanilla,0,[0.03236961 0.05286503 0.08410712 0.12490745],[0.00814051 0.0187015  0.03421989 0.05300276],[ 9.536218 15.668528 25.12677  37.422592],[ 2.4165316  5.7728915 10.849512  16.517546 ],[8.251767 8.224859 8.185378 8.135863],[0.13015288 0.13545658 0.1458844  0.16605836],[8.294175 8.29685  8.298473 8.298301],[0.12703064 0.12796013 0.1290341  0.13212258]
DDK8,E,5e-08,12,True,False,TDD,vanilla,0,[0.03506922 0.05988312 0.09423368 0.13527419],[0.00939455 0.02165826 0.03608558 0.05343468],[10.026156 17.125341 27.006598 38.884075],[ 2.6792598  6.1502104 10.369484  15.4670515],[8.199829 8.161853 8.110596 8.05546 ],[0.11150718 0.12234442 0.14005038 0.16453873],[8.245988  8.241977  8.236683  8.2317295],[0.10888108 0.11287002 0.11957742 0.12670901]
DDK8,E,5e-08,15,True,False,TDD,vanilla,0,[0.04055848 0.08031711 0.12785237 0.18980286],[0.0104724  0.03516308 0.05727227 0.08426495],[11.72126  23.344084 37.683746 56.31847 ],[ 3.1152215 10.492815  17.87605   26.121477 ],[8.208869 8.15269  8.083166 8.007452],[0.13919981 0.15394601 0.17289442 0.20283398],[8.262611  8.2612095 8.260151  8.261041 ],[0.13493809 0.13911162 0.14343643 0.14577541]
DDK8,E,5e-08,18,True,False,TDD,vanilla,0,[0.04434874 0.0896502  0.13437378 0.21061347],[0.0151367  0.04378698 0.06246201 0.09378444],[12.870155 26.452991 40.029263 63.15958 ],[ 4.3077807 13.467333  19.534874  29.907333 ],[8.223713 8.159292 8.099387 8.010691],[0.14134943 0.16037463 0.18450026 0.20154628],[8.281872 8.281912 8.279536 8.27891 ],[0.13541299 0.14105983 0.14464794 0.14809406]
DDK8,E,5e-08,21,True,False,TDD,vanilla,0,[0.05039787 0.10925242 0.15742706 0.23307897],[0.02194836 0.06452063 0.07987476 0.12131812],[14.979894 32.613308 47.181107 69.37538 ],[ 6.449092 19.100307 24.300966 35.042343],[8.243142 8.15673  8.087165 7.975737],[0.15330614 0.17788571 0.1979786  0.26366964],[8.307358 8.301056 8.291944 8.288347],[0.14678083 0.14288229 0.1493194  0.15211837]
DDK8,E,5e-08,24,True,False,TDD,vanilla,0,[0.05851556 0.11414416 0.16992697 0.25669786],[0.02684177 0.05466735 0.08618864 0.11778782],[17.280191 33.937336 50.269554 76.080956],[ 8.049782 16.520136 25.756226 35.31548 ],[8.210797 8.128785 8.056058 7.950055],[0.13994677 0.1642305  0.21139964 0.25262362],[8.2875   8.278505 8.268627 8.264957],[0.13044433 0.1344253  0.15097398 0.16351572]
DDK8,E,5e-08,27,True,False,TDD,vanilla,0,[0.05755171 0.11596179 0.1715731  0.261764  ],[0.02260665 0.07114708 0.08634558 0.13837588],[16.836828 34.787872 52.165295 79.619804],[ 6.409386 22.109875 27.372835 42.913525],[8.203525  8.127922  8.0707035 7.939111 ],[0.13958587 0.18060789 0.1981548  0.30517757],[8.279845  8.286421  8.2941885 8.295663 ],[0.12928064 0.14179233 0.13784619 0.14801458]
DDK8,E,5e-08,33,True,False,TDD,vanilla,0,[0.0857846  0.14407757 0.22028801 0.28550887],[0.05810522 0.10504312 0.12589374 0.14956824],[25.206545 42.693104 65.59126  85.01447 ],[17.337942 30.80437  36.645718 43.84233 ],[8.174767  8.098839  7.9962378 7.902418 ],[0.17217864 0.21426608 0.25060803 0.37081793],[8.287059 8.28844  8.283365 8.28227 ],[0.14250225 0.14087309 0.1485409  0.15866236]
DDK8,E,5e-08,36,True,False,TDD,vanilla,0,[0.08991888 0.14384858 0.22729129 0.30001414],[0.05893771 0.09219906 0.11689147 0.14729503],[26.602634 42.846016 68.38948  90.769745],[17.887774 28.04822  35.684254 44.56988 ],[8.161367 8.092729 8.002613 7.910675],[0.1973456  0.26327267 0.26002574 0.3028735 ],[8.281623 8.287588 8.29217  8.30194 ],[0.16172272 0.17149195 0.17695847 0.17350179]
DDK8,E,5e-08,42,True,False,TDD,vanilla,0,[0.09454819 0.15631552 0.23746334 0.30792496],[0.05473141 0.08014996 0.10764657 0.13832952],[27.835861 45.85963  70.4534   91.92581 ],[15.967614 22.63071  32.47319  43.065807],[8.162122 8.07471  7.96686  7.860592],[0.18049368 0.20953622 0.24306229 0.30589724],[8.2850485 8.277092  8.275991  8.2751875],[0.15040708 0.15980272 0.16346732 0.16856034]
DDK8,E,2e-07,3,True,False,TDD,vanilla,0,[0.03555785 0.04696121 0.06137033 0.08082399],[0.01175113 0.01791983 0.02747243 0.04078449],[10.640064 14.042115 18.341791 24.145018],[ 3.5118737  5.3392634  8.174874  12.137236 ],[8.244861 8.228139 8.209899 8.190409],[0.04415139 0.05089062 0.0606055  0.0721218 ],[8.280581 8.280627 8.280685 8.280739],[0.0395242  0.04055545 0.04168786 0.04291362]
DDK8,E,2e-07,6,True,False,TDD,vanilla,0,[0.03970341 0.05459999 0.07685164 0.10643649],[0.01148498 0.01599295 0.0245434  0.03689565],[11.940102 16.415585 23.119072 32.022804],[ 3.4618247  4.819895   7.478213  11.2684145],[8.250159 8.228907 8.201292 8.168729],[0.04623937 0.05310094 0.06262144 0.07508295],[8.293882 8.294106 8.294251 8.294382],[0.04388142 0.04748659 0.05115881 0.05493952]
DDK8,E,2e-07,9,True,False,TDD,vanilla,0,[0.04393341 0.06228412 0.08848934 0.12040962],[0.01415758 0.01923968 0.02713471 0.03751918],[13.244307 18.780916 26.679424 36.344185],[ 4.261245  5.799209  8.199811 11.358154],[8.244693 8.218779 8.185023 8.149164],[0.06453496 0.07386474 0.08540899 0.10062053],[8.294298 8.295323 8.296029 8.296503],[0.05927263 0.06526424 0.07138937 0.07772422]
DDK8,E,2e-07,12,True,False,TDD,vanilla,0,[0.04557162 0.0670144  0.09741524 0.13446274],[0.01287173 0.02168614 0.03686986 0.05331955],[13.684262 20.134153 29.272234 40.45066 ],[ 3.7552104  6.440625  11.040616  16.073395 ],[8.241299  8.2123575 8.171138  8.127151 ],[0.07494191 0.08694103 0.10688136 0.12946483],[8.292669 8.293591 8.29417  8.294293],[0.06883647 0.07497934 0.08134437 0.08748709]
DDK8,E,2e-07,15,True,False,TDD,vanilla,0,[0.05459376 0.09167081 0.12457953 0.17122103],[0.01641821 0.04759899 0.05879797 0.08066125],[16.34104  27.48998  37.330063 51.368385],[ 5.021804 14.558357 17.805658 24.449007],[8.218663 8.170251 8.123155 8.07492 ],[0.07114156 0.09074161 0.10968588 0.14155212],[8.278367 8.277282 8.276983 8.276869],[0.06547173 0.07076035 0.07667465 0.08393777]
DDK8,E,2e-07,18,True,False,TDD,vanilla,0,[0.05404138 0.09625673 0.1290708  0.19733517],[0.01691044 0.04800816 0.06005473 0.11703187],[16.03973  28.51443  38.237946 58.463776],[ 4.9124875 14.017366  17.456789  34.05672  ],[8.211917 8.153684 8.120693 8.047147],[0.08844682 0.12018494 0.12860094 0.18285339],[8.273221 8.273726 8.274927 8.276924],[0.07880081 0.08553309 0.09271665 0.09996614]
DDK8,E,2e-07,21,True,False,TDD,vanilla,0,[0.05960161 0.09989008 0.1351915  0.19290467],[0.02658909 0.0373785  0.04237088 0.06769278],[17.801783 29.905005 40.530827 57.997696],[ 7.7592974 11.186576  12.778651  20.905048 ],[8.224715 8.170224 8.128632 8.060604],[0.09756939 0.11705501 0.13228299 0.15079714],[8.2915325 8.292838  8.293352  8.293094 ],[0.09075397 0.09886748 0.10661584 0.11423081]
DDK8,E,2e-07,24,True,False,TDD,vanilla,0,[0.06543479 0.10771891 0.14579022 0.20993915],[0.02511884 0.04465477 0.05598575 0.10325629],[19.541267 31.968567 43.21499  62.565308],[ 7.5635777 13.162264  16.938854  33.00225  ],[8.20747  8.144492 8.095262 8.002431],[0.10696928 0.13038136 0.14619955 0.19491822],[8.283634 8.277485 8.2726   8.268844],[0.0970543  0.10391299 0.1116889  0.11914234]
DDK8,E,2e-07,27,True,False,TDD,vanilla,0,[0.06589991 0.11382296 0.14999701 0.2311791 ],[0.02366807 0.06529573 0.05808176 0.13768505],[19.691706 34.20324  45.285328 69.83659 ],[ 6.824105 19.312878 17.447638 41.165455],[8.20865  8.150345 8.118573 8.004292],[0.10762181 0.14508778 0.14081329 0.3424945 ],[8.285105 8.289517 8.293083 8.295244],[0.09349079 0.10003035 0.1076677  0.11564252]
DDK8,E,2e-07,33,True,False,TDD,vanilla,0,[0.07968655 0.11382835 0.16471004 0.2041951 ],[0.03350662 0.06285492 0.06582879 0.09291915],[23.97132  34.491993 50.21587  62.62166 ],[10.110078 18.935709 20.017466 29.213028],[8.197812 8.15928  8.104587 8.056899],[0.12401839 0.15824912 0.16302395 0.20798275],[8.293463 8.300457 8.306935 8.31096 ],[0.1121941  0.1177948  0.12364822 0.1286118 ]
DDK8,E,2e-07,36,True,False,TDD,vanilla,0,[0.07895972 0.12137184 0.17496468 0.24236378],[0.0326448  0.05662942 0.06949462 0.11305548],[23.114012 35.373734 51.077618 71.11535 ],[ 9.278308 15.616087 19.467636 32.507744],[8.16788   8.110144  8.044284  7.9568458],[0.1185488  0.14980827 0.17778508 0.24228293],[8.260142  8.257455  8.2576065 8.260585 ],[0.10467414 0.11562987 0.12960932 0.14268412]
DDK8,E,2e-07,42,True,False,TDD,vanilla,0,[0.08830182 0.14339179 0.19630958 0.25426212],[0.03280202 0.0648114  0.07337102 0.11392839],[26.454103 42.823612 58.863106 76.485176],[10.052547 19.779133 23.481167 37.33729 ],[8.182995  8.112155  8.045317  7.9624896],[0.11568533 0.1479057  0.16090433 0.23196575],[8.285831 8.281849 8.27859  8.276519],[0.10005278 0.10973753 0.12256967 0.13150124]
DDK8,E,4e-07,3,True,False,TDD,vanilla,0,[0.03979696 0.05140293 0.06613158 0.08556335],[0.0136583  0.01971555 0.02932826 0.04256844],[11.917363 15.385916 19.790937 25.602045],[ 4.0951223  5.9050345  8.777732  12.734363 ],[8.246858 8.22933  8.209933 8.189834],[0.03580287 0.04351471 0.05439095 0.0666433 ],[8.288958 8.288684 8.288403 8.288102],[0.02915174 0.03073189 0.03247377 0.03435929]
DDK8,E,4e-07,6,True,False,TDD,vanilla,0,[0.0485522  0.0646461  0.08748984 0.11702828],[0.01283121 0.0169238  0.02490479 0.03624921],[14.521576 19.323498 26.143814 34.98583 ],[ 3.9193985  5.1391845  7.525594  10.996746 ],[8.231973  8.208399  8.178792  8.1447935],[0.04374267 0.05125932 0.0620664  0.07352771],[8.284499 8.284238 8.283938 8.283622],[0.03912413 0.0432141  0.04740655 0.05164111]
DDK8,E,4e-07,9,True,False,TDD,vanilla,0,[0.05397427 0.07188851 0.09752965 0.12824905],[0.01361537 0.01876462 0.02691639 0.03806057],[16.142843 21.493858 29.164558 38.374283],[ 4.172019  5.709104  8.267733 11.781581],[8.222134 8.194857 8.160092 8.124139],[0.05487373 0.06364781 0.07418521 0.08761293],[8.280015 8.279101 8.278396 8.278026],[0.05211917 0.05833429 0.06446901 0.0706116 ]
DDK8,E,4e-07,12,True,False,TDD,vanilla,0,[0.05701038 0.07899824 0.10719149 0.14292775],[0.01659224 0.0264829  0.03155919 0.04805349],[17.098879 23.691938 32.23104  43.065224],[ 5.0414686  7.9295344  9.583252  14.71947  ],[8.224201  8.1944895 8.158133  8.118477 ],[0.07090229 0.08576841 0.09661787 0.11168601],[8.285689 8.28714  8.288548 8.289801],[0.06437866 0.07084928 0.07688569 0.08259344]
DDK8,E,4e-07,15,True,False,TDD,vanilla,0,[0.05887987 0.08923399 0.11876657 0.16443759],[0.01414522 0.03148102 0.03620898 0.06856082],[17.63395  26.740202 35.683456 49.608364],[ 4.133267  9.228106 10.721036 21.117659],[8.22293  8.181892 8.147999 8.1024  ],[0.08110993 0.10031256 0.11055422 0.12597431],[8.288774 8.291263 8.293829 8.296032],[0.07523514 0.08273138 0.09050899 0.09828036]
DDK8,E,4e-07,18,True,False,TDD,vanilla,0,[0.06267452 0.10265367 0.12983494 0.18546171],[0.01925535 0.05078006 0.05541697 0.09870421],[18.653713 30.532011 38.53148  55.146446],[ 5.8348303 15.279615  16.704342  29.996964 ],[8.21134  8.159299 8.12399  8.069201],[0.0759851  0.09537681 0.1091189  0.12806451],[8.27856  8.276338 8.274124 8.272226],[0.06968126 0.07664183 0.08386724 0.09061535]
DDK8,E,4e-07,21,True,False,TDD,vanilla,0,[0.07063483 0.10804524 0.14085725 0.2021662 ],[0.02149476 0.04328933 0.05514549 0.09863749],[21.029827 32.09431  41.78225  59.924973],[ 6.346143 12.533378 15.985155 28.293015],[8.199025 8.146407 8.109393 8.037679],[0.1012281  0.13064829 0.14085811 0.18261953],[8.276323 8.276242 8.275361 8.274577],[0.09324113 0.10310401 0.11220799 0.12068646]
DDK8,E,4e-07,24,True,False,TDD,vanilla,0,[0.0731573  0.10657887 0.14118333 0.19239487],[0.02557644 0.0389639  0.0451687  0.08115598],[21.87439  32.062183 42.848557 58.78337 ],[ 7.169424 11.290442 13.822435 25.375578],[8.206856 8.16713  8.131432 8.076937],[0.10803906 0.12577902 0.13125035 0.16016896],[8.286703 8.293116 8.298703 8.30418 ],[0.09379449 0.09931406 0.10363212 0.10734849]
DDK8,E,4e-07,27,True,False,TDD,vanilla,0,[0.07578012 0.11109243 0.14398369 0.20065443],[0.02496223 0.05420031 0.05541907 0.10366415],[22.429338 32.970585 43.067703 60.597015],[ 7.133703 15.587953 16.190954 32.74672 ],[8.192868 8.152362 8.121441 8.046698],[0.10298719 0.11990696 0.12664987 0.18349876],[8.276787 8.280539 8.284522 8.288042],[0.08973086 0.09296609 0.09940286 0.10667291]
DDK8,E,4e-07,33,True,False,TDD,vanilla,0,[0.08546398 0.11834586 0.16383669 0.20624739],[0.03268929 0.05453356 0.06773654 0.09545296],[25.350449 35.221832 48.623722 61.463978],[ 9.340848 16.564405 19.593872 28.875143],[8.180558 8.134875 8.080163 8.029866],[0.12609577 0.1361133  0.15195741 0.18177548],[8.277195 8.275805 8.276591 8.27708 ],[0.10656009 0.10650315 0.10475279 0.10291509]
DDK8,E,4e-07,36,True,False,TDD,vanilla,0,[0.08818723 0.11377705 0.15354627 0.2141634 ],[0.03778451 0.04485795 0.04603918 0.13089904],[26.476118 34.096275 45.82412  63.957253],[11.518286 13.305867 13.682094 39.910904],[8.19268   8.1540365 8.096387  8.038634 ],[0.13029967 0.14483216 0.16038363 0.17653744],[8.287193 8.285667 8.282404 8.278148],[0.11921629 0.12636288 0.12809068 0.12669323]
DDK8,E,4e-07,42,True,False,TDD,vanilla,0,[0.08826737 0.12916547 0.17404379 0.22350937],[0.03155635 0.05790043 0.07591994 0.10015643],[26.35042  38.52332  51.915924 66.936935],[ 9.315284 17.312466 23.095175 32.148575],[8.183385 8.129984 8.07746  8.008241],[0.11880188 0.14411582 0.15930815 0.18724893],[8.284267 8.282584 8.279294 8.275064],[0.1008014  0.10741474 0.11493791 0.12366353]
DDK8,B,5e-08,3,True,False,TDD,vanilla,5,[0.02834308 0.04552067 0.07340723 0.11311074],[0.00919357 0.01801899 0.04056334 0.06524313],[ 5.644976  8.77629  14.152005 22.835608],[ 1.4244772  2.9329066  6.6174464 13.114088 ],[8.28618  8.273369 8.252726 8.220584],[0.2886882  0.301615   0.3149363  0.32866216],[8.310017 8.311025 8.311322 8.311014],[0.28663874 0.29886186 0.31123886 0.32331756]
DDK8,B,5e-08,6,True,False,TDD,vanilla,5,[0.0407887  0.08939593 0.17105381 0.28195202],[0.01677335 0.05850993 0.12916127 0.21227682],[ 7.0890484 15.488852  32.19307   56.863    ],[ 2.2004008  8.438329  21.9912    40.36811  ],[8.168108  8.129081  8.045306  7.8996596],[0.39933756 0.4214382  0.47399086 0.5866464 ],[8.200852 8.201836 8.201868 8.201473],[0.3916575  0.39977843 0.40850884 0.41598985]
DDK8,B,5e-08,9,True,False,TDD,vanilla,5,[0.05510027 0.14349471 0.28229663 0.44143474],[0.03428718 0.11829945 0.22311012 0.32478994],[ 9.789187 26.522371 57.61325  96.49686 ],[ 4.419485 20.689344 47.907063 74.799034],[8.207416  8.135746  7.976214  7.6989956],[0.4506259  0.48822927 0.5837458  0.8315066 ],[8.251503 8.261046 8.269067 8.268887],[0.43901262 0.44828582 0.46303815 0.4847499 ]
DDK8,B,5e-08,12,True,False,TDD,vanilla,5,[0.08028583 0.24018067 0.43347064 0.58532643],[0.0510973  0.21233103 0.3314842  0.3776239 ],[ 12.541737  39.9614    81.20921  127.6288  ],[ 6.811214 30.370926 59.31855  87.296364],[8.107511  7.9624743 7.6627955 7.222927 ],[0.44063097 0.5439217  0.8403989  1.3242451 ],[8.1689005 8.177474  8.178661  8.1839   ],[0.42534223 0.456648   0.4968093  0.52424604]
DDK8,B,5e-08,15,True,False,TDD,vanilla,5,[0.11706137 0.36232322 0.59413177 0.74576414],[0.11402217 0.28450635 0.44132078 0.42000282],[ 19.425674  75.126495 133.0813   188.25795 ],[ 12.749463  59.288795  96.695724 123.38494 ],[8.211707  7.8891597 7.388998  6.8458595],[0.5600637  0.78383905 1.2292719  1.4771472 ],[8.301512 8.301376 8.295099 8.286509],[0.5188588  0.5244441  0.5284308  0.55424315]
DDK8,B,5e-08,18,True,False,TDD,vanilla,5,[0.19943933 0.64648163 0.81944716 0.9407325 ],[0.16741088 0.47973618 0.4374547  0.3695742 ],[ 35.178978 127.88736  196.58853  249.1923  ],[ 30.87693  94.12338 128.49481 150.30229],[7.962252  7.228053  6.554463  5.9851723],[0.59973705 1.1371733  1.4554021  1.6574526 ],[8.143847 8.165355 8.19014  8.226463],[0.5570067  0.5532856  0.5880717  0.64253396]
DDK8,B,5e-08,21,True,False,TDD,vanilla,5,[0.24786398 0.6719985  0.8896037  0.97727424],[0.23307548 0.43630984 0.44181377 0.37045088],[ 45.009544 147.78757  206.71832  246.52303 ],[ 41.89663 111.35239 128.84753 130.31194],[7.8712807 6.9673433 6.25747   5.854653 ],[0.68314093 1.2835106  1.6521283  1.5818201 ],[8.123272 8.136701 8.135805 8.15118 ],[0.5637358  0.5555875  0.58310056 0.62311333]
DDK8,B,5e-08,24,True,False,TDD,vanilla,5,[0.30383033 0.68483996 0.82978636 0.9388461 ],[0.3550044  0.588841   0.4829282  0.31750995],[ 57.53777 158.4149  212.84708 256.18445],[ 67.29199 132.59251 136.71432 135.88045],[7.9684834 7.001072  6.4427824 5.8962307],[0.7060948 1.5262219 1.6184946 1.6121118],[8.270131 8.258452 8.255482 8.262504],[0.5118271  0.51376563 0.5234589  0.57083213]
DDK8,B,5e-08,27,True,False,TDD,vanilla,5,[0.35982868 0.75133014 0.88573676 0.9656967 ],[0.31998983 0.43998456 0.4166001  0.34354433],[ 63.60122 162.48206 213.69153 245.93333],[ 66.806206 123.39228  131.23889  126.07686 ],[7.8108506 6.741815  6.2022686 5.6872907],[0.69522774 1.5649383  1.6010602  1.6562085 ],[8.164666 8.149782 8.144778 8.15001 ],[0.5907433 0.6523984 0.6741813 0.6614096]
DDK8,B,5e-08,33,True,False,TDD,vanilla,5,[0.7346914 1.0629294 1.2433378 1.332731 ],[0.68635815 0.8678801  0.75411254 0.9696901 ],[138.08199 217.82133 286.65405 299.30197],[132.62251 158.98563 172.75981 150.27454],[7.396262  6.5296235 5.7684283 5.2841997],[1.1171408 1.5244094 1.6773729 1.6984864],[8.244222 8.21752  8.208188 8.190938],[0.59182024 0.6487663  0.6651303  0.6921988 ]
DDK8,B,5e-08,36,True,False,TDD,vanilla,5,[1.2106537 1.3653042 1.6363522 1.606769 ],[1.3570117  0.98585147 0.96078753 1.3357682 ],[211.25267 270.06354 340.41043 345.17383],[177.62512 143.81702 161.8492  159.3586 ],[6.8969417 5.9236646 5.5979195 4.940685 ],[1.519018  1.8019495 1.433251  1.4796973],[8.266978 8.223077 8.203336 8.203679],[0.6390856  0.63954604 0.61311203 0.6540083 ]
DDK8,B,5e-08,42,True,False,TDD,vanilla,5,[1.2712941 1.3539174 1.6051092 1.8004913],[1.0810778  0.82787925 1.0015378  4.2258406 ],[237.38652 292.02728 379.33765 420.63782],[236.85635 177.8691  239.61662 749.2111 ],[6.668827 5.981245 5.113046 4.938791],[1.5614558 1.371212  1.3794649 1.5110401],[8.1687   8.187472 8.230034 8.259732],[0.55716753 0.59658355 0.6257369  0.63968194]
DDK8,B,2e-07,3,True,False,TDD,vanilla,5,[0.04066765 0.05435133 0.07537558 0.10692161],[0.0112092  0.0172181  0.02948819 0.04941753],[ 9.447348 12.449604 17.288282 24.862251],[ 2.4610724  3.7813878  6.885501  12.372773 ],[8.091383  8.0789175 8.059914  8.029672 ],[0.40707985 0.41380033 0.42227572 0.43420798],[8.140387 8.142667 8.144901 8.14683 ],[0.4020315  0.40776485 0.41400665 0.42071086]
DDK8,B,2e-07,6,True,False,TDD,vanilla,5,[0.05167307 0.08747492 0.15108116 0.24108152],[0.01628939 0.03653003 0.0764899  0.13494827],[12.287406 20.636757 36.08124  58.878086],[ 3.28419    7.3208284 16.783955  30.651312 ],[8.141616  8.105576  8.034642  7.9157324],[0.38195956 0.39855343 0.43243426 0.49826768],[8.200198 8.203735 8.207059 8.210534],[0.37354088 0.3805655  0.3896417  0.39972013]
DDK8,B,2e-07,9,True,False,TDD,vanilla,5,[0.06226011 0.12826438 0.24741623 0.39354163],[0.01601282 0.05196983 0.12530905 0.20331292],[ 15.138294  32.084705  64.10363  105.27936 ],[ 4.8796964 17.269205  42.27597   71.401436 ],[8.144605  8.06617   7.9032216 7.639404 ],[0.41121724 0.4116827  0.4331804  0.5358601 ],[8.216351 8.215251 8.214624 8.214304],[0.40763524 0.41026485 0.41645423 0.42503932]
DDK8,B,2e-07,12,True,False,TDD,vanilla,5,[0.09258589 0.23457943 0.437583   0.60500926],[0.04749657 0.18210198 0.3407989  0.3971849 ],[ 19.487926  49.102943  94.43313  139.70279 ],[ 7.693807 32.001118 64.740204 87.92989 ],[8.012671  7.809971  7.4100885 6.966258 ],[0.47471565 0.6303728  1.0234488  1.34223   ],[8.120098  8.1142645 8.112743  8.113856 ],[0.43833014 0.4555621  0.47286943 0.49387443]
DDK8,B,2e-07,15,True,False,TDD,vanilla,5,[0.11040411 0.31972575 0.50555223 0.6617305 ],[0.06500255 0.23332861 0.30908635 0.3091382 ],[ 24.691395  76.011696 131.99416  185.13663 ],[ 12.306056  51.92112   87.73552  107.91578 ],[8.068733  7.7647486 7.342328  6.8410015],[0.5232632 0.7128841 1.0247544 1.325283 ],[8.197627 8.204034 8.217083 8.230654],[0.48526046 0.50316983 0.5246719  0.5439685 ]
DDK8,B,2e-07,18,True,False,TDD,vanilla,5,[0.14484766 0.40145606 0.603715   0.74024224],[0.10184203 0.2885348  0.3505255  0.31722593],[ 31.19695  96.6342  153.03143 201.47357],[ 21.663492  76.39182  103.15149  115.22497 ],[8.003474  7.5526915 7.055551  6.5924315],[0.53050596 0.90582454 1.2422482  1.393206  ],[8.1638975 8.175692  8.188434  8.202102 ],[0.48944053 0.50745434 0.51854205 0.5220388 ]
DDK8,B,2e-07,21,True,False,TDD,vanilla,5,[0.21642064 0.5908212  0.77285147 0.8987195 ],[0.15745182 0.3723646  0.36317304 0.3028077 ],[ 49.172672 148.56122  202.10945  242.58682 ],[ 31.607452  89.91247  106.54629  111.1823  ],[7.9260454 7.079108  6.3223424 5.735256 ],[0.5300948 1.0863596 1.4500406 1.4593879],[8.188612 8.176667 8.144227 8.140654],[0.44568112 0.44044286 0.4572289  0.47989473]
DDK8,B,2e-07,24,True,False,TDD,vanilla,5,[0.25750569 0.62656873 0.8151826  0.9066712 ],[0.21228698 0.3915756  0.38120824 0.30219933],[ 56.639904 151.2883   210.13269  254.40019 ],[ 45.203957  93.087616 102.76025  115.09879 ],[7.794018 6.88509  6.25383  5.817381],[0.68004954 1.409715   1.5510744  1.5492691 ],[8.138821 8.121225 8.131564 8.179233],[0.5049219  0.5401905  0.55457497 0.5767097 ]
DDK8,B,2e-07,27,True,False,TDD,vanilla,5,[0.30192786 0.650537   0.8283055  0.9555996 ],[0.30197278 0.4006715  0.36798602 0.3373198 ],[ 69.016045 162.86041  216.03416  254.98228 ],[ 68.07117  109.668205 109.899414 107.31098 ],[7.7855883 6.9234133 6.20674   5.726009 ],[0.81132436 1.3936056  1.6163509  1.504036  ],[8.195908 8.177614 8.161719 8.149493],[0.58492225 0.5956014  0.5773279  0.5629562 ]
DDK8,B,2e-07,33,True,False,TDD,vanilla,5,[0.57512015 0.85064155 1.0401067  1.0846477 ],[0.52925247 0.46634018 0.428303   0.3150411 ],[124.837006 211.54181  268.0349   290.28482 ],[105.41587 126.07803 125.3402  118.2487 ],[7.298166  6.2908196 5.605098  5.262595 ],[0.9840834 1.4349269 1.4924464 1.4391019],[8.113809 8.133947 8.133893 8.112729],[0.5259433  0.55339056 0.55033195 0.5765365 ]
DDK8,B,2e-07,36,True,False,TDD,vanilla,5,[0.56671286 0.9074568  1.1185076  1.1984082 ],[0.5685323  0.6816125  0.58271325 0.45894733],[127.999954 205.68562  265.3834   290.03156 ],[120.17844 122.61115 132.53362 117.64071],[7.2777724 6.460464  5.6523356 5.211433 ],[1.205582  1.5757129 1.5805511 1.3708395],[8.202237 8.165164 8.124358 8.063301],[0.48082286 0.5317794  0.5752137  0.61029977]
DDK8,B,2e-07,42,True,False,TDD,vanilla,5,[0.9017323 1.1287494 1.2674286 1.2785355],[0.91994023 0.57312    0.5542591  0.5047752 ],[191.75853 280.0506  315.09775 320.0225 ],[195.2653  175.76047 162.7718  129.11127],[6.901781  5.9395885 5.444702  4.9713426],[1.3602414 1.4585434 1.3349442 1.1984313],[8.116588  8.1407385 8.108494  8.074529 ],[0.5461969 0.5206076 0.5220433 0.5106325]
DDK8,B,4e-07,3,True,False,TDD,vanilla,5,[0.07889429 0.09101842 0.10953146 0.1372217 ],[0.03029314 0.03304015 0.0388204  0.05021517],[20.147268 23.276733 28.212214 35.80783 ],[ 6.6704845  7.3040066  8.962146  12.545613 ],[8.108407 8.095583 8.077709 8.050805],[0.35586002 0.36275518 0.370891   0.3814626 ],[8.20847  8.210395 8.212237 8.213969],[0.3344236  0.33968472 0.345037   0.3505006 ]
DDK8,B,4e-07,6,True,False,TDD,vanilla,5,[0.09108826 0.11888252 0.16866127 0.24146298],[0.03057622 0.0372271  0.05950123 0.0956189 ],[22.6788   30.030884 43.49404  63.64907 ],[ 8.130735 10.431426 17.460041 29.25868 ],[8.071814  8.036542  7.9712386 7.8661804],[0.33577454 0.3446103  0.3634094  0.40148142],[8.184885 8.185724 8.186444 8.187491],[0.3219428  0.32802498 0.33519444 0.34295762]
DDK8,B,4e-07,9,True,False,TDD,vanilla,5,[0.10378617 0.15826236 0.25268695 0.37013686],[0.04413506 0.07047088 0.13590047 0.21670347],[25.583155 39.406525 64.55887  97.00819 ],[11.171526 17.543072 35.26513  56.97379 ],[8.061011  7.9876323 7.8372664 7.598681 ],[0.35794526 0.36647394 0.4178578  0.56558084],[8.193824  8.191843  8.1865635 8.178488 ],[0.33316842 0.33920407 0.35002944 0.36504003]
DDK8,B,4e-07,12,True,False,TDD,vanilla,5,[0.12229091 0.20936184 0.3463603  0.48216256],[0.04101594 0.09315342 0.18216936 0.24060094],[ 30.036665  52.60167   89.75233  130.77046 ],[10.683988 23.793839 50.44589  73.829895],[7.999616  7.8720703 7.6084576 7.263887 ],[0.35273343 0.40360385 0.6016836  0.8491708 ],[8.155842 8.160818 8.163987 8.167347],[0.32843766 0.33568707 0.35014966 0.36756453]
DDK8,B,4e-07,15,True,False,TDD,vanilla,5,[0.15363747 0.33230495 0.5033226  0.6515617 ],[0.06886613 0.19827022 0.28888372 0.3126977 ],[ 37.15681  82.9888  130.0188  174.77185],[15.804028 50.86787  75.810555 89.37404 ],[7.9510827 7.649152  7.228557  6.7417564],[0.46135437 0.6512646  1.0097879  1.2916864 ],[8.153601 8.155079 8.152278 8.149134],[0.4101913  0.43171167 0.44939846 0.460384  ]
DDK8,B,4e-07,18,True,False,TDD,vanilla,5,[0.18481348 0.43337032 0.6216798  0.7422859 ],[0.09299014 0.25797608 0.32633469 0.29585198],[ 43.4462   109.312965 164.19698  205.15317 ],[ 21.157608  72.795944  98.696724 103.82981 ],[7.884044  7.3820715 6.8141737 6.3624578],[0.5050315 0.8384982 1.1375316 1.263683 ],[8.1320305 8.13783   8.141356  8.146609 ],[0.42991513 0.4332563  0.4316455  0.42852738]
DDK8,B,4e-07,21,True,False,TDD,vanilla,5,[0.19123001 0.4554454  0.6375029  0.7797907 ],[0.09355778 0.23984045 0.27835777 0.2458685 ],[ 47.60316 124.58039 179.71986 223.70815],[ 24.019783  81.83145  107.43621  119.730705],[7.9050903 7.3599925 6.768484  6.188187 ],[0.4600013  0.76152474 1.0559958  1.1898183 ],[8.166336 8.156872 8.151517 8.130608],[0.39600894 0.41945392 0.43816084 0.45606455]
DDK8,B,4e-07,24,True,False,TDD,vanilla,5,[0.24255125 0.5432055  0.7175038  0.84307134],[0.13431606 0.28265718 0.28235817 0.23564088],[ 60.875477 150.80676  209.92068  253.33727 ],[ 34.158733  89.68061  110.58698  108.9872  ],[7.862412  7.109957  6.4770784 5.979174 ],[0.49888253 1.0511845  1.2665868  1.2541951 ],[8.199759 8.205041 8.207555 8.21912 ],[0.404768   0.4265331  0.43737403 0.43781117]
DDK8,B,4e-07,27,True,False,TDD,vanilla,5,[0.297924   0.61341304 0.78184515 0.8822002 ],[0.1944289  0.3396371  0.31309032 0.24926703],[ 73.34986 158.14523 208.28767 243.09836],[46.78412  87.0661   90.681114 85.617096],[7.703306 6.817948 6.142477 5.794593],[0.58268785 1.1475391  1.3445079  1.2437124 ],[8.149215 8.11694  8.104062 8.116798],[0.3806188  0.3709262  0.37762547 0.39070326]
DDK8,B,4e-07,33,True,False,TDD,vanilla,5,[0.51481855 0.77276695 0.9942129  1.015877  ],[0.37471172 0.34729248 0.38566172 0.30801892],[134.65822 228.60812 293.6452  297.3118 ],[ 95.871864 134.50594  129.25385  102.84388 ],[7.3936243 6.4853935 5.80511   5.558053 ],[0.9340526 1.2685404 1.2332618 1.2274154],[8.246285 8.265709 8.252912 8.226303],[0.46850497 0.45464966 0.43810764 0.45476887]
DDK8,B,4e-07,36,True,False,TDD,vanilla,5,[0.59598845 0.85988945 1.0598656  1.0908554 ],[0.4509045  0.38889533 0.5270097  0.3672485 ],[137.51639 216.80313 279.3971  304.86923],[106.96582  107.10939  115.009514  98.80472 ],[7.0678835 6.0932374 5.4691467 5.159051 ],[0.9828169 1.3317727 1.2926835 1.1536682],[8.057566 8.079075 8.129921 8.168677],[0.40291405 0.39826265 0.40041897 0.40959847]
DDK8,B,4e-07,42,True,False,TDD,vanilla,5,[0.87319595 1.0541784  1.1775988  1.115439  ],[0.8158282  0.732443   0.5409351  0.26652354],[202.30128 267.89346 314.2017  310.86108],[184.55447 152.76979 153.97397 108.41434],[6.765331 5.975954 5.484505 5.266625],[1.3263172 1.3897934 1.1888398 1.0216085],[8.131211  8.1205845 8.131761  8.168282 ],[0.45830318 0.46788168 0.48357803 0.44281054]
DDK8,E,5e-08,3,True,False,TDD,vanilla,5,[0.01040428 0.01532361 0.02200825 0.03230863],[0.00279459 0.00494383 0.00876273 0.01525618],[3.0482602 4.4750443 6.4121675 9.42756  ],[0.8827386 1.5281366 2.6491568 4.58349  ],[8.262967 8.253892 8.244417 8.23414 ],[0.107156   0.10767631 0.1085038  0.10985906],[8.275205 8.273342 8.271564 8.269935],[0.10735612 0.10797671 0.10877378 0.10978284]
DDK8,E,5e-08,6,True,False,TDD,vanilla,5,[0.01247079 0.01960912 0.03132112 0.04908748],[0.00332549 0.00700893 0.0147518  0.02755916],[ 3.6379068  5.6955624  9.1057005 14.411778 ],[0.97649354 1.9691664  4.1291275  7.971332  ],[8.261519 8.252729 8.240944 8.225519],[0.11325529 0.11572466 0.11897121 0.12264547],[8.276046 8.276881 8.277935 8.278976],[0.11304259 0.11515557 0.11746033 0.11958142]
DDK8,E,5e-08,9,True,False,TDD,vanilla,5,[0.01457564 0.02553296 0.04366429 0.07009582],[0.0040808  0.01209064 0.02635507 0.04389282],[ 4.300297   7.5655284 13.043331  20.999779 ],[ 1.1792048  3.7202215  8.235715  13.322028 ],[8.276988 8.264732 8.244264 8.215309],[0.12850834 0.13160676 0.13893062 0.15421614],[8.294175 8.29685  8.298473 8.298301],[0.12703064 0.12796013 0.1290341  0.13212258]
DDK8,E,5e-08,12,True,False,TDD,vanilla,5,[0.01678015 0.03224231 0.05468744 0.08483712],[0.00520894 0.01566476 0.02892908 0.04526084],[ 4.8078427  9.261475  15.758518  24.560833 ],[ 1.4919512  4.651164   8.695005  13.860558 ],[8.225931 8.20225  8.16836  8.131022],[0.10990229 0.11537117 0.12752143 0.14520642],[8.245988  8.241977  8.236683  8.2317295],[0.10888108 0.11287002 0.11957742 0.12670901]
DDK8,E,5e-08,15,True,False,TDD,vanilla,5,[0.01994665 0.04781481 0.08349211 0.13186897],[0.00778438 0.03179784 0.05911141 0.08198991],[ 5.7687774 13.90625   24.603592  39.284664 ],[ 2.299182  9.491997 17.976784 25.602352],[8.238618 8.20071  8.152968 8.103091],[0.13677908 0.1484894  0.16851063 0.18512191],[8.262611  8.2612095 8.260151  8.261041 ],[0.13493809 0.13911162 0.14343643 0.14577541]
DDK8,E,5e-08,18,True,False,TDD,vanilla,5,[0.02337295 0.05643062 0.0948709  0.15767379],[0.01148468 0.03744252 0.0610736  0.08948544],[ 6.779279 16.755465 28.420645 47.532093],[ 3.3618147 11.475882  18.998938  28.331059 ],[8.253787 8.21043  8.165899 8.108234],[0.13734435 0.15207355 0.17681578 0.18479852],[8.281872 8.281912 8.279536 8.27891 ],[0.13541299 0.14105983 0.14464794 0.14809406]
DDK8,E,5e-08,21,True,False,TDD,vanilla,5,[0.02846457 0.07690822 0.11889295 0.18294041],[0.01591025 0.05670728 0.07587083 0.11401767],[ 8.508995 23.122793 35.79043  54.640278],[ 4.780907 17.197731 23.364012 33.41551 ],[8.2730465 8.209618  8.158455  8.076412 ],[0.14879882 0.15998365 0.18435164 0.23067832],[8.307358 8.301056 8.291944 8.288347],[0.14678083 0.14288229 0.1493194  0.15211837]
DDK8,E,5e-08,24,True,False,TDD,vanilla,5,[0.03584893 0.08351058 0.1347057  0.21026027],[0.02265467 0.05413313 0.09163696 0.12438224],[10.576322 24.989023 39.902645 62.565296],[ 6.7522626 16.685637  27.351425  37.428856 ],[8.243753 8.178089 8.121485 8.043502],[0.13645649 0.15567258 0.20270772 0.2411355 ],[8.2875   8.278505 8.268627 8.264957],[0.13044433 0.1344253  0.15097398 0.16351572]
DDK8,E,5e-08,27,True,False,TDD,vanilla,5,[0.03521786 0.08742458 0.13960345 0.22449253],[0.0203445  0.06998684 0.09919552 0.15643235],[10.330062 26.393887 42.838467 68.51551 ],[ 5.8991547 21.643251  31.246399  48.06955  ],[8.236215 8.176247 8.134644 8.022469],[0.13640602 0.17324696 0.19447583 0.31780818],[8.279845  8.286421  8.2941885 8.295663 ],[0.12928064 0.14179233 0.13784619 0.14801458]
DDK8,E,5e-08,33,True,False,TDD,vanilla,5,[0.06460679 0.12136115 0.19411144 0.25810814],[0.05860831 0.10527263 0.14182587 0.15945266],[19.072866 36.10098  57.815395 76.89796 ],[17.644316 30.921732 40.8464   46.788628],[8.207527 8.141773 8.062698 7.981903],[0.16527818 0.20114379 0.23062968 0.30920166],[8.287059 8.28844  8.283365 8.28227 ],[0.14250225 0.14087309 0.1485409  0.15866236]
DDK8,E,5e-08,36,True,False,TDD,vanilla,5,[0.06656253 0.12392899 0.20291008 0.27165237],[0.05530679 0.1062803  0.14096098 0.15869989],[19.806908 37.14727  60.87334  82.35383 ],[16.773098 33.341267 41.408226 48.24291 ],[8.198887 8.131838 8.067317 7.994101],[0.18612053 0.27206412 0.24722473 0.27927718],[8.281623 8.287588 8.29217  8.30194 ],[0.16172272 0.17149195 0.17695847 0.17350179]
DDK8,E,5e-08,42,True,False,TDD,vanilla,5,[0.07244284 0.13437821 0.20971408 0.27766204],[0.0535318  0.08252706 0.11001555 0.13973346],[21.394106 39.498383 62.404503 83.1672  ],[15.817199 23.435427 32.756287 43.109863],[8.195536 8.116188 8.027213 7.937546],[0.17576194 0.19834293 0.24219188 0.28767616],[8.2850485 8.277092  8.275991  8.2751875],[0.15040708 0.15980272 0.16346732 0.16856034]
DDK8,E,2e-07,3,True,False,TDD,vanilla,5,[0.02402661 0.02849073 0.03464364 0.04425544],[0.00888121 0.01026831 0.01335722 0.01950519],[ 7.2010627  8.532208  10.368447  13.240603 ],[2.6576803 3.0608525 3.9675083 5.7960324],[8.2616   8.255082 8.248034 8.240216],[0.04175451 0.04396586 0.04664341 0.05015301],[8.280581 8.280627 8.280685 8.280739],[0.0395242  0.04055545 0.04168786 0.04291362]
DDK8,E,2e-07,6,True,False,TDD,vanilla,5,[0.0242531  0.03120561 0.04268526 0.05981449],[0.00870597 0.01020635 0.0153957  0.02318851],[ 7.30819   9.400726 12.86269  18.038094],[2.6424317 3.120047  4.76522   7.190352 ],[8.272517  8.263455  8.251166  8.2353945],[0.04467918 0.04885559 0.05429491 0.06059829],[8.293882 8.294106 8.294251 8.294382],[0.04388142 0.04748659 0.05115881 0.05493952]
DDK8,E,2e-07,9,True,False,TDD,vanilla,5,[0.02724171 0.03640691 0.05025559 0.0686893 ],[0.01090945 0.01338689 0.0188122  0.02533001],[ 8.232879 10.9875   15.16044  20.725788],[3.294472  4.0347204 5.682718  7.691356 ],[8.269262 8.25747  8.241159 8.222487],[0.0621127  0.06940853 0.07827158 0.08784959],[8.294298 8.295323 8.296029 8.296503],[0.05927263 0.06526424 0.07138937 0.07772422]
DDK8,E,2e-07,12,True,False,TDD,vanilla,5,[0.02821684 0.04066623 0.05920948 0.08322361],[0.00966973 0.01551622 0.0300932  0.04946575],[ 8.486045 12.235967 17.822424 25.075808],[ 2.852235  4.650073  9.123009 15.027525],[8.266316 8.250408 8.227453 8.201757],[0.07171178 0.08047079 0.09465353 0.11240736],[8.292669 8.293591 8.29417  8.294293],[0.06883647 0.07497934 0.08134437 0.08748709]
DDK8,E,2e-07,15,True,False,TDD,vanilla,5,[0.03521325 0.05858061 0.08089829 0.11573216],[0.01300773 0.03341907 0.04934307 0.07503337],[10.558556 17.584806 24.282537 34.769676],[ 3.970037 10.211566 14.939368 22.669191],[8.246788  8.2182045 8.190582  8.1615505],[0.06965455 0.08133978 0.09956786 0.12655486],[8.278367 8.277282 8.276983 8.276869],[0.06547173 0.07076035 0.07667465 0.08393777]
DDK8,E,2e-07,18,True,False,TDD,vanilla,5,[0.03449366 0.06185861 0.08897614 0.14412911],[0.01258684 0.03171935 0.05267482 0.10494553],[10.264381 18.336416 26.397024 42.782394],[ 3.7102513  9.218591  15.5039    30.950993 ],[8.240088 8.20643  8.184475 8.145245],[0.08404886 0.10213927 0.11278861 0.13533443],[8.273221 8.273726 8.274927 8.276924],[0.07880081 0.08553309 0.09271665 0.09996614]
DDK8,E,2e-07,21,True,False,TDD,vanilla,5,[0.03827    0.06865884 0.09690537 0.14023787],[0.01656487 0.03236184 0.0424222  0.0688235 ],[11.462872 20.56084  29.065943 42.244892],[ 4.947675  9.60813  12.705634 21.147888],[8.253641 8.218361 8.192894 8.156362],[0.0950719  0.11072589 0.12630087 0.13513245],[8.2915325 8.292838  8.293352  8.293094 ],[0.09075397 0.09886748 0.10661584 0.11423081]
DDK8,E,2e-07,24,True,False,TDD,vanilla,5,[0.04368084 0.07636213 0.10932463 0.16206563],[0.02429769 0.0403368  0.06339554 0.11391406],[13.083462 22.678673 32.47527  48.528114],[ 7.3533483 11.868465  19.152037  36.66835  ],[8.239433 8.194167 8.162902 8.10021 ],[0.10408333 0.12271938 0.1418946  0.18257006],[8.283634 8.277485 8.2726   8.268844],[0.0970543  0.10391299 0.1116889  0.11914234]
DDK8,E,2e-07,27,True,False,TDD,vanilla,5,[0.0449989  0.08226535 0.11306439 0.18048558],[0.01991501 0.05444686 0.06118247 0.1280145 ],[13.46204  24.772188 34.194866 54.63171 ],[ 5.8163056 16.228409  18.481024  38.63902  ],[8.239063 8.202682 8.185022 8.10792 ],[0.10202968 0.12583499 0.12884286 0.26887825],[8.285105 8.289517 8.293083 8.295244],[0.09349079 0.10003035 0.1076677  0.11564252]
DDK8,E,2e-07,33,True,False,TDD,vanilla,5,[0.05784602 0.08818214 0.13112867 0.16341238],[0.03185019 0.06348965 0.07041459 0.08932955],[17.425123 26.802681 40.12017  50.26196 ],[ 9.569358 19.494738 21.76251  27.52556 ],[8.2297945 8.204654  8.169073  8.141953 ],[0.12167    0.1426166  0.1481648  0.17818275],[8.293463 8.300457 8.306935 8.31096 ],[0.1121941  0.1177948  0.12364822 0.1286118 ]
DDK8,E,2e-07,36,True,False,TDD,vanilla,5,[0.05549699 0.09481375 0.13795641 0.19789062],[0.02909796 0.0637894  0.08118448 0.12022047],[16.27558  27.573298 40.18772  57.92768 ],[ 8.348549 17.366983 22.500957 34.359592],[8.201589 8.158426 8.11646  8.060835],[0.11398745 0.13896437 0.16549334 0.21403071],[8.260142  8.257455  8.2576065 8.260585 ],[0.10467414 0.11562987 0.12960932 0.14268412]
DDK8,E,2e-07,42,True,False,TDD,vanilla,5,[0.06736183 0.11171013 0.16697708 0.20646966],[0.0352792  0.06054752 0.09861525 0.10605294],[20.270945 33.47308  50.26369  62.39063 ],[10.899245 18.786386 30.855597 35.044556],[8.214546 8.165103 8.111518 8.070412],[0.11068905 0.1328014  0.14850971 0.16934288],[8.285831 8.281849 8.27859  8.276519],[0.10005278 0.10973753 0.12256967 0.13150124]
DDK8,E,4e-07,3,True,False,TDD,vanilla,5,[0.02801502 0.03241055 0.03840264 0.04784758],[0.01049605 0.01206989 0.01527237 0.02144117],[ 8.396558  9.706889 11.49619  14.321063],[3.1521928 3.6258519 4.592141  6.449601 ],[8.263957 8.257074 8.249914 8.241723],[0.03256607 0.03527761 0.03853199 0.04254634],[8.288958 8.288684 8.288403 8.288102],[0.02915174 0.03073189 0.03247377 0.03435929]
DDK8,E,4e-07,6,True,False,TDD,vanilla,5,[0.03300513 0.03987235 0.05020173 0.06568682],[0.0107777  0.0119992  0.01525296 0.02174892],[ 9.886973 11.93416  15.018552 19.657553],[3.2956233 3.6658409 4.6366816 6.601702 ],[8.2546215 8.244725  8.232489  8.21726  ],[0.04197138 0.04650151 0.05176071 0.05793715],[8.284499 8.284238 8.283938 8.283622],[0.03912413 0.0432141  0.04740655 0.05164111]
DDK8,E,4e-07,9,True,False,TDD,vanilla,5,[0.03658853 0.0449989  0.05744799 0.07455727],[0.0114109  0.01340594 0.0182757  0.0257546 ],[10.953544 13.466297 17.204597 22.35598 ],[3.501345  4.1300383 5.6840553 8.0802   ],[8.2475195 8.234801  8.218915  8.20135  ],[0.05394213 0.06037921 0.06750229 0.07577302],[8.280015 8.279101 8.278396 8.278026],[0.05211917 0.05833429 0.06446901 0.0706116 ]
DDK8,E,4e-07,12,True,False,TDD,vanilla,5,[0.03874366 0.05191432 0.0692172  0.09226049],[0.01332373 0.01911421 0.02394577 0.0364198 ],[11.638566 15.600395 20.850492 27.866308],[ 4.1026278  5.8200426  7.4040284 11.302268 ],[8.250342 8.234498 8.214748 8.194419],[0.06810085 0.07797487 0.08615927 0.09473549],[8.285689 8.28714  8.288548 8.289801],[0.06437866 0.07084928 0.07688569 0.08259344]
DDK8,E,4e-07,15,True,False,TDD,vanilla,5,[0.03973348 0.05694993 0.07593174 0.10761649],[0.01117579 0.0198174  0.02872185 0.0615308 ],[11.909645 17.068481 22.812912 32.516068],[ 3.3418941  5.8345866  8.568461  19.122917 ],[8.250672 8.229464 8.211352 8.190182],[0.07844161 0.09132265 0.10348195 0.11130598],[8.288774 8.291263 8.293829 8.296032],[0.07523514 0.08273138 0.09050899 0.09828036]
DDK8,E,4e-07,18,True,False,TDD,vanilla,5,[0.04287716 0.06912665 0.09141255 0.13675542],[0.01574478 0.03814527 0.04714383 0.09394183],[12.788053 20.571644 27.129711 40.632755],[ 4.828304 11.412485 14.00684  28.136206],[8.23954   8.207262  8.1831875 8.150494 ],[0.07274727 0.08705335 0.10141959 0.1140552 ],[8.27856  8.276338 8.274124 8.272226],[0.06968126 0.07664183 0.08386724 0.09061535]
DDK8,E,4e-07,21,True,False,TDD,vanilla,5,[0.0492216  0.07539082 0.09938801 0.14402568],[0.01735044 0.03488171 0.05049925 0.08831456],[14.696738 22.462135 29.463856 42.62219 ],[ 5.2864785 10.400965  14.724748  25.127842 ],[8.229969 8.196733 8.178168 8.137594],[0.09671258 0.11741994 0.13037904 0.15157396],[8.276323 8.276242 8.275361 8.274577],[0.09324113 0.10310401 0.11220799 0.12068646]
DDK8,E,4e-07,24,True,False,TDD,vanilla,5,[0.05224124 0.07565764 0.10100488 0.13978745],[0.02123065 0.0338699  0.04174114 0.0722066 ],[15.631228 22.761635 30.712957 42.859684],[ 6.1130486  9.982398  12.959841  22.909645 ],[8.237156 8.213986 8.198278 8.165276],[0.10371517 0.11723439 0.12034883 0.14170866],[8.286703 8.293116 8.298703 8.30418 ],[0.09379449 0.09931406 0.10363212 0.10734849]
DDK8,E,4e-07,27,True,False,TDD,vanilla,5,[0.05296094 0.07928383 0.10429911 0.14928097],[0.02143787 0.04701448 0.05359652 0.0971721 ],[15.708778 23.526552 31.26204  45.27731 ],[ 6.220131 13.121346 15.743088 30.74342 ],[8.225307  8.199818  8.186209  8.1376915],[0.09775335 0.10927601 0.11542712 0.17024346],[8.276787 8.280539 8.284522 8.288042],[0.08973086 0.09296609 0.09940286 0.10667291]
DDK8,E,4e-07,33,True,False,TDD,vanilla,5,[0.0621032  0.08750616 0.12526974 0.15860626],[0.0292962  0.04864938 0.07228021 0.0877606 ],[18.419207 25.99363  37.115536 47.374245],[ 8.499139 14.593774 20.736141 26.690847],[8.213975 8.183122 8.146684 8.117026],[0.12269966 0.12852202 0.1452305  0.1564694 ],[8.277195 8.275805 8.276591 8.27708 ],[0.10656009 0.10650315 0.10475279 0.10291509]
DDK8,E,4e-07,36,True,False,TDD,vanilla,5,[0.06484558 0.08400296 0.11682064 0.16481087],[0.03266542 0.04108931 0.05047623 0.14289042],[19.48518 25.21897 34.87665 49.32041],[ 9.859459 12.232505 14.987714 43.518894],[8.224734 8.199855 8.159197 8.134264],[0.12616749 0.13962413 0.15290456 0.1533443 ],[8.287193 8.285667 8.282404 8.278148],[0.11921629 0.12636288 0.12809068 0.12669323]
DDK8,E,4e-07,42,True,False,TDD,vanilla,5,[0.06644827 0.09817392 0.13687602 0.17188829],[0.02909782 0.0529765  0.08303215 0.09480644],[19.890442 29.35717  40.92398  51.71005 ],[ 8.771404 16.299383 25.291393 30.675983],[8.216022 8.178496 8.146368 8.1031  ],[0.11253162 0.13345188 0.14507438 0.16182391],[8.284267 8.282584 8.279294 8.275064],[0.1008014  0.10741474 0.11493791 0.12366353]
DDK8,B,5e-08,3,True,False,TDD,vanilla,10,[0.01756591 0.02732954 0.04738603 0.08082063],[0.00530735 0.01095395 0.02884637 0.05542969],[ 3.8566349  5.6259565  9.525449  16.594566 ],[ 1.1021284  2.1638284  5.458492  11.528619 ],[8.29483  8.288514 8.274701 8.249851],[0.28793713 0.30022588 0.31257746 0.32514098],[8.310017 8.311025 8.311322 8.311014],[0.28663874 0.29886186 0.31123886 0.32331756]
DDK8,B,5e-08,6,True,False,TDD,vanilla,10,[0.02699697 0.06482181 0.14006674 0.24419668],[0.01232767 0.04940893 0.12513462 0.21086034],[ 4.970755 11.512621 26.23847  48.89913 ],[ 1.7946566  7.6032934 20.740576  39.21198  ],[8.179187  8.15044   8.0791855 7.9497614],[0.3971359  0.4168111  0.46518743 0.57129824],[8.200852 8.201836 8.201868 8.201473],[0.3916575  0.39977843 0.40850884 0.41598985]
DDK8,B,5e-08,9,True,False,TDD,vanilla,10,[0.03966232 0.11617777 0.24538462 0.40099823],[0.02650047 0.10844606 0.21215834 0.31598398],[ 7.303116 21.78678  51.04581  88.629524],[ 4.0466175 19.997705  47.617725  74.7646   ],[8.220633  8.162967  8.018863  7.7584224],[0.447041   0.48146152 0.5714702  0.8161106 ],[8.251503 8.261046 8.269067 8.268887],[0.43901262 0.44828582 0.46303815 0.4847499 ]
DDK8,B,5e-08,12,True,False,TDD,vanilla,10,[0.06081539 0.20718092 0.40030965 0.55206376],[0.04533529 0.20475937 0.33262548 0.37517247],[  9.889007  35.117588  75.57524  121.3612  ],[ 6.428605 29.825642 59.152897 87.15355 ],[8.122798  7.994665  7.7071133 7.2843738],[0.43634942 0.53476655 0.8337857  1.3212938 ],[8.1689005 8.177474  8.178661  8.1839   ],[0.42534223 0.456648   0.4968093  0.52424604]
DDK8,B,5e-08,15,True,False,TDD,vanilla,10,[0.10188625 0.33114648 0.56323683 0.72163856],[0.12884995 0.27845713 0.44257998 0.42766297],[ 16.463142  70.33959  128.05449  183.37807 ],[ 12.488708  60.0691    98.42043  125.71602 ],[8.22855   7.9267645 7.4414144 6.905299 ],[0.55390453 0.76220167 1.2100319  1.4917837 ],[8.301512 8.301376 8.295099 8.286509],[0.5188588  0.5244441  0.5284308  0.55424315]
DDK8,B,5e-08,18,True,False,TDD,vanilla,10,[0.17944553 0.6184993  0.7912529  0.91200805],[0.16565637 0.48492858 0.4374884  0.36957434],[ 32.493477 124.564    192.89536  244.72766 ],[ 31.100716  95.34618  130.11284  150.90977 ],[7.9818406 7.2624598 6.588564  6.0620484],[0.59332186 1.1298169  1.4653928  1.6519687 ],[8.143847 8.165355 8.19014  8.226463],[0.5570067  0.5532856  0.5880717  0.64253396]
DDK8,B,5e-08,21,True,False,TDD,vanilla,10,[0.22567122 0.64823884 0.866757   0.955756  ],[0.23189901 0.4422108  0.44332126 0.36811477],[ 41.927486 144.7195   203.7836   243.2887  ],[ 41.676514 112.825615 130.858    131.9874  ],[7.8931103 6.9925923 6.282974  5.908522 ],[0.67718816 1.2856679  1.6719983  1.5885553 ],[8.123272 8.136701 8.135805 8.15118 ],[0.5637358  0.5555875  0.58310056 0.62311333]
DDK8,B,5e-08,24,True,False,TDD,vanilla,10,[0.28225675 0.6568086  0.7989779  0.9141201 ],[0.34576413 0.5749844  0.47184557 0.31261   ],[ 53.913185 154.90337  209.4893   252.96918 ],[ 66.33209 133.40265 137.70917 137.05556],[7.9904823 7.023015  6.4765906 5.9460235],[0.7021427 1.5550963 1.619962  1.6532303],[8.270131 8.258452 8.255482 8.262504],[0.5118271  0.51376563 0.5234589  0.57083213]
DDK8,B,5e-08,27,True,False,TDD,vanilla,10,[0.33277413 0.7233157  0.8619435  0.9513052 ],[0.3154474  0.42631364 0.41316128 0.34149107],[ 60.183563 159.17715  210.70988  243.84146 ],[ 67.254074 123.86514  131.88977  126.87099 ],[7.8345604 6.777034  6.266048  5.738589 ],[0.688724  1.568159  1.5625653 1.6583854],[8.164666 8.149782 8.144778 8.15001 ],[0.5907433 0.6523984 0.6741813 0.6614096]
DDK8,B,5e-08,33,True,False,TDD,vanilla,10,[0.7101375 1.034682  1.2210379 1.3213911],[0.6905722  0.84310234 0.7421706  0.95996964],[134.80511 214.68553 283.89566 297.13855],[132.1071  160.2978  172.5889  150.92967],[7.4193916 6.570168  5.806628  5.3363175],[1.1132411 1.5252244 1.6906406 1.7006947],[8.244222 8.21752  8.208188 8.190938],[0.59182024 0.6487663  0.6651303  0.6921988 ]
DDK8,B,5e-08,36,True,False,TDD,vanilla,10,[1.1923615 1.344897  1.616332  1.5788156],[1.397586   0.9731627  0.95910853 1.222962  ],[209.63725 267.429   337.5166  342.96683],[180.72577 144.75359 162.98619 159.15912],[6.898893  5.9463134 5.6024194 4.9538546],[1.5359839 1.8163118 1.4666405 1.4985714],[8.266978 8.223077 8.203336 8.203679],[0.6390856  0.63954604 0.61311203 0.6540083 ]
DDK8,B,5e-08,42,True,False,TDD,vanilla,10,[1.2637463 1.3461847 1.5980109 1.6030452],[1.1110901  0.82456905 1.0358148  2.343821  ],[236.80002 291.35208 380.3207  387.84808],[242.44247 178.64172 244.18954 431.51566],[6.6782136 5.986828  5.108263  4.9489284],[1.5854701 1.3910764 1.3882844 1.4840615],[8.1687   8.187472 8.230034 8.259732],[0.55716753 0.59658355 0.6257369  0.63968194]
DDK8,B,2e-07,3,True,False,TDD,vanilla,10,[0.03241067 0.04089349 0.05708943 0.0835386 ],[0.01005247 0.01414299 0.02491314 0.04373408],[ 7.5749016  9.392026  13.048188  19.304039 ],[ 2.0416331  2.906804   5.5425406 10.527965 ],[8.101906 8.095944 8.083269 8.059422],[0.40679917 0.41306466 0.42104262 0.43222106],[8.140387 8.142667 8.144901 8.14683 ],[0.4020315  0.40776485 0.41400665 0.42071086]
DDK8,B,2e-07,6,True,False,TDD,vanilla,10,[0.0406074  0.06747736 0.1225823  0.20655052],[0.01447954 0.03264599 0.07124467 0.13049322],[ 9.700467 15.958602 29.389177 50.449093],[ 2.7620065  6.459152  15.803598  29.674334 ],[8.1560955 8.132532  8.075709  7.9718714],[0.3809319  0.39581102 0.42596054 0.48692727],[8.200198 8.203735 8.207059 8.210534],[0.37354088 0.3805655  0.3896417  0.39972013]
DDK8,B,2e-07,9,True,False,TDD,vanilla,10,[0.05023031 0.10632358 0.2169616  0.3583058 ],[0.0149315  0.05036036 0.12382799 0.20255983],[12.144886 26.548777 56.486557 96.27661 ],[ 4.2603745 16.137941  41.299328  70.68666  ],[8.161134  8.098531  7.953958  7.7128797],[0.41135263 0.4113724  0.43024722 0.523283  ],[8.216351 8.215251 8.214624 8.214304],[0.40763524 0.41026485 0.41645423 0.42503932]
DDK8,B,2e-07,12,True,False,TDD,vanilla,10,[0.0767164  0.20438188 0.39860845 0.56229585],[0.04270034 0.17103748 0.32832    0.3843912 ],[ 16.176142  43.0679    86.71014  131.25044 ],[ 7.116311 30.846306 63.5032   86.73728 ],[8.03427   7.85445   7.475813  7.0526686],[0.46879888 0.6156661  1.0106906  1.3283697 ],[8.120098  8.1142645 8.112743  8.113856 ],[0.43833014 0.4555621  0.47286943 0.49387443]
DDK8,B,2e-07,15,True,False,TDD,vanilla,10,[0.09486491 0.29271376 0.47789434 0.6362348 ],[0.06182618 0.22292648 0.3027478  0.31209123],[ 21.14065  70.11502 125.60589 178.78531],[ 11.917076  51.42646   87.39381  108.729256],[8.090874  7.8113112 7.4062266 6.927168 ],[0.5177047 0.6956083 1.0036829 1.3056966],[8.197627 8.204034 8.217083 8.230654],[0.48526046 0.50316983 0.5246719  0.5439685 ]
DDK8,B,2e-07,18,True,False,TDD,vanilla,10,[0.12642239 0.37311348 0.57403195 0.7144084 ],[0.09607233 0.28399774 0.35232162 0.32604972],[ 27.420254  90.780334 147.08069  195.35347 ],[ 21.037737  75.907646 104.29864  117.99738 ],[8.029507 7.608216 7.118497 6.678743],[0.5232473 0.8829168 1.2475078 1.3887503],[8.1638975 8.175692  8.188434  8.202102 ],[0.48944053 0.50745434 0.51854205 0.5220388 ]
DDK8,B,2e-07,21,True,False,TDD,vanilla,10,[0.19658247 0.5659209  0.7461727  0.87359756],[0.14968365 0.35778126 0.35338634 0.2995133 ],[ 45.16347 143.82915 197.2129  237.39377],[ 30.848072  90.210846 107.754166 112.302345],[7.9560328 7.139631  6.3830013 5.815085 ],[0.5222288 1.0719332 1.4816083 1.482782 ],[8.188612 8.176667 8.144227 8.140654],[0.44568112 0.44044286 0.4572289  0.47989473]
DDK8,B,2e-07,24,True,False,TDD,vanilla,10,[0.23698893 0.6043883  0.7905804  0.8871624 ],[0.2032304  0.39022756 0.3760657  0.29879177],[ 52.502026 147.18434  205.7489   250.67969 ],[ 43.974533  94.45133  104.42109  116.33165 ],[7.8247023 6.9400115 6.3101344 5.8713427],[0.66868967 1.3836038  1.562824   1.5568739 ],[8.138821 8.121225 8.131564 8.179233],[0.5049219  0.5401905  0.55457497 0.5767097 ]
DDK8,B,2e-07,27,True,False,TDD,vanilla,10,[0.28118327 0.6241281  0.803684   0.9387431 ],[0.30199578 0.3973526  0.35737658 0.3324433 ],[ 64.76872 157.80888 211.13174 251.40367],[ 68.248604 111.01561  110.549255 107.77228 ],[7.8151007 6.976867  6.287667  5.784345 ],[0.80569696 1.3824079  1.5989177  1.5244269 ],[8.195908 8.177614 8.161719 8.149493],[0.58492225 0.5956014  0.5773279  0.5629562 ]
DDK8,B,2e-07,33,True,False,TDD,vanilla,10,[0.5545594  0.83322495 1.0263122  1.0746113 ],[0.5329652  0.45870066 0.43033546 0.318636  ],[120.84956 208.68643 265.63184 288.418  ],[106.03391  126.61409  126.989845 119.34099 ],[7.3330364 6.32484   5.6383357 5.3272657],[0.97215295 1.4423479  1.515979   1.441886  ],[8.113809 8.133947 8.133893 8.112729],[0.5259433  0.55339056 0.55033195 0.5765365 ]
DDK8,B,2e-07,36,True,False,TDD,vanilla,10,[0.5501031 0.8860296 1.0880804 1.1787846],[0.5666079  0.68354124 0.56639844 0.45143175],[124.67405 201.35149 261.01495 287.4296 ],[121.192345 123.30485  131.76059  118.95627 ],[7.299175  6.502587  5.7151504 5.2640967],[1.2174503 1.5819134 1.583825  1.3821265],[8.202237 8.165164 8.124358 8.063301],[0.48082286 0.5317794  0.5752137  0.61029977]
DDK8,B,2e-07,42,True,False,TDD,vanilla,10,[0.855399  1.116234  1.2523915 1.2698041],[0.8296692  0.58740944 0.5538882  0.5172848 ],[180.9809 278.5878 312.0031 318.8495],[165.70811 181.89272 162.14104 130.64641],[6.930755  5.961465  5.4931493 5.0019965],[1.3669269 1.4951158 1.3320212 1.2195667],[8.116588  8.1407385 8.108494  8.074529 ],[0.5461969 0.5206076 0.5220433 0.5106325]
DDK8,B,4e-07,3,True,False,TDD,vanilla,10,[0.07127579 0.07823126 0.09164245 0.11374024],[0.02967335 0.03141803 0.03515232 0.04400644],[18.142607 19.892454 23.428932 29.40877 ],[ 6.485345  6.791932  7.728572 10.327652],[8.120073 8.114951 8.104696 8.085398],[0.35538152 0.36172506 0.36873782 0.3781772 ],[8.20847  8.210395 8.212237 8.213969],[0.3344236  0.33968472 0.345037   0.3505006 ]
DDK8,B,4e-07,6,True,False,TDD,vanilla,10,[0.0819241  0.10244357 0.14517939 0.21150179],[0.03044431 0.03633612 0.05856681 0.0963014 ],[20.320574 25.725557 37.26188  55.502487],[ 8.035241  9.976686 16.74689  28.509897],[8.085921 8.062782 8.010419 7.92007 ],[0.33508703 0.34321272 0.3602453  0.39585847],[8.184885 8.185724 8.186444 8.187491],[0.3219428  0.32802498 0.33519444 0.34295762]
DDK8,B,4e-07,9,True,False,TDD,vanilla,10,[0.09290064 0.13829252 0.2263014  0.33973104],[0.0437072  0.06824873 0.13543586 0.21925409],[22.878618 34.4621   57.86203  89.074684],[10.945405 16.895111 34.745193 56.873047],[8.077966 8.020328 7.885631 7.663031],[0.35646823 0.36331612 0.41105518 0.56155103],[8.193824  8.191843  8.1865635 8.178488 ],[0.33316842 0.33920407 0.35002944 0.36504003]
DDK8,B,4e-07,12,True,False,TDD,vanilla,10,[0.11006358 0.18708174 0.31784192 0.45131245],[0.04020723 0.09012307 0.17942171 0.2410802 ],[ 27.11572   47.218536  82.69016  122.950966],[10.605344 23.208065 49.746605 73.756004],[8.018883  7.910852  7.667024  7.3364367],[0.35023296 0.39683482 0.5912689  0.8338238 ],[8.155842 8.160818 8.163987 8.167347],[0.32843766 0.33568707 0.35014966 0.36756453]
DDK8,B,4e-07,15,True,False,TDD,vanilla,10,[0.13938765 0.3079938  0.4737097  0.62261546],[0.06626882 0.1930722  0.28133103 0.31101555],[ 33.699223  77.069305 122.75055  166.94377 ],[15.400527 50.292435 75.0232   88.98989 ],[7.975081  7.6973524 7.299922  6.8337474],[0.45633733 0.6380942  0.9935856  1.284251  ],[8.153601 8.155079 8.152278 8.149134],[0.4101913  0.43171167 0.44939846 0.460384  ]
DDK8,B,4e-07,18,True,False,TDD,vanilla,10,[0.16975825 0.4086849  0.595916   0.7185252 ],[0.08998101 0.25647277 0.32621917 0.29976887],[ 40.029106 103.71328  158.1171   199.32959 ],[ 20.808651  72.679344  99.000885 104.97189 ],[7.910714  7.4367414 6.881393  6.454828 ],[0.49651968 0.8232115  1.1357875  1.2598279 ],[8.1320305 8.13783   8.141356  8.146609 ],[0.42991513 0.4332563  0.4316455  0.42852738]
DDK8,B,4e-07,21,True,False,TDD,vanilla,10,[0.17620708 0.43515965 0.61714387 0.7619463 ],[0.09047076 0.24107127 0.28320533 0.25429216],[ 44.112133 119.78888  175.05873  219.29453 ],[ 23.643578  82.2305   108.37582  120.54663 ],[7.9319553 7.4063573 6.8389244 6.264776 ],[0.45338172 0.7585136  1.0518162  1.1957831 ],[8.166336 8.156872 8.151517 8.130608],[0.39600894 0.41945392 0.43816084 0.45606455]
DDK8,B,4e-07,24,True,False,TDD,vanilla,10,[0.22824506 0.5259256  0.7000947  0.82801706],[0.1318579  0.28497466 0.28651014 0.23884983],[ 57.44946 146.74109 205.88255 249.64975],[ 33.853897  90.40031  111.80468  109.85825 ],[7.888604  7.160816  6.537705  6.0424495],[0.49328074 1.0360857  1.2592138  1.2783753 ],[8.199759 8.205041 8.207555 8.21912 ],[0.404768   0.4265331  0.43737403 0.43781117]
DDK8,B,4e-07,27,True,False,TDD,vanilla,10,[0.2818369  0.5980798  0.76605695 0.8706044 ],[0.19104503 0.3402187  0.31040108 0.24743983],[ 69.60458 154.68613 205.04285 240.5989 ],[46.713634 87.06432  90.49376  85.78104 ],[7.733919  6.8645372 6.2009077 5.8733764],[0.5752134 1.1422416 1.3358339 1.2294499],[8.149215 8.11694  8.104062 8.116798],[0.3806188  0.3709262  0.37762547 0.39070326]
DDK8,B,4e-07,33,True,False,TDD,vanilla,10,[0.5002514  0.7602201  0.98510534 1.006104  ],[0.37446868 0.3486985  0.39288074 0.30611873],[131.12372 225.69043 291.5426  294.99634],[ 96.27684  134.67531  130.50708  102.595116],[7.419615  6.5265656 5.8533535 5.597696 ],[0.93345886 1.2660856  1.2400888  1.2150056 ],[8.246285 8.265709 8.252912 8.226303],[0.46850497 0.45464966 0.43810764 0.45476887]
DDK8,B,4e-07,36,True,False,TDD,vanilla,10,[0.5796692 0.8444584 1.0467048 1.0830845],[0.450825   0.38935003 0.5312982  0.37650788],[133.75758 213.59802 276.1515  302.91104],[106.56294  108.10573  116.266716  99.98249 ],[7.097591  6.138487  5.5254717 5.2269325],[0.9851955 1.3504304 1.311638  1.156113 ],[8.057566 8.079075 8.129921 8.168677],[0.40291405 0.39826265 0.40041897 0.40959847]
DDK8,B,4e-07,42,True,False,TDD,vanilla,10,[0.87213445 1.0585757  1.1681839  1.1071727 ],[0.8635899  0.7597838  0.549671   0.27112406],[202.7966  267.53577 311.98425 309.1016 ],[201.611    160.0308   155.35956  110.925644],[6.7860584 6.003693  5.520739  5.308147 ],[1.3341813 1.4059088 1.207828  1.0381243],[8.131211  8.1205845 8.131761  8.168282 ],[0.45830318 0.46788168 0.48357803 0.44281054]
DDK8,E,5e-08,3,True,False,TDD,vanilla,10,[0.00604147 0.00785929 0.01089436 0.01681018],[0.00165489 0.00223449 0.00405023 0.0079353 ],[1.7766117 2.3012784 3.1793892 4.909672 ],[0.49947706 0.6748143  1.2059497  2.370833  ],[8.269189 8.264566 8.259559 8.253731],[0.10751615 0.10815492 0.10911862 0.11033297],[8.275205 8.273342 8.271564 8.269935],[0.10735612 0.10797671 0.10877378 0.10978284]
DDK8,E,5e-08,6,True,False,TDD,vanilla,10,[0.00714923 0.01070017 0.01786921 0.03054438],[0.00197082 0.00469739 0.01140486 0.02261749],[2.0883734 3.1033294 5.1831903 8.9580555],[0.54380536 1.2792796  3.1931794  6.546197  ],[8.268879 8.26512  8.258817 8.248931],[0.11339211 0.1157427  0.11857205 0.12165074],[8.276046 8.276881 8.277935 8.278976],[0.11304259 0.11515557 0.11746033 0.11958142]
DDK8,E,5e-08,9,True,False,TDD,vanilla,10,[0.00846065 0.01545131 0.02852322 0.04923257],[0.00297386 0.01102102 0.0258597  0.04393504],[ 2.5060897  4.6105504  8.596939  14.803928 ],[ 0.88885766  3.4904008   8.189135   13.345125  ],[8.285415 8.278872 8.264992 8.243141],[0.12769336 0.13016517 0.13646531 0.15023278],[8.294175 8.29685  8.298473 8.298301],[0.12703064 0.12796013 0.1290341  0.13212258]
DDK8,E,5e-08,12,True,False,TDD,vanilla,10,[0.01021788 0.021936   0.04034311 0.06575628],[0.00406834 0.01432241 0.02870379 0.04531855],[ 2.9285479  6.2984095 11.644932  19.153984 ],[ 1.1753458  4.2168207  8.587177  13.929993 ],[8.235231 8.217171 8.188785 8.156765],[0.10943271 0.11381001 0.12484123 0.14177622],[8.245988  8.241977  8.236683  8.2317295],[0.10888108 0.11287002 0.11957742 0.12670901]
DDK8,E,5e-08,15,True,False,TDD,vanilla,10,[0.01270015 0.03554871 0.06650631 0.10924384],[0.00636983 0.0308849  0.05732413 0.08148229],[ 3.6927512 10.379926  19.601141  32.589066 ],[ 1.8823711  9.302744  17.327446  25.307583 ],[8.248936 8.219171 8.178216 8.136784],[0.13589829 0.14574607 0.16464074 0.18242754],[8.262611  8.2612095 8.260151  8.261041 ],[0.13493809 0.13911162 0.14343643 0.14577541]
DDK8,E,5e-08,18,True,False,TDD,vanilla,10,[0.01660355 0.04430398 0.08047338 0.13718133],[0.01101801 0.03612947 0.06391136 0.09230464],[ 4.8096023 13.219058  24.208364  41.44685  ],[ 3.229198 11.083556 19.86224  29.16649 ],[8.263446 8.228157 8.187945 8.139695],[0.13626723 0.14996618 0.17632087 0.18822895],[8.281872 8.281912 8.279536 8.27891 ],[0.13541299 0.14105983 0.14464794 0.14809406]
DDK8,E,5e-08,21,True,False,TDD,vanilla,10,[0.02113936 0.06503792 0.10579599 0.15941894],[0.01435653 0.05958359 0.0785802  0.10761542],[ 6.313219 19.606024 31.886612 47.58396 ],[ 4.294633 18.073372 24.281927 32.093353],[8.283355 8.228797 8.181365 8.120034],[0.14806677 0.15642443 0.18181199 0.21773198],[8.307358 8.301056 8.291944 8.288347],[0.14678083 0.14288229 0.1493194  0.15211837]
DDK8,E,5e-08,24,True,False,TDD,vanilla,10,[0.02806022 0.07283974 0.1230967  0.19448219],[0.02221992 0.05749182 0.09831597 0.13125914],[ 8.292367 21.849144 36.550266 58.01998 ],[ 6.5855   17.744333 29.573368 39.494373],[8.255358 8.197016 8.143986 8.077046],[0.1363298  0.1538754  0.20539442 0.23498231],[8.2875   8.278505 8.268627 8.264957],[0.13044433 0.1344253  0.15097398 0.16351572]
DDK8,E,5e-08,27,True,False,TDD,vanilla,10,[0.02736656 0.07814767 0.12800328 0.21050873],[0.02033629 0.07388905 0.10698692 0.16482168],[ 8.059086 23.684952 39.431606 64.30625 ],[ 5.992596 22.957228 33.852547 50.69621 ],[8.24775  8.193343 8.158629 8.055663],[0.13481916 0.1709629  0.1931851  0.3135773 ],[8.279845  8.286421  8.2941885 8.295663 ],[0.12928064 0.14179233 0.13784619 0.14801458]
DDK8,E,5e-08,33,True,False,TDD,vanilla,10,[0.0581971  0.11583672 0.19122224 0.2516595 ],[0.05816051 0.11307121 0.15819104 0.16977087],[17.183613 34.483536 57.00556  74.899796],[17.375385 33.16488  45.406857 49.583057],[8.218143 8.155229 8.078135 8.002301],[0.16355282 0.20086035 0.23670913 0.3166024 ],[8.287059 8.28844  8.283365 8.28227 ],[0.14250225 0.14087309 0.1485409  0.15866236]
DDK8,E,5e-08,36,True,False,TDD,vanilla,10,[0.06097262 0.12079817 0.20287709 0.2704398 ],[0.06009699 0.11764306 0.16715297 0.18572235],[18.224077 36.35448  60.773594 81.8725  ],[18.290573 37.292103 48.07951  56.231754],[8.208558 8.144713 8.081793 8.013284],[0.18509819 0.26725456 0.24853283 0.29672164],[8.281623 8.287588 8.29217  8.30194 ],[0.16172272 0.17149195 0.17695847 0.17350179]
DDK8,E,5e-08,42,True,False,TDD,vanilla,10,[0.06581346 0.12863483 0.20449053 0.2711876 ],[0.05418501 0.09023924 0.12187585 0.14900719],[19.466095 37.686398 60.75546  81.37981 ],[16.056227 25.411049 35.68085  46.309135],[8.207006  8.130916  8.047027  7.9560947],[0.17491043 0.19926368 0.24554045 0.29777622],[8.2850485 8.277092  8.275991  8.2751875],[0.15040708 0.15980272 0.16346732 0.16856034]
DDK8,E,2e-07,3,True,False,TDD,vanilla,10,[0.02008837 0.02177843 0.02482944 0.03053134],[0.00830235 0.00864161 0.00985865 0.01295572],[6.025914  6.5307155 7.4428043 9.1504345],[2.4887621 2.5862856 2.9397573 3.8616636],[8.267335 8.264919 8.262072 8.258307],[0.04126289 0.04253478 0.04404429 0.04581318],[8.280581 8.280627 8.280685 8.280739],[0.0395242  0.04055545 0.04168786 0.04291362]
DDK8,E,2e-07,6,True,False,TDD,vanilla,10,[0.01900578 0.02248519 0.02925658 0.04077082],[0.00828465 0.00906316 0.01230421 0.01807037],[ 5.7354803  6.783912   8.826703  12.307279 ],[2.5002866 2.7542381 3.7764869 5.5973096],[8.279913 8.275664 8.268705 8.258764],[0.04452974 0.04836811 0.05327095 0.05910374],[8.293882 8.294106 8.294251 8.294382],[0.04388142 0.04748659 0.05115881 0.05493952]
DDK8,E,2e-07,9,True,False,TDD,vanilla,10,[0.02164917 0.02695834 0.03621973 0.04919428],[0.01009638 0.01195594 0.01699135 0.02291162],[ 6.547886  8.142245 10.923779 14.836143],[3.0467577 3.5912561 5.090488  6.8853755],[8.277304 8.271141 8.260706 8.248194],[0.06195971 0.0690679  0.07798491 0.08769017],[8.294298 8.295323 8.296029 8.296503],[0.05927263 0.06526424 0.07138937 0.07772422]
DDK8,E,2e-07,12,True,False,TDD,vanilla,10,[0.02238661 0.03123697 0.04643535 0.06557765],[0.00899683 0.01426067 0.02965899 0.050508  ],[ 6.739836  9.411517 13.993731 19.78606 ],[ 2.6563888  4.283883   9.001841  15.385186 ],[8.274641 8.26399  8.246507 8.227015],[0.07108366 0.07875838 0.09260507 0.10916741],[8.292669 8.293591 8.29417  8.294293],[0.06883647 0.07497934 0.08134437 0.08748709]
DDK8,E,2e-07,15,True,False,TDD,vanilla,10,[0.02819302 0.04609971 0.06514218 0.09209616],[0.01179646 0.02827386 0.04571252 0.0735225 ],[ 8.469489 13.854793 19.588295 27.716204],[ 3.5977395  8.589141  13.810113  22.20881  ],[8.256579 8.236402 8.214843 8.19591 ],[0.06871586 0.07933319 0.09686331 0.12321974],[8.278367 8.277282 8.276983 8.276869],[0.06547173 0.07076035 0.07667465 0.08393777]
DDK8,E,2e-07,18,True,False,TDD,vanilla,10,[0.02784255 0.05022849 0.07484205 0.12296504],[0.01140758 0.02976223 0.0519404  0.10282893],[ 8.293618 14.883567 22.19415  36.470493],[ 3.370624  8.637581 15.323013 30.372858],[8.249631 8.22443  8.207173 8.182142],[0.0829029  0.09923    0.10995799 0.12507604],[8.273221 8.273726 8.274927 8.276924],[0.07880081 0.08553309 0.09271665 0.09996614]
DDK8,E,2e-07,21,True,False,TDD,vanilla,10,[0.03095603 0.05739783 0.08349252 0.12152925],[0.01396352 0.0358366  0.04725598 0.08035504],[ 9.28659  17.18614  25.028969 36.614407],[ 4.175353 10.542657 13.952973 24.495749],[8.263662 8.236272 8.215845 8.189223],[0.09410858 0.11023878 0.12642916 0.1344745 ],[8.2915325 8.292838  8.293352  8.293094 ],[0.09075397 0.09886748 0.10661584 0.11423081]
DDK8,E,2e-07,24,True,False,TDD,vanilla,10,[0.03609163 0.0656778  0.09607777 0.14475556],[0.02358362 0.04300997 0.07207119 0.12420531],[10.8216   19.520815 28.535402 43.460102],[ 7.122141 12.704828 21.548573 39.83528 ],[8.2507305 8.212414  8.189047  8.1402   ],[0.10336529 0.12178612 0.14063239 0.16575736],[8.283634 8.277485 8.2726   8.268844],[0.0970543  0.10391299 0.1116889  0.11914234]
DDK8,E,2e-07,27,True,False,TDD,vanilla,10,[0.0379895  0.07354492 0.10243166 0.16329697],[0.01959794 0.05567589 0.06602894 0.13246842],[11.378371 22.170986 31.022484 49.477345],[ 5.7388577 16.648369  20.039982  40.02058  ],[8.24924   8.219949  8.2082615 8.145622 ],[0.1010893  0.12320725 0.12528178 0.26386392],[8.285105 8.289517 8.293083 8.295244],[0.09349079 0.10003035 0.1076677  0.11564252]
DDK8,E,2e-07,33,True,False,TDD,vanilla,10,[0.05085926 0.07987127 0.12050913 0.15006274],[0.03271734 0.06755303 0.07847549 0.10145892],[15.328368 24.292463 36.931927 46.2631  ],[ 9.772024 20.732916 24.17527  31.018759],[8.240578 8.220903 8.192077 8.1738  ],[0.1205998  0.14124489 0.14535613 0.17679033],[8.293463 8.300457 8.306935 8.31096 ],[0.1121941  0.1177948  0.12364822 0.1286118 ]
DDK8,E,2e-07,36,True,False,TDD,vanilla,10,[0.04845735 0.08743931 0.1293508  0.18856336],[0.03011792 0.07464743 0.0957384  0.1368462 ],[14.217766 25.372574 37.60797  55.035645],[ 8.655614 20.1626   26.334875 38.917336],[8.212646 8.174546 8.140445 8.093802],[0.11267266 0.14171566 0.16279376 0.21373744],[8.260142  8.257455  8.2576065 8.260585 ],[0.10467414 0.11562987 0.12960932 0.14268412]
DDK8,E,2e-07,42,True,False,TDD,vanilla,10,[0.06064633 0.1021983  0.15594338 0.19220409],[0.03665233 0.06459041 0.09898056 0.1127299 ],[18.265833 30.615746 47.00005  58.15331 ],[11.304127 20.051445 31.16838  36.96364 ],[8.225393 8.183389 8.135457 8.109273],[0.10996024 0.13083096 0.14585274 0.16546388],[8.285831 8.281849 8.27859  8.276519],[0.10005278 0.10973753 0.12256967 0.13150124]
DDK8,E,4e-07,3,True,False,TDD,vanilla,10,[0.02413927 0.02570322 0.02849944 0.03409433],[0.00972847 0.01005949 0.01121849 0.01438166],[ 7.2385445  7.7062836  8.544073  10.222147 ],[2.9212217 3.0247536 3.3814795 4.343152 ],[8.269694 8.266949 8.263917 8.260043],[0.0319276  0.03360092 0.03548902 0.0375799 ],[8.288958 8.288684 8.288403 8.288102],[0.02915174 0.03073189 0.03247377 0.03435929]
DDK8,E,4e-07,6,True,False,TDD,vanilla,10,[0.02769151 0.03090545 0.03677443 0.04675092],[0.01034419 0.0110543  0.01294608 0.01700797],[ 8.300436  9.258549 11.012612 14.001979],[3.1582189 3.3732781 3.9376357 5.1615167],[8.26226  8.257699 8.251064 8.241855],[0.04177891 0.04598171 0.05066641 0.05569999],[8.284499 8.284238 8.283938 8.283622],[0.03912413 0.0432141  0.04740655 0.05164111]
DDK8,E,4e-07,9,True,False,TDD,vanilla,10,[0.03070444 0.0351012  0.04275404 0.05424801],[0.01073499 0.01173981 0.01613721 0.02311329],[ 9.195846 10.51233  12.813262 16.276117],[3.284221  3.6172225 5.0107756 7.2228184],[8.256051 8.249157 8.239288 8.22805 ],[0.0537668  0.05972728 0.06645405 0.07410283],[8.280015 8.279101 8.278396 8.278026],[0.05211917 0.05833429 0.06446901 0.0706116 ]
DDK8,E,4e-07,12,True,False,TDD,vanilla,10,[0.03248345 0.04188975 0.05481392 0.07317746],[0.01299893 0.01808329 0.02411571 0.03753853],[ 9.771618 12.614978 16.54751  22.158823],[ 3.9979644  5.547584   7.505405  11.696685 ],[8.259322 8.249009 8.235336 8.220909],[0.0674709  0.0762203  0.08412599 0.09209673],[8.285689 8.28714  8.288548 8.289801],[0.06437866 0.07084928 0.07688569 0.08259344]
DDK8,E,4e-07,15,True,False,TDD,vanilla,10,[0.03314779 0.04582642 0.06096644 0.08715439],[0.01067033 0.0182144  0.0272413  0.05706489],[ 9.943128 13.740867 18.3253   26.35613 ],[ 3.203475  5.362421  8.103346 17.62134 ],[8.26014  8.245999 8.233465 8.219797],[0.07810011 0.09015729 0.10266075 0.11069565],[8.288774 8.291263 8.293829 8.296032],[0.07523514 0.08273138 0.09050899 0.09828036]
DDK8,E,4e-07,18,True,False,TDD,vanilla,10,[0.03562694 0.05614518 0.07440696 0.11593433],[0.01426407 0.03478084 0.04600833 0.09320311],[10.640808 16.716616 22.098589 34.443348],[ 4.3804054 10.410318  13.54238   27.569508 ],[8.249639 8.225238 8.207322 8.185552],[0.07181673 0.08570777 0.0987605  0.11126841],[8.27856  8.276338 8.274124 8.272226],[0.06968126 0.07664183 0.08386724 0.09061535]
DDK8,E,4e-07,21,True,False,TDD,vanilla,10,[0.04226083 0.06381434 0.08451241 0.12231915],[0.0168827  0.03371771 0.05157798 0.08671087],[12.644556 19.056503 25.078463 36.19374 ],[ 5.166592 10.115788 15.038882 24.723652],[8.240116 8.214818 8.202773 8.175116],[0.09534584 0.11424538 0.12776269 0.14123258],[8.276323 8.276242 8.275361 8.274577],[0.09324113 0.10310401 0.11220799 0.12068646]
DDK8,E,4e-07,24,True,False,TDD,vanilla,10,[0.04511676 0.0652303  0.08811678 0.12318061],[0.02056301 0.03502795 0.04483353 0.0758403 ],[13.505131 19.62865  26.806543 37.78459 ],[ 5.985429 10.427265 13.96859  23.843258],[8.247665 8.231045 8.221809 8.197588],[0.10231293 0.11508623 0.11768486 0.13938935],[8.286703 8.293116 8.298703 8.30418 ],[0.09379449 0.09931406 0.10363212 0.10734849]
DDK8,E,4e-07,27,True,False,TDD,vanilla,10,[0.04560065 0.06949361 0.09186736 0.13030712],[0.02105291 0.05271498 0.06027275 0.09616493],[13.535208 20.604467 27.582504 39.570164],[ 6.1176453 14.611337  17.82806   30.245037 ],[8.235904 8.214757 8.207272 8.176501],[0.09644766 0.10984915 0.11355403 0.13899554],[8.276787 8.280539 8.284522 8.288042],[0.08973086 0.09296609 0.09940286 0.10667291]
DDK8,E,4e-07,33,True,False,TDD,vanilla,10,[0.05428854 0.07631858 0.11265519 0.14282195],[0.02899056 0.04862503 0.07038982 0.0888186 ],[16.098793 22.639793 33.3214   42.675037],[ 8.372251 14.460627 20.043217 26.931555],[8.224885 8.199806 8.169419 8.149564],[0.12172677 0.12715596 0.1438878  0.148345  ],[8.277195 8.275805 8.276591 8.27708 ],[0.10656009 0.10650315 0.10475279 0.10291509]
DDK8,E,4e-07,36,True,False,TDD,vanilla,10,[0.05717761 0.0743667  0.10649895 0.15242991],[0.03408389 0.04101174 0.06322099 0.16413616],[17.177095 22.35834  31.79135  45.76752 ],[10.112224 12.333628 18.661446 50.440125],[8.236044 8.216665 8.182969 8.165842],[0.1256093  0.13680989 0.14907311 0.14931639],[8.287193 8.285667 8.282404 8.278148],[0.11921629 0.12636288 0.12809068 0.12669323]
DDK8,E,4e-07,42,True,False,TDD,vanilla,10,[0.05894182 0.08708885 0.12681493 0.15672384],[0.02901557 0.0531114  0.09611423 0.0963611 ],[17.666767 26.080568 37.96366  47.197384],[ 8.808569 16.57263  29.058075 30.932705],[8.227155 8.19619  8.169901 8.138627],[0.11084724 0.13022272 0.14177246 0.15419328],[8.284267 8.282584 8.279294 8.275064],[0.1008014  0.10741474 0.11493791 0.12366353]
DDK8,B,5e-08,3,True,False,TDD,vanilla,15,[0.01408129 0.02120482 0.03866428 0.06950868],[0.00460186 0.00976039 0.02857495 0.05690324],[ 3.2571619  4.5564494  7.9170246 14.321545 ],[ 1.0084385  1.9696783  5.154799  11.113618 ],[8.297722 8.293606 8.282041 8.259562],[0.28767017 0.29974627 0.31184593 0.32411993],[8.310017 8.311025 8.311322 8.311014],[0.28663874 0.29886186 0.31123886 0.32331756]
DDK8,B,5e-08,6,True,False,TDD,vanilla,15,[0.02229712 0.05577762 0.12843587 0.23043062],[0.0113833  0.04670378 0.12270667 0.20762454],[ 4.2687306 10.16497   24.24319   46.159565 ],[ 1.7192622  7.524933  20.755098  39.300568 ],[8.182773  8.157482  8.09008   7.9662056],[0.39675525 0.4157497  0.4626932  0.5642721 ],[8.200852 8.201836 8.201868 8.201473],[0.3916575  0.39977843 0.40850884 0.41598985]
DDK8,B,5e-08,9,True,False,TDD,vanilla,15,[0.03419577 0.10543349 0.2289511  0.3836187 ],[0.02530463 0.10569523 0.20459963 0.31811106],[ 6.4418635 20.086597  48.552944  85.49603  ],[ 3.904599 19.745472 47.324448 75.00192 ],[8.2252    8.172863  8.035844  7.7814684],[0.4458747  0.4781498  0.56403184 0.81913584],[8.251503 8.261046 8.269067 8.268887],[0.43901262 0.44828582 0.46303815 0.4847499 ]
DDK8,B,5e-08,12,True,False,TDD,vanilla,15,[0.05430911 0.19419228 0.3833964  0.5346634 ],[0.04284886 0.20099364 0.32516062 0.3655225 ],[  8.979815  33.351875  73.15559  118.54377 ],[ 6.2659664 29.625862  59.13564   87.5853   ],[8.12818   8.00624   7.7280464 7.3047166],[0.43490383 0.53096414 0.8187907  1.329063  ],[8.1689005 8.177474  8.178661  8.1839   ],[0.42534223 0.456648   0.4968093  0.52424604]
DDK8,B,5e-08,15,True,False,TDD,vanilla,15,[0.09502408 0.32022873 0.55208534 0.7116722 ],[0.12012774 0.27150378 0.4316744  0.42162746],[ 15.490948  68.675705 126.220505 181.31708 ],[ 12.360644  59.999435  98.773026 126.05633 ],[8.233943  7.9372144 7.457678  6.925408 ],[0.55244035 0.76314956 1.1946831  1.4771113 ],[8.301512 8.301376 8.295099 8.286509],[0.5188588  0.5244441  0.5284308  0.55424315]
DDK8,B,5e-08,18,True,False,TDD,vanilla,15,[0.17340401 0.60769475 0.7800839  0.90639013],[0.16603236 0.478913   0.43779016 0.37354097],[ 31.585339 123.403625 191.74757  243.53307 ],[ 31.174042  95.99534  131.021    151.77513 ],[7.9879847 7.267727  6.6037884 6.097002 ],[0.59156203 1.1397647  1.4810115  1.6477476 ],[8.143847 8.165355 8.19014  8.226463],[0.5570067  0.5532856  0.5880717  0.64253396]
DDK8,B,5e-08,21,True,False,TDD,vanilla,15,[0.2183216  0.63667405 0.853327   0.9465044 ],[0.23081504 0.4393881  0.44235954 0.3679088 ],[ 40.893852 143.41397  202.17473  241.78555 ],[ 41.69676  113.481926 131.42143  132.39815 ],[7.9011693 7.0107336 6.3041325 5.933522 ],[0.6747868 1.2743087 1.6730376 1.5782441],[8.123272 8.136701 8.135805 8.15118 ],[0.5637358  0.5555875  0.58310056 0.62311333]
DDK8,B,5e-08,24,True,False,TDD,vanilla,15,[0.2758634  0.64647317 0.7888966  0.90709144],[0.34769523 0.56449485 0.45453927 0.30981335],[ 53.252758 153.11012  208.02228  251.40347 ],[ 67.22337 133.06302 138.12038 137.6665 ],[7.996277  7.041855  6.4912777 5.9674587],[0.7003028 1.5467175 1.6245422 1.6574305],[8.270131 8.258452 8.255482 8.262504],[0.5118271  0.51376563 0.5234589  0.57083213]
DDK8,B,5e-08,27,True,False,TDD,vanilla,15,[0.32494774 0.7170532  0.85543    0.94280654],[0.31501174 0.4297971  0.41015154 0.3307352 ],[ 59.15337 158.37862 209.91011 242.99088],[ 67.22617 124.60817 132.40065 127.23593],[7.842189  6.7748065 6.273204  5.7541075],[0.68643326 1.5817413  1.5713564  1.6694262 ],[8.164666 8.149782 8.144778 8.15001 ],[0.5907433 0.6523984 0.6741813 0.6614096]
DDK8,B,5e-08,33,True,False,TDD,vanilla,15,[0.7050151 1.0305854 1.2159374 1.3282051],[0.6885481  0.85142297 0.7505953  1.0276703 ],[134.05959 214.12166 283.5453  296.63513],[132.70958 160.62407 172.98604 151.3526 ],[7.422138 6.57792  5.815351 5.364027],[1.1205992 1.5284308 1.6932074 1.699532 ],[8.244222 8.21752  8.208188 8.190938],[0.59182024 0.6487663  0.6651303  0.6921988 ]
DDK8,B,5e-08,36,True,False,TDD,vanilla,15,[1.1897281 1.3307987 1.606555  1.5740486],[1.4232327  0.9615781  0.94838333 1.21744   ],[208.94781 266.10907 336.45715 342.70746],[181.01984 144.27213 162.26437 159.93854],[6.9034443 5.9619427 5.600215  4.9380817],[1.5383689 1.8106503 1.4686952 1.5118749],[8.266978 8.223077 8.203336 8.203679],[0.6390856  0.63954604 0.61311203 0.6540083 ]
DDK8,B,5e-08,42,True,False,TDD,vanilla,15,[1.2505631 1.3409637 1.5960019 1.6186274],[1.1056087  0.82354707 1.0305594  2.5344641 ],[235.60475 290.82468 380.07462 389.75388],[242.11789 178.42108 244.22826 458.16913],[6.690559  6.0009117 5.1144624 4.9646087],[1.5768639 1.3792177 1.3811321 1.4981844],[8.1687   8.187472 8.230034 8.259732],[0.55716753 0.59658355 0.6257369  0.63968194]
DDK8,B,2e-07,3,True,False,TDD,vanilla,15,[0.02942672 0.03584269 0.04998541 0.07473284],[0.00972484 0.0132732  0.02342238 0.0422188 ],[ 6.9029765  8.258756  11.456598  17.285515 ],[1.8805977 2.5981417 5.0756764 9.9845   ],[8.105485 8.101987 8.091654 8.069703],[0.40708697 0.4133268  0.42130205 0.43245345],[8.140387 8.142667 8.144901 8.14683 ],[0.4020315  0.40776485 0.41400665 0.42071086]
DDK8,B,2e-07,6,True,False,TDD,vanilla,15,[0.03678503 0.06041774 0.11255945 0.19379835],[0.01395549 0.03124204 0.07024662 0.12952498],[ 8.812511 14.3059   26.967468 47.321766],[ 2.6769402  6.2445364 15.48209   29.355179 ],[8.160944 8.141888 8.089607 7.991195],[0.38074023 0.39504063 0.4245434  0.4829236 ],[8.200198 8.203735 8.207059 8.210534],[0.37354088 0.3805655  0.3896417  0.39972013]
DDK8,B,2e-07,9,True,False,TDD,vanilla,15,[0.04601637 0.09774798 0.20506908 0.34421593],[0.014696   0.04926603 0.1229294  0.20284343],[11.143071 24.526527 53.640507 92.76028 ],[ 4.0317054 15.639881  40.685825  70.1752   ],[8.166739  8.1106    7.973169  7.7416735],[0.411131   0.4107744  0.42805728 0.5179312 ],[8.216351 8.215251 8.214624 8.214304],[0.40763524 0.41026485 0.41645423 0.42503932]
DDK8,B,2e-07,12,True,False,TDD,vanilla,15,[0.07114995 0.1932625  0.38277355 0.54680634],[0.04152898 0.16763937 0.32202324 0.38067013],[ 15.017289  40.818417  83.59838  127.691124],[ 6.943597 30.553867 62.98783  86.44593 ],[8.041275  7.8693395 7.4995832 7.088374 ],[0.46775678 0.6130949  1.0084008  1.3187124 ],[8.120098  8.1142645 8.112743  8.113856 ],[0.43833014 0.4555621  0.47286943 0.49387443]
DDK8,B,2e-07,15,True,False,TDD,vanilla,15,[0.08902348 0.28235558 0.46521986 0.62478215],[0.05998053 0.22051504 0.2989753  0.3114123 ],[ 19.883177  67.88387  123.14885  176.38763 ],[ 11.667318  51.180103  87.60186  109.434235],[8.098871 7.828951 7.435225 6.952907],[0.5156011  0.69023204 0.9856799  1.3028965 ],[8.197627 8.204034 8.217083 8.230654],[0.48526046 0.50316983 0.5246719  0.5439685 ]
DDK8,B,2e-07,18,True,False,TDD,vanilla,15,[0.12012693 0.36267877 0.56196576 0.7028079 ],[0.09396036 0.28308368 0.3510502  0.3263818 ],[ 26.18483  88.70779 144.64804 192.74092],[ 20.934065  76.044174 104.46029  118.44497 ],[8.038114  7.625624  7.1432323 6.7126174],[0.52088267 0.8810865  1.2489997  1.3893329 ],[8.1638975 8.175692  8.188434  8.202102 ],[0.48944053 0.50745434 0.51854205 0.5220388 ]
DDK8,B,2e-07,21,True,False,TDD,vanilla,15,[0.19105618 0.55931467 0.73940814 0.86780185],[0.14924257 0.35602462 0.35436645 0.30026302],[ 44.02253 142.85709 196.06781 236.43217],[ 30.952353  90.722404 108.4481   113.186066],[7.9641542 7.151129  6.399039  5.833614 ],[0.5217536 1.0773084 1.4854044 1.502287 ],[8.188612 8.176667 8.144227 8.140654],[0.44568112 0.44044286 0.4572289  0.47989473]
DDK8,B,2e-07,24,True,False,TDD,vanilla,15,[0.23026311 0.5952964  0.7823832  0.8787833 ],[0.2020131  0.3866553  0.37571618 0.29694554],[ 51.226444 145.59175  204.43974  249.34012 ],[ 44.045147  94.212    105.025116 116.941574],[7.834201  6.9518824 6.331585  5.883102 ],[0.6678613 1.3909346 1.5577221 1.5886317],[8.138821 8.121225 8.131564 8.179233],[0.5049219  0.5401905  0.55457497 0.5767097 ]
DDK8,B,2e-07,27,True,False,TDD,vanilla,15,[0.27448252 0.6163536  0.7917142  0.92877144],[0.29975072 0.39872408 0.3532897  0.32757792],[ 63.226856 156.20197  208.89124  249.43524 ],[ 67.78864  111.57485  110.84197  107.891754],[7.8273406 6.9931583 6.3142333 5.823129 ],[0.801906  1.390644  1.596178  1.5177413],[8.195908 8.177614 8.161719 8.149493],[0.58492225 0.5956014  0.5773279  0.5629562 ]
DDK8,B,2e-07,33,True,False,TDD,vanilla,15,[0.54960805 0.82913834 1.0199314  1.0710181 ],[0.5339136  0.46050262 0.4300016  0.32132262],[119.88239 207.75403 264.65698 288.03195],[106.395   126.63574 127.22412 119.94122],[7.3386474 6.3286805 5.649295  5.3473506],[0.9790217 1.4453392 1.521445  1.4417983],[8.113809 8.133947 8.133893 8.112729],[0.5259433  0.55339056 0.55033195 0.5765365 ]
DDK8,B,2e-07,36,True,False,TDD,vanilla,15,[0.5435106 0.881636  1.0841262 1.1720824],[0.5633463  0.68955696 0.57005066 0.4456026 ],[123.374954 200.27258  260.40607  286.57724 ],[121.5707  123.9717  133.58511 119.92362],[7.308638 6.51809  5.732455 5.278108],[1.2115664 1.5765542 1.5912938 1.3810189],[8.202237 8.165164 8.124358 8.063301],[0.48082286 0.5317794  0.5752137  0.61029977]
DDK8,B,2e-07,42,True,False,TDD,vanilla,15,[0.84097695 1.1133909  1.2468394  1.265345  ],[0.82397246 0.589959   0.5551901  0.51882106],[178.8319  278.41028 311.04828 317.82104],[165.13313 183.64586 162.04092 130.42412],[6.944763  5.968561  5.500799  5.0199876],[1.3654938 1.494968  1.3454608 1.2213023],[8.116588  8.1407385 8.108494  8.074529 ],[0.5461969 0.5206076 0.5220433 0.5106325]
DDK8,B,4e-07,3,True,False,TDD,vanilla,15,[0.06864841 0.07364252 0.08516878 0.10538349],[0.02946103 0.03091122 0.03410488 0.04225812],[17.485607 18.742922 21.797419 27.282925],[6.4394083 6.6762285 7.4395337 9.76491  ],[8.12389  8.121542 8.113737 8.096664],[0.35516283 0.36142963 0.368449   0.37797037],[8.20847  8.210395 8.212237 8.213969],[0.3344236  0.33968472 0.345037   0.3505006 ]
DDK8,B,4e-07,6,True,False,TDD,vanilla,15,[0.07846704 0.09598483 0.13567516 0.19948365],[0.0303149  0.03601304 0.05824916 0.09646985],[19.480192 24.14255  34.884228 52.413795],[ 8.002961  9.88797  16.621397 28.40961 ],[8.091043  8.072735  8.025408  7.9401703],[0.33493075 0.34232107 0.35830474 0.3921691 ],[8.184885 8.185724 8.186444 8.187491],[0.3219428  0.32802498 0.33519444 0.34295762]
DDK8,B,4e-07,9,True,False,TDD,vanilla,15,[0.08876701 0.13042997 0.21517633 0.32682392],[0.04321839 0.06626214 0.1318941  0.21661073],[21.887024 32.544518 55.139137 85.780556],[10.874272 16.567072 34.233627 56.49145 ],[8.0839405 8.032493  7.903986  7.68835  ],[0.35571927 0.36152002 0.40756312 0.55368674],[8.193824  8.191843  8.1865635 8.178488 ],[0.33316842 0.33920407 0.35002944 0.36504003]
DDK8,B,4e-07,12,True,False,TDD,vanilla,15,[0.10613713 0.17941831 0.30741847 0.43944195],[0.03982324 0.08909953 0.17821579 0.24053457],[ 26.160427  45.374115  80.10748  119.73308 ],[10.560951 23.013721 49.47361  73.43396 ],[8.024937  7.924048  7.6876545 7.36696  ],[0.34933108 0.39396492 0.585749   0.82733876],[8.155842 8.160818 8.163987 8.167347],[0.32843766 0.33568707 0.35014966 0.36756453]
DDK8,B,4e-07,15,True,False,TDD,vanilla,15,[0.13517953 0.29883352 0.46314678 0.6125248 ],[0.06574018 0.19016343 0.2784705  0.30956107],[ 32.62979   75.00913  120.360374 164.5999  ],[15.392089 50.05803  74.980095 89.587685],[7.9823475 7.713458  7.324265  6.8629527],[0.45520392 0.6331626  0.9841608  1.2801096 ],[8.153601 8.155079 8.152278 8.149134],[0.4101913  0.43171167 0.44939846 0.460384  ]
DDK8,B,4e-07,18,True,False,TDD,vanilla,15,[0.16473427 0.4011041  0.58663064 0.70930827],[0.08930919 0.25443727 0.3234701  0.29924494],[ 38.86106 101.92536 155.99315 197.08037],[ 20.656689  72.609764  99.111626 105.20355 ],[7.9193687 7.455307  6.908968  6.487982 ],[0.49505347 0.8102339  1.1222104  1.2509658 ],[8.1320305 8.13783   8.141356  8.146609 ],[0.42991513 0.4332563  0.4316455  0.42852738]
DDK8,B,4e-07,21,True,False,TDD,vanilla,15,[0.17107424 0.42796153 0.6094563  0.7550058 ],[0.0900685  0.24118432 0.2834857  0.25679544],[ 42.85134  118.203964 173.46834  217.76488 ],[ 23.507786  82.922966 108.842896 121.16803 ],[7.9418445 7.42664   6.8672886 6.296145 ],[0.45168102 0.7502662  1.0409582  1.197953  ],[8.166336 8.156872 8.151517 8.130608],[0.39600894 0.41945392 0.43816084 0.45606455]
DDK8,B,4e-07,24,True,False,TDD,vanilla,15,[0.22269039 0.5197358  0.69288224 0.8214917 ],[0.13093054 0.28551975 0.28717655 0.23840135],[ 56.215927 145.21933  204.25967  248.06041 ],[ 33.649544  90.3828   111.940895 109.87795 ],[7.898863  7.180824  6.565859  6.0780005],[0.49068657 1.0322556  1.2619144  1.2773981 ],[8.199759 8.205041 8.207555 8.21912 ],[0.404768   0.4265331  0.43737403 0.43781117]
DDK8,B,4e-07,27,True,False,TDD,vanilla,15,[0.27539495 0.5923806  0.75970113 0.865728  ],[0.18903188 0.33894777 0.30925146 0.24637489],[ 68.140945 153.39117  203.62305  239.4258  ],[46.503036 87.11025  90.604706 85.75005 ],[7.7449436 6.8800926 6.217602  5.898501 ],[0.5738097 1.1321448 1.33868   1.2359549],[8.149215 8.11694  8.104062 8.116798],[0.3806188  0.3709262  0.37762547 0.39070326]
DDK8,B,4e-07,33,True,False,TDD,vanilla,15,[0.49461097 0.7564045  0.98199683 1.0024519 ],[0.37484735 0.3490485  0.39483616 0.3059162 ],[129.67368 224.56432 290.83896 294.04892],[ 96.34298  134.92471  131.54082  102.885765],[7.4300246 6.5330477 5.8667846 5.622624 ],[0.93201333 1.2710466  1.2488526  1.2246102 ],[8.246285 8.265709 8.252912 8.226303],[0.46850497 0.45464966 0.43810764 0.45476887]
DDK8,B,4e-07,36,True,False,TDD,vanilla,15,[0.5759701 0.8403125 1.0417885 1.0795624],[0.45283854 0.38951045 0.53135145 0.37614375],[133.02225 212.76585 275.28006 302.20557],[107.083275 108.30093  116.664986 100.071526],[7.103361  6.1444926 5.531998  5.2442956],[0.989478  1.3494198 1.313206  1.1642977],[8.057566 8.079075 8.129921 8.168677],[0.40291405 0.39826265 0.40041897 0.40959847]
DDK8,B,4e-07,42,True,False,TDD,vanilla,15,[0.86798495 1.0452446  1.1668177  1.1034658 ],[0.8656478  0.74292004 0.5508145  0.2690003 ],[202.6598  265.27042 312.06952 308.6247 ],[206.84673 154.00212 156.21738 110.81531],[6.7909737 6.015556  5.529297  5.325051 ],[1.3401611 1.4072351 1.2103364 1.0424958],[8.131211  8.1205845 8.131761  8.168282 ],[0.45830318 0.46788168 0.48357803 0.44281054]
DDK8,E,5e-08,3,True,False,TDD,vanilla,15,[0.00457873 0.00538382 0.00735899 0.01203262],[0.00134585 0.00162725 0.0030725  0.00626936],[1.3518904 1.5818363 2.1495106 3.5130918],[0.39694056 0.46848652 0.8811026  1.837928  ],[8.271248  8.268134  8.264529  8.2599325],[0.10758151 0.10826146 0.10928119 0.11063987],[8.275205 8.273342 8.271564 8.269935],[0.10735612 0.10797671 0.10877378 0.10978284]
DDK8,E,5e-08,6,True,False,TDD,vanilla,15,[0.00537634 0.00758839 0.01314964 0.02376892],[0.00163435 0.00401238 0.01022853 0.02098469],[1.5750483 2.1982229 3.8094654 6.9781847],[0.44658342 1.0912623  2.8724196  6.0686927 ],[8.271371 8.269459 8.265064 8.257441],[0.11339874 0.11562969 0.1183891  0.12153909],[8.276046 8.276881 8.277935 8.278976],[0.11304259 0.11515557 0.11746033 0.11958142]
DDK8,E,5e-08,9,True,False,TDD,vanilla,15,[0.00654496 0.01193117 0.02323265 0.0418333 ],[0.00279086 0.01048343 0.02497197 0.04329045],[ 1.9466199  3.5687873  7.0246925 12.598259 ],[ 0.8328651  3.2926242  7.9100523 13.13537  ],[8.288124 8.283728 8.271957 8.252249],[0.12757196 0.1297687  0.13545045 0.14911385],[8.294175 8.29685  8.298473 8.298301],[0.12703064 0.12796013 0.1290341  0.13212258]
DDK8,E,5e-08,12,True,False,TDD,vanilla,15,[0.0080435  0.01833162 0.03537247 0.05935974],[0.00389176 0.01421427 0.02902953 0.04609896],[ 2.3082464  5.2715955 10.223383  17.321556 ],[ 1.1267397  4.1772404  8.657666  14.137147 ],[8.238165 8.222072 8.195581 8.16523 ],[0.1093128  0.11368158 0.12452247 0.14103767],[8.245988  8.241977  8.236683  8.2317295],[0.10888108 0.11287002 0.11957742 0.12670901]
DDK8,E,5e-08,15,True,False,TDD,vanilla,15,[0.01036819 0.03133169 0.06108685 0.10123563],[0.00613908 0.030301   0.05751426 0.08203042],[ 3.0161011  9.161609  18.021534  30.186928 ],[ 1.7919989  9.058283  17.236897  25.397112 ],[8.252134  8.225137  8.186594  8.1479645],[0.13578309 0.14585312 0.16625658 0.18319376],[8.262611  8.2612095 8.260151  8.261041 ],[0.13493809 0.13911162 0.14343643 0.14577541]
DDK8,E,5e-08,18,True,False,TDD,vanilla,15,[0.01441515 0.04095502 0.07691418 0.13097788],[0.01096806 0.03695029 0.06599082 0.0944726 ],[ 4.174477 12.233023 23.166067 39.640713],[ 3.215929 11.242236 20.424807 29.78085 ],[8.266593 8.233349 8.194435 8.150091],[0.13603453 0.1499105  0.17699917 0.18793122],[8.281872 8.281912 8.279536 8.27891 ],[0.13541299 0.14105983 0.14464794 0.14809406]
DDK8,E,5e-08,21,True,False,TDD,vanilla,15,[0.0186304  0.06117712 0.10157606 0.15424034],[0.01422928 0.06024275 0.07989317 0.10890191],[ 5.5702147 18.464664  30.641813  46.040443 ],[ 4.264871 18.234306 24.652977 32.49632 ],[8.286888 8.235075 8.189365 8.130472],[0.14772947 0.15539667 0.17972824 0.21541752],[8.307358 8.301056 8.291944 8.288347],[0.14678083 0.14288229 0.1493194  0.15211837]
DDK8,E,5e-08,24,True,False,TDD,vanilla,15,[0.02583622 0.06997935 0.11947583 0.18905394],[0.02189564 0.06005957 0.10197467 0.13366975],[ 7.6427484 21.059246  35.49814   56.439213 ],[ 6.4915013 18.571362  30.536726  40.177383 ],[8.258822 8.201519 8.150693 8.088781],[0.13577591 0.15442939 0.20940158 0.23259287],[8.2875   8.278505 8.268627 8.264957],[0.13044433 0.1344253  0.15097398 0.16351572]
DDK8,E,5e-08,27,True,False,TDD,vanilla,15,[0.02507681 0.07595713 0.12673464 0.20731777],[0.02077286 0.07607923 0.11244604 0.17040204],[ 7.3912945 23.085752  39.104546  63.427433 ],[ 6.100645 23.733158 35.60254  52.505093],[8.251196  8.197324  8.1626215 8.062985 ],[0.13486342 0.17137358 0.19562365 0.3196308 ],[8.279845  8.286421  8.2941885 8.295663 ],[0.12928064 0.14179233 0.13784619 0.14801458]
DDK8,E,5e-08,33,True,False,TDD,vanilla,15,[0.05664033 0.11479854 0.19231386 0.25217086],[0.06030423 0.11823557 0.16944802 0.17480563],[16.749117 34.20244  57.288715 75.04735 ],[18.066944 34.740086 48.537056 50.982212],[8.220676 8.159514 8.082455 8.009707],[0.1646     0.2006272  0.23905191 0.30563742],[8.287059 8.28844  8.283365 8.28227 ],[0.14250225 0.14087309 0.1485409  0.15866236]
DDK8,E,5e-08,36,True,False,TDD,vanilla,15,[0.05870112 0.12143243 0.20574589 0.27504215],[0.06071672 0.1238932  0.17992705 0.1972909 ],[17.560694 36.56864  61.537174 83.21279 ],[18.433277 39.390385 51.314625 59.623585],[8.21284  8.147702 8.084623 8.011727],[0.18399659 0.26846975 0.25252435 0.3077062 ],[8.281623 8.287588 8.29217  8.30194 ],[0.16172272 0.17149195 0.17695847 0.17350179]
DDK8,E,5e-08,42,True,False,TDD,vanilla,15,[0.06383611 0.1285988  0.20749378 0.27310994],[0.05428281 0.09380658 0.13107412 0.1552678 ],[18.920809 37.753918 61.66017  82.01423 ],[16.13601  26.42726  38.22224  48.151142],[8.210719 8.132916 8.046753 7.953709],[0.17404081 0.19980678 0.25099438 0.3121167 ],[8.2850485 8.277092  8.275991  8.2751875],[0.15040708 0.15980272 0.16346732 0.16856034]
DDK8,E,2e-07,3,True,False,TDD,vanilla,15,[0.01883212 0.01952688 0.02146986 0.02591146],[0.00820584 0.0083175  0.00898359 0.01105721],[5.6504726 5.858919  6.4402027 7.770564 ],[2.4603593 2.4924746 2.6864595 3.301852 ],[8.269195  8.2682085 8.266731  8.264212 ],[0.04116599 0.04220765 0.04341153 0.04490453],[8.280581 8.280627 8.280685 8.280739],[0.0395242  0.04055545 0.04168786 0.04291362]
DDK8,E,2e-07,6,True,False,TDD,vanilla,15,[0.01724521 0.0194514  0.02452663 0.03394262],[0.00805076 0.00875208 0.01131721 0.01643451],[ 5.2042623  5.8696413  7.4008894 10.247251 ],[2.4194329 2.6461682 3.441798  5.0487714],[8.28234  8.279849 8.27464  8.26669 ],[0.04442544 0.04825096 0.0531556  0.05894085],[8.293882 8.294106 8.294251 8.294382],[0.04388142 0.04748659 0.05115881 0.05493952]
DDK8,E,2e-07,9,True,False,TDD,vanilla,15,[0.01982538 0.02375257 0.03171885 0.04307008],[0.00991246 0.01169142 0.01682551 0.02267303],[ 6.002372  7.181618  9.576498 12.999054],[2.9959264 3.5200272 5.0579247 6.8345923],[8.279931 8.275686 8.26676  8.25594 ],[0.06172371 0.06876568 0.07768681 0.08747568],[8.294298 8.295323 8.296029 8.296503],[0.05927263 0.06526424 0.07138937 0.07772422]
DDK8,E,2e-07,12,True,False,TDD,vanilla,15,[0.02033447 0.02785081 0.04192588 0.05982513],[0.00875468 0.01381325 0.02949394 0.05154501],[ 6.1260777  8.398313  12.642688  18.055614 ],[ 2.5984945  4.169484   8.970677  15.701703 ],[8.277589 8.26894  8.253415 8.235896],[0.07068874 0.07793418 0.09165432 0.10861706],[8.292669 8.293591 8.29417  8.294293],[0.06883647 0.07497934 0.08134437 0.08748709]
DDK8,E,2e-07,15,True,False,TDD,vanilla,15,[0.02588069 0.04196513 0.06002773 0.08595493],[0.01149431 0.02678405 0.04572884 0.07518353],[ 7.774213 12.605696 18.054873 25.87275 ],[ 3.495136  8.090033 13.810868 22.679333],[8.2598715 8.242486  8.223449  8.205691 ],[0.06871244 0.07924265 0.09718449 0.12461954],[8.278367 8.277282 8.276983 8.276869],[0.06547173 0.07076035 0.07667465 0.08393777]
DDK8,E,2e-07,18,True,False,TDD,vanilla,15,[0.02550537 0.04605843 0.07017843 0.11600463],[0.01109013 0.02953025 0.0524905  0.10174065],[ 7.6022844 13.654947  20.820005  34.441486 ],[ 3.2793336  8.595501  15.525056  30.15082  ],[8.252995 8.231096 8.215279 8.194301],[0.08260962 0.09797112 0.10918913 0.12286284],[8.273221 8.273726 8.274927 8.276924],[0.07880081 0.08553309 0.09271665 0.09996614]
DDK8,E,2e-07,21,True,False,TDD,vanilla,15,[0.0286181  0.05372958 0.07931128 0.11601344],[0.01357764 0.03785222 0.05008524 0.08690023],[ 8.590862 16.072617 23.761526 34.93025 ],[ 4.072077 11.084191 14.704874 26.268456],[8.267058 8.242466 8.224037 8.200854],[0.09371786 0.10995345 0.12600492 0.13392301],[8.2915325 8.292838  8.293352  8.293094 ],[0.09075397 0.09886748 0.10661584 0.11423081]
DDK8,E,2e-07,24,True,False,TDD,vanilla,15,[0.03396505 0.06273405 0.09354279 0.14200832],[0.02395988 0.04525543 0.07922383 0.13222848],[10.189432 18.64139  27.774155 42.663677],[ 7.220315 13.378836 23.591719 42.138943],[8.253987 8.218863 8.197039 8.15191 ],[0.10340663 0.12176269 0.14093058 0.16176002],[8.283634 8.277485 8.2726   8.268844],[0.0970543  0.10391299 0.1116889  0.11914234]
DDK8,E,2e-07,27,True,False,TDD,vanilla,15,[0.03575867 0.07079107 0.09939213 0.15852173],[0.01984092 0.05636459 0.07205258 0.13414618],[10.7074795 21.34564   30.099428  48.042248 ],[ 5.7983646 16.886576  21.840109  40.564568 ],[8.252554 8.22621  8.215713 8.158583],[0.10134691 0.1221403  0.12532881 0.25720158],[8.285105 8.289517 8.293083 8.295244],[0.09349079 0.10003035 0.1076677  0.11564252]
DDK8,E,2e-07,33,True,False,TDD,vanilla,15,[0.04882154 0.07783922 0.11865803 0.14721338],[0.03385553 0.07284266 0.08583572 0.10955433],[14.713985 23.696016 36.409107 45.42134 ],[10.065837 22.538902 26.631552 33.558628],[8.244018 8.226762 8.199262 8.185202],[0.12053165 0.13879703 0.1447188  0.17412192],[8.293463 8.300457 8.306935 8.31096 ],[0.1121941  0.1177948  0.12364822 0.1286118 ]
DDK8,E,2e-07,36,True,False,TDD,vanilla,15,[0.04632368 0.08746521 0.13019745 0.18812847],[0.03185007 0.08654016 0.11108939 0.15076497],[13.600263 25.351294 37.7871   54.889114],[ 9.161594 23.42045  30.415579 42.75462 ],[8.216497  8.179409  8.14807   8.1067705],[0.11244527 0.14505927 0.16346748 0.21238847],[8.260142  8.257455  8.2576065 8.260585 ],[0.10467414 0.11562987 0.12960932 0.14268412]
DDK8,E,2e-07,42,True,False,TDD,vanilla,15,[0.05865922 0.10006437 0.15680507 0.18933032],[0.03838654 0.06805682 0.11213623 0.11875652],[17.686806 29.988121 47.291237 57.30408 ],[11.836838 21.170467 35.128292 38.838253],[8.229134 8.18932  8.141405 8.119986],[0.10949951 0.13104454 0.14628649 0.16535589],[8.285831 8.281849 8.27859  8.276519],[0.10005278 0.10973753 0.12256967 0.13150124]
DDK8,E,4e-07,3,True,False,TDD,vanilla,15,[0.02274174 0.02331085 0.025051   0.02929552],[0.00954292 0.00963863 0.01027446 0.01240166],[6.820936  6.9902043 7.5116334 8.785908 ],[2.8663797 2.8972013 3.0947435 3.7447035],[8.271721 8.27048  8.268817 8.266234],[0.0317648  0.03328582 0.03495392 0.03693829],[8.288958 8.288684 8.288403 8.288102],[0.02915174 0.03073189 0.03247377 0.03435929]
DDK8,E,4e-07,6,True,False,TDD,vanilla,15,[0.02595861 0.02786395 0.03218479 0.04018933],[0.01023902 0.01075837 0.01211964 0.01507013],[ 7.7832727  8.35086    9.642556  12.040179 ],[3.126977 3.283217 3.688054 4.5734  ],[8.264693 8.261999 8.257201 8.250114],[0.04170017 0.04578288 0.05028428 0.05529462],[8.284499 8.284238 8.283938 8.283622],[0.03912413 0.0432141  0.04740655 0.05164111]
DDK8,E,4e-07,9,True,False,TDD,vanilla,15,[0.0287757  0.03180763 0.03802409 0.04779066],[0.01061487 0.01132707 0.01523454 0.02198424],[ 8.619961  9.52823  11.399197 14.346357],[3.2442994 3.4875777 4.73022   6.891295 ],[8.258819 8.253838 8.245835 8.236436],[0.05371687 0.05954503 0.06608405 0.07332297],[8.280015 8.279101 8.278396 8.278026],[0.05211917 0.05833429 0.06446901 0.0706116 ]
DDK8,E,4e-07,12,True,False,TDD,vanilla,15,[0.03030986 0.03833266 0.0496599  0.06612499],[0.01289793 0.01798822 0.02468703 0.03846086],[ 9.124135 11.554649 15.005196 20.035072],[ 3.9692264  5.524882   7.6779447 11.982008 ],[8.262474 8.254157 8.24282  8.230945],[0.06720013 0.07580882 0.08371012 0.09160555],[8.285689 8.28714  8.288548 8.289801],[0.06437866 0.07084928 0.07688569 0.08259344]
DDK8,E,4e-07,15,True,False,TDD,vanilla,15,[0.03084272 0.04156275 0.05582716 0.0798556 ],[0.01054252 0.01763027 0.02725558 0.0566649 ],[ 9.256303 12.465506 16.7811   24.156548],[ 3.1757004  5.1983256  8.097022  17.468548 ],[8.263346 8.252069 8.241268 8.230115],[0.07788815 0.08983024 0.10234369 0.1105437 ],[8.288774 8.291263 8.293829 8.296032],[0.07523514 0.08273138 0.09050899 0.09828036]
DDK8,E,4e-07,18,True,False,TDD,vanilla,15,[0.03309856 0.05165698 0.06967356 0.10961103],[0.01340603 0.03360284 0.04809352 0.09502351],[ 9.88883  15.385101 20.695131 32.534855],[ 4.118437 10.035551 14.110575 27.901678],[8.25297  8.231801 8.215377 8.197561],[0.07141723 0.08457907 0.09671075 0.11025167],[8.27856  8.276338 8.274124 8.272226],[0.06968126 0.07664183 0.08386724 0.09061535]
DDK8,E,4e-07,21,True,False,TDD,vanilla,15,[0.03989102 0.05989992 0.08026797 0.11581881],[0.01688873 0.03409716 0.05475518 0.08980207],[11.944572 17.908735 23.840334 34.286438],[ 5.1769495 10.240929  16.026684  25.693054 ],[8.243686 8.221362 8.211033 8.187088],[0.09483933 0.11269125 0.12681524 0.14038455],[8.276323 8.276242 8.275361 8.274577],[0.09324113 0.10310401 0.11220799 0.12068646]
DDK8,E,4e-07,24,True,False,TDD,vanilla,15,[0.04291654 0.0624249  0.08499142 0.11859866],[0.02075368 0.03665298 0.05006609 0.08073179],[12.848233 18.78823  25.889265 36.417088],[ 6.0496116 10.974733  15.688577  25.402847 ],[8.251084 8.236672 8.229593 8.207775],[0.10206645 0.1146496  0.11707813 0.14099686],[8.286703 8.293116 8.298703 8.30418 ],[0.09379449 0.09931406 0.10363212 0.10734849]
DDK8,E,4e-07,27,True,False,TDD,vanilla,15,[0.04328902 0.06636228 0.08967151 0.12535061],[0.02108308 0.0559742  0.07063691 0.09840143],[12.846286 19.666298 26.892292 38.063053],[ 6.1180444 15.520076  20.607346  30.794004 ],[8.239582  8.220942  8.215263  8.1887245],[0.09595183 0.10857984 0.11281796 0.13282584],[8.276787 8.280539 8.284522 8.288042],[0.08973086 0.09296609 0.09940286 0.10667291]
DDK8,E,4e-07,33,True,False,TDD,vanilla,15,[0.05161058 0.07377949 0.11048956 0.13899036],[0.02904314 0.05175772 0.07612041 0.09302113],[15.302037 21.868984 32.665295 41.525826],[ 8.375095 15.321753 21.71934  28.17116 ],[8.228826 8.205343 8.177712 8.16072 ],[0.12097105 0.12723476 0.1429191  0.14859541],[8.277195 8.275805 8.276591 8.27708 ],[0.10656009 0.10650315 0.10475279 0.10291509]
DDK8,E,4e-07,36,True,False,TDD,vanilla,15,[0.05488811 0.07155207 0.1049802  0.14923835],[0.03531396 0.04236451 0.07034299 0.17120805],[16.50525  21.54535  31.370049 44.914608],[10.514818 12.813333 20.910818 52.902275],[8.239788 8.221972 8.189944 8.176905],[0.12499921 0.13652526 0.14771104 0.14991887],[8.287193 8.285667 8.282404 8.278148],[0.11921629 0.12636288 0.12809068 0.12669323]
DDK8,E,4e-07,42,True,False,TDD,vanilla,15,[0.0568139  0.08418313 0.12522304 0.15218216],[0.02911659 0.05495907 0.10718687 0.1015645 ],[17.03293  25.202168 37.467583 45.85434 ],[ 8.846444 17.147436 32.19996  32.43902 ],[8.230901  8.202107  8.1781845 8.152269 ],[0.11004145 0.13032769 0.14038455 0.15113913],[8.284267 8.282584 8.279294 8.275064],[0.1008014  0.10741474 0.11493791 0.12366353]
DDK8,B,5e-08,3,True,False,TDD,vanilla,20,[0.0129009  0.0191471  0.0357349  0.06577669],[0.00440426 0.00944803 0.02816414 0.0563613 ],[ 3.058269   4.1890135  7.365805  13.544054 ],[ 0.9892924  1.9034429  4.9948106 10.853166 ],[8.298649 8.295358 8.284613 8.26306 ],[0.28760695 0.29961222 0.3116468  0.32400927],[8.310017 8.311025 8.311322 8.311014],[0.28663874 0.29886186 0.31123886 0.32331756]
DDK8,B,5e-08,6,True,False,TDD,vanilla,20,[0.0207034  0.05293068 0.12428959 0.2259177 ],[0.01120709 0.04604848 0.12194654 0.20863053],[ 4.0491314  9.710053  23.54823   45.237904 ],[ 1.6860572  7.3718095 20.541157  39.062206 ],[8.183918  8.159863  8.093869  7.9711237],[0.39664093 0.41569853 0.46252903 0.56486386],[8.200852 8.201836 8.201868 8.201473],[0.3916575  0.39977843 0.40850884 0.41598985]
DDK8,B,5e-08,9,True,False,TDD,vanilla,20,[0.03218373 0.10175569 0.22380051 0.37818837],[0.0235559  0.10418393 0.20258756 0.31318313],[ 6.1566224 19.462072  47.562935  84.21258  ],[ 3.8668742 19.621994  47.19134   74.78774  ],[8.226709 8.176389 8.042386 7.792276],[0.4454093  0.47687313 0.5603576  0.8110363 ],[8.251503 8.261046 8.269067 8.268887],[0.43901262 0.44828582 0.46303815 0.4847499 ]
DDK8,B,5e-08,12,True,False,TDD,vanilla,20,[0.05181693 0.18971205 0.37802577 0.52988356],[0.04206515 0.19738741 0.32178575 0.36609992],[  8.676079  32.76339   72.368095 117.639046],[ 6.212521 29.595554 59.16875  87.570915],[8.129853  8.010161  7.7340837 7.314143 ],[0.4345077 0.5295543 0.8174346 1.3254733],[8.1689005 8.177474  8.178661  8.1839   ],[0.42534223 0.456648   0.4968093  0.52424604]
DDK8,B,5e-08,15,True,False,TDD,vanilla,20,[0.0912833  0.3146101  0.54837877 0.70586187],[0.11197155 0.26747644 0.43499124 0.41986927],[ 15.121586  67.98923  125.423386 180.42308 ],[ 12.275745  59.965096  98.453285 125.91448 ],[8.236038  7.942845  7.46691   6.9377613],[0.5519382 0.7609656 1.1961937 1.4626493],[8.301512 8.301376 8.295099 8.286509],[0.5188588  0.5244441  0.5284308  0.55424315]
DDK8,B,5e-08,18,True,False,TDD,vanilla,20,[0.17014802 0.6014232  0.7764255  0.90298986],[0.16578199 0.47541296 0.43554148 0.36912817],[ 31.198164 122.792854 191.24283  243.38365 ],[ 31.203396  95.74824  131.06204  151.93463 ],[7.9908643 7.2768755 6.6138935 6.0971913],[0.5904223 1.1338252 1.4769461 1.6511164],[8.143847 8.165355 8.19014  8.226463],[0.5570067  0.5532856  0.5880717  0.64253396]
DDK8,B,5e-08,21,True,False,TDD,vanilla,20,[0.21685164 0.63233167 0.8490647  0.9431063 ],[0.23167571 0.43538597 0.43810162 0.36559483],[ 40.607727 142.95592  201.8807   241.44058 ],[ 41.75464 113.4559  131.66408 132.46553],[7.903201  7.0144844 6.31283   5.943053 ],[0.6741924 1.2749169 1.6667757 1.577309 ],[8.123272 8.136701 8.135805 8.15118 ],[0.5637358  0.5555875  0.58310056 0.62311333]
DDK8,B,5e-08,24,True,False,TDD,vanilla,20,[0.27290618 0.6436041  0.7850425  0.9033719 ],[0.34600782 0.56379664 0.4573754  0.30976418],[ 52.917084 153.1135   207.6737   251.19691 ],[ 66.98901 133.51805 137.99736 137.58119],[7.998446  7.0382013 6.496432  5.9685774],[0.6994923 1.5618842 1.6273311 1.6705635],[8.270131 8.258452 8.255482 8.262504],[0.5118271  0.51376563 0.5234589  0.57083213]
DDK8,B,5e-08,27,True,False,TDD,vanilla,20,[0.32143012 0.7113413  0.8499746  0.9392297 ],[0.3145769  0.42737496 0.40882564 0.33303845],[ 58.753822 157.7486   209.42061  242.47285 ],[ 67.32286 124.60947 132.48433 127.26572],[7.845766  6.7900014 6.2830434 5.7571287],[0.68403375 1.5627916  1.5674942  1.6779174 ],[8.164666 8.149782 8.144778 8.15001 ],[0.5907433 0.6523984 0.6741813 0.6614096]
DDK8,B,5e-08,33,True,False,TDD,vanilla,20,[0.7029245 1.0291847 1.2131027 1.3215511],[0.68933284 0.85790306 0.75565434 1.0138266 ],[134.18654 213.81622 283.20435 296.45175],[133.46913 160.71404 173.16327 151.26831],[7.4206457 6.580638  5.8181853 5.359137 ],[1.1264484 1.529639  1.7000927 1.7029345],[8.244222 8.21752  8.208188 8.190938],[0.59182024 0.6487663  0.6651303  0.6921988 ]
DDK8,B,5e-08,36,True,False,TDD,vanilla,20,[1.1880213 1.3302834 1.6061583 1.5688058],[1.4333869  0.96690774 0.958678   1.2040337 ],[208.72433 266.08585 336.09445 342.2351 ],[181.11789 144.2966  162.5835  160.5512 ],[6.902572  5.9632792 5.606079  4.9547586],[1.5408273 1.813899  1.4687289 1.5111272],[8.266978 8.223077 8.203336 8.203679],[0.6390856  0.63954604 0.61311203 0.6540083 ]
DDK8,B,5e-08,42,True,False,TDD,vanilla,20,[1.24868   1.340767  1.5897659 1.6984608],[1.1056684 0.8242769 1.0208554 3.299102 ],[235.31572 290.98993 379.47656 399.74426],[241.35536 178.5083  242.52567 551.72253],[6.690331  6.0001087 5.1124945 4.9705863],[1.5792441 1.3789291 1.3818431 1.4976144],[8.1687   8.187472 8.230034 8.259732],[0.55716753 0.59658355 0.6257369  0.63968194]
DDK8,B,2e-07,3,True,False,TDD,vanilla,20,[0.02842741 0.03414475 0.04770103 0.07179327],[0.00964119 0.01303155 0.02311593 0.04182704],[ 6.678158  7.872879 10.91479  16.560951],[1.8657417 2.5215511 4.921367  9.761064 ],[8.106671 8.104028 8.094373 8.073014],[0.4071513  0.41342813 0.42151114 0.43275836],[8.140387 8.142667 8.144901 8.14683 ],[0.4020315  0.40776485 0.41400665 0.42071086]
DDK8,B,2e-07,6,True,False,TDD,vanilla,20,[0.03559576 0.05813653 0.10934026 0.18991548],[0.0137619  0.0307241  0.06976006 0.12958302],[ 8.51931  13.736253 26.14795  46.25618 ],[ 2.624375  6.107532 15.328996 29.209244],[8.162527 8.144939 8.094122 7.997149],[0.38049322 0.3944685  0.4234448  0.48184523],[8.200198 8.203735 8.207059 8.210534],[0.37354088 0.3805655  0.3896417  0.39972013]
DDK8,B,2e-07,9,True,False,TDD,vanilla,20,[0.04449135 0.09462091 0.20062046 0.33932185],[0.01454647 0.04869122 0.12230674 0.20211913],[10.792168 23.817131 52.654556 91.57886 ],[ 3.9779587 15.462375  40.550785  70.04844  ],[8.168674  8.114657  7.979536  7.7503886],[0.41100854 0.4106868  0.42757812 0.5158982 ],[8.216351 8.215251 8.214624 8.214304],[0.40763524 0.41026485 0.41645423 0.42503932]
DDK8,B,2e-07,12,True,False,TDD,vanilla,20,[0.0693652  0.1898044  0.37902415 0.54189533],[0.0409224  0.16707349 0.3223233  0.38035068],[ 14.662101  40.18794   82.91922  126.802246],[ 6.9017878 30.596882  63.206375  86.5408   ],[8.043721  7.874102  7.5052295 7.0971804],[0.46671823 0.6105408  1.0061504  1.3134673 ],[8.120098  8.1142645 8.112743  8.113856 ],[0.43833014 0.4555621  0.47286943 0.49387443]
DDK8,B,2e-07,15,True,False,TDD,vanilla,20,[0.0870695  0.27872837 0.46118557 0.62088805],[0.05956328 0.21902463 0.29774868 0.3115811 ],[ 19.471498  67.21885  122.2793   175.5809  ],[ 11.659665  51.259583  87.67855  109.75045 ],[8.101574  7.8349857 7.4446826 6.961171 ],[0.51505595 0.6893927  0.98272514 1.3031155 ],[8.197627 8.204034 8.217083 8.230654],[0.48526046 0.50316983 0.5246719  0.5439685 ]
DDK8,B,2e-07,18,True,False,TDD,vanilla,20,[0.11846049 0.36004016 0.5586091  0.7003814 ],[0.09387345 0.28242937 0.34956765 0.32643148],[ 25.821087  88.1459   143.98207  192.25262 ],[ 20.916288  76.04646  104.48075  118.63249 ],[8.040847  7.631384  7.1517158 6.7177434],[0.52051735 0.8782109  1.2446321  1.3948058 ],[8.1638975 8.175692  8.188434  8.202102 ],[0.48944053 0.50745434 0.51854205 0.5220388 ]
DDK8,B,2e-07,21,True,False,TDD,vanilla,20,[0.18963073 0.55818725 0.73764044 0.8641717 ],[0.14899468 0.3572315  0.35445592 0.3003753 ],[ 43.69965 142.60876 195.83554 235.8321 ],[ 30.923532  90.88168  108.6687   113.16462 ],[7.967135  7.154209  6.4043303 5.8397036],[0.5213683 1.0808204 1.484302  1.5064509],[8.188612 8.176667 8.144227 8.140654],[0.44568112 0.44044286 0.4572289  0.47989473]
DDK8,B,2e-07,24,True,False,TDD,vanilla,20,[0.22764288 0.5927608  0.7796718  0.8768843 ],[0.19999659 0.3854615  0.3743276  0.2956627 ],[ 50.69247 145.16203 203.92485 249.03856],[ 43.79789   94.556786 105.08575  117.35584 ],[7.8385377 6.959021  6.337573  5.8880215],[0.6655553 1.3888208 1.5607983 1.5879645],[8.138821 8.121225 8.131564 8.179233],[0.5049219  0.5401905  0.55457497 0.5767097 ]
DDK8,B,2e-07,27,True,False,TDD,vanilla,20,[0.27256635 0.61355245 0.78882253 0.9267794 ],[0.3003162  0.39856595 0.35069743 0.32682028],[ 62.896152 155.77763  208.46909  248.99582 ],[ 67.93509 111.7665  110.86036 107.71262],[7.8296165 6.9984746 6.313138  5.8309236],[0.8020354 1.3895886 1.6090015 1.5194961],[8.195908 8.177614 8.161719 8.149493],[0.58492225 0.5956014  0.5773279  0.5629562 ]
DDK8,B,2e-07,33,True,False,TDD,vanilla,20,[0.5470802  0.82803404 1.01862    1.0689235 ],[0.5342244  0.4615862  0.43030548 0.3207646 ],[119.487206 207.52281  264.4374   287.61917 ],[106.643166 126.84483  127.44931  119.69837 ],[7.341214  6.336581  5.6547146 5.350389 ],[0.97998565 1.4397808  1.5174623  1.4432952 ],[8.113809 8.133947 8.133893 8.112729],[0.5259433  0.55339056 0.55033195 0.5765365 ]
DDK8,B,2e-07,36,True,False,TDD,vanilla,20,[0.54059404 0.878467   1.0814441  1.1695244 ],[0.5618639  0.68714356 0.56962186 0.44807374],[122.870636 199.73619  259.89984  286.24557 ],[121.56405  123.851265 133.32832  120.278305],[7.310063  6.522407  5.730498  5.2859044],[1.2179796 1.5784016 1.6006047 1.3851123],[8.202237 8.165164 8.124358 8.063301],[0.48082286 0.5317794  0.5752137  0.61029977]
DDK8,B,2e-07,42,True,False,TDD,vanilla,20,[0.83888865 1.1104354  1.2459009  1.2642139 ],[0.8251335  0.586242   0.55811405 0.5241219 ],[178.50844 277.28583 310.914   317.75156],[165.20407 179.83519 161.7139  130.54085],[6.947405  5.9693384 5.5009356 5.019292 ],[1.3677633 1.4977072 1.3452884 1.2287462],[8.116588  8.1407385 8.108494  8.074529 ],[0.5461969 0.5206076 0.5220433 0.5106325]
DDK8,B,4e-07,3,True,False,TDD,vanilla,20,[0.06776885 0.0720818  0.08299644 0.10252523],[0.02932728 0.03066439 0.0336411  0.04154284],[17.266872 18.34183  21.230762 26.519947],[6.411466  6.6111636 7.309961  9.545533 ],[8.125162 8.123714 8.11667  8.100183],[0.35503477 0.36129594 0.36826488 0.377769  ],[8.20847  8.210395 8.212237 8.213969],[0.3344236  0.33968472 0.345037   0.3505006 ]
DDK8,B,4e-07,6,True,False,TDD,vanilla,20,[0.0773458  0.09391683 0.13262537 0.1955627 ],[0.03030251 0.03593441 0.05803301 0.09616975],[19.20319  23.623425 34.10132  51.368214],[ 7.9949794  9.834676  16.496998  28.208447 ],[8.092586 8.075668 8.029685 7.945831],[0.33482292 0.34223032 0.35811055 0.3920951 ],[8.184885 8.185724 8.186444 8.187491],[0.3219428  0.32802498 0.33519444 0.34295762]
DDK8,B,4e-07,9,True,False,TDD,vanilla,20,[0.08749257 0.12783164 0.2114283  0.32239574],[0.04323123 0.06576223 0.13094676 0.2145686 ],[21.576433 31.911554 54.22056  84.640724],[10.867426 16.461191 34.025295 56.183804],[8.085832  8.036612  7.9104004 7.6971507],[0.3556197  0.3612389  0.4067071  0.55246073],[8.193824  8.191843  8.1865635 8.178488 ],[0.33316842 0.33920407 0.35002944 0.36504003]
DDK8,B,4e-07,12,True,False,TDD,vanilla,20,[0.10475423 0.17662545 0.30354616 0.43495464],[0.03969173 0.08847392 0.17694631 0.2402233 ],[ 25.815107  44.64014   79.09766  118.540115],[10.515247 22.811087 49.17939  73.299805],[8.027234  7.9291105 7.696509  7.379273 ],[0.34901854 0.3927424  0.58115226 0.820358  ],[8.155842 8.160818 8.163987 8.167347],[0.32843766 0.33568707 0.35014966 0.36756453]
DDK8,B,4e-07,15,True,False,TDD,vanilla,20,[0.13350676 0.29634258 0.45987856 0.6094185 ],[0.06524006 0.18991268 0.27749428 0.30883366],[ 32.254276  74.37168  119.57345  163.8116  ],[15.28665  49.89172  74.82894  89.449356],[7.9850297 7.7191167 7.334055  6.8726864],[0.45456642 0.63193554 0.9802664  1.2756039 ],[8.153601 8.155079 8.152278 8.149134],[0.4101913  0.43171167 0.44939846 0.460384  ]
DDK8,B,4e-07,18,True,False,TDD,vanilla,20,[0.16296086 0.3977637  0.58241236 0.70572984],[0.08899018 0.25315437 0.3224974  0.2997596 ],[ 38.460136 101.19742  155.00128  196.233   ],[ 20.635376  72.5725    98.90903  105.29965 ],[7.9226627 7.4617248 6.9180927 6.499743 ],[0.4939383 0.8084972 1.1243365 1.2457385],[8.1320305 8.13783   8.141356  8.146609 ],[0.42991513 0.4332563  0.4316455  0.42852738]
DDK8,B,4e-07,21,True,False,TDD,vanilla,20,[0.16950716 0.42570445 0.60788435 0.75259644],[0.08997006 0.24215601 0.28505665 0.25850093],[ 42.479618 117.75834  173.18597  217.23589 ],[ 23.470552  83.30383  109.36429  121.60037 ],[7.944727 7.431881 6.873926 6.309939],[0.451534   0.74990076 1.0419204  1.1926088 ],[8.166336 8.156872 8.151517 8.130608],[0.39600894 0.41945392 0.43816084 0.45606455]
DDK8,B,4e-07,24,True,False,TDD,vanilla,20,[0.22172688 0.51818013 0.69157934 0.8201477 ],[0.13122459 0.28589174 0.28820527 0.23950037],[ 55.940376 144.86243  204.03423  247.81172 ],[ 33.722122  90.50695  112.34922  110.19792 ],[7.9009733 7.184575  6.5705714 6.084954 ],[0.4902517 1.0329107 1.264075  1.2864809],[8.199759 8.205041 8.207555 8.21912 ],[0.404768   0.4265331  0.43737403 0.43781117]
DDK8,B,4e-07,27,True,False,TDD,vanilla,20,[0.27343392 0.5909277  0.7575371  0.8645592 ],[0.18799186 0.33883753 0.30849937 0.24622549],[ 67.7241  153.18567 203.28355 239.22922],[46.413097 87.36475  90.74442  85.89089 ],[7.748526  6.8838177 6.2266045 5.90147  ],[0.5725112 1.1330018 1.3381174 1.2456512],[8.149215 8.11694  8.104062 8.116798],[0.3806188  0.3709262  0.37762547 0.39070326]
DDK8,B,4e-07,33,True,False,TDD,vanilla,20,[0.4930381  0.75501716 0.98158973 1.0016899 ],[0.37339693 0.34823042 0.39582384 0.30404705],[129.36888 224.47287 290.79233 294.1574 ],[ 96.1083  134.88123 131.59369 102.99386],[7.4319706 6.536833  5.8724732 5.624798 ],[0.9311048 1.2704654 1.2494237 1.2210095],[8.246285 8.265709 8.252912 8.226303],[0.46850497 0.45464966 0.43810764 0.45476887]
DDK8,B,4e-07,36,True,False,TDD,vanilla,20,[0.5744492 0.8386514 1.0409285 1.0789865],[0.45422816 0.388811   0.5296227  0.37521783],[132.71758 212.4423  275.11438 302.136  ],[107.51784  108.438    116.610756 100.333206],[7.1063433 6.1510625 5.535383  5.2530346],[0.9916162 1.3511198 1.3165116 1.1624249],[8.057566 8.079075 8.129921 8.168677],[0.40291405 0.39826265 0.40041897 0.40959847]
DDK8,B,4e-07,42,True,False,TDD,vanilla,20,[0.86244607 1.0444738  1.16374    1.1017548 ],[0.8514146  0.74113786 0.5453255  0.26999626],[200.28853 265.29956 311.4492  308.0763 ],[196.88986 154.36626 155.97899 110.79417],[6.799132  6.016708  5.5386705 5.341805 ],[1.3365097 1.4094187 1.2101879 1.0471742],[8.131211  8.1205845 8.131761  8.168282 ],[0.45830318 0.46788168 0.48357803 0.44281054]
DDK8,E,5e-08,3,True,False,TDD,vanilla,20,[0.0041178  0.0045855  0.00620333 0.01049298],[0.00132058 0.00156767 0.00285222 0.00582745],[1.2165097 1.3477598 1.8109988 3.0622284],[0.3849505  0.44336328 0.8084661  1.6921957 ],[8.27191  8.269312 8.266162 8.261975],[0.10760178 0.10832176 0.10937152 0.110788  ],[8.275205 8.273342 8.271564 8.269935],[0.10735612 0.10797671 0.10877378 0.10978284]
DDK8,E,5e-08,6,True,False,TDD,vanilla,20,[0.00480939 0.00652391 0.01148857 0.02141333],[0.00157581 0.0037295  0.0095477  0.01971603],[1.4108168 1.891411  3.3295624 6.29027  ],[0.4284611 1.0201883 2.6970031 5.7207437],[8.272192 8.270956 8.26724  8.260377],[0.11340223 0.1155763  0.11825542 0.12121788],[8.276046 8.276881 8.277935 8.278976],[0.11304259 0.11515557 0.11746033 0.11958142]
DDK8,E,5e-08,9,True,False,TDD,vanilla,20,[0.00589999 0.01074157 0.02145091 0.03931336],[0.00270778 0.01016858 0.02447105 0.04267179],[ 1.7569214  3.2153509  6.4916606 11.845463 ],[ 0.80692124  3.1888223   7.7232594  12.915082  ],[8.28902  8.285415 8.274384 8.255605],[0.12750167 0.12953644 0.13504404 0.14834994],[8.294175 8.29685  8.298473 8.298301],[0.12703064 0.12796013 0.1290341  0.13212258]
DDK8,E,5e-08,12,True,False,TDD,vanilla,20,[0.00734321 0.01701538 0.03354544 0.0570951 ],[0.00391301 0.01420523 0.02910917 0.04636598],[ 2.109368  4.892954  9.699133 16.68789 ],[ 1.1274892  4.1699514  8.684448  14.2232275],[8.239201 8.224018 8.198346 8.168812],[0.10935096 0.1136458  0.1242342  0.14052106],[8.245988  8.241977  8.236683  8.2317295],[0.10888108 0.11287002 0.11957742 0.12670901]
DDK8,E,5e-08,15,True,False,TDD,vanilla,20,[0.00960233 0.03003453 0.05941143 0.09905406],[0.00598896 0.02963854 0.05704072 0.08244935],[ 2.7969177  8.792989  17.53788   29.545435 ],[ 1.7554439  8.864649  17.123657  25.50034  ],[8.253183 8.22705  8.189042 8.151662],[0.13569686 0.14552762 0.16612071 0.18348368],[8.262611  8.2612095 8.260151  8.261041 ],[0.13493809 0.13911162 0.14343643 0.14577541]
DDK8,E,5e-08,18,True,False,TDD,vanilla,20,[0.01372281 0.03968601 0.07566569 0.12917171],[0.01099663 0.03678826 0.06643274 0.09561457],[ 3.9727826 11.8703575 22.803564  39.103863 ],[ 3.2271862 11.225132  20.594103  30.109936 ],[8.267612  8.235394  8.196792  8.1531315],[0.13585572 0.14955585 0.17662908 0.18918617],[8.281872 8.281912 8.279536 8.27891 ],[0.13541299 0.14105983 0.14464794 0.14809406]
DDK8,E,5e-08,21,True,False,TDD,vanilla,20,[0.01791256 0.06037458 0.10114078 0.15311436],[0.01435587 0.0627293  0.08208194 0.10934086],[ 5.3623915 18.2367    30.514782  45.680145 ],[ 4.3184786 18.984892  25.26192   32.63952  ],[8.287873  8.236652  8.191656  8.1346035],[0.14786932 0.15584275 0.17973265 0.21353175],[8.307358 8.301056 8.291944 8.288347],[0.14678083 0.14288229 0.1493194  0.15211837]
DDK8,E,5e-08,24,True,False,TDD,vanilla,20,[0.02514066 0.0693091  0.11929908 0.18849652],[0.02194839 0.06109819 0.10393231 0.13598193],[ 7.4373074 20.86186   35.471233  56.28523  ],[ 6.5032535 18.905378  31.244696  40.914932 ],[8.25983  8.20322  8.151844 8.090818],[0.13573132 0.15433332 0.21023162 0.23404215],[8.2875   8.278505 8.268627 8.264957],[0.13044433 0.1344253  0.15097398 0.16351572]
DDK8,E,5e-08,27,True,False,TDD,vanilla,20,[0.02432398 0.07521374 0.12633966 0.20633152],[0.02087598 0.07735256 0.11575527 0.17287697],[ 7.1833014 22.872957  39.02364   63.117138 ],[ 6.1696754 24.129824  36.697704  53.276707 ],[8.252377 8.199549 8.163915 8.065701],[0.13474128 0.17160568 0.19951628 0.32172656],[8.279845  8.286421  8.2941885 8.295663 ],[0.12928064 0.14179233 0.13784619 0.14801458]
DDK8,E,5e-08,33,True,False,TDD,vanilla,20,[0.05617137 0.11572531 0.19476739 0.25438333],[0.06090386 0.12183731 0.17833385 0.17840102],[16.608055 34.468945 57.987625 75.62668 ],[18.237804 35.778103 50.88026  51.90596 ],[8.221893 8.159699 8.082    8.009152],[0.16402929 0.20129114 0.24129184 0.3062614 ],[8.287059 8.28844  8.283365 8.28227 ],[0.14250225 0.14087309 0.1485409  0.15866236]
DDK8,E,5e-08,36,True,False,TDD,vanilla,20,[0.05881831 0.12311652 0.20860909 0.27908397],[0.06275019 0.1290036  0.1874667  0.20710161],[17.621544 37.1131   62.34891  84.34951 ],[19.100878 41.13465  53.336258 62.31485 ],[8.213577 8.146783 8.085931 8.010055],[0.18379083 0.27279237 0.25293586 0.3128153 ],[8.281623 8.287588 8.29217  8.30194 ],[0.16172272 0.17149195 0.17695847 0.17350179]
DDK8,E,5e-08,42,True,False,TDD,vanilla,20,[0.06381948 0.12930068 0.2092288  0.27478302],[0.05491251 0.09677747 0.13581705 0.15773314],[18.911276 37.908806 62.133373 82.475975],[16.310553 27.157635 39.449917 48.877327],[8.211216 8.133632 8.047623 7.952988],[0.17451872 0.20088731 0.25212485 0.31476283],[8.2850485 8.277092  8.275991  8.2751875],[0.15040708 0.15980272 0.16346732 0.16856034]
DDK8,E,2e-07,3,True,False,TDD,vanilla,20,[0.01836253 0.01875757 0.02041974 0.02448282],[0.00818313 0.00828937 0.00885624 0.01062349],[5.510609  5.6294994 6.126562  7.343865 ],[2.4550445 2.4863422 2.6511545 3.1756728],[8.269864 8.269354 8.268268 8.266096],[0.04113882 0.04214282 0.04330042 0.04474078],[8.280581 8.280627 8.280685 8.280739],[0.0395242  0.04055545 0.04168786 0.04291362]
DDK8,E,2e-07,6,True,False,TDD,vanilla,20,[0.01662167 0.01836658 0.0229446  0.03169483],[0.00805017 0.00868256 0.01096408 0.01550527],[5.0175753 5.54553   6.928378  9.573666 ],[2.4151216 2.6201377 3.3239205 4.7448277],[8.28318  8.281284 8.276563 8.269182],[0.04441556 0.04821085 0.0531138  0.05892285],[8.293882 8.294106 8.294251 8.294382],[0.04388142 0.04748659 0.05115881 0.05493952]
DDK8,E,2e-07,9,True,False,TDD,vanilla,20,[0.01920318 0.02265044 0.03009533 0.04093776],[0.00976678 0.01144803 0.01652429 0.02230029],[ 5.815962   6.8499665  9.087162  12.353905 ],[2.9544888 3.450148  4.970504  6.7202344],[8.280829 8.277282 8.269042 8.258749],[0.0616147  0.06861278 0.07753038 0.0873071 ],[8.294298 8.295323 8.296029 8.296503],[0.05927263 0.06526424 0.07138937 0.07772422]
DDK8,E,2e-07,12,True,False,TDD,vanilla,20,[0.01965002 0.02673604 0.04053211 0.05803469],[0.00869667 0.01372506 0.02980187 0.05218256],[ 5.9210997  8.064488  12.225938  17.51985  ],[ 2.581415  4.145383  9.063131 15.89117 ],[8.278544  8.270548  8.255577  8.2389345],[0.07057564 0.07775465 0.09140363 0.10824971],[8.292669 8.293591 8.29417  8.294293],[0.06883647 0.07497934 0.08134437 0.08748709]
DDK8,E,2e-07,15,True,False,TDD,vanilla,20,[0.02513942 0.04053469 0.05815293 0.08362202],[0.01132811 0.02625873 0.04497779 0.07530294],[ 7.5537014 12.175194  17.498163  25.18428  ],[ 3.4438121  7.919146  13.5672865 22.709799 ],[8.260918 8.244504 8.226276 8.209121],[0.06871121 0.0793196  0.09730346 0.12518935],[8.278367 8.277282 8.276983 8.276869],[0.06547173 0.07076035 0.07667465 0.08393777]
DDK8,E,2e-07,18,True,False,TDD,vanilla,20,[0.02464527 0.04467708 0.06842827 0.11420009],[0.01093518 0.02953205 0.05236616 0.10148945],[ 7.350716 13.24631  20.304375 33.919975],[ 3.2367866  8.597748  15.506031  30.140488 ],[8.254136  8.233416  8.2182045 8.198546 ],[0.08241232 0.09765753 0.10883785 0.12203489],[8.273221 8.273726 8.274927 8.276924],[0.07880081 0.08553309 0.09271665 0.09996614]
DDK8,E,2e-07,21,True,False,TDD,vanilla,20,[0.02776062 0.05267634 0.07843569 0.11493721],[0.01296692 0.03871444 0.05291053 0.09153327],[ 8.332923 15.752478 23.494514 34.61199 ],[ 3.8936422 11.300016  15.474053  27.602266 ],[8.268219 8.244419 8.226389 8.204668],[0.09362771 0.10990556 0.12617183 0.13387737],[8.2915325 8.292838  8.293352  8.293094 ],[0.09075397 0.09886748 0.10661584 0.11423081]
DDK8,E,2e-07,24,True,False,TDD,vanilla,20,[0.03305518 0.06182717 0.0932279  0.14144304],[0.02378699 0.04585688 0.08173373 0.13684589],[ 9.917353 18.374693 27.679861 42.524742],[ 7.1713195 13.555732  24.313993  43.589806 ],[8.255318 8.2208   8.199521 8.154369],[0.10329241 0.12146074 0.14087096 0.16533215],[8.283634 8.277485 8.2726   8.268844],[0.0970543  0.10391299 0.1116889  0.11914234]
DDK8,E,2e-07,27,True,False,TDD,vanilla,20,[0.03493461 0.07061695 0.09946238 0.15837759],[0.01969389 0.05836738 0.07598593 0.13661781],[10.462785 21.300861 30.129263 48.006413],[ 5.7594314 17.522398  23.067259  41.323414 ],[8.253731 8.228169 8.218285 8.162897],[0.10115287 0.12191299 0.12494863 0.25110334],[8.285105 8.289517 8.293083 8.295244],[0.09349079 0.10003035 0.1076677  0.11564252]
DDK8,E,2e-07,33,True,False,TDD,vanilla,20,[0.04817021 0.07736755 0.11845227 0.1471253 ],[0.03441714 0.07514878 0.08914313 0.113562  ],[14.515423 23.568789 36.373287 45.435024],[10.203479 23.303152 27.730375 34.869556],[8.245227 8.228752 8.201896 8.188419],[0.12051606 0.1387379  0.14487481 0.17570436],[8.293463 8.300457 8.306935 8.31096 ],[0.1121941  0.1177948  0.12364822 0.1286118 ]
DDK8,E,2e-07,36,True,False,TDD,vanilla,20,[0.04578379 0.08765984 0.13055906 0.18904217],[0.03280017 0.09165714 0.11781805 0.15759005],[13.443011 25.38834  37.872025 55.15142 ],[ 9.427032 24.754002 32.28411  44.7489  ],[8.217794 8.181077 8.150743 8.109344],[0.11218882 0.14744905 0.1638886  0.21621418],[8.260142  8.257455  8.2576065 8.260585 ],[0.10467414 0.11562987 0.12960932 0.14268412]
DDK8,E,2e-07,42,True,False,TDD,vanilla,20,[0.05825051 0.09958529 0.15738061 0.18901452],[0.03950424 0.0701967  0.11801167 0.12206595],[17.567368 29.861816 47.49255  57.25772 ],[12.172321 21.89476  36.965717 39.970222],[8.230239 8.191501 8.144042 8.123166],[0.10944755 0.13052449 0.14604974 0.16500847],[8.285831 8.281849 8.27859  8.276519],[0.10005278 0.10973753 0.12256967 0.13150124]
DDK8,E,4e-07,3,True,False,TDD,vanilla,20,[0.02234247 0.02259528 0.02401807 0.02788191],[0.0094927  0.00948198 0.00996232 0.01177388],[6.7024016 6.7774796 7.204409  8.364734 ],[2.8507318 2.8493032 3.000191  3.5563354],[8.272298 8.271559 8.270337 8.268172],[0.03169145 0.03314277 0.03476251 0.03665413],[8.288958 8.288684 8.288403 8.288102],[0.02915174 0.03073189 0.03247377 0.03435929]
DDK8,E,4e-07,6,True,False,TDD,vanilla,20,[0.0253522  0.02680075 0.030651   0.03812758],[0.01022847 0.01076388 0.01210235 0.01500975],[ 7.602535  8.033701  9.184559 11.424176],[3.1225443 3.2833307 3.679995  4.5515747],[8.265546 8.263512 8.259272 8.252766],[0.04172271 0.04578049 0.05029418 0.0553357 ],[8.284499 8.284238 8.283938 8.283622],[0.03912413 0.0432141  0.04740655 0.05164111]
DDK8,E,4e-07,9,True,False,TDD,vanilla,20,[0.02815827 0.0307009  0.03651547 0.0457934 ],[0.01058412 0.01119101 0.01497793 0.02136182],[ 8.435773  9.197624 10.947993 13.746732],[3.2336552 3.4421039 4.6416025 6.6792026],[8.259702 8.255462 8.24799  8.239178],[0.05372101 0.05954733 0.06605287 0.07331593],[8.280015 8.279101 8.278396 8.278026],[0.05211917 0.05833429 0.06446901 0.0706116 ]
DDK8,E,4e-07,12,True,False,TDD,vanilla,20,[0.02967293 0.03720639 0.04817026 0.06428483],[0.0129035  0.01795406 0.02496664 0.03913714],[ 8.935078 11.219961 14.562936 19.490496],[ 3.9716039  5.518144   7.7716503 12.20767  ],[8.263361 8.255842 8.245159 8.233867],[0.06715842 0.07554787 0.08343477 0.09127133],[8.285689 8.28714  8.288548 8.289801],[0.06437866 0.07084928 0.07688569 0.08259344]
DDK8,E,4e-07,15,True,False,TDD,vanilla,20,[0.03021235 0.04045666 0.05427558 0.07771906],[0.01059929 0.01774328 0.02741116 0.05619676],[ 9.067724  12.1356735 16.317211  23.521805 ],[ 3.1933193  5.2334847  8.151501  17.331524 ],[8.2642765 8.2538805 8.243854  8.233654 ],[0.0778335  0.0897603  0.10257441 0.11069079],[8.288774 8.291263 8.293829 8.296032],[0.07523514 0.08273138 0.09050899 0.09828036]
DDK8,E,4e-07,18,True,False,TDD,vanilla,20,[0.03216543 0.05010797 0.06804014 0.1072376 ],[0.01308511 0.03397125 0.04875089 0.09553091],[ 9.613219 14.927195 20.218637 31.835016],[ 4.020873 10.173412 14.291104 27.983677],[8.254102 8.234429 8.219064 8.202263],[0.07133659 0.08418017 0.09606022 0.10908855],[8.27856  8.276338 8.274124 8.272226],[0.06968126 0.07664183 0.08386724 0.09061535]
DDK8,E,4e-07,21,True,False,TDD,vanilla,20,[0.03911274 0.05908608 0.07980442 0.11462703],[0.01683451 0.03462208 0.05762782 0.09357806],[11.716942 17.673042 23.704721 33.932983],[ 5.1668506 10.403882  16.878248  26.791746 ],[8.244782 8.223381 8.213461 8.190956],[0.0946526  0.11236468 0.1268687  0.14081164],[8.276323 8.276242 8.275361 8.274577],[0.09324113 0.10310401 0.11220799 0.12068646]
DDK8,E,4e-07,24,True,False,TDD,vanilla,20,[0.04211594 0.06199323 0.08478106 0.11807754],[0.02053681 0.03809261 0.05451191 0.08401143],[12.610302 18.665636 25.831797 36.280216],[ 5.991428 11.466767 17.153198 26.518202],[8.252201 8.238511 8.231844 8.21125 ],[0.10188264 0.11444867 0.11689325 0.14075685],[8.286703 8.293116 8.298703 8.30418 ],[0.09379449 0.09931406 0.10363212 0.10734849]
DDK8,E,4e-07,27,True,False,TDD,vanilla,20,[0.04250227 0.06579115 0.09102884 0.12452353],[0.02097655 0.05867273 0.0808401  0.10202274],[12.619058 19.497967 27.282207 37.798153],[ 6.092407 16.337717 23.535383 31.892467],[8.240799 8.222566 8.217468 8.192339],[0.09578866 0.10915717 0.11353663 0.13450514],[8.276787 8.280539 8.284522 8.288042],[0.08973086 0.09296609 0.09940286 0.10667291]
DDK8,E,4e-07,33,True,False,TDD,vanilla,20,[0.05104321 0.07341199 0.11049533 0.13850991],[0.02952584 0.05468122 0.07960558 0.09543981],[15.129701 21.763504 32.67063  41.40512 ],[ 8.485827 16.235607 22.783232 28.938307],[8.230048  8.207254  8.1799965 8.164279 ],[0.12088939 0.1268312  0.14276733 0.14815503],[8.277195 8.275805 8.276591 8.27708 ],[0.10656009 0.10650315 0.10475279 0.10291509]
DDK8,E,4e-07,36,True,False,TDD,vanilla,20,[0.05456025 0.07094362 0.10539898 0.1500594 ],[0.03632974 0.04347274 0.07709786 0.17954446],[16.403816 21.36819  31.492414 45.19683 ],[10.807075 13.169307 22.8487   55.552685],[8.240878 8.224054 8.192715 8.180557],[0.12508182 0.13653702 0.14766443 0.14943524],[8.287193 8.285667 8.282404 8.278148],[0.11921629 0.12636288 0.12809068 0.12669323]
DDK8,E,4e-07,42,True,False,TDD,vanilla,20,[0.05624422 0.08326197 0.12576574 0.15202841],[0.02950967 0.05544813 0.11372653 0.10396577],[16.858404 24.933735 37.637596 45.811275],[ 8.956589 17.32849  34.118683 32.98055 ],[8.23209  8.204228 8.181276 8.155686],[0.1099848  0.13006656 0.13932325 0.15103583],[8.284267 8.282584 8.279294 8.275064],[0.1008014  0.10741474 0.11493791 0.12366353]
DDK8,B,5e-08,3,True,False,TDD,vanilla,25,[0.01248092 0.01841703 0.03474546 0.06467865],[0.00432255 0.00924037 0.02796565 0.05677737],[ 2.9894645  4.067209   7.1907477 13.308578 ],[ 0.9807106  1.8787924  4.962174  10.781992 ],[8.298968 8.295913 8.285369 8.263977],[0.28760272 0.299602   0.31163296 0.32398638],[8.310017 8.311025 8.311322 8.311014],[0.28663874 0.29886186 0.31123886 0.32331756]
DDK8,B,5e-08,6,True,False,TDD,vanilla,25,[0.02007679 0.05139332 0.12239471 0.22404785],[0.01103417 0.04527599 0.12133728 0.20906834],[ 3.954423  9.513926 23.250427 44.845814],[ 1.674327  7.347946 20.507654 39.070152],[8.184423  8.1609535 8.095621  7.9738393],[0.39650354 0.41525745 0.46156847 0.5627197 ],[8.200852 8.201836 8.201868 8.201473],[0.3916575  0.39977843 0.40850884 0.41598985]
DDK8,B,5e-08,9,True,False,TDD,vanilla,25,[0.03171159 0.10064962 0.22222835 0.37657365],[0.02357409 0.1041044  0.20168403 0.31581804],[ 6.073781 19.294064 47.338757 83.86398 ],[ 3.8422213 19.614792  47.155075  74.692314 ],[8.227141  8.1772995 8.043557  7.7940993],[0.4453443  0.47680542 0.5609489  0.8121763 ],[8.251503 8.261046 8.269067 8.268887],[0.43901262 0.44828582 0.46303815 0.4847499 ]
DDK8,B,5e-08,12,True,False,TDD,vanilla,25,[0.05106808 0.18811291 0.37653583 0.5295151 ],[0.04191119 0.19664575 0.3217946  0.3671432 ],[  8.571241  32.610363  72.146774 117.39098 ],[ 6.1807833 29.56361   59.060593  87.54817  ],[8.130451 8.011233 7.736175 7.315931],[0.43446344 0.5296168  0.8169892  1.326678  ],[8.1689005 8.177474  8.178661  8.1839   ],[0.42534223 0.456648   0.4968093  0.52424604]
DDK8,B,5e-08,15,True,False,TDD,vanilla,25,[0.09093417 0.31425977 0.5461826  0.70485985],[0.11316401 0.26715606 0.42999402 0.41914234],[ 15.041941  67.96685  125.29892  180.1554  ],[ 12.2955065  60.150703   98.65775   126.08386  ],[8.236546  7.9428363 7.466658  6.941868 ],[0.5516859  0.76171917 1.1977903  1.4630969 ],[8.301512 8.301376 8.295099 8.286509],[0.5188588  0.5244441  0.5284308  0.55424315]
DDK8,B,5e-08,18,True,False,TDD,vanilla,25,[0.16952147 0.6000025  0.7746411  0.9023838 ],[0.16571265 0.4730792  0.4350155  0.37204647],[ 31.09525 122.72997 191.055   243.15079],[ 31.17756  95.95189 131.23325 152.02954],[7.9917107 7.27686   6.6196012 6.1038194],[0.59012693 1.1345044  1.4713202  1.6494013 ],[8.143847 8.165355 8.19014  8.226463],[0.5570067  0.5532856  0.5880717  0.64253396]
DDK8,B,5e-08,21,True,False,TDD,vanilla,25,[0.21566933 0.631289   0.84772325 0.94167846],[0.23063846 0.43506756 0.4373145  0.36458758],[ 40.48126 142.8642  201.72546 241.28159],[ 41.71247  113.530464 131.66396  132.5662  ],[7.9045687 7.0159397 6.3122406 5.9429154],[0.6729436 1.2739372 1.6664668 1.5756328],[8.123272 8.136701 8.135805 8.15118 ],[0.5637358  0.5555875  0.58310056 0.62311333]
DDK8,B,5e-08,24,True,False,TDD,vanilla,25,[0.27290568 0.64209676 0.783277   0.90228814],[0.34761482 0.5657418  0.45507133 0.30787158],[ 52.830326 152.97162  207.52098  251.05684 ],[ 67.105156 133.53415  137.86703  137.65851 ],[7.9985075 7.0413117 6.496325  5.9729433],[0.7018636 1.5588508 1.6274236 1.6663768],[8.270131 8.258452 8.255482 8.262504],[0.5118271  0.51376563 0.5234589  0.57083213]
DDK8,B,5e-08,27,True,False,TDD,vanilla,25,[0.32012326 0.71000284 0.8492666  0.9387447 ],[0.31373206 0.42462146 0.40680096 0.33598524],[ 58.66319 157.80804 209.28137 242.43024],[ 67.32456 124.69489 132.51645 127.31725],[7.8464775 6.78794   6.2829857 5.7619762],[0.68397486 1.565173   1.5682905  1.673222  ],[8.164666 8.149782 8.144778 8.15001 ],[0.5907433 0.6523984 0.6741813 0.6614096]
DDK8,B,5e-08,33,True,False,TDD,vanilla,25,[0.7013495 1.027978  1.2134098 1.3180393],[0.6892367  0.85516685 0.755679   0.9901553 ],[133.89314 213.8012  283.26154 296.41034],[133.12505 160.93466 173.31757 151.27014],[7.4225965 6.5813766 5.822385  5.3614025],[1.1251987 1.5309151 1.6980133 1.7026951],[8.244222 8.21752  8.208188 8.190938],[0.59182024 0.6487663  0.6651303  0.6921988 ]
DDK8,B,5e-08,36,True,False,TDD,vanilla,25,[1.1880081 1.3293816 1.603192  1.5677563],[1.4222838 0.966577  0.9561289 1.2052695],[208.87248 266.0269  336.00958 342.3111 ],[181.50545 144.3522  162.70369 160.56781],[6.902851  5.9624267 5.602981  4.95227  ],[1.5400184 1.8168238 1.4716524 1.5082774],[8.266978 8.223077 8.203336 8.203679],[0.6390856  0.63954604 0.61311203 0.6540083 ]
DDK8,B,5e-08,42,True,False,TDD,vanilla,25,[1.2515798 1.3411473 1.5905896 1.8811296],[1.1072963 0.8252966 1.0208887 5.0994887],[235.61446 290.9772  379.88495 423.82355],[241.58127 178.53624 243.07843 781.4298 ],[6.6875916 5.9965563 5.110452  4.9685745],[1.5822881 1.3822248 1.3824626 1.4967356],[8.1687   8.187472 8.230034 8.259732],[0.55716753 0.59658355 0.6257369  0.63968194]
DDK8,B,2e-07,3,True,False,TDD,vanilla,25,[0.02804704 0.03345355 0.04677408 0.07064354],[0.00956465 0.01285702 0.02290076 0.04163793],[ 6.601914  7.733921 10.726729 16.313894],[1.8472002 2.489003  4.888389  9.711256 ],[8.107133 8.104831 8.095456 8.074431],[0.40711725 0.41339394 0.42147598 0.43269214],[8.140387 8.142667 8.144901 8.14683 ],[0.4020315  0.40776485 0.41400665 0.42071086]
DDK8,B,2e-07,6,True,False,TDD,vanilla,25,[0.03517469 0.05729743 0.10814097 0.18836918],[0.01367188 0.03045828 0.06926715 0.12893648],[ 8.426279 13.554035 25.88355  45.88415 ],[ 2.6048994  6.070473  15.263124  29.118202 ],[8.16307  8.145997 8.095782 7.999592],[0.3804458  0.39433998 0.42304885 0.48066905],[8.200198 8.203735 8.207059 8.210534],[0.37354088 0.3805655  0.3896417  0.39972013]
DDK8,B,2e-07,9,True,False,TDD,vanilla,25,[0.0441158  0.09380469 0.19948803 0.33801717],[0.01459631 0.04864253 0.12201532 0.20223865],[10.695644 23.637074 52.4035   91.2755  ],[ 3.9789925 15.456238  40.489635  69.99372  ],[8.169299  8.115985  7.981796  7.7536383],[0.41093683 0.41046217 0.42714086 0.51473993],[8.216351 8.215251 8.214624 8.214304],[0.40763524 0.41026485 0.41645423 0.42503932]
DDK8,B,2e-07,12,True,False,TDD,vanilla,25,[0.06881783 0.18871513 0.3773407  0.5400047 ],[0.04075491 0.16660155 0.32142326 0.37937376],[ 14.54034  39.95763  82.55984 126.38407],[ 6.866397 30.52207  63.006638 86.304924],[8.044542  7.8757014 7.507837  7.1005406],[0.46657667 0.61068505 1.0067428  1.3146544 ],[8.120098  8.1142645 8.112743  8.113856 ],[0.43833014 0.4555621  0.47286943 0.49387443]
DDK8,B,2e-07,15,True,False,TDD,vanilla,25,[0.0863296  0.2775611  0.45978355 0.62018114],[0.05889025 0.21826784 0.29652345 0.31091785],[ 19.323599  66.98257  121.99787  175.40233 ],[ 11.589105  51.12214   87.46538  109.63457 ],[8.10263   7.837285  7.4488897 6.9659505],[0.514518  0.6878213 0.97906   1.2983271],[8.197627 8.204034 8.217083 8.230654],[0.48526046 0.50316983 0.5246719  0.5439685 ]
DDK8,B,2e-07,18,True,False,TDD,vanilla,25,[0.11786442 0.3591097  0.5573812  0.69911367],[0.09370634 0.28257826 0.3491789  0.32613084],[ 25.692566  87.96867  143.75937  191.94083 ],[ 20.906914  76.11213  104.46845  118.62554 ],[8.04173  7.632749 7.155548 6.720518],[0.520374  0.8793692 1.2434508 1.3936126],[8.1638975 8.175692  8.188434  8.202102 ],[0.48944053 0.50745434 0.51854205 0.5220388 ]
DDK8,B,2e-07,21,True,False,TDD,vanilla,25,[0.18892643 0.5573548  0.7366695  0.86366534],[0.14867085 0.3561556  0.35400555 0.30048838],[ 43.612583 142.53577  195.67924  235.69527 ],[ 30.975163  90.94171  108.74203  113.1692  ],[7.967978  7.1558094 6.405949  5.8416076],[0.52075696 1.0792643  1.4858717  1.5091466 ],[8.188612 8.176667 8.144227 8.140654],[0.44568112 0.44044286 0.4572289  0.47989473]
DDK8,B,2e-07,24,True,False,TDD,vanilla,25,[0.22696711 0.5922705  0.77901596 0.87603235],[0.19984739 0.3863175  0.37471    0.29585996],[ 50.55253 145.03194 203.82217 248.83253],[ 43.81471  94.51177 105.1173  117.24511],[7.839516  6.9595404 6.3361473 5.892798 ],[0.66555214 1.3904203  1.5643994  1.5876343 ],[8.138821 8.121225 8.131564 8.179233],[0.5049219  0.5401905  0.55457497 0.5767097 ]
DDK8,B,2e-07,27,True,False,TDD,vanilla,25,[0.2717222  0.6127871  0.78786874 0.9264322 ],[0.30006453 0.39872184 0.350211   0.32639977],[ 62.72255 155.66556 208.32866 248.94698],[ 67.927345 111.87009  110.96177  107.793045],[7.8305535 6.999715  6.3170123 5.8327193],[0.80232435 1.3883424  1.604528   1.5195403 ],[8.195908 8.177614 8.161719 8.149493],[0.58492225 0.5956014  0.5773279  0.5629562 ]
DDK8,B,2e-07,33,True,False,TDD,vanilla,25,[0.5463962  0.82656884 1.0184417  1.0681893 ],[0.53396666 0.45925725 0.43003374 0.3195283 ],[119.293915 207.43079  264.5192   287.5892  ],[106.54935  126.84672  127.57323  119.746765],[7.3425713 6.336232  5.6529665 5.351353 ],[0.9796678 1.44224   1.5209297 1.4468125],[8.113809 8.133947 8.133893 8.112729],[0.5259433  0.55339056 0.55033195 0.5765365 ]
DDK8,B,2e-07,36,True,False,TDD,vanilla,25,[0.5403541  0.87809145 1.0813385  1.1686425 ],[0.5630156  0.6883766  0.57104206 0.44714504],[122.84287 199.67969 259.84967 286.15247],[121.75175 123.85936 133.39737 120.27127],[7.310381  6.5236135 5.733365  5.284393 ],[1.2183515 1.5772561 1.5985135 1.3895941],[8.202237 8.165164 8.124358 8.063301],[0.48082286 0.5317794  0.5752137  0.61029977]
DDK8,B,2e-07,42,True,False,TDD,vanilla,25,[0.8395029 1.1080413 1.245378  1.2631307],[0.82543236 0.58294237 0.5579141  0.5217551 ],[178.30986 276.67715 310.74036 317.52744],[164.90698 178.52768 161.71071 130.34784],[6.9469347 5.9743743 5.50192   5.0228877],[1.3697919 1.4942671 1.3481877 1.2279196],[8.116588  8.1407385 8.108494  8.074529 ],[0.5461969 0.5206076 0.5220433 0.5106325]
DDK8,B,4e-07,3,True,False,TDD,vanilla,25,[0.0674406  0.07148154 0.08218344 0.10148224],[0.02930992 0.03058255 0.03348774 0.04124338],[17.186579 18.199465 21.035114 26.266281],[6.410898  6.6035075 7.2820926 9.468437 ],[8.12556  8.124443 8.117658 8.101419],[0.3550279  0.36123037 0.36814904 0.37758407],[8.20847  8.210395 8.212237 8.213969],[0.3344236  0.33968472 0.345037   0.3505006 ]
DDK8,B,4e-07,6,True,False,TDD,vanilla,25,[0.07701803 0.09331696 0.13191524 0.19469255],[0.03024052 0.03582875 0.05797925 0.09628393],[19.125372 23.472261 33.92117  51.12543 ],[ 7.986407  9.797676 16.449127 28.175938],[8.093091  8.076589  8.030924  7.9473352],[0.33475485 0.34213278 0.35798997 0.39210302],[8.184885 8.185724 8.186444 8.187491],[0.3219428  0.32802498 0.33519444 0.34295762]
DDK8,B,4e-07,9,True,False,TDD,vanilla,25,[0.08711894 0.1270135  0.21034288 0.32079238],[0.04324197 0.06547276 0.13055694 0.2133404 ],[21.484795 31.70628  53.93558  84.27085 ],[10.874458 16.419653 33.94078  56.15318 ],[8.086441  8.037916  7.9124312 7.700186 ],[0.35546383 0.36099404 0.40601492 0.55022126],[8.193824  8.191843  8.1865635 8.178488 ],[0.33316842 0.33920407 0.35002944 0.36504003]
DDK8,B,4e-07,12,True,False,TDD,vanilla,25,[0.10429712 0.1757115  0.30226716 0.43354234],[0.03971631 0.08835936 0.17697352 0.24019626],[ 25.70919   44.44339   78.840454 118.20959 ],[10.530757 22.83576  49.25783  73.35437 ],[8.027923 7.930729 7.698864 7.382158],[0.34881988 0.39220804 0.58006513 0.8199811 ],[8.155842 8.160818 8.163987 8.167347],[0.32843766 0.33568707 0.35014966 0.36756453]
DDK8,B,4e-07,15,True,False,TDD,vanilla,25,[0.13305533 0.29534826 0.45897862 0.608743  ],[0.06514872 0.18910126 0.2770177  0.30860725],[ 32.15705   74.179276 119.39497  163.59766 ],[15.2887745 49.80304   74.830986  89.361    ],[7.985918  7.721165  7.3358808 6.874963 ],[0.4542904 0.6307466 0.9798887 1.276247 ],[8.153601 8.155079 8.152278 8.149134],[0.4101913  0.43171167 0.44939846 0.460384  ]
DDK8,B,4e-07,18,True,False,TDD,vanilla,25,[0.16262949 0.3969206  0.5816964  0.70514566],[0.08911449 0.25291094 0.322186   0.29986307],[ 38.372795 101.01152  154.84888  196.0684  ],[ 20.64737   72.48195   98.89584  105.295555],[7.923465  7.4630938 6.9189    6.499835 ],[0.49375075 0.80850345 1.122665   1.2470816 ],[8.1320305 8.13783   8.141356  8.146609 ],[0.42991513 0.4332563  0.4316455  0.42852738]
DDK8,B,4e-07,21,True,False,TDD,vanilla,25,[0.16910695 0.42506558 0.6069206  0.75188524],[0.0900666  0.24218714 0.28503153 0.2585652 ],[ 42.37832 117.59463 172.982   217.08864],[ 23.482126  83.352135 109.345634 121.655106],[7.945498 7.433399 6.876631 6.313309],[0.45140556 0.74955606 1.0422428  1.1917785 ],[8.166336 8.156872 8.151517 8.130608],[0.39600894 0.41945392 0.43816084 0.45606455]
DDK8,B,4e-07,24,True,False,TDD,vanilla,25,[0.22115764 0.5175063  0.6908074  0.81984556],[0.13121486 0.28611192 0.28774634 0.23908506],[ 55.831978 144.6687   203.81648  247.67068 ],[ 33.730175  90.5172   112.24469  110.15686 ],[7.902056  7.186659  6.574541  6.0879793],[0.49027598 1.0337228  1.2617725  1.2825176 ],[8.199759 8.205041 8.207555 8.21912 ],[0.404768   0.4265331  0.43737403 0.43781117]
DDK8,B,4e-07,27,True,False,TDD,vanilla,25,[0.2726993  0.59056383 0.7570258  0.86369324],[0.18770494 0.33940956 0.30846247 0.24583904],[ 67.54645 153.03458 203.12563 239.0362 ],[46.374912 87.31723  90.65966  85.85156 ],[7.749896  6.885271  6.2297907 5.90701  ],[0.5719874 1.1349005 1.3367121 1.2445804],[8.149215 8.11694  8.104062 8.116798],[0.3806188  0.3709262  0.37762547 0.39070326]
DDK8,B,4e-07,33,True,False,TDD,vanilla,25,[0.49245274 0.75483185 0.9811047  1.0007182 ],[0.3733735  0.3488167  0.3956066  0.30422038],[129.24434 224.37263 290.704   293.98483],[ 96.17005  134.9089   131.6351   103.062035],[7.4323673 6.536032  5.875589  5.6283245],[0.9326515 1.2722824 1.2501389 1.2222869],[8.246285 8.265709 8.252912 8.226303],[0.46850497 0.45464966 0.43810764 0.45476887]
DDK8,B,4e-07,36,True,False,TDD,vanilla,25,[0.5740156 0.8382975 1.0397736 1.0781702],[0.45435804 0.3888064  0.5300277  0.37542644],[132.64653 212.40707 275.02145 302.04733],[107.58028  108.487015 116.76564  100.40377 ],[7.107748 6.151746 5.537658 5.257943],[0.9898045 1.3506613 1.3153505 1.1609135],[8.057566 8.079075 8.129921 8.168677],[0.40291405 0.39826265 0.40041897 0.40959847]
DDK8,B,4e-07,42,True,False,TDD,vanilla,25,[0.8629654 1.0445981 1.1637768 1.101727 ],[0.8553273  0.74165493 0.5462869  0.26999956],[201.15834 265.25967 311.5285  308.09616],[201.27151 154.2157  156.18758 110.90184],[6.7978954 6.0155683 5.538963  5.339131 ],[1.3380095 1.4108558 1.2076384 1.0468061],[8.131211  8.1205845 8.131761  8.168282 ],[0.45830318 0.46788168 0.48357803 0.44281054]
DDK8,E,5e-08,3,True,False,TDD,vanilla,25,[0.00399559 0.00435944 0.00585117 0.00996654],[0.00131501 0.00155982 0.00280175 0.0056429 ],[1.1811157 1.281731  1.7074071 2.9052212],[0.38283652 0.44022635 0.79194283 1.6311349 ],[8.272114  8.26969   8.26668   8.2626095],[0.10760491 0.10833301 0.10936885 0.11079086],[8.275205 8.273342 8.271564 8.269935],[0.10735612 0.10797671 0.10877378 0.10978284]
DDK8,E,5e-08,6,True,False,TDD,vanilla,25,[0.0046173  0.00620251 0.01103493 0.02083528],[0.00156487 0.00363028 0.00942091 0.01948026],[1.3557372 1.798652  3.1994216 6.124216 ],[0.42675495 0.99584436 2.6691818  5.667702  ],[8.272434 8.271357 8.267763 8.260919],[0.11337879 0.11555392 0.11824284 0.12122475],[8.276046 8.276881 8.277935 8.278976],[0.11304259 0.11515557 0.11746033 0.11958142]
DDK8,E,5e-08,9,True,False,TDD,vanilla,25,[0.00567521 0.0103259  0.02085454 0.03859491],[0.002672   0.01002549 0.0243696  0.04282777],[ 1.6910346  3.0939918  6.3135395 11.615862 ],[ 0.79588014  3.1474137   7.6924596  12.939478  ],[8.289334 8.28601  8.275187 8.256615],[0.12746175 0.12947421 0.13498661 0.14833477],[8.294175 8.29685  8.298473 8.298301],[0.12703064 0.12796013 0.1290341  0.13212258]
DDK8,E,5e-08,12,True,False,TDD,vanilla,25,[0.00713006 0.0166626  0.03316184 0.05678938],[0.00392746 0.01430265 0.02936435 0.04685728],[ 2.0474837  4.7931232  9.582593  16.57824  ],[ 1.1296253  4.199354   8.747393  14.349983 ],[8.239522  8.2245865 8.199067  8.1696825],[0.10935916 0.1136002  0.12440802 0.140774  ],[8.245988  8.241977  8.236683  8.2317295],[0.10888108 0.11287002 0.11957742 0.12670901]
DDK8,E,5e-08,15,True,False,TDD,vanilla,25,[0.00932556 0.02969996 0.05888518 0.09858069],[0.00592742 0.02980423 0.05712364 0.08284502],[ 2.7158751  8.694799  17.373806  29.402308 ],[ 1.7329541  8.908456  17.103975  25.613012 ],[8.253576 8.227688 8.190102 8.152611],[0.13570239 0.14549577 0.1659999  0.18350908],[8.262611  8.2612095 8.260151  8.261041 ],[0.13493809 0.13911162 0.14343643 0.14577541]
DDK8,E,5e-08,18,True,False,TDD,vanilla,25,[0.01346858 0.03937975 0.07532987 0.12878662],[0.0110156  0.03694772 0.06647883 0.09566963],[ 3.900129  11.7705345 22.698757  38.974606 ],[ 3.2344363 11.258681  20.590843  30.108963 ],[8.267986 8.236057 8.197728 8.154451],[0.1358408  0.14965521 0.17666048 0.18880184],[8.281872 8.281912 8.279536 8.27891 ],[0.13541299 0.14105983 0.14464794 0.14809406]
DDK8,E,5e-08,21,True,False,TDD,vanilla,25,[0.01771465 0.06041334 0.10120081 0.15252629],[0.01443643 0.06398305 0.08342016 0.1095041 ],[ 5.304966 18.255064 30.542847 45.535275],[ 4.3425   19.353292 25.665627 32.771538],[8.288221 8.236888 8.192051 8.136423],[0.1477592  0.15593724 0.18044454 0.21379203],[8.307358 8.301056 8.291944 8.288347],[0.14678083 0.14288229 0.1493194  0.15211837]
DDK8,E,5e-08,24,True,False,TDD,vanilla,25,[0.02492694 0.06913041 0.11959202 0.18889572],[0.02194537 0.0618253  0.10549182 0.1375417 ],[ 7.37852  20.81986  35.572495 56.43068 ],[ 6.508829 19.140396 31.726952 41.42942 ],[8.26025  8.204022 8.152709 8.091385],[0.1355759  0.15398237 0.21088687 0.23488487],[8.2875   8.278505 8.268627 8.264957],[0.13044433 0.1344253  0.15097398 0.16351572]
DDK8,E,5e-08,27,True,False,TDD,vanilla,25,[0.02416475 0.07537315 0.12678528 0.20699222],[0.02110891 0.07846782 0.1171374  0.1747495 ],[ 7.1366096 22.937096  39.169918  63.337036 ],[ 6.233502 24.49182  37.150196 53.88017 ],[8.252661 8.199658 8.164022 8.06526 ],[0.1347887  0.1720325  0.20102304 0.32395083],[8.279845  8.286421  8.2941885 8.295663 ],[0.12928064 0.14179233 0.13784619 0.14801458]
DDK8,E,5e-08,33,True,False,TDD,vanilla,25,[0.05614771 0.11603361 0.19564606 0.25496662],[0.06156041 0.12402586 0.18194734 0.17967528],[16.60631  34.55008  58.229813 75.809715],[18.439869 36.397167 51.788296 52.24453 ],[8.222111  8.1598215 8.082924  8.009634 ],[0.16401368 0.20316169 0.24127229 0.30579868],[8.287059 8.28844  8.283365 8.28227 ],[0.14250225 0.14087309 0.1485409  0.15866236]
DDK8,E,5e-08,36,True,False,TDD,vanilla,25,[0.058746   0.12409568 0.21046801 0.28110117],[0.06318722 0.13147978 0.19272943 0.21233314],[17.615137 37.38859  62.876484 84.95308 ],[19.25585  41.888084 54.64617  63.893616],[8.213794 8.146112 8.083661 8.008856],[0.18383284 0.2755307  0.2575945  0.31525624],[8.281623 8.287588 8.29217  8.30194 ],[0.16172272 0.17149195 0.17695847 0.17350179]
DDK8,E,5e-08,42,True,False,TDD,vanilla,25,[0.06386007 0.1297232  0.21076111 0.27595958],[0.05510902 0.09794515 0.13852651 0.15916136],[18.925112 38.047096 62.587627 82.85021 ],[16.37659  27.48309  40.207745 49.372616],[8.211433  8.133546  8.046979  7.9523454],[0.17436644 0.2011629  0.25228    0.31662497],[8.2850485 8.277092  8.275991  8.2751875],[0.15040708 0.15980272 0.16346732 0.16856034]
DDK8,E,2e-07,3,True,False,TDD,vanilla,25,[0.01824924 0.01855143 0.02010224 0.02403649],[0.00818012 0.0082607  0.0087828  0.01045934],[5.4766474 5.567958  6.0323153 7.2111607],[2.4536855 2.4772365 2.6291506 3.1268446],[8.270039 8.26967  8.268711 8.266651],[0.04114869 0.04214961 0.04329625 0.04471991],[8.280581 8.280627 8.280685 8.280739],[0.0395242  0.04055545 0.04168786 0.04291362]
DDK8,E,2e-07,6,True,False,TDD,vanilla,25,[0.0164614  0.01804919 0.02245155 0.03103187],[0.00800908 0.00856347 0.01071245 0.01495486],[4.9692974 5.449481  6.77827   9.3703785],[2.4005508 2.578259  3.235465  4.5533767],[8.2834215 8.281734  8.27719   8.269996 ],[0.04443721 0.04822768 0.05312099 0.05890173],[8.293882 8.294106 8.294251 8.294382],[0.04388142 0.04748659 0.05115881 0.05493952]
DDK8,E,2e-07,9,True,False,TDD,vanilla,25,[0.01901821 0.02229013 0.0295944  0.04034765],[0.00973754 0.01135961 0.01637107 0.02210505],[ 5.7597656  6.741208   8.935821  12.176511 ],[2.943869  3.4219832 4.921101  6.657231 ],[8.2811165 8.277779  8.269713  8.259604 ],[0.0616091  0.0685825  0.07749832 0.08726404],[8.294298 8.295323 8.296029 8.296503],[0.05927263 0.06526424 0.07138937 0.07772422]
DDK8,E,2e-07,12,True,False,TDD,vanilla,25,[0.01943903 0.02630808 0.03995945 0.05730817],[0.00866271 0.0136071  0.02959917 0.05212267],[ 5.8576503  7.93542   12.055002  17.301414 ],[ 2.5728168  4.1093335  9.002902  15.874943 ],[8.278868 8.271192 8.256499 8.240172],[0.07051133 0.07768309 0.09123041 0.10809236],[8.292669 8.293591 8.29417  8.294293],[0.06883647 0.07497934 0.08134437 0.08748709]
DDK8,E,2e-07,15,True,False,TDD,vanilla,25,[0.02487583 0.03995587 0.05758872 0.08298023],[0.01134017 0.02594148 0.04489338 0.07578721],[ 7.47479  12.001233 17.324139 24.994314],[ 3.4464922  7.818081  13.533107  22.873047 ],[8.261316  8.245363  8.227371  8.2103615],[0.06868402 0.07921162 0.09704348 0.12472763],[8.278367 8.277282 8.276983 8.276869],[0.06547173 0.07076035 0.07667465 0.08393777]
DDK8,E,2e-07,18,True,False,TDD,vanilla,25,[0.02445205 0.0443541  0.06825713 0.11371388],[0.01088754 0.02952941 0.05246873 0.10142972],[ 7.293651 13.152386 20.25626  33.77378 ],[ 3.223402  8.598569 15.540186 30.118471],[8.254488 8.233978 8.218944 8.199884],[0.08240011 0.09756792 0.10874096 0.12179366],[8.273221 8.273726 8.274927 8.276924],[0.07880081 0.08553309 0.09271665 0.09996614]
DDK8,E,2e-07,21,True,False,TDD,vanilla,25,[0.02748145 0.05239877 0.07819042 0.1146841 ],[0.01291754 0.03943188 0.05387406 0.09440655],[ 8.251712 15.668325 23.420374 34.526485],[ 3.88646  11.50089  15.740012 28.442217],[8.268588  8.245111  8.2274475 8.206632 ],[0.09352227 0.10980231 0.12612656 0.13375396],[8.2915325 8.292838  8.293352  8.293094 ],[0.09075397 0.09886748 0.10661584 0.11423081]
DDK8,E,2e-07,24,True,False,TDD,vanilla,25,[0.03279292 0.06169542 0.09332206 0.14183073],[0.02374836 0.04647163 0.08399215 0.13970806],[ 9.839189 18.33195  27.71026  42.651867],[ 7.1590834 13.725852  24.978895  44.475315 ],[8.255732 8.221572 8.200422 8.154034],[0.10318649 0.12133922 0.14098267 0.16873562],[8.283634 8.277485 8.2726   8.268844],[0.0970543  0.10391299 0.1116889  0.11914234]
DDK8,E,2e-07,27,True,False,TDD,vanilla,25,[0.03468291 0.0705665  0.09946738 0.1580284 ],[0.0197196  0.05886205 0.07692274 0.13684483],[10.387939 21.288332 30.141775 47.91833 ],[ 5.7691026 17.683456  23.373007  41.425587 ],[8.254141 8.228989 8.219124 8.164175],[0.10108363 0.12165108 0.12475161 0.25256664],[8.285105 8.289517 8.293083 8.295244],[0.09349079 0.10003035 0.1076677  0.11564252]
DDK8,E,2e-07,33,True,False,TDD,vanilla,25,[0.04804429 0.07729134 0.11857145 0.14711924],[0.03479135 0.07560243 0.09037342 0.1152501 ],[14.4781065 23.54165   36.407177  45.438316 ],[10.304058 23.422863 28.085884 35.388683],[8.245622 8.229376 8.20276  8.189751],[0.12058015 0.13885464 0.14514756 0.17596772],[8.293463 8.300457 8.306935 8.31096 ],[0.1121941  0.1177948  0.12364822 0.1286118 ]
DDK8,E,2e-07,36,True,False,TDD,vanilla,25,[0.04566004 0.08779961 0.13113719 0.18972687],[0.03328705 0.09278399 0.11947864 0.15973376],[13.403865 25.425766 38.04191  55.36886 ],[ 9.555283 25.114227 32.78936  45.405308],[8.218167 8.181533 8.151407 8.110553],[0.11225889 0.14892448 0.16401716 0.21721399],[8.260142  8.257455  8.2576065 8.260585 ],[0.10467414 0.11562987 0.12960932 0.14268412]
DDK8,E,2e-07,42,True,False,TDD,vanilla,25,[0.05803708 0.09948758 0.15824544 0.18907607],[0.03949244 0.07028951 0.12212396 0.12285501],[17.502256 29.826818 47.74125  57.27105 ],[12.156583 21.90694  38.072598 40.18487 ],[8.230668  8.191968  8.144275  8.1239195],[0.10933428 0.13049926 0.14659515 0.16557686],[8.285831 8.281849 8.27859  8.276519],[0.10005278 0.10973753 0.12256967 0.13150124]
DDK8,E,4e-07,3,True,False,TDD,vanilla,25,[0.02219796 0.02234481 0.02365623 0.027389  ],[0.00946802 0.00943301 0.00988085 0.01159108],[6.659151  6.7022924 7.095373  8.21615  ],[2.8435001 2.834726  2.9752927 3.5001724],[8.272506 8.271936 8.27086  8.268806],[0.03168379 0.03312022 0.03473821 0.03661136],[8.288958 8.288684 8.288403 8.288102],[0.02915174 0.03073189 0.03247377 0.03435929]
DDK8,E,4e-07,6,True,False,TDD,vanilla,25,[0.02517179 0.0264648  0.03016692 0.03746178],[0.01021879 0.01071676 0.01204048 0.01482284],[ 7.5489674  7.9339123  9.041084  11.226659 ],[3.1197329 3.2693183 3.6623445 4.4966755],[8.265803 8.263986 8.259928 8.253611],[0.04170885 0.045761   0.05026202 0.05523626],[8.284499 8.284238 8.283938 8.283622],[0.03912413 0.0432141  0.04740655 0.05164111]
DDK8,E,4e-07,9,True,False,TDD,vanilla,25,[0.02794209 0.03035517 0.03606689 0.04518811],[0.01058638 0.01115081 0.01488964 0.0212791 ],[ 8.371027  9.094206 10.813855 13.56665 ],[3.2327464 3.4277904 4.612633  6.651729 ],[8.260006 8.25596  8.24866  8.240078],[0.05372944 0.05952666 0.06598361 0.07317743],[8.280015 8.279101 8.278396 8.278026],[0.05211917 0.05833429 0.06446901 0.0706116 ]
DDK8,E,4e-07,12,True,False,TDD,vanilla,25,[0.02944085 0.03686026 0.04767258 0.06370094],[0.01292692 0.01799853 0.02505345 0.03948061],[ 8.86505  11.115482 14.4132   19.31807 ],[ 3.9766202  5.5266156  7.789122  12.316855 ],[8.26369   8.2563925 8.245964  8.234858 ],[0.06720585 0.07564548 0.08358432 0.09125458],[8.285689 8.28714  8.288548 8.289801],[0.06437866 0.07084928 0.07688569 0.08259344]
DDK8,E,4e-07,15,True,False,TDD,vanilla,25,[0.02994314 0.03992153 0.05381315 0.0771331 ],[0.01059157 0.01758964 0.02746037 0.05625822],[ 8.988221 11.975567 16.178448 23.342407],[ 3.1937623  5.1898417  8.170224  17.343164 ],[8.264663 8.254708 8.244846 8.235013],[0.0777813  0.08971943 0.10250456 0.11081085],[8.288774 8.291263 8.293829 8.296032],[0.07523514 0.08273138 0.09050899 0.09828036]
DDK8,E,4e-07,18,True,False,TDD,vanilla,25,[0.03179647 0.04961601 0.06766884 0.10685341],[0.01291352 0.03409006 0.04907524 0.09624308],[ 9.503408 14.781428 20.11216  31.721184],[ 3.97014  10.212008 14.383855 28.17598 ],[8.254555 8.235353 8.220284 8.204089],[0.07129259 0.08411983 0.09561221 0.10856418],[8.27856  8.276338 8.274124 8.272226],[0.06968126 0.07664183 0.08386724 0.09061535]
DDK8,E,4e-07,21,True,False,TDD,vanilla,25,[0.03885767 0.05887004 0.07978904 0.11451666],[0.01677871 0.03484485 0.05874661 0.09480348],[11.640863 17.608406 23.700275 33.906864],[ 5.147488 10.461841 17.203823 27.18728 ],[8.245159 8.223941 8.214328 8.192123],[0.09457646 0.11231367 0.1263829  0.14025694],[8.276323 8.276242 8.275361 8.274577],[0.09324113 0.10310401 0.11220799 0.12068646]
DDK8,E,4e-07,24,True,False,TDD,vanilla,25,[0.04188177 0.06192867 0.08486054 0.11850658],[0.02063579 0.03869247 0.05651045 0.08663509],[12.539999 18.648386 25.86488  36.410686],[ 6.022083  11.6672125 17.806673  27.31747  ],[8.25264  8.239215 8.232753 8.212451],[0.1018445  0.1143279  0.11685756 0.14102809],[8.286703 8.293116 8.298703 8.30418 ],[0.09379449 0.09931406 0.10363212 0.10734849]
DDK8,E,4e-07,27,True,False,TDD,vanilla,25,[0.04230351 0.06603822 0.09174868 0.125143  ],[0.02101418 0.06054571 0.08475714 0.10412245],[12.559995 19.569897 27.497139 37.98997 ],[ 6.1030264 16.91797   24.721325  32.564964 ],[8.241201 8.223157 8.217834 8.193552],[0.09564909 0.10881641 0.11398639 0.13346444],[8.276787 8.280539 8.284522 8.288042],[0.08973086 0.09296609 0.09940286 0.10667291]
DDK8,E,4e-07,33,True,False,TDD,vanilla,25,[0.05077698 0.07308807 0.11041444 0.13861355],[0.0296124  0.05508361 0.0799942  0.09654214],[15.050122 21.66651  32.645275 41.443382],[ 8.510072 16.350971 22.897276 29.272594],[8.230473 8.207815 8.181017 8.165073],[0.12080111 0.12683357 0.14268658 0.14794046],[8.277195 8.275805 8.276591 8.27708 ],[0.10656009 0.10650315 0.10475279 0.10291509]
DDK8,E,4e-07,36,True,False,TDD,vanilla,25,[0.05450504 0.07098277 0.10593039 0.15139785],[0.03685516 0.04418148 0.07940705 0.1840651 ],[16.386597 21.384333 31.655289 45.62047 ],[10.953858 13.391001 23.50981  56.98884 ],[8.241205  8.224541  8.193469  8.1813345],[0.1249776  0.13644014 0.14721324 0.14988346],[8.287193 8.285667 8.282404 8.278148],[0.11921629 0.12636288 0.12809068 0.12669323]
DDK8,E,4e-07,42,True,False,TDD,vanilla,25,[0.05605616 0.08318103 0.12662381 0.15219834],[0.02954333 0.0558588  0.11715636 0.10537808],[16.803024 24.913519 37.894386 45.871864],[ 8.966249 17.461437 35.07969  33.392853],[8.232484 8.204823 8.181975 8.15698 ],[0.1099722  0.13009979 0.13923821 0.15132286],[8.284267 8.282584 8.279294 8.275064],[0.1008014  0.10741474 0.11493791 0.12366353]
