model,cm,ds,ms,is_gen,is_U2D,scenario,noise_type,noise_degree,nmse_mean,nmse_std,mse_mean,mse_std,se_mean,se_std,se0_mean,se0_std
DDK8,B,5e-08,3,True,False,TDD,vanilla,0,[0.05862573 0.09120365 0.13919191 0.19711685],[0.02010424 0.03237007 0.0546429  0.08231495],[11.076427 17.592686 27.589148 41.14865 ],[ 2.896928   5.6168184 10.540856  19.019861 ],[8.259732  8.2302475 8.188008  8.132432 ],[0.290262   0.30503574 0.32107309 0.33908686],[8.310017 8.311025 8.311322 8.311014],[0.28663874 0.29886186 0.31123886 0.32331756]
DDK8,B,5e-08,6,True,False,TDD,vanilla,0,[0.08357033 0.15618755 0.26115796 0.39513484],[0.03368958 0.08204962 0.14652504 0.22638923],[13.736577 26.475945 48.338795 79.97274 ],[ 3.7658687 10.520025  24.397577  45.20733  ],[8.132056  8.066731  7.9468293 7.742855 ],[0.40511498 0.430395   0.48997486 0.62625694],[8.200852 8.201836 8.201868 8.201473],[0.3916575  0.39977843 0.40850884 0.41598985]
DDK8,B,5e-08,9,True,False,TDD,vanilla,0,[0.1025892  0.22880484 0.38774827 0.5525385 ],[0.059825  0.1567801 0.2738902 0.3226832],[ 17.25842  40.08903  76.36214 121.881  ],[ 5.5282593 22.403717  48.928513  76.45018  ],[8.167635  8.056706  7.845555  7.4871507],[0.46057507 0.5111245  0.64216584 0.91954106],[8.251503 8.261046 8.269067 8.268887],[0.43901262 0.44828582 0.46303815 0.4847499 ]
DDK8,B,5e-08,12,True,False,TDD,vanilla,0,[0.13912794 0.34776187 0.5453004  0.6825938 ],[0.08057435 0.26442286 0.3606764  0.3396154 ],[ 20.697289  55.77686  101.56725  152.03178 ],[ 8.652077 34.668343 62.99768  88.6699  ],[8.061055  7.858342  7.4955316 7.010227 ],[0.45220375 0.5786016  0.9303836  1.2742268 ],[8.1689005 8.177474  8.178661  8.1839   ],[0.42534223 0.456648   0.4968093  0.52424604]
DDK8,B,5e-08,15,True,False,TDD,vanilla,0,[0.17905912 0.4701265  0.6965945  0.8481291 ],[0.17552568 0.34981686 0.45642704 0.3905237 ],[ 28.501856  93.21669  155.94893  219.93332 ],[ 14.240793  60.653786  98.3988   128.23755 ],[8.161783  7.7616553 7.1995277 6.4144917],[0.5765319 0.8235098 1.2211081 1.6098946],[8.301512 8.301376 8.295099 8.286509],[0.5188588  0.5244441  0.5284308  0.55424315]
DDK8,B,5e-08,18,True,False,TDD,vanilla,0,[0.26376858 0.7339155  0.89585745 1.0131012 ],[0.18541764 0.45723727 0.41818067 0.35008076],[ 44.932514 142.54825  210.56046  263.84485 ],[ 31.857601  91.72642  123.66224  146.0342  ],[7.897886  7.0675273 6.2331624 5.755829 ],[0.6221888 1.1788917 1.7133524 1.5675514],[8.143847 8.165355 8.19014  8.226463],[0.5570067  0.5532856  0.5880717  0.64253396]
DDK8,B,5e-08,21,True,False,TDD,vanilla,0,[0.30639517 0.7107838  0.92251915 1.0058538 ],[0.25263602 0.39352953 0.42048484 0.29848143],[ 53.220856 155.10008  215.0823   254.51471 ],[ 40.329563 104.0766   121.20942  122.786835],[7.8087883 6.8336806 6.109643  5.574957 ],[0.7071069 1.380785  1.593313  1.6120151],[8.123272 8.136701 8.135805 8.15118 ],[0.5637358  0.5555875  0.58310056 0.62311333]
DDK8,B,5e-08,24,True,False,TDD,vanilla,0,[0.35351112 0.7423586  0.8699809  0.9775412 ],[0.3444227  0.51534563 0.39874354 0.254695  ],[ 63.736813 168.95143  222.87529  270.33246 ],[ 55.988953 120.96636  126.80352  129.79955 ],[7.9246087 6.9159937 6.3348627 5.701265 ],[0.70261997 1.4845515  1.5549117  1.4214957 ],[8.270131 8.258452 8.255482 8.262504],[0.5118271  0.51376563 0.5234589  0.57083213]
DDK8,B,5e-08,27,True,False,TDD,vanilla,0,[0.4202414  0.8221917  0.92262834 1.0011443 ],[0.30072135 0.47168544 0.34941807 0.32141763],[ 74.421684 172.03178  223.37393  256.91763 ],[ 64.7668   114.94663  123.44732  124.871056],[7.7401137 6.6559296 6.078326  5.5608687],[0.7012693 1.5372854 1.5265865 1.5410641],[8.164666 8.149782 8.144778 8.15001 ],[0.5907433 0.6523984 0.6741813 0.6614096]
DDK8,B,5e-08,33,True,False,TDD,vanilla,0,[0.81772256 1.1294063  1.180537   1.4862547 ],[0.7308178 0.8765155 0.5659459 2.2670443],[146.84608 226.15916 281.575   305.75137],[128.04614 152.70189 151.14851 146.63852],[7.336532  6.4142537 5.669371  5.252844 ],[1.1506826 1.5872462 1.578451  1.6173856],[8.244222 8.21752  8.208188 8.190938],[0.59182024 0.6487663  0.6651303  0.6921988 ]
DDK8,B,5e-08,36,True,False,TDD,vanilla,0,[1.2429144 1.5380168 1.5830665 1.4258357],[1.1101838  1.2879884  1.1832815  0.69214565],[227.6155  292.9508  343.97736 329.631  ],[184.07492 158.33978 197.45384 139.47838],[6.794303  5.8809123 5.3592076 4.945296 ],[1.597557  1.6479502 1.5173904 1.5017166],[8.266978 8.223077 8.203336 8.203679],[0.6390856  0.63954604 0.61311203 0.6540083 ]
DDK8,B,5e-08,42,True,False,TDD,vanilla,0,[1.3547615 1.5591264 1.9086659 1.3426951],[1.1028438  1.3302537  4.881061   0.68836176],[240.22975 322.59344 408.9027  346.25183],[217.13213 225.98499 619.42566 155.011  ],[6.652069  5.742654  5.1037292 4.8896103],[1.44579   1.5219653 1.4383113 1.3874756],[8.1687   8.187472 8.230034 8.259732],[0.55716753 0.59658355 0.6257369  0.63968194]
DDK8,B,2e-07,3,True,False,TDD,vanilla,0,[0.06475041 0.09180353 0.12914294 0.17769285],[0.01711673 0.0296812  0.04654307 0.07419007],[15.061022 21.292    30.1929   42.11789 ],[ 4.2345166  7.1957183 11.96505   19.870739 ],[8.05973   8.028796  7.9878626 7.9333086],[0.40722916 0.41510168 0.4247646  0.4400132 ],[8.140387 8.142667 8.144901 8.14683 ],[0.4020315  0.40776485 0.41400665 0.42071086]
DDK8,B,2e-07,6,True,False,TDD,vanilla,0,[0.0830213  0.1395222  0.22398794 0.33890665],[0.02214944 0.04545096 0.08513942 0.14388874],[19.839148 33.187584 53.96736  83.975876],[ 5.171798  9.841552 19.248285 34.74454 ],[8.098155  8.030148  7.920992  7.7432117],[0.38514373 0.4056614  0.4462364  0.5299443 ],[8.200198 8.203735 8.207059 8.210534],[0.37354088 0.3805655  0.3896417  0.39972013]
DDK8,B,2e-07,9,True,False,TDD,vanilla,0,[0.09890014 0.19493152 0.33155286 0.49755508],[0.02507044 0.06823213 0.13849036 0.21548632],[ 23.844126  47.713383  84.820145 132.7465  ],[ 7.1766706 21.361946  47.210712  77.105316 ],[8.094934  7.9688935 7.753708  7.4018874],[0.41357467 0.41948998 0.4549535  0.59734154],[8.216351 8.215251 8.214624 8.214304],[0.40763524 0.41026485 0.41645423 0.42503932]
DDK8,B,2e-07,12,True,False,TDD,vanilla,0,[0.13821219 0.3213113  0.527458   0.68226945],[0.06512534 0.21471485 0.35235938 0.3519689 ],[ 28.949831  66.98222  114.163704 160.34213 ],[10.291529 37.239517 66.69876  84.18009 ],[7.9538503 7.687691  7.249906  6.7560954],[0.48943263 0.6674455  1.06008    1.3367522 ],[8.120098  8.1142645 8.112743  8.113856 ],[0.43833014 0.4555621  0.47286943 0.49387443]
DDK8,B,2e-07,15,True,False,TDD,vanilla,0,[0.16155261 0.41266197 0.6058538  0.7793217 ],[0.08274478 0.2605992  0.3290408  0.3081725 ],[ 35.797955  96.54361  154.46141  215.85738 ],[ 14.835722  55.752583  86.716385 108.67707 ],[8.00011   7.6046925 7.117476  6.35192  ],[0.5385741 0.7508396 1.0923442 1.453709 ],[8.197627 8.204034 8.217083 8.230654],[0.48526046 0.50316983 0.5246719  0.5439685 ]
DDK8,B,2e-07,18,True,False,TDD,vanilla,0,[0.19655788 0.4964081  0.6976961  0.82878613],[0.12024428 0.31481424 0.3545634  0.29076645],[ 42.262253 117.122604 176.35133  226.47137 ],[ 24.293558  81.42029  106.02884  117.34353 ],[7.9326153 7.3709188 6.822879  6.170847 ],[0.5462962 0.969258  1.3052447 1.474844 ],[8.1638975 8.175692  8.188434  8.202102 ],[0.48944053 0.50745434 0.51854205 0.5220388 ]
DDK8,B,2e-07,21,True,False,TDD,vanilla,0,[0.2699689  0.645765   0.81612664 0.93785685],[0.16378456 0.33095255 0.32012913 0.2854903 ],[ 61.077427 160.83711  212.74512  250.01291 ],[ 33.431618  84.917854 101.387245 106.78994 ],[7.842378  6.9142594 6.185451  5.5742183],[0.54298466 1.1251915  1.3809999  1.3566782 ],[8.188612 8.176667 8.144227 8.140654],[0.44568112 0.44044286 0.4572289  0.47989473]
DDK8,B,2e-07,24,True,False,TDD,vanilla,0,[0.31536087 0.68858457 0.8635554  0.94549316],[0.2332459  0.39583609 0.3562101  0.27174485],[ 68.07689 163.96301 222.80226 266.8002 ],[ 44.6385    90.425316  99.296265 115.90902 ],[7.716499  6.6818023 6.0527806 5.5848827],[0.68956524 1.5075588  1.5568699  1.4361414 ],[8.138821 8.121225 8.131564 8.179233],[0.5049219  0.5401905  0.55457497 0.5767097 ]
DDK8,B,2e-07,27,True,False,TDD,vanilla,0,[0.35850513 0.7174907  0.8771063  0.98992044],[0.30434412 0.4013858  0.3534844  0.27404293],[ 79.84031 179.01744 229.58202 267.37738],[ 63.435646 108.65808  105.67225  105.88146 ],[7.7026153 6.7350874 6.0356946 5.3783617],[0.8285656 1.4082404 1.5493692 1.4865093],[8.195908 8.177614 8.161719 8.149493],[0.58492225 0.5956014  0.5773279  0.5629562 ]
DDK8,B,2e-07,33,True,False,TDD,vanilla,0,[0.6127931  0.89837945 1.0454895  1.0682485 ],[0.48329186 0.45604563 0.3703786  0.24371171],[131.1759  221.24573 269.46085 289.60837],[ 97.442444 122.17736  114.013916 121.60795 ],[7.2614164 6.2196655 5.552618  5.155943 ],[0.9023835 1.4455088 1.4215617 1.3325205],[8.113809 8.133947 8.133893 8.112729],[0.5259433  0.55339056 0.55033195 0.5765365 ]
DDK8,B,2e-07,36,True,False,TDD,vanilla,0,[0.60739446 0.9952837  1.0896591  1.1654927 ],[0.53283465 0.75376457 0.4271044  0.40269813],[139.4114  226.29643 264.94284 284.5982 ],[122.71545  131.17934  111.983604 112.50888 ],[7.2374773 6.308561  5.623985  5.045866 ],[1.164863  1.513913  1.4586985 1.5111517],[8.202237 8.165164 8.124358 8.063301],[0.48082286 0.5317794  0.5752137  0.61029977]
DDK8,B,2e-07,42,True,False,TDD,vanilla,0,[0.9051832 1.2537266 1.253323  1.2113384],[0.7899981 0.7083548 0.507399  0.3590072],[193.94836 304.48288 313.6811  310.49158],[166.43689 197.57314 150.829   120.80921],[6.827996  5.8203254 5.3303246 4.8600874],[1.338746  1.4081907 1.2972349 1.1922786],[8.116588  8.1407385 8.108494  8.074529 ],[0.5461969 0.5206076 0.5220433 0.5106325]
DDK8,B,4e-07,3,True,False,TDD,vanilla,0,[0.10071761 0.12618011 0.16218892 0.20583828],[0.03241577 0.03914197 0.0520754  0.07231969],[25.884417 32.744457 42.581455 54.81827 ],[ 7.464184  9.601249 13.689357 19.873838],[8.074944  8.040461  7.9969263 7.9433274],[0.3576462  0.3660579  0.3770268  0.39392534],[8.20847  8.210395 8.212237 8.213969],[0.3344236  0.33968472 0.345037   0.3505006 ]
DDK8,B,4e-07,6,True,False,TDD,vanilla,0,[0.11918969 0.16586708 0.23620455 0.3330093 ],[0.0326925  0.04274398 0.06626718 0.1052949 ],[29.815063 42.214222 61.237457 88.36415 ],[ 8.865633 12.417835 20.01295  33.108376],[8.028051  7.9589434 7.854135  7.6907597],[0.33798623 0.3504478  0.3768782  0.4395556 ],[8.184885 8.185724 8.186444 8.187491],[0.3219428  0.32802498 0.33519444 0.34295762]
DDK8,B,4e-07,9,True,False,TDD,vanilla,0,[0.13776602 0.22082213 0.33241576 0.4710923 ],[0.04845634 0.09437814 0.1601509  0.24971336],[ 34.032974  54.69276   84.39426  122.661865],[12.01388  21.005367 38.72219  61.730885],[8.007528  7.8854804 7.687755  7.3625526],[0.36460936 0.38300744 0.45503962 0.6614048 ],[8.193824  8.191843  8.1865635 8.178488 ],[0.33316842 0.33920407 0.35002944 0.36504003]
DDK8,B,4e-07,12,True,False,TDD,vanilla,0,[0.15494324 0.27198413 0.42408502 0.5673712 ],[0.04550555 0.10670995 0.1942115  0.23278002],[ 38.015797  68.400734 109.90028  154.53506 ],[11.364911 27.20281  52.65506  72.17351 ],[7.9444532 7.756906  7.439796  7.002677 ],[0.36125183 0.426563   0.6390323  0.9443448 ],[8.155842 8.160818 8.163987 8.167347],[0.32843766 0.33568707 0.35014966 0.36756453]
DDK8,B,4e-07,15,True,False,TDD,vanilla,0,[0.19497642 0.41338128 0.59208375 0.75154436],[0.08122827 0.2272822  0.30607805 0.30065575],[ 46.903458 102.144485 152.62784  202.6711  ],[17.674995 56.391926 79.70871  90.58698 ],[7.885112  7.4891396 7.007976  6.3049192],[0.4759214 0.7064785 1.0597409 1.3383209],[8.153601 8.155079 8.152278 8.149134],[0.4101913  0.43171167 0.44939846 0.460384  ]
DDK8,B,4e-07,18,True,False,TDD,vanilla,0,[0.22876827 0.49976027 0.69687647 0.8135512 ],[0.10726003 0.2657878  0.34617922 0.28539202],[ 53.421066 124.728424 183.3228   223.51288 ],[ 22.8722   71.07728 101.54104  97.7062 ],[7.8084893 7.22312   6.594568  5.9817224],[0.527592  0.8625455 1.174483  1.3469185],[8.1320305 8.13783   8.141356  8.146609 ],[0.42991513 0.4332563  0.4316455  0.42852738]
DDK8,B,4e-07,21,True,False,TDD,vanilla,0,[0.23634501 0.5093909  0.69434077 0.8386819 ],[0.10828497 0.23326528 0.2523187  0.2155203 ],[ 58.317005 137.29245  193.87422  237.69069 ],[ 26.072071  78.226585 102.612526 111.65858 ],[7.8297276 7.215762  6.616682  5.8644423],[0.4773513 0.7912135 1.0401208 1.2119294],[8.166336 8.156872 8.151517 8.130608],[0.39600894 0.41945392 0.43816084 0.45606455]
DDK8,B,4e-07,24,True,False,TDD,vanilla,0,[0.2930545  0.5830775  0.76124924 0.8900788 ],[0.14936496 0.26583177 0.26245457 0.2172891 ],[ 72.41172 161.36682 220.94843 267.40906],[ 35.920334  85.83998  104.90227  106.76022 ],[7.7793097 6.974951  6.3231688 5.6913605],[0.52341634 1.0827256  1.2474635  1.2158562 ],[8.199759 8.205041 8.207555 8.21912 ],[0.404768   0.4265331  0.43737403 0.43781117]
DDK8,B,4e-07,27,True,False,TDD,vanilla,0,[0.35541886 0.66405195 0.8315575  0.92155915],[0.21968397 0.3249552  0.30717033 0.21776676],[ 85.99594 170.91655 220.92271 254.35977],[48.262543 83.96372  88.65125  83.74631 ],[7.6146975 6.659179  5.9818697 5.5597878],[0.5976744 1.1297095 1.3139035 1.2011431],[8.149215 8.11694  8.104062 8.116798],[0.3806188  0.3709262  0.37762547 0.39070326]
DDK8,B,4e-07,33,True,False,TDD,vanilla,0,[0.58304065 0.80706614 0.96919775 1.0139384 ],[0.40049544 0.3415924  0.31664985 0.24601312],[150.82243 237.38106 287.00974 298.69525],[ 98.45647  130.38524  108.087524  95.719955],[7.290479  6.4131465 5.755084  5.321086 ],[0.9347703 1.2597094 1.2160892 1.2306919],[8.246285 8.265709 8.252912 8.226303],[0.46850497 0.45464966 0.43810764 0.45476887]
DDK8,B,4e-07,36,True,False,TDD,vanilla,0,[0.6503255 0.9203338 1.0445591 1.0723087],[0.4804267  0.41092315 0.42305315 0.23854788],[148.4952  229.41522 278.4506  304.00372],[108.97063  102.51746  100.498634  89.35031 ],[6.9757023 5.953064  5.3849907 5.030397 ],[1.025339  1.3318797 1.2543391 1.1309059],[8.057566 8.079075 8.129921 8.168677],[0.40291405 0.39826265 0.40041897 0.40959847]
DDK8,B,4e-07,42,True,False,TDD,vanilla,0,[0.9290365 1.085721  1.1485351 1.0952832],[0.8748317  0.7367388  0.48653919 0.24476992],[206.88408 273.98904 301.98148 307.36914],[160.9549  157.48148 131.9532  103.42761],[6.758407  5.9136324 5.3467016 5.0567174],[1.2667496 1.3134059 1.1834193 0.9835298],[8.131211  8.1205845 8.131761  8.168282 ],[0.45830318 0.46788168 0.48357803 0.44281054]
DDK8,E,5e-08,3,True,False,TDD,vanilla,0,[0.02450751 0.03764281 0.05777787 0.08058573],[0.00718155 0.01349987 0.02342893 0.03570345],[ 7.20125  11.040771 16.921492 23.667902],[ 2.298442  4.136351  7.102696 10.880731],[8.242722 8.221866 8.195727 8.17171 ],[0.10705961 0.10933997 0.11193044 0.11443212],[8.275205 8.273342 8.271564 8.269935],[0.10735612 0.10797671 0.10877378 0.10978284]
DDK8,E,5e-08,6,True,False,TDD,vanilla,0,[0.02920981 0.04665786 0.074338   0.11186623],[0.00793721 0.01574779 0.02723821 0.04844165],[ 8.511967 13.595045 21.67112  32.834766],[ 2.4306405  4.700439   7.8337746 14.197121 ],[8.237659 8.214178 8.182401 8.143455],[0.1134121  0.11653284 0.12264178 0.1331888 ],[8.276046 8.276881 8.277935 8.278976],[0.11304259 0.11515557 0.11746033 0.11958142]
DDK8,E,5e-08,9,True,False,TDD,vanilla,0,[0.03300286 0.05453753 0.08991687 0.13326229],[0.00826991 0.01695372 0.03159969 0.05032055],[ 9.717821 16.105145 26.800764 39.99979 ],[ 2.393468  5.054181  9.621131 15.521038],[8.250749 8.223008 8.180225 8.130154],[0.13091932 0.13630252 0.14686453 0.16410261],[8.294175 8.29685  8.298473 8.298301],[0.12703064 0.12796013 0.1290341  0.13212258]
DDK8,E,5e-08,12,True,False,TDD,vanilla,0,[0.03584063 0.0640303  0.10526481 0.1455527 ],[0.00869931 0.02555042 0.03710365 0.05577328],[10.226521 18.243689 30.254593 41.932606],[ 2.387998   7.0979686 10.787606  16.75476  ],[8.198314  8.1554165 8.097036  8.04234  ],[0.11249752 0.1260969  0.13843355 0.16754746],[8.245988  8.241977  8.236683  8.2317295],[0.10888108 0.11287002 0.11957742 0.12670901]
DDK8,E,5e-08,15,True,False,TDD,vanilla,0,[0.04255583 0.09244906 0.15097389 0.24400315],[0.01078694 0.05151667 0.07908631 0.19842498],[12.270508 26.97626  44.580273 72.39724 ],[ 3.1462686 15.798484  24.97893   59.327248 ],[8.206414 8.138507 8.059006 7.881295],[0.13859533 0.15882106 0.18062556 0.563577  ],[8.262611  8.2612095 8.260151  8.261041 ],[0.13493809 0.13911162 0.14343643 0.14577541]
DDK8,E,5e-08,18,True,False,TDD,vanilla,0,[0.04546382 0.09718254 0.15239233 0.24117522],[0.01604172 0.04696789 0.07336801 0.13821422],[13.185734 28.730293 45.44054  72.40364 ],[ 4.4980617 13.918725  22.207079  42.93322  ],[8.221666  8.149824  8.0780945 7.96896  ],[0.14203604 0.16665758 0.196759   0.3155009 ],[8.281872 8.281912 8.279536 8.27891 ],[0.13541299 0.14105983 0.14464794 0.14809406]
DDK8,E,5e-08,21,True,False,TDD,vanilla,0,[0.05194645 0.11201362 0.1631524  0.27982187],[0.02571603 0.06113662 0.08128279 0.19994964],[15.566542 33.548046 48.727833 82.34852 ],[ 8.037824 18.014656 24.15314  54.651283],[8.241259  8.15122   8.084055  7.8853416],[0.15053052 0.18299548 0.21091902 0.570967  ],[8.307358 8.301056 8.291944 8.288347],[0.14678083 0.14288229 0.1493194  0.15211837]
DDK8,E,5e-08,24,True,False,TDD,vanilla,0,[0.05986631 0.1334321  0.19255245 0.29504332],[0.02653031 0.07695341 0.09851067 0.18089633],[17.7298   39.64326  56.932663 87.64226 ],[ 8.106956 22.55806  29.739477 54.019817],[8.208454 8.102033 8.021791 7.865488],[0.13917276 0.18911073 0.22576076 0.4657357 ],[8.2875   8.278505 8.268627 8.264957],[0.13044433 0.1344253  0.15097398 0.16351572]
DDK8,E,5e-08,27,True,False,TDD,vanilla,0,[0.06177538 0.12165227 0.19037145 0.29159102],[0.023561   0.07202383 0.10153978 0.17366958],[18.104805 36.643158 58.207138 88.82962 ],[ 6.738755 23.262207 32.771923 53.174328],[8.19951  8.121335 8.05405  7.874519],[0.13985841 0.17621797 0.2049114  0.5211308 ],[8.279845  8.286421  8.2941885 8.295663 ],[0.12928064 0.14179233 0.13784619 0.14801458]
DDK8,E,5e-08,33,True,False,TDD,vanilla,0,[0.08675292 0.15241985 0.23554255 0.3310014 ],[0.05388218 0.08966998 0.13048553 0.19548725],[25.633953 45.398705 70.262665 98.82353 ],[16.123158 26.073195 37.9758   56.184902],[8.1736965 8.08728   7.9887557 7.809149 ],[0.17001238 0.20535053 0.2417408  0.5098208 ],[8.287059 8.28844  8.283365 8.28227 ],[0.14250225 0.14087309 0.1485409  0.15866236]
DDK8,E,5e-08,36,True,False,TDD,vanilla,0,[0.09468389 0.15762149 0.23668419 0.32276195],[0.05336574 0.0939036  0.12721337 0.18441425],[27.9563   46.515068 71.04072  97.29872 ],[16.066025 26.95038  38.87766  53.514748],[8.156031  8.081034  7.9925346 7.8299627],[0.19694656 0.25045735 0.2791175  0.50857174],[8.281623 8.287588 8.29217  8.30194 ],[0.16172272 0.17149195 0.17695847 0.17350179]
DDK8,E,5e-08,42,True,False,TDD,vanilla,0,[0.09761269 0.17336662 0.24816722 0.35922188],[0.06210799 0.09254749 0.10974883 0.2078299 ],[ 28.705162  51.366474  73.529755 106.177956],[17.876965 27.43026  32.98448  59.246784],[8.154884  8.046295  7.9460406 7.736158 ],[0.19113189 0.2148988  0.26882708 0.5403242 ],[8.2850485 8.277092  8.275991  8.2751875],[0.15040708 0.15980272 0.16346732 0.16856034]
DDK8,E,2e-07,3,True,False,TDD,vanilla,0,[0.03586961 0.04794303 0.0671538  0.08775022],[0.0116899  0.01851228 0.03009503 0.0435301 ],[10.734315 14.334044 20.076944 26.237368],[ 3.4833813  5.5060387  8.954358  12.949164 ],[8.243731  8.226529  8.203914  8.1844425],[0.04471779 0.05187751 0.06223287 0.0726786 ],[8.280581 8.280627 8.280685 8.280739],[0.0395242  0.04055545 0.04168786 0.04291362]
DDK8,E,2e-07,6,True,False,TDD,vanilla,0,[0.03978768 0.05556475 0.08310428 0.119872  ],[0.01080779 0.01601118 0.0250049  0.0419511 ],[11.959416 16.681217 24.959309 36.022717],[ 3.2431087  4.733728   7.442198  12.578561 ],[8.249678 8.227573 8.195392 8.156641],[0.04630798 0.05357778 0.06294422 0.0765404 ],[8.293882 8.294106 8.294251 8.294382],[0.04388142 0.04748659 0.05115881 0.05493952]
DDK8,E,2e-07,9,True,False,TDD,vanilla,0,[0.04477315 0.06505572 0.09339226 0.1284265 ],[0.01372662 0.02023959 0.02859342 0.04113269],[13.499106 19.623243 28.19059  38.807938],[ 4.1405034  6.1086507  8.678295  12.613112 ],[8.243745 8.215191 8.180818 8.143702],[0.06415665 0.07415509 0.08632619 0.09760755],[8.294298 8.295323 8.296029 8.296503],[0.05927263 0.06526424 0.07138937 0.07772422]
DDK8,E,2e-07,12,True,False,TDD,vanilla,0,[0.04640582 0.06929806 0.10612504 0.1420457 ],[0.01322631 0.02174648 0.03825495 0.05816447],[13.936784 20.846796 31.94784  42.733818],[ 3.8717084  6.5075836 11.593514  17.31774  ],[8.240172 8.208784 8.163146 8.122983],[0.07522343 0.08614787 0.10387567 0.12986434],[8.292669 8.293591 8.29417  8.294293],[0.06883647 0.07497934 0.08134437 0.08748709]
DDK8,E,2e-07,15,True,False,TDD,vanilla,0,[0.05474579 0.09883799 0.13742286 0.24058737],[0.0147823  0.05204947 0.07111467 0.23195232],[16.383493 29.640875 41.26209  72.21683 ],[ 4.522514 15.96989  21.96322  69.871796],[8.217959  8.161652  8.115942  7.8488603],[0.07129915 0.09183266 0.10561198 0.76394993],[8.278367 8.277282 8.276983 8.276869],[0.06547173 0.07076035 0.07667465 0.08393777]
DDK8,E,2e-07,18,True,False,TDD,vanilla,0,[0.05598569 0.10245296 0.1442566  0.26530516],[0.01725745 0.05017367 0.07582059 0.2558642 ],[16.63451  30.343056 42.778732 78.49033 ],[ 5.094679 14.572587 22.338097 74.962074],[8.209308 8.145489 8.10578  7.822841],[0.08780513 0.12323204 0.13375737 0.80901873],[8.273221 8.273726 8.274927 8.276924],[0.07880081 0.08553309 0.09271665 0.09996614]
DDK8,E,2e-07,21,True,False,TDD,vanilla,0,[0.06177812 0.10483234 0.14599492 0.22302973],[0.02850901 0.03877566 0.04663837 0.13435175],[18.466469 31.438593 43.90404  67.08501 ],[ 8.350987 11.813013 14.556937 40.355064],[8.220321 8.161907 8.113055 8.002366],[0.0983002  0.11719391 0.12883778 0.3052832 ],[8.2915325 8.292838  8.293352  8.293094 ],[0.09075397 0.09886748 0.10661584 0.11423081]
DDK8,E,2e-07,24,True,False,TDD,vanilla,0,[0.0667702  0.11385424 0.1651251  0.2434904 ],[0.02523119 0.04625178 0.10209572 0.17882238],[19.919954 33.93398  49.510967 72.73503 ],[ 7.515074 14.329354 34.903866 55.20491 ],[8.205711  8.137951  8.074757  7.9366693],[0.10767052 0.12423009 0.16884345 0.39741504],[8.283634 8.277485 8.2726   8.268844],[0.0970543  0.10391299 0.1116889  0.11914234]
DDK8,E,2e-07,27,True,False,TDD,vanilla,0,[0.06843437 0.11587757 0.15736048 0.23137085],[0.02367871 0.0547907  0.0633072  0.137161  ],[20.460352 34.85777  47.582916 69.8258  ],[ 6.7962556 16.260561  19.246359  40.710392 ],[8.2052765 8.149365  8.113197  8.01441  ],[0.10650513 0.13541612 0.13659461 0.34284785],[8.285105 8.289517 8.293083 8.295244],[0.09349079 0.10003035 0.1076677  0.11564252]
DDK8,E,2e-07,33,True,False,TDD,vanilla,0,[0.0836916  0.12319384 0.17468639 0.23645097],[0.03499484 0.06975054 0.07074478 0.1631016 ],[25.17374  37.35398  53.310917 72.185394],[10.502277 21.01966  22.105532 49.22862 ],[8.195608 8.147168 8.092707 7.97202 ],[0.12393878 0.16331752 0.16098864 0.5207527 ],[8.293463 8.300457 8.306935 8.31096 ],[0.1121941  0.1177948  0.12364822 0.1286118 ]
DDK8,E,2e-07,36,True,False,TDD,vanilla,0,[0.0827364  0.12577885 0.17764261 0.2715429 ],[0.03711058 0.05816337 0.07083332 0.18652695],[24.249905 36.766182 51.91136  79.199905],[10.606767 16.893383 20.077599 52.283504],[8.16289   8.103989  8.046236  7.8982134],[0.11597022 0.14493833 0.16060795 0.45490882],[8.260142  8.257455  8.2576065 8.260585 ],[0.10467414 0.11562987 0.12960932 0.14268412]
DDK8,E,2e-07,42,True,False,TDD,vanilla,0,[0.09254052 0.14791927 0.19734837 0.29196283],[0.03618414 0.06102308 0.07360534 0.18439363],[27.765923 44.15552  59.090958 88.214226],[11.14288  18.305338 23.313805 59.98763 ],[8.174708  8.103089  8.044779  7.8229113],[0.11723833 0.14838882 0.16357885 0.66889644],[8.285831 8.281849 8.27859  8.276519],[0.10005278 0.10973753 0.12256967 0.13150124]
DDK8,E,4e-07,3,True,False,TDD,vanilla,0,[0.03984842 0.05283381 0.07290178 0.09451335],[0.01329697 0.02069603 0.03245431 0.0465094 ],[11.924377 15.807024 21.796509 28.259872],[ 3.982794  6.197669  9.705456 13.925761],[8.24541  8.226443 8.20191  8.180689],[0.03574923 0.04434282 0.05621467 0.06901965],[8.288958 8.288684 8.288403 8.288102],[0.02915174 0.03073189 0.03247377 0.03435929]
DDK8,E,4e-07,6,True,False,TDD,vanilla,0,[0.04878555 0.06638627 0.09467684 0.12907328],[0.01296344 0.0181936  0.02721747 0.04361952],[14.5868845 19.827904  28.253696  38.5284   ],[ 3.9438539  5.486107   8.205119  13.078038 ],[8.230112 8.204781 8.169456 8.132517],[0.04360919 0.05248966 0.06326846 0.07888406],[8.284499 8.284238 8.283938 8.283622],[0.03912413 0.0432141  0.04740655 0.05164111]
DDK8,E,4e-07,9,True,False,TDD,vanilla,0,[0.05376799 0.07374109 0.10320963 0.13910346],[0.01363822 0.01998746 0.02786467 0.04109756],[16.075983 22.038183 30.871449 41.64504 ],[ 4.170533   6.0590634  8.530887  12.765515 ],[8.2215805 8.191486  8.153779  8.113268 ],[0.05487256 0.06440365 0.07442375 0.08815955],[8.280015 8.279101 8.278396 8.278026],[0.05211917 0.05833429 0.06446901 0.0706116 ]
DDK8,E,4e-07,12,True,False,TDD,vanilla,0,[0.05628349 0.08386543 0.11989972 0.15623105],[0.01621549 0.03364296 0.03991402 0.0536922 ],[16.869226 25.121925 35.95552  46.981503],[ 4.912991 10.030656 11.802238 16.302387],[8.22375  8.185489 8.141612 8.101999],[0.07091293 0.09125967 0.10488043 0.11446232],[8.285689 8.28714  8.288548 8.289801],[0.06437866 0.07084928 0.07688569 0.08259344]
DDK8,E,4e-07,15,True,False,TDD,vanilla,0,[0.05858904 0.09335813 0.12777656 0.19315624],[0.01234175 0.03475878 0.04789123 0.14572601],[17.527765 27.952879 38.340958 58.242855],[ 3.5635085 10.286001  14.226021  43.988503 ],[8.222239 8.175928 8.137528 8.039223],[0.08114818 0.10023785 0.11394091 0.32026762],[8.288774 8.291263 8.293829 8.296032],[0.07523514 0.08273138 0.09050899 0.09828036]
DDK8,E,4e-07,18,True,False,TDD,vanilla,0,[0.06471858 0.10647423 0.15263212 0.24625705],[0.02244777 0.05417785 0.08408173 0.22256532],[19.265162 31.673777 45.323013 73.18939 ],[ 6.786381 16.21335  25.305002 66.773575],[8.208256 8.155621 8.107227 7.851234],[0.07546778 0.09581695 0.11144008 0.80593103],[8.27856  8.276338 8.274124 8.272226],[0.06968126 0.07664183 0.08386724 0.09061535]
DDK8,E,4e-07,21,True,False,TDD,vanilla,0,[0.07070374 0.11184911 0.15012825 0.22150664],[0.02075249 0.04443409 0.06011822 0.1458445 ],[21.060946 33.256287 44.434956 65.67587 ],[ 6.2171516 13.271869  16.854088  42.47447  ],[8.1982975 8.141558  8.098963  8.008804 ],[0.10037162 0.12982963 0.14979969 0.29221928],[8.276323 8.276242 8.275361 8.274577],[0.09324113 0.10310401 0.11220799 0.12068646]
DDK8,E,4e-07,24,True,False,TDD,vanilla,0,[0.07510132 0.11453816 0.15028277 0.21516821],[0.02797984 0.04468126 0.05273317 0.12029675],[22.419048 34.519188 45.58641  65.812614],[ 7.751563 13.260335 16.01398  37.81032 ],[8.204713 8.158156 8.120106 8.045874],[0.10779665 0.12641019 0.13607655 0.19608276],[8.286703 8.293116 8.298703 8.30418 ],[0.09379449 0.09931406 0.10363212 0.10734849]
DDK8,E,4e-07,27,True,False,TDD,vanilla,0,[0.07791035 0.11678564 0.1542248  0.22979273],[0.02601321 0.05111688 0.06110777 0.17918018],[23.061325 34.63057  46.139854 68.98665 ],[ 7.5069156 14.561387  18.1669    53.96673  ],[8.189064  8.143143  8.110806  7.9773893],[0.1033525  0.12171896 0.12987447 0.42067313],[8.276787 8.280539 8.284522 8.288042],[0.08973086 0.09296609 0.09940286 0.10667291]
DDK8,E,4e-07,33,True,False,TDD,vanilla,0,[0.08800581 0.12286197 0.17210148 0.23825781],[0.03644617 0.05054148 0.07255509 0.14726754],[26.092453 36.467655 51.216915 71.53725 ],[10.573053 14.944361 22.309036 47.470207],[8.180593 8.131312 8.071808 7.96101 ],[0.12606226 0.13034274 0.1451756  0.38850164],[8.277195 8.275805 8.276591 8.27708 ],[0.10656009 0.10650315 0.10475279 0.10291509]
DDK8,E,4e-07,36,True,False,TDD,vanilla,0,[0.08980002 0.12115035 0.16212498 0.23453158],[0.03941898 0.04673754 0.0521507  0.15465055],[26.956411 36.206345 48.307716 69.639015],[12.08805   13.7440195 14.92484   45.055862 ],[8.189781  8.140434  8.085639  7.9438725],[0.129763   0.15574223 0.16917786 0.49296317],[8.287193 8.285667 8.282404 8.278148],[0.11921629 0.12636288 0.12809068 0.12669323]
DDK8,E,4e-07,42,True,False,TDD,vanilla,0,[0.09019698 0.13716559 0.1783615  0.2595254 ],[0.03173031 0.05328099 0.06495974 0.1763601 ],[26.937132 40.85219  53.236958 77.65642 ],[ 9.367877 15.770867 20.036572 54.309948],[8.180375 8.116648 8.072894 7.908645],[0.11902959 0.14361975 0.14996603 0.5780498 ],[8.284267 8.282584 8.279294 8.275064],[0.1008014  0.10741474 0.11493791 0.12366353]
DDK8,B,5e-08,3,True,False,TDD,vanilla,5,[0.02981014 0.04904324 0.07960927 0.12623926],[0.00995498 0.01961542 0.04141921 0.07365096],[ 5.974217  9.463976 15.465651 25.729853],[ 1.6365497  3.163743   6.922552  14.503266 ],[8.284871 8.270914 8.248462 8.211227],[0.2887943  0.30231577 0.3161392  0.3307288 ],[8.310017 8.311025 8.311322 8.311014],[0.28663874 0.29886186 0.31123886 0.32331756]
DDK8,B,5e-08,6,True,False,TDD,vanilla,5,[0.04264544 0.09353317 0.18146615 0.30387908],[0.01786569 0.0616183  0.14258485 0.22440247],[ 7.3472233 15.717435  33.033386  61.40109  ],[ 2.1395307  7.7709804 21.849743  43.31436  ],[8.166056 8.126731 8.038258 7.871864],[0.40004075 0.42298013 0.48060507 0.60922515],[8.200852 8.201836 8.201868 8.201473],[0.3916575  0.39977843 0.40850884 0.41598985]
DDK8,B,5e-08,9,True,False,TDD,vanilla,5,[0.05605903 0.15191351 0.28853035 0.45586017],[0.0347891  0.12543082 0.22207749 0.30623898],[  9.702009  26.913254  58.896385 103.21158 ],[ 4.0664616 20.192068  48.122025  78.50201  ],[8.207598  8.133978  7.965206  7.6372504],[0.45043373 0.48903194 0.6073769  0.92860436],[8.251503 8.261046 8.269067 8.268887],[0.43901262 0.44828582 0.46303815 0.4847499 ]
DDK8,B,5e-08,12,True,False,TDD,vanilla,5,[0.08023927 0.25034994 0.45176932 0.59299   ],[0.05210344 0.22032782 0.33793712 0.3262126 ],[ 12.652491  41.946945  86.0033   135.10231 ],[ 6.96296  32.323494 62.98649  88.77762 ],[8.106947  7.9497514 7.6304893 7.195404 ],[0.4403622  0.5529456  0.88170505 1.2418622 ],[8.1689005 8.177474  8.178661  8.1839   ],[0.42534223 0.456648   0.4968093  0.52424604]
DDK8,B,5e-08,15,True,False,TDD,vanilla,5,[0.12464538 0.3815226  0.6116222  0.7955701 ],[0.1476873  0.30469322 0.41615045 0.40033877],[ 19.64344   79.093414 141.35066  206.99792 ],[ 12.817187  60.765354 100.88256  130.3134  ],[8.210639  7.8648195 7.3367267 6.5962257],[0.56298244 0.79728526 1.2035515  1.6001766 ],[8.301512 8.301376 8.295099 8.286509],[0.5188588  0.5244441  0.5284308  0.55424315]
DDK8,B,5e-08,18,True,False,TDD,vanilla,5,[0.20083496 0.6426571  0.8254291  0.94654727],[0.17226413 0.45306328 0.42741254 0.3397902 ],[ 35.38913 130.28508 199.9714  254.15602],[ 30.735771  94.66159  126.63992  148.5686  ],[7.9618506 7.194384  6.4005527 5.9338503],[0.6002379 1.1395364 1.6771479 1.6114206],[8.143847 8.165355 8.19014  8.226463],[0.5570067  0.5532856  0.5880717  0.64253396]
DDK8,B,5e-08,21,True,False,TDD,vanilla,5,[0.2438481  0.63968515 0.86649615 0.9581653 ],[0.24126585 0.3838401  0.41206062 0.298969  ],[ 43.954693 144.51363  205.43338  246.29459 ],[ 40.285126 107.1878   124.549355 123.6519  ],[7.873646  6.9574647 6.253038  5.74043  ],[0.683742  1.35789   1.5731931 1.6438309],[8.123272 8.136701 8.135805 8.15118 ],[0.5637358  0.5555875  0.58310056 0.62311333]
DDK8,B,5e-08,24,True,False,TDD,vanilla,5,[0.28972164 0.67366457 0.8136907  0.9271159 ],[0.32004333 0.510924   0.39944285 0.25617677],[ 53.984154 158.40474  214.26128  263.1883  ],[ 55.599804 123.379326 129.59937  131.69456 ],[7.9876924 6.9957805 6.451497  5.920338 ],[0.6770904 1.5214282 1.5789307 1.4057156],[8.270131 8.258452 8.255482 8.262504],[0.5118271  0.51376563 0.5234589  0.57083213]
DDK8,B,5e-08,27,True,False,TDD,vanilla,5,[0.34725764 0.75151306 1.047556   0.961047  ],[0.28510237 0.4398231  1.8946848  0.3147356 ],[ 63.92777 163.64026 229.79109 251.59303],[ 62.883953 118.60946  198.68555  127.11666 ],[7.8120513 6.745387  6.1882825 5.728188 ],[0.6862271 1.5427592 1.554004  1.5763837],[8.164666 8.149782 8.144778 8.15001 ],[0.5907433 0.6523984 0.6741813 0.6614096]
DDK8,B,5e-08,33,True,False,TDD,vanilla,5,[0.75093704 1.0619527  1.1395553  1.4117168 ],[0.72550166 0.82163674 0.57597893 1.8788729 ],[137.82428 217.98265 275.91028 300.1915 ],[130.03621 155.6925  154.88637 147.80618],[7.396264  6.4979906 5.7942333 5.4137416],[1.1456641 1.6233194 1.6025236 1.5837239],[8.244222 8.21752  8.208188 8.190938],[0.59182024 0.6487663  0.6651303  0.6921988 ]
DDK8,B,5e-08,36,True,False,TDD,vanilla,5,[1.1684837 1.493987  1.5266795 1.3843914],[1.077844   1.2555823  0.97376275 0.6695165 ],[218.97232 288.03464 323.88428 323.15887],[185.6907  160.83134 144.94917 141.05125],[6.8575788 5.9395905 5.4863477 5.045008 ],[1.5759088 1.6547158 1.5056638 1.5243202],[8.266978 8.223077 8.203336 8.203679],[0.6390856  0.63954604 0.61311203 0.6540083 ]
DDK8,B,5e-08,42,True,False,TDD,vanilla,5,[1.2658074 1.5277044 2.1833675 1.3248172],[1.0874075  1.4353563  7.9546223  0.78609717],[231.9392  319.33344 591.4445  343.0181 ],[ 220.4404   243.03278 2444.6748   158.31859],[6.720903  5.8299785 5.2169704 4.9412785],[1.4476529 1.5354221 1.3860673 1.4168179],[8.1687   8.187472 8.230034 8.259732],[0.55716753 0.59658355 0.6257369  0.63968194]
DDK8,B,2e-07,3,True,False,TDD,vanilla,5,[0.041656   0.05736069 0.08099774 0.11862652],[0.01133055 0.01858383 0.03120434 0.05599255],[ 9.780636 13.277735 18.774042 27.811386],[ 2.6357455  4.2347937  7.5682316 14.1546755],[8.090502 8.076018 8.055137 8.019134],[0.40681985 0.41371483 0.42229092 0.43566778],[8.140387 8.142667 8.144901 8.14683 ],[0.4020315  0.40776485 0.41400665 0.42071086]
DDK8,B,2e-07,6,True,False,TDD,vanilla,5,[0.05168742 0.08780637 0.15274674 0.25609115],[0.01583048 0.03470416 0.07483831 0.1384878 ],[12.447594 20.91571  36.722416 63.37357 ],[ 3.2041755  6.7468967 16.237686  32.31535  ],[8.140059 8.102632 8.029056 7.892572],[0.38210896 0.39903563 0.4346341  0.5112383 ],[8.200198 8.203735 8.207059 8.210534],[0.37354088 0.3805655  0.3896417  0.39972013]
DDK8,B,2e-07,9,True,False,TDD,vanilla,5,[0.06255239 0.13216518 0.25460517 0.41985965],[0.01685356 0.05413637 0.13155507 0.22034472],[ 15.15736   32.464764  65.412224 112.30724 ],[ 4.7016315 16.889769  43.69143   76.025826 ],[8.143846  8.061097  7.8902874 7.584252 ],[0.4114653  0.41412607 0.44055566 0.57435346],[8.216351 8.215251 8.214624 8.214304],[0.40763524 0.41026485 0.41645423 0.42503932]
DDK8,B,2e-07,12,True,False,TDD,vanilla,5,[0.09116725 0.23864394 0.43143117 0.59343547],[0.04708512 0.18129247 0.3186315  0.3314437 ],[ 19.175932  50.21528   94.52458  142.59462 ],[ 7.59292  32.74947  63.011246 84.168655],[8.014144  7.8042674 7.4172435 6.9550266],[0.47404498 0.63047653 1.0071805  1.3096194 ],[8.120098  8.1142645 8.112743  8.113856 ],[0.43833014 0.4555621  0.47286943 0.49387443]
DDK8,B,2e-07,15,True,False,TDD,vanilla,5,[0.1136339  0.33369347 0.5271629  0.70462775],[0.0686627  0.24060749 0.31601304 0.30434546],[ 25.354946  79.50168  137.67976  199.05371 ],[ 12.910741  53.796158  87.64541  109.538   ],[8.066194  7.7390914 7.307892  6.620185 ],[0.523211  0.7170599 1.0454837 1.4244503],[8.197627 8.204034 8.217083 8.230654],[0.48526046 0.50316983 0.5246719  0.5439685 ]
DDK8,B,2e-07,18,True,False,TDD,vanilla,5,[0.14649846 0.41408107 0.6217621  0.7693942 ],[0.10958555 0.29854068 0.35383436 0.30423766],[ 31.507315 100.09892  160.68752  214.11273 ],[ 22.799145  80.057335 108.55592  123.0327  ],[8.002245  7.529037  6.9919047 6.3695083],[0.5309716 0.9117591 1.3018982 1.4804459],[8.1638975 8.175692  8.188434  8.202102 ],[0.48944053 0.50745434 0.51854205 0.5220388 ]
DDK8,B,2e-07,21,True,False,TDD,vanilla,5,[0.2171907  0.58197695 0.760588   0.8907628 ],[0.1570302  0.32550478 0.32308546 0.28797787],[ 49.99382 148.75215 202.15018 240.35107],[ 33.34416   87.835976 105.15976  109.149734],[7.921071  7.056624  6.3617883 5.800556 ],[0.53011477 1.1368167  1.3897749  1.3461136 ],[8.188612 8.176667 8.144227 8.140654],[0.44568112 0.44044286 0.4572289  0.47989473]
DDK8,B,2e-07,24,True,False,TDD,vanilla,5,[0.25336742 0.62962323 0.81370336 0.9055015 ],[0.20197783 0.3824038  0.3589243  0.27570948],[ 55.7869  152.54416 212.2045  258.15735],[ 41.488777  92.50509  102.55477  117.1046  ],[7.804983  6.8157544 6.221715  5.771718 ],[0.6571177 1.4914634 1.5480748 1.4731328],[8.138821 8.121225 8.131564 8.179233],[0.5049219  0.5401905  0.55457497 0.5767097 ]
DDK8,B,2e-07,27,True,False,TDD,vanilla,5,[0.29644105 0.6504427  0.8229275  0.944741  ],[0.29525557 0.39681047 0.33101442 0.25675824],[ 67.057396 165.3393   218.4372   257.80835 ],[ 62.977768 111.24033  107.72482  106.94933 ],[7.7886477 6.9019923 6.1814256 5.5900445],[0.8141271 1.3476391 1.5568113 1.4908189],[8.195908 8.177614 8.161719 8.149493],[0.58492225 0.5956014  0.5773279  0.5629562 ]
DDK8,B,2e-07,33,True,False,TDD,vanilla,5,[0.5507249  0.85174674 1.0093416  1.041023  ],[0.47477964 0.45262483 0.3764436  0.2492265 ],[120.43226 212.67613 262.84888 284.75916],[ 98.82333  124.363014 116.85146  122.045784],[7.3402696 6.323084  5.6847258 5.323202 ],[0.8972257 1.4454278 1.4178666 1.3667786],[8.113809 8.133947 8.133893 8.112729],[0.5259433  0.55339056 0.55033195 0.5765365 ]
DDK8,B,2e-07,36,True,False,TDD,vanilla,5,[0.54779106 0.9469689  1.046238   1.1233176 ],[0.51484686 0.75449884 0.435321   0.39071512],[125.0295  215.59102 256.30997 276.98795],[117.315346 133.61224  115.31893  112.836044],[7.3243666 6.4128137 5.7430305 5.2165008],[1.140785  1.5527574 1.4740634 1.4994234],[8.202237 8.165164 8.124358 8.063301],[0.48082286 0.5317794  0.5752137  0.61029977]
DDK8,B,2e-07,42,True,False,TDD,vanilla,5,[0.8428072 1.2030666 1.2225617 1.18576  ],[0.7787502  0.71895796 0.5171612  0.38392207],[182.59286 295.53015 306.88965 304.76648],[167.07411 201.07216 151.39798 120.25198],[6.906416  5.9240704 5.447662  5.018913 ],[1.348956  1.4413716 1.2860321 1.2175988],[8.116588  8.1407385 8.108494  8.074529 ],[0.5461969 0.5206076 0.5220433 0.5106325]
DDK8,B,4e-07,3,True,False,TDD,vanilla,5,[0.08004636 0.09410001 0.1154168  0.14817101],[0.03069024 0.03389008 0.04068376 0.05444923],[20.462555 24.168213 29.851585 38.89049 ],[ 6.8108783  7.6051874  9.517853  13.723178 ],[8.107253 8.092111 8.071961 8.040691],[0.35651776 0.36342216 0.37215212 0.38395736],[8.20847  8.210395 8.212237 8.213969],[0.3344236  0.33968472 0.345037   0.3505006 ]
DDK8,B,4e-07,6,True,False,TDD,vanilla,5,[0.09189191 0.12148537 0.17313315 0.25825346],[0.03055878 0.03633041 0.05886584 0.10006844],[22.853664 30.61771  44.489662 68.20493 ],[ 8.072418 10.170481 17.111206 30.568172],[8.070903  8.033738  7.9664745 7.844834 ],[0.33609816 0.3449929  0.36465904 0.41361463],[8.184885 8.185724 8.186444 8.187491],[0.3219428  0.32802498 0.33519444 0.34295762]
DDK8,B,4e-07,9,True,False,TDD,vanilla,5,[0.10398469 0.16191614 0.25789046 0.3927758 ],[0.04312461 0.07322804 0.14436907 0.24157616],[ 25.676645  40.110817  65.61075  102.65636 ],[10.910269 17.47333  36.038662 61.2339  ],[8.060221  7.981802  7.82649   7.5444584],[0.35747516 0.36771855 0.42425764 0.6305681 ],[8.193824  8.191843  8.1865635 8.178488 ],[0.33316842 0.33920407 0.35002944 0.36504003]
DDK8,B,4e-07,12,True,False,TDD,vanilla,5,[0.12098033 0.21486308 0.3551276  0.5005673 ],[0.04035123 0.09667392 0.18923442 0.23869985],[ 29.780401  53.993275  91.94449  136.29204 ],[10.514945 24.60301  51.33873  72.37214 ],[7.9996963 7.8621674 7.5928473 7.2144856],[0.3532196  0.40835547 0.61113596 0.8807057 ],[8.155842 8.160818 8.163987 8.167347],[0.32843766 0.33568707 0.35014966 0.36756453]
DDK8,B,4e-07,15,True,False,TDD,vanilla,5,[0.15502013 0.34273827 0.5205618  0.6894859 ],[0.07181484 0.20866667 0.29540935 0.30447236],[ 37.30633  85.41627 135.1779  187.1727 ],[15.800734 52.48118  78.91498  91.992714],[7.9506865 7.629541  7.1905956 6.561066 ],[0.46159336 0.666022   1.0364019  1.3187493 ],[8.153601 8.155079 8.152278 8.149134],[0.4101913  0.43171167 0.44939846 0.460384  ]
DDK8,B,4e-07,18,True,False,TDD,vanilla,5,[0.18684918 0.43717682 0.63757753 0.7623089 ],[0.09620564 0.2511766  0.3357553  0.28532952],[ 43.68903  110.568634 169.40536  211.15282 ],[ 21.393782  71.242    102.51505   99.88692 ],[7.8814697 7.366745  6.757474  6.2308702],[0.50908357 0.82349586 1.1700642  1.2968571 ],[8.1320305 8.13783   8.141356  8.146609 ],[0.42991513 0.4332563  0.4316455  0.42852738]
DDK8,B,4e-07,21,True,False,TDD,vanilla,5,[0.19230005 0.4512688  0.6409212  0.7902646 ],[0.09630913 0.22760445 0.26050976 0.22693813],[ 47.98647 123.8263  181.64983 226.48273],[ 24.521582  79.20347  105.076126 114.06548 ],[7.9045277 7.36719   6.7828937 6.130997 ],[0.46073234 0.7458166  1.0457006  1.1743408 ],[8.166336 8.156872 8.151517 8.130608],[0.39600894 0.41945392 0.43816084 0.45606455]
DDK8,B,4e-07,24,True,False,TDD,vanilla,5,[0.24333988 0.5298694  0.7113861  0.8489713 ],[0.13536817 0.26489225 0.26755506 0.22465679],[ 60.86448 148.88583 209.37675 257.70123],[ 34.135326  87.13339  107.16591  108.921745],[7.860861  7.1317196 6.5015507 5.935061 ],[0.50167745 1.0344563  1.2306738  1.187739  ],[8.199759 8.205041 8.207555 8.21912 ],[0.404768   0.4265331  0.43737403 0.43781117]
DDK8,B,4e-07,27,True,False,TDD,vanilla,5,[0.30318844 0.6126225  0.78659433 0.8846071 ],[0.1976741  0.3226993  0.30252537 0.21904878],[ 74.04215 158.77303 211.06116 245.79291],[45.913048 84.87117  89.48637  84.41581 ],[7.7023683 6.8074775 6.147359  5.7486134],[0.57224315 1.1113226  1.3161308  1.2144631 ],[8.149215 8.11694  8.104062 8.116798],[0.3806188  0.3709262  0.37762547 0.39070326]
DDK8,B,4e-07,33,True,False,TDD,vanilla,5,[0.53807527 0.7724108  0.94255275 0.9911185 ],[0.3969234  0.34865472 0.32917088 0.2483653 ],[139.74553 228.87973 279.8047  292.82434],[ 99.18836 133.87796 111.18177  96.95703],[7.3645263 6.513055  5.8808155 5.4562945],[0.9248986 1.2706438 1.2518594 1.2821412],[8.246285 8.265709 8.252912 8.226303],[0.46850497 0.45464966 0.43810764 0.45476887]
DDK8,B,4e-07,36,True,False,TDD,vanilla,5,[0.59714216 0.88786036 1.0088838  1.0473049 ],[0.46934858 0.4216606  0.4234122  0.23764844],[137.08502 223.01288 270.66068 298.57178],[108.92368 111.51266 102.65836  91.56139],[7.073331  6.0402813 5.549066  5.2182994],[1.0138524 1.3491204 1.2414349 1.1475943],[8.057566 8.079075 8.129921 8.168677],[0.40291405 0.39826265 0.40041897 0.40959847]
DDK8,B,4e-07,42,True,False,TDD,vanilla,5,[0.86667746 1.0523545  1.1258742  1.0749153 ],[0.83327246 0.73753345 0.47743997 0.24086891],[195.31816 266.0686  297.33603 302.7921 ],[161.16884 158.94908 132.52    103.25415],[6.822459  6.0094347 5.431874  5.1979737],[1.2941052 1.3333097 1.2133187 0.9962611],[8.131211  8.1205845 8.131761  8.168282 ],[0.45830318 0.46788168 0.48357803 0.44281054]
DDK8,E,5e-08,3,True,False,TDD,vanilla,5,[0.01079004 0.01633845 0.02466859 0.03602924],[0.00284036 0.00531947 0.01000297 0.01718243],[ 3.1721203  4.789301   7.227086  10.586294 ],[0.8894217 1.633237  3.0344148 5.2175803],[8.262321 8.252655 8.2421   8.232057],[0.10737494 0.10833658 0.10952727 0.11067218],[8.275205 8.273342 8.271564 8.269935],[0.10735612 0.10797671 0.10877378 0.10978284]
DDK8,E,5e-08,6,True,False,TDD,vanilla,5,[0.01295689 0.02039315 0.03382882 0.05494229],[0.00331222 0.00618199 0.01388046 0.02913843],[ 3.7761075  5.9411273  9.838794  16.103134 ],[0.98510253 1.8477817  3.9316168  8.3406105 ],[8.260818  8.251817  8.238918  8.2217045],[0.11319713 0.11546148 0.11847835 0.12229296],[8.276046 8.276881 8.277935 8.278976],[0.11304259 0.11515557 0.11746033 0.11958142]
DDK8,E,5e-08,9,True,False,TDD,vanilla,5,[0.01498811 0.02592431 0.04542413 0.07253588],[0.00430767 0.0111799  0.02582955 0.04468585],[ 4.4171886  7.658476  13.547964  21.71061  ],[ 1.240601   3.3937817  8.017337  13.471026 ],[8.2764635 8.264256  8.242853  8.214361 ],[0.12843762 0.13136844 0.13970411 0.1556088 ],[8.294175 8.29685  8.298473 8.298301],[0.12703064 0.12796013 0.1290341  0.13212258]
DDK8,E,5e-08,12,True,False,TDD,vanilla,5,[0.01669578 0.03393167 0.05979798 0.08883474],[0.00468814 0.0170515  0.03109559 0.0475182 ],[ 4.7749214  9.675678  17.236387  25.713768 ],[ 1.3319104  4.77402    9.108529  14.550789 ],[8.225912 8.199417 8.162734 8.127197],[0.11001813 0.11792387 0.12872475 0.14637098],[8.245988  8.241977  8.236683  8.2317295],[0.10888108 0.11287002 0.11957742 0.12670901]
DDK8,E,5e-08,15,True,False,TDD,vanilla,5,[0.02043618 0.0543686  0.09662356 0.18761812],[0.00746506 0.04317378 0.07271133 0.24555035],[ 5.9299884 15.971236  28.700352  56.70424  ],[ 2.2523277 13.314894  22.64005   79.83978  ],[8.2382145 8.194971  8.143084  8.006064 ],[0.13646002 0.14967352 0.17276521 0.4853652 ],[8.262611  8.2612095 8.260151  8.261041 ],[0.13493809 0.13911162 0.14343643 0.14577541]
DDK8,E,5e-08,18,True,False,TDD,vanilla,5,[0.02415344 0.05977176 0.1057514  0.18898697],[0.01271228 0.03585552 0.06630383 0.14997096],[ 7.0174727 17.73797   31.736687  56.182323 ],[ 3.7054687 10.753544  20.394892  41.857407 ],[8.252359 8.20747  8.155818 8.070676],[0.13759686 0.15312509 0.17490919 0.28757852],[8.281872 8.281912 8.279536 8.27891 ],[0.13541299 0.14105983 0.14464794 0.14809406]
DDK8,E,5e-08,21,True,False,TDD,vanilla,5,[0.02947577 0.0755562  0.12129749 0.22392932],[0.01725116 0.05016584 0.07662451 0.19309461],[ 8.910061 22.766441 36.39549  66.04079 ],[ 5.5353537 15.108751  23.012165  53.459602 ],[8.272569  8.209739  8.1561165 8.026249 ],[0.14660195 0.16180597 0.19060895 0.39067248],[8.307358 8.301056 8.291944 8.288347],[0.14678083 0.14288229 0.1493194  0.15211837]
DDK8,E,5e-08,24,True,False,TDD,vanilla,5,[0.03768056 0.09647771 0.15106912 0.24501002],[0.02436955 0.06261134 0.10251481 0.19502167],[11.169524 28.853926 44.940903 73.27183 ],[ 7.4461284 19.015318  31.03292   58.89129  ],[8.24163   8.163322  8.099285  7.9704375],[0.1370649  0.1654282  0.20939179 0.5101336 ],[8.2875   8.278505 8.268627 8.264957],[0.13044433 0.1344253  0.15097398 0.16351572]
DDK8,E,5e-08,27,True,False,TDD,vanilla,5,[0.03744754 0.09296367 0.15517806 0.24612482],[0.02307319 0.07632847 0.11666542 0.18013985],[11.006404 28.296135 47.785904 75.18844 ],[ 6.782261 24.88794  37.377804 55.093235],[8.234701 8.175601 8.125414 7.99479 ],[0.13603245 0.1644524  0.19628353 0.45209515],[8.279845  8.286421  8.2941885 8.295663 ],[0.12928064 0.14179233 0.13784619 0.14801458]
DDK8,E,5e-08,33,True,False,TDD,vanilla,5,[0.0651425  0.12865953 0.20965128 0.30035526],[0.05147125 0.09664559 0.15913083 0.20462663],[19.29111  38.40492  62.476704 89.8126  ],[15.285292 28.284182 45.476048 58.76433 ],[8.207714 8.134666 8.053433 7.904118],[0.16447054 0.19682175 0.24149579 0.45858666],[8.287059 8.28844  8.283365 8.28227 ],[0.14250225 0.14087309 0.1485409  0.15866236]
DDK8,E,5e-08,36,True,False,TDD,vanilla,5,[0.06956773 0.13139182 0.2829574  0.2988184 ],[0.05009944 0.09474973 0.767664   0.19696838],[20.76219 39.12975 87.86935 90.09835],[ 15.17599   28.18228  257.08054   57.672054],[8.194836 8.134168 8.029147 7.924823],[0.1875117  0.23036513 0.45442212 0.45649055],[8.281623 8.287588 8.29217  8.30194 ],[0.16172272 0.17149195 0.17695847 0.17350179]
DDK8,E,5e-08,42,True,False,TDD,vanilla,5,[0.0752491  0.14973488 0.22387497 0.33555552],[0.06229781 0.09682584 0.12000156 0.22467226],[22.188587 44.51083  66.47209  99.50227 ],[17.930159 28.786987 35.70022  64.2383  ],[8.190663 8.093346 8.008997 7.823625],[0.18772304 0.21219674 0.26541904 0.4939628 ],[8.2850485 8.277092  8.275991  8.2751875],[0.15040708 0.15980272 0.16346732 0.16856034]
DDK8,E,2e-07,3,True,False,TDD,vanilla,5,[0.0238216  0.02890106 0.03675431 0.04706286],[0.0085785  0.01060866 0.0148443  0.02221407],[ 7.140332  8.657366 11.000655 14.085136],[2.5678253 3.167332  4.418844  6.61474  ],[8.261504 8.254543 8.246559 8.23915 ],[0.04164784 0.04404034 0.04682125 0.04990853],[8.280581 8.280627 8.280685 8.280739],[0.0395242  0.04055545 0.04168786 0.04291362]
DDK8,E,2e-07,6,True,False,TDD,vanilla,5,[0.0240408  0.03125757 0.04434201 0.06408258],[0.00822202 0.00956216 0.01533766 0.02710895],[ 7.243203   9.4116745 13.344635  19.289455 ],[2.482541  2.8769617 4.645728  8.209577 ],[8.27226  8.262824 8.249095 8.230784],[0.04465221 0.04909365 0.05412149 0.06129328],[8.293882 8.294106 8.294251 8.294382],[0.04388142 0.04748659 0.05115881 0.05493952]
DDK8,E,2e-07,9,True,False,TDD,vanilla,5,[0.0274644  0.03713296 0.05221859 0.0726684 ],[0.01047304 0.01278298 0.01905237 0.02899201],[ 8.297847 11.20299  15.748361 21.944937],[3.1667526 3.8334181 5.7303576 8.848807 ],[8.268772 8.256267 8.239525 8.219754],[0.06236001 0.06981105 0.07918411 0.08880685],[8.294298 8.295323 8.296029 8.296503],[0.05927263 0.06526424 0.07138937 0.07772422]
DDK8,E,2e-07,12,True,False,TDD,vanilla,5,[0.02832903 0.0418413  0.06466432 0.08686242],[0.00946497 0.01522877 0.03377472 0.05595842],[ 8.523455 12.595128 19.478395 26.114676],[ 2.793996  4.602866 10.270379 16.804781],[8.266103 8.248877 8.223586 8.201853],[0.07157627 0.07936812 0.09229384 0.11241376],[8.292669 8.293591 8.29417  8.294293],[0.06883647 0.07497934 0.08134437 0.08748709]
DDK8,E,2e-07,15,True,False,TDD,vanilla,5,[0.03470157 0.06340782 0.08946103 0.17659901],[0.01256734 0.04094773 0.05826816 0.21745469],[10.408469 19.030838 26.871328 53.132725],[ 3.847653 12.539488 17.809757 65.77088 ],[8.247424 8.214147 8.188044 8.038606],[0.06910487 0.08186127 0.09618629 0.45741495],[8.278367 8.277282 8.276983 8.276869],[0.06547173 0.07076035 0.07667465 0.08393777]
DDK8,E,2e-07,18,True,False,TDD,vanilla,5,[0.03497398 0.06632981 0.10026897 0.20098953],[0.01395748 0.03748474 0.06962271 0.23502809],[10.411114 19.65971  29.745535 59.593803],[ 4.1462827 10.973042  20.67096   69.432335 ],[8.239545 8.202053 8.176564 8.006545],[0.08377679 0.10636843 0.11636324 0.5770249 ],[8.273221 8.273726 8.274927 8.276924],[0.07880081 0.08553309 0.09271665 0.09996614]
DDK8,E,2e-07,21,True,False,TDD,vanilla,5,[0.03877227 0.06872979 0.10110534 0.16007404],[0.01766196 0.02922806 0.04478334 0.12217393],[11.604666 20.571194 30.358831 48.181484],[ 5.2270026  8.603594  13.506361  36.99583  ],[8.252362 8.215866 8.185261 8.114226],[0.09523834 0.11043882 0.12410544 0.24440704],[8.2915325 8.292838  8.293352  8.293094 ],[0.09075397 0.09886748 0.10661584 0.11423081]
DDK8,E,2e-07,24,True,False,TDD,vanilla,5,[0.04379232 0.07931188 0.11284211 0.18663925],[0.02513276 0.04763754 0.06755399 0.18919916],[13.09888  23.732712 33.684837 55.901085],[ 7.501589 14.996904 21.23095  58.496033],[8.238916 8.193772 8.161317 8.070298],[0.10464481 0.11741736 0.13481003 0.26804352],[8.283634 8.277485 8.2726   8.268844],[0.0970543  0.10391299 0.1116889  0.11914234]
DDK8,E,2e-07,27,True,False,TDD,vanilla,5,[0.04476028 0.08265486 0.11745455 0.17886591],[0.02001473 0.04696561 0.06347445 0.13628997],[13.391536 24.929533 35.58352  53.93277 ],[ 5.8149076 14.076721  19.41092   40.54034  ],[8.238741  8.2029505 8.18291   8.123405 ],[0.10199746 0.11850806 0.1238501  0.28742754],[8.285105 8.289517 8.293083 8.295244],[0.09349079 0.10003035 0.1076677  0.11564252]
DDK8,E,2e-07,33,True,False,TDD,vanilla,5,[0.05907635 0.09209919 0.13366391 0.18518743],[0.03358561 0.06458921 0.07419859 0.14505413],[17.787666 27.984655 40.919872 56.675137],[ 9.953742 19.551888 23.011232 43.407055],[8.230405 8.199556 8.163451 8.09733 ],[0.12103385 0.15047723 0.15318622 0.36705413],[8.293463 8.300457 8.306935 8.31096 ],[0.1121941  0.1177948  0.12364822 0.1286118 ]
DDK8,E,2e-07,36,True,False,TDD,vanilla,5,[0.05653329 0.09419363 0.13860688 0.21977784],[0.03209131 0.05560039 0.08169586 0.185151  ],[16.595251 27.544172 40.511017 64.1102  ],[ 9.143562 16.060377 23.073503 52.087883],[8.200665 8.155782 8.118292 8.020956],[0.11057933 0.13526157 0.14997841 0.35057306],[8.260142  8.257455  8.2576065 8.260585 ],[0.10467414 0.11562987 0.12960932 0.14268412]
DDK8,E,2e-07,42,True,False,TDD,vanilla,5,[0.06803569 0.11182595 0.15872116 0.24892257],[0.03549001 0.05441354 0.08446803 0.18818563],[20.47268  33.408775 47.64873  75.598274],[10.996985 16.54691  26.491396 61.05946 ],[8.21105  8.162872 8.119801 7.950238],[0.11161194 0.13520193 0.14754891 0.5708809 ],[8.285831 8.281849 8.27859  8.276519],[0.10005278 0.10973753 0.12256967 0.13150124]
DDK8,E,4e-07,3,True,False,TDD,vanilla,5,[0.02688197 0.03196235 0.03975011 0.05056007],[0.00972849 0.01185722 0.01579409 0.02321754],[ 8.053711  9.569981 11.892128 15.128024],[2.9188657 3.5582318 4.736153  6.9668045],[8.264259 8.256883 8.248593 8.240418],[0.03233868 0.03533597 0.03846967 0.04244896],[8.288958 8.288684 8.288403 8.288102],[0.02915174 0.03073189 0.03247377 0.03435929]
DDK8,E,4e-07,6,True,False,TDD,vanilla,5,[0.03195264 0.03971974 0.05167026 0.06950387],[0.01029131 0.01207226 0.01614393 0.02408117],[ 9.567988  11.882546  15.4573555 20.804148 ],[3.1381052 3.6792781 4.9337564 7.349154 ],[8.254898 8.244401 8.231087 8.215421],[0.04183749 0.04694306 0.05222881 0.05815305],[8.284499 8.284238 8.283938 8.283622],[0.03912413 0.0432141  0.04740655 0.05164111]
DDK8,E,4e-07,9,True,False,TDD,vanilla,5,[0.03584446 0.0447989  0.05865429 0.07787905],[0.01085176 0.01251186 0.0171694  0.02613066],[10.7248955 13.397898  17.547096  23.327988 ],[3.311869  3.8541226 5.3264656 8.158746 ],[8.247536 8.234351 8.21735  8.198631],[0.05374064 0.05979091 0.06665392 0.07582335],[8.280015 8.279101 8.278396 8.278026],[0.05211917 0.05833429 0.06446901 0.0706116 ]
DDK8,E,4e-07,12,True,False,TDD,vanilla,5,[0.03764883 0.05310965 0.07249276 0.09457495],[0.01336371 0.02255334 0.02857198 0.04015325],[11.310598 15.95611  21.835777 28.555777],[ 4.095174   6.8122315  8.733606  12.51245  ],[8.250863 8.231899 8.211231 8.192762],[0.06813198 0.07948351 0.0883711  0.09354562],[8.285689 8.28714  8.288548 8.289801],[0.06437866 0.07084928 0.07688569 0.08259344]
DDK8,E,4e-07,15,True,False,TDD,vanilla,5,[0.03837731 0.05791817 0.08150328 0.12947199],[0.01024323 0.02117709 0.03611729 0.13106617],[11.501613 17.374928 24.504911 39.114853],[ 3.038155   6.2927136 10.740253  39.556797 ],[8.2515    8.227965  8.2069235 8.159804 ],[0.07843965 0.09038914 0.10516037 0.19030161],[8.288774 8.291263 8.293829 8.296032],[0.07523514 0.08273138 0.09050899 0.09828036]
DDK8,E,4e-07,18,True,False,TDD,vanilla,5,[0.04309045 0.07070703 0.10492263 0.19105613],[0.01667459 0.0394805  0.07214062 0.23129475],[12.845901 21.022367 31.137346 56.81167 ],[ 5.0632887 11.71699   21.572823  69.1262   ],[8.239085  8.2055025 8.177613  7.959524 ],[0.0731247  0.08894611 0.10314497 0.797113  ],[8.27856  8.276338 8.274124 8.272226],[0.06968126 0.07664183 0.08386724 0.09061535]
DDK8,E,4e-07,21,True,False,TDD,vanilla,5,[0.0487099  0.07710183 0.10259566 0.1619095 ],[0.01732143 0.03545795 0.05466742 0.14568831],[14.554706 22.962133 30.380793 48.01719 ],[ 5.310588 10.573085 15.354661 42.292114],[8.229703 8.195583 8.176493 8.107419],[0.09618659 0.1180206  0.13289663 0.270792  ],[8.276323 8.276242 8.275361 8.274577],[0.09324113 0.10310401 0.11220799 0.12068646]
DDK8,E,4e-07,24,True,False,TDD,vanilla,5,[0.05285834 0.08132339 0.10698088 0.15767282],[0.02331493 0.04424613 0.05733573 0.11654925],[15.793723 24.540184 32.512646 48.36992 ],[ 6.7042713 13.421137  17.620167  36.60428  ],[8.237131 8.211212 8.195684 8.150187],[0.10336416 0.11594737 0.1203994  0.15727599],[8.286703 8.293116 8.298703 8.30418 ],[0.09379449 0.09931406 0.10363212 0.10734849]
DDK8,E,4e-07,27,True,False,TDD,vanilla,5,[0.05242331 0.08308339 0.10598672 0.17376281],[0.02062363 0.04834507 0.05660474 0.17669533],[15.5545435 24.65555   31.767248  52.289673 ],[ 6.026908 13.567686 16.63118  52.938282],[8.225194 8.197301 8.184883 8.087402],[0.09764972 0.10835299 0.11446453 0.39623955],[8.276787 8.280539 8.284522 8.288042],[0.08973086 0.09296609 0.09940286 0.10667291]
DDK8,E,4e-07,33,True,False,TDD,vanilla,5,[0.06228224 0.08816937 0.12528591 0.18580107],[0.03013267 0.04246416 0.06880976 0.15238181],[18.493097 26.173185 37.310394 55.99034 ],[ 8.819933 12.519721 20.827576 49.273594],[8.214618 8.18441  8.146217 8.080022],[0.12272899 0.12391838 0.1380289  0.24901646],[8.277195 8.275805 8.276591 8.27708 ],[0.10656009 0.10650315 0.10475279 0.10291509]
DDK8,E,4e-07,36,True,False,TDD,vanilla,5,[0.06468134 0.08598261 0.1172279  0.17488748],[0.03245655 0.03819428 0.05249927 0.1508077 ],[19.4354   25.787415 35.041595 52.022793],[ 9.8545885 11.533227  15.570388  44.85806  ],[8.224472 8.194814 8.159712 8.073334],[0.12614208 0.14050178 0.15065652 0.36383286],[8.287193 8.285667 8.282404 8.278148],[0.11921629 0.12636288 0.12809068 0.12669323]
DDK8,E,4e-07,42,True,False,TDD,vanilla,5,[0.06559753 0.09959815 0.13348737 0.20198262],[0.02878979 0.04919349 0.06903865 0.16402519],[19.639645 29.749714 39.927967 60.62837 ],[ 8.72625  14.933372 21.121342 50.62034 ],[8.215607 8.175357 8.148944 8.038782],[0.11347008 0.13152833 0.13796876 0.42165348],[8.284267 8.282584 8.279294 8.275064],[0.1008014  0.10741474 0.11493791 0.12366353]
DDK8,B,5e-08,3,True,False,TDD,vanilla,10,[0.01865949 0.03008959 0.05176838 0.09219636],[0.00590354 0.01222207 0.03218954 0.06384543],[ 4.1339397  6.259016  10.489279  19.12705  ],[ 1.3269892  2.4527426  5.673436  12.989728 ],[8.293954 8.286942 8.272569 8.24339 ],[0.2879532  0.30042732 0.31315443 0.3260612 ],[8.310017 8.311025 8.311322 8.311014],[0.28663874 0.29886186 0.31123886 0.32331756]
DDK8,B,5e-08,6,True,False,TDD,vanilla,10,[0.02767644 0.06689745 0.14611627 0.26754284],[0.01192978 0.05074433 0.13072744 0.2268422 ],[ 5.1019683 11.519759  26.811913  53.561413 ],[ 1.6787739  6.757453  20.516699  42.48369  ],[8.178244  8.150211  8.074893  7.9234505],[0.3971988  0.4160329  0.46675053 0.58767015],[8.200852 8.201836 8.201868 8.201473],[0.3916575  0.39977843 0.40850884 0.41598985]
DDK8,B,5e-08,9,True,False,TDD,vanilla,10,[0.04010453 0.12221166 0.24949832 0.42511436],[0.03063728 0.11645138 0.21345362 0.32461107],[ 7.120872 22.01537  51.907177 95.722   ],[ 3.5393305 19.359085  47.655262  79.62099  ],[8.220686  8.160561  8.008859  7.6941924],[0.4475732  0.48117653 0.58857363 0.89587396],[8.251503 8.261046 8.269067 8.268887],[0.43901262 0.44828582 0.46303815 0.4847499 ]
DDK8,B,5e-08,12,True,False,TDD,vanilla,10,[0.06101489 0.21279246 0.41342515 0.55555725],[0.04813957 0.21099725 0.3358499  0.33311126],[  9.917429  36.68199   79.17122  128.07115 ],[ 6.646379 32.030186 63.065105 90.29849 ],[8.122473  7.9839215 7.685438  7.2692614],[0.43596148 0.5441536  0.8714117  1.2388167 ],[8.1689005 8.177474  8.178661  8.1839   ],[0.42534223 0.456648   0.4968093  0.52424604]
DDK8,B,5e-08,15,True,False,TDD,vanilla,10,[0.10469327 0.34868324 0.5816196  0.7679307 ],[0.1355676  0.2949566  0.41621226 0.407343  ],[ 16.583406  73.36599  135.57611  202.43388 ],[ 12.395131  60.279606 101.16806  132.01839 ],[8.226952  7.9052563 7.3886237 6.6779656],[0.5587244 0.7915857 1.2213521 1.5947982],[8.301512 8.301376 8.295099 8.286509],[0.5188588  0.5244441  0.5284308  0.55424315]
DDK8,B,5e-08,18,True,False,TDD,vanilla,10,[0.17767173 0.6130619  0.80000013 0.92598176],[0.16714653 0.44921422 0.42712796 0.34157947],[ 32.23063 126.76701 196.46545 250.68065],[ 30.880873  97.085846 128.75021  150.20044 ],[7.9830317 7.224496  6.4488025 6.0276127],[0.5920677 1.1471931 1.6839763 1.5743833],[8.143847 8.165355 8.19014  8.226463],[0.5570067  0.5532856  0.5880717  0.64253396]
DDK8,B,5e-08,21,True,False,TDD,vanilla,10,[0.2218359  0.6146125  0.84057075 0.9407147 ],[0.23370428 0.39102826 0.40147647 0.29825568],[ 40.95669 141.07518 202.37263 243.87248],[ 40.140484 108.76547  125.748375 125.375854],[7.8940187 7.0008917 6.2962008 5.8072467],[0.6792184 1.3647782 1.5808345 1.6241612],[8.123272 8.136701 8.135805 8.15118 ],[0.5637358  0.5555875  0.58310056 0.62311333]
DDK8,B,5e-08,24,True,False,TDD,vanilla,10,[0.26307097 0.6458408  0.793505   0.9094705 ],[0.30380327 0.50805503 0.39938498 0.25400963],[ 50.262344 154.25194  210.43999  260.55862 ],[ 55.01227 124.2412  130.55716 132.89453],[8.01313   7.044377  6.5055585 5.958971 ],[0.66592264 1.5088159  1.5884565  1.4406165 ],[8.270131 8.258452 8.255482 8.262504],[0.5118271  0.51376563 0.5234589  0.57083213]
DDK8,B,5e-08,27,True,False,TDD,vanilla,10,[0.3193462  0.7196524  0.87948066 0.9446471 ],[0.28065088 0.42676008 0.48659667 0.3200076 ],[ 60.245514 160.48431  215.42894  248.90874 ],[ 62.380188 119.857506 132.65387  128.08815 ],[7.839839  6.790035  6.2501082 5.8169384],[0.6757623 1.539914  1.5432209 1.5656828],[8.164666 8.149782 8.144778 8.15001 ],[0.5907433 0.6523984 0.6741813 0.6614096]
DDK8,B,5e-08,33,True,False,TDD,vanilla,10,[0.72701365 1.0409582  1.1529926  1.4273077 ],[0.73080516 0.79436535 0.6849025  2.0934296 ],[134.47467 216.2452  275.04364 299.03937],[130.37767 156.50801 155.63106 148.85408],[7.4180646 6.5186653 5.839998  5.4178996],[1.1415918 1.6435599 1.5999238 1.6235914],[8.244222 8.21752  8.208188 8.190938],[0.59182024 0.6487663  0.6651303  0.6921988 ]
DDK8,B,5e-08,36,True,False,TDD,vanilla,10,[1.1541895 1.476524  1.6075228 1.3934662],[1.1024829  1.2290436  1.8839684  0.71202314],[215.72595 287.13467 330.53918 323.3004 ],[185.94084 162.37787 185.79533 141.91666],[6.8801856 5.9601264 5.505958  5.073073 ],[1.5721012 1.6717745 1.5202855 1.5182816],[8.266978 8.223077 8.203336 8.203679],[0.6390856  0.63954604 0.61311203 0.6540083 ]
DDK8,B,5e-08,42,True,False,TDD,vanilla,10,[1.2576154 1.5270352 2.2062452 1.3245207],[1.1055158 1.436064  8.206575  0.8006635],[229.76105 318.60223 612.59393 341.94318],[ 220.55101  242.28084 2653.864    158.60551],[6.7383327 5.8460927 5.2113404 4.9982915],[1.4522125 1.5439652 1.4117624 1.4315944],[8.1687   8.187472 8.230034 8.259732],[0.55716753 0.59658355 0.6257369  0.63968194]
DDK8,B,2e-07,3,True,False,TDD,vanilla,10,[0.03298938 0.04298471 0.05989043 0.09243829],[0.01006882 0.0151172  0.02573772 0.04926088],[ 7.794553  9.983608 13.846905 21.589577],[ 2.1190944  3.16221    5.843019  12.023861 ],[8.101589 8.094871 8.081868 8.053156],[0.40674007 0.4133818  0.4215007  0.43445182],[8.140387 8.142667 8.144901 8.14683 ],[0.4020315  0.40776485 0.41400665 0.42071086]
DDK8,B,2e-07,6,True,False,TDD,vanilla,10,[0.04061506 0.06771039 0.12464414 0.22432345],[0.01365077 0.03031493 0.07188079 0.14029957],[ 9.800346 16.107111 29.751518 55.179443],[ 2.7158399  5.8703146 15.328126  32.119583 ],[8.155453  8.131781  8.071023  7.9454494],[0.3807661  0.39551908 0.42858052 0.50488645],[8.200198 8.203735 8.207059 8.210534],[0.37354088 0.3805655  0.3896417  0.39972013]
DDK8,B,2e-07,9,True,False,TDD,vanilla,10,[0.04936855 0.10634001 0.22081912 0.38530856],[0.01431728 0.04832806 0.12729333 0.21705851],[ 11.943906  26.392124  57.489853 103.97182 ],[ 3.8938553 15.216077  42.52834   75.39878  ],[8.161464 8.097596 7.945803 7.658759],[0.41091344 0.41038528 0.43032578 0.5535739 ],[8.216351 8.215251 8.214624 8.214304],[0.40763524 0.41026485 0.41645423 0.42503932]
DDK8,B,2e-07,12,True,False,TDD,vanilla,10,[0.07491511 0.2094838  0.397906   0.56295085],[0.04202436 0.1731834  0.31498882 0.33687526],[ 15.752476  44.15847   87.56033  135.60661 ],[ 6.7398496 31.47199   62.820053  84.88886  ],[8.035789  7.8476954 7.4758906 7.0343695],[0.46841732 0.6188358  0.99663466 1.297549  ],[8.120098  8.1142645 8.112743  8.113856 ],[0.43833014 0.4555621  0.47286943 0.49387443]
DDK8,B,2e-07,15,True,False,TDD,vanilla,10,[0.09657086 0.30306447 0.49857178 0.6844832 ],[0.06516474 0.23278566 0.31300858 0.31401652],[ 21.517832  72.7833   130.82639  193.83484 ],[ 12.421088  53.367966  87.40415  111.83538 ],[8.089447  7.793034  7.377938  6.7128696],[0.5176743  0.70129514 1.0354177  1.4118845 ],[8.197627 8.204034 8.217083 8.230654],[0.48526046 0.50316983 0.5246719  0.5439685 ]
DDK8,B,2e-07,18,True,False,TDD,vanilla,10,[0.12688352 0.38506252 0.5959078  0.74281365],[0.10390506 0.29727256 0.35901707 0.30703822],[ 27.368681  93.79641  154.48927  207.24532 ],[ 21.753622  79.9395   108.95442  121.91547 ],[8.028623  7.5878506 7.0645385 6.483174 ],[0.52430016 0.89790976 1.291427   1.4472069 ],[8.1638975 8.175692  8.188434  8.202102 ],[0.48944053 0.50745434 0.51854205 0.5220388 ]
DDK8,B,2e-07,21,True,False,TDD,vanilla,10,[0.19743203 0.5587083  0.7379004  0.87429637],[0.15437329 0.3277387  0.33050686 0.29602867],[ 45.854492 143.73799  197.47467  236.8748  ],[ 33.10098   88.54715  106.596214 110.50969 ],[7.9510636 7.1295805 6.4068775 5.8734517],[0.5195693 1.1057608 1.421227  1.3733733],[8.188612 8.176667 8.144227 8.140654],[0.44568112 0.44044286 0.4572289  0.47989473]
DDK8,B,2e-07,24,True,False,TDD,vanilla,10,[0.23176144 0.6068838  0.7967161  0.88955706],[0.19484654 0.37983677 0.36343798 0.277597  ],[ 51.48577 147.77399 208.57423 254.91858],[ 40.82083  93.07987 104.08717 118.1729 ],[7.836393  6.8730297 6.271522  5.8389845],[0.6486352 1.4838469 1.5579265 1.4933848],[8.138821 8.121225 8.131564 8.179233],[0.5049219  0.5401905  0.55457497 0.5767097 ]
DDK8,B,2e-07,27,True,False,TDD,vanilla,10,[0.27417657 0.6253863  0.8021696  0.9301968 ],[0.29196978 0.39703286 0.3302848  0.25828078],[ 62.811405 160.52043  214.14671  254.58167 ],[ 63.5204  113.04606 109.00207 107.79651],[7.821146  6.964075  6.2641096 5.6916113],[0.80797434 1.3455302  1.5526527  1.4950893 ],[8.195908 8.177614 8.161719 8.149493],[0.58492225 0.5956014  0.5773279  0.5629562 ]
DDK8,B,2e-07,33,True,False,TDD,vanilla,10,[0.5289702  0.833953   0.99423605 1.0299323 ],[0.46851984 0.44788894 0.37473068 0.2493863 ],[116.30187 209.22955 259.93857 283.2803 ],[ 98.27671 125.56331 117.80985 125.14806],[7.3723845 6.366068  5.7219863 5.4022007],[0.8915342 1.4482799 1.4373257 1.3697038],[8.113809 8.133947 8.133893 8.112729],[0.5259433  0.55339056 0.55033195 0.5765365 ]
DDK8,B,2e-07,36,True,False,TDD,vanilla,10,[0.53570104 0.92844427 1.0307544  1.1052214 ],[0.5281549  0.74140006 0.43825135 0.38612205],[123.34591 211.90373 253.68141 274.26904],[122.49561 134.08636 115.93777 113.87598],[7.3457093 6.447096  5.806303  5.2913013],[1.1438086 1.5637884 1.4739659 1.5096194],[8.202237 8.165164 8.124358 8.063301],[0.48082286 0.5317794  0.5752137  0.61029977]
DDK8,B,2e-07,42,True,False,TDD,vanilla,10,[0.83037585 1.1919519  1.2109913  1.175067  ],[0.79636544 0.72420067 0.51741344 0.3845384 ],[179.96547 292.96075 305.24396 303.50354],[170.98999 201.77425 152.7506  121.63176],[6.9314203 5.9638104 5.4812593 5.066104 ],[1.356923  1.4439558 1.3269032 1.2542295],[8.116588  8.1407385 8.108494  8.074529 ],[0.5461969 0.5206076 0.5220433 0.5106325]
DDK8,B,4e-07,3,True,False,TDD,vanilla,10,[0.07220291 0.08097342 0.09545885 0.12230907],[0.02977419 0.03183796 0.03611371 0.04722948],[18.435884 20.735891 24.582624 31.960476],[ 6.568212  7.010699  8.134502 11.450774],[8.1193075 8.112844  8.101537  8.079004 ],[0.35562417 0.36194158 0.36918095 0.3794454 ],[8.20847  8.210395 8.212237 8.213969],[0.3344236  0.33968472 0.345037   0.3505006 ]
DDK8,B,4e-07,6,True,False,TDD,vanilla,10,[0.08222965 0.10399253 0.14770208 0.22718802],[0.02995719 0.0347088  0.05658119 0.10035244],[20.462225 26.205887 37.861084 59.812733],[ 7.9642158  9.723107  16.123526  29.708996 ],[8.085507  8.061749  8.007467  7.9010143],[0.33521727 0.34291324 0.35947868 0.40328246],[8.184885 8.185724 8.186444 8.187491],[0.3219428  0.32802498 0.33519444 0.34295762]
DDK8,B,4e-07,9,True,False,TDD,vanilla,10,[0.09199216 0.13853359 0.22787198 0.35919723],[0.04222454 0.06560429 0.13817157 0.23589201],[22.712873 34.44745  58.152847 94.055084],[10.704187 16.268255 34.97821  60.293438],[8.078417  8.01822   7.8787823 7.6187963],[0.35600832 0.36393204 0.41627395 0.61143786],[8.193824  8.191843  8.1865635 8.178488 ],[0.33316842 0.33920407 0.35002944 0.36504003]
DDK8,B,4e-07,12,True,False,TDD,vanilla,10,[0.10838566 0.1916499  0.3282761  0.47474194],[0.03863855 0.09116843 0.18704626 0.24144933],[ 26.70173   48.325504  85.175    129.70703 ],[10.181206 23.522808 51.350758 73.519   ],[8.019983  7.904344  7.6516204 7.280389 ],[0.35011467 0.39719597 0.59324855 0.877108  ],[8.155842 8.160818 8.163987 8.167347],[0.32843766 0.33568707 0.35014966 0.36756453]
DDK8,B,4e-07,15,True,False,TDD,vanilla,10,[0.14032361 0.31671306 0.49349475 0.6656227 ],[0.0678543  0.20195141 0.29227024 0.30629873],[ 33.748886  79.17279  128.65466  180.74625 ],[15.252091 51.800034 79.31805  92.420334],[7.974197  7.681139  7.2529187 6.670946 ],[0.45705616 0.6554966  1.035948   1.2869233 ],[8.153601 8.155079 8.152278 8.149134],[0.4101913  0.43171167 0.44939846 0.460384  ]
DDK8,B,4e-07,18,True,False,TDD,vanilla,10,[0.1705118  0.41204602 0.6123756  0.73988897],[0.09321686 0.250333   0.33498895 0.2933232 ],[ 39.99271 104.85425 163.41028 205.48892],[ 21.091223  71.62789  103.032005 101.998566],[7.908709  7.4246516 6.8290777 6.3290663],[0.50170344 0.8089259  1.1667717  1.29673   ],[8.1320305 8.13783   8.141356  8.146609 ],[0.42991513 0.4332563  0.4316455  0.42852738]
DDK8,B,4e-07,21,True,False,TDD,vanilla,10,[0.17731741 0.42952916 0.62287384 0.77308863],[0.09379977 0.22832614 0.26624    0.23351048],[ 44.418594 118.72341  177.22772  222.51256 ],[ 24.243322  79.678116 106.55377  115.734764],[7.9305944 7.425575  6.850339  6.228645 ],[0.45463803 0.7295615  1.045874   1.1812809 ],[8.166336 8.156872 8.151517 8.130608],[0.39600894 0.41945392 0.43816084 0.45606455]
DDK8,B,4e-07,24,True,False,TDD,vanilla,10,[0.22801071 0.5125952  0.69468015 0.8362141 ],[0.13259913 0.2686031  0.27347204 0.2292571 ],[ 57.09598 144.67639 205.28236 254.0946 ],[ 33.46588  87.8618  108.66009 109.78535],[7.8888035 7.185321  6.5691295 5.9987   ],[0.4947849 1.0235543 1.2228528 1.2203531],[8.199759 8.205041 8.207555 8.21912 ],[0.404768   0.4265331  0.43737403 0.43781117]
DDK8,B,4e-07,27,True,False,TDD,vanilla,10,[0.28526217 0.59609437 0.7745489  0.87513465],[0.19244072 0.31786332 0.3008216  0.21837488],[ 69.79746 155.20837 208.24406 243.55637],[45.290913 85.10278  89.71547  84.4572  ],[7.7357154 6.8602057 6.1957664 5.824377 ],[0.5624896 1.0916983 1.3220443 1.2022499],[8.149215 8.11694  8.104062 8.116798],[0.3806188  0.3709262  0.37762547 0.39070326]
DDK8,B,4e-07,33,True,False,TDD,vanilla,10,[0.52280957 0.7601788  0.9339956  0.983372  ],[0.39270297 0.35016477 0.3323901  0.25015688],[135.88887 225.42853 277.56467 290.9469 ],[ 99.045685 133.6851   112.19544   97.4869  ],[7.395634  6.553822  5.919715  5.5221605],[0.9110948 1.2803227 1.2637681 1.284382 ],[8.246285 8.265709 8.252912 8.226303],[0.46850497 0.45464966 0.43810764 0.45476887]
DDK8,B,4e-07,36,True,False,TDD,vanilla,10,[0.58011854 0.88747114 0.9974621  1.0375417 ],[0.46817294 0.47850254 0.42410198 0.2370607 ],[133.63402 225.12312 268.41473 296.0753 ],[108.9771   149.28455  103.37304   91.609215],[7.1000233 6.07612   5.5731792 5.28198  ],[1.0119696 1.3608009 1.2706954 1.1626035],[8.057566 8.079075 8.129921 8.168677],[0.40291405 0.39826265 0.40041897 0.40959847]
DDK8,B,4e-07,42,True,False,TDD,vanilla,10,[1.4884349 1.0437005 1.1214498 1.0674819],[6.7264876  0.74430114 0.4849874  0.24594192],[247.28152 264.05606 296.50806 301.22403],[611.1632   159.63954  134.16238  104.552124],[6.8221765 6.0480494 5.4810524 5.2699056],[1.343335  1.3425766 1.2304244 1.0183332],[8.131211  8.1205845 8.131761  8.168282 ],[0.45830318 0.46788168 0.48357803 0.44281054]
DDK8,E,5e-08,3,True,False,TDD,vanilla,10,[0.00628934 0.0084768  0.0126961  0.02008069],[0.00169103 0.00256072 0.00535832 0.01086009],[1.8515618 2.482646  3.7120733 5.887425 ],[0.5135827  0.77565247 1.5979061  3.2468278 ],[8.268863 8.264046 8.25868  8.252918],[0.10763691 0.10836103 0.10928793 0.11045734],[8.275205 8.273342 8.271564 8.269935],[0.10735612 0.10797671 0.10877378 0.10978284]
DDK8,E,5e-08,6,True,False,TDD,vanilla,10,[0.0075293  0.01120987 0.01910229 0.03349704],[0.00198498 0.00383681 0.0102299  0.02323386],[2.2032092 3.2655115 5.5635896 9.838166 ],[0.55077374 1.0876925  2.899549   6.709781  ],[8.268423 8.26477  8.258306 8.248194],[0.11342461 0.11558456 0.11812219 0.12099706],[8.276046 8.276881 8.277935 8.278976],[0.11304259 0.11515557 0.11746033 0.11958142]
DDK8,E,5e-08,9,True,False,TDD,vanilla,10,[0.00893907 0.01585927 0.02971765 0.05129615],[0.00325623 0.00952085 0.02431212 0.04358011],[ 2.646904  4.705081  8.915945 15.435442],[ 0.95250875  2.9037848   7.5544715  13.171367  ],[8.284933 8.278368 8.263648 8.240484],[0.12781206 0.13025734 0.13719498 0.15256782],[8.294175 8.29685  8.298473 8.298301],[0.12703064 0.12796013 0.1290341  0.13212258]
DDK8,E,5e-08,12,True,False,TDD,vanilla,10,[0.01028673 0.02260352 0.04282354 0.06684496],[0.00373504 0.01461582 0.02945459 0.04507772],[ 2.9526222  6.4753523 12.39784   19.446072 ],[ 1.0656452  4.1629887  8.682417  13.916384 ],[8.235108 8.215627 8.186165 8.157032],[0.10932519 0.11539634 0.12495869 0.14012767],[8.245988  8.241977  8.236683  8.2317295],[0.10888108 0.11287002 0.11957742 0.12670901]
DDK8,E,5e-08,15,True,False,TDD,vanilla,10,[0.01325959 0.04025523 0.07694447 0.14917332],[0.00695555 0.04079602 0.07144876 0.18126215],[ 3.8396134 11.831669  22.870495  44.461967 ],[ 2.063485 12.495262 22.040962 54.559143],[8.248454 8.215023 8.170762 8.088419],[0.13600501 0.14866932 0.1726959  0.2736905 ],[8.262611  8.2612095 8.260151  8.261041 ],[0.13493809 0.13911162 0.14343643 0.14577541]
DDK8,E,5e-08,18,True,False,TDD,vanilla,10,[0.01697998 0.04656543 0.08843853 0.16152559],[0.01190833 0.03479939 0.06601403 0.12268674],[ 4.93779  13.866171 26.588934 48.68222 ],[ 3.5068033 10.553832  20.327127  37.873867 ],[8.262651 8.227019 8.182421 8.117618],[0.13635306 0.15080744 0.17080018 0.21766178],[8.281872 8.281912 8.279536 8.27891 ],[0.13541299 0.14105983 0.14464794 0.14809406]
DDK8,E,5e-08,21,True,False,TDD,vanilla,10,[0.02143702 0.06227281 0.10585226 0.2055829 ],[0.01488496 0.04803866 0.07707798 0.19011703],[ 6.50587  18.855547 31.807224 60.472305],[ 4.7578206 14.642324  23.411446  52.70609  ],[8.283736 8.231107 8.184807 8.07594 ],[0.14602275 0.15569317 0.18388493 0.33316308],[8.307358 8.301056 8.291944 8.288347],[0.14678083 0.14288229 0.1493194  0.15211837]
DDK8,E,5e-08,24,True,False,TDD,vanilla,10,[0.02930471 0.08407858 0.1348681  0.22627059],[0.02280723 0.0623887  0.10449638 0.18969339],[ 8.70065  25.212797 40.309372 67.33977 ],[ 6.933251 18.989134 31.819654 56.1194  ],[8.254255 8.183929 8.130192 8.032188],[0.13516007 0.16167316 0.20183952 0.3526263 ],[8.2875   8.278505 8.268627 8.264957],[0.13044433 0.1344253  0.15097398 0.16351572]
DDK8,E,5e-08,27,True,False,TDD,vanilla,10,[0.02917216 0.08342112 0.1416008  0.22889183],[0.02302763 0.08207035 0.12576817 0.18559854],[ 8.621666 25.48699  43.770844 70.09297 ],[ 6.8770123 26.74726   40.186943  57.068645 ],[8.246822 8.193762 8.151292 8.035353],[0.13520262 0.16492711 0.19882141 0.4160971 ],[8.279845  8.286421  8.2941885 8.295663 ],[0.12928064 0.14179233 0.13784619 0.14801458]
DDK8,E,5e-08,33,True,False,TDD,vanilla,10,[0.05810944 0.119661   0.2015155  0.28431946],[0.05302879 0.10092616 0.17866467 0.21127422],[17.196596 35.77524  60.148746 84.69251 ],[15.730623 29.723648 50.9646   60.107285],[8.219761 8.153974 8.07788  7.952961],[0.16382208 0.19486046 0.24140294 0.43135938],[8.287059 8.28844  8.283365 8.28227 ],[0.14250225 0.14087309 0.1485409  0.15866236]
DDK8,E,5e-08,36,True,False,TDD,vanilla,10,[0.06167111 0.12796749 0.20366712 0.28234628],[0.05193838 0.10876063 0.15783057 0.19677165],[18.47191  38.111855 61.472    84.9087  ],[15.777404 32.61558  48.10196  57.601086],[8.208439  8.150398  8.089797  7.9891996],[0.18594162 0.22551978 0.24762698 0.37848285],[8.281623 8.287588 8.29217  8.30194 ],[0.16172272 0.17149195 0.17695847 0.17350179]
DDK8,E,5e-08,42,True,False,TDD,vanilla,10,[0.06810647 0.1410486  0.21494894 0.32438317],[0.06368471 0.10112993 0.13063972 0.22649032],[20.125587 41.962284 63.9082   96.127045],[18.37293  30.312967 38.74408  64.93368 ],[8.202781 8.112695 8.035568 7.877858],[0.18742329 0.21186912 0.26278776 0.4431798 ],[8.2850485 8.277092  8.275991  8.2751875],[0.15040708 0.15980272 0.16346732 0.16856034]
DDK8,E,2e-07,3,True,False,TDD,vanilla,10,[0.01976207 0.02187828 0.02590888 0.03285449],[0.00806453 0.0086854  0.01072328 0.01576078],[5.92897   6.5604115 7.763463  9.842302 ],[2.4155834 2.5961723 3.1967175 4.7038603],[8.267465 8.264855 8.261822 8.258082],[0.04130829 0.04265081 0.04405944 0.04587386],[8.280581 8.280627 8.280685 8.280739],[0.0395242  0.04055545 0.04168786 0.04291362]
DDK8,E,2e-07,6,True,False,TDD,vanilla,10,[0.0187331  0.02249089 0.0297906  0.04258481],[0.00783747 0.00854201 0.01124108 0.01859015],[ 5.649292   6.7805843  8.982104  12.840137 ],[2.3480084 2.5680573 3.3970296 5.6399603],[8.279793 8.275426 8.268128 8.257273],[0.04459275 0.04830895 0.05303819 0.05912359],[8.293882 8.294106 8.294251 8.294382],[0.04388142 0.04748659 0.05115881 0.05493952]
DDK8,E,2e-07,9,True,False,TDD,vanilla,10,[0.02155548 0.02708498 0.03693736 0.05181115],[0.00977175 0.01151304 0.01631891 0.02469387],[ 6.523583  8.186949 11.151905 15.658656],[2.9598923 3.4714248 4.9127336 7.576858 ],[8.277392 8.270841 8.260376 8.246685],[0.06172815 0.06889564 0.07758595 0.08663426],[8.294298 8.295323 8.296029 8.296503],[0.05927263 0.06526424 0.07138937 0.07772422]
DDK8,E,2e-07,12,True,False,TDD,vanilla,10,[0.02208277 0.03110283 0.04804644 0.06619641],[0.00887918 0.0134591  0.03181511 0.05494814],[ 6.6465797  9.373446  14.490988  19.945932 ],[ 2.626239  4.067762  9.685514 16.600203],[8.274955 8.264224 8.246617 8.230424],[0.07090373 0.07773233 0.09007724 0.10705033],[8.292669 8.293591 8.29417  8.294293],[0.06883647 0.07497934 0.08134437 0.08748709]
DDK8,E,2e-07,15,True,False,TDD,vanilla,10,[0.02774063 0.04847858 0.07130405 0.1545107 ],[0.01198084 0.03542268 0.05585116 0.21764266],[ 8.334858 14.569091 21.457043 46.530426],[ 3.6645176 10.78182   17.021242  65.695465 ],[8.257289 8.234843 8.213935 8.107689],[0.06844062 0.07883162 0.09362365 0.32428598],[8.278367 8.277282 8.276983 8.276869],[0.06547173 0.07076035 0.07667465 0.08393777]
DDK8,E,2e-07,18,True,False,TDD,vanilla,10,[0.02803236 0.05336947 0.08315658 0.17707169],[0.0128948  0.03436523 0.066056   0.23000832],[ 8.355115 15.843661 24.689034 52.5094  ],[ 3.8290987 10.070273  19.708351  67.78736  ],[8.249704 8.221577 8.203879 8.087676],[0.08269779 0.10269066 0.11172023 0.43057072],[8.273221 8.273726 8.274927 8.276924],[0.07880081 0.08553309 0.09271665 0.09996614]
DDK8,E,2e-07,21,True,False,TDD,vanilla,10,[0.03086504 0.05565521 0.08427688 0.13537352],[0.01460835 0.03091671 0.05014228 0.10887413],[ 9.255018 16.648605 25.301096 40.711575],[ 4.3427615  8.899179  14.902604  32.690258 ],[8.263302 8.235615 8.213899 8.165914],[0.09424225 0.10905499 0.12258875 0.17952415],[8.2915325 8.292838  8.293352  8.293094 ],[0.09075397 0.09886748 0.10661584 0.11423081]
DDK8,E,2e-07,24,True,False,TDD,vanilla,10,[0.03617896 0.06750157 0.09558195 0.16588701],[0.02436966 0.04870592 0.07342143 0.19044343],[10.828077 20.236483 28.546597 49.82277 ],[ 7.2540293 15.156439  22.586592  59.083103 ],[8.250134 8.213493 8.191408 8.129004],[0.10403468 0.1155357  0.13185018 0.18612486],[8.283634 8.277485 8.2726   8.268844],[0.0970543  0.10391299 0.1116889  0.11914234]
DDK8,E,2e-07,27,True,False,TDD,vanilla,10,[0.03726316 0.0704985  0.10246706 0.15922128],[0.01957506 0.04640792 0.07086681 0.13698071],[11.156582 21.269732 31.065672 48.020527],[ 5.6986084 13.900612  21.763418  40.836163 ],[8.24971  8.223575 8.210564 8.162021],[0.1011548  0.11669936 0.11981681 0.26889348],[8.285105 8.289517 8.293083 8.295244],[0.09349079 0.10003035 0.1076677  0.11564252]
DDK8,E,2e-07,33,True,False,TDD,vanilla,10,[0.05132164 0.08228476 0.12147177 0.16951104],[0.03586371 0.06696713 0.08026036 0.14736927],[15.45962  25.027803 37.279022 51.89543 ],[10.535568 20.270004 24.98778  43.891113],[8.242489  8.217827  8.188192  8.1378355],[0.12031253 0.14771283 0.14955325 0.30877975],[8.293463 8.300457 8.306935 8.31096 ],[0.1121941  0.1177948  0.12364822 0.1286118 ]
DDK8,E,2e-07,36,True,False,TDD,vanilla,10,[0.04885847 0.08320089 0.12709469 0.20100935],[0.03340464 0.0569616  0.09133545 0.18402253],[14.343076 24.29635  37.062138 58.61058 ],[ 9.425439 16.327684 25.585442 52.09825 ],[8.21272   8.17656   8.148609  8.0889015],[0.10926933 0.1317534  0.14509875 0.23751393],[8.260142  8.257455  8.2576065 8.260585 ],[0.10467414 0.11562987 0.12960932 0.14268412]
DDK8,E,2e-07,42,True,False,TDD,vanilla,10,[0.06029929 0.10005586 0.14713062 0.23232608],[0.03606043 0.054851   0.09655588 0.19434714],[18.17752  29.92831  44.18769  70.629425],[11.14655  16.837631 30.028126 62.46086 ],[8.223444 8.183207 8.144902 8.013524],[0.11051464 0.1318036  0.14711516 0.47445962],[8.285831 8.281849 8.27859  8.276519],[0.10005278 0.10973753 0.12256967 0.13150124]
DDK8,E,4e-07,3,True,False,TDD,vanilla,10,[0.02268104 0.02479415 0.02878043 0.03577663],[0.00912734 0.00982044 0.01155777 0.0164696 ],[ 6.7990236  7.431044   8.625685  10.725969 ],[2.7346523 2.9499698 3.4802773 4.970476 ],[8.2703495 8.2673435 8.263983  8.260133 ],[0.03173824 0.03357384 0.03554204 0.03787071],[8.288958 8.288684 8.288403 8.288102],[0.02915174 0.03073189 0.03247377 0.03435929]
DDK8,E,4e-07,6,True,False,TDD,vanilla,10,[0.02646278 0.03027421 0.03662824 0.04764565],[0.00971257 0.01070035 0.01257569 0.01702766],[ 7.9308734  9.069215  10.9678955 14.274654 ],[2.9610367 3.260879  3.832646  5.199276 ],[8.262784 8.257844 8.250897 8.24194 ],[0.04160459 0.04603706 0.0507184  0.05596937],[8.284499 8.284238 8.283938 8.283622],[0.03912413 0.0432141  0.04740655 0.05164111]
DDK8,E,4e-07,9,True,False,TDD,vanilla,10,[0.02980511 0.03456233 0.04286883 0.05523203],[0.01037573 0.01097041 0.01490046 0.02288361],[ 8.924716 10.34636  12.837964 16.568129],[3.1630538 3.3760855 4.6067977 7.1656237],[8.2564335 8.249196  8.238995  8.22753  ],[0.0536717  0.05943502 0.06602259 0.07390082],[8.280015 8.279101 8.278396 8.278026],[0.05211917 0.05833429 0.06446901 0.0706116 ]
DDK8,E,4e-07,12,True,False,TDD,vanilla,10,[0.03127104 0.04215637 0.05522119 0.0715784 ],[0.01258506 0.01996165 0.02496541 0.03525073],[ 9.406051 12.682869 16.644463 21.634981],[ 3.8646371  6.0494394  7.625557  11.016473 ],[8.26013  8.248015 8.234684 8.223102],[0.06715972 0.07680213 0.08440229 0.08957027],[8.285689 8.28714  8.288548 8.289801],[0.06437866 0.07084928 0.07688569 0.08259344]
DDK8,E,4e-07,15,True,False,TDD,vanilla,10,[0.03180163 0.04529206 0.063315   0.10489915],[0.01013867 0.01832    0.03095933 0.12797007],[ 9.535284 13.585859 19.034933 31.718147],[ 3.024704   5.4314427  9.212804  38.66882  ],[8.261127  8.2467375 8.233809  8.201988 ],[0.07796127 0.08944401 0.10284433 0.15858692],[8.288774 8.291263 8.293829 8.296032],[0.07523514 0.08273138 0.09050899 0.09828036]
DDK8,E,4e-07,18,True,False,TDD,vanilla,10,[0.03532477 0.05593364 0.08579168 0.16776992],[0.01460925 0.03142023 0.0651971  0.23165207],[10.54874  16.643164 25.488571 49.8759  ],[ 4.4614587  9.284591  19.386312  69.09573  ],[8.249679 8.225558 8.204466 8.045584],[0.07212712 0.08537845 0.09976228 0.65222037],[8.27856  8.276338 8.274124 8.272226],[0.06968126 0.07664183 0.08386724 0.09061535]
DDK8,E,4e-07,21,True,False,TDD,vanilla,10,[0.04109586 0.06353302 0.0849513  0.1354752 ],[0.01667342 0.03289274 0.05455294 0.12926136],[12.301572 18.965956 25.11588  40.100418],[ 5.129534  9.91425  15.417651 37.085682],[8.240888 8.216478 8.205002 8.164804],[0.09483999 0.11231413 0.12705019 0.17575514],[8.276323 8.276242 8.275361 8.274577],[0.09324113 0.10310401 0.11220799 0.12068646]
DDK8,E,4e-07,24,True,False,TDD,vanilla,10,[0.04512704 0.0677288  0.09105123 0.13456577],[0.02158067 0.04606459 0.0682642  0.11108065],[13.506259 20.45526  27.69144  41.249706],[ 6.3097634 14.017008  21.011292  34.499657 ],[8.248033  8.2316475 8.223374  8.193002 ],[0.10161289 0.11256171 0.11676032 0.13953328],[8.286703 8.293116 8.298703 8.30418 ],[0.09379449 0.09931406 0.10363212 0.10734849]
DDK8,E,4e-07,27,True,False,TDD,vanilla,10,[0.04482257 0.07185838 0.09085748 0.15692267],[0.02047247 0.05207251 0.06044802 0.17744039],[13.302203 21.298521 27.236485 47.22415 ],[ 5.9339876 14.497754  17.66517   53.215885 ],[8.236486  8.216091  8.2104435 8.150369 ],[0.09612472 0.10597222 0.11117765 0.28071478],[8.276787 8.280539 8.284522 8.288042],[0.08973086 0.09296609 0.09940286 0.10667291]
DDK8,E,4e-07,33,True,False,TDD,vanilla,10,[0.05355451 0.0751186  0.10918783 0.16507639],[0.02852804 0.04209023 0.06908344 0.15135218],[15.904555 22.270105 32.510254 49.804726],[ 8.354175 12.252722 20.659826 48.794678],[8.226416 8.203763 8.173685 8.126861],[0.12117862 0.12283129 0.13656746 0.19970632],[8.277195 8.275805 8.276591 8.27708 ],[0.10656009 0.10650315 0.10475279 0.10291509]
DDK8,E,4e-07,36,True,False,TDD,vanilla,10,[0.05652671 0.07343137 0.10380998 0.15394004],[0.03175083 0.03744096 0.06142647 0.15132654],[17.005802 22.06916  31.114897 45.834103],[ 9.6064005 11.325208  18.4028    45.111385 ],[8.236324 8.214907 8.184528 8.1175  ],[0.12498049 0.13694465 0.14575377 0.3405991 ],[8.287193 8.285667 8.282404 8.278148],[0.11921629 0.12636288 0.12809068 0.12669323]
DDK8,E,4e-07,42,True,False,TDD,vanilla,10,[0.05782832 0.08742621 0.12002201 0.18105383],[0.02829537 0.0494958  0.0808327  0.16513015],[17.333054 26.141321 35.845448 54.4694  ],[ 8.603947 15.216513 24.220789 50.83761 ],[8.227502 8.196829 8.176893 8.095493],[0.11145993 0.12754937 0.13622622 0.33734667],[8.284267 8.282584 8.279294 8.275064],[0.1008014  0.10741474 0.11493791 0.12366353]
DDK8,B,5e-08,3,True,False,TDD,vanilla,15,[0.01487106 0.02343515 0.0418839  0.0797551 ],[0.00483163 0.01054411 0.03140794 0.06601481],[ 3.511396   5.1207814  8.650086  16.645746 ],[ 1.2371589  2.2510624  5.3352714 12.631687 ],[8.296891 8.292359 8.280828 8.254412],[0.28760558 0.29985943 0.31221598 0.32461518],[8.310017 8.311025 8.311322 8.311014],[0.28663874 0.29886186 0.31123886 0.32331756]
DDK8,B,5e-08,6,True,False,TDD,vanilla,15,[0.02245353 0.05583273 0.13222215 0.25098813],[0.01051442 0.04499897 0.12963913 0.22465955],[ 4.35469   9.992829 24.606777 50.611263],[ 1.5702766  6.4789267 20.36497   42.341366 ],[8.182074 8.158252 8.087115 7.941242],[0.3966872  0.4147168  0.46444187 0.5847559 ],[8.200852 8.201836 8.201868 8.201473],[0.3916575  0.39977843 0.40850884 0.41598985]
DDK8,B,5e-08,9,True,False,TDD,vanilla,15,[0.03385109 0.11114712 0.23923539 0.40865096],[0.02481888 0.1122972  0.21693155 0.31628102],[ 6.293185 20.369638 49.84583  92.86234 ],[ 3.5166395 19.358307  48.273983  80.5852   ],[8.225146  8.169959  8.021855  7.7150435],[0.44629526 0.4788179  0.586121   0.89797217],[8.251503 8.261046 8.269067 8.268887],[0.43901262 0.44828582 0.46303815 0.4847499 ]
DDK8,B,5e-08,12,True,False,TDD,vanilla,15,[0.05488517 0.20344284 0.40344304 0.54712284],[0.0476645  0.21143982 0.3379144  0.3368147 ],[  9.026916  35.029163  76.901566 125.77974 ],[ 6.4799376 31.916792  62.8769    90.302986 ],[8.127522  7.995139  7.7040935 7.291768 ],[0.4347863 0.5393733 0.8642439 1.2211499],[8.1689005 8.177474  8.178661  8.1839   ],[0.42534223 0.456648   0.4968093  0.52424604]
DDK8,B,5e-08,15,True,False,TDD,vanilla,15,[0.09722026 0.33640715 0.5719763  0.7596094 ],[0.12572959 0.29000422 0.4212984  0.4085358 ],[ 15.59284   71.519844 133.46819  200.62973 ],[ 12.439836  60.608555 101.791245 132.6495  ],[8.232911  7.9193883 7.4051976 6.7019286],[0.55536413 0.78340423 1.2195287  1.5835407 ],[8.301512 8.301376 8.295099 8.286509],[0.5188588  0.5244441  0.5284308  0.55424315]
DDK8,B,5e-08,18,True,False,TDD,vanilla,15,[0.17166327 0.6031837  0.79190207 0.92149615],[0.16752988 0.44930178 0.43183795 0.34526867],[ 31.27143 125.05803 195.03357 249.80183],[ 30.854662  97.20639  129.53297  150.35246 ],[7.9895535 7.2429943 6.4625244 6.0611634],[0.59024656 1.135212   1.6900884  1.5710143 ],[8.143847 8.165355 8.19014  8.226463],[0.5570067  0.5532856  0.5880717  0.64253396]
DDK8,B,5e-08,21,True,False,TDD,vanilla,15,[0.21539922 0.6038467  0.8308348  0.93224305],[0.23412204 0.3917351  0.40352556 0.29991922],[ 39.964073 139.2699   200.73347  242.20662 ],[ 40.277073 108.96599  126.52385  125.630684],[7.9023414 7.024729  6.322395  5.8278522],[0.6743333 1.3459961 1.5750986 1.6479293],[8.123272 8.136701 8.135805 8.15118 ],[0.5637358  0.5555875  0.58310056 0.62311333]
DDK8,B,5e-08,24,True,False,TDD,vanilla,15,[0.2560822  0.6385274  0.7818664  0.90639114],[0.30407232 0.5123092  0.3988922  0.25769675],[ 49.14717 153.03455 209.61348 259.78833],[ 54.887863 124.47945  131.4121   132.90552 ],[8.019035  7.05432   6.5273175 5.991884 ],[0.6669405 1.5137753 1.5712541 1.4242111],[8.270131 8.258452 8.255482 8.262504],[0.5118271  0.51376563 0.5234589  0.57083213]
DDK8,B,5e-08,27,True,False,TDD,vanilla,15,[0.31050202 0.7100841  0.8535908  0.9408119 ],[0.2765805  0.42257485 0.38188    0.3261444 ],[ 59.18515 159.18646 212.37479 248.12228],[ 62.736126 120.11988  129.2292   128.60214 ],[7.847833  6.806209  6.281947  5.8579226],[0.67194843 1.5422186  1.5365697  1.560263  ],[8.164666 8.149782 8.144778 8.15001 ],[0.5907433 0.6523984 0.6741813 0.6614096]
DDK8,B,5e-08,33,True,False,TDD,vanilla,15,[0.72298104 1.0323946  1.1315436  1.5133487 ],[0.73406905 0.7896642  0.6037216  2.8950608 ],[133.80829 214.90701 273.86673 300.09085],[130.71558 156.89626 155.84386 150.03654],[7.422553  6.537717  5.8591266 5.4217334],[1.1485498 1.6358105 1.5976291 1.6186923],[8.244222 8.21752  8.208188 8.190938],[0.59182024 0.6487663  0.6651303  0.6921988 ]
DDK8,B,5e-08,36,True,False,TDD,vanilla,15,[1.1443766 1.469061  1.5023009 1.3999597],[1.0928491  1.2186327  1.0323284  0.73772013],[214.97096 286.66953 323.2083  323.3685 ],[186.21413 162.33939 151.28693 143.12851],[6.8809624 5.9794283 5.5123014 5.087147 ],[1.5870165 1.6572845 1.5245583 1.517311 ],[8.266978 8.223077 8.203336 8.203679],[0.6390856  0.63954604 0.61311203 0.6540083 ]
DDK8,B,5e-08,42,True,False,TDD,vanilla,15,[1.2460531 1.5328124 2.2797568 1.3253448],[1.0944109 1.4720947 8.958205  0.8237283],[228.8773 318.7429 642.0475 342.4493],[ 220.74663  245.92918 2957.4114   158.75531],[6.7470098 5.8590593 5.2158284 4.9948354],[1.4535928 1.5473713 1.4199862 1.441888 ],[8.1687   8.187472 8.230034 8.259732],[0.55716753 0.59658355 0.6257369  0.63968194]
DDK8,B,2e-07,3,True,False,TDD,vanilla,15,[0.02998716 0.03783698 0.05187768 0.08195973],[0.00964643 0.01399785 0.02350251 0.04678065],[ 7.136756  8.836354 12.046567 19.195871],[ 2.0102632  2.8902187  5.3054323 11.36664  ],[8.105147 8.101235 8.091109 8.065255],[0.40683183 0.41341427 0.42148343 0.43417096],[8.140387 8.142667 8.144901 8.14683 ],[0.4020315  0.40776485 0.41400665 0.42071086]
DDK8,B,2e-07,6,True,False,TDD,vanilla,15,[0.0367225  0.06023796 0.11405034 0.21133669],[0.01315404 0.02870977 0.07113565 0.13959432],[ 8.894825 14.376971 27.22551  52.00815 ],[ 2.5732193  5.6374903 15.094485  31.881561 ],[8.16055   8.14193   8.085679  7.9652185],[0.38015935 0.39382687 0.4256831  0.5005812 ],[8.200198 8.203735 8.207059 8.210534],[0.37354088 0.3805655  0.3896417  0.39972013]
DDK8,B,2e-07,9,True,False,TDD,vanilla,15,[0.04485413 0.09721713 0.20878069 0.37289318],[0.01379664 0.04655638 0.12639564 0.21889144],[ 10.907107  24.311516  54.652584 100.99818 ],[ 3.695338 14.625745 42.06122  75.67188 ],[8.167101 8.109607 7.96449  7.683585],[0.4109863  0.4106839  0.43009084 0.5525894 ],[8.216351 8.215251 8.214624 8.214304],[0.40763524 0.41026485 0.41645423 0.42503932]
DDK8,B,2e-07,12,True,False,TDD,vanilla,15,[0.06928651 0.19775294 0.38337627 0.54890037],[0.04046838 0.17013645 0.31396458 0.3343807 ],[ 14.59325   41.850903  84.57325  132.66774 ],[ 6.6208186 31.30731   63.03223   85.114334 ],[8.04313   7.8638453 7.4994063 7.0633764],[0.46589112 0.61161983 0.9892042  1.2895532 ],[8.120098  8.1142645 8.112743  8.113856 ],[0.43833014 0.4555621  0.47286943 0.49387443]
DDK8,B,2e-07,15,True,False,TDD,vanilla,15,[0.09046075 0.29086137 0.4858713  0.6713148 ],[0.06275837 0.22871655 0.31112674 0.3118313 ],[ 20.22309  70.33916 128.0661  190.9038 ],[ 12.242306  53.282566  87.5156   111.766396],[8.097165  7.812226  7.4052515 6.758521 ],[0.51562697 0.69747454 1.0265986  1.3998685 ],[8.197627 8.204034 8.217083 8.230654],[0.48526046 0.50316983 0.5246719  0.5439685 ]
DDK8,B,2e-07,18,True,False,TDD,vanilla,15,[0.12113889 0.37499705 0.5855306  0.73508424],[0.10254691 0.29486033 0.35957995 0.3091723 ],[ 26.171364  91.672775 152.10068  205.1188  ],[ 21.775164  80.082634 109.55091  122.435135],[8.036702 7.60693  7.089416 6.517364],[0.5226938 0.8934516 1.2898126 1.447321 ],[8.1638975 8.175692  8.188434  8.202102 ],[0.48944053 0.50745434 0.51854205 0.5220388 ]
DDK8,B,2e-07,21,True,False,TDD,vanilla,15,[0.19042921 0.55013543 0.7313045  0.8673822 ],[0.15214166 0.32735375 0.33209634 0.29730073],[ 44.37529 142.11665 196.15381 235.55275],[ 32.904987  89.03291  107.29832  111.149284],[7.9616075 7.1518188 6.432105  5.901014 ],[0.51789385 1.1025858  1.4222194  1.3741695 ],[8.188612 8.176667 8.144227 8.140654],[0.44568112 0.44044286 0.4572289  0.47989473]
DDK8,B,2e-07,24,True,False,TDD,vanilla,15,[0.22554545 0.6009453  0.7898645  0.88267595],[0.19236621 0.38143182 0.36320162 0.27664858],[ 50.129494 146.5644   207.2553   253.84753 ],[ 40.439075  93.73182  104.43515  118.43783 ],[7.84573   6.8871684 6.2840505 5.870948 ],[0.64651144 1.4809378  1.5714062  1.4892685 ],[8.138821 8.121225 8.131564 8.179233],[0.5049219  0.5401905  0.55457497 0.5767097 ]
DDK8,B,2e-07,27,True,False,TDD,vanilla,15,[0.265949   0.615094   0.7941227  0.92239416],[0.28989723 0.39508915 0.32758978 0.25237423],[ 61.070084 158.65024  212.6044   253.26385 ],[ 63.20725 113.47787 109.37023 108.61525],[7.8334546 6.984732  6.287475  5.7253294],[0.80229056 1.3413991  1.5500132  1.4846416 ],[8.195908 8.177614 8.161719 8.149493],[0.58492225 0.5956014  0.5773279  0.5629562 ]
DDK8,B,2e-07,33,True,False,TDD,vanilla,15,[0.52181745 0.830629   0.99289507 1.0285199 ],[0.4731037  0.44904894 0.37826774 0.24985881],[114.887825 208.46742  259.6643   282.88657 ],[ 98.562744 125.81499  118.17634  125.22969 ],[7.382922  6.3742027 5.731696  5.4165077],[0.8912308 1.4522411 1.4398615 1.3678546],[8.113809 8.133947 8.133893 8.112729],[0.5259433  0.55339056 0.55033195 0.5765365 ]
DDK8,B,2e-07,36,True,False,TDD,vanilla,15,[0.5321747 0.9216684 1.026336  1.1025933],[0.54249793 0.738814   0.43785697 0.3903745 ],[123.15474 210.75514 252.9928  273.62747],[127.35666 134.7261  116.20505 113.8514 ],[7.349862  6.4650097 5.819103  5.307744 ],[1.1622183 1.5633985 1.4758667 1.515423 ],[8.202237 8.165164 8.124358 8.063301],[0.48082286 0.5317794  0.5752137  0.61029977]
DDK8,B,2e-07,42,True,False,TDD,vanilla,15,[0.8166838 1.1933979 1.2204791 1.1675125],[0.7823771  0.73319423 0.5428428  0.3813606 ],[177.65897 293.55505 306.44235 301.67975],[169.53891 203.82445 153.122   120.95961],[6.94482   5.97042   5.481159  5.0930147],[1.3558042 1.4483522 1.3349755 1.2489774],[8.116588  8.1407385 8.108494  8.074529 ],[0.5461969 0.5206076 0.5220433 0.5106325]
DDK8,B,4e-07,3,True,False,TDD,vanilla,15,[0.06958067 0.07631448 0.08810775 0.11253523],[0.02972355 0.03147246 0.03493116 0.04488418],[17.77508  19.544485 22.68491  29.397564],[ 6.5644646  6.910681   7.7801447 10.6992   ],[8.123306 8.120123 8.112005 8.092034],[0.3555789  0.36176017 0.36880144 0.37913775],[8.20847  8.210395 8.212237 8.213969],[0.3344236  0.33968472 0.345037   0.3505006 ]
DDK8,B,4e-07,6,True,False,TDD,vanilla,15,[0.07881649 0.09765826 0.13791281 0.2143972 ],[0.02986824 0.03480045 0.05704207 0.10097147],[19.630089 24.622908 35.3824   56.499844],[ 7.948949  9.663675 16.054821 29.716112],[8.090536 8.071721 8.022302 7.921657],[0.33472952 0.34216976 0.35825872 0.4007658 ],[8.184885 8.185724 8.186444 8.187491],[0.3219428  0.32802498 0.33519444 0.34295762]
DDK8,B,4e-07,9,True,False,TDD,vanilla,15,[0.08778074 0.12983137 0.21640554 0.34641793],[0.04176624 0.06267057 0.13504216 0.23317447],[21.707165 32.453987 55.389294 91.050606],[10.628324 15.89041  34.60384  60.683723],[8.084533  8.031421  7.8984346 7.644902 ],[0.35537475 0.361777   0.4116303  0.6071534 ],[8.193824  8.191843  8.1865635 8.178488 ],[0.33316842 0.33920407 0.35002944 0.36504003]
DDK8,B,4e-07,12,True,False,TDD,vanilla,15,[0.10406633 0.18356407 0.31694663 0.46363178],[0.03825802 0.09097403 0.18686482 0.24341784],[ 25.677465  46.390102  82.44695  127.097725],[10.145002 23.44247  51.450176 74.429146],[8.026839  7.9187346 7.6745744 7.3107104],[0.34868202 0.39476115 0.5865116  0.86263454],[8.155842 8.160818 8.163987 8.167347],[0.32843766 0.33568707 0.35014966 0.36756453]
DDK8,B,4e-07,15,True,False,TDD,vanilla,15,[0.1352933  0.3078083  0.48460507 0.6581367 ],[0.06632932 0.20095892 0.2944145  0.3086957 ],[ 32.57599  77.00799 126.32517 178.7574 ],[15.060972 51.77119  79.625114 92.73358 ],[7.98203   7.6966033 7.2752013 6.7021575],[0.45521474 0.6547667  1.0323054  1.2798423 ],[8.153601 8.155079 8.152278 8.149134],[0.4101913  0.43171167 0.44939846 0.460384  ]
DDK8,B,4e-07,18,True,False,TDD,vanilla,15,[0.16460897 0.4028373  0.60321707 0.73140264],[0.0917278  0.24841541 0.33309296 0.29309464],[ 38.66494 102.71847 161.1729  203.42802],[ 20.876554  71.52064  103.00102  101.98802 ],[7.9185557 7.4488926 6.854979  6.372366 ],[0.49953273 0.7986025  1.1654222  1.2773635 ],[8.1320305 8.13783   8.141356  8.146609 ],[0.42991513 0.4332563  0.4316455  0.42852738]
DDK8,B,4e-07,21,True,False,TDD,vanilla,15,[0.17161873 0.42184275 0.6153242  0.7664408 ],[0.09358366 0.23006392 0.26837766 0.23611608],[ 43.05239 116.85243 175.66234 220.9682 ],[ 24.21594   79.953896 107.17408  116.04521 ],[7.940817  7.4448442 6.8748264 6.260645 ],[0.45224696 0.72908366 1.0386134  1.1798487 ],[8.166336 8.156872 8.151517 8.130608],[0.39600894 0.41945392 0.43816084 0.45606455]
DDK8,B,4e-07,24,True,False,TDD,vanilla,15,[0.22190252 0.5057434  0.68912226 0.83065385],[0.13160633 0.2696963  0.27549535 0.23119113],[ 55.691616 143.04211  203.92574  252.91875 ],[ 33.28577   88.04582  108.82567  110.173805],[7.8991394 7.205152  6.592639  6.043618 ],[0.4923398 1.0178452 1.2236416 1.1999073],[8.199759 8.205041 8.207555 8.21912 ],[0.404768   0.4265331  0.43737403 0.43781117]
DDK8,B,4e-07,27,True,False,TDD,vanilla,15,[0.27891904 0.588865   0.76736224 0.869136  ],[0.19038562 0.31737903 0.30013418 0.21828084],[ 68.42515 153.6051  206.85353 242.46805],[45.303627 85.6885   90.06636  85.28124 ],[7.746709  6.8772984 6.2257857 5.8596015],[0.5595598 1.0936378 1.3190076 1.1988791],[8.149215 8.11694  8.104062 8.116798],[0.3806188  0.3709262  0.37762547 0.39070326]
DDK8,B,4e-07,33,True,False,TDD,vanilla,15,[0.5183733 0.7569324 0.9296793 0.9813612],[0.39415246 0.3497981  0.33288202 0.25078344],[134.76059 224.7466  276.73602 290.4394 ],[ 99.12223 133.7701  112.52329  97.66664],[7.4026337 6.567234  5.939944  5.5478363],[0.9118927 1.2774295 1.2611908 1.2764455],[8.246285 8.265709 8.252912 8.226303],[0.46850497 0.45464966 0.43810764 0.45476887]
DDK8,B,4e-07,36,True,False,TDD,vanilla,15,[0.57487845 0.88055974 0.99386644 1.0356318 ],[0.46693486 0.4701885  0.4262502  0.23633754],[132.73041 223.38123 267.529   295.89487],[109.084236 143.7632   104.02029   92.17532 ],[7.1090436 6.092296  5.6111436 5.302747 ],[1.0138913 1.3609246 1.2646867 1.1621974],[8.057566 8.079075 8.129921 8.168677],[0.40291405 0.39826265 0.40041897 0.40959847]
DDK8,B,4e-07,42,True,False,TDD,vanilla,15,[0.8819935 1.0447915 1.119135  1.0655426],[1.0240896  0.7728893  0.48684773 0.24667896],[193.46873 263.95743 295.90604 300.66602],[169.63841  161.65193  134.34406  104.793465],[6.850445  6.063701  5.5005617 5.292859 ],[1.3065753 1.3385345 1.2262232 1.0218729],[8.131211  8.1205845 8.131761  8.168282 ],[0.45830318 0.46788168 0.48357803 0.44281054]
DDK8,E,5e-08,3,True,False,TDD,vanilla,15,[0.00478403 0.00581709 0.00870744 0.01495187],[0.00147572 0.00191722 0.00403459 0.00907713],[1.4103818 1.707786  2.5516233 4.3798575],[0.43049097 0.5668092  1.2064223  2.713419  ],[8.270985 8.267843 8.264216 8.259699],[0.10762628 0.10832642 0.10925715 0.1107024 ],[8.275205 8.273342 8.271564 8.269935],[0.10735612 0.10797671 0.10877378 0.10978284]
DDK8,E,5e-08,6,True,False,TDD,vanilla,15,[0.00567603 0.00803614 0.01407379 0.02583735],[0.00169431 0.00332029 0.00876802 0.02065007],[1.6607718 2.3396866 4.104743  7.6078854],[0.46486765 0.93484116 2.4998345  6.018013  ],[8.271023  8.269116  8.2646055 8.256876 ],[0.11342311 0.11551796 0.11794335 0.12079143],[8.276046 8.276881 8.277935 8.278976],[0.11304259 0.11515557 0.11746033 0.11958142]
DDK8,E,5e-08,9,True,False,TDD,vanilla,15,[0.00683104 0.01224614 0.02394756 0.04291059],[0.00288927 0.00906856 0.02381454 0.04343883],[ 2.0290387  3.6405082  7.2087636 12.936848 ],[ 0.85063726  2.7600598   7.415586   13.125752  ],[8.287939 8.283385 8.271236 8.250848],[0.12757747 0.12994872 0.13630894 0.15131056],[8.294175 8.29685  8.298473 8.298301],[0.12703064 0.12796013 0.1290341  0.13212258]
DDK8,E,5e-08,12,True,False,TDD,vanilla,15,[0.00804887 0.01858909 0.03664244 0.0584974 ],[0.00342309 0.01394471 0.02893924 0.04411327],[ 2.3177686  5.3213615 10.62203   17.044397 ],[ 0.9712166  3.9238977  8.466341  13.63008  ],[8.238252 8.22118  8.194171 8.167289],[0.10923488 0.1152481  0.12550314 0.140109  ],[8.245988  8.241977  8.236683  8.2317295],[0.10888108 0.11287002 0.11957742 0.12670901]
DDK8,E,5e-08,15,True,False,TDD,vanilla,15,[0.01083278 0.03579867 0.07023039 0.1393376 ],[0.00687286 0.04014051 0.0704979  0.17932864],[ 3.1493134 10.547508  20.878664  41.55864  ],[ 2.0453517 12.287483  21.670797  54.059933 ],[8.251901  8.221649  8.18001   8.1100025],[0.1357412  0.1475302  0.17115676 0.23895286],[8.262611  8.2612095 8.260151  8.261041 ],[0.13493809 0.13911162 0.14343643 0.14577541]
DDK8,E,5e-08,18,True,False,TDD,vanilla,15,[0.01444981 0.04163313 0.08209294 0.1529099 ],[0.01149392 0.03406325 0.0658542  0.12246999],[ 4.1906753 12.394347  24.683071  46.261894 ],[ 3.3824334 10.321989  20.192654  38.02882  ],[8.266269  8.234591  8.1924715 8.132883 ],[0.13629171 0.15025286 0.17008193 0.21026859],[8.281872 8.281912 8.279536 8.27891 ],[0.13541299 0.14105983 0.14464794 0.14809406]
DDK8,E,5e-08,21,True,False,TDD,vanilla,15,[0.01877769 0.05715385 0.0991488  0.1973938 ],[0.01448509 0.0479491  0.07848299 0.18703659],[ 5.7229323 17.34112   29.847658  57.850063 ],[ 4.6605268 14.618971  23.90475   51.623775 ],[8.287515 8.238617 8.195231 8.093957],[0.14558879 0.15399969 0.18149124 0.32323107],[8.307358 8.301056 8.291944 8.288347],[0.14678083 0.14288229 0.1493194  0.15211837]
DDK8,E,5e-08,24,True,False,TDD,vanilla,15,[0.02698983 0.08011861 0.12997374 0.21715666],[0.02311876 0.06285255 0.10637876 0.18626669],[ 8.02923  24.042517 38.86594  65.047905],[ 7.0597925 19.128765  32.273464  55.981796 ],[8.257908  8.191122  8.1383705 8.048971 ],[0.134178   0.15931267 0.20284635 0.33929342],[8.2875   8.278505 8.268627 8.264957],[0.13044433 0.1344253  0.15097398 0.16351572]
DDK8,E,5e-08,27,True,False,TDD,vanilla,15,[0.02674106 0.08039976 0.13713165 0.22277266],[0.02342143 0.0844795  0.129652   0.18893394],[ 7.9408946 24.656527  42.548412  68.32379  ],[ 7.032376 27.61873  41.53799  58.14614 ],[8.25047  8.199443 8.159248 8.054811],[0.13424341 0.1637826  0.19859372 0.36377093],[8.279845  8.286421  8.2941885 8.295663 ],[0.12928064 0.14179233 0.13784619 0.14801458]
DDK8,E,5e-08,33,True,False,TDD,vanilla,15,[0.05606672 0.11799257 0.20014904 0.28351158],[0.05359803 0.10420873 0.19065532 0.21430194],[16.59092  35.29635  59.784042 84.42567 ],[15.861526 30.708496 54.46203  61.044987],[8.223232 8.159518 8.084867 7.966337],[0.16382751 0.1937332  0.23848024 0.4088849 ],[8.287059 8.28844  8.283365 8.28227 ],[0.14250225 0.14087309 0.1485409  0.15866236]
DDK8,E,5e-08,36,True,False,TDD,vanilla,15,[0.05959373 0.12589046 0.21188205 0.28107625],[0.05288297 0.11066367 0.20167843 0.19921176],[17.885956 37.535885 63.783287 84.619896],[16.04783  33.444504 60.638596 58.42377 ],[8.212666 8.157108 8.083593 7.998129],[0.18609072 0.22251292 0.30516317 0.38156262],[8.281623 8.287588 8.29217  8.30194 ],[0.16172272 0.17149195 0.17695847 0.17350179]
DDK8,E,5e-08,42,True,False,TDD,vanilla,15,[0.0661962  0.13850589 0.21360777 0.3229891 ],[0.06480417 0.10259891 0.13565052 0.23282443],[19.571854 41.216476 63.58207  95.65779 ],[18.691105 30.629755 40.171337 66.41045 ],[8.206067  8.119665  8.04409   7.8916817],[0.18890712 0.21004589 0.26247764 0.43958446],[8.2850485 8.277092  8.275991  8.2751875],[0.15040708 0.15980272 0.16346732 0.16856034]
DDK8,E,2e-07,3,True,False,TDD,vanilla,15,[0.01845149 0.0194835  0.02229977 0.02807807],[0.00796242 0.00830426 0.00964855 0.01383116],[5.537836  5.8469944 6.689969  8.420216 ],[2.3866568 2.4878082 2.8861578 4.137897 ],[8.269351  8.2682705 8.26682   8.264283 ],[0.04119555 0.04229893 0.04345887 0.04500246],[8.280581 8.280627 8.280685 8.280739],[0.0395242  0.04055545 0.04168786 0.04291362]
DDK8,E,2e-07,6,True,False,TDD,vanilla,15,[0.01690748 0.01929786 0.02451037 0.03471188],[0.00763539 0.00833908 0.01003577 0.01528795],[ 5.1038566  5.825632   7.396583  10.481367 ],[2.289885  2.5122771 3.031644  4.6573434],[8.2824   8.279876 8.274731 8.266256],[0.044401   0.04807448 0.05268723 0.05839214],[8.293882 8.294106 8.294251 8.294382],[0.04388142 0.04748659 0.05115881 0.05493952]
DDK8,E,2e-07,9,True,False,TDD,vanilla,15,[0.01967562 0.02387997 0.0322368  0.04502979],[0.00957736 0.01120656 0.01583039 0.02403542],[ 5.958389   7.2214413  9.737331  13.607816 ],[2.898058  3.3761299 4.7658777 7.362065 ],[8.280069 8.275338 8.266689 8.255229],[0.06165354 0.0687765  0.07753457 0.08718408],[8.294298 8.295323 8.296029 8.296503],[0.05927263 0.06526424 0.07138937 0.07772422]
DDK8,E,2e-07,12,True,False,TDD,vanilla,15,[0.02001011 0.02751831 0.0424289  0.05904583],[0.00866888 0.01301777 0.03038004 0.05337978],[ 6.026944  8.300504 12.805901 17.808844],[ 2.5655785  3.9389508  9.249445  16.151646 ],[8.277931 8.269568 8.254695 8.240535],[0.07064324 0.07720841 0.08883994 0.10451889],[8.292669 8.293591 8.29417  8.294293],[0.06883647 0.07497934 0.08134437 0.08748709]
DDK8,E,2e-07,15,True,False,TDD,vanilla,15,[0.02531747 0.0431608  0.06333423 0.14213479],[0.01167173 0.03275429 0.05117488 0.20710641],[ 7.610411  12.9691725 19.069048  42.843224 ],[ 3.5627785  9.97152   15.613213  62.713448 ],[8.260568  8.241761  8.224117  8.1567545],[0.06834047 0.07867955 0.09233092 0.20884243],[8.278367 8.277282 8.276983 8.276869],[0.06547173 0.07076035 0.07667465 0.08393777]
DDK8,E,2e-07,18,True,False,TDD,vanilla,15,[0.02521305 0.04771531 0.07597421 0.16718803],[0.01213051 0.03258207 0.06443961 0.22614443],[ 7.5193133 14.164615  22.570366  49.583256 ],[ 3.602775  9.547034 19.30673  66.72666 ],[8.25339  8.229505 8.215013 8.128132],[0.08231249 0.10074788 0.10920243 0.34565434],[8.273221 8.273726 8.274927 8.276924],[0.07880081 0.08553309 0.09271665 0.09996614]
DDK8,E,2e-07,21,True,False,TDD,vanilla,15,[0.02832679 0.0514537  0.07902297 0.13036242],[0.01376998 0.03190419 0.05249858 0.11431615],[ 8.4978695 15.383297  23.710905  39.263073 ],[ 4.1058326  9.135852  15.537104  35.105053 ],[8.26708  8.242514 8.223392 8.174603],[0.09382319 0.10852651 0.12227691 0.18363282],[8.2915325 8.292838  8.293352  8.293094 ],[0.09075397 0.09886748 0.10661584 0.11423081]
DDK8,E,2e-07,24,True,False,TDD,vanilla,15,[0.03337023 0.06323034 0.09082784 0.1591888 ],[0.02412314 0.04930905 0.07735838 0.19121988],[ 9.995788 18.970613 27.167387 47.872974],[ 7.1860323 15.285529  23.780779  59.52646  ],[8.25437  8.221238 8.201662 8.146524],[0.10338861 0.11498801 0.13243309 0.17425686],[8.283634 8.277485 8.2726   8.268844],[0.0970543  0.10391299 0.1116889  0.11914234]
DDK8,E,2e-07,27,True,False,TDD,vanilla,15,[0.03473709 0.06678731 0.09878255 0.15351996],[0.01939029 0.04737441 0.07758228 0.14178194],[10.401334 20.161182 29.96117  46.307236],[ 5.6410966 14.240983  23.827831  42.316395 ],[8.25347  8.230807 8.219952 8.178904],[0.10080499 0.11511866 0.11861338 0.24095586],[8.285105 8.289517 8.293083 8.295244],[0.09349079 0.10003035 0.1076677  0.11564252]
DDK8,E,2e-07,33,True,False,TDD,vanilla,15,[0.04863037 0.07908342 0.11757782 0.16306026],[0.03765322 0.06960497 0.08420096 0.1477599 ],[14.640337 24.08321  36.126995 50.00564 ],[10.940664 21.097994 26.244612 44.16813 ],[8.24671  8.224597 8.19872  8.149773],[0.1205349  0.14655057 0.1474307  0.31610602],[8.293463 8.300457 8.306935 8.31096 ],[0.1121941  0.1177948  0.12364822 0.1286118 ]
DDK8,E,2e-07,36,True,False,TDD,vanilla,15,[0.04642124 0.07998033 0.12468494 0.19614822],[0.03423416 0.05789037 0.09939438 0.18735635],[13.628083 23.34435  36.330574 57.19849 ],[ 9.638128 16.520184 27.853687 53.169968],[8.217004 8.183533 8.158326 8.106189],[0.10894155 0.13098091 0.14422297 0.22754246],[8.260142  8.257455  8.2576065 8.260585 ],[0.10467414 0.11562987 0.12960932 0.14268412]
DDK8,E,2e-07,42,True,False,TDD,vanilla,15,[0.05775687 0.0964535  0.14445496 0.22749133],[0.03689709 0.05837406 0.10191264 0.19706455],[17.420786 28.869116 43.436047 69.23846 ],[11.389989 17.9847   31.708364 63.273987],[8.227592  8.19141   8.15512   8.0350685],[0.11019823 0.13070253 0.14468679 0.45910257],[8.285831 8.281849 8.27859  8.276519],[0.10005278 0.10973753 0.12256967 0.13150124]
DDK8,E,4e-07,3,True,False,TDD,vanilla,15,[0.02132814 0.02227528 0.02497884 0.0308019 ],[0.00893729 0.00925034 0.01032731 0.01428906],[6.3951826 6.6781764 7.48759   9.23551  ],[2.678287  2.7778177 3.106882  4.31039  ],[8.272348 8.271023 8.26932  8.266738],[0.03158326 0.03316688 0.03489276 0.03694086],[8.288958 8.288684 8.288403 8.288102],[0.02915174 0.03073189 0.03247377 0.03435929]
DDK8,E,4e-07,6,True,False,TDD,vanilla,15,[0.02464306 0.02703074 0.03152736 0.04033431],[0.0095714  0.01046937 0.01174024 0.01543394],[ 7.3880773  8.100726   9.446621  12.086709 ],[2.918193  3.1922631 3.582007  4.712715 ],[8.26541  8.262518 8.257676 8.250759],[0.04147667 0.04574797 0.05024429 0.05516348],[8.284499 8.284238 8.283938 8.283622],[0.03912413 0.0432141  0.04740655 0.05164111]
DDK8,E,4e-07,9,True,False,TDD,vanilla,15,[0.02778044 0.03114413 0.03778316 0.04798877],[0.01013573 0.01065124 0.01423442 0.02181384],[ 8.319542  9.325773 11.317814 14.396723],[3.0879264 3.2698777 4.3876953 6.8035984],[8.259308 8.254154 8.246115 8.236976],[0.05357887 0.05932348 0.06576765 0.07350469],[8.280015 8.279101 8.278396 8.278026],[0.05211917 0.05833429 0.06446901 0.0706116 ]
DDK8,E,4e-07,12,True,False,TDD,vanilla,15,[0.02906264 0.03821472 0.04860759 0.06328967],[0.01240215 0.01931493 0.02415882 0.03437844],[ 8.745299 11.50421  14.665663 19.15534 ],[ 3.807909   5.8603086  7.3848996 10.727355 ],[8.263332 8.253841 8.24374  8.234466],[0.06689999 0.07617038 0.08341102 0.08879046],[8.285689 8.28714  8.288548 8.289801],[0.06437866 0.07084928 0.07688569 0.08259344]
DDK8,E,4e-07,15,True,False,TDD,vanilla,15,[0.02947126 0.04101851 0.057277   0.09628501],[0.01003836 0.01783019 0.02975145 0.12724276],[ 8.84192  12.304155 17.222902 29.135193],[ 3.00461    5.2948055  8.862312  38.448376 ],[8.264449 8.25322  8.242802 8.217561],[0.0777128  0.08897201 0.10221092 0.14900236],[8.288774 8.291263 8.293829 8.296032],[0.07523514 0.08273138 0.09050899 0.09828036]
DDK8,E,4e-07,18,True,False,TDD,vanilla,15,[0.03248245 0.05012916 0.07679649 0.15827282],[0.01366131 0.02847394 0.05989308 0.23193568],[ 9.705977 14.924866 22.826511 47.05307 ],[ 4.181908  8.400155 17.68899  69.09295 ],[8.253518 8.233623 8.216527 8.095704],[0.07175104 0.08427777 0.09823726 0.5368993 ],[8.27856  8.276338 8.274124 8.272226],[0.06968126 0.07664183 0.08386724 0.09061535]
DDK8,E,4e-07,21,True,False,TDD,vanilla,15,[0.03860166 0.05938006 0.07959158 0.12691359],[0.01648519 0.03309476 0.05704013 0.1269852 ],[11.563722 17.745327 23.575552 37.59129 ],[ 5.0694914  9.9717    16.355213  36.310997 ],[8.24455  8.223517 8.214268 8.183867],[0.09444105 0.11098241 0.12659612 0.16016126],[8.276323 8.276242 8.275361 8.274577],[0.09324113 0.10310401 0.11220799 0.12068646]
DDK8,E,4e-07,24,True,False,TDD,vanilla,15,[0.0423702  0.06366643 0.08800567 0.12757488],[0.0212862  0.04750852 0.07883882 0.11217339],[12.686244 19.234404 26.794336 39.128735],[ 6.2476425 14.469832  24.40284   34.6647   ],[8.251997 8.238866 8.232704 8.20914 ],[0.10134842 0.11144443 0.11532579 0.12998569],[8.286703 8.293116 8.298703 8.30418 ],[0.09379449 0.09931406 0.10363212 0.10734849]
DDK8,E,4e-07,27,True,False,TDD,vanilla,15,[0.04211017 0.06807075 0.08612187 0.14986357],[0.02048787 0.0561787  0.06547119 0.17804195],[12.495625 20.153746 25.809542 45.10559 ],[ 5.911704 15.545122 18.941986 53.25591 ],[8.24053   8.222762  8.219743  8.1725235],[0.09548195 0.10495893 0.10936203 0.23329596],[8.276787 8.280539 8.284522 8.288042],[0.08973086 0.09296609 0.09940286 0.10667291]
DDK8,E,4e-07,33,True,False,TDD,vanilla,15,[0.05109433 0.07104919 0.10325126 0.15755597],[0.02880688 0.04207665 0.06868619 0.15072489],[15.16962  21.051346 30.725046 47.563473],[ 8.429135 12.124287 20.35002  48.462437],[8.230426 8.210812 8.184754 8.149161],[0.12096835 0.12203392 0.13556905 0.16332781],[8.277195 8.275805 8.276591 8.27708 ],[0.10656009 0.10650315 0.10475279 0.10291509]
DDK8,E,4e-07,36,True,False,TDD,vanilla,15,[0.05437025 0.07038589 0.10055058 0.14775652],[0.03302752 0.03977555 0.07264096 0.15353535],[16.366909 21.170872 30.145578 44.006397],[ 9.996051 12.01867  21.554302 45.940834],[8.240408 8.221085 8.194955 8.135758],[0.12460294 0.1360796  0.14501211 0.33315104],[8.287193 8.285667 8.282404 8.278148],[0.11921629 0.12636288 0.12809068 0.12669323]
DDK8,E,4e-07,42,True,False,TDD,vanilla,15,[0.05539651 0.08419241 0.1164308  0.17474023],[0.02828386 0.05204022 0.08750706 0.16653655],[16.600174 25.17272  34.740982 52.6095  ],[ 8.57718  15.969175 25.884241 51.199516],[8.231655 8.203825 8.186984 8.115824],[0.11122005 0.12678239 0.13428025 0.3038306 ],[8.284267 8.282584 8.279294 8.275064],[0.1008014  0.10741474 0.11493791 0.12366353]
DDK8,B,5e-08,3,True,False,TDD,vanilla,20,[0.01362984 0.02114868 0.03844724 0.07533565],[0.00452673 0.00997497 0.03085043 0.06528191],[ 3.3070333  4.728761   8.039576  15.8400345],[ 1.2126381  2.1721559  5.2130036 12.423045 ],[8.297882 8.294234 8.283533 8.257806],[0.28753033 0.29971316 0.31207615 0.32456812],[8.310017 8.311025 8.311322 8.311014],[0.28663874 0.29886186 0.31123886 0.32331756]
DDK8,B,5e-08,6,True,False,TDD,vanilla,20,[0.02075889 0.05254282 0.12702385 0.244945  ],[0.01012319 0.04361238 0.12733328 0.22193834],[ 4.105699  9.473089 23.751514 49.56271 ],[ 1.5355679  6.374383  20.19086   42.301373 ],[8.183416  8.161161  8.092033  7.9478745],[0.3963716  0.4138863  0.46244907 0.58123493],[8.200852 8.201836 8.201868 8.201473],[0.3916575  0.39977843 0.40850884 0.41598985]
DDK8,B,5e-08,9,True,False,TDD,vanilla,20,[0.03195907 0.10692732 0.2335874  0.40415165],[0.02416847 0.10994641 0.21377671 0.31898987],[ 5.9820347 19.66342   48.840065  91.874725 ],[ 3.417727 19.051016 47.95427  80.54845 ],[8.226816  8.1741    8.02871   7.7225356],[0.44577903 0.47667986 0.5815082  0.8950015 ],[8.251503 8.261046 8.269067 8.268887],[0.43901262 0.44828582 0.46303815 0.4847499 ]
DDK8,B,5e-08,12,True,False,TDD,vanilla,20,[0.05224737 0.19754198 0.39749503 0.54274046],[0.04560384 0.20623668 0.33580086 0.33684152],[  8.716483  34.39178   76.031685 125.011116],[ 6.4518995 31.868872  62.892128  90.44301  ],[8.129369  7.999461  7.7093797 7.301683 ],[0.43415385 0.53713775 0.8645055  1.2165955 ],[8.1689005 8.177474  8.178661  8.1839   ],[0.42534223 0.456648   0.4968093  0.52424604]
DDK8,B,5e-08,15,True,False,TDD,vanilla,20,[0.09467364 0.33126754 0.567866   0.75747484],[0.1241004  0.286704   0.41920277 0.4087918 ],[ 15.231036  70.838745 132.82309  200.11244 ],[ 12.375875  60.85007  101.92005  132.76703 ],[8.235028  7.925088  7.4113116 6.7070427],[0.5540373 0.7803223 1.2237412 1.5964016],[8.301512 8.301376 8.295099 8.286509],[0.5188588  0.5244441  0.5284308  0.55424315]
DDK8,B,5e-08,18,True,False,TDD,vanilla,20,[0.16936688 0.59860194 0.7887346  0.91603124],[0.16794679 0.44840074 0.43079716 0.34406713],[ 30.848505 124.41434  194.49318  249.09045 ],[ 30.721632  96.929344 129.5768   150.45163 ],[7.991932  7.2463775 6.470627  6.072798 ],[0.5902276 1.1480665 1.6922122 1.571309 ],[8.143847 8.165355 8.19014  8.226463],[0.5570067  0.5532856  0.5880717  0.64253396]
DDK8,B,5e-08,21,True,False,TDD,vanilla,20,[0.2126967  0.60015815 0.82832354 0.9302834 ],[0.2337661  0.39025775 0.4029433  0.30064717],[ 39.51277 138.79683 200.4331  242.08212],[ 40.27548  109.164665 126.87464  125.758705],[7.905472  7.0297213 6.3272996 5.83541  ],[0.673335  1.3480253 1.5756197 1.6391822],[8.123272 8.136701 8.135805 8.15118 ],[0.5637358  0.5555875  0.58310056 0.62311333]
DDK8,B,5e-08,24,True,False,TDD,vanilla,20,[0.25326672 0.63492244 0.77951646 0.9029295 ],[0.30114508 0.5097984  0.3966606  0.2565943 ],[ 48.750347 152.45255  208.87303  259.16312 ],[ 54.699123 124.437096 131.28459  133.03871 ],[8.021725  7.061196  6.5329685 6.001421 ],[0.6653269 1.5136044 1.5795025 1.4313637],[8.270131 8.258452 8.255482 8.262504],[0.5118271  0.51376563 0.5234589  0.57083213]
DDK8,B,5e-08,27,True,False,TDD,vanilla,20,[0.30681974 0.7082889  0.8631938  0.9385565 ],[0.27567098 0.4236264  0.4476646  0.32310238],[ 58.74086 158.89572 213.06134 247.93756],[ 62.526684 120.215385 131.11931  128.55013 ],[7.8511105 6.813629  6.278386  5.855266 ],[0.67112476 1.5380603  1.5526427  1.5628294 ],[8.164666 8.149782 8.144778 8.15001 ],[0.5907433 0.6523984 0.6741813 0.6614096]
DDK8,B,5e-08,33,True,False,TDD,vanilla,20,[0.71960974 1.0363055  1.1303114  1.5000333 ],[0.73369086 0.8075601  0.6001767  2.8171356 ],[133.42891 215.32011 273.55988 299.79968],[130.72806 157.47144 155.81358 150.44595],[7.425349 6.532791 5.863927 5.428772],[1.1464574 1.6494051 1.5923102 1.6201706],[8.244222 8.21752  8.208188 8.190938],[0.59182024 0.6487663  0.6651303  0.6921988 ]
DDK8,B,5e-08,36,True,False,TDD,vanilla,20,[1.1416259 1.4639605 1.5198663 1.4018795],[1.0936383 1.2152327 1.1772665 0.7466662],[214.68758 285.69058 324.27365 323.60257],[186.44801 161.92618 156.46277 142.84853],[6.8827996 5.983609  5.512712  5.091885 ],[1.5867102 1.6635921 1.5241045 1.5171472],[8.266978 8.223077 8.203336 8.203679],[0.6390856  0.63954604 0.61311203 0.6540083 ]
DDK8,B,5e-08,42,True,False,TDD,vanilla,20,[1.2473103 1.53442   2.4511392 1.3176608],[ 1.0985899   1.4737079  10.643655    0.77586234],[228.92157 318.9987  774.17596 342.25113],[ 220.87537  245.36972 4266.7476   158.63872],[6.747376  5.857841  5.2215905 4.987447 ],[1.4518379 1.5483699 1.4139249 1.4602373],[8.1687   8.187472 8.230034 8.259732],[0.55716753 0.59658355 0.6257369  0.63968194]
DDK8,B,2e-07,3,True,False,TDD,vanilla,20,[0.0290037  0.03607556 0.04918269 0.07865955],[0.00954881 0.01364157 0.02294619 0.04637096],[ 6.92092   8.453767 11.456189 18.420746],[ 1.9716134  2.791515   5.1463366 11.183823 ],[8.106327 8.1034   8.094246 8.069204],[0.40684032 0.41336098 0.42139482 0.43398893],[8.140387 8.142667 8.144901 8.14683 ],[0.4020315  0.40776485 0.41400665 0.42071086]
DDK8,B,2e-07,6,True,False,TDD,vanilla,20,[0.03536543 0.05771739 0.11027905 0.20740654],[0.01278521 0.0278967  0.06981713 0.13975279],[ 8.579036 13.779357 26.290257 50.8798  ],[ 2.515993   5.5056787 14.87779   31.78786  ],[8.162312  8.145592  8.091113  7.9723725],[0.38016644 0.39358988 0.42499498 0.49968144],[8.200198 8.203735 8.207059 8.210534],[0.37354088 0.3805655  0.3896417  0.39972013]
DDK8,B,2e-07,9,True,False,TDD,vanilla,20,[0.04321044 0.09380347 0.20413834 0.36726505],[0.01363894 0.04588046 0.1256923  0.21874487],[10.518315 23.484201 53.50083  99.49777 ],[ 3.6169708 14.338207  41.680313  75.27669  ],[8.169326  8.114401  7.9719286 7.695618 ],[0.41084078 0.41065398 0.42926267 0.55047834],[8.216351 8.215251 8.214624 8.214304],[0.40763524 0.41026485 0.41645423 0.42503932]
DDK8,B,2e-07,12,True,False,TDD,vanilla,20,[0.0672922  0.19426149 0.3786067  0.5444666 ],[0.03991329 0.1691824  0.31198952 0.33292577],[ 14.219874  41.174507  83.585175 131.74158 ],[ 6.5593286 31.175907  62.65536   84.90807  ],[8.04533   7.8684373 7.5077405 7.0747075],[0.46553382 0.61180013 0.9884151  1.2873563 ],[8.120098  8.1142645 8.112743  8.113856 ],[0.43833014 0.4555621  0.47286943 0.49387443]
DDK8,B,2e-07,15,True,False,TDD,vanilla,20,[0.08835922 0.28730258 0.48156083 0.66736084],[0.06208187 0.22713976 0.30944136 0.31137955],[ 19.76746  69.55164 127.18322 190.04366],[ 12.102967  52.972107  87.282814 111.71621 ],[8.1000805 7.8188996 7.414548  6.7694507],[0.5147663  0.69550383 1.0246803  1.4035666 ],[8.197627 8.204034 8.217083 8.230654],[0.48526046 0.50316983 0.5246719  0.5439685 ]
DDK8,B,2e-07,18,True,False,TDD,vanilla,20,[0.11862352 0.37079296 0.5815857  0.7314049 ],[0.10123613 0.2934601  0.35877624 0.3094839 ],[ 25.70793  90.95536 151.33502 204.504  ],[ 21.62933   79.97712  109.504364 122.45581 ],[8.03986   7.613962  7.0941234 6.529093 ],[0.52173567 0.89173806 1.2961725  1.4517992 ],[8.1638975 8.175692  8.188434  8.202102 ],[0.48944053 0.50745434 0.51854205 0.5220388 ]
DDK8,B,2e-07,21,True,False,TDD,vanilla,20,[0.18821535 0.5467757  0.7294224  0.86638534],[0.15183158 0.32693622 0.3322248  0.2992442 ],[ 43.89235 141.49307 195.7978  235.2774 ],[ 32.81848   89.11381  107.502625 111.47485 ],[7.964551  7.159526  6.4381566 5.9180207],[0.5177264 1.1041503 1.4235842 1.3685739],[8.188612 8.176667 8.144227 8.140654],[0.44568112 0.44044286 0.4572289  0.47989473]
DDK8,B,2e-07,24,True,False,TDD,vanilla,20,[0.22255842 0.59790784 0.78736556 0.88096106],[0.19056575 0.38124442 0.36503133 0.2785345 ],[ 49.579823 145.9864   206.75655  253.3451  ],[ 40.282814  93.873474 104.78593  118.667496],[7.8500395 6.895502  6.2952385 5.872262 ],[0.6450126 1.4823778 1.5702938 1.5069114],[8.138821 8.121225 8.131564 8.179233],[0.5049219  0.5401905  0.55457497 0.5767097 ]
DDK8,B,2e-07,27,True,False,TDD,vanilla,20,[0.2635758  0.61364764 0.7925914  0.9211211 ],[0.28997654 0.39597365 0.32764915 0.2527255 ],[ 60.616753 158.2953   212.22343  252.88184 ],[ 63.06385  113.67535  109.375175 108.305115],[7.837185  6.9886274 6.2920365 5.722154 ],[0.8010084 1.3423216 1.5548836 1.490995 ],[8.195908 8.177614 8.161719 8.149493],[0.58492225 0.5956014  0.5773279  0.5629562 ]
DDK8,B,2e-07,33,True,False,TDD,vanilla,20,[0.5199143  0.82838815 0.9912933  1.0278997 ],[0.47221282 0.44800857 0.37720826 0.25073606],[114.626015 208.11557  259.3901   282.8798  ],[ 98.69889 125.77294 118.20241 125.33059],[7.3854103 6.3828597 5.735925  5.419166 ],[0.890906  1.4488279 1.4409173 1.3831732],[8.113809 8.133947 8.133893 8.112729],[0.5259433  0.55339056 0.55033195 0.5765365 ]
DDK8,B,2e-07,36,True,False,TDD,vanilla,20,[0.53312826 0.92179114 1.025439   1.1022187 ],[0.55190957 0.7421369  0.43963033 0.390408  ],[123.51698 210.70549 252.74698 273.7381 ],[130.54329  134.98033  116.20225  114.409645],[7.3485203 6.467951  5.8238544 5.311413 ],[1.170425  1.5669231 1.4727275 1.5205637],[8.202237 8.165164 8.124358 8.063301],[0.48082286 0.5317794  0.5752137  0.61029977]
DDK8,B,2e-07,42,True,False,TDD,vanilla,20,[0.8163657 1.1902934 1.2189093 1.1891538],[0.7841194  0.72965103 0.5385457  0.4528148 ],[177.4421  293.0703  306.04614 307.06775],[169.80376 203.4149  152.41646 131.58084],[6.946498  5.9765077 5.477074  5.0882144],[1.3561438 1.4483787 1.3412164 1.2685782],[8.116588  8.1407385 8.108494  8.074529 ],[0.5461969 0.5206076 0.5220433 0.5106325]
DDK8,B,4e-07,3,True,False,TDD,vanilla,20,[0.06865212 0.07476208 0.08561387 0.10948632],[0.02967725 0.03134807 0.0345523  0.04418723],[17.53516  19.144882 22.038477 28.608675],[ 6.5551033  6.8859863  7.664718  10.498862 ],[8.124733 8.122659 8.115612 8.09648 ],[0.3553716  0.361442   0.3684081  0.37857425],[8.20847  8.210395 8.212237 8.213969],[0.3344236  0.33968472 0.345037   0.3505006 ]
DDK8,B,4e-07,6,True,False,TDD,vanilla,20,[0.07774641 0.09564879 0.13476683 0.21047974],[0.02986824 0.0347316  0.05695139 0.10118177],[19.362206 24.119827 34.58196  55.46966 ],[ 7.945896  9.617043 15.952698 29.644646],[8.092181  8.075042  8.02716   7.9280505],[0.33463967 0.3419765  0.35809064 0.4004434 ],[8.184885 8.185724 8.186444 8.187491],[0.3219428  0.32802498 0.33519444 0.34295762]
DDK8,B,4e-07,9,True,False,TDD,vanilla,20,[0.08666801 0.12758176 0.21337765 0.34321564],[0.04199426 0.06271867 0.13500999 0.23383495],[21.421144 31.872787 54.583176 90.112595],[10.676935 15.90962  34.692448 60.914528],[8.086347  8.035203  7.9040728 7.651832 ],[0.35525948 0.36129224 0.410667   0.60469544],[8.193824  8.191843  8.1865635 8.178488 ],[0.33316842 0.33920407 0.35002944 0.36504003]
DDK8,B,4e-07,12,True,False,TDD,vanilla,20,[0.10281549 0.18121815 0.31405935 0.4605673 ],[0.03822772 0.09043058 0.18664819 0.24411768],[ 25.391949  45.853863  81.76215  126.10896 ],[10.136067 23.329184 51.3777   74.21648 ],[8.028885  7.9230914 7.680514  7.3209496],[0.3482856  0.39366698 0.5845035  0.86066294],[8.155842 8.160818 8.163987 8.167347],[0.32843766 0.33568707 0.35014966 0.36756453]
DDK8,B,4e-07,15,True,False,TDD,vanilla,20,[0.1336616  0.30406123 0.48093173 0.6544138 ],[0.0659719  0.19934931 0.29382214 0.3095206 ],[ 32.158302  76.13421  125.46585  177.898   ],[14.969434 51.42531  79.61171  93.08641 ],[7.9849877 7.704847  7.2859807 6.715457 ],[0.45455003 0.6511822  1.031361   1.2815669 ],[8.153601 8.155079 8.152278 8.149134],[0.4101913  0.43171167 0.44939846 0.460384  ]
DDK8,B,4e-07,18,True,False,TDD,vanilla,20,[0.16291453 0.39986444 0.6000567  0.72905153],[0.09129906 0.24716194 0.33174792 0.29304013],[ 38.290924 102.04817  160.47134  202.97852 ],[ 20.795113  71.39074  102.842026 102.130936],[7.9215865 7.4583697 6.862372  6.385126 ],[0.49899408 0.7904167  1.1636461  1.2737162 ],[8.1320305 8.13783   8.141356  8.146609 ],[0.42991513 0.4332563  0.4316455  0.42852738]
DDK8,B,4e-07,21,True,False,TDD,vanilla,20,[0.16994843 0.41834053 0.6118931  0.76357347],[0.09379627 0.23034693 0.26878938 0.23714966],[ 42.649734 116.06931  174.89067  220.20831 ],[ 24.290695  80.128456 107.33877  116.0568  ],[7.943462  7.4529433 6.883747  6.2670727],[0.45238006 0.7286382  1.0463707  1.1870842 ],[8.166336 8.156872 8.151517 8.130608],[0.39600894 0.41945392 0.43816084 0.45606455]
DDK8,B,4e-07,24,True,False,TDD,vanilla,20,[0.22038332 0.5042832  0.68708855 0.8290193 ],[0.13165547 0.2704103  0.2760626  0.23146415],[ 55.319157 142.71893  203.47968  252.5717  ],[ 33.314907  88.15337  108.82048  110.17982 ],[7.9016457 7.210087  6.5963054 6.044974 ],[0.49235487 1.0167207  1.231991   1.2089823 ],[8.199759 8.205041 8.207555 8.21912 ],[0.404768   0.4265331  0.43737403 0.43781117]
DDK8,B,4e-07,27,True,False,TDD,vanilla,20,[0.27678677 0.58671683 0.76642275 0.86838204],[0.19012715 0.31661788 0.30054176 0.21933727],[ 67.905045 153.18163  206.68741  242.3314  ],[45.090187 85.44416  90.144135 85.22834 ],[7.750394  6.8843746 6.229466  5.8651943],[0.5601013 1.0908647 1.3207148 1.2007545],[8.149215 8.11694  8.104062 8.116798],[0.3806188  0.3709262  0.37762547 0.39070326]
DDK8,B,4e-07,33,True,False,TDD,vanilla,20,[0.5164926  0.75559443 0.92894256 0.9807848 ],[0.39370048 0.34941328 0.33349374 0.25106433],[134.40657 224.46722 276.5903  290.3799 ],[ 99.18732  133.63159  112.612686  97.71673 ],[7.405505  6.5695033 5.9477468 5.5512433],[0.91229373 1.2770722  1.2607943  1.2823665 ],[8.246285 8.265709 8.252912 8.226303],[0.46850497 0.45464966 0.43810764 0.45476887]
DDK8,B,4e-07,36,True,False,TDD,vanilla,20,[0.5732452 0.8696676 0.9925875 1.0333073],[0.46899444 0.43189842 0.42417365 0.23588626],[132.30489 219.64026 267.3694  295.37762],[109.46026  119.339905 104.05611   92.348694],[7.112412  6.0993505 5.6132674 5.3092003],[1.0151846 1.3567336 1.2706363 1.1627103],[8.057566 8.079075 8.129921 8.168677],[0.40291405 0.39826265 0.40041897 0.40959847]
DDK8,B,4e-07,42,True,False,TDD,vanilla,20,[0.95164055 1.0441612  1.1200266  1.0652156 ],[1.5801885  0.77208    0.487417   0.24868757],[199.4361  263.93497 296.09656 300.5943 ],[200.72467  161.69019  134.16046  104.704094],[6.8519382 6.065175  5.5035644 5.3056316],[1.3057345 1.3435315 1.2300918 1.0202049],[8.131211  8.1205845 8.131761  8.168282 ],[0.45830318 0.46788168 0.48357803 0.44281054]
DDK8,E,5e-08,3,True,False,TDD,vanilla,20,[0.00433941 0.00498963 0.00738738 0.01312637],[0.00142561 0.00172147 0.00346214 0.00818092],[1.280523  1.4655249 2.1637907 3.8431058],[0.4111497 0.5016247 1.0269978 2.4340658],[8.271674 8.269057 8.265955 8.261811],[0.10767835 0.1083856  0.10936009 0.11086154],[8.275205 8.273342 8.271564 8.269935],[0.10735612 0.10797671 0.10877378 0.10978284]
DDK8,E,5e-08,6,True,False,TDD,vanilla,20,[0.00512937 0.00698405 0.0122772  0.02322355],[0.00164958 0.00306821 0.00801386 0.01902143],[1.5037956 2.0346553 3.580238  6.8468285],[0.45003042 0.8662906  2.2897487  5.5636644 ],[8.27183  8.270575 8.266822 8.2598  ],[0.11340926 0.11544299 0.11777972 0.12033023],[8.276046 8.276881 8.277935 8.278976],[0.11304259 0.11515557 0.11746033 0.11958142]
DDK8,E,5e-08,9,True,False,TDD,vanilla,20,[0.00625307 0.01114649 0.0221337  0.04018692],[0.00292102 0.00915575 0.02411859 0.04363985],[ 1.8585881  3.3092127  6.6575747 12.116111 ],[ 0.86237884  2.785394    7.4638553  13.162961  ],[8.288821 8.284989 8.273613 8.254045],[0.1275204  0.12974383 0.13627054 0.15130025],[8.294175 8.29685  8.298473 8.298301],[0.12703064 0.12796013 0.1290341  0.13212258]
DDK8,E,5e-08,12,True,False,TDD,vanilla,20,[0.00732354 0.01729273 0.03454166 0.05585904],[0.00332271 0.01376676 0.02876408 0.04390205],[ 2.111968   4.9464993 10.003596  16.273235 ],[ 0.9524158  3.8840883  8.402511  13.493335 ],[8.239316  8.2231045 8.19714   8.170659 ],[0.10913661 0.11510809 0.12543584 0.13989751],[8.245988  8.241977  8.236683  8.2317295],[0.10888108 0.11287002 0.11957742 0.12670901]
DDK8,E,5e-08,15,True,False,TDD,vanilla,20,[0.00998861 0.03369642 0.06700082 0.13588107],[0.00653988 0.03846091 0.06871649 0.17830724],[ 2.9016404  9.930241  19.91737   40.526546 ],[ 1.9318264 11.731095  21.07603   53.794056 ],[8.253044 8.224181 8.184076 8.11961 ],[0.13576515 0.14733328 0.17090173 0.22084047],[8.262611  8.2612095 8.260151  8.261041 ],[0.13493809 0.13911162 0.14343643 0.14577541]
DDK8,E,5e-08,18,True,False,TDD,vanilla,20,[0.01377103 0.04005199 0.08016795 0.14986545],[0.01157081 0.03369151 0.065966   0.12140813],[ 3.9973507 11.936315  24.12522   45.401077 ],[ 3.4106333 10.2477    20.281313  37.81987  ],[8.267272 8.236598 8.195318 8.139196],[0.13604924 0.14976437 0.16970819 0.2032163 ],[8.281872 8.281912 8.279536 8.27891 ],[0.13541299 0.14105983 0.14464794 0.14809406]
DDK8,E,5e-08,21,True,False,TDD,vanilla,20,[0.01799469 0.05605384 0.09807143 0.19141981],[0.0144588  0.04862765 0.08051515 0.17887244],[ 5.490023 17.015816 29.507349 56.341076],[ 4.653436 14.816312 24.456045 49.951992],[8.288569 8.240532 8.197852 8.109998],[0.14557578 0.15427816 0.18153222 0.2850747 ],[8.307358 8.301056 8.291944 8.288347],[0.14678083 0.14288229 0.1493194  0.15211837]
DDK8,E,5e-08,24,True,False,TDD,vanilla,20,[0.02607078 0.07817283 0.12799792 0.21473175],[0.02293036 0.06335254 0.10789688 0.18727253],[ 7.7602177 23.495657  38.297115  64.33431  ],[ 7.01546  19.361204 32.757603 56.32149 ],[8.259348 8.194294 8.141431 8.054651],[0.13413095 0.15847766 0.20447487 0.33554438],[8.2875   8.278505 8.268627 8.264957],[0.13044433 0.1344253  0.15097398 0.16351572]
DDK8,E,5e-08,27,True,False,TDD,vanilla,20,[0.02589238 0.0791925  0.13615517 0.22087027],[0.02351455 0.08623958 0.13240947 0.1895239 ],[ 7.683066 24.331121 42.256763 67.73343 ],[ 7.056459 28.232035 42.412502 58.39392 ],[8.251991 8.202068 8.161684 8.061201],[0.1342811  0.16333967 0.20079003 0.34527457],[8.279845  8.286421  8.2941885 8.295663 ],[0.12928064 0.14179233 0.13784619 0.14801458]
DDK8,E,5e-08,33,True,False,TDD,vanilla,20,[0.05521674 0.11713529 0.19967352 0.28134647],[0.05382155 0.1059878  0.19278051 0.2149187 ],[16.331135 35.008305 59.607548 83.763336],[15.918875 31.24154  54.984173 61.241333],[8.224537  8.161545  8.085828  7.9721665],[0.16347729 0.19467893 0.24243875 0.40652132],[8.287059 8.28844  8.283365 8.28227 ],[0.14250225 0.14087309 0.1485409  0.15866236]
DDK8,E,5e-08,36,True,False,TDD,vanilla,20,[0.05887859 0.1256634  0.20539469 0.28068784],[0.05330107 0.11220581 0.17399646 0.20176885],[17.668505 37.452045 61.99092  84.47961 ],[16.150301 33.854687 52.99163  59.278156],[8.214145 8.159482 8.098345 8.003153],[0.1854409  0.22240925 0.25570914 0.3873677 ],[8.281623 8.287588 8.29217  8.30194 ],[0.16172272 0.17149195 0.17695847 0.17350179]
DDK8,E,5e-08,42,True,False,TDD,vanilla,20,[0.06549327 0.13773113 0.21288885 0.32254788],[0.06502726 0.10353225 0.1374075  0.23184523],[19.365044 40.99039  63.357254 95.62483 ],[18.75673  30.885036 40.64501  66.44449 ],[8.2074995 8.1218405 8.047706  7.895323 ],[0.18847372 0.2107511  0.25980926 0.43219146],[8.2850485 8.277092  8.275991  8.2751875],[0.15040708 0.15980272 0.16346732 0.16856034]
DDK8,E,2e-07,3,True,False,TDD,vanilla,20,[0.01801389 0.0186718  0.02109079 0.02635388],[0.00792332 0.00817561 0.00930226 0.01305803],[5.407499  5.6046867 6.3285255 7.9046865],[2.3755772 2.4496024 2.7798126 3.9011188],[8.270026 8.269487 8.268539 8.266488],[0.04116033 0.04221866 0.04332844 0.04481066],[8.280581 8.280627 8.280685 8.280739],[0.0395242  0.04055545 0.04168786 0.04291362]
DDK8,E,2e-07,6,True,False,TDD,vanilla,20,[0.01629632 0.01825674 0.02285105 0.03212301],[0.00762286 0.00834291 0.0099885  0.01460787],[4.919484  5.5116143 6.897415  9.70192  ],[2.2835565 2.5070875 3.0041416 4.4275584],[8.283267  8.2813425 8.276817  8.269182 ],[0.04439827 0.0480814  0.05275127 0.05857673],[8.293882 8.294106 8.294251 8.294382],[0.04388142 0.04748659 0.05115881 0.05493952]
DDK8,E,2e-07,9,True,False,TDD,vanilla,20,[0.01900824 0.02253903 0.03014551 0.04230782],[0.0094933  0.01104521 0.01532194 0.02337016],[ 5.757952  6.818006  9.105142 12.784503],[2.8742943 3.3273063 4.6060867 7.154388 ],[8.2810545 8.277244  8.269537  8.258751 ],[0.06151433 0.06862434 0.0773298  0.08695658],[8.294298 8.295323 8.296029 8.296503],[0.05927263 0.06526424 0.07138937 0.07772422]
DDK8,E,2e-07,12,True,False,TDD,vanilla,20,[0.01932853 0.02631959 0.04053327 0.05679798],[0.00862151 0.01283792 0.02987545 0.05318991],[ 5.8228407  7.9426484 12.238629  17.138393 ],[ 2.5546448  3.8923733  9.094321  16.093899 ],[8.278964 8.271436 8.257402 8.243897],[0.07057148 0.07699679 0.08871514 0.10408293],[8.292669 8.293591 8.29417  8.294293],[0.06883647 0.07497934 0.08134437 0.08748709]
DDK8,E,2e-07,15,True,False,TDD,vanilla,20,[0.02444438 0.04096713 0.06001277 0.13840778],[0.0113843  0.03066391 0.04880983 0.20452486],[ 7.349405 12.315514 18.08244  41.741436],[ 3.4718153  9.318165  14.898678  61.97643  ],[8.261767 8.244662 8.228191 8.170658],[0.06830484 0.0784813  0.09190176 0.18010463],[8.278367 8.277282 8.276983 8.276869],[0.06547173 0.07076035 0.07667465 0.08393777]
DDK8,E,2e-07,18,True,False,TDD,vanilla,20,[0.02437341 0.04606242 0.0743747  0.16446573],[0.01177361 0.03211843 0.06498794 0.22504492],[ 7.272261 13.673178 22.096706 48.763985],[ 3.5003855  9.406136  19.474829  66.28104  ],[8.254629 8.232136 8.21826  8.142774],[0.08215123 0.10004491 0.10881342 0.30551007],[8.273221 8.273726 8.274927 8.276924],[0.07880081 0.08553309 0.09271665 0.09996614]
DDK8,E,2e-07,21,True,False,TDD,vanilla,20,[0.02731406 0.04978842 0.07685577 0.13249055],[0.01323458 0.03269717 0.05362924 0.14238489],[ 8.193824 14.879627 23.064226 39.678802],[ 3.9398756  9.318747  15.830166  41.6688   ],[8.268406 8.245087 8.227039 8.169753],[0.09379215 0.1087603  0.12270788 0.26325125],[8.2915325 8.292838  8.293352  8.293094 ],[0.09075397 0.09886748 0.10661584 0.11423081]
DDK8,E,2e-07,24,True,False,TDD,vanilla,20,[0.03252612 0.0617186  0.08872246 0.15659924],[0.02398507 0.05000812 0.0790268  0.19168326],[ 9.742555 18.51806  26.535227 47.100243],[ 7.1367836 15.447205  24.192625  59.704105 ],[8.255743 8.224024 8.205193 8.156674],[0.10328305 0.11480481 0.13219167 0.15748625],[8.283634 8.277485 8.2726   8.268844],[0.0970543  0.10391299 0.1116889  0.11914234]
DDK8,E,2e-07,27,True,False,TDD,vanilla,20,[0.03379754 0.06511343 0.09702946 0.15145956],[0.0192614  0.04736177 0.07949223 0.14238246],[10.118361 19.663086 29.448635 45.71206 ],[ 5.602367 14.274464 24.447493 42.54174 ],[8.254962 8.233774 8.223197 8.180065],[0.10074936 0.11476021 0.11870971 0.26442066],[8.285105 8.289517 8.293083 8.295244],[0.09349079 0.10003035 0.1076677  0.11564252]
DDK8,E,2e-07,33,True,False,TDD,vanilla,20,[0.04783847 0.0778852  0.11650899 0.15951996],[0.03819527 0.07002575 0.08623933 0.1442599 ],[14.402155 23.711557 35.798954 48.94751 ],[11.096797 21.199766 26.863909 43.434875],[8.2481985 8.22728   8.202239  8.158592 ],[0.12030955 0.14677377 0.14814126 0.3085857 ],[8.293463 8.300457 8.306935 8.31096 ],[0.1121941  0.1177948  0.12364822 0.1286118 ]
DDK8,E,2e-07,36,True,False,TDD,vanilla,20,[0.04572149 0.07922112 0.12418859 0.19449344],[0.03471607 0.0588816  0.10237557 0.18753585],[13.421991 23.111607 36.171185 56.68875 ],[ 9.770843 16.752733 28.662676 53.220463],[8.218476 8.186124 8.162674 8.11463 ],[0.10870832 0.13065262 0.14322746 0.21865834],[8.260142  8.257455  8.2576065 8.260585 ],[0.10467414 0.11562987 0.12960932 0.14268412]
DDK8,E,2e-07,42,True,False,TDD,vanilla,20,[0.056856   0.09530892 0.14363681 0.22613545],[0.03708398 0.06046933 0.10350219 0.19820333],[17.159037 28.534302 43.221058 68.828224],[11.450202 18.725483 32.34946  63.532097],[8.229278 8.193645 8.157596 8.050916],[0.10977312 0.13109373 0.14484276 0.4149494 ],[8.285831 8.281849 8.27859  8.276519],[0.10005278 0.10973753 0.12256967 0.13150124]
DDK8,E,4e-07,3,True,False,TDD,vanilla,20,[0.02086765 0.02144662 0.02368111 0.02900906],[0.00888261 0.00911207 0.00993172 0.01348251],[6.2572002 6.430581  7.1003075 8.70002  ],[2.6611338 2.7346938 2.9867752 4.069551 ],[8.273006 8.272199 8.27102  8.268873],[0.0315026  0.03303715 0.0346921  0.03665801],[8.288958 8.288684 8.288403 8.288102],[0.02915174 0.03073189 0.03247377 0.03435929]
DDK8,E,4e-07,6,True,False,TDD,vanilla,20,[0.02406123 0.02596303 0.0298721  0.03788214],[0.00954258 0.01036091 0.01147062 0.01492602],[ 7.2143884  7.781511   8.951034  11.353259 ],[2.9086897 3.1566963 3.4947975 4.551746 ],[8.266258 8.26401  8.2599   8.253702],[0.04149573 0.04575086 0.05023755 0.05519497],[8.284499 8.284238 8.283938 8.283622],[0.03912413 0.0432141  0.04740655 0.05164111]
DDK8,E,4e-07,9,True,False,TDD,vanilla,20,[0.02712393 0.02986219 0.03590078 0.04564996],[0.01006207 0.01038099 0.01372509 0.02112214],[ 8.123599  8.942521 10.754514 13.696938],[3.0634944 3.1860976 4.2317963 6.5806623],[8.260262 8.255993 8.248773 8.240276],[0.05356527 0.05922148 0.06554423 0.07304576],[8.280015 8.279101 8.278396 8.278026],[0.05211917 0.05833429 0.06446901 0.0706116 ]
DDK8,E,4e-07,12,True,False,TDD,vanilla,20,[0.0283438  0.03683228 0.04630233 0.06018946],[0.01240557 0.01921059 0.02401722 0.03401104],[ 8.530589 11.092059 13.976567 18.219374],[ 3.8089647  5.832125   7.3404236 10.60153  ],[8.264403 8.255757 8.246925 8.238596],[0.06688374 0.07598047 0.08306573 0.08848741],[8.285689 8.28714  8.288548 8.289801],[0.06437866 0.07084928 0.07688569 0.08259344]
DDK8,E,4e-07,15,True,False,TDD,vanilla,20,[0.0287558  0.03945715 0.05471312 0.09417064],[0.00997526 0.01745386 0.02867893 0.1305121 ],[ 8.629444 11.839119 16.44865  28.475124],[ 2.9922004  5.189836   8.529918  39.328224 ],[8.265516 8.255562 8.246217 8.220992],[0.07762667 0.08881766 0.10208224 0.16161755],[8.288774 8.291263 8.293829 8.296032],[0.07523514 0.08273138 0.09050899 0.09828036]
DDK8,E,4e-07,18,True,False,TDD,vanilla,20,[0.03147367 0.04790686 0.07368373 0.15414542],[0.0133244  0.02735387 0.05869665 0.23120539],[ 9.406029 14.259608 21.89971  45.82695 ],[ 4.080616  8.048734 17.30019  68.860596],[8.25487  8.236619 8.220825 8.124942],[0.07158339 0.08400631 0.09680469 0.41976985],[8.27856  8.276338 8.274124 8.272226],[0.06968126 0.07664183 0.08386724 0.09061535]
DDK8,E,4e-07,21,True,False,TDD,vanilla,20,[0.0378187  0.05787186 0.07780673 0.12607637],[0.01646051 0.03341161 0.0581465  0.1341592 ],[11.33092  17.29778  23.043713 37.278446],[ 5.0570602 10.059871  16.692644  38.36668  ],[8.245846 8.226113 8.217475 8.187367],[0.09432134 0.11047584 0.12559114 0.1628487 ],[8.276323 8.276242 8.275361 8.274577],[0.09324113 0.10310401 0.11220799 0.12068646]
DDK8,E,4e-07,24,True,False,TDD,vanilla,20,[0.04145676 0.06234148 0.08728958 0.12770674],[0.02117374 0.04848817 0.08373407 0.1199231 ],[12.412721 18.835476 26.576033 39.191147],[ 6.2156086 14.776498  25.92976   37.0954   ],[8.253471 8.241709 8.236419 8.213859],[0.10127444 0.11137041 0.11522699 0.13583677],[8.286703 8.293116 8.298703 8.30418 ],[0.09379449 0.09931406 0.10363212 0.10734849]
DDK8,E,4e-07,27,True,False,TDD,vanilla,20,[0.04126206 0.06743523 0.08511072 0.14810911],[0.02082962 0.05830637 0.06897532 0.17904386],[12.244023 19.96404  25.502232 44.581764],[ 5.98989  16.17547  19.930973 53.50053 ],[8.242071 8.225343 8.223246 8.184035],[0.09527937 0.1041079  0.10845473 0.19086115],[8.276787 8.280539 8.284522 8.288042],[0.08973086 0.09296609 0.09940286 0.10667291]
DDK8,E,4e-07,33,True,False,TDD,vanilla,20,[0.05024182 0.06989694 0.10145348 0.15482901],[0.02890409 0.04256722 0.06905013 0.15032816],[14.918879 20.71444  30.200289 46.75732 ],[ 8.458129 12.319111 20.479584 48.323112],[8.231884 8.212766 8.188441 8.155127],[0.12081206 0.1218453  0.13468681 0.15926109],[8.277195 8.275805 8.276591 8.27708 ],[0.10656009 0.10650315 0.10475279 0.10291509]
DDK8,E,4e-07,36,True,False,TDD,vanilla,20,[0.05394202 0.06932603 0.09929238 0.14568812],[0.03449485 0.03998937 0.07384758 0.15237068],[16.24137  20.856108 29.77799  43.419388],[10.448108 12.071054 22.001287 45.678734],[8.24181  8.223497 8.197912 8.142533],[0.12448148 0.13602495 0.14474906 0.3268909 ],[8.287193 8.285667 8.282404 8.278148],[0.11921629 0.12636288 0.12809068 0.12669323]
DDK8,E,4e-07,42,True,False,TDD,vanilla,20,[0.05460716 0.08363452 0.11579128 0.17355905],[0.02834966 0.05419321 0.09183358 0.16756889],[16.360611 25.006159 34.534557 52.249474],[ 8.575319 16.591492 27.07208  51.489086],[8.233164 8.206173 8.190263 8.122071],[0.11110195 0.12667385 0.13430242 0.30307624],[8.284267 8.282584 8.279294 8.275064],[0.1008014  0.10741474 0.11493791 0.12366353]
DDK8,B,5e-08,3,True,False,TDD,vanilla,25,[0.01321    0.02034968 0.0370678  0.0738402 ],[0.00444836 0.00962086 0.02968563 0.06490329],[ 3.234375   4.5982685  7.824079  15.559142 ],[ 1.1945413  2.1291482  5.1267576 12.314408 ],[8.29821  8.294831 8.28446  8.258927],[0.28752646 0.29970655 0.31201968 0.32450655],[8.310017 8.311025 8.311322 8.311014],[0.28663874 0.29886186 0.31123886 0.32331756]
DDK8,B,5e-08,6,True,False,TDD,vanilla,25,[0.02023918 0.05185337 0.12561142 0.24284194],[0.01003657 0.04467045 0.12776563 0.22143166],[ 4.0167427  9.300373  23.506914  49.21547  ],[ 1.5223249  6.344456  20.195522  42.308155 ],[8.183859  8.162041  8.0933    7.9498568],[0.39630896 0.41383633 0.46241695 0.58089495],[8.200852 8.201836 8.201868 8.201473],[0.3916575  0.39977843 0.40850884 0.41598985]
DDK8,B,5e-08,9,True,False,TDD,vanilla,25,[0.03132543 0.10542731 0.23247431 0.40286034],[0.02370905 0.10917749 0.21438362 0.31925017],[ 5.887761 19.450855 48.541824 91.516014],[ 3.4120216 19.012915  47.99709   80.526924 ],[8.227301  8.175189  8.030311  7.7247114],[0.44566852 0.47673166 0.5817284  0.89705175],[8.251503 8.261046 8.269067 8.268887],[0.43901262 0.44828582 0.46303815 0.4847499 ]
DDK8,B,5e-08,12,True,False,TDD,vanilla,25,[0.05163486 0.1962043  0.3952545  0.5401664 ],[0.0454281  0.20536964 0.3339411  0.33502626],[  8.604922  34.16757   75.73722  124.67306 ],[ 6.4116635 31.808706  62.85058   90.365875 ],[8.129975  8.000839  7.7123456 7.305858 ],[0.43417284 0.53716063 0.86306345 1.214647  ],[8.1689005 8.177474  8.178661  8.1839   ],[0.42534223 0.456648   0.4968093  0.52424604]
DDK8,B,5e-08,15,True,False,TDD,vanilla,25,[0.09379279 0.33020687 0.56749177 0.76011246],[0.12241713 0.28643683 0.4201877  0.41013217],[ 15.144611  70.72463  132.76265  200.7798  ],[ 12.367214  60.809036 101.91044  133.127   ],[8.235429  7.9258204 7.412801  6.698765 ],[0.5541198 0.780952  1.2209593 1.5991168],[8.301512 8.301376 8.295099 8.286509],[0.5188588  0.5244441  0.5284308  0.55424315]
DDK8,B,5e-08,18,True,False,TDD,vanilla,25,[0.16778195 0.59696895 0.78726274 0.9164545 ],[0.16696207 0.44844243 0.431613   0.34419593],[ 30.705528 124.25767  194.42809  249.10074 ],[ 30.713625  96.95552  129.68156  150.46098 ],[7.993049 7.248335 6.471063 6.072501],[0.5896122 1.1457019 1.6907139 1.5726084],[8.143847 8.165355 8.19014  8.226463],[0.5570067  0.5532856  0.5880717  0.64253396]
DDK8,B,5e-08,21,True,False,TDD,vanilla,25,[0.2113291  0.59867114 0.82789093 0.9301344 ],[0.23316497 0.38979116 0.40384212 0.3008519 ],[ 39.37897 138.72032 200.34465 241.98793],[ 40.273815 109.282196 126.88318  125.824036],[7.9065413 7.029706  6.3303566 5.8383346],[0.67277855 1.3540477  1.5725572  1.6391586 ],[8.123272 8.136701 8.135805 8.15118 ],[0.5637358  0.5555875  0.58310056 0.62311333]
DDK8,B,5e-08,24,True,False,TDD,vanilla,25,[0.25247538 0.6336777  0.779168   0.90317374],[0.30090556 0.50914764 0.3970663  0.25706428],[ 48.63651 152.39673 208.82994 259.09003],[ 54.702568 124.62514  131.38936  133.048   ],[8.022722 7.061587 6.534417 6.003014],[0.6643234 1.5145878 1.5789392 1.4258096],[8.270131 8.258452 8.255482 8.262504],[0.5118271  0.51376563 0.5234589  0.57083213]
DDK8,B,5e-08,27,True,False,TDD,vanilla,25,[0.30562446 0.70675904 0.91415685 0.9385655 ],[0.27576286 0.42237395 0.8703437  0.32626432],[ 58.6236  158.83247 217.07587 247.96303],[ 62.511936 120.33914  145.87247  128.5893  ],[7.8519077 6.8136    6.277022  5.859761 ],[0.67078936 1.5392264  1.5599327  1.5609962 ],[8.164666 8.149782 8.144778 8.15001 ],[0.5907433 0.6523984 0.6741813 0.6614096]
DDK8,B,5e-08,33,True,False,TDD,vanilla,25,[0.71915084 1.0373206  1.1312835  1.5004505 ],[0.7342545  0.81218606 0.60370713 2.8063157 ],[133.2998  215.3647  273.70102 299.9744 ],[130.79974 157.55911 156.04134 150.47543],[7.4258947 6.5365324 5.8644495 5.429581 ],[1.1472534 1.645458  1.5947413 1.6206493],[8.244222 8.21752  8.208188 8.190938],[0.59182024 0.6487663  0.6651303  0.6921988 ]
DDK8,B,5e-08,36,True,False,TDD,vanilla,25,[1.1412897 1.4674989 1.524104  1.4041741],[1.0940561 1.2233921 1.2162496 0.7476   ],[214.62653 285.9284  324.6489  323.72568],[186.52199 161.91005 157.83238 142.99602],[6.883465  5.9847255 5.5132856 5.0913196],[1.5871731 1.6626501 1.5252633 1.5202445],[8.266978 8.223077 8.203336 8.203679],[0.6390856  0.63954604 0.61311203 0.6540083 ]
DDK8,B,5e-08,42,True,False,TDD,vanilla,25,[1.2458448 1.5334743 3.1246908 1.3189763],[ 1.097892    1.4790578  17.341375    0.78811973],[ 228.86964  318.9416  1184.4362   342.19983],[ 221.06628  246.02855 8350.414    158.55856],[6.747607  5.8623548 5.226088  4.988583 ],[1.4545991 1.5436196 1.4100004 1.4592369],[8.1687   8.187472 8.230034 8.259732],[0.55716753 0.59658355 0.6257369  0.63968194]
DDK8,B,2e-07,3,True,False,TDD,vanilla,25,[0.02869004 0.03555635 0.04843199 0.07770848],[0.00954493 0.01360948 0.02290812 0.04629216],[ 6.8498883  8.336138  11.283572  18.210735 ],[ 1.9738421  2.788849   5.1328506 11.16393  ],[8.106802 8.104211 8.095288 8.070373],[0.40682465 0.4133555  0.4214444  0.43405798],[8.140387 8.142667 8.144901 8.14683 ],[0.4020315  0.40776485 0.41400665 0.42071086]
DDK8,B,2e-07,6,True,False,TDD,vanilla,25,[0.03495486 0.05681365 0.10898466 0.20608984],[0.01275781 0.02785867 0.06979298 0.14010537],[ 8.483068 13.568498 25.983257 50.556293],[ 2.5024612  5.4588    14.795438  31.74918  ],[8.162831  8.146756  8.092877  7.9744325],[0.3801572  0.3936265  0.42492712 0.49959674],[8.200198 8.203735 8.207059 8.210534],[0.37354088 0.3805655  0.3896417  0.39972013]
DDK8,B,2e-07,9,True,False,TDD,vanilla,25,[0.04277045 0.09281605 0.20268375 0.36602393],[0.01352314 0.04566508 0.12546952 0.2187299 ],[10.413395 23.24503  53.183228 99.23948 ],[ 3.5807998 14.244625  41.627934  75.33071  ],[8.16991   8.115772  7.9740257 7.6979938],[0.4108654  0.41065902 0.42894682 0.54908615],[8.216351 8.215251 8.214624 8.214304],[0.40763524 0.41026485 0.41645423 0.42503932]
DDK8,B,2e-07,12,True,False,TDD,vanilla,25,[0.06666324 0.19305943 0.377353   0.5430428 ],[0.03973801 0.16881426 0.31182843 0.33303544],[ 14.08385   40.943066  83.31638  131.44112 ],[ 6.529326 31.158665 62.683075 85.02684 ],[8.0462    7.8702364 7.5099034 7.076775 ],[0.4651771 0.6105005 0.9870649 1.2884636],[8.120098  8.1142645 8.112743  8.113856 ],[0.43833014 0.4555621  0.47286943 0.49387443]
DDK8,B,2e-07,15,True,False,TDD,vanilla,25,[0.08766269 0.2861002  0.48043308 0.6671369 ],[0.06166166 0.22642063 0.3090609  0.31195828],[ 19.626379  69.31239  126.91552  189.95807 ],[ 12.063212  52.97954   87.2502   111.97373 ],[8.101009  7.8211756 7.417965  6.7699275],[0.51440924 0.69453555 1.0214484  1.4003106 ],[8.197627 8.204034 8.217083 8.230654],[0.48526046 0.50316983 0.5246719  0.5439685 ]
DDK8,B,2e-07,18,True,False,TDD,vanilla,25,[0.11817248 0.3693751  0.5801463  0.7302832 ],[0.10151991 0.29367462 0.35951173 0.31018397],[ 25.59622  90.60579 150.99133 204.20897],[ 21.659922  79.981895 109.50623  122.415855],[8.040705 7.615451 7.09875  6.532583],[0.52157104 0.89384973 1.291324   1.4516327 ],[8.1638975 8.175692  8.188434  8.202102 ],[0.48944053 0.50745434 0.51854205 0.5220388 ]
DDK8,B,2e-07,21,True,False,TDD,vanilla,25,[0.18751292 0.54548067 0.72823787 0.86534286],[0.15142332 0.32693395 0.33227715 0.29877415],[ 43.764286 141.26924  195.6026   235.09265 ],[ 32.83317  89.16372 107.58091 111.40241],[7.965735  7.1623173 6.4420085 5.9121523],[0.51713276 1.1018897  1.4220407  1.3751862 ],[8.188612 8.176667 8.144227 8.140654],[0.44568112 0.44044286 0.4572289  0.47989473]
DDK8,B,2e-07,24,True,False,TDD,vanilla,25,[0.22160365 0.59705776 0.7868015  0.8806703 ],[0.19010983 0.38114122 0.36445227 0.27795643],[ 49.441147 145.86539  206.64482  253.29463 ],[ 40.297276  93.92914  104.753815 118.694756],[7.851155  6.896544  6.2975903 5.875003 ],[0.6443755 1.4830486 1.56673   1.5043615],[8.138821 8.121225 8.131564 8.179233],[0.5049219  0.5401905  0.55457497 0.5767097 ]
DDK8,B,2e-07,27,True,False,TDD,vanilla,25,[0.2627348 0.6122903 0.7915824 0.9199614],[0.29030085 0.3957569  0.3267987  0.25228944],[ 60.430283 158.06975  212.15881  252.72668 ],[ 63.079346 113.653786 109.504265 108.271515],[7.8382936 6.9925685 6.295241  5.726319 ],[0.8011844 1.3385553 1.5499502 1.4908905],[8.195908 8.177614 8.161719 8.149493],[0.58492225 0.5956014  0.5773279  0.5629562 ]
DDK8,B,2e-07,33,True,False,TDD,vanilla,25,[0.5190335  0.82837373 0.99116784 1.0285281 ],[0.47196153 0.44889194 0.37730986 0.2519934 ],[114.49906 208.12979 259.43735 282.99207],[ 98.73257 125.89335 118.4248  125.6435 ],[7.38697   6.3830214 5.7377377 5.423161 ],[0.89013857 1.4481453  1.4402143  1.3801003 ],[8.113809 8.133947 8.133893 8.112729],[0.5259433  0.55339056 0.55033195 0.5765365 ]
DDK8,B,2e-07,36,True,False,TDD,vanilla,25,[0.5356519  0.92184645 1.0239701  1.1021956 ],[0.56718284 0.74774146 0.43929994 0.3900283 ],[124.52644 210.56848 252.57018 273.79984],[136.40044 135.00365 116.15087 114.52286],[7.34791   6.4674654 5.826616  5.3117146],[1.1772714 1.5691993 1.4732454 1.5154009],[8.202237 8.165164 8.124358 8.063301],[0.48082286 0.5317794  0.5752137  0.61029977]
DDK8,B,2e-07,42,True,False,TDD,vanilla,25,[0.81487495 1.1904428  1.2168462  1.1953527 ],[0.7822573  0.7317271  0.5412124  0.49419272],[177.1243  293.0728  305.79614 308.83005],[169.52875 203.38911 152.69351 139.78893],[6.9477205 5.98021   5.4818254 5.0928526],[1.3562934 1.4462969 1.3428453 1.256946 ],[8.116588  8.1407385 8.108494  8.074529 ],[0.5461969 0.5206076 0.5220433 0.5106325]
DDK8,B,4e-07,3,True,False,TDD,vanilla,25,[0.06844117 0.07433143 0.08490036 0.10861365],[0.02967816 0.03134502 0.03449513 0.04407707],[17.480331 19.03004  21.85308  28.368729],[ 6.5564322  6.879621   7.649982  10.448636 ],[8.125111 8.123407 8.116646 8.097724],[0.35540447 0.36145192 0.36837623 0.37849268],[8.20847  8.210395 8.212237 8.213969],[0.3344236  0.33968472 0.345037   0.3505006 ]
DDK8,B,4e-07,6,True,False,TDD,vanilla,25,[0.07737146 0.0948725  0.13356158 0.20908481],[0.02980224 0.03462897 0.05660419 0.10106702],[19.27041  23.929865 34.287212 55.132008],[ 7.9438977  9.600753  15.896671  29.64715  ],[8.092779 8.076296 8.029016 7.93039 ],[0.33459023 0.3418679  0.357828   0.39987132],[8.184885 8.185724 8.186444 8.187491],[0.3219428  0.32802498 0.33519444 0.34295762]
DDK8,B,4e-07,9,True,False,TDD,vanilla,25,[0.08621069 0.12658802 0.2120451  0.3416316 ],[0.04191473 0.06234309 0.13471591 0.23421197],[21.313591 31.6273   54.229332 89.67525 ],[10.665966 15.815318 34.49797  60.709972],[8.086979  8.036667  7.9062023 7.655138 ],[0.3552291  0.36126542 0.41045377 0.6042159 ],[8.193824  8.191843  8.1865635 8.178488 ],[0.33316842 0.33920407 0.35002944 0.36504003]
DDK8,B,4e-07,12,True,False,TDD,vanilla,25,[0.10229468 0.18026884 0.31279707 0.45911705],[0.03814074 0.09047453 0.1865746  0.24392395],[ 25.270557  45.61467   81.445724 125.75575 ],[10.138285 23.335108 51.42093  74.25939 ],[8.0296335 7.92469   7.6831484 7.32431  ],[0.3481936  0.39339405 0.5824681  0.8594837 ],[8.155842 8.160818 8.163987 8.167347],[0.32843766 0.33568707 0.35014966 0.36756453]
DDK8,B,4e-07,15,True,False,TDD,vanilla,25,[0.1331147  0.30306444 0.47987515 0.6535827 ],[0.06575865 0.19889869 0.29323283 0.3091547 ],[ 32.047607  75.89752  125.21009  177.66258 ],[14.9560795 51.425503  79.572624  93.02434  ],[7.9858456 7.7069426 7.2893887 6.7185345],[0.4542002  0.65036434 1.0281583  1.2815955 ],[8.153601 8.155079 8.152278 8.149134],[0.4101913  0.43171167 0.44939846 0.460384  ]
DDK8,B,4e-07,18,True,False,TDD,vanilla,25,[0.16255379 0.3994326  0.59926575 0.7285781 ],[0.09113819 0.24741526 0.33151153 0.29311842],[ 38.206802 101.942635 160.25943  202.80185 ],[ 20.806456  71.45946  102.78295  102.03616 ],[7.922348  7.459019  6.8637652 6.376363 ],[0.49855903 0.7925896  1.164293   1.2964807 ],[8.1320305 8.13783   8.141356  8.146609 ],[0.42991513 0.4332563  0.4316455  0.42852738]
DDK8,B,4e-07,21,True,False,TDD,vanilla,25,[0.16918695 0.41763344 0.6109026  0.7627425 ],[0.09344315 0.23027548 0.2683814  0.23732851],[ 42.454872 115.84055  174.65213  219.96973 ],[ 24.175386  80.041374 107.307526 116.1083  ],[7.9448795 7.4547234 6.8858576 6.270845 ],[0.45181975 0.7275865  1.0442564  1.1892717 ],[8.166336 8.156872 8.151517 8.130608],[0.39600894 0.41945392 0.43816084 0.45606455]
DDK8,B,4e-07,24,True,False,TDD,vanilla,25,[0.21966761 0.5033013  0.6862762  0.82847726],[0.13132864 0.27032876 0.2761449  0.23150899],[ 55.14641 142.48268 203.30803 252.48216],[ 33.186867  88.15273  108.825424 110.24612 ],[7.9031806 7.211958  6.5985503 6.049443 ],[0.49170092 1.0165583  1.2309178  1.2067202 ],[8.199759 8.205041 8.207555 8.21912 ],[0.404768   0.4265331  0.43737403 0.43781117]
DDK8,B,4e-07,27,True,False,TDD,vanilla,25,[0.27598104 0.58588105 0.76538765 0.86788285],[0.18990594 0.31632715 0.29983258 0.21879192],[ 67.68386 152.99115 206.4502  242.20197],[44.98301 85.44538 90.02403 85.20619],[7.752175  6.8880415 6.232782  5.8699102],[0.55913895 1.0875702  1.3198197  1.1983231 ],[8.149215 8.11694  8.104062 8.116798],[0.3806188  0.3709262  0.37762547 0.39070326]
DDK8,B,4e-07,33,True,False,TDD,vanilla,25,[0.5158545  0.75554514 0.928776   0.9807199 ],[0.39349854 0.34976506 0.33301452 0.25076336],[134.24657 224.47183 276.62564 290.36047],[ 99.14427 133.74869 112.52771  97.66004],[7.407159  6.569594  5.9482884 5.555241 ],[0.91124576 1.2781951  1.2594446  1.2791408 ],[8.246285 8.265709 8.252912 8.226303],[0.46850497 0.45464966 0.43810764 0.45476887]
DDK8,B,4e-07,36,True,False,TDD,vanilla,25,[0.5724561 0.8688068 0.9920986 1.0336595],[0.4684443  0.4305198  0.42354846 0.23609886],[132.27364 219.3411  267.36487 295.44452],[109.45282  117.787994 103.914764  92.310875],[7.112589 6.101742 5.611292 5.309431],[1.0153728 1.3564392 1.2690828 1.1620821],[8.057566 8.079075 8.129921 8.168677],[0.40291405 0.39826265 0.40041897 0.40959847]
DDK8,B,4e-07,42,True,False,TDD,vanilla,25,[1.0352839 1.0445037 1.1199961 1.0645941],[2.3495944  0.77090913 0.48971698 0.24765694],[206.74136 264.02585 296.12604 300.55048],[253.25986 161.63681 134.75778 104.75523],[6.8467207 6.065739  5.5071383 5.304795 ],[1.3141742 1.3421133 1.2288597 1.0218991],[8.131211  8.1205845 8.131761  8.168282 ],[0.45830318 0.46788168 0.48357803 0.44281054]
DDK8,E,5e-08,3,True,False,TDD,vanilla,25,[0.00419604 0.00471152 0.00693814 0.01250826],[0.00141255 0.0017071  0.00334595 0.00790188],[1.2380807 1.3836691 2.0318887 3.6621473],[0.4047635  0.49456906 0.989553   2.350657  ],[8.271896 8.26948  8.266569 8.26257 ],[0.10768893 0.10840748 0.10939347 0.11091474],[8.275205 8.273342 8.271564 8.269935],[0.10735612 0.10797671 0.10877378 0.10978284]
DDK8,E,5e-08,6,True,False,TDD,vanilla,25,[0.00491908 0.0065939  0.01169574 0.02234619],[0.00164867 0.00302943 0.00784745 0.01876329],[1.4420288 1.9206675 3.4143183 6.5912843],[0.4445248 0.8535509 2.2473557 5.490645 ],[8.272132 8.271132 8.267611 8.260855],[0.11342546 0.11542094 0.11769099 0.12029614],[8.276046 8.276881 8.277935 8.278976],[0.11304259 0.11515557 0.11746033 0.11958142]
DDK8,E,5e-08,9,True,False,TDD,vanilla,25,[0.00602745 0.01072855 0.02151182 0.03918048],[0.00288685 0.00900379 0.02396739 0.04338292],[ 1.7919834  3.1852279  6.474325  11.811897 ],[ 0.8501564  2.7330844  7.4357786 13.064812 ],[8.289143 8.285584 8.274415 8.255283],[0.12749682 0.1297011  0.13616243 0.15104902],[8.294175 8.29685  8.298473 8.298301],[0.12703064 0.12796013 0.1290341  0.13212258]
DDK8,E,5e-08,12,True,False,TDD,vanilla,25,[0.00708127 0.01681777 0.03384919 0.05501779],[0.00329565 0.01367136 0.02874976 0.04405564],[ 2.0443382  4.8134727  9.808747  16.042841 ],[ 0.9440966  3.8596802  8.40067   13.545231 ],[8.239652 8.223731 8.198009 8.171627],[0.10915954 0.11499565 0.12541734 0.13983078],[8.245988  8.241977  8.236683  8.2317295],[0.10888108 0.11287002 0.11957742 0.12670901]
DDK8,E,5e-08,15,True,False,TDD,vanilla,25,[0.00970517 0.03294364 0.06601484 0.13494179],[0.00655555 0.03837792 0.06868081 0.1788578 ],[ 2.8201663  9.709007  19.63528   40.256367 ],[ 1.9356557 11.71043   21.074625  53.982174 ],[8.253456 8.225251 8.185739 8.120471],[0.13569596 0.1471769  0.17053998 0.22389264],[8.262611  8.2612095 8.260151  8.261041 ],[0.13493809 0.13911162 0.14343643 0.14577541]
DDK8,E,5e-08,18,True,False,TDD,vanilla,25,[0.01346921 0.03960453 0.07981098 0.14914156],[0.01156959 0.03388014 0.06654637 0.12177954],[ 3.910369 11.808518 24.017324 45.143852],[ 3.408547 10.31101  20.443787 37.82214 ],[8.267691 8.237301 8.195972 8.140561],[0.13602847 0.14980029 0.16986851 0.20188041],[8.281872 8.281912 8.279536 8.27891 ],[0.13541299 0.14105983 0.14464794 0.14809406]
DDK8,E,5e-08,21,True,False,TDD,vanilla,25,[0.01761588 0.05538633 0.09738792 0.19032878],[0.01427827 0.04877507 0.08110113 0.17889552],[ 5.377041 16.807917 29.304306 56.064747],[ 4.6116223 14.862835  24.643621  50.087284 ],[8.289026 8.241604 8.19915  8.114674],[0.1455466  0.15415716 0.18114649 0.27404335],[8.307358 8.301056 8.291944 8.288347],[0.14678083 0.14288229 0.1493194  0.15211837]
DDK8,E,5e-08,24,True,False,TDD,vanilla,25,[0.02580556 0.0779805  0.12776707 0.21400195],[0.02279244 0.06323586 0.10805301 0.18693228],[ 7.67378  23.420872 38.21727  64.12909 ],[ 6.9568844 19.282198  32.77956   56.24137  ],[8.259753 8.194616 8.142124 8.057198],[0.13417102 0.15893723 0.20460245 0.32891923],[8.2875   8.278505 8.268627 8.264957],[0.13044433 0.1344253  0.15097398 0.16351572]
DDK8,E,5e-08,27,True,False,TDD,vanilla,25,[0.02549113 0.07869305 0.13559408 0.22013253],[0.02338851 0.08652338 0.13236412 0.18964952],[ 7.5658855 24.189157  42.088425  67.49708  ],[ 7.04192  28.347967 42.391182 58.404472],[8.252575 8.202849 8.16258  8.063518],[0.13413288 0.16332152 0.20167497 0.34358957],[8.279845  8.286421  8.2941885 8.295663 ],[0.12928064 0.14179233 0.13784619 0.14801458]
DDK8,E,5e-08,33,True,False,TDD,vanilla,25,[0.0549873  0.11692499 0.19977677 0.28115276],[0.05407085 0.10706074 0.19651772 0.21548492],[16.26149  34.962223 59.645157 83.7008  ],[15.9986315 31.538988  55.951534  61.358757 ],[8.2251625 8.162086  8.086339  7.974601 ],[0.16347073 0.19470854 0.24392903 0.40271154],[8.287059 8.28844  8.283365 8.28227 ],[0.14250225 0.14087309 0.1485409  0.15866236]
DDK8,E,5e-08,36,True,False,TDD,vanilla,25,[0.05876084 0.12600927 0.20651737 0.28155786],[0.05368429 0.11336631 0.17700541 0.20340893],[17.635052 37.567924 62.249832 84.71701 ],[16.25536  34.269825 53.652447 59.663025],[8.214607 8.159652 8.098076 8.006023],[0.1860479  0.22359538 0.25831497 0.37566867],[8.281623 8.287588 8.29217  8.30194 ],[0.16172272 0.17149195 0.17695847 0.17350179]
DDK8,E,5e-08,42,True,False,TDD,vanilla,25,[0.06520082 0.13774867 0.21302494 0.32444426],[0.06517078 0.10419148 0.13859093 0.23685463],[19.281553 40.993397 63.392223 96.43384 ],[18.800783 31.046776 40.93878  69.23417 ],[8.208048 8.122283 8.047982 7.88887 ],[0.18824059 0.211107   0.2608377  0.45958996],[8.2850485 8.277092  8.275991  8.2751875],[0.15040708 0.15980272 0.16346732 0.16856034]
DDK8,E,2e-07,3,True,False,TDD,vanilla,25,[0.01787847 0.01843259 0.0206652  0.02574079],[0.00790623 0.00815475 0.00919816 0.01279768],[5.3671336 5.533428  6.201438  7.720808 ],[2.370355  2.4436455 2.7498636 3.8233244],[8.270228 8.269861 8.269104 8.267209],[0.04113986 0.04217885 0.04325945 0.04472579],[8.280581 8.280627 8.280685 8.280739],[0.0395242  0.04055545 0.04168786 0.04291362]
DDK8,E,2e-07,6,True,False,TDD,vanilla,25,[0.01611632 0.01791774 0.02224403 0.03111558],[0.0076049  0.00832872 0.00987656 0.01426157],[4.8659954 5.4107194 6.715594  9.398807 ],[2.2770343 2.5022697 2.9675872 4.3162103],[8.283525 8.281816 8.277563 8.270227],[0.04438952 0.04807929 0.05272263 0.0584819 ],[8.293882 8.294106 8.294251 8.294382],[0.04388142 0.04748659 0.05115881 0.05493952]
DDK8,E,2e-07,9,True,False,TDD,vanilla,25,[0.01884972 0.02219754 0.0295863  0.04153655],[0.00946873 0.01096016 0.01517421 0.02321403],[ 5.7103863  6.715334   8.937     12.550182 ],[2.8665962 3.3013759 4.561688  7.0996842],[8.281305 8.277747 8.270351 8.259747],[0.06152285 0.06864837 0.07732522 0.08700953],[8.294298 8.295323 8.296029 8.296503],[0.05927263 0.06526424 0.07138937 0.07772422]
DDK8,E,2e-07,12,True,False,TDD,vanilla,25,[0.01909947 0.02585525 0.03989363 0.05601996],[0.00860773 0.0127508  0.03006355 0.05375297],[ 5.754508   7.8033624 12.045851  16.905886 ],[ 2.5504863  3.8643823  9.1493845 16.26373  ],[8.279301  8.27212   8.2584305 8.244978 ],[0.07055704 0.07695828 0.08856905 0.10399497],[8.292669 8.293591 8.29417  8.294293],[0.06883647 0.07497934 0.08134437 0.08748709]
DDK8,E,2e-07,15,True,False,TDD,vanilla,25,[0.02419006 0.0402595  0.05911531 0.13675687],[0.01137485 0.03019837 0.04797883 0.20277798],[ 7.2729363 12.102165  17.813583  41.25056  ],[ 3.4686038  9.173066  14.63463   61.44291  ],[8.262159 8.245518 8.229271 8.173638],[0.0682987  0.07855419 0.09208573 0.17973445],[8.278367 8.277282 8.276983 8.276869],[0.06547173 0.07076035 0.07667465 0.08393777]
DDK8,E,2e-07,18,True,False,TDD,vanilla,25,[0.02408263 0.04543916 0.07371596 0.1631052 ],[0.01169167 0.03193643 0.064854   0.22366807],[ 7.18619  13.48442  21.898615 48.340626],[ 3.4774764  9.343836  19.433222  65.76882  ],[8.255052 8.23309  8.219685 8.145874],[0.08211076 0.10005077 0.10852633 0.29658738],[8.273221 8.273726 8.274927 8.276924],[0.07880081 0.08553309 0.09271665 0.09996614]
DDK8,E,2e-07,21,True,False,TDD,vanilla,25,[0.0269187  0.04922743 0.07636844 0.12468448],[0.01300408 0.03274829 0.05417527 0.10868359],[ 8.076906 14.71201  22.912615 37.508797],[ 3.878249  9.332125 15.973868 33.00662 ],[8.268945 8.24594  8.228301 8.187673],[0.09368923 0.10873628 0.12283751 0.16389753],[8.2915325 8.292838  8.293352  8.293094 ],[0.09075397 0.09886748 0.10661584 0.11423081]
DDK8,E,2e-07,24,True,False,TDD,vanilla,25,[0.03221945 0.0611693  0.08838841 0.15587972],[0.02395378 0.04986477 0.0792694  0.19126862],[ 9.650509 18.354351 26.43956  46.887   ],[ 7.1284366 15.401289  24.267334  59.590218 ],[8.256214 8.224988 8.20643  8.158084],[0.10324511 0.11451416 0.13196957 0.15702438],[8.283634 8.277485 8.2726   8.268844],[0.0970543  0.10391299 0.1116889  0.11914234]
DDK8,E,2e-07,27,True,False,TDD,vanilla,25,[0.03349366 0.06507388 0.0969369  0.15059224],[0.01921719 0.04811331 0.0809784  0.142977  ],[10.028433 19.654408 29.422869 45.448643],[ 5.588909 14.502359 24.903605 42.730415],[8.2554655 8.234557  8.224412  8.184399 ],[0.10068014 0.11485583 0.1186095  0.24385579],[8.285105 8.289517 8.293083 8.295244],[0.09349079 0.10003035 0.1076677  0.11564252]
DDK8,E,2e-07,33,True,False,TDD,vanilla,25,[0.04760366 0.07732917 0.11588421 0.1579996 ],[0.03842659 0.07009139 0.08647058 0.14312115],[14.328226 23.546682 35.60879  48.47756 ],[11.14188  21.21922  26.917755 43.04362 ],[8.248693 8.228301 8.203817 8.162215],[0.12026319 0.14631334 0.14707668 0.30221605],[8.293463 8.300457 8.306935 8.31096 ],[0.1121941  0.1177948  0.12364822 0.1286118 ]
DDK8,E,2e-07,36,True,False,TDD,vanilla,25,[0.04540025 0.07883711 0.1240938  0.19409375],[0.03478045 0.05926311 0.10380746 0.18870573],[13.328526 23.002354 36.141975 56.571266],[ 9.7863865 16.864632  29.081152  53.556858 ],[8.219054 8.187109 8.163857 8.116278],[0.1087052  0.13075548 0.14344296 0.22109558],[8.260142  8.257455  8.2576065 8.260585 ],[0.10467414 0.11562987 0.12960932 0.14268412]
DDK8,E,2e-07,42,True,False,TDD,vanilla,25,[0.05670847 0.09500838 0.1434231  0.22521006],[0.03736838 0.06114694 0.10584715 0.1980512 ],[17.117489 28.44479  43.167553 68.54696 ],[11.536748 18.939835 33.064228 63.426224],[8.229708 8.194528 8.15907  8.054378],[0.10971314 0.13074654 0.14427689 0.41351447],[8.285831 8.281849 8.27859  8.276519],[0.10005278 0.10973753 0.12256967 0.13150124]
DDK8,E,4e-07,3,True,False,TDD,vanilla,25,[0.02075197 0.02122258 0.02328669 0.02843898],[0.00887476 0.00909593 0.00982471 0.01321892],[6.2226624 6.3635793 6.982063  8.530029 ],[2.658758  2.7297332 2.9540088 3.9903457],[8.273207 8.272577 8.271603 8.269611],[0.03148555 0.03299706 0.03462718 0.03656634],[8.288958 8.288684 8.288403 8.288102],[0.02915174 0.03073189 0.03247377 0.03435929]
DDK8,E,4e-07,6,True,False,TDD,vanilla,25,[0.02387237 0.02557159 0.02924699 0.03696125],[0.009546   0.01032084 0.01139138 0.01470449],[ 7.1581883  7.665222   8.764874  11.078051 ],[2.9101655 3.144783  3.4716804 4.4865685],[8.266531 8.264566 8.260739 8.254865],[0.04150278 0.04573084 0.05021644 0.0551292 ],[8.284499 8.284238 8.283938 8.283622],[0.03912413 0.0432141  0.04740655 0.05164111]
DDK8,E,4e-07,9,True,False,TDD,vanilla,25,[0.02690157 0.02942972 0.03523918 0.04477225],[0.01001567 0.01030577 0.01358191 0.02096988],[ 8.057719  8.814246 10.559064 13.43794 ],[3.0504534 3.1652381 4.1939855 6.544225 ],[8.260573 8.256589 8.249728 8.241436],[0.05355395 0.0592144  0.06547428 0.0729197 ],[8.280015 8.279101 8.278396 8.278026],[0.05211917 0.05833429 0.06446901 0.0706116 ]
DDK8,E,4e-07,12,True,False,TDD,vanilla,25,[0.02815707 0.03647799 0.04572956 0.05917718],[0.01241278 0.01924129 0.02415031 0.03394829],[ 8.474937 10.986024 13.805581 17.914246],[ 3.8110871  5.841299   7.3802295 10.580481 ],[8.264728 8.256349 8.247815 8.24004 ],[0.06683963 0.07590914 0.08299615 0.08835386],[8.285689 8.28714  8.288548 8.289801],[0.06437866 0.07084928 0.07688569 0.08259344]
DDK8,E,4e-07,15,True,False,TDD,vanilla,25,[0.02847114 0.03891771 0.05404983 0.09239431],[0.00995586 0.01739097 0.02877799 0.12751395],[ 8.544611 11.678646 16.253565 27.934149],[ 2.9872377  5.1712523  8.56967   38.406536 ],[8.265917  8.256364  8.247358  8.2244425],[0.07757826 0.08876506 0.10201456 0.1482149 ],[8.288774 8.291263 8.293829 8.296032],[0.07523514 0.08273138 0.09050899 0.09828036]
DDK8,E,4e-07,18,True,False,TDD,vanilla,25,[0.03111896 0.04706803 0.07262371 0.15252714],[0.01321627 0.02670984 0.05818311 0.2303518 ],[ 9.300997 14.015677 21.595991 45.353527],[ 4.0490074  7.867744  17.147419  68.60549  ],[8.255313 8.237763 8.222511 8.135311],[0.07151224 0.08376534 0.09597376 0.38416833],[8.27856  8.276338 8.274124 8.272226],[0.06968126 0.07664183 0.08386724 0.09061535]
DDK8,E,4e-07,21,True,False,TDD,vanilla,25,[0.03752236 0.05750849 0.07729364 0.12796934],[0.01644988 0.03352642 0.05849695 0.1488123 ],[11.242921 17.189533 22.893312 37.821373],[ 5.0528197 10.094059  16.808977  42.811115 ],[8.2463455 8.226967  8.21866   8.1816845],[0.09422826 0.11021555 0.12523839 0.20485495],[8.276323 8.276242 8.275361 8.274577],[0.09324113 0.10310401 0.11220799 0.12068646]
DDK8,E,4e-07,24,True,False,TDD,vanilla,25,[0.0411502  0.06183817 0.08716187 0.12606381],[0.02117356 0.04860236 0.0859426  0.11707498],[12.320941 18.687822 26.552525 38.694077],[ 6.2141247 14.830137  26.667585  36.188396 ],[8.253946 8.242592 8.237574 8.215099],[0.10123683 0.11132509 0.11510908 0.13880278],[8.286703 8.293116 8.298703 8.30418 ],[0.09379449 0.09931406 0.10363212 0.10734849]
DDK8,E,4e-07,27,True,False,TDD,vanilla,25,[0.04096407 0.06696147 0.08459149 0.1473045 ],[0.02083379 0.05914266 0.07015207 0.17938066],[12.155715 19.82167  25.329248 44.336704],[ 5.9875727 16.387959  20.182852  53.58965  ],[8.242577 8.226271 8.224469 8.187438],[0.09520093 0.10393505 0.10813909 0.1788608 ],[8.276787 8.280539 8.284522 8.288042],[0.08973086 0.09296609 0.09940286 0.10667291]
DDK8,E,4e-07,33,True,False,TDD,vanilla,25,[0.04993774 0.06942991 0.10117112 0.15484788],[0.02894683 0.04262287 0.06944297 0.15056805],[14.8272705 20.574926  30.114798  46.756874 ],[ 8.463356 12.32899  20.603418 48.399265],[8.232447 8.213772 8.189653 8.156434],[0.1207948  0.12189613 0.13511261 0.15862314],[8.277195 8.275805 8.276591 8.27708 ],[0.10656009 0.10650315 0.10475279 0.10291509]
DDK8,E,4e-07,36,True,False,TDD,vanilla,25,[0.05390596 0.06916051 0.09926471 0.14473443],[0.03486303 0.04078758 0.07620647 0.15277117],[16.22772  20.804539 29.768738 43.13571 ],[10.551526 12.291483 22.659056 45.822937],[8.242235 8.224208 8.199379 8.144849],[0.12444273 0.13594551 0.14451984 0.33065477],[8.287193 8.285667 8.282404 8.278148],[0.11921629 0.12636288 0.12809068 0.12669323]
DDK8,E,4e-07,42,True,False,TDD,vanilla,25,[0.05448908 0.08316585 0.11562454 0.17301531],[0.02845531 0.05399372 0.09205074 0.16764547],[16.324738 24.870144 34.47401  52.086014],[ 8.59696  16.532291 27.064465 51.50151 ],[8.233599 8.206914 8.191422 8.123765],[0.11106271 0.1262354  0.1339802  0.30333954],[8.284267 8.282584 8.279294 8.275064],[0.1008014  0.10741474 0.11493791 0.12366353]
