model,cm,ds,ms,is_gen,is_U2D,scenario,noise_type,noise_degree,nmse_mean,nmse_std,mse_mean,mse_std,se_mean,se_std,se0_mean,se0_std
DDK8,A,3e-08,1,False,False,TDD,phase,10.0,[0.00934106 0.0102541  0.01130119 0.01305135],[0.00177256 0.00232517 0.00317148 0.00528932],[2.6895752 2.9440885 3.2246673 3.6422684],[0.6211703  0.69624346 0.86426985 1.2697616 ],[8.328138 8.326306 8.324252 8.322274],[0.19014582 0.19467108 0.19960079 0.20484886],[8.330993 8.329849 8.328677 8.327478],[0.19007084 0.19461922 0.19951843 0.20474008]
DDK8,A,3e-08,10,False,False,TDD,phase,10.0,[0.03109874 0.06634428 0.11892644 0.19220822],[0.03784003 0.07637542 0.15512505 0.33988085],[ 5.277616  9.796325 17.628334 28.870966],[ 2.1392107  5.3698874 11.77306   21.895424 ],[8.19158  8.173659 8.146885 8.112661],[0.55205005 0.61658925 0.6834401  0.75574565],[8.202797 8.202787 8.20477  8.210616],[0.5486622  0.603959   0.65337497 0.69756156]
DDK8,A,3e-08,30,False,False,TDD,phase,10.0,[0.14445004 0.30314007 0.4983435  0.69534385],[0.20348707 0.3260594  0.44039804 0.5896522 ],[ 16.069164  40.043118  85.91902  134.78212 ],[ 10.825259  36.944576  82.30901  130.00247 ],[7.8647943 7.73529   7.563912  7.2693357],[0.98749614 1.1526328  1.198217   1.4831891 ],[7.9305916 7.937528  7.938669  7.9467754],[0.94080913 0.97129947 1.0151565  1.0446168 ]
DDK8,A,1e-07,1,False,False,TDD,phase,10.0,[0.01684579 0.01743715 0.0184875  0.01979847],[0.00143685 0.00153784 0.00197606 0.00299311],[5.055141  5.281287  5.6057677 5.969323 ],[1.6990422 1.8572409 2.056598  2.264614 ],[8.255396 8.255362 8.255147 8.255109],[0.5153267  0.51568204 0.5162155  0.51701134],[8.262489 8.263346 8.264196 8.265036],[0.5146195  0.5150341  0.5156064  0.51633507]
DDK8,A,1e-07,10,False,False,TDD,phase,10.0,[0.03452116 0.05892207 0.09681237 0.12910661],[0.01363495 0.04169284 0.10627571 0.09340276],[ 7.922038 11.772025 18.26205  27.348215],[ 3.065755  5.632059 10.964101 19.499252],[8.125271  8.111207  8.088751  8.0607605],[0.6269667  0.67562157 0.72823954 0.78357947],[8.144523 8.146372 8.146507 8.145758],[0.6222944 0.6648694 0.7096781 0.7541992]
DDK8,A,1e-07,30,False,False,TDD,phase,10.0,[0.10669678 0.3020463  0.4267597  0.64087754],[0.09580092 0.8446362  0.3883602  0.45552447],[ 18.962923  42.892857  85.90664  133.65205 ],[ 11.450145  38.408775  81.955154 121.61844 ],[8.004785 7.870385 7.581934 7.193082],[1.001368  1.1230156 1.3765639 1.5067464],[8.072836  8.0405245 7.9876432 7.931781 ],[0.9680374 1.0242085 1.0625325 1.0865595]
DDK8,A,3e-07,1,False,False,TDD,phase,10.0,[0.0092418  0.0097476  0.01045344 0.01117719],[0.00316434 0.0031793  0.00326923 0.00353251],[2.573661  2.741063  2.9659846 3.1970484],[1.0354129 1.0559705 1.1070361 1.2099856],[8.205598  8.206045  8.206483  8.2071295],[0.35378042 0.354992   0.35631716 0.35779384],[8.213685 8.214922 8.216152 8.217376],[0.35320455 0.35431996 0.3555505  0.35689354]
DDK8,A,3e-07,10,False,False,TDD,phase,10.0,[0.0222624  0.04060918 0.06850311 0.10507208],[0.00881781 0.02224887 0.04213131 0.07075929],[ 5.3137035  8.975297  15.042092  23.61336  ],[ 2.2428129  4.365137   8.636986  15.794638 ],[8.150852 8.13735  8.117063 8.092433],[0.6222432  0.6754923  0.72927976 0.7803777 ],[8.171758 8.174995 8.178912 8.18387 ],[0.61714435 0.66222095 0.70273554 0.73701555]
DDK8,A,3e-07,30,False,False,TDD,phase,10.0,[0.06688523 0.16236326 0.31210202 0.49197936],[0.05123879 0.13467355 0.24668422 0.35861737],[ 12.747063  33.572227  70.61886  121.908905],[  6.6449094  30.023447   67.309204  113.2769   ],[7.9834566 7.9122267 7.757567  7.4880443],[0.9372235 1.0301603 1.1802822 1.3854321],[8.039328 8.043646 8.03752  8.038265],[0.90889144 0.95316565 1.0154774  1.050955  ]
DDK8,C,3e-08,1,False,False,TDD,phase,10.0,[0.01180733 0.01293538 0.01489297 0.01808549],[0.00243299 0.00303939 0.00481833 0.0078423 ],[2.9717066 3.2361646 3.5872943 4.13382  ],[0.51310104 0.54372555 0.6713134  0.93341786],[8.316119 8.316074 8.315707 8.315156],[0.13162436 0.13402772 0.13689153 0.14004818],[8.320241 8.321053 8.321877 8.322711],[0.1314964  0.13392694 0.13672413 0.13986447]
DDK8,C,3e-08,10,False,False,TDD,phase,10.0,[0.03939595 0.10406759 0.21405865 0.31657702],[0.02689237 0.0963918  0.22487332 0.25306514],[ 6.639693 15.555714 33.74137  60.12874 ],[ 3.0246997 11.265631  28.52816   50.285088 ],[8.196617 8.145106 8.066209 7.951383],[0.43925163 0.49398848 0.578262   0.683555  ],[8.214156 8.200949 8.206897 8.228696],[0.43586653 0.47545165 0.5107417  0.53240734]
DDK8,C,3e-08,30,False,False,TDD,phase,10.0,[0.3125466 0.6598449 0.8071471 0.9034151],[0.33322704 0.5180255  0.49236274 0.43647632],[ 50.815964 128.1622   178.9416   209.59761 ],[ 42.66768 100.933   112.4281  118.10511],[8.021498  7.3793964 6.806373  6.429359 ],[0.7311868 1.264848  1.4925745 1.4868268],[8.26459   8.2423935 8.200481  8.146262 ],[0.59722245 0.63432664 0.6843038  0.7340101 ]
DDK8,C,1e-07,1,False,False,TDD,phase,10.0,[0.0143672  0.01508296 0.01625245 0.01785327],[0.00175027 0.00187685 0.00248822 0.00351865],[4.1409993 4.375685  4.7016683 5.152946 ],[0.6576772  0.74016345 0.9166224  1.1947511 ],[8.275784 8.273838 8.271598 8.269175],[0.20120676 0.20338683 0.20581938 0.20846288],[8.287666  8.286729  8.285783  8.2848215],[0.20094848 0.20314613 0.20554835 0.20814276]
DDK8,C,1e-07,10,False,False,TDD,phase,10.0,[0.03497439 0.07460367 0.14564997 0.24050343],[0.01339471 0.04394957 0.09495515 0.16080137],[ 8.746076 17.899502 36.246555 61.920055],[ 3.7389479 13.378046  33.028603  58.659466 ],[8.197895 8.159608 8.083378 7.962374],[0.40758958 0.4476283  0.48681447 0.54346526],[8.228059 8.225114 8.221141 8.218307],[0.4063242  0.44373652 0.4743657  0.49637356]
DDK8,C,1e-07,30,False,False,TDD,phase,10.0,[0.18710452 0.42501876 0.61649954 0.7423595 ],[0.14603059 0.26957458 0.28984368 0.2608435 ],[ 39.723614 102.60756  156.24977  201.40863 ],[ 32.046818  83.279396 111.72921  131.5089  ],[8.025227  7.623681  7.2025733 6.7220497],[0.6246965 0.7801574 1.0021701 1.3096946],[8.210542 8.202722 8.19268  8.180748],[0.5592177  0.55600965 0.5821842  0.64674735]
DDK8,C,3e-07,1,False,False,TDD,phase,10.0,[0.01368366 0.01446518 0.01551563 0.01676076],[0.00172466 0.00187775 0.00219344 0.0029297 ],[4.081259  4.3302526 4.644496  5.0193877],[0.60581195 0.6550062  0.7294389  0.8960828 ],[8.300047 8.298692 8.297347 8.296115],[0.12799925 0.1292804  0.13087097 0.13276686],[8.30922  8.309395 8.309544 8.309666],[0.12782563 0.12907478 0.13059264 0.132371  ]
DDK8,C,3e-07,10,False,False,TDD,phase,10.0,[0.03115458 0.05835614 0.10579882 0.1693097 ],[0.00977321 0.03123997 0.06657031 0.10452066],[ 8.588943 15.692531 28.365738 46.12659 ],[ 2.5741527  7.7496386 17.343212  29.874819 ],[8.221421 8.182644 8.120976 8.03487 ],[0.34076354 0.3797976  0.42578235 0.48140323],[8.250104 8.243475 8.238306 8.233626],[0.33855358 0.37196392 0.40309045 0.43264046]
DDK8,C,3e-07,30,False,False,TDD,phase,10.0,[0.13788262 0.3361002  0.49045566 0.61416537],[0.10502985 0.23752555 0.25926015 0.25295413],[ 34.028294  87.835236 136.92729  182.79668 ],[24.056694 61.817856 77.03432  98.09612 ],[8.090396  7.737425  7.4296017 7.1285224],[0.58659786 0.9491177  1.1381925  1.2398329 ],[8.243394  8.2595005 8.280929  8.2970915],[0.5275148  0.56576973 0.5995795  0.6289665 ]
DDK8,D,3e-08,1,False,False,TDD,phase,10.0,[0.00506909 0.00538954 0.00601824 0.00648375],[0.00072774 0.00083766 0.00097939 0.00151203],[1.5229945 1.6242642 1.8110827 1.9706668],[0.32167494 0.3674966  0.40022647 0.5860637 ],[8.311625 8.31095  8.3102   8.309582],[0.1690086  0.16932485 0.16966833 0.17010841],[8.314398 8.314319 8.314234 8.314145],[0.1689577  0.1692839  0.16965668 0.17007592]
DDK8,D,3e-08,10,False,False,TDD,phase,10.0,[0.00911067 0.01204911 0.01793545 0.02616517],[0.00261658 0.00495066 0.00937731 0.01590902],[2.7515836 3.6366205 5.4349103 7.9679813],[0.97232103 1.6921841  3.2058668  5.2926106 ],[8.309541 8.306036 8.301477 8.296479],[0.22082554 0.2303012  0.23947732 0.24956751],[8.316226 8.317209 8.319232 8.322231],[0.22064124 0.22971565 0.23861213 0.24789669]
DDK8,D,3e-08,30,False,False,TDD,phase,10.0,[0.02251261 0.05215074 0.09169634 0.13704063],[0.01498028 0.04669104 0.07862078 0.10744765],[ 6.409603 14.852151 26.326826 39.4841  ],[ 4.086721 13.603994 23.453302 33.258957],[8.258934 8.218326 8.172496 8.126418],[0.32003433 0.34485027 0.3746784  0.4209242 ],[8.279626 8.265633 8.254636 8.245803],[0.3149234  0.33140603 0.3475315  0.37491977]
DDK8,D,1e-07,1,False,False,TDD,phase,10.0,[0.00513931 0.00544579 0.0060881  0.00641443],[0.00082807 0.00086349 0.00101126 0.00146648],[1.5350069 1.6304724 1.8257167 1.930067 ],[0.26256648 0.27588308 0.32834968 0.4712185 ],[8.304978  8.304573  8.3040495 8.303698 ],[0.0458843  0.04705022 0.04830558 0.04968996],[8.30858  8.308749 8.308917 8.309082],[0.04570846 0.04691132 0.04821616 0.04961289]
DDK8,D,1e-07,10,False,False,TDD,phase,10.0,[0.00916224 0.01215627 0.01705416 0.02364894],[0.00234557 0.00412492 0.00713192 0.01114428],[2.714473  3.6017215 5.039003  7.008994 ],[0.70095503 1.2125936  2.0531034  3.2229352 ],[8.294042 8.290315 8.285287 8.279904],[0.14456226 0.16347139 0.18226993 0.20048434],[8.302197 8.302738 8.303449 8.304353],[0.14413556 0.16243479 0.18018848 0.19722274]
DDK8,D,1e-07,30,False,False,TDD,phase,10.0,[0.0199589  0.04353961 0.07917082 0.11739585],[0.0096248  0.02799803 0.05468255 0.08511547],[ 5.8629375 12.895242  23.494911  34.639313 ],[ 2.6958246  8.571734  16.50854   23.298641 ],[8.287836 8.270769 8.245515 8.219389],[0.2918712  0.32415748 0.35931137 0.39965418],[8.307436 8.310596 8.312113 8.31137 ],[0.28931206 0.31602684 0.33770058 0.35521185]
DDK8,D,3e-07,1,False,False,TDD,phase,10.0,[0.00736051 0.007647   0.00824949 0.00870705],[0.00189744 0.0019354  0.0021187  0.00247554],[2.1828368 2.2724023 2.4532228 2.59444  ],[0.5611413  0.5738488  0.62920576 0.7388053 ],[8.298553 8.297969 8.297342 8.296786],[0.02186758 0.02340984 0.02507698 0.02684023],[8.304571 8.304598 8.304624 8.304644],[0.02125929 0.02278931 0.02444145 0.02619203]
DDK8,D,3e-07,10,False,False,TDD,phase,10.0,[0.01363752 0.01642246 0.02099054 0.02693776],[0.00404986 0.00543124 0.00747759 0.01037916],[4.0188766 4.8416257 6.2043023 7.9825916],[1.17356   1.6027408 2.186573  3.0169492],[8.2792635 8.274768  8.269528  8.264713 ],[0.13648221 0.15571776 0.17521667 0.19497263],[8.291802 8.291453 8.291422 8.291797],[0.13622427 0.15536554 0.17447104 0.193445  ]
DDK8,D,3e-07,30,False,False,TDD,phase,10.0,[0.02386279 0.03934621 0.06394252 0.09407844],[0.01748713 0.02025634 0.03531833 0.05461636],[ 6.9314823 11.58796   18.980127  28.418325 ],[ 4.0253186  5.868946  11.022661  18.5326   ],[8.291866  8.271793  8.2472105 8.219589 ],[0.26167533 0.2925706  0.3275351  0.35901874],[8.314291 8.305841 8.296564 8.287483],[0.25759736 0.28634158 0.31637365 0.34177953]
DDK8,A,3e-08,1,False,False,TDD,phase,15.0,[0.00426382 0.0047753  0.00580088 0.00732392],[0.00125819 0.00180458 0.00253595 0.00429392],[1.1855088 1.2894621 1.5305307 1.859873 ],[0.33247885 0.37496865 0.47876054 0.6982777 ],[8.329679  8.3281355 8.326471  8.324688 ],[0.19011396 0.19468601 0.19961464 0.20490499],[8.330993 8.329849 8.328677 8.327478],[0.19007084 0.19461922 0.19951843 0.20474008]
DDK8,A,3e-08,10,False,False,TDD,phase,15.0,[0.02284342 0.05753537 0.10853629 0.18230985],[0.0354837  0.07903827 0.15812854 0.35333788],[ 3.0881133  7.0332546 14.238219  25.007502 ],[ 1.3970006  4.2993045 10.478949  20.56653  ],[8.194337 8.177996 8.153491 8.121927],[0.55204487 0.61611915 0.6826387  0.7531641 ],[8.202797 8.202787 8.20477  8.210616],[0.5486622  0.603959   0.65337497 0.69756156]
DDK8,A,3e-08,30,False,False,TDD,phase,15.0,[0.13433956 0.30060458 0.49482742 0.6859697 ],[0.19613837 0.35350776 0.46073335 0.58807796],[ 13.409063  36.778584  82.304016 131.68208 ],[  9.332363  35.93593   81.43416  129.94168 ],[7.8682485 7.741423  7.5791764 7.289239 ],[0.98800164 1.1526176  1.1869956  1.4618782 ],[7.9305916 7.937528  7.938669  7.9467754],[0.94080913 0.97129947 1.0151565  1.0446168 ]
DDK8,A,1e-07,1,False,False,TDD,phase,15.0,[0.01156736 0.01184752 0.01258997 0.01379093],[0.00086148 0.00090469 0.00118072 0.00201029],[3.4511435 3.5377815 3.7428515 4.0473223],[1.1456895 1.2114716 1.3207887 1.4751854],[8.257949 8.258359 8.258552 8.258707],[0.51538306 0.5157591  0.5162931  0.5170825 ],[8.262489 8.263346 8.264196 8.265036],[0.5146195  0.5150341  0.5156064  0.51633507]
DDK8,A,1e-07,10,False,False,TDD,phase,15.0,[0.02508234 0.04742246 0.08264156 0.11482207],[0.01128007 0.03748631 0.09733675 0.0932335 ],[ 5.451246  8.708107 14.331364 22.625595],[ 1.9881222  4.219096   9.027622  17.0703   ],[8.131141 8.118533 8.097666 8.071083],[0.62640965 0.6747439  0.72720164 0.78275645],[8.144523 8.146372 8.146507 8.145758],[0.6222944 0.6648694 0.7096781 0.7541992]
DDK8,A,1e-07,30,False,False,TDD,phase,15.0,[0.09523964 0.29004973 0.41273773 0.6322407 ],[0.09851326 0.8741331  0.40600833 0.47316322],[ 15.236049  37.757523  80.08192  128.67406 ],[  9.617428  36.01847   79.44895  120.04135 ],[8.015282  7.885878  7.605354  7.2225165],[1.0003877 1.1189387 1.3700231 1.4890176],[8.072836  8.0405245 7.9876432 7.931781 ],[0.9680374 1.0242085 1.0625325 1.0865595]
DDK8,A,3e-07,1,False,False,TDD,phase,15.0,[0.00595737 0.00621039 0.00661759 0.00714292],[0.00311736 0.00310649 0.00312106 0.00322447],[1.6147236 1.6914783 1.8067476 1.9495063],[0.9406084  0.9405124  0.95184743 0.9824846 ],[8.207818 8.208663 8.209433 8.210233],[0.3536379  0.35482043 0.3560838  0.35749817],[8.213685 8.214922 8.216152 8.217376],[0.35320455 0.35431996 0.3555505  0.35689354]
DDK8,A,3e-07,10,False,False,TDD,phase,15.0,[0.01518432 0.03076606 0.05543996 0.08851103],[0.00701965 0.01868572 0.03712024 0.06464203],[ 3.4250398  6.3661733 11.403164  18.809723 ],[ 1.6446091  3.359132   7.0984845 13.622579 ],[8.156652 8.144988 8.126284 8.103756],[0.62106425 0.6733532  0.72622025 0.7766189 ],[8.171758 8.174995 8.178912 8.18387 ],[0.61714435 0.66222095 0.70273554 0.73701555]
DDK8,A,3e-07,30,False,False,TDD,phase,15.0,[0.05675227 0.14465186 0.29023322 0.4736376 ],[0.04883327 0.13092531 0.24330392 0.36013296],[  9.850432  28.488934  63.928497 115.403786],[  5.520173  27.748068  64.3888   110.97136 ],[7.99222   7.9273024 7.780311  7.5175085],[0.9355885 1.0234959 1.1688787 1.372257 ],[8.039328 8.043646 8.03752  8.038265],[0.90889144 0.95316565 1.0154774  1.050955  ]
DDK8,C,3e-08,1,False,False,TDD,phase,15.0,[0.00643034 0.00715849 0.00882402 0.01167001],[0.00189668 0.00241857 0.00383833 0.00652977],[1.42899   1.5667604 1.8468007 2.3026493],[0.31223848 0.32522675 0.38774106 0.5703401 ],[8.317909 8.318166 8.318258 8.317949],[0.13162398 0.13403185 0.13686882 0.14013591],[8.320241 8.321053 8.321877 8.322711],[0.1314964  0.13392694 0.13672413 0.13986447]
DDK8,C,3e-08,10,False,False,TDD,phase,15.0,[0.02916663 0.09346311 0.19995198 0.30465162],[0.02600056 0.10275748 0.2268929  0.25454155],[ 4.232696 12.424064 29.748201 55.86427 ],[ 2.4028094 10.535299  27.461954  49.623318 ],[8.2005625 8.1512985 8.076788  7.9672804],[0.43850607 0.49204656 0.5727697  0.6724831 ],[8.214156 8.200949 8.206897 8.228696],[0.43586653 0.47545165 0.5107417  0.53240734]
DDK8,C,3e-08,30,False,False,TDD,phase,15.0,[0.31210768 0.6636222  0.8142938  0.9082696 ],[0.35793135 0.54275364 0.53330714 0.4662292 ],[ 47.27385 124.78246 175.76729 206.98912],[ 42.860165 101.576645 112.084595 117.57787 ],[8.028311  7.3899937 6.8268147 6.4565973],[0.7300505 1.265885  1.4917474 1.4810257],[8.26459   8.2423935 8.200481  8.146262 ],[0.59722245 0.63432664 0.6843038  0.7340101 ]
DDK8,C,1e-07,1,False,False,TDD,phase,15.0,[0.00964047 0.01002185 0.01084595 0.01216574],[0.00166291 0.00178584 0.00207899 0.00275867],[2.7086387 2.8213172 3.03366   3.3862276],[0.47585613 0.5218126  0.6100978  0.79951096],[8.278445 8.276948 8.275189 8.273082],[0.20119083 0.203375   0.20576291 0.20836999],[8.287666  8.286729  8.285783  8.2848215],[0.20094848 0.20314613 0.20554835 0.20814276]
DDK8,C,1e-07,10,False,False,TDD,phase,15.0,[0.02529149 0.06098803 0.12840995 0.2206828 ],[0.01172976 0.04119612 0.09356935 0.16010176],[ 6.0734344 14.107649  31.10492   56.06276  ],[ 2.890476  12.1395035 31.727016  57.920822 ],[8.205462  8.170566  8.099227  7.9841356],[0.4075518  0.44676968 0.48425376 0.53749377],[8.228059 8.225114 8.221141 8.218307],[0.4063242  0.44373652 0.4743657  0.49637356]
DDK8,C,1e-07,30,False,False,TDD,phase,15.0,[0.17616472 0.41474152 0.60885954 0.7374533 ],[0.14755377 0.2775364  0.3020682  0.27310345],[ 36.155277  98.74627  152.5602   198.31676 ],[ 31.775    83.69801 112.58517 131.96567],[8.036816  7.6416235 7.227818  6.7633834],[0.6236457 0.7770322 1.0009209 1.2898245],[8.210542 8.202722 8.19268  8.180748],[0.5592177  0.55600965 0.5821842  0.64674735]
DDK8,C,3e-07,1,False,False,TDD,phase,15.0,[0.01007381 0.01052768 0.0111961  0.01206495],[0.00145402 0.00146359 0.0015739  0.00189371],[3.0200071 3.1587582 3.35168   3.5938232],[0.5029179  0.5100677  0.53423923 0.5942335 ],[8.3033   8.302632 8.30182  8.300914],[0.1279766  0.12925258 0.13079934 0.13263893],[8.30922  8.309395 8.309544 8.309666],[0.12782563 0.12907478 0.13059264 0.132371  ]
DDK8,C,3e-07,10,False,False,TDD,phase,15.0,[0.02156552 0.04316831 0.08469252 0.14465474],[0.00794754 0.02718044 0.06141558 0.10167972],[ 5.862479 11.374896 22.364948 38.96272 ],[ 1.9069209  6.54073   15.849795  28.616001 ],[8.231846 8.199518 8.145599 8.067044],[0.3403516  0.3784918  0.42237896 0.47618142],[8.250104 8.243475 8.238306 8.233626],[0.33855358 0.37196392 0.40309045 0.43264046]
DDK8,C,3e-07,30,False,False,TDD,phase,15.0,[0.12631881 0.3213343  0.47644052 0.60094786],[0.10529803 0.24077022 0.26631385 0.25993556],[ 30.508905  83.007965 131.76776  178.15692 ],[23.807165 62.063236 77.70552  98.73837 ],[8.104749  7.7629223 7.461717  7.1681776],[0.5846873 0.9384723 1.1284091 1.2320099],[8.243394  8.2595005 8.280929  8.2970915],[0.5275148  0.56576973 0.5995795  0.6289665 ]
DDK8,D,3e-08,1,False,False,TDD,phase,15.0,[0.00155776 0.00171722 0.00211237 0.00248055],[0.00053814 0.00062039 0.00070243 0.00084479],[0.4587436  0.50710684 0.62313884 0.74263525],[0.16374607 0.18494353 0.20498446 0.268418  ],[8.31294  8.312606 8.312179 8.311766],[0.16902778 0.16933994 0.16973427 0.17015861],[8.314398 8.314319 8.314234 8.314145],[0.1689577  0.1692839  0.16965668 0.17007592]
DDK8,D,3e-08,10,False,False,TDD,phase,15.0,[0.00407028 0.00711442 0.01238634 0.01963144],[0.00177939 0.00423988 0.00841086 0.01466052],[1.2118351 2.1036694 3.6751359 5.885165 ],[0.58707213 1.3144586  2.6537664  4.6066566 ],[8.311974 8.309354 8.305746 8.301486],[0.22082047 0.23047791 0.23989107 0.24989773],[8.316226 8.317209 8.319232 8.322231],[0.22064124 0.22971565 0.23861213 0.24789669]
DDK8,D,3e-08,30,False,False,TDD,phase,15.0,[0.01746656 0.04633768 0.08479313 0.12929656],[0.01399736 0.04659363 0.07956176 0.10813086],[ 4.9351945 13.085766  24.167637  37.131466 ],[ 3.7831903 13.308029  23.245594  33.04944  ],[8.261654 8.222007 8.177111 8.131774],[0.31983748 0.34435642 0.37391979 0.41886628],[8.279626 8.265633 8.254636 8.245803],[0.3149234  0.33140603 0.3475315  0.37491977]
DDK8,D,1e-07,1,False,False,TDD,phase,15.0,[0.00186795 0.00202827 0.00241288 0.00277858],[0.00062811 0.00065812 0.00071026 0.00083924],[0.5554279  0.6049608  0.7209073  0.83249766],[0.18687567 0.19761069 0.21591857 0.2552336 ],[8.306517 8.306448 8.306241 8.306094],[0.04589801 0.04707111 0.04835074 0.04975591],[8.30858  8.308749 8.308917 8.309082],[0.04570846 0.04691132 0.04821616 0.04961289]
DDK8,D,1e-07,10,False,False,TDD,phase,15.0,[0.00441797 0.00737432 0.01153838 0.01706165],[0.0014024  0.0031341  0.00576669 0.00948157],[1.3081961 2.1766317 3.3882673 5.0266047],[0.41392618 0.9109839  1.6484306  2.7384825 ],[8.2971115 8.2943    8.2903185 8.285643 ],[0.14452875 0.16335237 0.18205684 0.20021227],[8.302197 8.302738 8.303449 8.304353],[0.14413556 0.16243479 0.18018848 0.19722274]
DDK8,D,1e-07,30,False,False,TDD,phase,15.0,[0.01494683 0.03697501 0.07074898 0.10880215],[0.00860531 0.0266899  0.05275402 0.08365768],[ 4.413065 10.965167 21.034723 32.077274],[ 2.5701268  8.315095  16.260008  23.303782 ],[8.291236 8.274777 8.251063 8.22538 ],[0.29148605 0.32338464 0.35668927 0.3955122 ],[8.307436 8.310596 8.312113 8.31137 ],[0.28931206 0.31602684 0.33770058 0.35521185]
DDK8,D,3e-07,1,False,False,TDD,phase,15.0,[0.00363979 0.00376734 0.0041778  0.0046647 ],[0.00163528 0.00166985 0.00177096 0.00191236],[1.0761174 1.115825  1.2386627 1.3854374],[0.48091078 0.49138013 0.52142674 0.5631834 ],[8.300396 8.300183 8.29983  8.299456],[0.02180124 0.02331497 0.02499795 0.02677896],[8.304571 8.304598 8.304624 8.304644],[0.02125929 0.02278931 0.02444145 0.02619203]
DDK8,D,3e-07,10,False,False,TDD,phase,15.0,[0.00752973 0.0105608  0.01467819 0.0193743 ],[0.00292871 0.0042402  0.00608678 0.00925502],[2.2146604 3.1114511 4.328675  5.733034 ],[0.8413682 1.2306271 1.7462656 2.6731205],[8.283465 8.279777 8.275576 8.271459],[0.1364392  0.15561071 0.1750505  0.1945059 ],[8.291802 8.291453 8.291422 8.291797],[0.13622427 0.15536554 0.17447104 0.193445  ]
DDK8,D,3e-07,30,False,False,TDD,phase,15.0,[0.01765769 0.03238308 0.05556725 0.08568342],[0.01515147 0.01860252 0.03325848 0.0534761 ],[ 5.1353126  9.51151   16.434359  25.855152 ],[ 3.5840454  5.3483396 10.119213  17.775509 ],[8.296414 8.276136 8.252466 8.224624],[0.26089564 0.29211825 0.32717568 0.35846508],[8.314291 8.305841 8.296564 8.287483],[0.25759736 0.28634158 0.31637365 0.34177953]
DDK8,A,3e-08,1,False,False,TDD,phase,20.0,[0.00310352 0.00357248 0.00439344 0.00577965],[0.00116107 0.00165803 0.00234728 0.00399132],[0.82268465 0.90802366 1.0755181  1.3679718 ],[0.24547657 0.29301864 0.3628886  0.5666171 ],[8.33025  8.328805 8.327302 8.325603],[0.19010733 0.19466062 0.1995997  0.20486353],[8.330993 8.329849 8.328677 8.327478],[0.19007084 0.19461922 0.19951843 0.20474008]
DDK8,A,3e-08,10,False,False,TDD,phase,20.0,[0.02060517 0.05418445 0.10480975 0.17691822],[0.03696051 0.07694872 0.16157801 0.34809467],[ 2.4918282  6.2035193 13.058163  23.419592 ],[ 1.1868949  3.9301336  9.982176  19.863342 ],[8.195484  8.1794615 8.155205  8.124362 ],[0.55166024 0.6156278  0.6819983  0.7521796 ],[8.202797 8.202787 8.20477  8.210616],[0.5486622  0.603959   0.65337497 0.69756156]
DDK8,A,3e-08,30,False,False,TDD,phase,20.0,[0.13068324 0.29851183 0.4918348  0.69029695],[0.19404499 0.3597995  0.46768123 0.62800765],[ 12.409464  35.394886  80.69937  130.16449 ],[  8.803079  35.327126  80.90576  129.70691 ],[7.870599  7.7455177 7.5828557 7.2934246],[0.98734   1.1490246 1.1892023 1.463168 ],[7.9305916 7.937528  7.938669  7.9467754],[0.94080913 0.97129947 1.0151565  1.0446168 ]
DDK8,A,1e-07,1,False,False,TDD,phase,20.0,[0.01046661 0.01066585 0.01116925 0.01213455],[0.00078015 0.00080673 0.00099728 0.00170267],[3.1056325 3.1574087 3.2773566 3.5075161],[1.0336206 1.0777454 1.1379657 1.2587607],[8.258958 8.259553 8.25997  8.260184],[0.5153731  0.5157836  0.51635003 0.51716644],[8.262489 8.263346 8.264196 8.265036],[0.5146195  0.5150341  0.5156064  0.51633507]
DDK8,A,1e-07,10,False,False,TDD,phase,20.0,[0.02205402 0.04346535 0.07850233 0.1096281 ],[0.01059783 0.03703973 0.10520968 0.09526767],[ 4.6568284  7.635023  12.9132595 20.907677 ],[ 1.6196471  3.7282727  8.342335  16.230108 ],[8.133726 8.121779 8.101481 8.075562],[0.626408   0.67479396 0.7271999  0.78236884],[8.144523 8.146372 8.146507 8.145758],[0.6222944 0.6648694 0.7096781 0.7541992]
DDK8,A,1e-07,30,False,False,TDD,phase,20.0,[0.09047697 0.2854721  0.40532944 0.63286966],[0.09664121 0.90042454 0.40734446 0.49409857],[ 13.962292  35.75288   77.76584  126.65399 ],[  9.101072  35.35137   78.67326  119.42029 ],[8.019636  7.893239  7.6176667 7.238094 ],[0.9993667 1.1166539 1.3607385 1.4830356],[8.072836  8.0405245 7.9876432 7.931781 ],[0.9680374 1.0242085 1.0625325 1.0865595]
DDK8,A,3e-07,1,False,False,TDD,phase,20.0,[0.00524781 0.00541192 0.0056773  0.00612833],[0.00303044 0.00299903 0.00297283 0.00304571],[1.4172915 1.4629308 1.5325464 1.644117 ],[0.90257514 0.89242715 0.8903433  0.9113794 ],[8.208697  8.2097435 8.210692  8.211579 ],[0.35364938 0.3548363  0.35609156 0.3574954 ],[8.213685 8.214922 8.216152 8.217376],[0.35320455 0.35431996 0.3555505  0.35689354]
DDK8,A,3e-07,10,False,False,TDD,phase,20.0,[0.01274665 0.0271163  0.05093931 0.08312324],[0.00626784 0.01720293 0.03554338 0.06278317],[ 2.8359845  5.5083385 10.265699  17.375368 ],[ 1.4748639  3.0772324  6.714305  13.16352  ],[8.159369 8.148581 8.130245 8.108382],[0.62047607 0.6723865  0.7251621  0.775273  ],[8.171758 8.174995 8.178912 8.18387 ],[0.61714435 0.66222095 0.70273554 0.73701555]
DDK8,A,3e-07,30,False,False,TDD,phase,20.0,[0.0537203  0.13842978 0.28229907 0.4671038 ],[0.04792168 0.13081701 0.24475701 0.36631334],[  9.024719  26.712576  61.471603 112.87741 ],[  5.21253   27.02541   63.657864 110.6079  ],[7.995645  7.9334855 7.790044  7.5296803],[0.93469995 1.0211337  1.1643783  1.368745  ],[8.039328 8.043646 8.03752  8.038265],[0.90889144 0.95316565 1.0154774  1.050955  ]
DDK8,C,3e-08,1,False,False,TDD,phase,20.0,[0.00518525 0.00580244 0.00715967 0.00967791],[0.00172597 0.00211629 0.00340452 0.00572717],[1.0484794 1.1517692 1.3515238 1.7401122],[0.2598954  0.26864064 0.3102983  0.4497298 ],[8.318574  8.3189535 8.319215  8.31901  ],[0.1316246  0.13402358 0.13687405 0.14015658],[8.320241 8.321053 8.321877 8.322711],[0.1314964  0.13392694 0.13672413 0.13986447]
DDK8,C,3e-08,10,False,False,TDD,phase,20.0,[0.02557099 0.08814397 0.19385114 0.30052426],[0.02378215 0.09981951 0.22403507 0.2571618 ],[ 3.4787414 11.252585  28.137201  54.04896  ],[ 2.1422224 10.132692  26.92652   49.16443  ],[8.202346  8.154436  8.081412  7.9732223],[0.43839672 0.49159172 0.5715171  0.67008823],[8.214156 8.200949 8.206897 8.228696],[0.43586653 0.47545165 0.5107417  0.53240734]
DDK8,C,3e-08,30,False,False,TDD,phase,20.0,[0.3100977 0.6660982 0.8192522 0.9080341],[0.3623892  0.558066   0.55239743 0.46803594],[ 46.1168  123.48311 174.75664 206.0219 ],[ 43.18999  102.12383  112.432755 117.329895],[8.030552  7.3961706 6.830789  6.4633574],[0.730323  1.2601877 1.4912417 1.4773307],[8.26459   8.2423935 8.200481  8.146262 ],[0.59722245 0.63432664 0.6843038  0.7340101 ]
DDK8,C,1e-07,1,False,False,TDD,phase,20.0,[0.00863315 0.00892384 0.00950598 0.01053238],[0.0016462  0.00172184 0.00190288 0.00239345],[2.3917894 2.4685314 2.6079612 2.8747027],[0.4327939  0.4564025  0.50171405 0.64443225],[8.279379 8.278058 8.276575 8.274669],[0.20127639 0.2034791  0.20587881 0.2084515 ],[8.287666  8.286729  8.285783  8.2848215],[0.20094848 0.20314613 0.20554835 0.20814276]
DDK8,C,1e-07,10,False,False,TDD,phase,20.0,[0.02211287 0.05585442 0.12173074 0.21370324],[0.01133282 0.04007907 0.0928897  0.1606605 ],[ 5.1857424 12.69169   29.147089  53.85731  ],[ 2.5580254 11.572088  31.052174  57.5591   ],[8.208753  8.175643  8.106099  7.9935136],[0.40738186 0.44642815 0.4840757  0.53610885],[8.228059 8.225114 8.221141 8.218307],[0.4063242  0.44373652 0.4743657  0.49637356]
DDK8,C,1e-07,30,False,False,TDD,phase,20.0,[0.17268944 0.4124297  0.60688215 0.7360834 ],[0.14862977 0.28249794 0.30740523 0.27753246],[ 34.988155  97.48699  151.13126  197.26828 ],[ 31.66174   83.89911  112.942444 132.37288 ],[8.040812  7.6478314 7.2363877 6.7676826],[0.623371   0.77495146 1.0011499  1.2859318 ],[8.210542 8.202722 8.19268  8.180748],[0.5592177  0.55600965 0.5821842  0.64674735]
DDK8,C,3e-07,1,False,False,TDD,phase,20.0,[0.00906952 0.00930994 0.00973071 0.01036471],[0.00144384 0.00141859 0.00144559 0.00159701],[2.7193048 2.791467  2.910095  3.078803 ],[0.49308398 0.49054164 0.4948761  0.51547855],[8.30463  8.304329 8.30388  8.303232],[0.12795909 0.12921652 0.13074182 0.13255098],[8.30922  8.309395 8.309544 8.309666],[0.12782563 0.12907478 0.13059264 0.132371  ]
DDK8,C,3e-07,10,False,False,TDD,phase,20.0,[0.01813004 0.03699178 0.0757442  0.13399576],[0.00698245 0.02491837 0.0590741  0.10052656],[ 4.913822  9.681395 19.888247 35.949276],[ 1.6506495  5.985432  15.203917  28.199574 ],[8.236154 8.207115 8.156924 8.082361],[0.34009263 0.37772208 0.42118952 0.47482944],[8.250104 8.243475 8.238306 8.233626],[0.33855358 0.37196392 0.40309045 0.43264046]
DDK8,C,3e-07,30,False,False,TDD,phase,20.0,[0.12286358 0.31607348 0.47098354 0.595557  ],[0.10597198 0.24280484 0.26921114 0.2630861 ],[ 29.417078  81.29533  129.87314  176.38673 ],[23.84432  62.214092 78.030205 99.184395],[8.109467 7.771715 7.474056 7.186   ],[0.58435667 0.9365705  1.1261475  1.2309415 ],[8.243394  8.2595005 8.280929  8.2970915],[0.5275148  0.56576973 0.5995795  0.6289665 ]
DDK8,D,3e-08,1,False,False,TDD,phase,20.0,[0.00097637 0.00114905 0.00131832 0.00162976],[0.00050391 0.00060536 0.00067287 0.00070947],[0.28076518 0.33181518 0.38011792 0.477364  ],[0.13056448 0.15681344 0.17154136 0.19558722],[8.313442 8.313216 8.312939 8.312601],[0.16903538 0.1693518  0.16974504 0.17016335],[8.314398 8.314319 8.314234 8.314145],[0.1689577  0.1692839  0.16965668 0.17007592]
DDK8,D,3e-08,10,False,False,TDD,phase,20.0,[0.00301609 0.00595788 0.0108265  0.01766694],[0.00146867 0.0038746  0.00794145 0.01413016],[0.8894331 1.7486141 3.1923466 5.2830644],[0.45602527 1.1575632  2.4571185  4.412619  ],[8.313076 8.31079  8.307466 8.303339],[0.22080211 0.2304298  0.23974589 0.24955502],[8.316226 8.317209 8.319232 8.322231],[0.22064124 0.22971565 0.23861213 0.24789669]
DDK8,D,3e-08,30,False,False,TDD,phase,20.0,[0.01635174 0.0446028  0.08274849 0.12683225],[0.01388573 0.04640187 0.08030506 0.10862261],[ 4.586647 12.522843 23.450377 36.238476],[ 3.6734033 13.047788  23.096008  32.71144  ],[8.262922 8.223554 8.178957 8.133264],[0.32011652 0.34434548 0.37421954 0.4196481 ],[8.279626 8.265633 8.254636 8.245803],[0.3149234  0.33140603 0.3475315  0.37491977]
DDK8,D,1e-07,1,False,False,TDD,phase,20.0,[0.00128681 0.00146227 0.00161592 0.00192941],[0.00055751 0.00058214 0.00061598 0.00068615],[0.38295513 0.4361576  0.4815645  0.576339  ],[0.16340862 0.17125411 0.18144202 0.20300591],[8.307111 8.307155 8.307106 8.307039],[0.04591061 0.04710007 0.04839969 0.04981052],[8.30858  8.308749 8.308917 8.309082],[0.04570846 0.04691132 0.04821616 0.04961289]
DDK8,D,1e-07,10,False,False,TDD,phase,20.0,[0.00324242 0.0060184  0.00974614 0.01486376],[0.00109793 0.0026795  0.00528272 0.00907474],[0.9629192 1.773441  2.8523579 4.353238 ],[0.3253094  0.76786697 1.5067073  2.5993068 ],[8.298692 8.296303 8.292619 8.288094],[0.14440662 0.16325405 0.18197636 0.20016396],[8.302197 8.302738 8.303449 8.304353],[0.14413556 0.16243479 0.18018848 0.19722274]
DDK8,D,1e-07,30,False,False,TDD,phase,20.0,[0.01347198 0.03486817 0.0680335  0.10591482],[0.00836772 0.02618231 0.05178014 0.08308551],[ 3.982323 10.337123 20.228594 31.165672],[ 2.514716  8.124838 16.022707 23.043869],[8.293084 8.276677 8.253519 8.227821],[0.29137346 0.32309502 0.35529473 0.3941945 ],[8.307436 8.310596 8.312113 8.31137 ],[0.28931206 0.31602684 0.33770058 0.35521185]
DDK8,D,3e-07,1,False,False,TDD,phase,20.0,[0.00285389 0.00301825 0.00320945 0.00361262],[0.00150145 0.00154424 0.0016038  0.00169292],[0.84334046 0.8935117  0.95030767 1.0714141 ],[0.4416787  0.45438343 0.4722814  0.49896315],[8.301106 8.30098  8.300798 8.300497],[0.02176273 0.02326605 0.02493252 0.02668619],[8.304571 8.304598 8.304624 8.304644],[0.02125929 0.02278931 0.02444145 0.02619203]
DDK8,D,3e-07,10,False,False,TDD,phase,20.0,[0.00570825 0.00850745 0.0122718  0.01645859],[0.00236036 0.00344735 0.00529916 0.00875408],[1.6809117 2.5057456 3.6120286 4.855574 ],[0.6872812 0.9952026 1.4962431 2.4808764],[8.285608 8.282471 8.278795 8.274802],[0.1363755  0.15553941 0.17491165 0.19442922],[8.291802 8.291453 8.291422 8.291797],[0.13622427 0.15536554 0.17447104 0.193445  ]
DDK8,D,3e-07,30,False,False,TDD,phase,20.0,[0.01544601 0.02947814 0.05201139 0.08223369],[0.01444187 0.0179845  0.03233101 0.05263912],[ 4.500079  8.665222 15.379385 24.814636],[ 3.466602   5.1910343  9.802917  17.406656 ],[8.298878 8.278869 8.255615 8.227615],[0.26050854 0.29146826 0.32647595 0.35728928],[8.314291 8.305841 8.296564 8.287483],[0.25759736 0.28634158 0.31637365 0.34177953]
DDK8,A,3e-08,1,False,False,TDD,phase,25.0,[0.00283062 0.00326724 0.00399806 0.00527857],[0.0010981  0.00155427 0.002225   0.0037879 ],[0.7343669  0.81176597 0.9488275  1.2111237 ],[0.20846473 0.24946974 0.30546167 0.5051836 ],[8.330472 8.329069 8.32761  8.325937],[0.19011824 0.19468611 0.19963296 0.20492242],[8.330993 8.329849 8.328677 8.327478],[0.19007084 0.19461922 0.19951843 0.20474008]
DDK8,A,3e-08,10,False,False,TDD,phase,25.0,[0.02005475 0.05416624 0.10482366 0.17665793],[0.03821772 0.08152188 0.16883522 0.3545207 ],[ 2.2855597  5.914324  12.634487  22.91259  ],[ 1.1030011  3.8288474  9.855687  19.70465  ],[8.196002 8.180096 8.155756 8.124746],[0.5516675  0.61549383 0.6819636  0.7522812 ],[8.202797 8.202787 8.20477  8.210616],[0.5486622  0.603959   0.65337497 0.69756156]
DDK8,A,3e-08,30,False,False,TDD,phase,25.0,[0.12997349 0.2981275  0.49037132 0.68755335],[0.19380142 0.3637719  0.46642578 0.61291176],[ 12.060394  34.797153  79.975555 129.45062 ],[  8.64507   35.079773  80.7499   129.58199 ],[7.871131  7.745873  7.5839663 7.2953577],[0.98758006 1.1504877  1.1889684  1.461127  ],[7.9305916 7.937528  7.938669  7.9467754],[0.94080913 0.97129947 1.0151565  1.0446168 ]
DDK8,A,1e-07,1,False,False,TDD,phase,25.0,[0.01029286 0.01041833 0.01083093 0.01168165],[0.00081298 0.00083154 0.00095194 0.00159537],[3.0502765 3.0783455 3.1680112 3.3648357],[1.0115964 1.0441542 1.0875584 1.1973077],[8.259368 8.260033 8.260563 8.260829],[0.5153642  0.515791   0.51638705 0.51720315],[8.262489 8.263346 8.264196 8.265036],[0.5146195  0.5150341  0.5156064  0.51633507]
DDK8,A,1e-07,10,False,False,TDD,phase,25.0,[0.02091425 0.04186547 0.07694749 0.10743481],[0.0104618  0.03619033 0.10272223 0.09223195],[ 4.384929  7.28935  12.514605 20.460346],[ 1.5069375  3.5957112  8.181391  16.051579 ],[8.134787 8.123    8.102716 8.076958],[0.6263966  0.674905   0.72752595 0.7827791 ],[8.144523 8.146372 8.146507 8.145758],[0.6222944 0.6648694 0.7096781 0.7541992]
DDK8,A,1e-07,30,False,False,TDD,phase,25.0,[0.08957837 0.28095707 0.40384543 0.6299336 ],[0.09832078 0.8747172  0.4108434  0.49342334],[ 13.589853  35.168507  76.97333  125.90736 ],[  8.976805  35.1912    78.472015 119.24683 ],[8.02087   7.8952417 7.6208053 7.2435174],[0.9993878 1.1162428 1.3618376 1.4810354],[8.072836  8.0405245 7.9876432 7.931781 ],[0.9680374 1.0242085 1.0625325 1.0865595]
DDK8,A,3e-07,1,False,False,TDD,phase,25.0,[0.00498711 0.00509533 0.00529266 0.00569388],[0.00301907 0.00297568 0.00293284 0.00296671],[1.3443649 1.3737497 1.4249555 1.5235592],[0.89319724 0.8801135  0.87367195 0.8873055 ],[8.209044 8.210192 8.211229 8.212162],[0.35366833 0.35484362 0.35609543 0.35749125],[8.213685 8.214922 8.216152 8.217376],[0.35320455 0.35431996 0.3555505  0.35689354]
DDK8,A,3e-07,10,False,False,TDD,phase,25.0,[0.01164889 0.02548566 0.04903603 0.08101892],[0.00590721 0.0163524  0.03450948 0.06141842],[ 2.5854428  5.1480064  9.82375   16.928257 ],[ 1.4122384  2.9506376  6.527455  13.024231 ],[8.160676  8.1503725 8.132153  8.110477 ],[0.6201494  0.67179674 0.7243977  0.7743569 ],[8.171758 8.174995 8.178912 8.18387 ],[0.61714435 0.66222095 0.70273554 0.73701555]
DDK8,A,3e-07,30,False,False,TDD,phase,25.0,[0.05282622 0.13611239 0.27818653 0.4632826 ],[0.04766504 0.13034743 0.24124843 0.36583704],[  8.783308  26.118166  60.539425 111.827545],[  5.127311  26.78693   63.26254  110.13087 ],[7.996787  7.9354916 7.7939177 7.5339203],[0.9341608 1.0200735 1.1613739 1.3670535],[8.039328 8.043646 8.03752  8.038265],[0.90889144 0.95316565 1.0154774  1.050955  ]
DDK8,C,3e-08,1,False,False,TDD,phase,25.0,[0.00490706 0.00547583 0.00670275 0.00909388],[0.00167312 0.00198675 0.00322527 0.00553148],[0.96068466 1.0564389  1.218838   1.5768529 ],[0.23963693 0.24743491 0.28349835 0.42484644],[8.318819 8.319225 8.31954  8.319348],[0.1316233  0.1340268  0.13689043 0.14019482],[8.320241 8.321053 8.321877 8.322711],[0.1314964  0.13392694 0.13672413 0.13986447]
DDK8,C,3e-08,10,False,False,TDD,phase,25.0,[0.02432246 0.08616897 0.19206573 0.29684862],[0.0233567  0.10063268 0.22906552 0.25550205],[ 3.208395 10.812591 27.544773 53.358204],[ 2.0602036 10.026009  26.864178  49.183323 ],[8.203132 8.155561 8.082597 7.974145],[0.43834794 0.49158043 0.5717566  0.6717566 ],[8.214156 8.200949 8.206897 8.228696],[0.43586653 0.47545165 0.5107417  0.53240734]
DDK8,C,3e-08,30,False,False,TDD,phase,25.0,[0.3092136 0.6685996 0.8198732 0.9084262],[0.3648875  0.56437916 0.5542338  0.47054157],[ 45.690487 123.10098  174.33926  205.68095 ],[ 43.334793 102.42394  112.62781  117.45932 ],[8.031519  7.396899  6.8316593 6.4674773],[0.73038   1.2605441 1.4959089 1.474    ],[8.26459   8.2423935 8.200481  8.146262 ],[0.59722245 0.63432664 0.6843038  0.7340101 ]
DDK8,C,1e-07,1,False,False,TDD,phase,25.0,[0.0084229  0.00865844 0.00913669 0.01005297],[0.00166547 0.00172173 0.00186879 0.0022903 ],[2.323916  2.3824236 2.4917104 2.727263 ],[0.4241355  0.43998295 0.47574455 0.6066506 ],[8.279601 8.27836  8.276997 8.275196],[0.20134006 0.20352474 0.20591198 0.20846467],[8.287666  8.286729  8.285783  8.2848215],[0.20094848 0.20314613 0.20554835 0.20814276]
DDK8,C,1e-07,10,False,False,TDD,phase,25.0,[0.02089722 0.05369614 0.1187214  0.2104709 ],[0.01132945 0.03974441 0.09258469 0.16022941],[ 4.864964 12.170732 28.441277 53.12287 ],[ 2.4728296 11.454542  30.953348  57.578392 ],[8.210027 8.177677 8.108759 7.996663],[0.4072794  0.4459029  0.48341614 0.53529626],[8.228059 8.225114 8.221141 8.218307],[0.4063242  0.44373652 0.4743657  0.49637356]
DDK8,C,1e-07,30,False,False,TDD,phase,25.0,[0.17158346 0.41146365 0.6055044  0.7357578 ],[0.14916146 0.2843294  0.30942684 0.27951533],[ 34.614304  97.00393  150.62355  196.84233 ],[ 31.705742  83.98534  113.0537   132.49988 ],[8.042119  7.649305  7.2378798 6.771018 ],[0.62339675 0.7750375  1.0031743  1.2827486 ],[8.210542 8.202722 8.19268  8.180748],[0.5592177  0.55600965 0.5821842  0.64674735]
DDK8,C,3e-07,1,False,False,TDD,phase,25.0,[0.00871178 0.00883139 0.00912831 0.00962539],[0.00145685 0.00143255 0.0014346  0.00153698],[2.6107845 2.6467733 2.7281182 2.857973 ],[0.49245396 0.48819473 0.4856432  0.4956548 ],[8.305107 8.305    8.304738 8.304242],[0.12796274 0.1292226  0.13073725 0.13253815],[8.30922  8.309395 8.309544 8.309666],[0.12782563 0.12907478 0.13059264 0.132371  ]
DDK8,C,3e-07,10,False,False,TDD,phase,25.0,[0.01689177 0.03471222 0.07208282 0.1297259 ],[0.006669   0.02411186 0.05755937 0.09972042],[ 4.569013  9.053904 18.920156 34.85653 ],[ 1.5702335  5.810854  14.992217  28.187098 ],[8.237835 8.210132 8.161903 8.089419],[0.33994824 0.37726521 0.42006364 0.4728159 ],[8.250104 8.243475 8.238306 8.233626],[0.33855358 0.37196392 0.40309045 0.43264046]
DDK8,C,3e-07,30,False,False,TDD,phase,25.0,[0.12180725 0.31463578 0.47012544 0.5943998 ],[0.1062686  0.24367855 0.2707016  0.2648294 ],[ 29.087585  80.80804  129.45833  176.00479 ],[23.882122 62.32312  78.30944  99.53446 ],[8.110973  7.7743397 7.474947  7.1900234],[0.5839611  0.93553305 1.1292945  1.2308035 ],[8.243394  8.2595005 8.280929  8.2970915],[0.5275148  0.56576973 0.5995795  0.6289665 ]
DDK8,D,3e-08,1,False,False,TDD,phase,25.0,[0.00087089 0.00105168 0.00112143 0.00139734],[0.00049201 0.00059224 0.00065723 0.00068879],[0.2479147  0.30079496 0.31916955 0.40481448],[0.12090643 0.14542949 0.15925096 0.17796402],[8.31363  8.313439 8.313229 8.312896],[0.16903898 0.16935131 0.16975076 0.17016575],[8.314398 8.314319 8.314234 8.314145],[0.1689577  0.1692839  0.16965668 0.17007592]
DDK8,D,3e-08,10,False,False,TDD,phase,25.0,[0.0026532  0.00548754 0.01019438 0.01689995],[0.00136836 0.00366171 0.00759156 0.01373177],[0.7767124 1.6022605 2.9950886 5.0405827],[0.4078208 1.0711845 2.3250642 4.2702265],[8.313679 8.311614 8.308387 8.304316],[0.22078972 0.23041214 0.23962992 0.24931453],[8.316226 8.317209 8.319232 8.322231],[0.22064124 0.22971565 0.23861213 0.24789669]
DDK8,D,3e-08,30,False,False,TDD,phase,25.0,[0.0158248  0.04395498 0.0820371  0.12602286],[0.01371842 0.04643695 0.08088583 0.10900642],[ 4.438839 12.339714 23.233042 35.977997],[ 3.6443808 13.0664625 23.23811   32.788097 ],[8.263668 8.224285 8.179669 8.133722],[0.31993377 0.34401542 0.3740024  0.4197178 ],[8.279626 8.265633 8.254636 8.245803],[0.3149234  0.33140603 0.3475315  0.37491977]
DDK8,D,1e-07,1,False,False,TDD,phase,25.0,[0.0011639  0.00134363 0.00141041 0.00168911],[0.00054289 0.00056772 0.00059617 0.00065704],[0.34659177 0.4009577  0.41987136 0.50388956],[0.15816402 0.1656802  0.17448707 0.19305162],[8.30733  8.307413 8.307443 8.307403],[0.04591467 0.047112   0.04840785 0.04981349],[8.30858  8.308749 8.308917 8.309082],[0.04570846 0.04691132 0.04821616 0.04961289]
DDK8,D,1e-07,10,False,False,TDD,phase,25.0,[0.00281091 0.00540508 0.00892772 0.01389661],[0.00099562 0.00245821 0.00497054 0.00881612],[0.83682936 1.5939834  2.611355   4.0598125 ],[0.29888874 0.70200753 1.4170436  2.5102007 ],[8.299439 8.29737  8.293888 8.289384],[0.14432323 0.16310859 0.18181224 0.20006737],[8.302197 8.302738 8.303449 8.304353],[0.14413556 0.16243479 0.18018848 0.19722274]
DDK8,D,1e-07,30,False,False,TDD,phase,25.0,[0.01292496 0.03405811 0.06686804 0.10447392],[0.00836837 0.0259951  0.05116193 0.08204844],[ 3.8261511 10.096709  19.883661  30.746204 ],[ 2.5091062  8.05897   15.864918  22.80936  ],[8.293915 8.277545 8.254746 8.229107],[0.29132485 0.32312983 0.3548136  0.39304882],[8.307436 8.310596 8.312113 8.31137 ],[0.28931206 0.31602684 0.33770058 0.35521185]
DDK8,D,3e-07,1,False,False,TDD,phase,25.0,[0.00274767 0.00293385 0.00301086 0.00333543],[0.00149187 0.00153397 0.00157356 0.00164304],[0.8114796  0.86793023 0.89026505 0.9872539 ],[0.43808904 0.4504216  0.4620568  0.482834  ],[8.301288 8.301174 8.301099 8.300839],[0.02177754 0.02328387 0.0249392  0.02666253],[8.304571 8.304598 8.304624 8.304644],[0.02125929 0.02278931 0.02444145 0.02619203]
DDK8,D,3e-07,10,False,False,TDD,phase,25.0,[0.00506095 0.00758927 0.01120334 0.01519062],[0.00217656 0.00311096 0.00486491 0.00831726],[1.4908249 2.2358706 3.299579  4.4788637],[0.6368779 0.903869  1.388192  2.3644693],[8.286546 8.283872 8.280455 8.276606],[0.13637948 0.15548939 0.17473027 0.19422142],[8.291802 8.291453 8.291422 8.291797],[0.13622427 0.15536554 0.17447104 0.193445  ]
DDK8,D,3e-07,30,False,False,TDD,phase,25.0,[0.01453565 0.02834599 0.05063985 0.08094829],[0.01379474 0.01783031 0.03224621 0.05259088],[ 4.2453756  8.330038  14.959807  24.395308 ],[ 3.3613334  5.1379824  9.710595  17.212286 ],[8.300036 8.280013 8.256906 8.228802],[0.2602319  0.2913313  0.32643962 0.3571846 ],[8.314291 8.305841 8.296564 8.287483],[0.25759736 0.28634158 0.31637365 0.34177953]
DDK8,A,3e-08,1,False,False,TDD,burst,10.0,[0.00842412 0.01058843 0.01234729 0.01336361],[0.00611451 0.00883624 0.01056177 0.01032541],[1.5314782 1.8118541 2.0880609 2.4241128],[0.33474243 0.4305503  0.475959   0.7580194 ],[8.327912 8.326034 8.32385  8.322048],[0.19048764 0.19514559 0.2001766  0.20541587],[8.330993 8.329849 8.328677 8.327478],[0.19007084 0.19461922 0.19951843 0.20474008]
DDK8,A,3e-08,10,False,False,TDD,burst,10.0,[0.03542183 0.07549677 0.12875065 0.19466838],[0.05396493 0.10655848 0.2074854  0.33927906],[ 4.0198283  8.32102   15.559617  26.077524 ],[ 1.4996735  4.4608083 10.334191  20.000977 ],[8.1902485 8.171771  8.145432  8.111973 ],[0.55483013 0.6205549  0.6874377  0.7593451 ],[8.202797 8.202787 8.20477  8.210616],[0.5486622  0.603959   0.65337497 0.69756156]
DDK8,A,3e-08,30,False,False,TDD,burst,10.0,[0.1512747  0.32780173 0.51109415 0.7073135 ],[0.22428529 0.38857    0.47229552 0.6293442 ],[ 14.568362  38.354866  83.84895  133.11107 ],[  9.782905  35.973183  81.9082   130.05267 ],[7.8623786 7.7310348 7.5611467 7.269692 ],[0.9952227 1.1605315 1.2028155 1.4607716],[7.9305916 7.937528  7.938669  7.9467754],[0.94080913 0.97129947 1.0151565  1.0446168 ]
DDK8,A,1e-07,1,False,False,TDD,burst,10.0,[0.01604068 0.01774696 0.01937598 0.02083701],[0.00481575 0.00601475 0.0069978  0.00783176],[3.8564463 4.125659  4.418056  4.74624  ],[1.0638229 1.1162909 1.2513913 1.4293123],[8.255178 8.25483  8.254458 8.254386],[0.5167628  0.51760495 0.5183359  0.51919687],[8.262489 8.263346 8.264196 8.265036],[0.5146195  0.5150341  0.5156064  0.51633507]
DDK8,A,1e-07,10,False,False,TDD,burst,10.0,[0.03631031 0.06379195 0.10378193 0.13279627],[0.02057986 0.05325498 0.12726235 0.10140093],[ 6.6740937 10.546291  16.83733   25.351984 ],[ 2.1871965  4.623749   9.67421   17.950813 ],[8.124479  8.1092825 8.085861  8.057629 ],[0.6297499  0.6795587  0.7335299  0.78920627],[8.144523 8.146372 8.146507 8.145758],[0.6222944 0.6648694 0.7096781 0.7541992]
DDK8,A,1e-07,30,False,False,TDD,burst,10.0,[0.11056393 0.30372468 0.44123095 0.65923613],[0.10035705 0.78631824 0.41678256 0.495089  ],[ 16.976116  40.920334  83.75932  132.77753 ],[  9.843131  38.07642   81.270706 122.370415],[8.001468  7.864337  7.576514  7.1854916],[1.0138094 1.137209  1.3843727 1.515286 ],[8.072836  8.0405245 7.9876432 7.931781 ],[0.9680374 1.0242085 1.0625325 1.0865595]
DDK8,A,3e-07,1,False,False,TDD,burst,10.0,[0.00900682 0.01015648 0.01120191 0.01179241],[0.00451348 0.00502561 0.00541944 0.00554162],[2.1560557 2.3852708 2.6069915 2.751435 ],[1.0690206 1.1197209 1.1598607 1.1696303],[8.204725 8.204857 8.205014 8.205745],[0.35472155 0.35608    0.35758495 0.35906225],[8.213685 8.214922 8.216152 8.217376],[0.35320455 0.35431996 0.3555505  0.35689354]
DDK8,A,3e-07,10,False,False,TDD,burst,10.0,[0.02423466 0.04451435 0.07159783 0.1075476 ],[0.01472471 0.0304016  0.04808735 0.07591788],[ 4.588342   8.2325735 13.918288  22.051592 ],[ 1.9243972  3.7208748  7.5697775 14.397049 ],[8.148365 8.133001 8.11151  8.085402],[0.62662476 0.6813309  0.73624986 0.788776  ],[8.171758 8.174995 8.178912 8.18387 ],[0.61714435 0.66222095 0.70273554 0.73701555]
DDK8,A,3e-07,30,False,False,TDD,burst,10.0,[0.06782594 0.16527659 0.3171767  0.4967438 ],[0.05593    0.14397839 0.26273572 0.37387452],[ 11.299076  31.380259  67.91931  119.55728 ],[  5.613346  27.377783  64.06569  110.44968 ],[7.980852  7.9073963 7.748176  7.472487 ],[0.9458096 1.0402733 1.1990738 1.4148365],[8.039328 8.043646 8.03752  8.038265],[0.90889144 0.95316565 1.0154774  1.050955  ]
DDK8,C,3e-08,1,False,False,TDD,burst,10.0,[0.01295102 0.01613114 0.01933497 0.02212428],[0.00647927 0.00873537 0.01127147 0.01388213],[1.7980145 2.1454194 2.499026  2.9474075],[0.35885513 0.41850266 0.5119578  0.74225485],[8.316063 8.315856 8.315431 8.315063],[0.13188432 0.13438931 0.13729802 0.1405214 ],[8.320241 8.321053 8.321877 8.322711],[0.1314964  0.13392694 0.13672413 0.13986447]
DDK8,C,3e-08,10,False,False,TDD,burst,10.0,[0.04245275 0.11271657 0.22513697 0.32213578],[0.03096738 0.10963093 0.24134555 0.25635117],[ 5.2272243 13.840145  31.41244   57.350914 ],[ 2.4989944 10.728684  27.822235  49.983284 ],[8.196042 8.14357  8.063724 7.948081],[0.4404424  0.49580285 0.58150494 0.6874915 ],[8.214156 8.200949 8.206897 8.228696],[0.43586653 0.47545165 0.5107417  0.53240734]
DDK8,C,3e-08,30,False,False,TDD,burst,10.0,[0.3221874  0.6817379  0.8346525  0.92214423],[0.35610232 0.5586773  0.54525703 0.46121243],[ 48.57494 126.54836 178.1242  208.77524],[ 42.88182  102.76634  113.458595 118.97711 ],[8.022379  7.376615  6.795285  6.4338727],[0.733052  1.2881917 1.4999411 1.4760395],[8.26459   8.2423935 8.200481  8.146262 ],[0.59722245 0.63432664 0.6843038  0.7340101 ]
DDK8,C,1e-07,1,False,False,TDD,burst,10.0,[0.01328913 0.01491128 0.01642974 0.01809491],[0.00310475 0.00371993 0.00454065 0.00556588],[3.1514652 3.438008  3.7422647 4.1101036],[0.54476386 0.58500797 0.6863771  0.8790927 ],[8.275647 8.273504 8.27113  8.268718],[0.20180011 0.20411062 0.20663142 0.20922382],[8.287666  8.286729  8.285783  8.2848215],[0.20094848 0.20314613 0.20554835 0.20814276]
DDK8,C,1e-07,10,False,False,TDD,burst,10.0,[0.0345657  0.07376674 0.14453086 0.23953746],[0.01584131 0.04253175 0.09315407 0.16307902],[ 7.4293294 16.238398  33.975895  59.507477 ],[ 3.024342 12.349812 31.738184 57.975338],[8.198169  8.15971   8.083208  7.9624786],[0.41018707 0.4506713  0.49011907 0.5448231 ],[8.228059 8.225114 8.221141 8.218307],[0.4063242  0.44373652 0.4743657  0.49637356]
DDK8,C,1e-07,30,False,False,TDD,burst,10.0,[0.18479687 0.4264776  0.6208728  0.7473395 ],[0.1485691  0.27903938 0.30512914 0.27055743],[ 37.612534 100.8418   154.90776  200.49559 ],[ 31.782846  84.08451  112.91785  132.04048 ],[8.026344  7.6236615 7.197072  6.728201 ],[0.6284726  0.78073746 1.0104362  1.2931803 ],[8.210542 8.202722 8.19268  8.180748],[0.5592177  0.55600965 0.5821842  0.64674735]
DDK8,C,3e-07,1,False,False,TDD,burst,10.0,[0.01367466 0.0152162  0.01675928 0.01786674],[0.00273326 0.00335195 0.00394461 0.00436454],[3.8513877 4.223363  4.614638  4.879823 ],[0.7290556 0.8787234 1.01178   1.0522035],[8.299533 8.29782  8.296181 8.295052],[0.12813668 0.12943234 0.13100292 0.1329472 ],[8.30922  8.309395 8.309544 8.309666],[0.12782563 0.12907478 0.13059264 0.132371  ]
DDK8,C,3e-07,10,False,False,TDD,burst,10.0,[0.02998253 0.05734679 0.10455799 0.1665302 ],[0.0123117  0.03343703 0.06754228 0.10445176],[ 7.6111193 14.363026  26.67286   43.938408 ],[ 2.6581028  7.5193276 16.719639  29.210178 ],[8.222415 8.182729 8.119619 8.034504],[0.34290317 0.38392943 0.4315568  0.4869825 ],[8.250104 8.243475 8.238306 8.233626],[0.33855358 0.37196392 0.40309045 0.43264046]
DDK8,C,3e-07,30,False,False,TDD,burst,10.0,[0.13618608 0.33510658 0.4880697  0.61034894],[0.10591642 0.24295506 0.26265645 0.25550225],[ 32.67369  86.25346 135.12146 180.75653],[23.749937 62.323303 77.494484 97.84473 ],[8.089678  7.7288914 7.423699  7.14917  ],[0.5912743 0.9665464 1.1480325 1.2132893],[8.243394  8.2595005 8.280929  8.2970915],[0.5275148  0.56576973 0.5995795  0.6289665 ]
DDK8,D,3e-08,1,False,False,TDD,burst,10.0,[0.00274598 0.00335777 0.00397527 0.00436559],[0.00092567 0.00113146 0.00119677 0.0013575 ],[0.7916914  0.96985626 1.1504965  1.2700186 ],[0.24321939 0.29316813 0.31424737 0.36531904],[8.3113365 8.310727  8.309839  8.309326 ],[0.16908513 0.16943406 0.16983354 0.17030841],[8.314398 8.314319 8.314234 8.314145],[0.1689577  0.1692839  0.16965668 0.17007592]
DDK8,D,3e-08,10,False,False,TDD,burst,10.0,[0.00655141 0.01008562 0.01563783 0.0232683 ],[0.0034025  0.00569301 0.00954062 0.01535075],[1.9063193 2.938907  4.585133  6.9126844],[0.98477334 1.639155   2.8458037  4.6836805 ],[8.309014 8.305743 8.301326 8.296237],[0.2216253  0.2314131  0.24090067 0.25061333],[8.316226 8.317209 8.319232 8.322231],[0.22064124 0.22971565 0.23861213 0.24789669]
DDK8,D,3e-08,30,False,False,TDD,burst,10.0,[0.02027498 0.04952755 0.08695286 0.13244016],[0.01518572 0.04776326 0.08130541 0.11037598],[ 5.6411877 13.827213  24.535215  37.550697 ],[ 3.7798095 13.29978   23.258986  32.878086 ],[8.258363 8.217213 8.172561 8.125875],[0.32148692 0.34657964 0.3754473  0.42011464],[8.279626 8.265633 8.254636 8.245803],[0.3149234  0.33140603 0.3475315  0.37491977]
DDK8,D,1e-07,1,False,False,TDD,burst,10.0,[0.00327449 0.0039289  0.00460002 0.00499101],[0.00089166 0.00096648 0.00104008 0.00113908],[0.96904176 1.1637136  1.3633606  1.4817252 ],[0.26561373 0.28960586 0.31288657 0.341787  ],[8.304516 8.304033 8.303314 8.303032],[0.04598932 0.0471979  0.04851154 0.04995201],[8.30858  8.308749 8.308917 8.309082],[0.04570846 0.04691132 0.04821616 0.04961289]
DDK8,D,1e-07,10,False,False,TDD,burst,10.0,[0.00735001 0.01120449 0.01614715 0.02178614],[0.00294589 0.00467258 0.00713673 0.01064702],[2.1575198 3.2876792 4.728419  6.3910418],[0.8480898 1.3595537 2.0662012 3.083868 ],[8.293459 8.289685 8.284631 8.279621],[0.14499076 0.16393918 0.18276444 0.20080957],[8.302197 8.302738 8.303449 8.304353],[0.14413556 0.16243479 0.18018848 0.19722274]
DDK8,D,1e-07,30,False,False,TDD,burst,10.0,[0.01831187 0.04067658 0.07434068 0.11192198],[0.00911211 0.02812156 0.05449653 0.08687721],[ 5.364305 12.003129 21.95634  32.867535],[ 2.572748  8.588489 16.312159 23.835445],[8.28683  8.268893 8.243624 8.215689],[0.29335076 0.32667652 0.36322302 0.4045664 ],[8.307436 8.310596 8.312113 8.31137 ],[0.28931206 0.31602684 0.33770058 0.35521185]
DDK8,D,3e-07,1,False,False,TDD,burst,10.0,[0.00545693 0.00628121 0.00693813 0.0075394 ],[0.00203288 0.00235252 0.00233893 0.00248892],[1.6092763 1.8525373 2.0471003 2.2267616],[0.5946184 0.6861372 0.6827698 0.7267714],[8.29801  8.297262 8.296416 8.295798],[0.02204937 0.02373154 0.02533512 0.02711403],[8.304571 8.304598 8.304624 8.304644],[0.02125929 0.02278931 0.02444145 0.02619203]
DDK8,D,3e-07,10,False,False,TDD,burst,10.0,[0.01159469 0.01543131 0.02001183 0.02460008],[0.00420138 0.00574135 0.00765096 0.01066457],[3.4003267 4.5299716 5.8815365 7.2393947],[1.2127116 1.6506596 2.1593816 2.9701056],[8.278787  8.2742815 8.269485  8.265055 ],[0.13663965 0.15596114 0.17545259 0.1950743 ],[8.291802 8.291453 8.291422 8.291797],[0.13622427 0.15536554 0.17447104 0.193445  ]
DDK8,D,3e-07,30,False,False,TDD,burst,10.0,[0.02253278 0.03675191 0.05937155 0.08839116],[0.01729997 0.01963346 0.03395457 0.05266331],[ 6.552541 10.742878 17.414606 26.40177 ],[ 4.0289516  5.412029   9.712798  16.6575   ],[8.290912 8.270229 8.245772 8.218673],[0.26251218 0.29389122 0.32904035 0.36047173],[8.314291 8.305841 8.296564 8.287483],[0.25759736 0.28634158 0.31637365 0.34177953]
DDK8,A,3e-08,1,False,False,TDD,burst,15.0,[0.00487339 0.00584458 0.0070413  0.00844371],[0.00329904 0.00404135 0.00574131 0.00725723],[0.99670386 1.1435595  1.3484573  1.6431231 ],[0.24252981 0.29139468 0.38190874 0.5873616 ],[8.329773 8.328219 8.326585 8.324855],[0.19026957 0.19486275 0.19985136 0.20515189],[8.330993 8.329849 8.328677 8.327478],[0.19007084 0.19461922 0.19951843 0.20474008]
DDK8,A,3e-08,10,False,False,TDD,burst,15.0,[0.02581623 0.06165433 0.11261668 0.1836385 ],[0.04214688 0.08279088 0.17126156 0.34415406],[ 2.9593058  6.8814898 13.939057  24.491308 ],[ 1.2679223  4.147657  10.235876  20.163073 ],[8.19386  8.176938 8.151951 8.119491],[0.5527339 0.6174397 0.6843736 0.7560818],[8.202797 8.202787 8.20477  8.210616],[0.5486622  0.603959   0.65337497 0.69756156]
DDK8,A,3e-08,30,False,False,TDD,burst,15.0,[0.13530168 0.30723217 0.499761   0.69506955],[0.1891117  0.35905004 0.47086573 0.6271659 ],[ 12.964487  36.179432  81.57627  130.82787 ],[  8.909832  35.453705  81.062416 129.5061  ],[7.8684053 7.7424254 7.57814   7.2886   ],[0.98995215 1.1503515  1.1899959  1.4576521 ],[7.9305916 7.937528  7.938669  7.9467754],[0.94080913 0.97129947 1.0151565  1.0446168 ]
DDK8,A,1e-07,1,False,False,TDD,burst,15.0,[0.01201533 0.012707   0.01354652 0.01476112],[0.00174506 0.00223059 0.00274525 0.00355772],[3.2353442 3.3349807 3.5026171 3.768078 ],[1.0113331 1.0525982 1.1190765 1.2438349],[8.258004 8.258369 8.258583 8.258734],[0.5158477  0.5163125  0.51691383 0.51775396],[8.262489 8.263346 8.264196 8.265036],[0.5146195  0.5150341  0.5156064  0.51633507]
DDK8,A,1e-07,10,False,False,TDD,burst,15.0,[0.02689345 0.04996669 0.08733626 0.1183674 ],[0.01441406 0.04116536 0.11191092 0.09909661],[ 5.1849537  8.45915   14.079559  22.365236 ],[ 1.7093034  3.9148514  8.638527  16.629196 ],[8.130937 8.118087 8.096589 8.069494],[0.6274785  0.6760847  0.72929895 0.78524554],[8.144523 8.146372 8.146507 8.145758],[0.6222944 0.6648694 0.7096781 0.7541992]
DDK8,A,1e-07,30,False,False,TDD,burst,15.0,[0.09600653 0.29884464 0.41516182 0.6392299 ],[0.09707489 0.94616145 0.4094407  0.4851712 ],[ 14.583985  37.096054  79.279045 128.17627 ],[  9.097977  35.75984   79.04071  119.677086],[8.0149355 7.884209  7.60395   7.2227087],[1.0031972 1.1236401 1.3737411 1.4919574],[8.072836  8.0405245 7.9876432 7.931781 ],[0.9680374 1.0242085 1.0625325 1.0865595]
DDK8,A,3e-07,1,False,False,TDD,burst,15.0,[0.00663458 0.00716634 0.00775209 0.00829057],[0.00325844 0.00334482 0.00353605 0.00375439],[1.6765099 1.7837285 1.9077357 2.030256 ],[0.9099454  0.9038199  0.918782   0.94866747],[8.207245 8.20792  8.208523 8.209342],[0.3543556  0.35573032 0.35716254 0.35860604],[8.213685 8.214922 8.216152 8.217376],[0.35320455 0.35431996 0.3555505  0.35689354]
DDK8,A,3e-07,10,False,False,TDD,burst,15.0,[0.01658244 0.03301897 0.057404   0.09000587],[0.00897106 0.02192477 0.03999554 0.06701621],[ 3.345579   6.278144  11.2350855 18.489588 ],[ 1.5532303  3.2372613  6.9458685 13.4430485],[8.155757 8.143377 8.124034 8.100966],[0.6226557  0.67599905 0.7296953  0.7805235 ],[8.171758 8.174995 8.178912 8.18387 ],[0.61714435 0.66222095 0.70273554 0.73701555]
DDK8,A,3e-07,30,False,False,TDD,burst,15.0,[0.05765547 0.14606063 0.2926236  0.4773745 ],[0.05087568 0.1334887  0.25381404 0.3735683 ],[  9.541145  28.093195  63.47995  115.11692 ],[  5.2966332  27.296906   63.796684  110.64149  ],[7.9915967 7.9255433 7.777997  7.512201 ],[0.9375738 1.0260218 1.1715008 1.3793654],[8.039328 8.043646 8.03752  8.038265],[0.90889144 0.95316565 1.0154774  1.050955  ]
DDK8,C,3e-08,1,False,False,TDD,burst,15.0,[0.00790208 0.00951118 0.01153595 0.01421092],[0.00364059 0.0049726  0.00748668 0.01019333],[1.230991  1.4010669 1.644618  2.0432627],[0.26640776 0.28346702 0.33907628 0.5164319 ],[8.317901 8.318057 8.318135 8.317865],[0.13171312 0.13415633 0.13704383 0.14035028],[8.320241 8.321053 8.321877 8.322711],[0.1314964  0.13392694 0.13672413 0.13986447]
DDK8,C,3e-08,10,False,False,TDD,burst,15.0,[0.03184925 0.09551078 0.20516963 0.31128457],[0.02771936 0.09959501 0.23251545 0.26389432],[ 4.0052576 12.1408    29.326662  55.26904  ],[ 2.2890732 10.39048   27.216875  49.43804  ],[8.200391  8.150799  8.075754  7.9653263],[0.4392542  0.49281767 0.57418436 0.6760788 ],[8.214156 8.200949 8.206897 8.228696],[0.43586653 0.47545165 0.5107417  0.53240734]
DDK8,C,3e-08,30,False,False,TDD,burst,15.0,[0.31295332 0.6729524  0.8209774  0.90727353],[0.35750517 0.5625968  0.5437832  0.45150536],[ 46.888893 124.40203  175.76492  207.02492 ],[ 43.23627  101.88431  112.29807  117.372215],[8.027831  7.3898387 6.825877  6.4600616],[0.7321187 1.2679843 1.4918181 1.4731594],[8.26459   8.2423935 8.200481  8.146262 ],[0.59722245 0.63432664 0.6843038  0.7340101 ]
DDK8,C,1e-07,1,False,False,TDD,burst,15.0,[0.01008678 0.01088068 0.01183017 0.01304904],[0.00226486 0.00272023 0.00317094 0.00380708],[2.5603037 2.6933029 2.8899374 3.1867197],[0.4642261  0.49509886 0.55540836 0.70790935],[8.2784605 8.276897  8.275107  8.273045 ],[0.20142594 0.20367035 0.20609766 0.20870934],[8.287666  8.286729  8.285783  8.2848215],[0.20094848 0.20314613 0.20554835 0.20814276]
DDK8,C,1e-07,10,False,False,TDD,burst,15.0,[0.02661064 0.06258454 0.13025054 0.2227339 ],[0.01313824 0.04090788 0.0925395  0.15924525],[ 5.8129106 13.7690525 30.687841  55.541466 ],[ 2.6150973 11.817301  31.350798  57.481655 ],[8.2053995 8.170267  8.098474  7.9835277],[0.40858895 0.4485129  0.48686054 0.54000187],[8.228059 8.225114 8.221141 8.218307],[0.4063242  0.44373652 0.4743657  0.49637356]
DDK8,C,1e-07,30,False,False,TDD,burst,15.0,[0.17729652 0.41659448 0.6127483  0.7408014 ],[0.1495352  0.27949217 0.30461478 0.27525175],[ 35.70882  98.39373 152.53546 198.40506],[ 31.719912  83.798996 113.05464  132.37212 ],[8.036038  7.6413326 7.222005  6.7547274],[0.6260248  0.77564627 1.0065694  1.2865982 ],[8.210542 8.202722 8.19268  8.180748],[0.5592177  0.55600965 0.5821842  0.64674735]
DDK8,C,3e-07,1,False,False,TDD,burst,15.0,[0.01038747 0.01097122 0.01181018 0.01270741],[0.00183468 0.00207437 0.00237214 0.00272991],[3.0105577 3.1451135 3.3529477 3.565955 ],[0.54728115 0.5837505  0.6327394  0.6838674 ],[8.303352 8.302733 8.301875 8.300999],[0.12819037 0.12958264 0.1312187  0.13307744],[8.30922  8.309395 8.309544 8.309666],[0.12782563 0.12907478 0.13059264 0.132371  ]
DDK8,C,3e-07,10,False,False,TDD,burst,15.0,[0.02144689 0.04296906 0.08429242 0.14301118],[0.00868894 0.02750933 0.06118395 0.10001696],[ 5.578146 10.923466 21.72469  37.94221 ],[ 1.8574551  6.2727294 15.376767  27.990055 ],[8.232695 8.200464 8.14645  8.068849],[0.34106842 0.37942064 0.423027   0.4763646 ],[8.250104 8.243475 8.238306 8.233626],[0.33855358 0.37196392 0.40309045 0.43264046]
DDK8,C,3e-07,30,False,False,TDD,burst,15.0,[0.12577458 0.3205899  0.47563335 0.60046285],[0.1059387  0.24265367 0.2676591  0.26078993],[ 30.0536   82.39439 131.09314 177.56563],[23.763685 62.218456 77.615364 98.486   ],[8.105163 7.761309 7.461473 7.173738],[0.58602005 0.9427207  1.1349461  1.2268733 ],[8.243394  8.2595005 8.280929  8.2970915],[0.5275148  0.56576973 0.5995795  0.6289665 ]
DDK8,D,3e-08,1,False,False,TDD,burst,15.0,[0.00151636 0.00186719 0.00218604 0.00246194],[0.00062788 0.00074133 0.00083192 0.00088711],[0.43221897 0.53301245 0.62495106 0.7101795 ],[0.15412389 0.1805622  0.20310973 0.23261704],[8.312808 8.31242  8.311972 8.311583],[0.16911578 0.16945317 0.16987686 0.17031287],[8.314398 8.314319 8.314234 8.314145],[0.1689577  0.1692839  0.16965668 0.17007592]
DDK8,D,3e-08,10,False,False,TDD,burst,15.0,[0.00406438 0.00732428 0.01236457 0.01912143],[0.00184983 0.00406761 0.00772724 0.01356354],[1.1829573 2.1326654 3.63145   5.690022 ],[0.53880244 1.1772227  2.3770082  4.2334027 ],[8.311834  8.309201  8.305582  8.3014145],[0.2210381  0.23077078 0.24005227 0.24988084],[8.316226 8.317209 8.319232 8.322231],[0.22064124 0.22971565 0.23861213 0.24789669]
DDK8,D,3e-08,30,False,False,TDD,burst,15.0,[0.01748784 0.04579435 0.08353169 0.1269055 ],[0.01414432 0.04665794 0.08008016 0.10865773],[ 4.883273 12.868182 23.666712 36.28002 ],[ 3.6430223 13.195329  23.129614  32.941113 ],[8.261481 8.22184  8.177173 8.132207],[0.32062668 0.34501368 0.37463304 0.4194824 ],[8.279626 8.265633 8.254636 8.245803],[0.3149234  0.33140603 0.3475315  0.37491977]
DDK8,D,1e-07,1,False,False,TDD,burst,15.0,[0.00191694 0.00232531 0.00264299 0.0029455 ],[0.0006558  0.00071233 0.00074713 0.00084595],[0.56725204 0.6891567  0.78278923 0.87383497],[0.18895613 0.20552066 0.21456975 0.24351951],[8.306288  8.3061075 8.305862  8.305707 ],[0.04601713 0.04723961 0.04855263 0.04994622],[8.30858  8.308749 8.308917 8.309082],[0.04570846 0.04691132 0.04821616 0.04961289]
DDK8,D,1e-07,10,False,False,TDD,burst,15.0,[0.00447805 0.00765901 0.01175008 0.01695279],[0.0015559  0.00316562 0.00567198 0.00932798],[1.3207536 2.251857  3.439304  4.973996 ],[0.4585348 0.9142116 1.6249359 2.695246 ],[8.297179 8.294351 8.29034  8.285733],[0.14459081 0.16335386 0.18200505 0.20007709],[8.302197 8.302738 8.303449 8.304353],[0.14413556 0.16243479 0.18018848 0.19722274]
DDK8,D,1e-07,30,False,False,TDD,burst,15.0,[0.01484701 0.03632151 0.06922592 0.10680257],[0.00833946 0.02632573 0.05191204 0.08291057],[ 4.3909783 10.759838  20.553278  31.407139 ],[ 2.5314326  8.1907215 16.042282  23.062006 ],[8.291279 8.274601 8.250895 8.225146],[0.29160896 0.3235379  0.35615614 0.39575675],[8.307436 8.310596 8.312113 8.31137 ],[0.28931206 0.31602684 0.33770058 0.35521185]
DDK8,D,3e-07,1,False,False,TDD,burst,15.0,[0.00376136 0.00418687 0.00459426 0.00501459],[0.00169684 0.00175879 0.00185825 0.00201401],[1.1098357 1.236355  1.357395  1.4829369],[0.49971583 0.51818573 0.5488796  0.59453046],[8.300063 8.299704 8.299273 8.298869],[0.02179707 0.0233052  0.02499644 0.02678871],[8.304571 8.304598 8.304624 8.304644],[0.02125929 0.02278931 0.02444145 0.02619203]
DDK8,D,3e-07,10,False,False,TDD,burst,15.0,[0.00774752 0.01117755 0.01537537 0.01969119],[0.00292058 0.00425961 0.00615617 0.0094407 ],[2.2735703 3.2867346 4.523363  5.798078 ],[0.8378784 1.2360954 1.762213  2.6864605],[8.283213 8.279514 8.275361 8.27138 ],[0.13660155 0.15577653 0.17516403 0.19483061],[8.291802 8.291453 8.291422 8.291797],[0.13622427 0.15536554 0.17447104 0.193445  ]
DDK8,D,3e-07,30,False,False,TDD,burst,15.0,[0.01769492 0.03189288 0.05467083 0.08406828],[0.01567732 0.01819506 0.03265801 0.0521356 ],[ 5.1425033  9.345824  16.091602  25.251236 ],[ 3.69178    5.1608963  9.723788  17.015568 ],[8.296322 8.276085 8.252367 8.224692],[0.26149562 0.2927252  0.3278812  0.359252  ],[8.314291 8.305841 8.296564 8.287483],[0.25759736 0.28634158 0.31637365 0.34177953]
DDK8,A,3e-08,1,False,False,TDD,burst,20.0,[0.00343221 0.0040392  0.00490485 0.00620744],[0.00186078 0.002627   0.00342106 0.00484968],[0.7841408  0.86956865 1.0276766  1.2974042 ],[0.21157438 0.24689476 0.30695406 0.49088383],[8.330272 8.328827 8.327319 8.325672],[0.19017756 0.19476178 0.19972235 0.20501716],[8.330993 8.329849 8.328677 8.327478],[0.19007084 0.19461922 0.19951843 0.20474008]
DDK8,A,3e-08,10,False,False,TDD,burst,20.0,[0.02130484 0.05589483 0.10705016 0.18178968],[0.03707463 0.08105307 0.1701083  0.37456194],[ 2.4425046  6.1528826 12.962707  23.315996 ],[ 1.1508527  3.9029305  9.885031  19.679531 ],[8.195441 8.179246 8.15491  8.123817],[0.55181736 0.61577696 0.68225455 0.75256765],[8.202797 8.202787 8.20477  8.210616],[0.5486622  0.603959   0.65337497 0.69756156]
DDK8,A,3e-08,30,False,False,TDD,burst,20.0,[0.13182575 0.30248842 0.4943161  0.68861365],[0.19288938 0.36749303 0.4670253  0.6051646 ],[ 12.36908   35.477917  81.00469  130.32175 ],[  8.748605  35.379166  81.31249  129.82701 ],[7.87021   7.744799  7.5817866 7.291827 ],[0.98830056 1.148969   1.1895418  1.4667671 ],[7.9305916 7.937528  7.938669  7.9467754],[0.94080913 0.97129947 1.0151565  1.0446168 ]
DDK8,A,1e-07,1,False,False,TDD,burst,20.0,[0.01078923 0.01110752 0.01167602 0.01270623],[0.00106692 0.00131526 0.00162464 0.00238733],[3.0687897 3.1183262 3.2301996 3.45169  ],[1.0022416 1.0337886 1.0789648 1.1916261],[8.258916 8.259503 8.25991  8.260124],[0.51561105 0.5160644  0.5166953  0.5175015 ],[8.262489 8.263346 8.264196 8.265036],[0.5146195  0.5150341  0.5156064  0.51633507]
DDK8,A,1e-07,10,False,False,TDD,burst,20.0,[0.02278623 0.04495848 0.08151988 0.11140492],[0.01171405 0.04100722 0.11899666 0.09941192],[ 4.571263   7.5427575 12.801175  20.772287 ],[ 1.5045218  3.6320734  8.16843   15.874521 ],[8.133675 8.121621 8.101245 8.075281],[0.6271027  0.67589176 0.7286948  0.78422827],[8.144523 8.146372 8.146507 8.145758],[0.6222944 0.6648694 0.7096781 0.7541992]
DDK8,A,1e-07,30,False,False,TDD,burst,20.0,[0.09162006 0.28418002 0.40802902 0.6337316 ],[0.09872829 0.8752536  0.4130491  0.48912063],[ 13.815944  35.684765  77.70686  126.65597 ],[  8.88754  35.10662  78.51152 119.48295],[8.019176  7.8923187 7.6159954 7.238513 ],[1.0012224 1.1187137 1.3661541 1.484873 ],[8.072836  8.0405245 7.9876432 7.931781 ],[0.9680374 1.0242085 1.0625325 1.0865595]
DDK8,A,3e-07,1,False,False,TDD,burst,20.0,[0.00540343 0.00561784 0.00594027 0.00642355],[0.00299932 0.00296454 0.00298631 0.0031152 ],[1.4181617 1.4629898 1.5330614 1.6412396],[0.8797332  0.86289144 0.8583339  0.8764814 ],[8.208659 8.209704 8.210625 8.211501],[0.35374147 0.35493287 0.35621876 0.35763535],[8.213685 8.214922 8.216152 8.217376],[0.35320455 0.35431996 0.3555505  0.35689354]
DDK8,A,3e-07,10,False,False,TDD,burst,20.0,[0.01337427 0.02818492 0.05200178 0.08367098],[0.00692075 0.01833038 0.03665124 0.06338923],[ 2.7999237  5.4685173 10.204784  17.219084 ],[ 1.4184214  2.9889958  6.6407433 13.10882  ],[8.159143 8.148005 8.129446 8.107657],[0.62122166 0.6736709  0.7265663  0.77650094],[8.171758 8.174995 8.178912 8.18387 ],[0.61714435 0.66222095 0.70273554 0.73701555]
DDK8,A,3e-07,30,False,False,TDD,burst,20.0,[0.05403537 0.13889359 0.28339115 0.4688091 ],[0.04823348 0.13152729 0.24660899 0.37058905],[  8.951234  26.554249  61.30116  112.717224],[  5.178348  26.843153  63.337654 110.243034],[7.9952865 7.932301  7.7886443 7.5282717],[0.9359522 1.023732  1.1674217 1.3711511],[8.039328 8.043646 8.03752  8.038265],[0.90889144 0.95316565 1.0154774  1.050955  ]
DDK8,C,3e-08,1,False,False,TDD,burst,20.0,[0.0059099  0.00681752 0.00831104 0.01085536],[0.00229501 0.00303527 0.00445015 0.0067491 ],[1.0226772 1.1312028 1.3219844 1.7061436],[0.24113789 0.24964276 0.29989463 0.46033335],[8.318545 8.318891 8.319125 8.318891],[0.13163915 0.13405436 0.13694108 0.1402445 ],[8.320241 8.321053 8.321877 8.322711],[0.1314964  0.13392694 0.13672413 0.13986447]
DDK8,C,3e-08,10,False,False,TDD,burst,20.0,[0.02671638 0.08888807 0.1942215  0.30048954],[0.02332937 0.0996591  0.22464104 0.25621295],[ 3.406792 11.153855 28.037266 54.027332],[ 2.0689907  9.986507  26.72231   48.952847 ],[8.202307  8.154274  8.080948  7.9719048],[0.43884012 0.49234948 0.57278174 0.672683  ],[8.214156 8.200949 8.206897 8.228696],[0.43586653 0.47545165 0.5107417  0.53240734]
DDK8,C,3e-08,30,False,False,TDD,burst,20.0,[0.31110352 0.670466   0.81939125 0.90822464],[0.3637727  0.56504035 0.5462052  0.46931735],[ 45.958572 123.47905  174.83847  206.10304 ],[ 43.217358 102.26358  112.61198  117.554474],[8.030241  7.3947473 6.8334255 6.4659977],[0.7317951 1.2636855 1.4872099 1.4702133],[8.26459   8.2423935 8.200481  8.146262 ],[0.59722245 0.63432664 0.6843038  0.7340101 ]
DDK8,C,1e-07,1,False,False,TDD,burst,20.0,[0.0089956  0.00938726 0.01004555 0.01113442],[0.00181436 0.00200067 0.00228902 0.00288788],[2.3798213 2.4539595 2.5879662 2.8434982],[0.42965034 0.45217198 0.4987731  0.63971287],[8.279256 8.277955 8.276447 8.274535],[0.20142746 0.20366369 0.20609093 0.2086958 ],[8.287666  8.286729  8.285783  8.2848215],[0.20094848 0.20314613 0.20554835 0.20814276]
DDK8,C,1e-07,10,False,False,TDD,burst,20.0,[0.02254992 0.05639365 0.12234668 0.21398897],[0.01157751 0.04020898 0.09273707 0.16036764],[ 5.0940084 12.576454  28.984983  53.62739  ],[ 2.505646 11.592939 31.0228   57.453163],[8.2088    8.17561   8.1059    7.9935093],[0.4077138  0.44678107 0.48469105 0.53646713],[8.228059 8.225114 8.221141 8.218307],[0.4063242  0.44373652 0.4743657  0.49637356]
DDK8,C,1e-07,30,False,False,TDD,burst,20.0,[0.17276013 0.41310355 0.6078353  0.73740596],[0.14845216 0.28292298 0.30793226 0.27816606],[ 34.795616  97.35414  151.1805   197.27516 ],[ 31.553839  83.902214 112.94807  132.28531 ],[8.041148  7.647676  7.2337923 6.7675614],[0.6237692 0.7762323 1.0081488 1.288357 ],[8.210542 8.202722 8.19268  8.180748],[0.5592177  0.55600965 0.5821842  0.64674735]
DDK8,C,3e-07,1,False,False,TDD,burst,20.0,[0.00920382 0.0094771  0.00995912 0.01062733],[0.00153433 0.00158743 0.00172268 0.00195364],[2.716813  2.7806916 2.898952  3.055639 ],[0.4911716  0.49696788 0.5093551  0.5274212 ],[8.304598 8.304341 8.303883 8.303263],[0.12804258 0.12931928 0.13088007 0.13273256],[8.30922  8.309395 8.309544 8.309666],[0.12782563 0.12907478 0.13059264 0.132371  ]
DDK8,C,3e-07,10,False,False,TDD,burst,20.0,[0.01825646 0.03735548 0.07630087 0.13439909],[0.00726591 0.02542296 0.05938896 0.10066442],[ 4.845588  9.588142 19.77786  35.790848],[ 1.6303103  5.962528  15.170188  28.157303 ],[8.23639  8.207266 8.157027 8.08249 ],[0.34036854 0.37809128 0.42133397 0.4745035 ],[8.250104 8.243475 8.238306 8.233626],[0.33855358 0.37196392 0.40309045 0.43264046]
DDK8,C,3e-07,30,False,False,TDD,burst,20.0,[0.12300982 0.31602058 0.47093529 0.59519243],[0.10637003 0.24335049 0.26928186 0.26324967],[ 29.312185  81.12656  129.71024  176.18846 ],[23.809452 62.225937 78.07656  99.08648 ],[8.109503  7.7709155 7.473496  7.188047 ],[0.58466977 0.9380849  1.1261916  1.226677  ],[8.243394  8.2595005 8.280929  8.2970915],[0.5275148  0.56576973 0.5995795  0.6289665 ]
DDK8,D,3e-08,1,False,False,TDD,burst,20.0,[0.0010383  0.00127258 0.00145369 0.0017192 ],[0.00053927 0.0006587  0.00075069 0.00076696],[0.2950256  0.36314186 0.41333637 0.4961692 ],[0.13315228 0.16344185 0.18392926 0.20080292],[8.31341  8.31315  8.31285  8.312507],[0.16905838 0.16937946 0.16979201 0.17021735],[8.314398 8.314319 8.314234 8.314145],[0.1689577  0.1692839  0.16965668 0.17007592]
DDK8,D,3e-08,10,False,False,TDD,burst,20.0,[0.00302189 0.00601773 0.01081695 0.01750237],[0.00156063 0.00387967 0.0078097  0.01395646],[0.8801352 1.7521367 3.172876  5.212071 ],[0.45964003 1.1303155  2.3829103  4.3131156 ],[8.313169 8.310827 8.307471 8.303409],[0.22095013 0.23066282 0.24000864 0.24979752],[8.316226 8.317209 8.319232 8.322231],[0.22064124 0.22971565 0.23861213 0.24789669]
DDK8,D,3e-08,30,False,False,TDD,burst,20.0,[0.01626759 0.04435085 0.08235464 0.12625083],[0.0136737  0.04640192 0.08071867 0.10907779],[ 4.5622425 12.446712  23.31414   36.044712 ],[ 3.639235 13.047814 23.118107 32.75227 ],[8.263058 8.223619 8.178929 8.133374],[0.31991118 0.34407923 0.37426904 0.41992563],[8.279626 8.265633 8.254636 8.245803],[0.3149234  0.33140603 0.3475315  0.37491977]
DDK8,D,1e-07,1,False,False,TDD,burst,20.0,[0.00138154 0.00162363 0.00178327 0.00208417],[0.00057977 0.00061213 0.00065774 0.0007329 ],[0.41091004 0.4837727  0.53006285 0.62023425],[0.17073683 0.18105276 0.19524047 0.21726817],[8.307032 8.307043 8.306966 8.306897],[0.04587466 0.04705238 0.04834652 0.04976057],[8.30858  8.308749 8.308917 8.309082],[0.04570846 0.04691132 0.04821616 0.04961289]
DDK8,D,1e-07,10,False,False,TDD,burst,20.0,[0.00335665 0.00624473 0.00997821 0.01490599],[0.00119065 0.00279311 0.00533899 0.00906116],[0.9913843 1.830921  2.908156  4.34669  ],[0.3372053 0.7781231 1.4959372 2.5651758],[8.298706 8.296267 8.292599 8.288127],[0.14454293 0.16342327 0.18220937 0.20041059],[8.302197 8.302738 8.303449 8.304353],[0.14413556 0.16243479 0.18018848 0.19722274]
DDK8,D,1e-07,30,False,False,TDD,burst,20.0,[0.01346115 0.03477848 0.06760765 0.10512856],[0.0082395  0.02590166 0.05152861 0.0826356 ],[ 3.9787939 10.311261  20.099014  30.920593 ],[ 2.476405  8.045735 15.920837 22.888128],[8.293134 8.276629 8.253513 8.228149],[0.2915436  0.32332093 0.35554963 0.39449596],[8.307436 8.310596 8.312113 8.31137 ],[0.28931206 0.31602684 0.33770058 0.35521185]
DDK8,D,3e-07,1,False,False,TDD,burst,20.0,[0.00300106 0.0032312  0.00342904 0.00382453],[0.00151662 0.00156944 0.00164019 0.00173889],[0.88636065 0.9557269  1.0140344  1.1318066 ],[0.44589713 0.462011   0.48296276 0.5117251 ],[8.300948 8.300793 8.300577 8.300248],[0.02177463 0.02327753 0.02495752 0.02673005],[8.304571 8.304598 8.304624 8.304644],[0.02125929 0.02278931 0.02444145 0.02619203]
DDK8,D,3e-07,10,False,False,TDD,burst,20.0,[0.00582123 0.00870256 0.01257965 0.01666054],[0.00236877 0.00347492 0.00537526 0.00873347],[1.7089611 2.5582283 3.6944425 4.901418 ],[0.68543476 1.0096005  1.5146706  2.4604778 ],[8.28558  8.282419 8.278677 8.274745],[0.1365145  0.1556165  0.17495283 0.19451346],[8.291802 8.291453 8.291422 8.291797],[0.13622427 0.15536554 0.17447104 0.193445  ]
DDK8,D,3e-07,30,False,False,TDD,burst,20.0,[0.01540782 0.02921977 0.05148568 0.08159845],[0.01415756 0.01769064 0.03218362 0.05227572],[ 4.486212  8.572426 15.186117 24.573732],[ 3.4089267  5.063356   9.653959  17.128689 ],[8.298983  8.2789755 8.255884  8.227815 ],[0.2607025  0.29173073 0.32674465 0.35743946],[8.314291 8.305841 8.296564 8.287483],[0.25759736 0.28634158 0.31637365 0.34177953]
DDK8,A,3e-08,1,False,False,TDD,burst,25.0,[0.00294254 0.00341419 0.00416349 0.00545574],[0.0013046  0.00183909 0.00247998 0.00400498],[0.724171   0.79957205 0.9334795  1.1936224 ],[0.19874862 0.23430708 0.2847355  0.47874108],[8.330489 8.329094 8.327636 8.325979],[0.19015218 0.19473104 0.19969268 0.20498675],[8.330993 8.329849 8.328677 8.327478],[0.19007084 0.19461922 0.19951843 0.20474008]
DDK8,A,3e-08,10,False,False,TDD,burst,25.0,[0.02018943 0.054243   0.1054199  0.1763514 ],[0.03677131 0.08080006 0.17188388 0.35109913],[ 2.2618148  5.895377  12.612833  22.885033 ],[ 1.0810258  3.823327   9.857985  19.78704  ],[8.196024 8.18007  8.155796 8.124934],[0.55179137 0.6156799  0.68196774 0.7519161 ],[8.202797 8.202787 8.20477  8.210616],[0.5486622  0.603959   0.65337497 0.69756156]
DDK8,A,3e-08,30,False,False,TDD,burst,25.0,[0.13115612 0.30073103 0.4892723  0.68857086],[0.1976873  0.37001094 0.45715308 0.6145645 ],[ 12.030342  34.8621    80.11438  129.69635 ],[  8.63856   35.181255  81.049286 129.84781 ],[7.8710585 7.745219  7.5835795 7.2918158],[0.98786664 1.152672   1.1900163  1.468873  ],[7.9305916 7.937528  7.938669  7.9467754],[0.94080913 0.97129947 1.0151565  1.0446168 ]
DDK8,A,1e-07,1,False,False,TDD,burst,25.0,[0.01039326 0.01056196 0.01103256 0.01195562],[0.00081989 0.00092473 0.00115451 0.00189302],[3.0364945 3.0611634 3.1514034 3.3513017],[1.0076647 1.0341778 1.0751164 1.180004 ],[8.259332 8.260024 8.260543 8.260828],[0.5154867  0.515924   0.51655096 0.5173573 ],[8.262489 8.263346 8.264196 8.265036],[0.5146195  0.5150341  0.5156064  0.51633507]
DDK8,A,1e-07,10,False,False,TDD,burst,25.0,[0.02140266 0.04276606 0.07756559 0.10730402],[0.01112277 0.0386006  0.10321362 0.09082153],[ 4.3729334  7.271794  12.49034   20.390089 ],[ 1.4515647  3.5258906  8.073359  15.906574 ],[8.134697 8.122885 8.102567 8.076844],[0.62670577 0.67539155 0.7282122  0.7837539 ],[8.144523 8.146372 8.146507 8.145758],[0.6222944 0.6648694 0.7096781 0.7541992]
DDK8,A,1e-07,30,False,False,TDD,burst,25.0,[0.08971166 0.28042763 0.4042064  0.63075304],[0.09862834 0.8681879  0.408558   0.49289584],[ 13.5323    35.175556  76.96953  125.95195 ],[  8.963199  35.238415  78.43299  119.32288 ],[8.020941  7.8951745 7.620901  7.2431965],[0.9995838 1.1162788 1.3612179 1.4796394],[8.072836  8.0405245 7.9876432 7.931781 ],[0.9680374 1.0242085 1.0625325 1.0865595]
DDK8,A,3e-07,1,False,False,TDD,burst,25.0,[0.00506064 0.00518155 0.00541204 0.00582776],[0.00303418 0.00300253 0.00298022 0.00304299],[1.3476394 1.3745972 1.4286969 1.525478 ],[0.88892037 0.8752344  0.86956924 0.8839652 ],[8.209004 8.21016  8.211175 8.212124],[0.3537607  0.3549448  0.35622674 0.3576261 ],[8.213685 8.214922 8.216152 8.217376],[0.35320455 0.35431996 0.3555505  0.35689354]
DDK8,A,3e-07,10,False,False,TDD,burst,25.0,[0.01198919 0.02601642 0.04930584 0.0811913 ],[0.0062826  0.01703897 0.03484298 0.06185422],[ 2.5766456  5.1348076  9.76536   16.861292 ],[ 1.4083353  2.9515126  6.4864483 12.947877 ],[8.160531 8.150058 8.131844 8.110298],[0.6204603  0.67238307 0.72507834 0.7749092 ],[8.171758 8.174995 8.178912 8.18387 ],[0.61714435 0.66222095 0.70273554 0.73701555]
DDK8,A,3e-07,30,False,False,TDD,burst,25.0,[0.05312906 0.1367827  0.27874905 0.46425053],[0.04810843 0.13151547 0.241381   0.36711216],[  8.773277  26.154638  60.60497  111.95152 ],[  5.1403537  26.823137   63.28982   110.17061  ],[7.9965844 7.934736  7.792938  7.533135 ],[0.9347173 1.0214502 1.163264  1.3678224],[8.039328 8.043646 8.03752  8.038265],[0.90889144 0.95316565 1.0154774  1.050955  ]
DDK8,C,3e-08,1,False,False,TDD,burst,25.0,[0.00520151 0.00584105 0.00718687 0.00966628],[0.0019676  0.00243011 0.00386179 0.00631698],[0.9587404 1.0516789 1.2128117 1.566385 ],[0.23801132 0.24412483 0.28146827 0.42407647],[8.31882  8.319236 8.319547 8.319364],[0.13165952 0.13407095 0.13694827 0.14027485],[8.320241 8.321053 8.321877 8.322711],[0.1314964  0.13392694 0.13672413 0.13986447]
DDK8,C,3e-08,10,False,False,TDD,burst,25.0,[0.02501382 0.08618903 0.19211185 0.2982018 ],[0.02371933 0.09784688 0.22645499 0.2575957 ],[ 3.1958344 10.807837  27.53801   53.421474 ],[ 2.0185003  9.997151  26.825617  49.165573 ],[8.203083 8.155443 8.082444 7.974001],[0.43845564 0.49162513 0.57174987 0.6709437 ],[8.214156 8.200949 8.206897 8.228696],[0.43586653 0.47545165 0.5107417  0.53240734]
DDK8,C,3e-08,30,False,False,TDD,burst,25.0,[0.30961323 0.6691775  0.8200376  0.90899634],[0.3642726  0.567221   0.5539436  0.47174558],[ 45.606766 123.072586 174.44832  205.76018 ],[ 43.29752  102.52281  112.75112  117.623436],[8.0318575 7.3970475 6.82896   6.4688168],[0.7303014 1.2618148 1.4996536 1.471139 ],[8.26459   8.2423935 8.200481  8.146262 ],[0.59722245 0.63432664 0.6843038  0.7340101 ]
DDK8,C,1e-07,1,False,False,TDD,burst,25.0,[0.00853014 0.00878627 0.00930987 0.01027791],[0.00170453 0.00180162 0.00200875 0.00249918],[2.314869  2.3686655 2.478486  2.7135546],[0.41569206 0.4266735  0.45814478 0.5770178 ],[8.2795725 8.27835   8.276977  8.275156 ],[0.20143071 0.20365693 0.20608193 0.20867623],[8.287666  8.286729  8.285783  8.2848215],[0.20094848 0.20314613 0.20554835 0.20814276]
DDK8,C,1e-07,10,False,False,TDD,burst,25.0,[0.02105655 0.0538179  0.11903169 0.2108226 ],[0.0113169  0.03935267 0.09228817 0.16004781],[ 4.8329167 12.11955   28.39325   53.081284 ],[ 2.4236712 11.368887  30.879284  57.52998  ],[8.210081 8.177794 8.108876 7.996947],[0.40746987 0.446207   0.4836838  0.5351675 ],[8.228059 8.225114 8.221141 8.218307],[0.4063242  0.44373652 0.4743657  0.49637356]
DDK8,C,1e-07,30,False,False,TDD,burst,25.0,[0.171773   0.41163537 0.6058581  0.7358556 ],[0.14907537 0.28408012 0.30924723 0.27942947],[ 34.589558  97.01252  150.71361  196.80113 ],[ 31.72323  84.01818 113.13722 132.38884],[8.042047  7.6488733 7.2363195 6.770872 ],[0.6236737 0.7761351 1.006015  1.2837063],[8.210542 8.202722 8.19268  8.180748],[0.5592177  0.55600965 0.5821842  0.64674735]
DDK8,C,3e-07,1,False,False,TDD,burst,25.0,[0.00870255 0.00882219 0.00912123 0.00961313],[0.0014733  0.00147358 0.00149672 0.00159709],[2.5982916 2.6278586 2.7036667 2.8243983],[0.49307865 0.49121404 0.4915237  0.49809858],[8.305147  8.3050785 8.304832  8.304362 ],[0.12798843 0.12925698 0.13078102 0.13257708],[8.30922  8.309395 8.309544 8.309666],[0.12782563 0.12907478 0.13059264 0.132371  ]
DDK8,C,3e-07,10,False,False,TDD,burst,25.0,[0.01705304 0.03505303 0.07268684 0.13029987],[0.00681646 0.02438594 0.05815028 0.10005079],[ 4.5665455  9.066139  18.962214  34.873917 ],[ 1.5648865  5.7992826 14.979869  28.079145 ],[8.237827 8.210019 8.16159  8.088836],[0.34004876 0.3773953  0.42015523 0.4730692 ],[8.250104 8.243475 8.238306 8.233626],[0.33855358 0.37196392 0.40309045 0.43264046]
DDK8,C,3e-07,30,False,False,TDD,burst,25.0,[0.12187181 0.31445464 0.4698838  0.5940609 ],[0.10638142 0.24348328 0.2705364  0.26506534],[ 29.06316  80.73271 129.37256 175.87119],[23.878983 62.26976  78.32852  99.59762 ],[8.110946 7.774635 7.475448 7.190802],[0.58402354 0.9355376  1.1287452  1.2303835 ],[8.243394  8.2595005 8.280929  8.2970915],[0.5275148  0.56576973 0.5995795  0.6289665 ]
DDK8,D,3e-08,1,False,False,TDD,burst,25.0,[0.00090364 0.00110084 0.0011896  0.00144928],[0.00052822 0.0006553  0.00074582 0.00077463],[0.25572678 0.3129135  0.3360623  0.41589707],[0.12774268 0.15893278 0.17830358 0.19405292],[8.31362  8.313424 8.313201 8.312876],[0.16904901 0.16936876 0.16977291 0.17020074],[8.314398 8.314319 8.314234 8.314145],[0.1689577  0.1692839  0.16965668 0.17007592]
DDK8,D,3e-08,10,False,False,TDD,burst,25.0,[0.00265783 0.00556515 0.01029952 0.01693741],[0.00141199 0.00369576 0.00760808 0.01376438],[0.773858  1.6186256 3.0168078 5.04009  ],[0.41577855 1.0721768  2.3054838  4.2375355 ],[8.313729 8.311634 8.308385 8.304307],[0.2208422  0.23048523 0.23974387 0.24948967],[8.316226 8.317209 8.319232 8.322231],[0.22064124 0.22971565 0.23861213 0.24789669]
DDK8,D,3e-08,30,False,False,TDD,burst,25.0,[0.01582285 0.04392367 0.08202665 0.12568252],[0.01375211 0.04655986 0.08114703 0.10878208],[ 4.434992 12.330091 23.214684 35.87537 ],[ 3.650394 13.105878 23.26122  32.704292],[8.263736 8.224313 8.179692 8.134145],[0.31993473 0.34401172 0.37387398 0.41910282],[8.279626 8.265633 8.254636 8.245803],[0.3149234  0.33140603 0.3475315  0.37491977]
DDK8,D,1e-07,1,False,False,TDD,burst,25.0,[0.00121188 0.00140894 0.00148281 0.0017465 ],[0.00054497 0.00057739 0.00060554 0.0006699 ],[0.3606839  0.42010945 0.4407448  0.52011544],[0.15827633 0.16762692 0.17634946 0.19547813],[8.30729  8.30737  8.307385 8.307357],[0.04592269 0.04712602 0.04843017 0.04984065],[8.30858  8.308749 8.308917 8.309082],[0.04570846 0.04691132 0.04821616 0.04961289]
DDK8,D,1e-07,10,False,False,TDD,burst,25.0,[0.00281674 0.00542803 0.0088942  0.01382716],[0.00099973 0.00243757 0.00487001 0.00869849],[0.8383673 1.6004882 2.600885  4.0388346],[0.29948288 0.69714916 1.394176   2.4885776 ],[8.299503 8.29746  8.294008 8.289532],[0.1442964  0.16306254 0.18176413 0.20001438],[8.302197 8.302738 8.303449 8.304353],[0.14413556 0.16243479 0.18018848 0.19722274]
DDK8,D,1e-07,30,False,False,TDD,burst,25.0,[0.01292888 0.03401283 0.06675873 0.10430524],[0.00834069 0.02591585 0.05108198 0.08180157],[ 3.83022  10.085962 19.86243  30.698643],[ 2.5086339  8.046318  15.864749  22.764051 ],[8.293943 8.277607 8.254755 8.229214],[0.2912969  0.32300457 0.3546697  0.39271474],[8.307436 8.310596 8.312113 8.31137 ],[0.28931206 0.31602684 0.33770058 0.35521185]
DDK8,D,3e-07,1,False,False,TDD,burst,25.0,[0.00280103 0.00299899 0.00308041 0.00340697],[0.00149569 0.00153288 0.001558   0.00160481],[0.8278604  0.8877367  0.91102386 1.0083886 ],[0.44000998 0.45083827 0.45808405 0.47175777],[8.301235 8.301125 8.301037 8.300775],[0.02177969 0.02328834 0.02494436 0.02667162],[8.304571 8.304598 8.304624 8.304644],[0.02125929 0.02278931 0.02444145 0.02619203]
DDK8,D,3e-07,10,False,False,TDD,burst,25.0,[0.00506756 0.00762852 0.01124569 0.01514942],[0.00221204 0.00317022 0.00492293 0.00832062],[1.4903711 2.2432568 3.3056085 4.4640975],[0.64518356 0.91753376 1.4022613  2.3805437 ],[8.286588 8.283895 8.280488 8.276699],[0.13640876 0.15553677 0.1747817  0.19418783],[8.291802 8.291453 8.291422 8.291797],[0.13622427 0.15536554 0.17447104 0.193445  ]
DDK8,D,3e-07,30,False,False,TDD,burst,25.0,[0.01454793 0.02823921 0.05047054 0.08068582],[0.01419284 0.01775845 0.03218585 0.05252133],[ 4.241692  8.293273 14.903284 24.309055],[ 3.4304307  5.1018915  9.6773815 17.190142 ],[8.300085 8.280122 8.256981 8.228886],[0.2603577  0.29138526 0.32651934 0.3573051 ],[8.314291 8.305841 8.296564 8.287483],[0.25759736 0.28634158 0.31637365 0.34177953]
DDK8,A,3e-08,1,False,False,TDD,packagedrop,0.1,[0.00332008 0.00421922 0.00661627 0.01180251],[0.00214428 0.00390396 0.01026028 0.02535398],[0.88802123 1.1329252  1.8518262  3.3230486 ],[0.6091861 1.1809653 3.1489556 7.4520254],[8.330556 8.329149 8.327434 8.325085],[0.19010018 0.19465967 0.19962619 0.20517045],[8.330993 8.329849 8.328677 8.327478],[0.19007084 0.19461922 0.19951843 0.20474008]
DDK8,A,3e-08,10,False,False,TDD,packagedrop,0.1,[0.11160529 0.20090756 0.25647223 0.3504978 ],[0.22902118 0.36615604 0.31426212 0.4028025 ],[26.222734 40.421124 57.72786  78.759514],[ 64.75851  76.95105  95.57721 112.35483],[8.18498  8.146199 8.083471 8.03126 ],[0.55211586 0.62106717 0.6993316  0.77716094],[8.202797 8.202787 8.20477  8.210616],[0.5486622  0.603959   0.65337497 0.69756156]
DDK8,A,3e-08,30,False,False,TDD,packagedrop,0.1,[0.5164917  0.559218   0.75629205 0.93542486],[1.4985199  0.5978066  0.81638765 0.78602046],[ 65.4435   86.99234 133.50023 189.026  ],[109.187515  87.12156  113.85407  152.95868 ],[7.718382  7.4679785 7.270867  6.9306207],[1.0461084 1.445786  1.4530433 1.4804066],[7.9305916 7.937528  7.938669  7.9467754],[0.94080913 0.97129947 1.0151565  1.0446168 ]
DDK8,A,1e-07,1,False,False,TDD,packagedrop,0.1,[0.01097381 0.01153245 0.01298527 0.01596524],[0.00337729 0.00482742 0.00783109 0.01540235],[3.2565174 3.4229748 3.7906425 4.5382037],[1.6536697 2.2270699 2.9028416 4.543214 ],[8.259518 8.260194 8.260695 8.260762],[0.51538336 0.51586807 0.5165779  0.5176415 ],[8.262489 8.263346 8.264196 8.265036],[0.5146195  0.5150341  0.5156064  0.51633507]
DDK8,A,1e-07,10,False,False,TDD,packagedrop,0.1,[0.08788497 0.1628803  0.24852099 0.33690736],[0.17565054 0.26609704 0.44730544 0.4294013 ],[16.955189 32.401413 48.386368 71.67195 ],[ 41.734463  65.64627   80.03315  106.10823 ],[8.118625 8.088751 8.044087 7.976268],[0.6395944 0.6966312 0.7619386 0.8455665],[8.144523 8.146372 8.146507 8.145758],[0.6222944 0.6648694 0.7096781 0.7541992]
DDK8,A,1e-07,30,False,False,TDD,packagedrop,0.1,[0.69968855 0.7908083  0.953906   1.0664431 ],[1.0919604 1.2147833 1.208988  1.3533734],[139.94072 153.56409 194.06787 211.37651],[236.39699 223.40569 228.23045 192.26422],[7.7416897 7.5664015 7.212124  6.8099656],[1.2593573 1.3379288 1.6359429 1.6553897],[8.072836  8.0405245 7.9876432 7.931781 ],[0.9680374 1.0242085 1.0625325 1.0865595]
DDK8,A,3e-07,1,False,False,TDD,packagedrop,0.1,[0.00567196 0.00612589 0.00752132 0.01027366],[0.003938   0.00458064 0.00669745 0.01215759],[1.5747478 1.7279844 2.1424768 2.924275 ],[1.3037261 1.5927118 2.2038884 3.5405207],[8.209223 8.210419 8.211421 8.212154],[0.35369405 0.35487065 0.35618886 0.35771704],[8.213685 8.214922 8.216152 8.217376],[0.35320455 0.35431996 0.3555505  0.35689354]
DDK8,A,3e-07,10,False,False,TDD,packagedrop,0.1,[0.07123516 0.13253826 0.18243183 0.23624256],[0.2105725  0.32583705 0.36537352 0.40695792],[19.439262 35.05033  47.189312 59.515556],[57.90927  84.7412   92.75563  94.953285],[8.153231 8.122452 8.050941 8.008594],[0.622315  0.6805133 0.7904165 0.8539433],[8.171758 8.174995 8.178912 8.18387 ],[0.61714435 0.66222095 0.70273554 0.73701555]
DDK8,A,3e-07,30,False,False,TDD,packagedrop,0.1,[0.3834633  0.5133794  0.73838073 0.8517924 ],[0.59897184 0.6778404  0.9568835  0.7479569 ],[100.53165 129.42072 172.17064 211.33574],[181.27986 218.13654 198.44936 195.04218],[7.797065  7.7029405 7.417167  7.133469 ],[1.121017  1.1452507 1.3340718 1.603038 ],[8.039328 8.043646 8.03752  8.038265],[0.90889144 0.95316565 1.0154774  1.050955  ]
DDK8,C,3e-08,1,False,False,TDD,packagedrop,0.1,[0.00546124 0.00654708 0.00937141 0.01441452],[0.00231313 0.00345131 0.00805915 0.01944512],[1.1012077 1.3421333 1.9321816 2.9454703],[0.49070394 0.768973   1.8349633  4.1561303 ],[8.318801 8.319113 8.318969 8.317974],[0.13169566 0.1341224  0.13728352 0.14128815],[8.320241 8.321053 8.321877 8.322711],[0.1314964  0.13392694 0.13672413 0.13986447]
DDK8,C,3e-08,10,False,False,TDD,packagedrop,0.1,[0.16800137 0.2853688  0.44241455 0.5551385 ],[0.4427869  0.53759915 0.6883124  0.8296236 ],[ 28.233227  52.36291   78.32082  108.67717 ],[ 66.33117  98.33855 110.7708  124.68125],[8.164415  8.043187  7.8587084 7.7555323],[0.44110745 0.56143206 0.8872574  0.7948722 ],[8.214156 8.200949 8.206897 8.228696],[0.43586653 0.47545165 0.5107417  0.53240734]
DDK8,C,3e-08,30,False,False,TDD,packagedrop,0.1,[0.7022657  0.94632256 1.1781404  1.1279035 ],[0.8824521  0.78230774 1.0312692  0.67821306],[144.38078 199.82394 244.48032 249.44041],[219.1782  183.95554 169.10403 145.87883],[7.7060533 7.0179596 6.458438  6.120901 ],[1.0295099 1.4753647 1.5290006 1.4580693],[8.26459   8.2423935 8.200481  8.146262 ],[0.59722245 0.63432664 0.6843038  0.7340101 ]
DDK8,C,1e-07,1,False,False,TDD,packagedrop,0.1,[0.00898556 0.00972881 0.01148305 0.01542102],[0.00221073 0.00298577 0.00606343 0.01570113],[2.4852395 2.690401  3.2048118 4.3246984],[0.5803874 0.7772286 1.7927704 4.633215 ],[8.279492 8.278144 8.276547 8.274079],[0.20153764 0.20381267 0.20650455 0.20998217],[8.287666  8.286729  8.285783  8.2848215],[0.20094848 0.20314613 0.20554835 0.20814276]
DDK8,C,1e-07,10,False,False,TDD,packagedrop,0.1,[0.08890772 0.17450692 0.2926112  0.41974682],[0.16746855 0.25900966 0.33845416 0.38894537],[ 22.662046  44.740997  74.65179  108.34685 ],[ 43.813328  72.845116  98.152626 118.15052 ],[8.181428 8.090975 7.943673 7.734164],[0.4045931  0.4715938  0.57808876 0.7374078 ],[8.228059 8.225114 8.221141 8.218307],[0.4063242  0.44373652 0.4743657  0.49637356]
DDK8,C,1e-07,30,False,False,TDD,packagedrop,0.1,[0.483601   0.64080286 0.78266305 0.87656975],[0.61023366 0.49067146 0.46928012 0.3778622 ],[100.77919 146.37225 196.21434 230.16637],[118.7494  110.62302 138.06012 139.78331],[7.7641964 7.291887  6.9041185 6.43534  ],[0.9326768 1.1352344 1.2533183 1.5285069],[8.210542 8.202722 8.19268  8.180748],[0.5592177  0.55600965 0.5821842  0.64674735]
DDK8,C,3e-07,1,False,False,TDD,packagedrop,0.1,[0.00907816 0.00965226 0.01111048 0.01388526],[0.00250995 0.00387243 0.00679399 0.01413558],[2.7275414 2.9132273 3.3876135 4.283346 ],[0.8656556 1.2989877 2.2161942 4.5551233],[8.305233 8.305147 8.304782 8.303915],[0.12794341 0.12918447 0.13066885 0.13252588],[8.30922  8.309395 8.309544 8.309666],[0.12782563 0.12907478 0.13059264 0.132371  ]
DDK8,C,3e-07,10,False,False,TDD,packagedrop,0.1,[0.04749097 0.10119244 0.17342146 0.25460154],[0.12858346 0.20163563 0.24168032 0.24960954],[13.512177 28.414888 47.74651  70.73898 ],[40.126003 62.76115  72.10604  71.89308 ],[8.224395 8.17213  8.065448 7.960452],[0.3455346  0.3943864  0.58964103 0.6276695 ],[8.250104 8.243475 8.238306 8.233626],[0.33855358 0.37196392 0.40309045 0.43264046]
DDK8,C,3e-07,30,False,False,TDD,packagedrop,0.1,[0.3706841 0.5404058 0.7145042 0.8309825],[0.4925294  0.37830344 0.43290925 0.43178958],[105.65136 154.05115 206.50964 251.5651 ],[179.84312 136.63353 143.00941 161.45673],[7.8017945 7.4967675 7.1467633 6.8687763],[0.9061167 0.9976794 1.2551823 1.2377772],[8.243394  8.2595005 8.280929  8.2970915],[0.5275148  0.56576973 0.5995795  0.6289665 ]
DDK8,D,3e-08,1,False,False,TDD,packagedrop,0.1,[0.00121802 0.00173749 0.00321603 0.00667438],[0.00159895 0.00278311 0.00689186 0.01618713],[0.36163163 0.5215025  0.9740904  2.0402694 ],[0.5518608  0.96112144 2.193059   5.0160427 ],[8.313694 8.313497 8.313102 8.312543],[0.16901176 0.16933975 0.16976768 0.17014651],[8.314398 8.314319 8.314234 8.314145],[0.1689577  0.1692839  0.16965668 0.17007592]
DDK8,D,3e-08,10,False,False,TDD,packagedrop,0.1,[0.06546742 0.09754576 0.15194632 0.2018741 ],[0.23074862 0.2725806  0.38464713 0.43571457],[21.451166 31.352922 48.659893 64.39588 ],[ 82.736565  94.07552  134.95193  152.11937 ],[8.311167 8.303951 8.292732 8.281593],[0.22041883 0.23338525 0.2523489  0.26962197],[8.316226 8.317209 8.319232 8.322231],[0.22064124 0.22971565 0.23861213 0.24789669]
DDK8,D,3e-08,30,False,False,TDD,packagedrop,0.1,[0.38106614 0.36821547 0.5010716  0.57550126],[0.63478386 0.46030778 0.5695839  0.5576656 ],[111.53177 104.26309 140.22221 168.35895],[197.62776  126.400826 156.60109  169.25488 ],[8.2015295 8.11687   8.034709  8.017308 ],[0.4577602  0.40562406 0.56505984 0.529864  ],[8.279626 8.265633 8.254636 8.245803],[0.3149234  0.33140603 0.3475315  0.37491977]
DDK8,D,1e-07,1,False,False,TDD,packagedrop,0.1,[0.00148547 0.00177626 0.00252243 0.00499795],[0.00111757 0.00146906 0.00269524 0.0092022 ],[0.4440934  0.53165317 0.7572945  1.5090486 ],[0.33541024 0.4425165  0.8273979  2.832639  ],[8.307374 8.30748  8.307457 8.307261],[0.04591966 0.04712208 0.04839809 0.04977355],[8.30858  8.308749 8.308917 8.309082],[0.04570846 0.04691132 0.04821616 0.04961289]
DDK8,D,1e-07,10,False,False,TDD,packagedrop,0.1,[0.06120599 0.11230037 0.15610027 0.2090308 ],[0.17161618 0.2538686  0.30018577 0.36728477],[18.461128 33.642185 46.44031  62.13044 ],[ 54.31371   78.58476   89.29806  106.919136],[8.296621  8.2892685 8.2689    8.245227 ],[0.14439237 0.1647609  0.1950982  0.25045964],[8.302197 8.302738 8.303449 8.304353],[0.14413556 0.16243479 0.18018848 0.19722274]
DDK8,D,1e-07,30,False,False,TDD,packagedrop,0.1,[0.2805242  0.38749862 0.3843604  0.46780124],[0.59076977 0.62541646 0.4645883  0.45540133],[ 82.40992  116.73075  116.015915 142.586   ],[166.68704 178.29466 138.93    138.96167],[8.253451 8.198874 8.101844 8.075966],[0.35141724 0.35209146 0.63694656 0.4930245 ],[8.307436 8.310596 8.312113 8.31137 ],[0.28931206 0.31602684 0.33770058 0.35521185]
DDK8,D,3e-07,1,False,False,TDD,packagedrop,0.1,[0.00344621 0.00389683 0.00455889 0.00675019],[0.00264903 0.00353096 0.00425082 0.0091874 ],[1.0212995 1.1552196 1.351609  2.0007708],[0.7822339 1.0471195 1.2624055 2.7147985],[8.301221 8.301131 8.300999 8.300513],[0.02178442 0.02329024 0.02491117 0.02662253],[8.304571 8.304598 8.304624 8.304644],[0.02125929 0.02278931 0.02444145 0.02619203]
DDK8,D,3e-07,10,False,False,TDD,packagedrop,0.1,[0.06936479 0.11453958 0.14597443 0.17877959],[0.17911813 0.24292752 0.2620531  0.2627038 ],[21.027893 35.289974 44.985508 54.470985],[54.736576 76.83116  85.36285  86.10019 ],[8.284023 8.272327 8.267601 8.238101],[0.13620834 0.15640377 0.17732455 0.24487484],[8.291802 8.291453 8.291422 8.291797],[0.13622427 0.15536554 0.17447104 0.193445  ]
DDK8,D,3e-07,30,False,False,TDD,packagedrop,0.1,[0.31358758 0.3450507  0.42422444 0.5225472 ],[0.52956885 0.4548971  0.50703853 0.59620243],[ 96.047516 102.949066 129.96805  167.14908 ],[162.42596 136.96184 171.46729 241.02208],[8.212782 8.132222 8.145997 8.049177],[0.38329718 0.59668064 0.51479566 0.56714064],[8.314291 8.305841 8.296564 8.287483],[0.25759736 0.28634158 0.31637365 0.34177953]
DDK8,A,3e-08,1,False,False,TDD,packagedrop,0.09,[0.00406117 0.00525544 0.00716751 0.01127088],[0.00695215 0.01153771 0.01576668 0.02088794],[1.0900766 1.388551  1.8733261 2.9846332],[1.9095266 3.0864043 4.1642895 5.765531 ],[8.330565 8.329136 8.327534 8.325537],[0.19017321 0.19477399 0.1998354  0.20530804],[8.330993 8.329849 8.328677 8.327478],[0.19007084 0.19461922 0.19951843 0.20474008]
DDK8,A,3e-08,10,False,False,TDD,packagedrop,0.09,[0.1345088  0.24153204 0.3264137  0.45278454],[0.39917678 0.58634984 0.63070685 0.85012263],[36.712063 59.999928 73.131744 90.69809 ],[152.62425 213.99745 195.6517  183.80026],[8.185757 8.142693 8.078283 8.039968],[0.5555442  0.6427038  0.76973706 0.8106353 ],[8.202797 8.202787 8.20477  8.210616],[0.5486622  0.603959   0.65337497 0.69756156]
DDK8,A,3e-08,30,False,False,TDD,packagedrop,0.09,[0.5507602 0.7066753 0.9209539 1.1426349],[0.94596314 1.179922   1.0606388  1.5759652 ],[ 84.6347    92.648056 138.36803  182.4416  ],[143.45755 110.84987 123.88243 156.46658],[7.685257  7.4823527 7.288295  7.0201097],[1.1040856 1.3213995 1.3826902 1.645267 ],[7.9305916 7.937528  7.938669  7.9467754],[0.94080913 0.97129947 1.0151565  1.0446168 ]
DDK8,A,1e-07,1,False,False,TDD,packagedrop,0.09,[0.01099358 0.01169029 0.01317878 0.01652013],[0.00238269 0.0036227  0.00544833 0.01140293],[3.2458868 3.413753  3.8320189 4.798045 ],[1.2776802 1.5183998 2.0991313 4.251782 ],[8.259537 8.260229 8.260685 8.260787],[0.5153198 0.5157681 0.5163764 0.5171674],[8.262489 8.263346 8.264196 8.265036],[0.5146195  0.5150341  0.5156064  0.51633507]
DDK8,A,1e-07,10,False,False,TDD,packagedrop,0.09,[0.08905917 0.15414864 0.20400672 0.25428748],[0.30074814 0.3744617  0.3612732  0.35063726],[21.733156 35.658154 47.185    59.796944],[ 83.12367  110.70075  108.06403  109.827156],[8.124124 8.097093 8.057096 8.016636],[0.63121337 0.6890935  0.7582794  0.82720006],[8.144523 8.146372 8.146507 8.145758],[0.6222944 0.6648694 0.7096781 0.7541992]
DDK8,A,1e-07,30,False,False,TDD,packagedrop,0.09,[0.5240538  0.82001805 0.9887267  1.1944342 ],[0.875366  1.5724751 1.6482244 1.7986553],[105.29702 132.90533 176.11742 222.0632 ],[179.09187 179.30109 205.94608 224.11359],[7.778335  7.6027293 7.2518373 6.8275604],[1.2326343 1.379874  1.5528934 1.6298484],[8.072836  8.0405245 7.9876432 7.931781 ],[0.9680374 1.0242085 1.0625325 1.0865595]
DDK8,A,3e-07,1,False,False,TDD,packagedrop,0.09,[0.00524004 0.00550095 0.00635    0.00833224],[0.00323353 0.00360783 0.00459896 0.00841024],[1.4200767 1.5019214 1.7559847 2.3417952],[1.0086277 1.1497248 1.458434  2.5942585],[8.209269 8.210482 8.211522 8.212318],[0.35368645 0.35480157 0.35604852 0.35741982],[8.213685 8.214922 8.216152 8.217376],[0.35320455 0.35431996 0.3555505  0.35689354]
DDK8,A,3e-07,10,False,False,TDD,packagedrop,0.09,[0.07223797 0.12248699 0.16654886 0.22327323],[0.24787876 0.36150673 0.3681202  0.41557258],[20.813004 33.214943 45.04996  58.982468],[ 84.015144 116.630394 124.50761  138.36661 ],[8.154736 8.119345 8.101318 8.068228],[0.62306696 0.7020217  0.740395   0.791095  ],[8.171758 8.174995 8.178912 8.18387 ],[0.61714435 0.66222095 0.70273554 0.73701555]
DDK8,A,3e-07,30,False,False,TDD,packagedrop,0.09,[0.42974082 0.6088689  0.7615184  0.8604475 ],[0.73499006 0.8246448  0.86548555 0.6733968 ],[116.46351 165.56297 186.36298 227.5767 ],[239.14482 248.27864 210.0337  215.35126],[7.853342  7.7340965 7.5073237 7.2494903],[1.0032146 1.1185336 1.3360313 1.4181591],[8.039328 8.043646 8.03752  8.038265],[0.90889144 0.95316565 1.0154774  1.050955  ]
DDK8,C,3e-08,1,False,False,TDD,packagedrop,0.09,[0.00542283 0.00673384 0.00970312 0.01585043],[0.0032901  0.0051967  0.0097109  0.02167894],[1.1123263 1.433347  2.2218468 3.796948 ],[0.924138  1.5105932 3.2544816 7.3835526],[8.3188305 8.319159  8.319136  8.318179 ],[0.13168216 0.13408257 0.1368479  0.13986146],[8.320241 8.321053 8.321877 8.322711],[0.1314964  0.13392694 0.13672413 0.13986447]
DDK8,C,3e-08,10,False,False,TDD,packagedrop,0.09,[0.1316165  0.25762108 0.4037827  0.51338744],[0.27450466 0.4073132  0.5242244  0.52155477],[ 26.290354  49.9325    76.23165  103.822235],[ 68.8379  106.27589 126.83568 125.00802],[8.166729  8.051354  7.922658  7.7572827],[0.45522258 0.569582   0.7058191  0.83550537],[8.214156 8.200949 8.206897 8.228696],[0.43586653 0.47545165 0.5107417  0.53240734]
DDK8,C,3e-08,30,False,False,TDD,packagedrop,0.09,[0.60024697 0.8861357  1.0255767  1.0792106 ],[0.71882707 0.6221312  0.5767947  0.5589516 ],[111.997314 178.83295  229.4098   247.38841 ],[140.15959 131.85071 141.9522  130.93074],[7.8059626 7.0350204 6.407614  6.0919695],[0.9088283 1.4562551 1.7080988 1.4794408],[8.26459   8.2423935 8.200481  8.146262 ],[0.59722245 0.63432664 0.6843038  0.7340101 ]
DDK8,C,1e-07,1,False,False,TDD,packagedrop,0.09,[0.00870118 0.00942987 0.01144875 0.01559455],[0.00184779 0.00279139 0.00689763 0.01670314],[2.4026568 2.6126535 3.2416961 4.4962916],[0.4804651  0.76036775 2.1143389  5.1651196 ],[8.279479 8.278147 8.276449 8.273942],[0.20139258 0.20362844 0.2060342  0.2086982 ],[8.287666  8.286729  8.285783  8.2848215],[0.20094848 0.20314613 0.20554835 0.20814276]
DDK8,C,1e-07,10,False,False,TDD,packagedrop,0.09,[0.09941462 0.1894613  0.28828454 0.40275487],[0.22280507 0.31196707 0.33802074 0.35304287],[23.706684 44.506824 68.62298  99.5777  ],[58.85322  80.353584 88.11574  97.02345 ],[8.185368  8.111675  7.995218  7.7909307],[0.42070735 0.48981282 0.5706601  0.7126597 ],[8.228059 8.225114 8.221141 8.218307],[0.4063242  0.44373652 0.4743657  0.49637356]
DDK8,C,1e-07,30,False,False,TDD,packagedrop,0.09,[0.5260024  0.713187   0.8180634  0.90674573],[0.6403253  0.53631735 0.4167855  0.35441554],[130.2148  185.87627 213.2193  243.78555],[187.4696  168.18332 142.8744  138.14348],[7.6625504 7.040637  6.729584  6.473849 ],[1.0506891 1.2959559 1.2892668 1.3262994],[8.210542 8.202722 8.19268  8.180748],[0.5592177  0.55600965 0.5821842  0.64674735]
DDK8,C,3e-07,1,False,False,TDD,packagedrop,0.09,[0.00906388 0.00957414 0.01109515 0.01448223],[0.00230699 0.00310217 0.00540129 0.01192314],[2.7118506 2.870638  3.3461099 4.3834624],[0.6965175  0.92543536 1.6587925  3.7485766 ],[8.305265  8.3052025 8.304849  8.303925 ],[0.12801565 0.1292774  0.1308679  0.13291122],[8.30922  8.309395 8.309544 8.309666],[0.12782563 0.12907478 0.13059264 0.132371  ]
DDK8,C,3e-07,10,False,False,TDD,packagedrop,0.09,[0.12467126 0.20214422 0.26095608 0.32344383],[0.42837426 0.58145744 0.5474854  0.48612997],[38.12971  61.25915  77.328514 94.07273 ],[139.71172 193.2639  186.99396 164.9181 ],[8.221595 8.167103 8.076    7.968646],[0.34170884 0.3908343  0.45427367 0.5277002 ],[8.250104 8.243475 8.238306 8.233626],[0.33855358 0.37196392 0.40309045 0.43264046]
DDK8,C,3e-07,30,False,False,TDD,packagedrop,0.09,[0.36454484 0.53860766 0.6807115  0.7735607 ],[0.48870763 0.42952275 0.41648507 0.37192476],[ 99.44881 145.43355 193.3651  229.87547],[162.92621 137.86467 129.34471 131.04176],[7.882485  7.46397   7.0956655 6.8270206],[0.8071359 1.1746113 1.372009  1.3520532],[8.243394  8.2595005 8.280929  8.2970915],[0.5275148  0.56576973 0.5995795  0.6289665 ]
DDK8,D,3e-08,1,False,False,TDD,packagedrop,0.09,[0.00141199 0.00208288 0.00358344 0.00706672],[0.00258248 0.00453816 0.00915756 0.01479221],[0.42231122 0.63639003 1.1190149  2.2240853 ],[0.883436  1.5676037 3.1445816 4.9214897],[8.313688 8.313495 8.313175 8.312647],[0.16901682 0.16929853 0.16965291 0.16994804],[8.314398 8.314319 8.314234 8.314145],[0.1689577  0.1692839  0.16965668 0.17007592]
DDK8,D,3e-08,10,False,False,TDD,packagedrop,0.09,[0.0739697  0.11367862 0.12862468 0.15632226],[0.24514496 0.31536275 0.27613333 0.27928957],[21.965452 34.148155 39.195805 48.058075],[73.74295 93.88568 83.00939 84.81611],[8.31078  8.304298 8.291375 8.275134],[0.22130953 0.2313266  0.24853274 0.3053864 ],[8.316226 8.317209 8.319232 8.322231],[0.22064124 0.22971565 0.23861213 0.24789669]
DDK8,D,3e-08,30,False,False,TDD,packagedrop,0.09,[0.35582763 0.34767005 0.51230437 0.54462934],[0.6690647  0.60521597 0.6907772  0.5384243 ],[ 96.3172   92.38661 142.60329 157.1224 ],[167.42995 111.58389 166.31409 140.82513],[8.208386  8.126986  8.067344  7.9864984],[0.36248398 0.51382446 0.43486688 0.52299094],[8.279626 8.265633 8.254636 8.245803],[0.3149234  0.33140603 0.3475315  0.37491977]
DDK8,D,1e-07,1,False,False,TDD,packagedrop,0.09,[0.00163952 0.00217322 0.00351597 0.0073568 ],[0.00157721 0.0022907  0.00615801 0.01711293],[0.4900939 0.6524489 1.0592633 2.2268763],[0.468886   0.69835514 1.895889   5.261989  ],[8.30737  8.307457 8.307409 8.307264],[0.04590547 0.04710037 0.04836317 0.04976294],[8.30858  8.308749 8.308917 8.309082],[0.04570846 0.04691132 0.04821616 0.04961289]
DDK8,D,1e-07,10,False,False,TDD,packagedrop,0.09,[0.05965595 0.09625807 0.1291938  0.167905  ],[0.15954052 0.22447817 0.2967562  0.33905798],[17.35679  27.973444 37.65467  48.76166 ],[46.575466 66.27707  86.79769  96.514595],[8.297652 8.289121 8.262043 8.272024],[0.14467067 0.16811943 0.29170537 0.20455271],[8.302197 8.302738 8.303449 8.304353],[0.14413556 0.16243479 0.18018848 0.19722274]
DDK8,D,1e-07,30,False,False,TDD,packagedrop,0.09,[0.32582068 0.3655331  0.40128002 0.43554568],[0.6699674  0.6572208  0.58074194 0.48205522],[103.619385 117.306366 122.34998  131.97527 ],[220.33466 226.8624  186.60245 144.03899],[8.257201 8.154462 8.183072 8.090173],[0.30418232 0.48925057 0.4027135  0.5300471 ],[8.307436 8.310596 8.312113 8.31137 ],[0.28931206 0.31602684 0.33770058 0.35521185]
DDK8,D,3e-07,1,False,False,TDD,packagedrop,0.09,[0.00317705 0.00362781 0.00500796 0.00823014],[0.00206611 0.00235049 0.00549626 0.01333885],[0.94048667 1.0753344  1.4903996  2.4640281 ],[0.6120544  0.69898003 1.6499335  4.038594  ],[8.301215 8.301119 8.300949 8.300534],[0.02183768 0.02335089 0.02500817 0.0268325 ],[8.304571 8.304598 8.304624 8.304644],[0.02125929 0.02278931 0.02444145 0.02619203]
DDK8,D,3e-07,10,False,False,TDD,packagedrop,0.09,[0.08995748 0.13409449 0.16458577 0.18932302],[0.27189985 0.36507508 0.40912718 0.41706553],[26.45064  39.483627 48.117844 55.385242],[ 79.55295  105.96577  116.808846 117.04704 ],[8.285045 8.277046 8.271207 8.260701],[0.1365792  0.15658881 0.17974834 0.19848932],[8.291802 8.291453 8.291422 8.291797],[0.13622427 0.15536554 0.17447104 0.193445  ]
DDK8,D,3e-07,30,False,False,TDD,packagedrop,0.09,[0.38420054 0.42487952 0.45658067 0.5070657 ],[0.64321035 0.59026676 0.6053758  0.4855593 ],[118.61917 130.92776 142.57631 156.66647],[201.36446 192.66586 202.64497 154.0214 ],[8.23251  8.191931 8.137558 8.035786],[0.360076   0.3859832  0.49589536 0.60862696],[8.314291 8.305841 8.296564 8.287483],[0.25759736 0.28634158 0.31637365 0.34177953]
DDK8,A,3e-08,1,False,False,TDD,packagedrop,0.08,[0.00315319 0.00424473 0.00665257 0.01151711],[0.00169142 0.00336898 0.00752987 0.01858064],[0.8334317 1.1061896 1.879543  3.361107 ],[0.43134433 0.81815535 2.4847822  6.071016  ],[8.330552 8.329098 8.327299 8.324981],[0.19015536 0.19476113 0.1997214  0.20519347],[8.330993 8.329849 8.328677 8.327478],[0.19007084 0.19461922 0.19951843 0.20474008]
DDK8,A,3e-08,10,False,False,TDD,packagedrop,0.08,[0.07672014 0.14847681 0.20501444 0.2874717 ],[0.24223047 0.32931024 0.32421923 0.4550805 ],[19.793089 30.116621 45.593277 61.824814],[ 97.867096 108.7956   118.760735 111.836754],[8.18919  8.163599 8.124739 8.069857],[0.55385447 0.622846   0.69674134 0.77661103],[8.202797 8.202787 8.20477  8.210616],[0.5486622  0.603959   0.65337497 0.69756156]
DDK8,A,3e-08,30,False,False,TDD,packagedrop,0.08,[0.49196273 0.76340073 0.8888353  0.9306911 ],[0.860909   1.3190649  1.1271092  0.84519047],[ 73.494675  99.87745  148.94194  182.31834 ],[154.67624 174.23499 172.19144 198.37164],[7.67803   7.5352907 7.282667  7.199849 ],[1.1790715 1.4621732 1.515581  1.3854071],[7.9305916 7.937528  7.938669  7.9467754],[0.94080913 0.97129947 1.0151565  1.0446168 ]
DDK8,A,1e-07,1,False,False,TDD,packagedrop,0.08,[0.01069645 0.01105617 0.01223467 0.01526885],[0.00192361 0.00262052 0.00482107 0.01202764],[3.1747808 3.2956119 3.7073667 4.7718544],[1.1409713 1.3259101 2.1094496 4.9901633],[8.259544 8.260231 8.260721 8.260813],[0.51533574 0.51577306 0.51632047 0.51708484],[8.262489 8.263346 8.264196 8.265036],[0.5146195  0.5150341  0.5156064  0.51633507]
DDK8,A,1e-07,10,False,False,TDD,packagedrop,0.08,[0.11198153 0.1740254  0.21562785 0.27343544],[0.43893594 0.5146746  0.35416013 0.32773742],[36.08211  50.38813  53.542255 66.07895 ],[195.32477 230.15234 145.31775 122.3265 ],[8.127163 8.098211 8.052233 7.979856],[0.6306887  0.68464565 0.7605981  0.89033455],[8.144523 8.146372 8.146507 8.145758],[0.6222944 0.6648694 0.7096781 0.7541992]
DDK8,A,1e-07,30,False,False,TDD,packagedrop,0.08,[0.47439906 0.64139783 0.9276491  0.892189  ],[0.8506696 1.2667766 1.9716002 0.649042 ],[ 89.58088 104.39337 157.60268 193.24994],[150.2027  137.17973 171.21611 176.34178],[7.802868  7.6033545 7.2689333 6.752256 ],[1.2067382 1.3355879 1.5156453 1.632003 ],[8.072836  8.0405245 7.9876432 7.931781 ],[0.9680374 1.0242085 1.0625325 1.0865595]
DDK8,A,3e-07,1,False,False,TDD,packagedrop,0.08,[0.00511733 0.00536658 0.00624345 0.00826158],[0.00319603 0.0033189  0.00434401 0.00902607],[1.3793336 1.4568436 1.7314202 2.3344843],[0.93371487 0.9810785  1.357339   2.9276145 ],[8.209234 8.210427 8.211445 8.212261],[0.35366806 0.3548254  0.35612196 0.35748348],[8.213685 8.214922 8.216152 8.217376],[0.35320455 0.35431996 0.3555505  0.35689354]
DDK8,A,3e-07,10,False,False,TDD,packagedrop,0.08,[0.05231691 0.10407312 0.15907581 0.21235658],[0.14039592 0.23178658 0.29226497 0.3007335 ],[14.812611 28.935642 42.7902   55.59729 ],[ 47.27479   80.093315 103.333885 106.854515],[8.154312  8.132798  8.101747  8.0601225],[0.6236439  0.68179333 0.73993576 0.811911  ],[8.171758 8.174995 8.178912 8.18387 ],[0.61714435 0.66222095 0.70273554 0.73701555]
DDK8,A,3e-07,30,False,False,TDD,packagedrop,0.08,[0.26731992 0.39770484 0.5628506  0.6824709 ],[0.41966453 0.47737798 0.4745791  0.40860096],[ 67.057594 109.225525 141.67867  192.77693 ],[130.15408 182.89911 158.71416 200.78467],[7.8476353 7.7017784 7.4787006 7.1527886],[1.1433804 1.1766698 1.3465699 1.4235405],[8.039328 8.043646 8.03752  8.038265],[0.90889144 0.95316565 1.0154774  1.050955  ]
DDK8,C,3e-08,1,False,False,TDD,packagedrop,0.08,[0.00512878 0.00601722 0.00839908 0.01325581],[0.00179976 0.00251546 0.00694226 0.01714104],[1.0295304 1.2311517 1.7566648 2.8496096],[0.3361992  0.55344445 1.8324673  4.7712274 ],[8.318839 8.319106 8.318989 8.317926],[0.1316106  0.13401595 0.13690694 0.14045992],[8.320241 8.321053 8.321877 8.322711],[0.1314964  0.13392694 0.13672413 0.13986447]
DDK8,C,3e-08,10,False,False,TDD,packagedrop,0.08,[0.07508839 0.18699542 0.31464112 0.43771645],[0.11547318 0.28253362 0.32335913 0.3747656 ],[13.684054 30.535189 55.327744 88.12309 ],[29.90807  45.930225 67.52505  91.368   ],[8.18771   8.101195  7.979083  7.8252697],[0.4418246 0.5174463 0.6505306 0.7679825],[8.214156 8.200949 8.206897 8.228696],[0.43586653 0.47545165 0.5107417  0.53240734]
DDK8,C,3e-08,30,False,False,TDD,packagedrop,0.08,[0.72938234 0.9208175  1.120877   1.0631377 ],[1.374169  0.8135019 1.0395789 0.5698072],[124.51633 185.25745 225.02422 237.64447],[177.57463 186.89355 173.44737 146.26901],[7.730599  7.129283  6.526947  6.1423945],[1.0746511 1.3914148 1.6929231 1.7726421],[8.26459   8.2423935 8.200481  8.146262 ],[0.59722245 0.63432664 0.6843038  0.7340101 ]
DDK8,C,1e-07,1,False,False,TDD,packagedrop,0.08,[0.00936597 0.0103656  0.0123609  0.01630524],[0.00422088 0.00634646 0.00960894 0.01816201],[2.6176887 2.9242043 3.4914482 4.624267 ],[1.2960566 1.9981242 2.8997753 5.290814 ],[8.279483 8.278111 8.276513 8.27403 ],[0.20147091 0.20370555 0.20638156 0.20984635],[8.287666  8.286729  8.285783  8.2848215],[0.20094848 0.20314613 0.20554835 0.20814276]
DDK8,C,1e-07,10,False,False,TDD,packagedrop,0.08,[0.10189922 0.18372717 0.276572   0.3740288 ],[0.33522686 0.44029126 0.44354793 0.42665976],[26.004267 44.47637  68.05353  94.96073 ],[ 99.1054   109.455635 106.208855 106.88389 ],[8.186865  8.119202  7.9987197 7.8487434],[0.4163456  0.48377797 0.57636976 0.64962804],[8.228059 8.225114 8.221141 8.218307],[0.4063242  0.44373652 0.4743657  0.49637356]
DDK8,C,1e-07,30,False,False,TDD,packagedrop,0.08,[0.43046916 0.61409163 0.77152085 0.86508393],[0.57918733 0.46706548 0.4817624  0.34299758],[106.33506 151.53665 189.85652 230.8268 ],[162.81146 136.59991 123.47338 145.3043 ],[7.699625  7.207906  6.8204613 6.4715514],[1.0005699 1.3227338 1.246654  1.4511975],[8.210542 8.202722 8.19268  8.180748],[0.5592177  0.55600965 0.5821842  0.64674735]
DDK8,C,3e-07,1,False,False,TDD,packagedrop,0.08,[0.00883939 0.00920623 0.01060631 0.01412333],[0.00185661 0.00224235 0.0055329  0.01497949],[2.6499634 2.7721794 3.2531266 4.4119053],[0.5959189 0.7573091 1.9793993 5.2202525],[8.305284 8.305244 8.304929 8.304124],[0.12799115 0.1292692  0.13075379 0.13246052],[8.30922  8.309395 8.309544 8.309666],[0.12782563 0.12907478 0.13059264 0.132371  ]
DDK8,C,3e-07,10,False,False,TDD,packagedrop,0.08,[0.06035701 0.12308317 0.19510952 0.27670145],[0.14707752 0.23911817 0.2684617  0.29372475],[16.940016 34.115128 54.059933 77.21646 ],[41.57616  64.82429  77.891884 89.04631 ],[8.225615  8.172046  8.084598  7.9691525],[0.34333917 0.39351568 0.45492047 0.54838204],[8.250104 8.243475 8.238306 8.233626],[0.33855358 0.37196392 0.40309045 0.43264046]
DDK8,C,3e-07,30,False,False,TDD,packagedrop,0.08,[0.35315937 0.48108348 0.69495744 0.73938066],[0.40216315 0.33412194 0.43803954 0.29825008],[ 99.995056 136.61893  200.5433   226.16046 ],[131.91867 120.32226 139.55193 133.76082],[7.679343  7.4453945 7.078666  6.8858933],[1.1242721 1.1960926 1.3462888 1.3408931],[8.243394  8.2595005 8.280929  8.2970915],[0.5275148  0.56576973 0.5995795  0.6289665 ]
DDK8,D,3e-08,1,False,False,TDD,packagedrop,0.08,[0.00130116 0.00171591 0.00276777 0.00571807],[0.00236487 0.00307434 0.0057776  0.01476637],[0.36233053 0.47993195 0.79253083 1.6765372 ],[0.61806    0.80647475 1.6949604  4.472029  ],[8.313703 8.313526 8.313203 8.31268 ],[0.16906656 0.16937825 0.16975214 0.17024696],[8.314398 8.314319 8.314234 8.314145],[0.1689577  0.1692839  0.16965668 0.17007592]
DDK8,D,3e-08,10,False,False,TDD,packagedrop,0.08,[0.05306154 0.0943501  0.12195957 0.15345773],[0.1853424  0.24866396 0.28767356 0.30000302],[17.096268 29.607832 38.09458  47.129013],[62.300903 81.945404 94.82846  94.643974],[8.311222 8.30323  8.294197 8.231243],[0.2207284  0.23077992 0.23952049 0.49370936],[8.316226 8.317209 8.319232 8.322231],[0.22064124 0.22971565 0.23861213 0.24789669]
DDK8,D,3e-08,30,False,False,TDD,packagedrop,0.08,[0.3440337  0.3302058  0.4200754  0.44099823],[0.65977323 0.5232416  0.5085291  0.39298773],[103.76238   96.71223  125.829315 132.05533 ],[204.70883 159.10245 164.4272  132.68938],[8.211914  8.175015  8.099994  7.9986973],[0.4041185  0.3787941  0.4785151  0.48920485],[8.279626 8.265633 8.254636 8.245803],[0.3149234  0.33140603 0.3475315  0.37491977]
DDK8,D,1e-07,1,False,False,TDD,packagedrop,0.08,[0.0013958  0.00176494 0.00226613 0.00395687],[0.00097188 0.0013528  0.00245666 0.00652777],[0.41594875 0.52642334 0.67689794 1.189322  ],[0.2865806  0.40332243 0.7395774  1.9677352 ],[8.307388 8.307489 8.307471 8.3073  ],[0.04592384 0.04712344 0.04847793 0.04992798],[8.30858  8.308749 8.308917 8.309082],[0.04570846 0.04691132 0.04821616 0.04961289]
DDK8,D,1e-07,10,False,False,TDD,packagedrop,0.08,[0.0775136  0.12714571 0.15113588 0.17707594],[0.22654456 0.3230938  0.35208976 0.36907542],[24.182259 39.58371  47.25169  55.001675],[ 71.395134 101.699394 113.13566  118.608284],[8.296534 8.284526 8.278828 8.266932],[0.1434125  0.16605847 0.18596599 0.20924461],[8.302197 8.302738 8.303449 8.304353],[0.14413556 0.16243479 0.18018848 0.19722274]
DDK8,D,1e-07,30,False,False,TDD,packagedrop,0.08,[0.24064693 0.37468374 0.41311967 0.518348  ],[0.441956  0.6555456 0.4443576 0.559326 ],[ 75.28394 115.47462 128.73125 160.92325],[144.4529  204.61661 147.57819 184.52997],[8.252918 8.189709 8.127983 8.055452],[0.30969694 0.43241167 0.5210661  0.6831289 ],[8.307436 8.310596 8.312113 8.31137 ],[0.28931206 0.31602684 0.33770058 0.35521185]
DDK8,D,3e-07,1,False,False,TDD,packagedrop,0.08,[0.0032965  0.00380641 0.00505731 0.00742898],[0.00221931 0.00323764 0.00719984 0.01312413],[0.9740852 1.1254457 1.4998304 2.2066092],[0.6519408  0.95078737 2.1483443  3.9261055 ],[8.301191 8.301109 8.300938 8.300556],[0.02181062 0.02334116 0.02500302 0.02685519],[8.304571 8.304598 8.304624 8.304644],[0.02125929 0.02278931 0.02444145 0.02619203]
DDK8,D,3e-07,10,False,False,TDD,packagedrop,0.08,[0.12064378 0.16341338 0.19851325 0.2150815 ],[0.49966243 0.5796064  0.55905753 0.47094032],[36.8945   49.866356 60.521828 65.42833 ],[152.80894 177.61124 172.09677 145.33069],[8.285067 8.277802 8.26871  8.255196],[0.13602951 0.15627693 0.17912458 0.21494046],[8.291802 8.291453 8.291422 8.291797],[0.13622427 0.15536554 0.17447104 0.193445  ]
DDK8,D,3e-07,30,False,False,TDD,packagedrop,0.08,[0.26473397 0.29053006 0.3195697  0.39949387],[0.48591712 0.4503879  0.36616275 0.57621926],[ 80.514755  87.11694   95.941826 119.0089  ],[154.59576 136.9554  114.09738 164.79544],[8.265977 8.192231 8.183007 8.108138],[0.2794255  0.4068141  0.40244076 0.5146776 ],[8.314291 8.305841 8.296564 8.287483],[0.25759736 0.28634158 0.31637365 0.34177953]
DDK8,A,3e-08,1,False,False,TDD,packagedrop,0.07,[0.00324242 0.00412072 0.00596192 0.00991578],[0.00245741 0.00368643 0.0065313  0.01398049],[0.87885875 1.0863674  1.6224612  2.7535062 ],[0.7839697 1.1180764 2.0154514 4.3166356],[8.33058  8.329161 8.327539 8.32546 ],[0.1901094  0.19463871 0.19945067 0.20462713],[8.330993 8.329849 8.328677 8.327478],[0.19007084 0.19461922 0.19951843 0.20474008]
DDK8,A,3e-08,10,False,False,TDD,packagedrop,0.07,[0.13688767 0.21103844 0.27228847 0.34955165],[0.4447725  0.49204868 0.49541658 0.5619415 ],[39.24093  55.870495 67.57739  78.942635],[158.63913 166.72035 157.62479 137.25891],[8.188844 8.158502 8.102741 8.048122],[0.5522467  0.61761826 0.69382584 0.77083194],[8.202797 8.202787 8.20477  8.210616],[0.5486622  0.603959   0.65337497 0.69756156]
DDK8,A,3e-08,30,False,False,TDD,packagedrop,0.07,[0.45833755 0.6218851  1.0513386  0.9719488 ],[0.99961746 1.0087272  2.6178453  0.92921066],[ 60.811222  83.56614  131.1979   184.08434 ],[125.6386  114.14424 122.84552 178.08914],[7.751118  7.5588098 7.311375  7.0916643],[1.0703751 1.3764657 1.4932206 1.538335 ],[7.9305916 7.937528  7.938669  7.9467754],[0.94080913 0.97129947 1.0151565  1.0446168 ]
DDK8,A,1e-07,1,False,False,TDD,packagedrop,0.07,[0.01161206 0.01242787 0.01413647 0.01698461],[0.01175089 0.01679249 0.02376399 0.02932767],[3.470123  3.7308788 4.287067  5.1736813],[3.8833046 5.474185  7.7769866 9.866976 ],[8.259585 8.260268 8.260811 8.26095 ],[0.51532847 0.5157766  0.516355   0.51712793],[8.262489 8.263346 8.264196 8.265036],[0.5146195  0.5150341  0.5156064  0.51633507]
DDK8,A,1e-07,10,False,False,TDD,packagedrop,0.07,[0.1234773  0.19878069 0.25075585 0.28475946],[0.65356755 0.8608204  0.7616073  0.6402444 ],[22.34385  36.062588 49.184277 64.37664 ],[ 86.24227 102.56444 105.30833 118.9012 ],[8.129505  8.108369  8.0735655 8.027378 ],[0.627601   0.6773925  0.72860235 0.7862098 ],[8.144523 8.146372 8.146507 8.145758],[0.6222944 0.6648694 0.7096781 0.7541992]
DDK8,A,1e-07,30,False,False,TDD,packagedrop,0.07,[0.43157017 0.632947   1.0044292  0.9528559 ],[0.9804857 1.2019535 3.0450695 0.88682  ],[ 91.21482 110.02528 165.00937 193.7294 ],[184.21883 161.04796 205.01001 179.55089],[7.9124513 7.6849055 7.2880125 6.8954844],[1.0437891 1.2050409 1.4694614 1.6075507],[8.072836  8.0405245 7.9876432 7.931781 ],[0.9680374 1.0242085 1.0625325 1.0865595]
DDK8,A,3e-07,1,False,False,TDD,packagedrop,0.07,[0.00504965 0.00524616 0.00628734 0.00857672],[0.00313236 0.00319622 0.00536226 0.01229587],[1.3656859 1.4290895 1.7825272 2.5046022],[0.92302525 0.9688364  1.926356   4.3140507 ],[8.209282 8.210506 8.211579 8.21244 ],[0.35367656 0.35478926 0.35602024 0.3573628 ],[8.213685 8.214922 8.216152 8.217376],[0.35320455 0.35431996 0.3555505  0.35689354]
DDK8,A,3e-07,10,False,False,TDD,packagedrop,0.07,[0.04678528 0.08665146 0.14396708 0.19199955],[0.10080521 0.15348795 0.23509444 0.277427  ],[13.308983 23.17476  38.77272  49.853912],[35.610542 51.93224  77.04361  86.97126 ],[8.155782 8.134046 8.099824 8.050656],[0.62336326 0.68119544 0.7507373  0.83673245],[8.171758 8.174995 8.178912 8.18387 ],[0.61714435 0.66222095 0.70273554 0.73701555]
DDK8,A,3e-07,30,False,False,TDD,packagedrop,0.07,[0.33349732 0.48158452 0.6120118  0.7367197 ],[0.5599052  0.7747493  0.79188555 0.63692254],[ 81.32017  109.907616 148.47656  191.24869 ],[148.25668 143.16731 148.35443 160.47241],[7.873936  7.7721887 7.526267  7.2726946],[1.0038767 1.048363  1.2855637 1.4639037],[8.039328 8.043646 8.03752  8.038265],[0.90889144 0.95316565 1.0154774  1.050955  ]
DDK8,C,3e-08,1,False,False,TDD,packagedrop,0.07,[0.00523704 0.00630907 0.00892821 0.01411343],[0.00226762 0.00344914 0.0074608  0.01689519],[1.0354371 1.2542369 1.8168733 2.939997 ],[0.44612026 0.7680126  1.878854   4.4427137 ],[8.31889  8.31923  8.319276 8.318514],[0.1316294  0.13406193 0.13692465 0.14033434],[8.320241 8.321053 8.321877 8.322711],[0.1314964  0.13392694 0.13672413 0.13986447]
DDK8,C,3e-08,10,False,False,TDD,packagedrop,0.07,[0.06791126 0.16927394 0.31482735 0.4218319 ],[0.1274485  0.25006992 0.37878084 0.39343932],[11.808294 28.520098 54.507046 84.83254 ],[ 34.734486  59.336132  88.02539  101.89368 ],[8.185093  8.104877  7.98788   7.8240905],[0.4518955  0.5320053  0.65937114 0.79734176],[8.214156 8.200949 8.206897 8.228696],[0.43586653 0.47545165 0.5107417  0.53240734]
DDK8,C,3e-08,30,False,False,TDD,packagedrop,0.07,[0.54678607 0.87731445 0.98394537 1.0788126 ],[0.66200656 0.67682093 0.60361075 0.5581319 ],[ 99.818016 174.48468  220.17352  242.2512  ],[133.94601 147.37201 142.85358 155.73943],[7.820351 7.140372 6.558193 6.227613],[0.9956011 1.3442559 1.4542125 1.5247983],[8.26459   8.2423935 8.200481  8.146262 ],[0.59722245 0.63432664 0.6843038  0.7340101 ]
DDK8,C,1e-07,1,False,False,TDD,packagedrop,0.07,[0.0086465  0.00911552 0.01022798 0.01266375],[0.00235687 0.00297378 0.00468635 0.01004007],[2.3987844 2.5459275 2.9066434 3.661502 ],[0.69197583 0.9279869  1.6214     3.5769186 ],[8.279611 8.27834  8.276831 8.27474 ],[0.20139764 0.20358898 0.20598704 0.20849138],[8.287666  8.286729  8.285783  8.2848215],[0.20094848 0.20314613 0.20554835 0.20814276]
DDK8,C,1e-07,10,False,False,TDD,packagedrop,0.07,[0.06661969 0.1481489  0.2487698  0.35927674],[0.16751015 0.30725086 0.36140102 0.378148  ],[17.333801 37.431076 64.37743  94.436516],[ 46.202908  80.1238   100.48588  115.1775  ],[8.196585  8.137047  8.029162  7.8749547],[0.40532622 0.45453578 0.502273   0.5891961 ],[8.228059 8.225114 8.221141 8.218307],[0.4063242  0.44373652 0.4743657  0.49637356]
DDK8,C,1e-07,30,False,False,TDD,packagedrop,0.07,[0.4345346 0.6285145 0.8323718 0.8882606],[0.55335325 0.39886317 0.55485946 0.33708072],[109.00953 156.00401 206.49448 241.15283],[156.75542 122.36375 140.31783 143.59238],[7.8157682 7.3272414 6.956098  6.4875793],[0.908727  1.0781227 1.0718011 1.3097178],[8.210542 8.202722 8.19268  8.180748],[0.5592177  0.55600965 0.5821842  0.64674735]
DDK8,C,3e-07,1,False,False,TDD,packagedrop,0.07,[0.00883    0.00928147 0.0110508  0.01481154],[0.00179909 0.00237934 0.00630665 0.01605592],[2.6445148 2.7897391 3.3619516 4.544751 ],[0.57729715 0.7836647  2.1864383  5.3961177 ],[8.305262 8.305175 8.304822 8.303943],[0.12797713 0.12925164 0.13080005 0.13280265],[8.30922  8.309395 8.309544 8.309666],[0.12782563 0.12907478 0.13059264 0.132371  ]
DDK8,C,3e-07,10,False,False,TDD,packagedrop,0.07,[0.09729113 0.15252979 0.2047906  0.26641312],[0.32981223 0.42856964 0.42469442 0.4095916 ],[28.68901  44.624355 59.502785 76.37703 ],[102.34406 138.22328 139.57999 131.5032 ],[8.2215   8.170634 8.082458 7.95112 ],[0.34592128 0.40315604 0.49996626 0.69503284],[8.250104 8.243475 8.238306 8.233626],[0.33855358 0.37196392 0.40309045 0.43264046]
DDK8,C,3e-07,30,False,False,TDD,packagedrop,0.07,[0.37776795 0.49260426 0.62009436 0.7276752 ],[0.5583454  0.36156172 0.32871142 0.3048467 ],[ 95.86543 134.70885 175.6646  216.62332],[141.32509  119.2963   107.00813  125.590866],[7.756674  7.462878  7.2089033 6.9024477],[1.1513338 1.224312  1.2477659 1.3322979],[8.243394  8.2595005 8.280929  8.2970915],[0.5275148  0.56576973 0.5995795  0.6289665 ]
DDK8,D,3e-08,1,False,False,TDD,packagedrop,0.07,[0.00118155 0.00137044 0.00181989 0.00343916],[0.00151906 0.00149599 0.0023476  0.00745204],[0.34008685 0.39514294 0.5260005  0.987814  ],[0.46034452 0.45364082 0.66968066 2.0753691 ],[8.313691 8.313524 8.313211 8.312667],[0.16906896 0.16941866 0.16986464 0.17047203],[8.314398 8.314319 8.314234 8.314145],[0.1689577  0.1692839  0.16965668 0.17007592]
DDK8,D,3e-08,10,False,False,TDD,packagedrop,0.07,[0.03652955 0.05771222 0.08333104 0.11061671],[0.1352888  0.2039167  0.25719962 0.2782583 ],[11.401167 17.692429 25.447432 33.880024],[39.91661  58.495155 73.55571  79.84948 ],[8.311521 8.306469 8.300586 8.273375],[0.21975982 0.22943424 0.23871468 0.3222407 ],[8.316226 8.317209 8.319232 8.322231],[0.22064124 0.22971565 0.23861213 0.24789669]
DDK8,D,3e-08,30,False,False,TDD,packagedrop,0.07,[0.2937497  0.29789403 0.40204772 0.38421574],[0.6933517  0.5468639  0.8948477  0.41898593],[ 83.89311   84.79875  114.23469  114.666565],[190.71504 156.37587 213.44269 128.41603],[8.224794  8.1746855 8.0963545 8.041617 ],[0.36290035 0.37403685 0.44421554 0.45406663],[8.279626 8.265633 8.254636 8.245803],[0.3149234  0.33140603 0.3475315  0.37491977]
DDK8,D,1e-07,1,False,False,TDD,packagedrop,0.07,[0.00141775 0.0016808  0.00253144 0.00473499],[0.00111234 0.00131551 0.00381676 0.01114628],[0.42455614 0.5030396  0.7550455  1.4133493 ],[0.34449333 0.3976238  1.1284261  3.3066943 ],[8.307387 8.30749  8.307455 8.30727 ],[0.04593434 0.04713835 0.04844906 0.04991458],[8.30858  8.308749 8.308917 8.309082],[0.04570846 0.04691132 0.04821616 0.04961289]
DDK8,D,1e-07,10,False,False,TDD,packagedrop,0.07,[0.07031257 0.10665679 0.13788736 0.17086698],[0.25900778 0.3556194  0.35685292 0.36239675],[21.466555 32.843994 42.17704  52.1823  ],[ 80.215164 113.36843  114.36257  116.32576 ],[8.296474 8.28773  8.2819   8.273247],[0.14503957 0.1694232  0.1860225  0.2044511 ],[8.302197 8.302738 8.303449 8.304353],[0.14413556 0.16243479 0.18018848 0.19722274]
DDK8,D,1e-07,30,False,False,TDD,packagedrop,0.07,[0.26099718 0.32747525 0.35665852 0.38638481],[0.5996497  0.65004617 0.4890554  0.4523094 ],[ 80.94042  104.29865  111.253555 117.55256 ],[185.79276 212.10872 160.32542 142.10931],[8.272872 8.184051 8.174353 8.151416],[0.3005354  0.4265783  0.41365463 0.43062228],[8.307436 8.310596 8.312113 8.31137 ],[0.28931206 0.31602684 0.33770058 0.35521185]
DDK8,D,3e-07,1,False,False,TDD,packagedrop,0.07,[0.00326392 0.00385998 0.00521747 0.00852846],[0.00213962 0.00304007 0.00599119 0.01489265],[0.9674645 1.1411244 1.5414575 2.517823 ],[0.63606304 0.8921969  1.7461027  4.3701406 ],[8.301209  8.301105  8.3009815 8.300644 ],[0.02181696 0.02332422 0.02498559 0.02673072],[8.304571 8.304598 8.304624 8.304644],[0.02125929 0.02278931 0.02444145 0.02619203]
DDK8,D,3e-07,10,False,False,TDD,packagedrop,0.07,[0.04018456 0.08326816 0.11341459 0.14220414],[0.14640765 0.31003287 0.35064653 0.35574076],[12.200669 25.239046 34.426224 43.1552  ],[ 44.42643   93.92077  107.09806  109.675865],[8.285632 8.280396 8.275852 8.267734],[0.13615939 0.15499584 0.17457865 0.19398399],[8.291802 8.291453 8.291422 8.291797],[0.13622427 0.15536554 0.17447104 0.193445  ]
DDK8,D,3e-07,30,False,False,TDD,packagedrop,0.07,[0.32603726 0.38821128 0.42902035 0.49606946],[0.6090865  0.587501   0.53034145 0.5976172 ],[100.780624 113.78403  125.82789  145.47107 ],[210.55788 177.90489 159.06021 172.2223 ],[8.251984 8.223455 8.165075 8.060049],[0.29805794 0.32225832 0.39151332 0.6299028 ],[8.314291 8.305841 8.296564 8.287483],[0.25759736 0.28634158 0.31637365 0.34177953]
DDK8,A,3e-08,1,False,False,TDD,packagedrop,0.06,[0.00306573 0.00374092 0.00519087 0.00748193],[0.001903   0.00302905 0.0062338  0.01036386],[0.8028804  0.96400285 1.3297813  1.8830546 ],[0.47734958 0.857955   1.925161   3.0500157 ],[8.3306055 8.329198  8.32768   8.325835 ],[0.1901319  0.19469212 0.19964516 0.20494327],[8.330993 8.329849 8.328677 8.327478],[0.19007084 0.19461922 0.19951843 0.20474008]
DDK8,A,3e-08,10,False,False,TDD,packagedrop,0.06,[0.07422126 0.1403189  0.20538421 0.27534983],[0.22475061 0.27401868 0.31145877 0.3609211 ],[12.372432 25.227293 41.424217 56.378616],[31.681744 54.71388  76.99773  81.34382 ],[8.188303 8.16191  8.112555 8.076477],[0.55768424 0.6268188  0.70224833 0.7773347 ],[8.202797 8.202787 8.20477  8.210616],[0.5486622  0.603959   0.65337497 0.69756156]
DDK8,A,3e-08,30,False,False,TDD,packagedrop,0.06,[0.4413098 0.6722662 0.9035015 0.9747683],[0.7917075 1.3375124 1.3870908 1.0484787],[ 75.86272  82.90227 129.11737 181.49174],[190.23683 128.79234 128.26302 164.98091],[7.6845884 7.5443892 7.2993693 6.9596357],[1.1764892 1.3390439 1.4542329 1.6713454],[7.9305916 7.937528  7.938669  7.9467754],[0.94080913 0.97129947 1.0151565  1.0446168 ]
DDK8,A,1e-07,1,False,False,TDD,packagedrop,0.06,[0.01062176 0.01105141 0.0121638  0.01486176],[0.00207786 0.00331745 0.00583365 0.01436635],[3.1349556 3.2517276 3.5718179 4.373779 ],[1.0829998 1.2730826 2.043183  5.079176 ],[8.25956  8.260253 8.260783 8.260934],[0.5153417 0.5157532 0.5163676 0.5171902],[8.262489 8.263346 8.264196 8.265036],[0.5146195  0.5150341  0.5156064  0.51633507]
DDK8,A,1e-07,10,False,False,TDD,packagedrop,0.06,[0.09231102 0.14941493 0.20796646 0.2518629 ],[0.3308036  0.39643598 0.4200851  0.38315207],[32.36837  48.277966 58.581078 73.17546 ],[167.27898 213.66118 197.26096 196.60521],[8.128919 8.105907 8.07454  8.02923 ],[0.63050896 0.6831835  0.7397783  0.80657005],[8.144523 8.146372 8.146507 8.145758],[0.6222944 0.6648694 0.7096781 0.7541992]
DDK8,A,1e-07,30,False,False,TDD,packagedrop,0.06,[0.33303455 0.54758006 0.73409253 1.134802  ],[0.6293696 1.0760908 1.3198829 2.688522 ],[ 61.973145  80.63833  121.07192  173.35449 ],[146.40065 105.3167  107.48948 139.81801],[7.8845415 7.7188478 7.40906   6.9758105],[1.1270441 1.2765636 1.4565012 1.6227418],[8.072836  8.0405245 7.9876432 7.931781 ],[0.9680374 1.0242085 1.0625325 1.0865595]
DDK8,A,3e-07,1,False,False,TDD,packagedrop,0.06,[0.00573678 0.00640576 0.00772108 0.01000079],[0.00571502 0.00884049 0.01252282 0.01770749],[1.5626811 1.7677352 2.1732411 2.8562253],[1.7586522 2.7229712 3.9047291 5.5291276],[8.209245 8.210442 8.211444 8.212147],[0.353703   0.35485822 0.356158   0.35761443],[8.213685 8.214922 8.216152 8.217376],[0.35320455 0.35431996 0.3555505  0.35689354]
DDK8,A,3e-07,10,False,False,TDD,packagedrop,0.06,[0.02538985 0.05532597 0.09760125 0.15413398],[0.03931758 0.07404669 0.10735811 0.14493151],[ 6.6968303 13.590462  23.018625  36.68089  ],[13.38005  23.375298 30.500767 39.85576 ],[8.156983 8.14299  8.118202 8.081342],[0.6207958  0.67286026 0.72799337 0.7870222 ],[8.171758 8.174995 8.178912 8.18387 ],[0.61714435 0.66222095 0.70273554 0.73701555]
DDK8,A,3e-07,30,False,False,TDD,packagedrop,0.06,[0.2500641  0.40929314 0.5621047  0.63306195],[0.49353984 0.73733866 0.75621724 0.48663548],[ 59.041313  94.99728  128.93433  161.04726 ],[130.56259 185.58762 182.45134 163.38695],[7.911881  7.788454  7.537811  7.2760863],[1.0398129 1.1482525 1.4183574 1.5261225],[8.039328 8.043646 8.03752  8.038265],[0.90889144 0.95316565 1.0154774  1.050955  ]
DDK8,C,3e-08,1,False,False,TDD,packagedrop,0.06,[0.00599227 0.00767902 0.01110391 0.01762977],[0.00395129 0.00634016 0.01192346 0.02397705],[1.2246529 1.5521237 2.2786384 3.7365797],[0.9757319 1.4990749 2.5848272 5.4739347],[8.318735 8.318927 8.318689 8.317319],[0.1316807  0.13406333 0.13677497 0.1399986 ],[8.320241 8.321053 8.321877 8.322711],[0.1314964  0.13392694 0.13672413 0.13986447]
DDK8,C,3e-08,10,False,False,TDD,packagedrop,0.06,[0.07138439 0.17667654 0.33254924 0.44345492],[0.12885326 0.23678072 0.426279   0.4485464 ],[13.876734 29.78256  53.08038  82.91557 ],[37.354923 57.386726 74.03958  91.7027  ],[8.185772  8.103841  7.9862947 7.8213496],[0.4410084  0.5080846  0.6349365  0.82721806],[8.214156 8.200949 8.206897 8.228696],[0.43586653 0.47545165 0.5107417  0.53240734]
DDK8,C,3e-08,30,False,False,TDD,packagedrop,0.06,[0.41726646 0.8282629  0.95369065 1.0367628 ],[0.40359315 0.6911039  0.5230988  0.5114221 ],[ 79.044075 159.63263  209.89507  239.8895  ],[ 85.75817 128.08704 134.16093 136.793  ],[7.8297744 7.190116  6.6078486 6.18522  ],[0.9305066 1.2779529 1.4310148 1.4894499],[8.26459   8.2423935 8.200481  8.146262 ],[0.59722245 0.63432664 0.6843038  0.7340101 ]
DDK8,C,1e-07,1,False,False,TDD,packagedrop,0.06,[0.00892045 0.00963053 0.01113983 0.01409271],[0.00249718 0.00360148 0.00663318 0.01440914],[2.456284  2.6576185 3.1127932 3.9887424],[0.66581446 0.9672784  1.9289825  4.3178086 ],[8.279551 8.278217 8.276646 8.274348],[0.20149948 0.20374459 0.2062949  0.20924804],[8.287666  8.286729  8.285783  8.2848215],[0.20094848 0.20314613 0.20554835 0.20814276]
DDK8,C,1e-07,10,False,False,TDD,packagedrop,0.06,[0.04383913 0.10464539 0.1911795  0.29940465],[0.05334134 0.11065139 0.17192873 0.23836966],[10.118333 24.666977 46.28781  74.50511 ],[12.85722  29.27378  50.346363 75.64112 ],[8.194925 8.132923 8.02776  7.868908],[0.40663767 0.46216434 0.54860395 0.64839077],[8.228059 8.225114 8.221141 8.218307],[0.4063242  0.44373652 0.4743657  0.49637356]
DDK8,C,1e-07,30,False,False,TDD,packagedrop,0.06,[0.42359528 0.64160025 0.7830091  0.8601372 ],[0.6251263  0.5951053  0.47337937 0.35094637],[107.34097 161.80972 195.68317 227.84007],[198.90422 174.36949 146.66978 141.70085],[7.879071  7.3642573 6.9633164 6.525702 ],[0.77798146 0.93961465 1.1780883  1.3890026 ],[8.210542 8.202722 8.19268  8.180748],[0.5592177  0.55600965 0.5821842  0.64674735]
DDK8,C,3e-07,1,False,False,TDD,packagedrop,0.06,[0.00873423 0.00904563 0.01015291 0.01261947],[0.00182264 0.00218343 0.00484313 0.01208514],[2.621386  2.7180755 3.0581923 3.8093421],[0.60219955 0.71776885 1.5320829  3.7544112 ],[8.305302 8.305253 8.304986 8.304345],[0.12794605 0.12921713 0.13074625 0.13262916],[8.30922  8.309395 8.309544 8.309666],[0.12782563 0.12907478 0.13059264 0.132371  ]
DDK8,C,3e-07,10,False,False,TDD,packagedrop,0.06,[0.0552083  0.10594644 0.1711966  0.25212428],[0.12280323 0.1856885  0.23292361 0.26262438],[16.110865 30.319979 48.445347 72.02652 ],[37.22194  55.81228  71.06868  82.441536],[8.219719  8.166623  8.079976  7.9673553],[0.34432966 0.39717302 0.47850922 0.5828627 ],[8.250104 8.243475 8.238306 8.233626],[0.33855358 0.37196392 0.40309045 0.43264046]
DDK8,C,3e-07,30,False,False,TDD,packagedrop,0.06,[0.35564077 0.49180153 0.5972104  0.7240631 ],[0.5707661  0.5105193  0.347868   0.39072567],[ 99.83158 134.41791 172.2722  213.50475],[176.13338  141.73343  124.912735 128.5357  ],[7.8423295 7.474207  7.237909  7.007384 ],[0.90635204 1.2300798  1.2573116  1.2263967 ],[8.243394  8.2595005 8.280929  8.2970915],[0.5275148  0.56576973 0.5995795  0.6289665 ]
DDK8,D,3e-08,1,False,False,TDD,packagedrop,0.06,[0.00100562 0.00130223 0.00207302 0.00371626],[0.00128712 0.00172971 0.00452528 0.01099605],[0.2859905  0.37845254 0.6318676  1.158938  ],[0.3441457 0.5183347 1.611563  3.8655138],[8.313733  8.313579  8.3133335 8.31289  ],[0.16901149 0.16933678 0.16965203 0.17001365],[8.314398 8.314319 8.314234 8.314145],[0.1689577  0.1692839  0.16965668 0.17007592]
DDK8,D,3e-08,10,False,False,TDD,packagedrop,0.06,[0.02518034 0.04569187 0.07841307 0.11132251],[0.08098435 0.1155476  0.17701407 0.21810088],[ 8.155813 14.813668 25.10616  35.33658 ],[26.91923  39.69153  59.930737 73.01436 ],[8.312499 8.307904 8.297859 8.265107],[0.22041681 0.22938645 0.2346439  0.34245697],[8.316226 8.317209 8.319232 8.322231],[0.22064124 0.22971565 0.23861213 0.24789669]
DDK8,D,3e-08,30,False,False,TDD,packagedrop,0.06,[0.27600116 0.28045225 0.410718   0.36872238],[0.66663045 0.6480309  0.9685849  0.42443928],[ 73.60599   73.842926 111.41469  107.64623 ],[171.74475 142.51167 215.75444 125.46079],[8.200742 8.1879   8.088123 8.036273],[0.390702   0.35348415 0.43007895 0.4988592 ],[8.279626 8.265633 8.254636 8.245803],[0.3149234  0.33140603 0.3475315  0.37491977]
DDK8,D,1e-07,1,False,False,TDD,packagedrop,0.06,[0.00124281 0.00146108 0.00192163 0.00359572],[0.00064714 0.00077969 0.00237102 0.00794333],[0.3702305 0.4352066 0.5697671 1.0677676],[0.19065323 0.22796878 0.6905664  2.3412051 ],[8.307421 8.307528 8.307574 8.307467],[0.04593189 0.04714157 0.04845948 0.04990732],[8.30858  8.308749 8.308917 8.309082],[0.04570846 0.04691132 0.04821616 0.04961289]
DDK8,D,1e-07,10,False,False,TDD,packagedrop,0.06,[0.04316407 0.07452399 0.11834069 0.14199859],[0.17820723 0.25893703 0.32260752 0.3530094 ],[13.322083 22.859037 36.263668 43.09543 ],[ 55.968334  80.56792  100.29681  107.75838 ],[8.297959  8.293711  8.274835  8.2674675],[0.14431863 0.16302586 0.19797876 0.2147021 ],[8.302197 8.302738 8.303449 8.304353],[0.14413556 0.16243479 0.18018848 0.19722274]
DDK8,D,1e-07,30,False,False,TDD,packagedrop,0.06,[0.23617989 0.26666299 0.37166274 0.42913345],[0.66758204 0.5143471  0.59516877 0.52497935],[ 69.47774  80.80768 110.49023 128.19072],[184.3492  150.46532 171.1911  152.94379],[8.27137  8.238728 8.2095   8.10223 ],[0.29859442 0.33692473 0.37503007 0.59093165],[8.307436 8.310596 8.312113 8.31137 ],[0.28931206 0.31602684 0.33770058 0.35521185]
DDK8,D,3e-07,1,False,False,TDD,packagedrop,0.06,[0.00297425 0.00334517 0.00415761 0.00595683],[0.00161795 0.00196915 0.00475029 0.01128669],[0.87926596 0.9897268  1.2305982  1.7730635 ],[0.47514585 0.5753873  1.3978988  3.3614976 ],[8.3012295 8.301143  8.301012  8.30069  ],[0.02177854 0.02326964 0.02488433 0.02655157],[8.304571 8.304598 8.304624 8.304644],[0.02125929 0.02278931 0.02444145 0.02619203]
DDK8,D,3e-07,10,False,False,TDD,packagedrop,0.06,[0.04856376 0.07680525 0.10928928 0.12308251],[0.18477744 0.33119854 0.36499217 0.35550234],[14.461734 23.06482  32.680603 36.8827  ],[ 56.251995 101.94627  112.09729  108.903175],[8.286086 8.281719 8.273977 8.270825],[0.13653757 0.15601748 0.17687331 0.19484083],[8.291802 8.291453 8.291422 8.291797],[0.13622427 0.15536554 0.17447104 0.193445  ]
DDK8,D,3e-07,30,False,False,TDD,packagedrop,0.06,[0.22239025 0.24628235 0.3226452  0.38642254],[0.43272874 0.32199147 0.38236758 0.48883066],[ 67.26297  74.11895 100.04652 117.67907],[131.90865  97.42074 125.29246 142.9912 ],[8.270191  8.1759615 8.165321  8.108635 ],[0.29072776 0.46153668 0.4191597  0.48222893],[8.314291 8.305841 8.296564 8.287483],[0.25759736 0.28634158 0.31637365 0.34177953]
DDK8,A,3e-08,1,False,False,TDD,packagedrop,0.05,[0.00336178 0.0042042  0.00584496 0.00923469],[0.00319586 0.00462783 0.00702381 0.01303833],[0.88260216 1.0509022  1.4636728  2.347916  ],[0.84170556 1.1120796  1.7035677  3.535944  ],[8.330588 8.329177 8.327619 8.325702],[0.19014406 0.19471504 0.1997201  0.20515692],[8.330993 8.329849 8.328677 8.327478],[0.19007084 0.19461922 0.19951843 0.20474008]
DDK8,A,3e-08,10,False,False,TDD,packagedrop,0.05,[0.04341024 0.09717321 0.15941314 0.2595292 ],[0.08600628 0.1357706  0.22631368 0.4711417 ],[ 8.508121 16.731926 26.541548 42.40147 ],[23.323765 30.414251 35.14825  45.395287],[8.192288  8.1695385 8.13065   8.089085 ],[0.5536432  0.622298   0.70204777 0.7783426 ],[8.202797 8.202787 8.20477  8.210616],[0.5486622  0.603959   0.65337497 0.69756156]
DDK8,A,3e-08,30,False,False,TDD,packagedrop,0.05,[0.5148833  0.60574174 0.7670195  0.872849  ],[1.321545   1.0829974  1.028853   0.76724565],[ 67.13582   83.302284 133.16908  176.86847 ],[155.54787 119.2479  143.89842 167.82602],[7.7082276 7.5333576 7.2967467 7.0399003],[1.1503904 1.3645248 1.4046583 1.5445915],[7.9305916 7.937528  7.938669  7.9467754],[0.94080913 0.97129947 1.0151565  1.0446168 ]
DDK8,A,1e-07,1,False,False,TDD,packagedrop,0.05,[0.01048699 0.01095518 0.01222667 0.01498201],[0.0017021  0.00258203 0.00515596 0.01145963],[3.117695 3.273589 3.673035 4.510422],[1.1410701 1.3670487 2.004199  3.8619337],[8.259593 8.260283 8.260841 8.260974],[0.51533115 0.51579964 0.5164002  0.5172216 ],[8.262489 8.263346 8.264196 8.265036],[0.5146195  0.5150341  0.5156064  0.51633507]
DDK8,A,1e-07,10,False,False,TDD,packagedrop,0.05,[0.05087762 0.09891158 0.14513671 0.19255398],[0.1410355  0.2291284  0.2581114  0.28866917],[10.567165 20.676868 30.28267  43.820698],[33.152676 58.915565 70.052704 85.888916],[8.130245 8.10148  8.062645 8.033282],[0.63094217 0.6974433  0.77587754 0.8118162 ],[8.144523 8.146372 8.146507 8.145758],[0.6222944 0.6648694 0.7096781 0.7541992]
DDK8,A,1e-07,30,False,False,TDD,packagedrop,0.05,[0.30502895 0.4024466  0.6547672  0.8249356 ],[0.55734867 0.46857172 0.9152425  0.7190136 ],[ 62.62671   89.612404 132.15308  177.70387 ],[110.48519 146.81442 199.84923 233.5866 ],[7.9119086 7.71819   7.435587  7.0368767],[1.0683521 1.3138117 1.4712294 1.5936776],[8.072836  8.0405245 7.9876432 7.931781 ],[0.9680374 1.0242085 1.0625325 1.0865595]
DDK8,A,3e-07,1,False,False,TDD,packagedrop,0.05,[0.0050054  0.00521595 0.0066283  0.00977849],[0.00312088 0.00327663 0.00742692 0.01674438],[1.3534513 1.4159608 1.8820938 2.829469 ],[0.95082814 1.0438206  2.812589   5.862807  ],[8.209262 8.210474 8.211479 8.212211],[0.35368362 0.35483366 0.35611945 0.3575637 ],[8.213685 8.214922 8.216152 8.217376],[0.35320455 0.35431996 0.3555505  0.35689354]
DDK8,A,3e-07,10,False,False,TDD,packagedrop,0.05,[0.028064   0.06226486 0.10099458 0.15494758],[0.05831054 0.10452221 0.12658182 0.17076968],[ 7.8528175 15.971075  25.535599  39.45124  ],[23.087202 36.667244 46.667553 61.905964],[8.15786  8.140269 8.116093 8.074309],[0.62040764 0.6730976  0.7292819  0.7920995 ],[8.171758 8.174995 8.178912 8.18387 ],[0.61714435 0.66222095 0.70273554 0.73701555]
DDK8,A,3e-07,30,False,False,TDD,packagedrop,0.05,[0.26496977 0.30845958 0.582142   0.67826897],[0.68109936 0.47408473 0.9276361  0.59880865],[ 67.45542  70.65335 137.12216 171.46489],[195.28517  95.59132 164.59837 177.04265],[7.8990517 7.825998  7.61542   7.3535414],[0.98114854 1.0797538  1.2434243  1.427472  ],[8.039328 8.043646 8.03752  8.038265],[0.90889144 0.95316565 1.0154774  1.050955  ]
DDK8,C,3e-08,1,False,False,TDD,packagedrop,0.05,[0.00534772 0.00655841 0.00911621 0.01392407],[0.0030883  0.00483562 0.00907911 0.01806124],[1.0670383 1.2921855 1.7898934 2.7457492],[0.7482045 1.068115  1.920524  3.899985 ],[8.3188925 8.319232  8.31921   8.318426 ],[0.13160023 0.13394648 0.1365589  0.13946784],[8.320241 8.321053 8.321877 8.322711],[0.1314964  0.13392694 0.13672413 0.13986447]
DDK8,C,3e-08,10,False,False,TDD,packagedrop,0.05,[0.05491817 0.16573009 0.3266482  0.4343545 ],[0.07330565 0.21647146 0.41460764 0.39484662],[ 9.186266 23.78288  48.791092 80.54376 ],[16.117224 27.756615 49.899467 71.03197 ],[8.191547  8.114376  7.9871264 7.8207903],[0.43916804 0.49774966 0.6129955  0.7617024 ],[8.214156 8.200949 8.206897 8.228696],[0.43586653 0.47545165 0.5107417  0.53240734]
DDK8,C,3e-08,30,False,False,TDD,packagedrop,0.05,[0.56232697 0.8826175  1.107046   1.0595825 ],[0.88907343 0.9093335  1.067669   0.7764424 ],[ 96.27556 159.92595 208.88875 226.56175],[172.64578 130.56348 130.67001 125.47981],[7.87315   7.175707  6.559967  6.2390594],[0.93385243 1.3632762  1.6519208  1.7400482 ],[8.26459   8.2423935 8.200481  8.146262 ],[0.59722245 0.63432664 0.6843038  0.7340101 ]
DDK8,C,1e-07,1,False,False,TDD,packagedrop,0.05,[0.00846834 0.00890433 0.00992196 0.01171209],[0.00190284 0.00257563 0.00547598 0.01012179],[2.3307981 2.454391  2.7703567 3.2893467],[0.44433174 0.7186866  2.1874843  4.0612483 ],[8.279638 8.278374 8.276921 8.274927],[0.20141561 0.20359501 0.20596762 0.20850001],[8.287666  8.286729  8.285783  8.2848215],[0.20094848 0.20314613 0.20554835 0.20814276]
DDK8,C,1e-07,10,False,False,TDD,packagedrop,0.05,[0.05625993 0.11532447 0.21090901 0.3165639 ],[0.15041968 0.236201   0.33657968 0.35893902],[15.416187 30.67407  55.17474  82.091805],[ 50.032814  74.45866   97.701515 105.34067 ],[8.197315  8.145531  8.041732  7.8873463],[0.4032585  0.44134873 0.49557126 0.6014643 ],[8.228059 8.225114 8.221141 8.218307],[0.4063242  0.44373652 0.4743657  0.49637356]
DDK8,C,1e-07,30,False,False,TDD,packagedrop,0.05,[0.43011197 0.5596864  0.7080868  0.81454   ],[0.73562187 0.4363697  0.3449636  0.28026384],[ 95.911285 137.17743  180.11356  220.75856 ],[153.52678 124.78997 124.59465 136.96721],[7.8412867 7.3774276 7.016236  6.5846705],[0.8112641 1.135683  1.1261742 1.3147095],[8.210542 8.202722 8.19268  8.180748],[0.5592177  0.55600965 0.5821842  0.64674735]
DDK8,C,3e-07,1,False,False,TDD,packagedrop,0.05,[0.00859101 0.00875423 0.00930712 0.01044558],[0.00149798 0.00163595 0.00293418 0.00724982],[2.5764883 2.630833  2.8010447 3.1475887],[0.50996846 0.5708695  1.0229571  2.4720562 ],[8.305346 8.305348 8.305158 8.304658],[0.12797825 0.12922823 0.13073461 0.13247642],[8.30922  8.309395 8.309544 8.309666],[0.12782563 0.12907478 0.13059264 0.132371  ]
DDK8,C,3e-07,10,False,False,TDD,packagedrop,0.05,[0.05342829 0.09383727 0.1613046  0.24892949],[0.12549314 0.19981548 0.28398916 0.34763324],[15.584909 26.569408 45.2398   70.52221 ],[ 38.144253  58.633186  83.49025  105.34675 ],[8.229271 8.187211 8.113624 8.009718],[0.34194523 0.389067   0.46047345 0.554808  ],[8.250104 8.243475 8.238306 8.233626],[0.33855358 0.37196392 0.40309045 0.43264046]
DDK8,C,3e-07,30,False,False,TDD,packagedrop,0.05,[0.27560234 0.44850522 0.587258   0.6961787 ],[0.46269095 0.4154791  0.38111207 0.3004982 ],[ 72.32351 121.67415 164.67244 208.21088],[135.48827  127.27307  117.738396 111.20097 ],[7.9778776 7.620368  7.3747697 7.02316  ],[0.70709336 1.0395733  1.2096426  1.3059062 ],[8.243394  8.2595005 8.280929  8.2970915],[0.5275148  0.56576973 0.5995795  0.6289665 ]
DDK8,D,3e-08,1,False,False,TDD,packagedrop,0.05,[0.00110774 0.00154774 0.00245304 0.00445898],[0.00175154 0.0027844  0.00494652 0.0110992 ],[0.3084767  0.4323172  0.69764435 1.2925918 ],[0.43417498 0.6838525  1.3653175  3.229415  ],[8.313735 8.313578 8.313318 8.312943],[0.16904294 0.16935952 0.16978467 0.17024948],[8.314398 8.314319 8.314234 8.314145],[0.1689577  0.1692839  0.16965668 0.17007592]
DDK8,D,3e-08,10,False,False,TDD,packagedrop,0.05,[0.03380355 0.05928575 0.08564071 0.11272299],[0.13345586 0.19961762 0.25560784 0.29917017],[ 9.644108 17.087156 24.668116 32.530018],[35.553547 53.555054 68.99864  80.24691 ],[8.312291 8.307344 8.289349 8.292351],[0.22177665 0.2323303  0.27282286 0.25424734],[8.316226 8.317209 8.319232 8.322231],[0.22064124 0.22971565 0.23861213 0.24789669]
DDK8,D,3e-08,30,False,False,TDD,packagedrop,0.05,[0.1525453  0.19164562 0.28223267 0.3166777 ],[0.3562075  0.28451493 0.4437944  0.32484186],[43.768497 55.4508   83.359406 91.64539 ],[107.43258   82.519264 131.6736    95.1034  ],[8.233319 8.192142 8.128029 8.058985],[0.36680576 0.3568583  0.40654713 0.46583048],[8.279626 8.265633 8.254636 8.245803],[0.3149234  0.33140603 0.3475315  0.37491977]
DDK8,D,1e-07,1,False,False,TDD,packagedrop,0.05,[0.00136617 0.00164485 0.00232033 0.00458616],[0.00141105 0.00151682 0.00383263 0.0119449 ],[0.40828758 0.4903909  0.6879607  1.3656775 ],[0.4207488  0.44979286 1.1123353  3.5191574 ],[8.307398 8.307478 8.30743  8.307175],[0.04593647 0.04714041 0.04846048 0.04983383],[8.30858  8.308749 8.308917 8.309082],[0.04570846 0.04691132 0.04821616 0.04961289]
DDK8,D,1e-07,10,False,False,TDD,packagedrop,0.05,[0.03299209 0.06162442 0.09613607 0.10964079],[0.14985956 0.2345795  0.31049457 0.31493217],[ 9.8464   18.452827 28.677    33.04519 ],[44.337025 69.91562  93.24602  95.89646 ],[8.298526 8.294522 8.289883 8.281309],[0.14455068 0.16378267 0.1830792  0.20421492],[8.302197 8.302738 8.303449 8.304353],[0.14413556 0.16243479 0.18018848 0.19722274]
DDK8,D,1e-07,30,False,False,TDD,packagedrop,0.05,[0.18754992 0.21113725 0.283095   0.31494784],[0.46924478 0.4054073  0.455084   0.41233343],[ 58.156734  67.65469   89.94165  100.03797 ],[145.98105 144.14926 159.55142 152.65318],[8.26965  8.243689 8.201049 8.167623],[0.30881193 0.33834368 0.4005965  0.41087294],[8.307436 8.310596 8.312113 8.31137 ],[0.28931206 0.31602684 0.33770058 0.35521185]
DDK8,D,3e-07,1,False,False,TDD,packagedrop,0.05,[0.00298057 0.00333547 0.00421027 0.00599899],[0.00165942 0.00199234 0.00475074 0.01142741],[0.8814924 0.988775  1.2484437 1.7831426],[0.48933974 0.58939904 1.405531   3.3940992 ],[8.3012295 8.301144  8.301011  8.300737 ],[0.02181226 0.02331773 0.02497294 0.02671065],[8.304571 8.304598 8.304624 8.304644],[0.02125929 0.02278931 0.02444145 0.02619203]
DDK8,D,3e-07,10,False,False,TDD,packagedrop,0.05,[0.06110326 0.09315201 0.10815422 0.12191361],[0.24864897 0.3438656  0.32102928 0.29294065],[18.383734 28.040308 32.71366  37.027016],[ 74.476685 103.76392   97.12196   88.69878 ],[8.285829 8.280659 8.260661 8.250946],[0.13674623 0.15700807 0.23269685 0.25612262],[8.291802 8.291453 8.291422 8.291797],[0.13622427 0.15536554 0.17447104 0.193445  ]
DDK8,D,3e-07,30,False,False,TDD,packagedrop,0.05,[0.2735091  0.25905716 0.34989944 0.3892073 ],[0.51580936 0.42357564 0.497337   0.4858871 ],[ 81.192505  76.76385  102.75904  112.29732 ],[150.35751 125.69401 149.62326 141.27261],[8.253947 8.251602 8.160513 8.131226],[0.32700887 0.30207396 0.548556   0.47954005],[8.314291 8.305841 8.296564 8.287483],[0.25759736 0.28634158 0.31637365 0.34177953]
DDK8,A,3e-08,1,False,False,TDD,packagedrop,0.04,[0.00308882 0.00363845 0.00457771 0.00654954],[0.00238043 0.00318507 0.00386384 0.00713253],[0.8184052  0.94198054 1.1642329  1.6991434 ],[0.69937956 0.93503994 1.1976744  2.5856464 ],[8.330613 8.329225 8.327743 8.325976],[0.19011189 0.1946801  0.19959216 0.20477612],[8.330993 8.329849 8.328677 8.327478],[0.19007084 0.19461922 0.19951843 0.20474008]
DDK8,A,3e-08,10,False,False,TDD,packagedrop,0.04,[0.04822635 0.11277028 0.17675361 0.26206142],[0.1290463  0.22015867 0.29275438 0.43521577],[ 8.825958 19.199335 29.844395 43.70794 ],[30.57562  46.520584 56.758583 59.89794 ],[8.19326  8.169867 8.143527 8.105661],[0.5521694  0.61718965 0.6829855  0.7563323 ],[8.202797 8.202787 8.20477  8.210616],[0.5486622  0.603959   0.65337497 0.69756156]
DDK8,A,3e-08,30,False,False,TDD,packagedrop,0.04,[0.32336575 0.5511538  0.62550324 0.852229  ],[0.6074537  1.3911523  0.4889574  0.72955817],[ 64.596725  65.89098  122.639694 161.98106 ],[223.91309 146.27872 158.53593 149.31328],[7.758135  7.6583834 7.390093  7.1154747],[1.0753055 1.1907991 1.3137056 1.5642833],[7.9305916 7.937528  7.938669  7.9467754],[0.94080913 0.97129947 1.0151565  1.0446168 ]
DDK8,A,1e-07,1,False,False,TDD,packagedrop,0.04,[0.01059693 0.01093278 0.01186369 0.01359737],[0.00214893 0.00328612 0.00515018 0.00874498],[3.116466  3.1946967 3.4232788 3.8782663],[1.0280383 1.125673  1.3854649 2.337896 ],[8.259602 8.260321 8.260914 8.26115 ],[0.5153168  0.51577675 0.51642627 0.5173145 ],[8.262489 8.263346 8.264196 8.265036],[0.5146195  0.5150341  0.5156064  0.51633507]
DDK8,A,1e-07,10,False,False,TDD,packagedrop,0.04,[0.04143916 0.08741556 0.1390785  0.16885835],[0.0998864  0.19265273 0.3056965  0.22948031],[ 8.839836 16.059572 23.727476 34.468437],[24.108839 44.23285  53.952103 59.96476 ],[8.13117  8.11196  8.087162 8.045832],[0.62860346 0.68324715 0.73854834 0.8179741 ],[8.144523 8.146372 8.146507 8.145758],[0.6222944 0.6648694 0.7096781 0.7541992]
DDK8,A,1e-07,30,False,False,TDD,packagedrop,0.04,[0.3111095  0.55420834 0.68882585 0.8405018 ],[0.49393266 1.4124428  0.79119915 0.9396286 ],[ 77.22603 106.57429 144.57437 184.26529],[158.74112 172.72388 169.95354 192.70262],[7.9141865 7.680536  7.2486043 7.0480876],[1.106383  1.2303603 1.7060713 1.5198298],[8.072836  8.0405245 7.9876432 7.931781 ],[0.9680374 1.0242085 1.0625325 1.0865595]
DDK8,A,3e-07,1,False,False,TDD,packagedrop,0.04,[0.00484892 0.00492933 0.0051402  0.00566065],[0.00299661 0.00294742 0.00287626 0.00315209],[1.3048148 1.3273914 1.3811749 1.5119168],[0.88456607 0.8689184  0.8500973  0.9039626 ],[8.209272 8.210505 8.21161  8.212598],[0.35368106 0.3548396  0.3561001  0.35749105],[8.213685 8.214922 8.216152 8.217376],[0.35320455 0.35431996 0.3555505  0.35689354]
DDK8,A,3e-07,10,False,False,TDD,packagedrop,0.04,[0.04496905 0.07690839 0.11278521 0.16359001],[0.18134704 0.19188137 0.1801426  0.21610376],[14.1074095 22.902834  31.222418  43.816998 ],[67.50603 72.959   70.50023 83.25901],[8.157827 8.132582 8.106098 8.079815],[0.62041664 0.6717232  0.7282197  0.78232914],[8.171758 8.174995 8.178912 8.18387 ],[0.61714435 0.66222095 0.70273554 0.73701555]
DDK8,A,3e-07,30,False,False,TDD,packagedrop,0.04,[0.23102728 0.32768798 0.49977437 0.646477  ],[0.6167239  0.5107179  0.5576627  0.50296134],[ 61.179733  81.08676  122.71505  166.54594 ],[202.78854 151.1622  156.72263 161.55754],[7.930521  7.854859  7.642624  7.3512335],[0.96262133 1.0232735  1.1886564  1.3572586 ],[8.039328 8.043646 8.03752  8.038265],[0.90889144 0.95316565 1.0154774  1.050955  ]
DDK8,C,3e-08,1,False,False,TDD,packagedrop,0.04,[0.00501784 0.00591043 0.00788092 0.01200339],[0.00216521 0.00318824 0.00592215 0.01339682],[1.0096889 1.2125431 1.6374594 2.4953992],[0.44473037 0.772652   1.6150494  3.761651  ],[8.318919 8.319292 8.319457 8.318901],[0.13163613 0.13407941 0.13701893 0.14042316],[8.320241 8.321053 8.321877 8.322711],[0.1314964  0.13392694 0.13672413 0.13986447]
DDK8,C,3e-08,10,False,False,TDD,packagedrop,0.04,[0.05979088 0.14847039 0.2733397  0.38714683],[0.1551505  0.19872968 0.30541074 0.3513844 ],[ 8.876019 22.520685 44.33376  73.29804 ],[24.590685 38.45595  55.259914 74.1536  ],[8.192966 8.117216 8.007299 7.870872],[0.44316918 0.5200624  0.6278668  0.76731163],[8.214156 8.200949 8.206897 8.228696],[0.43586653 0.47545165 0.5107417  0.53240734]
DDK8,C,3e-08,30,False,False,TDD,packagedrop,0.04,[0.46712655 0.8455393  1.0091867  1.0957829 ],[0.4985629  0.7671722  0.72624457 0.73057723],[ 91.371475 172.96805  221.47964  246.40916 ],[138.2904  157.58946 166.6048  159.73077],[7.875833  7.1619916 6.472482  6.013305 ],[0.9650612 1.3833301 1.7831883 1.8339016],[8.26459   8.2423935 8.200481  8.146262 ],[0.59722245 0.63432664 0.6843038  0.7340101 ]
DDK8,C,1e-07,1,False,False,TDD,packagedrop,0.04,[0.00861225 0.00903724 0.01052574 0.01374164],[0.00202015 0.00244304 0.00530273 0.01266101],[2.386033  2.5183089 2.986598  3.959428 ],[0.5784417  0.74516916 1.8039232  4.264391  ],[8.279581 8.278292 8.276711 8.274532],[0.20141596 0.20364101 0.2061303  0.20883924],[8.287666  8.286729  8.285783  8.2848215],[0.20094848 0.20314613 0.20554835 0.20814276]
DDK8,C,1e-07,10,False,False,TDD,packagedrop,0.04,[0.05329043 0.11335435 0.19439127 0.29974002],[0.15260024 0.25717935 0.27719212 0.3001135 ],[13.216423 28.471079 48.975796 77.33473 ],[41.905167 77.22721  84.7331   96.506035],[8.202856  8.15108   8.059078  7.9187026],[0.4084271  0.45241153 0.50029683 0.57433015],[8.228059 8.225114 8.221141 8.218307],[0.4063242  0.44373652 0.4743657  0.49637356]
DDK8,C,1e-07,30,False,False,TDD,packagedrop,0.04,[0.365906   0.60088    0.7638839  0.85712564],[0.5674618  0.5858031  0.50729567 0.4432989 ],[ 81.155914 137.53964  190.24307  224.04019 ],[126.78473 122.76256 156.18347 154.529  ],[7.9289217 7.4396276 7.0205245 6.5173388],[0.6880571 0.9252619 1.113118  1.51815  ],[8.210542 8.202722 8.19268  8.180748],[0.5592177  0.55600965 0.5821842  0.64674735]
DDK8,C,3e-07,1,False,False,TDD,packagedrop,0.04,[0.00857933 0.00870002 0.00908123 0.00985106],[0.00151634 0.00161807 0.00207007 0.00397613],[2.5721304 2.613681  2.7296517 2.9583173],[0.51618105 0.5651377  0.7526482  1.4325247 ],[8.305354 8.305363 8.305192 8.304768],[0.1279499  0.12918292 0.13067281 0.13243641],[8.30922  8.309395 8.309544 8.309666],[0.12782563 0.12907478 0.13059264 0.132371  ]
DDK8,C,3e-07,10,False,False,TDD,packagedrop,0.04,[0.03874173 0.07246299 0.12493123 0.20238337],[0.09826432 0.11604308 0.14917257 0.19019882],[10.43233  18.705961 32.343483 53.605988],[26.13011  30.082006 37.934322 50.144974],[8.232923 8.194207 8.132864 8.038982],[0.34257907 0.38729924 0.4393206  0.5194913 ],[8.250104 8.243475 8.238306 8.233626],[0.33855358 0.37196392 0.40309045 0.43264046]
DDK8,C,3e-07,30,False,False,TDD,packagedrop,0.04,[0.32588917 0.46455356 0.583109   0.68020225],[0.62970334 0.49638385 0.3705126  0.2990968 ],[ 87.287834 125.21089  166.23576  203.85326 ],[185.48372 152.23419 126.99184 119.73487],[7.9717774 7.6025276 7.375832  7.063937 ],[0.8445048 1.1245843 1.1626027 1.2227942],[8.243394  8.2595005 8.280929  8.2970915],[0.5275148  0.56576973 0.5995795  0.6289665 ]
DDK8,D,3e-08,1,False,False,TDD,packagedrop,0.04,[0.00089323 0.00119166 0.0017489  0.00279421],[0.00058613 0.00131713 0.00424901 0.007921  ],[0.25451425 0.3469512  0.5287326  0.87528235],[0.15975675 0.42530647 1.4283485  2.681108  ],[8.3137245 8.313562  8.313363  8.313036 ],[0.16900888 0.16931961 0.16969228 0.17008325],[8.314398 8.314319 8.314234 8.314145],[0.1689577  0.1692839  0.16965668 0.17007592]
DDK8,D,3e-08,10,False,False,TDD,packagedrop,0.04,[0.05207422 0.07618723 0.10263184 0.13849284],[0.20770635 0.27559593 0.31415442 0.36573002],[15.070282 21.541573 29.768173 40.63474 ],[57.705135 72.86923  84.181435 98.13473 ],[8.312796 8.307344 8.300106 8.289548],[0.22104603 0.23216882 0.24376598 0.25734806],[8.316226 8.317209 8.319232 8.322231],[0.22064124 0.22971565 0.23861213 0.24789669]
DDK8,D,3e-08,30,False,False,TDD,packagedrop,0.04,[0.15397374 0.17860712 0.25665942 0.30983084],[0.5757508  0.38637772 0.5659089  0.40057185],[41.785187 48.905407 68.48289  88.14766 ],[144.68095   98.34881  117.848946 106.58948 ],[8.23132  8.135395 8.115984 8.063259],[0.4032825  0.67570984 0.4541883  0.44778186],[8.279626 8.265633 8.254636 8.245803],[0.3149234  0.33140603 0.3475315  0.37491977]
DDK8,D,1e-07,1,False,False,TDD,packagedrop,0.04,[0.00135525 0.00178885 0.00279149 0.00482785],[0.00119479 0.00194474 0.00634615 0.01495349],[0.40629956 0.5390081  0.8478216  1.4698046 ],[0.3853216  0.61622465 1.9709817  4.6000643 ],[8.307402 8.307509 8.307465 8.307335],[0.04594303 0.04712224 0.04840126 0.04984784],[8.30858  8.308749 8.308917 8.309082],[0.04570846 0.04691132 0.04821616 0.04961289]
DDK8,D,1e-07,10,False,False,TDD,packagedrop,0.04,[0.02507147 0.05225974 0.0744755  0.09917971],[0.10539596 0.19018026 0.24024008 0.28883812],[ 7.3539   15.447382 21.9285   29.065802],[29.492086 54.171654 68.94611  81.38707 ],[8.298946 8.294382 8.289848 8.279919],[0.14411917 0.16401686 0.18266657 0.20512275],[8.302197 8.302738 8.303449 8.304353],[0.14413556 0.16243479 0.18018848 0.19722274]
DDK8,D,1e-07,30,False,False,TDD,packagedrop,0.04,[0.13977097 0.20399672 0.25011447 0.2874354 ],[0.36882386 0.4621728  0.48539957 0.3950966 ],[40.029255 59.959496 74.985695 86.82429 ],[102.61393 129.28746 146.41638 118.47504],[8.276288 8.261972 8.137281 8.120785],[0.30574903 0.32726115 0.6572975  0.6535313 ],[8.307436 8.310596 8.312113 8.31137 ],[0.28931206 0.31602684 0.33770058 0.35521185]
DDK8,D,3e-07,1,False,False,TDD,packagedrop,0.04,[0.00293044 0.00327153 0.00378455 0.00499518],[0.00164651 0.00189074 0.00377669 0.00895502],[0.8659914 0.9684761 1.1221678 1.485484 ],[0.48428044 0.5575771  1.1312559  2.688881  ],[8.301238 8.301163 8.301081 8.300828],[0.02183136 0.02335164 0.02494825 0.02670471],[8.304571 8.304598 8.304624 8.304644],[0.02125929 0.02278931 0.02444145 0.02619203]
DDK8,D,3e-07,10,False,False,TDD,packagedrop,0.04,[0.05036978 0.0708642  0.08646937 0.10885655],[0.25266555 0.29436955 0.26292518 0.2648125 ],[15.855246 22.218897 26.885065 33.619232],[81.6084  95.49817 85.98292 87.4703 ],[8.286012 8.282051 8.276013 8.268989],[0.13616987 0.15500252 0.17419998 0.19435722],[8.291802 8.291453 8.291422 8.291797],[0.13622427 0.15536554 0.17447104 0.193445  ]
DDK8,D,3e-07,30,False,False,TDD,packagedrop,0.04,[0.13955231 0.1728067  0.2162475  0.26534343],[0.4210045  0.34964523 0.3377654  0.30213597],[38.761948 50.90131  64.00398  79.16857 ],[105.93388   99.62604   99.452354  90.559105],[8.286363 8.189995 8.192245 8.17143 ],[0.2671105  0.5193252  0.4922233  0.41771832],[8.314291 8.305841 8.296564 8.287483],[0.25759736 0.28634158 0.31637365 0.34177953]
DDK8,A,3e-08,1,False,False,TDD,packagedrop,0.03,[0.00300136 0.00370547 0.00505511 0.00757143],[0.00213299 0.00372572 0.00698148 0.01514548],[0.7858139 0.9429872 1.2632703 1.920759 ],[0.5965016 1.0418348 1.8445435 3.8506887],[8.330623 8.329226 8.327729 8.325927],[0.1901187  0.1946883  0.19958974 0.20475645],[8.330993 8.329849 8.328677 8.327478],[0.19007084 0.19461922 0.19951843 0.20474008]
DDK8,A,3e-08,10,False,False,TDD,packagedrop,0.03,[0.03566501 0.09881032 0.15443157 0.2322158 ],[0.0710226  0.2092812  0.23776503 0.3945568 ],[ 5.5907664 14.24452   23.874086  36.20657  ],[14.02081  27.90752  38.72906  43.629253],[8.19422  8.174411 8.144669 8.105529],[0.55187833 0.6157421  0.6848051  0.7582449 ],[8.202797 8.202787 8.20477  8.210616],[0.5486622  0.603959   0.65337497 0.69756156]
DDK8,A,3e-08,30,False,False,TDD,packagedrop,0.03,[0.19506598 0.36882868 0.59614915 0.7835412 ],[0.29334795 0.39989257 0.6812847  0.6416903 ],[ 24.606838  51.556507  97.71938  151.99457 ],[ 39.60115   55.256325  90.270706 141.37006 ],[7.830621  7.6947727 7.4971104 7.052348 ],[1.0109024 1.1458756 1.2390463 1.6967568],[7.9305916 7.937528  7.938669  7.9467754],[0.94080913 0.97129947 1.0151565  1.0446168 ]
DDK8,A,1e-07,1,False,False,TDD,packagedrop,0.03,[0.01028044 0.01049327 0.01124256 0.01277616],[0.00098066 0.00139221 0.00355047 0.00807479],[3.0528653 3.1027145 3.2966874 3.6888027],[1.0230684 1.0657494 1.3817409 2.3249478],[8.259599 8.260305 8.260921 8.261164],[0.5153335  0.5157932  0.5164132  0.51723444],[8.262489 8.263346 8.264196 8.265036],[0.5146195  0.5150341  0.5156064  0.51633507]
DDK8,A,1e-07,10,False,False,TDD,packagedrop,0.03,[0.04044967 0.08071253 0.13832231 0.15690781],[0.12400459 0.18736953 0.30833098 0.19083922],[ 8.723479 15.401211 23.242094 32.142735],[28.783136 42.222973 50.646984 42.37407 ],[8.13361  8.117517 8.093302 8.062748],[0.6264009  0.6778444  0.73406714 0.79190123],[8.144523 8.146372 8.146507 8.145758],[0.6222944 0.6648694 0.7096781 0.7541992]
DDK8,A,1e-07,30,False,False,TDD,packagedrop,0.03,[0.15396814 0.39994025 0.5101699  0.7474948 ],[0.17794065 0.961574   0.44683394 0.5070842 ],[ 35.073166  60.40599  103.20724  158.3445  ],[ 69.75292  78.16981 109.17483 160.1198 ],[7.986487  7.785689  7.4866548 7.073125 ],[1.0161554 1.1843402 1.4730687 1.5254436],[8.072836  8.0405245 7.9876432 7.931781 ],[0.9680374 1.0242085 1.0625325 1.0865595]
DDK8,A,3e-07,1,False,False,TDD,packagedrop,0.03,[0.00487935 0.00498432 0.00528629 0.00594216],[0.0030373  0.00301728 0.0031971  0.00463423],[1.3139663 1.3465348 1.4299065 1.6092666],[0.90183645 0.90462434 0.9694199  1.3517915 ],[8.209281 8.210505 8.211612 8.212561],[0.35367036 0.35482094 0.3560814  0.35748118],[8.213685 8.214922 8.216152 8.217376],[0.35320455 0.35431996 0.3555505  0.35689354]
DDK8,A,3e-07,10,False,False,TDD,packagedrop,0.03,[0.04245294 0.07818815 0.11477119 0.16116583],[0.13008153 0.19520612 0.23759088 0.27587205],[11.987876 22.785673 33.30325  46.268417],[ 39.72601   64.903915  84.979416 102.01411 ],[8.157059  8.1412525 8.121273  8.085113 ],[0.6214211  0.67316854 0.7233981  0.7768754 ],[8.171758 8.174995 8.178912 8.18387 ],[0.61714435 0.66222095 0.70273554 0.73701555]
DDK8,A,3e-07,30,False,False,TDD,packagedrop,0.03,[0.22347839 0.30541041 0.47339013 0.5812887 ],[0.7808331  0.8171155  0.97403777 0.5615242 ],[ 53.998592  63.03132   97.76416  143.38055 ],[201.3351  140.4452  145.06506 152.1764 ],[7.9625096 7.854676  7.6955814 7.4631524],[0.9516687 1.0912746 1.2578939 1.3786031],[8.039328 8.043646 8.03752  8.038265],[0.90889144 0.95316565 1.0154774  1.050955  ]
DDK8,C,3e-08,1,False,False,TDD,packagedrop,0.03,[0.00510401 0.00639305 0.00930141 0.01523119],[0.0020752  0.00453684 0.01158499 0.0265255 ],[1.0080795 1.2418576 1.7852877 2.8887122],[0.38591588 0.8073012  2.241108   5.088707  ],[8.318881 8.319159 8.319071 8.317964],[0.1316223  0.13405779 0.13695408 0.1404469 ],[8.320241 8.321053 8.321877 8.322711],[0.1314964  0.13392694 0.13672413 0.13986447]
DDK8,C,3e-08,10,False,False,TDD,packagedrop,0.03,[0.0609674  0.14153844 0.26400352 0.37304035],[0.19341318 0.2768124  0.36467496 0.38537264],[11.271306 23.577505 43.15536  69.57353 ],[45.61586  67.0158   78.119095 85.570656],[8.190637  8.127312  8.028245  7.8857656],[0.4488071  0.52182585 0.6554843  0.8013352 ],[8.214156 8.200949 8.206897 8.228696],[0.43586653 0.47545165 0.5107417  0.53240734]
DDK8,C,3e-08,30,False,False,TDD,packagedrop,0.03,[0.4565759  0.79003954 0.9454147  1.0301809 ],[0.57538897 0.6823872  0.656556   0.6495346 ],[ 74.0768  150.61124 199.79549 223.22328],[ 90.22315 132.43724 129.17717 123.68418],[7.859889  7.1979136 6.595674  6.1495624],[0.9343323 1.3641347 1.6122562 1.666201 ],[8.26459   8.2423935 8.200481  8.146262 ],[0.59722245 0.63432664 0.6843038  0.7340101 ]
DDK8,C,1e-07,1,False,False,TDD,packagedrop,0.03,[0.00841048 0.00879484 0.00978755 0.01202518],[0.0017697  0.00219873 0.00474158 0.01158044],[2.3222866 2.4282596 2.6934454 3.2967124],[0.44551155 0.577824   1.3020616  3.18297   ],[8.279631 8.278396 8.276961 8.274976],[0.20139837 0.20354766 0.20590575 0.2083903 ],[8.287666  8.286729  8.285783  8.2848215],[0.20094848 0.20314613 0.20554835 0.20814276]
DDK8,C,1e-07,10,False,False,TDD,packagedrop,0.03,[0.05673501 0.11204605 0.1826751  0.2728599 ],[0.18920296 0.29495785 0.2885329  0.28247857],[12.536312 25.879385 44.979664 70.414925],[40.123547 66.7205   69.398125 80.05281 ],[8.202112 8.154235 8.067805 7.93442 ],[0.41396713 0.45981118 0.5085342  0.58190155],[8.228059 8.225114 8.221141 8.218307],[0.4063242  0.44373652 0.4743657  0.49637356]
DDK8,C,1e-07,30,False,False,TDD,packagedrop,0.03,[0.26200414 0.49450728 0.6600536  0.78600985],[0.26354188 0.37262714 0.33686897 0.30385327],[ 58.093975 118.93674  163.11899  209.59485 ],[ 65.38934 102.86517 114.46775 137.06166],[7.9010234 7.448209  7.0809193 6.624756 ],[0.7674805 1.0846221 1.1309494 1.3226216],[8.210542 8.202722 8.19268  8.180748],[0.5592177  0.55600965 0.5821842  0.64674735]
DDK8,C,3e-07,1,False,False,TDD,packagedrop,0.03,[0.00860573 0.00868304 0.00901521 0.0098963 ],[0.0015919  0.00164166 0.00196305 0.00437439],[2.5754015 2.5991328 2.6943085 2.9334316],[0.4989766  0.50509095 0.5849867  1.2140384 ],[8.305343 8.305343 8.305173 8.304726],[0.12804054 0.12934904 0.13088523 0.13278483],[8.30922  8.309395 8.309544 8.309666],[0.12782563 0.12907478 0.13059264 0.132371  ]
DDK8,C,3e-07,10,False,False,TDD,packagedrop,0.03,[0.0251795  0.05072884 0.10042064 0.16633347],[0.03191857 0.04920301 0.08902104 0.1294635 ],[ 6.832249 13.226367 26.43799  44.908646],[ 9.038027 12.574588 22.800339 35.488033],[8.235374 8.200761 8.143096 8.062575],[0.34143496 0.3836904  0.4351381  0.4967123 ],[8.250104 8.243475 8.238306 8.233626],[0.33855358 0.37196392 0.40309045 0.43264046]
DDK8,C,3e-07,30,False,False,TDD,packagedrop,0.03,[0.22331583 0.38261205 0.53835785 0.6529674 ],[0.42578083 0.34587333 0.33867323 0.301292  ],[ 51.410152  97.30187  148.87862  191.61432 ],[ 82.4304    78.095566  92.3017   107.1306  ],[8.015419  7.6377144 7.360553  7.1003127],[0.7680906 1.1474022 1.1680063 1.2516917],[8.243394  8.2595005 8.280929  8.2970915],[0.5275148  0.56576973 0.5995795  0.6289665 ]
DDK8,D,3e-08,1,False,False,TDD,packagedrop,0.03,[0.00084527 0.00104788 0.00127627 0.00187398],[0.00052657 0.00070121 0.00114147 0.00352055],[0.23819378 0.2974743  0.365555   0.5598302 ],[0.12909767 0.18307872 0.343869   1.1887262 ],[8.31375  8.31361  8.313396 8.313077],[0.16902687 0.16934803 0.16972294 0.17011511],[8.314398 8.314319 8.314234 8.314145],[0.1689577  0.1692839  0.16965668 0.17007592]
DDK8,D,3e-08,10,False,False,TDD,packagedrop,0.03,[0.0140985  0.02727728 0.04694223 0.07609283],[0.05401579 0.08684772 0.13644135 0.18783747],[ 4.518162  8.648045 14.878254 24.51225 ],[18.224152 29.49394  47.135075 66.09102 ],[8.313275 8.31013  8.305118 8.298136],[0.22086653 0.23050672 0.23966362 0.24884279],[8.316226 8.317209 8.319232 8.322231],[0.22064124 0.22971565 0.23861213 0.24789669]
DDK8,D,3e-08,30,False,False,TDD,packagedrop,0.03,[0.08856173 0.13522676 0.17332847 0.21844515],[0.3095393  0.35394573 0.31639892 0.2351939 ],[24.782124 38.74515  49.668556 65.48416 ],[77.96302 87.80814 79.58958 75.92617],[8.252678 8.212427 8.150991 8.069429],[0.32231292 0.34125912 0.38886607 0.46074134],[8.279626 8.265633 8.254636 8.245803],[0.3149234  0.33140603 0.3475315  0.37491977]
DDK8,D,1e-07,1,False,False,TDD,packagedrop,0.03,[0.00152635 0.00194847 0.00224368 0.00284329],[0.00247581 0.00392955 0.00475218 0.00589256],[0.4546307  0.5820709  0.6693625  0.84954756],[0.7417371 1.1822282 1.4302619 1.77039  ],[8.307422 8.307537 8.307596 8.307577],[0.04592399 0.0471327  0.04842344 0.04982953],[8.30858  8.308749 8.308917 8.309082],[0.04570846 0.04691132 0.04821616 0.04961289]
DDK8,D,1e-07,10,False,False,TDD,packagedrop,0.03,[0.01175489 0.02309292 0.04309453 0.06054721],[0.04222064 0.06723663 0.10459021 0.13141607],[ 3.4357462  6.692779  12.459667  17.65091  ],[12.2176075 19.13815   29.77763   37.804634 ],[8.299507 8.296637 8.2915   8.285519],[0.14446236 0.16356654 0.18321002 0.20160793],[8.302197 8.302738 8.303449 8.304353],[0.14413556 0.16243479 0.18018848 0.19722274]
DDK8,D,1e-07,30,False,False,TDD,packagedrop,0.03,[0.1677593  0.17155217 0.24003807 0.285762  ],[0.559273   0.42239228 0.45072836 0.46479583],[49.442833 50.2077   69.60396  83.70828 ],[168.08504 124.99471 133.44438 140.7797 ],[8.283599 8.258958 8.19878  8.192704],[0.29728305 0.33365464 0.5025719  0.42968965],[8.307436 8.310596 8.312113 8.31137 ],[0.28931206 0.31602684 0.33770058 0.35521185]
DDK8,D,3e-07,1,False,False,TDD,packagedrop,0.03,[0.00297685 0.00320906 0.00350239 0.00466082],[0.00164851 0.00170944 0.00222462 0.00682855],[0.87995535 0.95043695 1.036742   1.3819958 ],[0.48755494 0.506449   0.6606972  2.0327375 ],[8.301258  8.301155  8.3010845 8.300784 ],[0.02180849 0.02332321 0.02498036 0.0267462 ],[8.304571 8.304598 8.304624 8.304644],[0.02125929 0.02278931 0.02444145 0.02619203]
DDK8,D,3e-07,10,False,False,TDD,packagedrop,0.03,[0.04820733 0.08562474 0.10915081 0.13245258],[0.18652119 0.29793105 0.35671476 0.39897513],[15.485246 27.377302 35.173767 42.90742 ],[ 60.49573  96.41432 116.93439 134.20174],[8.285345 8.270899 8.273532 8.267581],[0.13639073 0.18479148 0.17286329 0.19165091],[8.291802 8.291453 8.291422 8.291797],[0.13622427 0.15536554 0.17447104 0.193445  ]
DDK8,D,3e-07,30,False,False,TDD,packagedrop,0.03,[0.11201535 0.151775   0.18111151 0.2251061 ],[0.3502614  0.29799297 0.30404916 0.27025944],[32.096264 43.589775 52.033722 67.73046 ],[100.33655  80.76057  80.26724  87.01422],[8.293011 8.243096 8.237282 8.18154 ],[0.26237944 0.35441026 0.33597055 0.3755703 ],[8.314291 8.305841 8.296564 8.287483],[0.25759736 0.28634158 0.31637365 0.34177953]
DDK8,A,3e-08,1,False,False,TDD,packagedrop,0.02,[0.00283123 0.00330071 0.00416773 0.00557209],[0.00131069 0.00185521 0.00285002 0.00545186],[0.73797727 0.8442768  1.0362726  1.4243593 ],[0.35564265 0.5133712  0.78255326 2.1379793 ],[8.330632  8.329242  8.3277645 8.326057 ],[0.19011337 0.19466144 0.19955847 0.20468432],[8.330993 8.329849 8.328677 8.327478],[0.19007084 0.19461922 0.19951843 0.20474008]
DDK8,A,3e-08,10,False,False,TDD,packagedrop,0.02,[0.03699888 0.09158032 0.15089452 0.2257103 ],[0.11429402 0.20536737 0.27102277 0.39673138],[ 6.2134233 13.421626  23.823668  36.286858 ],[26.172014 38.789036 47.073406 47.259712],[8.194907  8.175824  8.147961  8.1115265],[0.55137366 0.6167937  0.6835612  0.75680035],[8.202797 8.202787 8.20477  8.210616],[0.5486622  0.603959   0.65337497 0.69756156]
DDK8,A,3e-08,30,False,False,TDD,packagedrop,0.02,[0.31625998 0.46048355 0.5603553  0.7995949 ],[1.4545857 1.169674  0.5279695 0.7774261],[ 27.292818  45.015602  92.23276  145.46744 ],[ 88.890114  47.723816  90.192894 141.39146 ],[7.8083816 7.6826324 7.5080957 7.229033 ],[1.1066824 1.2666593 1.2992582 1.4737933],[7.9305916 7.937528  7.938669  7.9467754],[0.94080913 0.97129947 1.0151565  1.0446168 ]
DDK8,A,1e-07,1,False,False,TDD,packagedrop,0.02,[0.01105678 0.01170767 0.01289514 0.01510138],[0.00778309 0.01175699 0.01553111 0.01946752],[3.1597054 3.2920651 3.5820742 4.2143507],[1.3259757 1.7762402 2.4161553 3.9464126],[8.259579  8.2602625 8.260821  8.261029 ],[0.5153865  0.5158927  0.51657283 0.5174454 ],[8.262489 8.263346 8.264196 8.265036],[0.5146195  0.5150341  0.5156064  0.51633507]
DDK8,A,1e-07,10,False,False,TDD,packagedrop,0.02,[0.02678197 0.06110971 0.12871519 0.15327086],[0.02002593 0.07938987 0.3936357  0.20986915],[ 5.7281938 10.9846    18.444803  29.663458 ],[ 4.430363 10.682986 17.85628  30.397245],[8.133836 8.117322 8.095336 8.065202],[0.6267984  0.67783934 0.7288029  0.7843673 ],[8.144523 8.146372 8.146507 8.145758],[0.6222944 0.6648694 0.7096781 0.7541992]
DDK8,A,1e-07,30,False,False,TDD,packagedrop,0.02,[0.1947484  0.31581563 0.52785414 0.70152885],[0.30776292 0.46197343 0.5394398  0.5629456 ],[ 36.95409   57.449966 106.304276 149.8384  ],[ 75.99336  73.22405 115.09643 146.54866],[7.9551015 7.8376904 7.455918  7.092048 ],[1.064645  1.127749  1.4451691 1.5895939],[8.072836  8.0405245 7.9876432 7.931781 ],[0.9680374 1.0242085 1.0625325 1.0865595]
DDK8,A,3e-07,1,False,False,TDD,packagedrop,0.02,[0.00490559 0.00498593 0.0052023  0.00572274],[0.00300666 0.00299119 0.00296082 0.0034086 ],[1.3231568 1.347024  1.4049121 1.5339966],[0.8934781  0.89470506 0.89487916 0.9966532 ],[8.209273 8.210511 8.211631 8.212632],[0.35367402 0.35482523 0.35609493 0.35747856],[8.213685 8.214922 8.216152 8.217376],[0.35320455 0.35431996 0.3555505  0.35689354]
DDK8,A,3e-07,10,False,False,TDD,packagedrop,0.02,[0.03846565 0.07721338 0.11259805 0.15409675],[0.14529353 0.28008798 0.30791578 0.31581467],[ 9.21067  18.811064 26.642414 35.506332],[38.20353  79.46082  86.92601  82.903656],[8.158269 8.143134 8.11837  8.088687],[0.62279886 0.67548513 0.72984535 0.78695947],[8.171758 8.174995 8.178912 8.18387 ],[0.61714435 0.66222095 0.70273554 0.73701555]
DDK8,A,3e-07,30,False,False,TDD,packagedrop,0.02,[0.13399297 0.23648353 0.37665322 0.5186239 ],[0.352542   0.4674701  0.4413359  0.43590835],[ 42.00567   66.816605  94.19102  135.35162 ],[174.25049 224.55234 164.00514 159.0847 ],[7.962311  7.897324  7.6915126 7.461879 ],[0.9600955 1.0392711 1.301212  1.4677407],[8.039328 8.043646 8.03752  8.038265],[0.90889144 0.95316565 1.0154774  1.050955  ]
DDK8,C,3e-08,1,False,False,TDD,packagedrop,0.02,[0.00517103 0.00596125 0.00737211 0.00989143],[0.00322645 0.00484554 0.00695578 0.00957927],[1.0081538 1.1543832 1.3557683 1.7479612],[0.56224304 0.9080371  1.2332164  1.5729351 ],[8.318924 8.319318 8.319602 8.3194  ],[0.1317264  0.1342237  0.13724782 0.14083013],[8.320241 8.321053 8.321877 8.322711],[0.1314964  0.13392694 0.13672413 0.13986447]
DDK8,C,3e-08,10,False,False,TDD,packagedrop,0.02,[0.04407122 0.11839392 0.23729599 0.33741802],[0.13819599 0.22059496 0.32424533 0.29434994],[ 7.0656343 17.70062   36.46958   62.05028  ],[26.247784 37.114025 46.905746 55.725315],[8.200432 8.14657  8.065517 7.941612],[0.43863165 0.49174413 0.5785641  0.6888917 ],[8.214156 8.200949 8.206897 8.228696],[0.43586653 0.47545165 0.5107417  0.53240734]
DDK8,C,3e-08,30,False,False,TDD,packagedrop,0.02,[0.35567445 0.7357322  0.86527854 0.9477288 ],[0.40398863 0.6054322  0.5945024  0.5601716 ],[ 56.78805 135.3642  186.82483 216.2354 ],[ 65.635765 109.93046  123.88618  127.66865 ],[8.011698  7.3158503 6.784118  6.464056 ],[0.7313468 1.3439033 1.4911091 1.4689664],[8.26459   8.2423935 8.200481  8.146262 ],[0.59722245 0.63432664 0.6843038  0.7340101 ]
DDK8,C,1e-07,1,False,False,TDD,packagedrop,0.02,[0.00837196 0.00869083 0.00921416 0.01028537],[0.00168369 0.00188049 0.00233694 0.00356434],[2.3128767 2.3940573 2.517647  2.7947984],[0.42684624 0.49931595 0.6158626  0.9647472 ],[8.279688 8.278467 8.277153 8.275353],[0.20139755 0.20357841 0.20598364 0.20857528],[8.287666  8.286729  8.285783  8.2848215],[0.20094848 0.20314613 0.20554835 0.20814276]
DDK8,C,1e-07,10,False,False,TDD,packagedrop,0.02,[0.03598988 0.0861752  0.16128862 0.25369218],[0.07721022 0.1409967  0.15684184 0.19019757],[ 7.9562893 18.928736  37.519608  62.921627 ],[14.441016 26.644611 37.87017  60.006474],[8.204661 8.137211 8.046004 7.936877],[0.41252908 0.5523774  0.6245192  0.6162682 ],[8.228059 8.225114 8.221141 8.218307],[0.4063242  0.44373652 0.4743657  0.49637356]
DDK8,C,1e-07,30,False,False,TDD,packagedrop,0.02,[0.27191743 0.4856566  0.6598312  0.77486587],[0.43712556 0.3942609  0.36767346 0.30202305],[ 63.306553 120.97409  170.40228  209.2992  ],[129.63031 125.22125 133.97061 137.87985],[7.9551873 7.566696  7.1735716 6.679649 ],[0.7600129  0.84628934 1.0096476  1.319118  ],[8.210542 8.202722 8.19268  8.180748],[0.5592177  0.55600965 0.5821842  0.64674735]
DDK8,C,3e-07,1,False,False,TDD,packagedrop,0.02,[0.00860784 0.00877547 0.00926009 0.01026144],[0.00161506 0.00194932 0.00321928 0.0070857 ],[2.5796485 2.6334631 2.7785876 3.0746481],[0.5282612 0.6355753 1.0736413 2.3824198],[8.305343 8.305345 8.305166 8.304699],[0.12796947 0.12921587 0.13071871 0.13244714],[8.30922  8.309395 8.309544 8.309666],[0.12782563 0.12907478 0.13059264 0.132371  ]
DDK8,C,3e-07,10,False,False,TDD,packagedrop,0.02,[0.02180507 0.04844512 0.09244163 0.15950716],[0.01887067 0.04639902 0.0772291  0.12005197],[ 5.9139276 12.910632  24.667273  43.35413  ],[ 5.388821 13.10363  22.087011 35.296368],[8.235968 8.203871 8.153467 8.075016],[0.34151128 0.3811917  0.42527485 0.4820707 ],[8.250104 8.243475 8.238306 8.233626],[0.33855358 0.37196392 0.40309045 0.43264046]
DDK8,C,3e-07,30,False,False,TDD,packagedrop,0.02,[0.14400092 0.35115033 0.5065157  0.625548  ],[0.13080895 0.27860507 0.31464565 0.28601956],[ 35.2184    89.552864 139.32323  184.39145 ],[ 31.325974  68.031006  87.655655 104.84201 ],[8.086062  7.7213454 7.4068336 7.1039233],[0.596981  0.9901033 1.1939936 1.2746985],[8.243394  8.2595005 8.280929  8.2970915],[0.5275148  0.56576973 0.5995795  0.6289665 ]
DDK8,D,3e-08,1,False,False,TDD,packagedrop,0.02,[0.00087413 0.00111449 0.00155554 0.00294425],[0.00054778 0.00090067 0.0029365  0.00816278],[0.24589558 0.3156598  0.44189656 0.85547775],[0.13350384 0.23217165 0.8112237  2.3960202 ],[8.313738 8.313578 8.313355 8.312915],[0.16903841 0.16936767 0.16975147 0.17010939],[8.314398 8.314319 8.314234 8.314145],[0.1689577  0.1692839  0.16965668 0.17007592]
DDK8,D,3e-08,10,False,False,TDD,packagedrop,0.02,[0.02457882 0.05355899 0.07131729 0.08844133],[0.1291105  0.2864518  0.30971992 0.30787644],[ 8.144844 17.87268  23.58648  28.703814],[ 43.832733  97.42189  105.56846  105.0088  ],[8.312979 8.30859  8.302721 8.296794],[0.2204008  0.22801922 0.23636505 0.24692036],[8.316226 8.317209 8.319232 8.322231],[0.22064124 0.22971565 0.23861213 0.24789669]
DDK8,D,3e-08,30,False,False,TDD,packagedrop,0.02,[0.05045745 0.08963624 0.15500858 0.19204153],[0.14833753 0.18820553 0.23577131 0.20673771],[13.717659 23.115715 44.37353  55.348934],[42.66586  38.420387 69.248184 60.153122],[8.253592 8.210272 8.158262 8.107677],[0.32890475 0.37019163 0.38248158 0.43791127],[8.279626 8.265633 8.254636 8.245803],[0.3149234  0.33140603 0.3475315  0.37491977]
DDK8,D,1e-07,1,False,False,TDD,packagedrop,0.02,[0.00131175 0.00158336 0.00177189 0.00242777],[0.00150699 0.00213415 0.00240288 0.00412029],[0.39053094 0.47213268 0.5271073  0.7215838 ],[0.44759765 0.6393065  0.71506727 1.215563  ],[8.307434 8.307552 8.307623 8.307617],[0.04593744 0.04714133 0.04845413 0.04987464],[8.30858  8.308749 8.308917 8.309082],[0.04570846 0.04691132 0.04821616 0.04961289]
DDK8,D,1e-07,10,False,False,TDD,packagedrop,0.02,[0.01200361 0.02517308 0.0395785  0.05220525],[0.06018484 0.10453602 0.15797882 0.18668911],[ 3.2956078  7.016625  11.0090275 14.6454115],[15.671076 27.361233 41.164658 49.049305],[8.299568 8.296635 8.292479 8.287159],[0.14458531 0.16411804 0.183018   0.20179646],[8.302197 8.302738 8.303449 8.304353],[0.14413556 0.16243479 0.18018848 0.19722274]
DDK8,D,1e-07,30,False,False,TDD,packagedrop,0.02,[0.06314655 0.07935394 0.1300719  0.18725687],[0.208177   0.18664026 0.21945839 0.25924337],[18.163324 23.229141 37.600555 54.841396],[58.408794 51.227943 57.12447  73.02397 ],[8.273569 8.262443 8.236332 8.198014],[0.313992   0.3300101  0.3671388  0.41912168],[8.307436 8.310596 8.312113 8.31137 ],[0.28931206 0.31602684 0.33770058 0.35521185]
DDK8,D,3e-07,1,False,False,TDD,packagedrop,0.02,[0.0029535  0.00323347 0.00358817 0.00501557],[0.00164392 0.00183589 0.00269901 0.00879966],[0.87276876 0.957202   1.0643733  1.4954212 ],[0.48471934 0.5430056  0.81263965 2.6819074 ],[8.301257 8.301172 8.301095 8.300815],[0.0218047  0.02330128 0.02491506 0.02657562],[8.304571 8.304598 8.304624 8.304644],[0.02125929 0.02278931 0.02444145 0.02619203]
DDK8,D,3e-07,10,False,False,TDD,packagedrop,0.02,[0.02909227 0.04428852 0.06382912 0.08062202],[0.11301097 0.16552296 0.22306265 0.253421  ],[ 9.216862 14.005772 20.20195  25.550884],[37.10549 54.18263 73.28649 84.30674],[8.2863035 8.283719  8.278927  8.271818 ],[0.13613853 0.15491845 0.17353177 0.19493288],[8.291802 8.291453 8.291422 8.291797],[0.13622427 0.15536554 0.17447104 0.193445  ]
DDK8,D,3e-07,30,False,False,TDD,packagedrop,0.02,[0.05673172 0.08845358 0.14043929 0.17818573],[0.18896149 0.24537927 0.29755753 0.2962465 ],[17.080513 25.603811 44.06377  53.895966],[53.865944 67.01105  97.194496 91.87762 ],[8.295647 8.264976 8.226625 8.203518],[0.2605865  0.30242297 0.3434004  0.35948297],[8.314291 8.305841 8.296564 8.287483],[0.25759736 0.28634158 0.31637365 0.34177953]
DDK8,A,3e-08,1,False,False,TDD,packagedrop,0.01,[0.00276198 0.00321654 0.00402338 0.00554959],[0.00109738 0.00151819 0.00247036 0.00574036],[0.7158751  0.8005807  0.95765096 1.2951771 ],[0.19735225 0.25185332 0.4677328  1.3766704 ],[8.330639 8.32927  8.32783  8.326201],[0.1901249  0.19469202 0.19965233 0.20493072],[8.330993 8.329849 8.328677 8.327478],[0.19007084 0.19461922 0.19951843 0.20474008]
DDK8,A,3e-08,10,False,False,TDD,packagedrop,0.01,[0.03991245 0.08999463 0.1392962  0.21399868],[0.14607376 0.23345155 0.27344388 0.38714248],[ 8.051746 17.105715 25.007864 36.302296],[48.609196 77.300865 85.35875  75.36596 ],[8.194616 8.174481 8.144412 8.110237],[0.5520483  0.61711437 0.68801355 0.75473803],[8.202797 8.202787 8.20477  8.210616],[0.5486622  0.603959   0.65337497 0.69756156]
DDK8,A,3e-08,30,False,False,TDD,packagedrop,0.01,[0.18543875 0.3790189  0.5473219  0.75389457],[0.31460306 0.50189126 0.47793916 0.62432265],[ 30.369972  60.16176   95.561676 152.65302 ],[104.70765 162.01727 106.12148 171.89877],[7.8377967 7.7116303 7.5204554 7.1586256],[1.0192202 1.1697472 1.2686727 1.5476727],[7.9305916 7.937528  7.938669  7.9467754],[0.94080913 0.97129947 1.0151565  1.0446168 ]
DDK8,A,1e-07,1,False,False,TDD,packagedrop,0.01,[0.01038425 0.01063029 0.01141102 0.01318163],[0.0018748  0.00252309 0.00435208 0.01001786],[3.0962718 3.1676884 3.3651795 3.827942 ],[1.1844472 1.3673646 1.7236599 3.1344566],[8.259606 8.260325 8.26092  8.261156],[0.51533353 0.51578605 0.51640123 0.51721746],[8.262489 8.263346 8.264196 8.265036],[0.5146195  0.5150341  0.5156064  0.51633507]
DDK8,A,1e-07,10,False,False,TDD,packagedrop,0.01,[0.02321444 0.04811259 0.08471127 0.12074817],[0.01610179 0.04547025 0.10185321 0.10018246],[ 4.917514  8.773014 14.409762 23.439255],[ 3.0236433  7.022934  11.157332  18.311443 ],[8.1349325 8.121835  8.099399  8.071643 ],[0.6265298  0.6757189  0.72917414 0.7851025 ],[8.144523 8.146372 8.146507 8.145758],[0.6222944 0.6648694 0.7096781 0.7541992]
DDK8,A,1e-07,30,False,False,TDD,packagedrop,0.01,[0.166849   0.33756584 0.48958245 0.6600239 ],[0.35660785 0.92759097 0.62340504 0.5367289 ],[ 33.22553   48.781734  90.76829  137.03455 ],[ 87.541954  65.99745  101.41777  141.18474 ],[7.9849305 7.841654  7.516881  7.1882615],[1.0249325 1.1603489 1.4727496 1.4964155],[8.072836  8.0405245 7.9876432 7.931781 ],[0.9680374 1.0242085 1.0625325 1.0865595]
DDK8,A,3e-07,1,False,False,TDD,packagedrop,0.01,[0.00489318 0.00495673 0.00522811 0.00586422],[0.00301506 0.00297297 0.002988   0.00444581],[1.3186466 1.3374921 1.4138    1.5810013],[0.8904396  0.87794393 0.8937535  1.3224136 ],[8.209275 8.210501 8.211615 8.212604],[0.35368308 0.3548344  0.3561     0.35748866],[8.213685 8.214922 8.216152 8.217376],[0.35320455 0.35431996 0.3555505  0.35689354]
DDK8,A,3e-07,10,False,False,TDD,packagedrop,0.01,[0.0180244  0.03892646 0.07273982 0.11531519],[0.05320517 0.0881407  0.14773275 0.19069803],[ 4.0978413  8.596772  15.934093  25.520567 ],[11.289695 19.152431 31.55178  39.17223 ],[8.16089   8.1488285 8.127739  8.099055 ],[0.6200909  0.67214465 0.7258306  0.78024936],[8.171758 8.174995 8.178912 8.18387 ],[0.61714435 0.66222095 0.70273554 0.73701555]
DDK8,A,3e-07,30,False,False,TDD,packagedrop,0.01,[0.07250257 0.16377413 0.32291928 0.49076492],[0.11070479 0.16236688 0.27646708 0.35938302],[ 12.555891  31.458765  69.61497  119.60753 ],[ 21.132174  31.877373  70.60179  111.05508 ],[7.989598  7.9237504 7.759711  7.5038557],[0.94141436 1.0329671  1.1987019  1.3769838 ],[8.039328 8.043646 8.03752  8.038265],[0.90889144 0.95316565 1.0154774  1.050955  ]
DDK8,C,3e-08,1,False,False,TDD,packagedrop,0.01,[0.0048095  0.00535724 0.00650934 0.00885341],[0.00166834 0.00194108 0.00312942 0.00539659],[0.9408109 1.0390418 1.1927203 1.5481579],[0.24147    0.24628    0.28529158 0.4328023 ],[8.318966 8.319391 8.319743 8.319607],[0.13162665 0.13402663 0.13688913 0.14020066],[8.320241 8.321053 8.321877 8.322711],[0.1314964  0.13392694 0.13672413 0.13986447]
DDK8,C,3e-08,10,False,False,TDD,packagedrop,0.01,[0.04515251 0.12544203 0.24291058 0.32903033],[0.16603217 0.26487577 0.38507795 0.3262403 ],[ 6.9404607 17.101482  34.063477  58.374126 ],[32.705315 47.404247 52.958054 59.57172 ],[8.201036 8.148715 8.068567 7.952665],[0.43919447 0.49613398 0.58447933 0.69688547],[8.214156 8.200949 8.206897 8.228696],[0.43586653 0.47545165 0.5107417  0.53240734]
DDK8,C,3e-08,30,False,False,TDD,packagedrop,0.01,[0.33139688 0.6856578  0.85876554 0.9289809 ],[0.38919926 0.56527525 0.58532053 0.46026993],[ 49.753273 128.72462  181.6042   213.17598 ],[ 46.07785 103.38403 115.08554 123.19503],[8.0182705 7.3612447 6.7824445 6.4195275],[0.73893535 1.2930524  1.4641845  1.4322274 ],[8.26459   8.2423935 8.200481  8.146262 ],[0.59722245 0.63432664 0.6843038  0.7340101 ]
DDK8,C,1e-07,1,False,False,TDD,packagedrop,0.01,[0.00842417 0.00872696 0.0093384  0.01057065],[0.00184558 0.00209613 0.00296478 0.00564608],[2.3317025 2.4198976 2.5830154 2.9241602],[0.5072867  0.6415475  0.97976446 1.9013008 ],[8.279688 8.278467 8.277134 8.275282],[0.20140584 0.20363228 0.20600964 0.2085393 ],[8.287666  8.286729  8.285783  8.2848215],[0.20094848 0.20314613 0.20554835 0.20814276]
DDK8,C,1e-07,10,False,False,TDD,packagedrop,0.01,[0.02605203 0.06347683 0.1318959  0.22735274],[0.03375911 0.06671745 0.1172947  0.18255268],[ 6.688429 15.377148 33.065174 58.958363],[12.685786 23.830973 43.38381  69.000824],[8.20945   8.175499  8.105334  7.9893684],[0.40678608 0.4449361  0.4821309  0.5324744 ],[8.228059 8.225114 8.221141 8.218307],[0.4063242  0.44373652 0.4743657  0.49637356]
DDK8,C,1e-07,30,False,False,TDD,packagedrop,0.01,[0.22882539 0.46370843 0.6309011  0.75099593],[0.3263339  0.40852317 0.3150468  0.30060136],[ 53.741825 107.99387  158.18797  201.35486 ],[136.52757  114.762634 116.89336  132.06824 ],[7.977083  7.592948  7.2103662 6.712893 ],[0.7333561  0.89810985 0.9621418  1.3202721 ],[8.210542 8.202722 8.19268  8.180748],[0.5592177  0.55600965 0.5821842  0.64674735]
DDK8,C,3e-07,1,False,False,TDD,packagedrop,0.01,[0.00853234 0.00858351 0.00885221 0.00948767],[0.00153753 0.00156521 0.00171806 0.00337674],[2.5601163 2.5793173 2.6542356 2.8271713],[0.5350748  0.56000817 0.62016004 1.100573  ],[8.305366 8.305392 8.305243 8.304869],[0.1279616  0.12920846 0.13070974 0.13249879],[8.30922  8.309395 8.309544 8.309666],[0.12782563 0.12907478 0.13059264 0.132371  ]
DDK8,C,3e-07,10,False,False,TDD,packagedrop,0.01,[0.01836775 0.03902912 0.07907016 0.13901296],[0.01691204 0.04074847 0.07435842 0.11807952],[ 4.9316936 10.181046  20.840792  37.507732 ],[ 4.2897654 10.200733  19.292488  32.659676 ],[8.2381   8.209614 8.159351 8.083597],[0.34019604 0.37774226 0.4211385  0.47745898],[8.250104 8.243475 8.238306 8.233626],[0.33855358 0.37196392 0.40309045 0.43264046]
DDK8,C,3e-07,30,False,False,TDD,packagedrop,0.01,[0.15052013 0.3527831  0.49514443 0.6207226 ],[0.15710612 0.29321435 0.27250376 0.26608643],[ 37.215668  90.42994  137.48181  184.27568 ],[ 38.22716   72.396515  79.231705 100.48973 ],[8.083189  7.7078676 7.4566736 7.1651626],[0.6071634 1.0683405 1.1287173 1.2023424],[8.243394  8.2595005 8.280929  8.2970915],[0.5275148  0.56576973 0.5995795  0.6289665 ]
DDK8,D,3e-08,1,False,False,TDD,packagedrop,0.01,[0.00084496 0.00102803 0.00115118 0.00164416],[0.0005192  0.00063583 0.00083495 0.00304066],[0.23779234 0.29140308 0.32699767 0.48409262],[0.12511268 0.15733014 0.22860675 0.9896559 ],[8.313755 8.313595 8.313411 8.313098],[0.16903351 0.16934748 0.16973679 0.17014582],[8.314398 8.314319 8.314234 8.314145],[0.1689577  0.1692839  0.16965668 0.17007592]
DDK8,D,3e-08,10,False,False,TDD,packagedrop,0.01,[0.02657919 0.04527507 0.06023397 0.07682331],[0.12995115 0.2553371  0.31927755 0.33735234],[ 8.276665 13.863054 18.139894 22.988586],[ 41.327465  79.6988    97.61684  101.72555 ],[8.313671 8.309966 8.307039 8.301912],[0.22060013 0.22986093 0.23968732 0.24954191],[8.316226 8.317209 8.319232 8.322231],[0.22064124 0.22971565 0.23861213 0.24789669]
DDK8,D,3e-08,30,False,False,TDD,packagedrop,0.01,[0.03570501 0.06706804 0.10962776 0.15063563],[0.10167141 0.12283913 0.16319834 0.16184215],[10.737075 19.254131 31.503162 43.60169 ],[31.766968 36.75136  48.611893 52.453106],[8.258807 8.217376 8.172968 8.121855],[0.31979343 0.3472767  0.37299228 0.42055416],[8.279626 8.265633 8.254636 8.245803],[0.3149234  0.33140603 0.3475315  0.37491977]
DDK8,D,1e-07,1,False,False,TDD,packagedrop,0.01,[0.00113691 0.00130417 0.00135877 0.00161088],[0.00057007 0.00059583 0.00062911 0.00069714],[0.33797473 0.38843185 0.40347007 0.4795204 ],[0.16541886 0.17304212 0.18340918 0.20384775],[8.307442 8.30756  8.307644 8.30765 ],[0.04592956 0.04713133 0.04843397 0.04983945],[8.30858  8.308749 8.308917 8.309082],[0.04570846 0.04691132 0.04821616 0.04961289]
DDK8,D,1e-07,10,False,False,TDD,packagedrop,0.01,[0.00420521 0.01066342 0.01707307 0.02569319],[0.01060197 0.03295388 0.05209958 0.06204905],[1.2907721 3.3230305 5.374886  8.046497 ],[ 3.4667528 11.212755  18.53261   22.153275 ],[8.299824 8.297548 8.293392 8.289411],[0.14420263 0.16288921 0.18093982 0.19940671],[8.302197 8.302738 8.303449 8.304353],[0.14413556 0.16243479 0.18018848 0.19722274]
DDK8,D,1e-07,30,False,False,TDD,packagedrop,0.01,[0.03664054 0.0683835  0.10536098 0.1536925 ],[0.09465127 0.15220755 0.12713572 0.2049323 ],[10.164347 19.04768  30.397923 43.551876],[24.09164  36.521744 34.721188 52.708717],[8.290047 8.267814 8.245379 8.220802],[0.29389146 0.33461705 0.3597878  0.39527935],[8.307436 8.310596 8.312113 8.31137 ],[0.28931206 0.31602684 0.33770058 0.35521185]
DDK8,D,3e-07,1,False,False,TDD,packagedrop,0.01,[0.00286827 0.0030782  0.00321743 0.00391915],[0.00154876 0.00161047 0.0018823  0.00421334],[0.84713167 0.91081405 0.9518272  1.1629094 ],[0.4552242  0.47408035 0.5577991  1.2686361 ],[8.301262 8.301171 8.301131 8.300895],[0.0218027  0.02331057 0.02495301 0.02667224],[8.304571 8.304598 8.304624 8.304644],[0.02125929 0.02278931 0.02444145 0.02619203]
DDK8,D,3e-07,10,False,False,TDD,packagedrop,0.01,[0.00757424 0.01344706 0.0205536  0.02993869],[0.02362057 0.04338381 0.06587077 0.09023261],[2.2442954 3.9936585 6.1261067 8.951012 ],[ 7.075166 13.033463 19.858458 27.146164],[8.287045 8.284557 8.281063 8.275411],[0.13633384 0.15542895 0.17447211 0.19465439],[8.291802 8.291453 8.291422 8.291797],[0.13622427 0.15536554 0.17447104 0.193445  ]
DDK8,D,3e-07,30,False,False,TDD,packagedrop,0.01,[0.0280491  0.06849704 0.09055766 0.12311502],[0.06071563 0.16520672 0.14633915 0.15670326],[ 8.272991 19.941532 26.553728 36.9307  ],[18.891401 47.268013 43.04106  51.092403],[8.298943 8.264383 8.237139 8.20781 ],[0.2600722  0.32269412 0.35865098 0.37673768],[8.314291 8.305841 8.296564 8.287483],[0.25759736 0.28634158 0.31637365 0.34177953]
