model,cm,ds,ms,is_gen,is_U2D,scenario,noise_type,noise_degree,nmse_mean,nmse_std,mse_mean,mse_std,se_mean,se_std,se0_mean,se0_std
DFTGRID,A,3e-08,1,False,False,TDD,phase,10.0,[0.95151377 0.9509959  0.9500093  0.948697  ],[0.7516391 0.7517891 0.7515462 0.7523798],[279.37628 279.73138 279.45865 279.37347],[236.82047 236.97627 236.8759  237.27666],[8.171125 8.169496 8.167696 8.167151],[0.19655336 0.20071512 0.20545615 0.21073738],[8.330993 8.329849 8.328677 8.327478],[0.19007084 0.19461922 0.19951843 0.20474008]
DFTGRID,A,3e-08,10,False,False,TDD,phase,10.0,[5.8756013 5.752659  5.532663  4.5299506],[9.162883 8.769641 9.36996  5.241744],[596.2883  594.33966 594.21783 596.20703],[305.51178 293.60855 286.2176  283.81992],[7.0425158 7.039936  7.029611  7.008688 ],[1.2626797 1.2499282 1.2649505 1.3227894],[8.202797 8.202787 8.20477  8.210616],[0.5486622  0.603959   0.65337497 0.69756156]
DFTGRID,A,3e-08,30,False,False,TDD,phase,10.0,[12.55787    9.8899975  7.802995   7.181861 ],[42.97382  26.876896 14.972496 10.052936],[596.1386  595.12146 601.24133 605.9278 ],[349.61118 345.64944 357.71463 374.35837],[6.7114387 6.7533765 6.778107  6.7784286],[1.398158  1.3156374 1.3333147 1.4533677],[7.9305916 7.937528  7.938669  7.9467754],[0.94080913 0.97129947 1.0151565  1.0446168 ]
DFTGRID,A,1e-07,1,False,False,TDD,phase,10.0,[0.8037536  0.8023878  0.80166405 0.80120337],[0.74454004 0.74428064 0.7450658  0.74319535],[222.78583 222.40453 222.58057 222.48932],[228.56325 228.21107 228.71587 228.40036],[8.092847  8.0938425 8.095097  8.095484 ],[0.52022195 0.52066374 0.52173966 0.52234846],[8.262489 8.263346 8.264196 8.265036],[0.5146195  0.5150341  0.5156064  0.51633507]
DFTGRID,A,1e-07,10,False,False,TDD,phase,10.0,[4.3022237 4.3846135 4.41458   4.105717 ],[4.364193 5.012013 5.677648 4.481668],[635.56885 631.0567  626.6438  622.5203 ],[346.0644  339.71262 335.71136 333.63275],[6.96306   6.9641414 6.966029  6.9705   ],[1.3712722 1.3956133 1.4134345 1.4128435],[8.144523 8.146372 8.146507 8.145758],[0.6222944 0.6648694 0.7096781 0.7541992]
DFTGRID,A,1e-07,30,False,False,TDD,phase,10.0,[8.9000635 6.750705  9.259406  6.9573755],[40.849712 14.909104 35.872322 18.065807],[657.9953  627.00037 598.84644 574.585  ],[397.3895  354.47546 323.2778  313.96545],[6.602469  6.6272235 6.616335  6.519072 ],[1.621043  1.63066   1.5882117 1.5856985],[8.072836  8.0405245 7.9876432 7.931781 ],[0.9680374 1.0242085 1.0625325 1.0865595]
DFTGRID,A,3e-07,1,False,False,TDD,phase,10.0,[0.88862664 0.8883708  0.8882769  0.889607  ],[0.7210771  0.7205916  0.72112215 0.7219971 ],[271.63226 271.91315 272.0742  272.4795 ],[246.07793 245.7094  245.71565 245.81999],[8.046813 8.048358 8.049908 8.050524],[0.3639786  0.36614352 0.36659577 0.36847734],[8.213685 8.214922 8.216152 8.217376],[0.35320455 0.35431996 0.3555505  0.35689354]
DFTGRID,A,3e-07,10,False,False,TDD,phase,10.0,[3.0458713 3.1433167 3.0742025 3.1031287],[2.4805875 2.9252555 2.6959922 2.792437 ],[594.62    598.6405  603.75494 609.36487],[295.26166 294.18256 296.76144 302.2954 ],[6.933311  6.943613  6.9467664 6.9389434],[1.0412512 1.1062853 1.1819589 1.263087 ],[8.171758 8.174995 8.178912 8.18387 ],[0.61714435 0.66222095 0.70273554 0.73701555]
DFTGRID,A,3e-07,30,False,False,TDD,phase,10.0,[3.4862766 3.5793955 3.7619119 3.8041298],[3.6522443 4.070662  4.5115137 4.5865   ],[604.14185 611.5023  619.1405  628.04254],[330.31894 327.4123  338.0036  359.83112],[6.6695433 6.7457104 6.783709  6.790443 ],[1.3688272 1.3948708 1.4688088 1.515699 ],[8.039328 8.043646 8.03752  8.038265],[0.90889144 0.95316565 1.0154774  1.050955  ]
DFTGRID,C,3e-08,1,False,False,TDD,phase,10.0,[1.2002175 1.1935192 1.1888037 1.1915712],[0.8254798  0.81196    0.80083853 0.8184914 ],[277.78735 277.88104 277.91663 278.24423],[192.50069 192.17163 192.40428 192.74129],[8.069099 8.070207 8.070889 8.071868],[0.1808843  0.18297385 0.18422481 0.18616702],[8.320241 8.321053 8.321877 8.322711],[0.1314964  0.13392694 0.13672413 0.13986447]
DFTGRID,C,3e-08,10,False,False,TDD,phase,10.0,[4.981192  5.5006566 5.2066755 4.8799543],[4.8442774 6.269249  5.4252677 4.5510936],[642.31366 639.21936 642.58325 651.6754 ],[272.0714  266.3391  267.56543 273.6546 ],[6.5229487 6.545642  6.565229  6.574209 ],[1.2773643 1.247349  1.2710985 1.3259224],[8.214156 8.200949 8.206897 8.228696],[0.43586653 0.47545165 0.5107417  0.53240734]
DFTGRID,C,3e-08,30,False,False,TDD,phase,10.0,[4.207279  4.00034   4.2610826 4.7153664],[3.8422832 3.2836375 4.021506  5.308979 ],[601.37787 596.11237 598.49084 584.90594],[303.7463  309.95346 297.27505 276.61304],[5.9332976 6.0120974 5.9198275 6.03282  ],[1.8909829 1.7346567 1.8101549 1.55851  ],[8.26459   8.2423935 8.200481  8.146262 ],[0.59722245 0.63432664 0.6843038  0.7340101 ]
DFTGRID,C,1e-07,1,False,False,TDD,phase,10.0,[0.8619962 0.8625293 0.8634159 0.8622864],[0.6470172  0.6474068  0.64928883 0.6490445 ],[240.18878 240.05243 240.15024 239.55522],[203.86783 203.62238 203.9414  203.46773],[8.049417 8.049274 8.047712 8.046718],[0.23549458 0.23772638 0.23973456 0.24219309],[8.287666  8.286729  8.285783  8.2848215],[0.20094848 0.20314613 0.20554835 0.20814276]
DFTGRID,C,1e-07,10,False,False,TDD,phase,10.0,[3.0136642 2.9908297 2.9939654 3.0086029],[2.0423322 2.0385544 1.9956812 1.9886962],[632.1398  628.65283 625.5949  622.965  ],[272.2065  276.54105 283.55405 290.68643],[6.6058874 6.6062756 6.5933447 6.585447 ],[1.1410807 1.1368316 1.1564559 1.1969101],[8.228059 8.225114 8.221141 8.218307],[0.4063242  0.44373652 0.4743657  0.49637356]
DFTGRID,C,1e-07,30,False,False,TDD,phase,10.0,[3.1825638 3.2229917 3.30303   3.1745646],[2.1195726 1.9470981 2.1263149 1.9739202],[608.9945  607.4072  604.5896  607.69525],[256.46655 235.67606 223.98848 228.34862],[5.6544733 5.645669  5.6217284 5.619221 ],[1.439348  1.3496443 1.3508692 1.4602885],[8.210542 8.202722 8.19268  8.180748],[0.5592177  0.55600965 0.5821842  0.64674735]
DFTGRID,C,3e-07,1,False,False,TDD,phase,10.0,[0.8099787  0.8107486  0.8098207  0.81030893],[0.62071204 0.62100035 0.6206418  0.6206733 ],[244.66185 244.8423  244.69975 245.08682],[189.10591 189.03024 188.98984 189.38367],[8.057257 8.057226 8.057141 8.057808],[0.17476012 0.17524989 0.17648682 0.17681307],[8.30922  8.309395 8.309544 8.309666],[0.12782563 0.12907478 0.13059264 0.132371  ]
DFTGRID,C,3e-07,10,False,False,TDD,phase,10.0,[2.2555845 2.2582793 2.2641428 2.2799006],[1.2942953 1.2604662 1.2337822 1.220475 ],[585.17755 585.0686  586.063   588.9201 ],[264.0346  258.80136 254.85349 252.44194],[6.4712048 6.430876  6.3940697 6.3628426],[1.155641  1.202046  1.2444962 1.2884   ],[8.250104 8.243475 8.238306 8.233626],[0.33855358 0.37196392 0.40309045 0.43264046]
DFTGRID,C,3e-07,30,False,False,TDD,phase,10.0,[2.797797  2.7775793 2.7736313 2.7961514],[1.423574  1.4752373 1.5261872 1.5713916],[666.70435 667.07416 668.64374 669.09644],[258.8571  260.16696 263.70706 263.01712],[5.692313  5.6718507 5.747868  5.843089 ],[1.2359155 1.3238525 1.3438324 1.3098555],[8.243394  8.2595005 8.280929  8.2970915],[0.5275148  0.56576973 0.5995795  0.6289665 ]
DFTGRID,D,3e-08,1,False,False,TDD,phase,10.0,[0.8285713  0.82723826 0.8280593  0.8294244 ],[0.7862026 0.7855303 0.7859976 0.7879491],[248.85191 248.43933 248.6831  249.06245],[236.28185 236.069   236.30176 236.75462],[8.19325   8.1931305 8.192799  8.192706 ],[0.16825105 0.1685734  0.16877961 0.1693197 ],[8.314398 8.314319 8.314234 8.314145],[0.1689577  0.1692839  0.16965668 0.17007592]
DFTGRID,D,3e-08,10,False,False,TDD,phase,10.0,[2.0491936 2.0529933 2.0570517 2.0575461],[1.4788152 1.4696962 1.459167  1.4478797],[604.84424 607.0613  609.9179  612.37787],[429.60706 427.9132  426.417   425.2163 ],[8.120946 8.116272 8.107671 8.103371],[0.23476358 0.24154522 0.24763325 0.25617138],[8.316226 8.317209 8.319232 8.322231],[0.22064124 0.22971565 0.23861213 0.24789669]
DFTGRID,D,3e-08,30,False,False,TDD,phase,10.0,[2.1835792 2.226362  2.2568483 2.277603 ],[1.4176927 1.4227583 1.4154217 1.4082597],[611.22437 617.66833 622.6687  626.08624],[369.1784  370.58945 373.2595  372.92767],[8.076561 8.038669 8.023432 8.01063 ],[0.33013582 0.34571227 0.3643225  0.3945907 ],[8.279626 8.265633 8.254636 8.245803],[0.3149234  0.33140603 0.3475315  0.37491977]
DFTGRID,D,1e-07,1,False,False,TDD,phase,10.0,[0.8829841  0.883022   0.88315505 0.883972  ],[0.73776793 0.7381256  0.73879516 0.73904276],[266.34027 266.3985  266.44403 266.72208],[224.53003 224.58882 224.7812  224.88135],[8.18631  8.18686  8.186374 8.186279],[0.04576242 0.04736761 0.04838439 0.04989074],[8.30858  8.308749 8.308917 8.309082],[0.04570846 0.04691132 0.04821616 0.04961289]
DFTGRID,D,1e-07,10,False,False,TDD,phase,10.0,[2.2564437 2.258905  2.2649527 2.2671227],[1.355431  1.3548303 1.3529204 1.3483577],[663.55524 663.895   665.54224 666.43634],[386.43192 385.7267  385.2944  384.86722],[8.10453  8.098093 8.087035 8.079832],[0.15053459 0.1678624  0.18490437 0.20206055],[8.302197 8.302738 8.303449 8.304353],[0.14413556 0.16243479 0.18018848 0.19722274]
DFTGRID,D,1e-07,30,False,False,TDD,phase,10.0,[2.090403  2.0957146 2.0968344 2.0957212],[1.2982372 1.287116  1.2789993 1.2751803],[623.62225 628.2024  629.93256 629.3695 ],[392.0769  392.01282 391.49142 390.86288],[8.097823 8.078946 8.077784 8.075818],[0.29508382 0.31798205 0.33653885 0.3538946 ],[8.307436 8.310596 8.312113 8.31137 ],[0.28931206 0.31602684 0.33770058 0.35521185]
DFTGRID,D,3e-07,1,False,False,TDD,phase,10.0,[0.78078324 0.7817509  0.7815522  0.7824135 ],[0.7262266 0.7273697 0.7265909 0.7275171],[234.0394  234.33432 234.24037 234.55286],[217.85725 218.17899 217.91478 218.19333],[8.183761 8.183859 8.183428 8.183161],[0.02300934 0.02441428 0.02586212 0.02796157],[8.304571 8.304598 8.304624 8.304644],[0.02125929 0.02278931 0.02444145 0.02619203]
DFTGRID,D,3e-07,10,False,False,TDD,phase,10.0,[2.0347555 2.0407495 2.0479133 2.0544736],[1.3400247 1.343366  1.3456541 1.3477607],[600.9843  602.0911  603.59235 605.1652 ],[388.39096 387.42038 386.15833 385.0738 ],[8.092787 8.08661  8.075487 8.067641],[0.1496874  0.16261692 0.17674933 0.19286606],[8.291802 8.291453 8.291422 8.291797],[0.13622427 0.15536554 0.17447104 0.193445  ]
DFTGRID,D,3e-07,30,False,False,TDD,phase,10.0,[1.8545642 1.8762108 1.8869568 1.8983412],[1.4866848 1.5067663 1.5290415 1.5510198],[543.36084 544.25464 542.64185 541.7043 ],[413.03696 411.1648  411.19592 411.2051 ],[8.110598 8.071436 8.059513 8.04871 ],[0.26622108 0.29302335 0.32281533 0.3504448 ],[8.314291 8.305841 8.296564 8.287483],[0.25759736 0.28634158 0.31637365 0.34177953]
DFTGRID,A,3e-08,1,False,False,TDD,phase,15.0,[0.9116326  0.9100373  0.90893203 0.90851516],[0.77637154 0.7766726  0.7771623  0.7768051 ],[267.71008 267.65015 267.57516 267.64337],[244.37495 244.47171 244.58774 244.44397],[8.267937 8.266777 8.265554 8.264356],[0.19501208 0.19979453 0.20479022 0.21003471],[8.330993 8.329849 8.328677 8.327478],[0.19007084 0.19461922 0.19951843 0.20474008]
DFTGRID,A,3e-08,10,False,False,TDD,phase,15.0,[5.8757873 5.7493443 5.5322433 4.525522 ],[9.186326 8.785205 9.408688 5.251016],[595.4579  593.4277  593.54974 595.7087 ],[314.25824 302.56503 295.15836 293.08322],[7.1391835 7.1348295 7.1233807 7.10446  ],[1.2641675 1.251801  1.2678467 1.3244708],[8.202797 8.202787 8.20477  8.210616],[0.5486622  0.603959   0.65337497 0.69756156]
DFTGRID,A,3e-08,30,False,False,TDD,phase,15.0,[12.549768   9.859804   7.783127   7.1701784],[42.959244 26.789003 14.931693 10.05057 ],[594.6538 593.76   599.7396 605.09  ],[358.0304  354.1455  366.5627  383.08575],[6.8102417 6.8507013 6.8732624 6.87497  ],[1.4051615 1.3199645 1.3354516 1.4531443],[7.9305916 7.937528  7.938669  7.9467754],[0.94080913 0.97129947 1.0151565  1.0446168 ]
DFTGRID,A,1e-07,1,False,False,TDD,phase,15.0,[0.7578289  0.7564694  0.7562355  0.75574636],[0.77082175 0.7699823  0.7701801  0.7698588 ],[208.14937 208.05223 208.087   208.1383 ],[235.5249  235.31012 235.1887  235.15955],[8.191273 8.19223  8.192975 8.193886],[0.5193816  0.520012   0.52057236 0.5214092 ],[8.262489 8.263346 8.264196 8.265036],[0.5146195  0.5150341  0.5156064  0.51633507]
DFTGRID,A,1e-07,10,False,False,TDD,phase,15.0,[4.302233  4.384302  4.415017  4.1043625],[4.377061  5.0198402 5.692295  4.487521 ],[635.9041  631.1369  626.6457  622.83185],[354.65506 348.32318 344.49927 342.3633 ],[7.055982  7.0581756 7.060314  7.0645027],[1.3754984 1.401229  1.4254366 1.4213991],[8.144523 8.146372 8.146507 8.145758],[0.6222944 0.6648694 0.7096781 0.7541992]
DFTGRID,A,1e-07,30,False,False,TDD,phase,15.0,[8.894695  6.7494373 9.254108  6.942581 ],[40.797924 14.940753 35.885166 18.064745],[656.9668  625.8671  596.7851  572.73486],[404.05197 361.6266  329.5354  320.7509 ],[6.6945553 6.717618  6.708313  6.6158533],[1.632506  1.644064  1.5994656 1.5936942],[8.072836  8.0405245 7.9876432 7.931781 ],[0.9680374 1.0242085 1.0625325 1.0865595]
DFTGRID,A,3e-07,1,False,False,TDD,phase,15.0,[0.8480051 0.8477982 0.8487938 0.8485617],[0.7470792  0.74677753 0.7478068  0.7477679 ],[259.82156 259.9547  260.35168 260.4485 ],[253.09132 252.96729 253.18378 253.06299],[8.145136 8.146387 8.147423 8.148696],[0.36425027 0.3651652  0.36654055 0.36808285],[8.213685 8.214922 8.216152 8.217376],[0.35320455 0.35431996 0.3555505  0.35689354]
DFTGRID,A,3e-07,10,False,False,TDD,phase,15.0,[3.037702  3.1373158 3.0681849 3.0974293],[2.4925497 2.9371355 2.7062354 2.8007245],[593.02704 597.4896  602.6125  608.6248 ],[303.92194 302.90906 305.27423 311.2057 ],[7.027283  7.039058  7.0416493 7.033095 ],[1.0476955 1.110676  1.1865253 1.2722622],[8.171758 8.174995 8.178912 8.18387 ],[0.61714435 0.66222095 0.70273554 0.73701555]
DFTGRID,A,3e-07,30,False,False,TDD,phase,15.0,[3.4827948 3.574753  3.7571642 3.7987998],[3.6637228 4.0830708 4.5238414 4.596904 ],[603.41    610.74243 618.47473 627.70526],[337.6888  335.03088 345.98755 367.32605],[6.7651744 6.8421755 6.8788185 6.8866644],[1.3736827 1.398837  1.4760765 1.5206378],[8.039328 8.043646 8.03752  8.038265],[0.90889144 0.95316565 1.0154774  1.050955  ]
DFTGRID,C,3e-08,1,False,False,TDD,phase,15.0,[1.1585147 1.1521138 1.1474949 1.1492054],[0.8417396  0.82814837 0.8178434  0.834572  ],[265.9976  265.9404  266.26266 266.17865],[199.13112 199.0121  199.20357 199.27394],[8.1670885 8.16788   8.168445  8.169487 ],[0.18012178 0.18179715 0.18377896 0.18559353],[8.320241 8.321053 8.321877 8.322711],[0.1314964  0.13392694 0.13672413 0.13986447]
DFTGRID,C,3e-08,10,False,False,TDD,phase,15.0,[4.989763  5.510991  5.2183366 4.8880587],[4.870113  6.3000755 5.4595165 4.578745 ],[643.67596 640.4923  644.10486 653.2609 ],[280.9442  275.49292 276.56497 282.99454],[6.6179113 6.6403823 6.6596594 6.6706834],[1.281414  1.2540189 1.2737013 1.3268526],[8.214156 8.200949 8.206897 8.228696],[0.43586653 0.47545165 0.5107417  0.53240734]
DFTGRID,C,3e-08,30,False,False,TDD,phase,15.0,[4.2048726 3.9914126 4.2544613 4.711123 ],[3.864285  3.2961285 4.035781  5.3247333],[600.548   595.21625 598.06647 584.46295],[311.36777 317.84445 304.77103 283.76013],[6.0182037 6.099602  6.003302  6.1285   ],[1.9247574 1.7638165 1.8495146 1.5689231],[8.26459   8.2423935 8.200481  8.146262 ],[0.59722245 0.63432664 0.6843038  0.7340101 ]
DFTGRID,C,1e-07,1,False,False,TDD,phase,15.0,[0.81845015 0.81876236 0.81777835 0.81813437],[0.6703931  0.67041415 0.67089224 0.67144567],[227.73932 227.4289  226.8544  226.72466],[210.68007 210.24135 209.9069  209.68358],[8.145792 8.144976 8.144168 8.143329],[0.23537995 0.23714943 0.23906474 0.24119475],[8.287666  8.286729  8.285783  8.2848215],[0.20094848 0.20314613 0.20554835 0.20814276]
DFTGRID,C,1e-07,10,False,False,TDD,phase,15.0,[3.0206738 2.9970703 2.998911  3.0140553],[2.071059  2.0640252 2.0193603 2.0143828],[633.8822  630.00494 626.8427  624.1227 ],[281.32974 285.75507 292.8087  300.35693],[6.6993775 6.6990533 6.688764  6.6808515],[1.145791  1.141382  1.1595515 1.2006463],[8.228059 8.225114 8.221141 8.218307],[0.4063242  0.44373652 0.4743657  0.49637356]
DFTGRID,C,1e-07,30,False,False,TDD,phase,15.0,[3.1826677 3.2258825 3.304617  3.176733 ],[2.1345344 1.9601787 2.1372032 1.9892308],[609.05493 607.877   604.9592  608.1841 ],[262.38904 241.52357 229.71326 234.35406],[5.74364  5.733442 5.711447 5.703903],[1.4539263 1.3634065 1.3712609 1.4836267],[8.210542 8.202722 8.19268  8.180748],[0.5592177  0.55600965 0.5821842  0.64674735]
DFTGRID,C,3e-07,1,False,False,TDD,phase,15.0,[0.76717645 0.76696426 0.7666553  0.76660377],[0.64335275 0.6427522  0.6431441  0.64339983],[231.62965 231.62076 231.72414 231.81564],[195.62833 195.4637  195.66751 195.9426 ],[8.153326  8.153635  8.154265  8.1542425],[0.17528352 0.17582531 0.17629112 0.17710173],[8.30922  8.309395 8.309544 8.309666],[0.12782563 0.12907478 0.13059264 0.132371  ]
DFTGRID,C,3e-07,10,False,False,TDD,phase,15.0,[2.2497036 2.2539322 2.261035  2.2762933],[1.3198142 1.2863274 1.2595339 1.2476491],[583.7578 583.9625 585.2238 587.9521],[273.1749  267.6795  263.53934 261.2893 ],[6.5665913 6.524428  6.4865875 6.456761 ],[1.1636798 1.2082707 1.2527231 1.2966908],[8.250104 8.243475 8.238306 8.233626],[0.33855358 0.37196392 0.40309045 0.43264046]
DFTGRID,C,3e-07,30,False,False,TDD,phase,15.0,[2.7978146 2.7779615 2.774283  2.7955105],[1.4352672 1.4862162 1.5370113 1.5803893],[667.1217  667.6027  669.37537 669.6855 ],[264.74673 266.48138 269.8665  269.05133],[5.782046  5.760846  5.8361425 5.930495 ],[1.2481906 1.3419541 1.3599986 1.3233738],[8.243394  8.2595005 8.280929  8.2970915],[0.5275148  0.56576973 0.5995795  0.6289665 ]
DFTGRID,D,3e-08,1,False,False,TDD,phase,15.0,[0.79681516 0.797108   0.79714537 0.797363  ],[0.81115526 0.81140333 0.81192654 0.81189686],[239.19893 239.28848 239.24931 239.30162],[243.55582 243.70276 243.76172 243.7919 ],[8.272884 8.272779 8.272763 8.272474],[0.16892561 0.16916457 0.1694917  0.17007452],[8.314398 8.314319 8.314234 8.314145],[0.1689577  0.1692839  0.16965668 0.17007592]
DFTGRID,D,3e-08,10,False,False,TDD,phase,15.0,[2.055406  2.057903  2.0585165 2.057191 ],[1.5244526 1.5161446 1.5070049 1.4973491],[606.66   608.5341 610.4377 612.2806],[443.16934 441.7695  440.7091  440.05267],[8.200397 8.20002  8.19913  8.199928],[0.23456188 0.24201156 0.24941127 0.25799105],[8.316226 8.317209 8.319232 8.322231],[0.22064124 0.22971565 0.23861213 0.24789669]
DFTGRID,D,3e-08,30,False,False,TDD,phase,15.0,[2.192689  2.2293873 2.259002  2.278613 ],[1.4562705 1.4632491 1.4582233 1.4507475],[613.521   618.3685  623.15967 626.479  ],[380.4936  383.2124  386.06696 385.85336],[8.155478 8.13487  8.121252 8.110221],[0.32963738 0.3460698  0.36525273 0.39477903],[8.279626 8.265633 8.254636 8.245803],[0.3149234  0.33140603 0.3475315  0.37491977]
DFTGRID,D,1e-07,1,False,False,TDD,phase,15.0,[0.85321164 0.85389864 0.85365415 0.8537281 ],[0.761172   0.7616013  0.761407   0.76175976],[257.3869  257.62567 257.5442  257.6106 ],[231.61545 231.72533 231.5982  231.72084],[8.26625   8.2662525 8.266387  8.266415 ],[0.0460942  0.04720068 0.04853949 0.04998634],[8.30858  8.308749 8.308917 8.309082],[0.04570846 0.04691132 0.04821616 0.04961289]
DFTGRID,D,1e-07,10,False,False,TDD,phase,15.0,[2.2699375 2.27241   2.2741587 2.2741156],[1.3962835 1.3971843 1.3965971 1.39507  ],[667.4268 667.7273 668.1052 668.313 ],[398.58112 398.3828  398.47397 398.96362],[8.183763  8.182341  8.179434  8.1780615],[0.14993222 0.16695161 0.18401018 0.20021972],[8.302197 8.302738 8.303449 8.304353],[0.14413556 0.16243479 0.18018848 0.19722274]
DFTGRID,D,1e-07,30,False,False,TDD,phase,15.0,[2.0985007 2.0973296 2.0953639 2.097032 ],[1.3374766 1.3292525 1.3217889 1.3170648],[626.2164  628.9977  629.9728  630.24005],[404.05127 404.92035 404.87424 404.16547],[8.176977 8.17415  8.176795 8.176713],[0.294476   0.31798336 0.33806986 0.35645154],[8.307436 8.310596 8.312113 8.31137 ],[0.28931206 0.31602684 0.33770058 0.35521185]
DFTGRID,D,3e-07,1,False,False,TDD,phase,15.0,[0.74836326 0.74863875 0.74846643 0.7492796 ],[0.7496245  0.7499401  0.7496066  0.75020003],[224.30293 224.38393 224.33812 224.60876],[224.85004 224.93439 224.8426  225.02551],[8.263293 8.263226 8.263161 8.263103],[0.02280658 0.02440983 0.02596393 0.02763513],[8.304571 8.304598 8.304624 8.304644],[0.02125929 0.02278931 0.02444145 0.02619203]
DFTGRID,D,3e-07,10,False,False,TDD,phase,15.0,[2.0410376 2.0451615 2.049894  2.0539837],[1.3830836 1.3863236 1.3903242 1.3942456],[602.8934  603.35706 604.1885  605.0338 ],[401.03293 399.9906  399.27347 398.71005],[8.171952 8.169909 8.166726 8.164677],[0.14871429 0.16286269 0.17840143 0.19440423],[8.291802 8.291453 8.291422 8.291797],[0.13622427 0.15536554 0.17447104 0.193445  ]
DFTGRID,D,3e-07,30,False,False,TDD,phase,15.0,[1.8563304 1.8696393 1.8809277 1.8912619],[1.5312513 1.5552186 1.5782688 1.6008348],[543.6959  542.07043 540.59827 539.4487 ],[425.8943  425.06406 425.2894  425.41898],[8.189065 8.169731 8.157764 8.147286],[0.26488456 0.29269624 0.32270753 0.34904152],[8.314291 8.305841 8.296564 8.287483],[0.25759736 0.28634158 0.31637365 0.34177953]
DFTGRID,A,3e-08,1,False,False,TDD,phase,20.0,[0.89829916 0.89645094 0.8951494  0.8949705 ],[0.7848162 0.7845989 0.7846109 0.7853856],[263.78308 263.65552 263.57248 263.5839 ],[246.89865 246.78989 246.78113 246.90814],[8.299146  8.29792   8.296733  8.2954855],[0.1950471  0.19958043 0.20465676 0.20994304],[8.330993 8.329849 8.328677 8.327478],[0.19007084 0.19461922 0.19951843 0.20474008]
DFTGRID,A,3e-08,10,False,False,TDD,phase,20.0,[5.876959  5.747253  5.5324535 4.526483 ],[9.199439 8.78178  9.421408 5.26015 ],[595.268   593.22876 593.2991  595.62415],[317.38007 305.44812 298.03116 295.95612],[7.1693187 7.1652956 7.1546507 7.135652 ],[1.2670761 1.2518759 1.2658278 1.3236532],[8.202797 8.202787 8.20477  8.210616],[0.5486622  0.603959   0.65337497 0.69756156]
DFTGRID,A,3e-08,30,False,False,TDD,phase,20.0,[12.547346  9.849768  7.775025  7.166449],[42.966507 26.7499   14.912571 10.049296],[594.1242  593.3198  599.1614  604.88385],[360.73434 356.90445 369.5139  385.93985],[6.840866 6.880805 6.9049   6.906257],[1.4069843 1.3228008 1.335939  1.4538583],[7.9305916 7.937528  7.938669  7.9467754],[0.94080913 0.97129947 1.0151565  1.0446168 ]
DFTGRID,A,1e-07,1,False,False,TDD,phase,20.0,[0.7432433  0.74198556 0.7414371  0.74083686],[0.77951473 0.7789768  0.7789142  0.7786527 ],[203.4894  203.4332  203.40031 203.34377],[237.75294 237.61333 237.52646 237.48181],[8.222629 8.223631 8.224472 8.225384],[0.5193332  0.51972485 0.5203106  0.5211023 ],[8.262489 8.263346 8.264196 8.265036],[0.5146195  0.5150341  0.5156064  0.51633507]
DFTGRID,A,1e-07,10,False,False,TDD,phase,20.0,[4.3031807 4.384545  4.414664  4.103172 ],[4.382141  5.0250506 5.693593  4.491602 ],[636.01483 631.2425  626.7427  622.5191 ],[357.5168  351.28403 347.30383 344.90872],[7.086371  7.0871677 7.0904427 7.0941277],[1.3772728 1.4055867 1.4266467 1.4254792],[8.144523 8.146372 8.146507 8.145758],[0.6222944 0.6648694 0.7096781 0.7541992]
DFTGRID,A,1e-07,30,False,False,TDD,phase,20.0,[8.893938 6.748369 9.246909 6.937069],[40.794968 14.949767 35.849968 18.06991 ],[656.6887 625.3004 596.1722 571.8916],[406.1294  363.94687 331.72623 323.05533],[6.7238836 6.7474394 6.7393036 6.6468177],[1.635749  1.6488539 1.6030025 1.5954192],[8.072836  8.0405245 7.9876432 7.931781 ],[0.9680374 1.0242085 1.0625325 1.0865595]
DFTGRID,A,3e-07,1,False,False,TDD,phase,20.0,[0.83426034 0.83470976 0.8350721  0.83546567],[0.7552115  0.7552591  0.7558815  0.75610125],[255.86226 256.1349  256.4133  256.6583 ],[255.43953 255.40154 255.5039  255.48087],[8.176338 8.17763  8.17884  8.180102],[0.36409566 0.36526582 0.36647114 0.36791188],[8.213685 8.214922 8.216152 8.217376],[0.35320455 0.35431996 0.3555505  0.35689354]
DFTGRID,A,3e-07,10,False,False,TDD,phase,20.0,[3.034962  3.1350458 3.0672529 3.0962393],[2.4955335 2.9400961 2.7103806 2.8042133],[592.628   597.10486 602.4228  608.2468 ],[306.79623 305.69138 308.22122 314.07867],[7.057456 7.069704 7.072754 7.063597],[1.0488497 1.1117307 1.1880068 1.2748523],[8.171758 8.174995 8.178912 8.18387 ],[0.61714435 0.66222095 0.70273554 0.73701555]
DFTGRID,A,3e-07,30,False,False,TDD,phase,20.0,[3.4811916 3.5737424 3.7561033 3.7975075],[3.6662774 4.0880704 4.530604  4.601312 ],[603.1815  610.5455  618.22    627.62744],[340.1356  337.64047 348.43307 369.8821 ],[6.797552  6.8724933 6.909094  6.9174047],[1.3741308 1.4002558 1.4779952 1.522561 ],[8.039328 8.043646 8.03752  8.038265],[0.90889144 0.95316565 1.0154774  1.050955  ]
DFTGRID,C,3e-08,1,False,False,TDD,phase,20.0,[1.1449132 1.1387258 1.1339409 1.135732 ],[0.84745115 0.83426857 0.8236411  0.8399809 ],[262.0523  262.1124  262.30725 262.37637],[201.33507 201.35442 201.46422 201.3358 ],[8.198315 8.199067 8.199776 8.200597],[0.17982878 0.18135403 0.1833564  0.18557088],[8.320241 8.321053 8.321877 8.322711],[0.1314964  0.13392694 0.13672413 0.13986447]
DFTGRID,C,3e-08,10,False,False,TDD,phase,20.0,[4.9913473 5.5147443 5.2214704 4.8891106],[4.8796153 6.3117905 5.47208   4.586615 ],[643.9576  640.92896 644.63763 653.64374],[283.94537 278.44208 279.58932 285.89368],[6.648545  6.6701136 6.6906495 6.7011123],[1.2809677 1.2568609 1.2755797 1.3284065],[8.214156 8.200949 8.206897 8.228696],[0.43586653 0.47545165 0.5107417  0.53240734]
DFTGRID,C,3e-08,30,False,False,TDD,phase,20.0,[4.203365  3.9898908 4.2542973 4.7098618],[3.8690538 3.3018982 4.0423427 5.3279376],[600.2515 595.1154 598.0712 584.3706],[313.8795  320.49966 307.45145 286.32166],[6.0442944 6.1277795 6.029516  6.1578803],[1.9358996 1.7743576 1.8642935 1.5724136],[8.26459   8.2423935 8.200481  8.146262 ],[0.59722245 0.63432664 0.6843038  0.7340101 ]
DFTGRID,C,1e-07,1,False,False,TDD,phase,20.0,[0.80379266 0.804164   0.8038049  0.80386597],[0.677648   0.6777231  0.6781757  0.67894894],[223.49657 223.24512 222.79416 222.57918],[212.83629 212.40314 212.01273 211.83374],[8.176563 8.175611 8.174739 8.173853],[0.23531008 0.23710209 0.2390771  0.24111801],[8.287666  8.286729  8.285783  8.2848215],[0.20094848 0.20314613 0.20554835 0.20814276]
DFTGRID,C,1e-07,10,False,False,TDD,phase,20.0,[3.0218399 2.9984345 3.0011823 3.014809 ],[2.0787117 2.0733247 2.0295331 2.02088  ],[634.1469  630.413   627.34644 624.3374 ],[284.28375 288.79196 295.96765 303.37146],[6.729266 6.72864  6.719875 6.710515],[1.1467276 1.1434313 1.1608378 1.2029135],[8.228059 8.225114 8.221141 8.218307],[0.4063242  0.44373652 0.4743657  0.49637356]
DFTGRID,C,1e-07,30,False,False,TDD,phase,20.0,[3.183329  3.2269797 3.3060174 3.1770284],[2.1403913 1.9647176 2.1422713 1.9944651],[609.2748  608.04736 605.26587 608.20404],[264.33136 243.34338 231.45201 236.02641],[5.769961  5.7645044 5.7389264 5.7315965],[1.4597063 1.364782  1.3763524 1.489387 ],[8.210542 8.202722 8.19268  8.180748],[0.5592177  0.55600965 0.5821842  0.64674735]
DFTGRID,C,3e-07,1,False,False,TDD,phase,20.0,[0.75256956 0.75250643 0.75235534 0.75233185],[0.6499738  0.6502038  0.65060747 0.6500249 ],[227.22316 227.32065 227.42206 227.51904],[197.55225 197.72728 197.98015 197.82927],[8.184088  8.1846075 8.185094  8.185343 ],[0.17520086 0.17570025 0.1761997  0.17711964],[8.30922  8.309395 8.309544 8.309666],[0.12782563 0.12907478 0.13059264 0.132371  ]
DFTGRID,C,3e-07,10,False,False,TDD,phase,20.0,[2.2487845 2.252452  2.2596192 2.2751904],[1.3287026 1.2949294 1.2683238 1.2559197],[583.5259  583.56726 584.9207  587.6905 ],[276.21704 270.54465 266.42853 264.07648],[6.5964613 6.554164  6.5155706 6.485324 ],[1.1658758 1.2117561 1.2568095 1.299858 ],[8.250104 8.243475 8.238306 8.233626],[0.33855358 0.37196392 0.40309045 0.43264046]
DFTGRID,C,3e-07,30,False,False,TDD,phase,20.0,[2.798357 2.778385 2.774508 2.795799],[1.439616  1.4889627 1.5415338 1.5832013],[667.3873  668.01337 669.5137  669.94366],[266.87936 268.49368 271.9761  270.98935],[5.8109345 5.787283  5.8655    5.960371 ],[1.251058  1.3485216 1.3641161 1.3257662],[8.243394  8.2595005 8.280929  8.2970915],[0.5275148  0.56576973 0.5995795  0.6289665 ]
DFTGRID,D,3e-08,1,False,False,TDD,phase,20.0,[0.7865563 0.7865577 0.7868459 0.7867633],[0.81951606 0.8196948  0.81979084 0.81986445],[236.09348 236.07494 236.11864 236.11404],[246.03075 246.07123 246.07701 246.16429],[8.298328 8.298242 8.298113 8.29796 ],[0.16916351 0.16945954 0.16983727 0.17024866],[8.314398 8.314319 8.314234 8.314145],[0.1689577  0.1692839  0.16965668 0.17007592]
DFTGRID,D,3e-08,10,False,False,TDD,phase,20.0,[2.057624  2.0588684 2.058669  2.0568337],[1.5393822 1.5315005 1.5226964 1.5134913],[607.26935 608.8234  610.4657  612.2161 ],[447.57257 446.3358  445.3649  444.9322 ],[8.225722  8.226853  8.228292  8.2305765],[0.23463379 0.24227819 0.24986167 0.25849748],[8.316226 8.317209 8.319232 8.322231],[0.22064124 0.22971565 0.23861213 0.24789669]
DFTGRID,D,3e-08,30,False,False,TDD,phase,20.0,[2.196054  2.229835  2.2589622 2.2786736],[1.4695377 1.4770687 1.4722543 1.4653091],[614.3481  618.4189  623.09717 626.5137 ],[384.34775 387.3839  390.22635 390.2254 ],[8.180809 8.165556 8.152735 8.142316],[0.32941929 0.3463354  0.36580262 0.3950716 ],[8.279626 8.265633 8.254636 8.245803],[0.3149234  0.33140603 0.3475315  0.37491977]
DFTGRID,D,1e-07,1,False,False,TDD,phase,20.0,[0.8437195  0.8436322  0.84410775 0.84377295],[0.7692283 0.7694337 0.769551  0.7693688],[254.52483 254.52711 254.70032 254.61852],[234.05473 234.0915  234.09982 234.0097 ],[8.2916565 8.291828  8.291967  8.292076 ],[0.04607262 0.04728547 0.0485994  0.04998861],[8.30858  8.308749 8.308917 8.309082],[0.04570846 0.04691132 0.04821616 0.04961289]
DFTGRID,D,1e-07,10,False,False,TDD,phase,20.0,[2.2747617 2.276122  2.2771194 2.276579 ],[1.409868  1.410852  1.4107356 1.4098884],[668.80096 668.7628  668.9249  668.97296],[402.59454 402.4805  402.73123 403.43958],[8.209039 8.209178 8.208913 8.209485],[0.1494778  0.16686127 0.18364143 0.1999366 ],[8.302197 8.302738 8.303449 8.304353],[0.14413556 0.16243479 0.18018848 0.19722274]
DFTGRID,D,1e-07,30,False,False,TDD,phase,20.0,[2.1009734 2.0977094 2.0957947 2.096591 ],[1.3508314 1.3432677 1.3361976 1.331121 ],[627.0065  629.22845 630.2323  630.2325 ],[408.10846 409.27484 409.29794 408.57712],[8.202182 8.204841 8.208363 8.209194],[0.2942032  0.31812856 0.33869967 0.35756692],[8.307436 8.310596 8.312113 8.31137 ],[0.28931206 0.31602684 0.33770058 0.35521185]
DFTGRID,D,3e-07,1,False,False,TDD,phase,20.0,[0.73740554 0.7373697  0.7376041  0.7378485 ],[0.7570729 0.7571006 0.7573232 0.7577065],[221.01256 221.0116  221.07674 221.15346],[227.08865 227.0965  227.14647 227.25374],[8.288677 8.288711 8.288711 8.288662],[0.02281338 0.0242948  0.02596804 0.02763007],[8.304571 8.304598 8.304624 8.304644],[0.02125929 0.02278931 0.02444145 0.02619203]
DFTGRID,D,3e-07,10,False,False,TDD,phase,20.0,[2.042935  2.0471334 2.0506988 2.0538528],[1.3973086 1.4008596 1.4050221 1.4097081],[603.46704 603.96423 604.41876 605.01917],[405.22012 404.2428  403.53998 403.23816],[8.197387 8.196721 8.195775 8.1955  ],[0.1484621  0.16316293 0.17879942 0.19522499],[8.291802 8.291453 8.291422 8.291797],[0.13622427 0.15536554 0.17447104 0.193445  ]
DFTGRID,D,3e-07,30,False,False,TDD,phase,20.0,[1.8566027 1.8683966 1.87884   1.8890748],[1.5460842 1.5714504 1.5946597 1.6174737],[543.7328  541.64246 539.89685 538.7152 ],[430.19568 429.7401  429.97998 430.11197],[8.214158  8.2010355 8.189387  8.178988 ],[0.26450267 0.2928475  0.3230563  0.34864628],[8.314291 8.305841 8.296564 8.287483],[0.25759736 0.28634158 0.31637365 0.34177953]
DFTGRID,A,3e-08,1,False,False,TDD,phase,25.0,[0.89405596 0.8925068  0.891368   0.8903999 ],[0.78732604 0.7873088  0.78749925 0.78750706],[262.49283 262.51227 262.43097 262.31763],[247.56409 247.63742 247.62343 247.57295],[8.308608 8.30747  8.306251 8.305053],[0.19498503 0.1995997  0.20454605 0.20988458],[8.330993 8.329849 8.328677 8.327478],[0.19007084 0.19461922 0.19951843 0.20474008]
DFTGRID,A,3e-08,10,False,False,TDD,phase,25.0,[5.876251  5.748381  5.5332966 4.5258446],[9.198992  8.788558  9.429978  5.2622566],[595.2735  593.23627 593.2769  595.5032 ],[318.15616 306.3419  299.05365 296.92117],[7.178207  7.174724  7.1643934 7.1456623],[1.2676754 1.2520375 1.2659235 1.3231586],[8.202797 8.202787 8.20477  8.210616],[0.5486622  0.603959   0.65337497 0.69756156]
DFTGRID,A,3e-08,30,False,False,TDD,phase,25.0,[12.546207   9.848978   7.7741594  7.1652837],[42.961494 26.749088 14.90723  10.049932],[593.96826 593.1818  599.1828  604.8067 ],[361.6264  357.71707 370.54874 386.82083],[6.850579  6.8902516 6.914302  6.915495 ],[1.4071926 1.3235234 1.3360428 1.4536849],[7.9305916 7.937528  7.938669  7.9467754],[0.94080913 0.97129947 1.0151565  1.0446168 ]
DFTGRID,A,1e-07,1,False,False,TDD,phase,25.0,[0.738567   0.7375131  0.7367127  0.73616165],[0.7820233  0.78174454 0.7814824  0.78119487],[202.01526 202.01451 201.90393 201.8567 ],[238.42691 238.40996 238.28174 238.16315],[8.2323265 8.233186  8.234113  8.234971 ],[0.5192206  0.51966554 0.5202572  0.52103806],[8.262489 8.263346 8.264196 8.265036],[0.5146195  0.5150341  0.5156064  0.51633507]
DFTGRID,A,1e-07,10,False,False,TDD,phase,25.0,[4.302874 4.38504  4.413873 4.102838],[4.3841767 5.0269103 5.693621  4.492027 ],[636.0025  631.28815 626.6146  622.58636],[358.37003 352.20132 348.14026 345.77838],[7.0960264 7.096499  7.098999  7.102541 ],[1.3763726 1.4065486 1.4288471 1.4284369],[8.144523 8.146372 8.146507 8.145758],[0.6222944 0.6648694 0.7096781 0.7541992]
DFTGRID,A,1e-07,30,False,False,TDD,phase,25.0,[8.892958 6.748283 9.246298 6.935281],[40.783863 14.954307 35.854786 18.070992],[656.5098 625.1004 595.899  571.6731],[406.78384 364.6269  332.43625 323.70737],[6.732917  6.756226  6.7492027 6.656413 ],[1.6374053 1.6498841 1.6036283 1.5956134],[8.072836  8.0405245 7.9876432 7.931781 ],[0.9680374 1.0242085 1.0625325 1.0865595]
DFTGRID,A,3e-07,1,False,False,TDD,phase,25.0,[0.8301945  0.83067185 0.8310792  0.8311087 ],[0.75764453 0.75800395 0.7584643  0.7586518 ],[254.66695 254.93361 255.20715 255.36945],[256.10654 256.11133 256.16498 256.15582],[8.185983 8.187206 8.188458 8.189693],[0.36406493 0.3652236  0.36647418 0.36781496],[8.213685 8.214922 8.216152 8.217376],[0.35320455 0.35431996 0.3555505  0.35689354]
DFTGRID,A,3e-07,10,False,False,TDD,phase,25.0,[3.0345495 3.1345437 3.0667758 3.095565 ],[2.4972022 2.941007  2.7120595 2.804788 ],[592.51953 597.01117 602.24713 608.1668 ],[307.68695 306.60205 309.0471  314.91376],[7.0668044 7.079138  7.0823894 7.0731764],[1.0494834 1.1124394 1.1878289 1.2749333],[8.171758 8.174995 8.178912 8.18387 ],[0.61714435 0.66222095 0.70273554 0.73701555]
DFTGRID,A,3e-07,30,False,False,TDD,phase,25.0,[3.4812155 3.5731459 3.7555895 3.7968566],[3.6683586 4.0874505 4.530109  4.6023307],[603.1739 610.52   618.1842 627.5608],[340.9084  338.4198  349.25095 370.65735],[6.806414  6.882101  6.9185076 6.9264326],[1.3746045 1.4003304 1.4786419 1.5237315],[8.039328 8.043646 8.03752  8.038265],[0.90889144 0.95316565 1.0154774  1.050955  ]
DFTGRID,C,3e-08,1,False,False,TDD,phase,25.0,[1.1406157 1.1347301 1.1295695 1.1317729],[0.8491232  0.83613336 0.8252477  0.8415191 ],[260.79147 260.97733 261.02255 261.1837 ],[201.89236 202.00937 202.03038 202.12071],[8.207763 8.208515 8.209354 8.210116],[0.17986616 0.18143591 0.18323065 0.18552756],[8.320241 8.321053 8.321877 8.322711],[0.1314964  0.13392694 0.13672413 0.13986447]
DFTGRID,C,3e-08,10,False,False,TDD,phase,25.0,[4.99254   5.5158815 5.2230577 4.8895893],[4.8829327 6.3147397 5.475133  4.589004 ],[644.1152  641.0569  644.72107 653.7897 ],[284.80276 279.33536 280.44263 286.8312 ],[6.65826   6.6794133 6.6995635 6.7104144],[1.280375  1.2570691 1.2757283 1.3290716],[8.214156 8.200949 8.206897 8.228696],[0.43586653 0.47545165 0.5107417  0.53240734]
DFTGRID,C,3e-08,30,False,False,TDD,phase,25.0,[4.2032757 3.9889824 4.253927  4.709607 ],[3.8716702 3.3031375 4.043922  5.329533 ],[600.1827  595.0718  598.0019  584.36237],[314.6311  321.34714 308.26056 287.02167],[6.051587  6.136821  6.0364995 6.168086 ],[1.9418422 1.7764986 1.870772  1.5724734],[8.26459   8.2423935 8.200481  8.146262 ],[0.59722245 0.63432664 0.6843038  0.7340101 ]
DFTGRID,C,1e-07,1,False,False,TDD,phase,25.0,[0.7993681  0.79974586 0.79972094 0.79940766],[0.6798227 0.6802048 0.6808442 0.6812445],[222.22789 221.91248 221.6114  221.27112],[213.41927 213.05174 212.85143 212.57097],[8.18597  8.185051 8.18417  8.183327],[0.23508483 0.23684247 0.23889491 0.24099812],[8.287666  8.286729  8.285783  8.2848215],[0.20094848 0.20314613 0.20554835 0.20814276]
DFTGRID,C,1e-07,10,False,False,TDD,phase,25.0,[3.0224607 2.9991043 3.0014787 3.0154648],[2.081715  2.0763326 2.032073  2.02443  ],[634.29193 630.5308  627.4863  624.47705],[285.2203  289.72543 296.92966 304.34363],[6.7390623 6.7378187 6.7291875 6.7193666],[1.146944  1.1438135 1.1610601 1.2038841],[8.228059 8.225114 8.221141 8.218307],[0.4063242  0.44373652 0.4743657  0.49637356]
DFTGRID,C,1e-07,30,False,False,TDD,phase,25.0,[3.1835175 3.2271643 3.3054113 3.1773558],[2.1415327 1.9659562 2.1419024 1.9963797],[609.3018  608.05444 605.21674 608.2668 ],[264.8608  244.00085 232.07158 236.67412],[5.7786794 5.7730465 5.748261  5.740851 ],[1.4606776 1.3662375 1.378311  1.4909679],[8.210542 8.202722 8.19268  8.180748],[0.5592177  0.55600965 0.5821842  0.64674735]
DFTGRID,C,3e-07,1,False,False,TDD,phase,25.0,[0.7480457 0.7480269 0.7480741 0.7480751],[0.65236443 0.65226287 0.6526176  0.6526346 ],[225.85744 225.98318 226.10867 226.22293],[198.25012 198.29538 198.49461 198.60103],[8.193658 8.194104 8.194475 8.194874],[0.17530967 0.17569353 0.1763318  0.17715463],[8.30922  8.309395 8.309544 8.309666],[0.12782563 0.12907478 0.13059264 0.132371  ]
DFTGRID,C,3e-07,10,False,False,TDD,phase,25.0,[2.2486744 2.2521605 2.2589893 2.2745712],[1.3314995 1.2974347 1.2711889 1.2585276],[583.54126 583.53284 584.7427  587.5513 ],[277.08615 271.45694 267.40378 264.95328],[6.605154  6.56304   6.5254445 6.493938 ],[1.1665611 1.2117265 1.2572808 1.3016654],[8.250104 8.243475 8.238306 8.233626],[0.33855358 0.37196392 0.40309045 0.43264046]
DFTGRID,C,3e-07,30,False,False,TDD,phase,25.0,[2.7986975 2.7783096 2.7746274 2.795615 ],[1.4407617 1.4903536 1.5421978 1.5840881],[667.5044  668.0033  669.63666 669.9554 ],[267.43427 269.13068 272.61108 271.69296],[5.819439  5.7965045 5.8738184 5.970129 ],[1.25238   1.3484074 1.3653995 1.3256397],[8.243394  8.2595005 8.280929  8.2970915],[0.5275148  0.56576973 0.5995795  0.6289665 ]
DFTGRID,D,3e-08,1,False,False,TDD,phase,25.0,[0.7834126  0.7836355  0.7835768  0.78359693],[0.8221512 0.8225095 0.8222756 0.8223249],[235.12491 235.18137 235.15979 235.15326],[246.79315 246.91522 246.85626 246.87067],[8.30611   8.306019  8.305921  8.3058195],[0.16921836 0.16953841 0.16991727 0.17032589],[8.314398 8.314319 8.314234 8.314145],[0.1689577  0.1692839  0.16965668 0.17007592]
DFTGRID,D,3e-08,10,False,False,TDD,phase,25.0,[2.0581672 2.0591896 2.0587032 2.0567553],[1.5441719 1.5362966 1.5276855 1.5184895],[607.4253  608.9105  610.48694 612.21606],[448.9888  447.75684 446.85382 446.4178 ],[8.233536 8.235119 8.237153 8.240114],[0.23464365 0.24234594 0.2501588  0.25862896],[8.316226 8.317209 8.319232 8.322231],[0.22064124 0.22971565 0.23861213 0.24789669]
DFTGRID,D,3e-08,30,False,False,TDD,phase,25.0,[2.1968722 2.230029  2.259179  2.278633 ],[1.4731551 1.4813546 1.4763556 1.4697236],[614.543   618.45514 623.1568  626.50165],[385.42914 388.6888  391.459   391.53104],[8.18859  8.175095 8.162421 8.152087],[0.3294108  0.3463783  0.36587724 0.39514926],[8.279626 8.265633 8.254636 8.245803],[0.3149234  0.33140603 0.3475315  0.37491977]
DFTGRID,D,1e-07,1,False,False,TDD,phase,25.0,[0.8407367  0.84059066 0.84079826 0.8407562 ],[0.7715625  0.77160627 0.7718696  0.7715881 ],[253.62695 253.60999 253.68988 253.70273],[234.76152 234.74371 234.7925  234.6772 ],[8.299429 8.299586 8.299775 8.29993 ],[0.04607026 0.0472754  0.04858135 0.04999272],[8.30858  8.308749 8.308917 8.309082],[0.04570846 0.04691132 0.04821616 0.04961289]
DFTGRID,D,1e-07,10,False,False,TDD,phase,25.0,[2.276325  2.2774346 2.277917  2.2772126],[1.4140384 1.4152035 1.4154286 1.4146711],[669.2483 669.1323 669.1373 669.1281],[403.83118 403.74216 404.10925 404.87238],[8.216855 8.21741  8.217984 8.219052],[0.14942202 0.16669074 0.18362191 0.19985367],[8.302197 8.302738 8.303449 8.304353],[0.14413556 0.16243479 0.18018848 0.19722274]
DFTGRID,D,1e-07,30,False,False,TDD,phase,25.0,[2.1016116 2.0979612 2.0955002 2.0967371],[1.3547223 1.3477268 1.3403606 1.3353918],[627.2398 629.3452 630.2016 630.3248],[409.33173 410.62567 410.60214 409.924  ],[8.209908 8.214234 8.218099 8.219147],[0.29409695 0.3181531  0.33883882 0.35786536],[8.307436 8.310596 8.312113 8.31137 ],[0.28931206 0.31602684 0.33770058 0.35521185]
DFTGRID,D,3e-07,1,False,False,TDD,phase,25.0,[0.73414534 0.73417306 0.7343888  0.73441505],[0.75950074 0.7595344  0.75960386 0.7596909 ],[220.04396 220.04692 220.11559 220.12251],[227.82982 227.8181  227.82951 227.8437 ],[8.296487  8.296511  8.2964945 8.296491 ],[0.02280384 0.02430264 0.02592143 0.02764086],[8.304571 8.304598 8.304624 8.304644],[0.02125929 0.02278931 0.02444145 0.02619203]
DFTGRID,D,3e-07,10,False,False,TDD,phase,25.0,[2.0438476 2.0474873 2.0510354 2.0535264],[1.4015412 1.4052516 1.4096123 1.4144322],[603.7403  604.0683  604.52576 604.9151 ],[406.45215 405.53555 404.88443 404.62552],[8.205139 8.204874 8.204652 8.205009],[0.14845842 0.1631189  0.17894986 0.1955211 ],[8.291802 8.291453 8.291422 8.291797],[0.13622427 0.15536554 0.17447104 0.193445  ]
DFTGRID,D,3e-07,30,False,False,TDD,phase,25.0,[1.8567559 1.8678448 1.8783183 1.8883362],[1.550606  1.5764194 1.5994722 1.6224166],[543.7605 541.4573 539.7311 538.4786],[431.48688 431.1837  431.369   431.53094],[8.221869 8.210649 8.199082 8.188797],[0.26440108 0.29296076 0.32318577 0.34850222],[8.314291 8.305841 8.296564 8.287483],[0.25759736 0.28634158 0.31637365 0.34177953]
DFTGRID,A,3e-08,1,False,False,TDD,burst,10.0,[0.90083456 0.9155101  0.94834447 0.990869  ],[0.78443027 0.792512   0.80701685 0.8267683 ],[263.8337  266.09558 271.0014  276.72958],[246.96143 246.75792 246.78569 246.47684],[8.305336 8.293999 8.272193 8.246839],[0.19529189 0.20604894 0.21825957 0.2375627 ],[8.330993 8.329849 8.328677 8.327478],[0.19007084 0.19461922 0.19951843 0.20474008]
DFTGRID,A,3e-08,10,False,False,TDD,burst,10.0,[5.9042025 5.80594   5.6741776 4.749656 ],[9.225362  8.803034  9.673126  5.4201922],[598.1645 601.2668 607.8108 617.4101],[320.52512 308.68784 301.01944 299.4769 ],[7.1613092 7.1312537 7.0872765 7.0344386],[1.2584258 1.2278702 1.2502788 1.3017265],[8.202797 8.202787 8.20477  8.210616],[0.5486622  0.603959   0.65337497 0.69756156]
DFTGRID,A,3e-08,30,False,False,TDD,burst,10.0,[12.600962   9.955978   7.9548063  7.3883915],[42.958683 26.749516 14.938695 10.100089],[596.8641  600.14417 611.8245  623.85315],[362.43924 357.79657 370.12616 386.43265],[6.8398747 6.8631377 6.861474  6.832312 ],[1.4169335 1.3354423 1.3420051 1.4509331],[7.9305916 7.937528  7.938669  7.9467754],[0.94080913 0.97129947 1.0151565  1.0446168 ]
DFTGRID,A,1e-07,1,False,False,TDD,burst,10.0,[0.76854384 0.8033104  0.8365334  0.87667876],[0.80723494 0.8124189  0.8354431  0.85598385],[205.41669 209.85799 213.85437 219.84   ],[240.09593 239.0791  239.20709 239.90335],[8.214329 8.192707 8.176696 8.152326],[0.5405037 0.5567465 0.5698459 0.5825579],[8.262489 8.263346 8.264196 8.265036],[0.5146195  0.5150341  0.5156064  0.51633507]
DFTGRID,A,1e-07,10,False,False,TDD,burst,10.0,[4.369272 4.521999 4.612771 4.427952],[4.550133  5.459812  6.1060762 5.5398064],[639.0185 637.4163 637.9777 639.8926],[358.3082  351.5694  349.13873 347.25214],[7.0866075 7.0697584 7.043941  7.0214653],[1.3741097 1.4029166 1.4199367 1.4134799],[8.144523 8.146372 8.146507 8.145758],[0.6222944 0.6648694 0.7096781 0.7541992]
DFTGRID,A,1e-07,30,False,False,TDD,burst,10.0,[8.907583 6.795282 9.349199 7.083792],[40.781395 14.951168 35.863056 18.105562],[659.2079  631.24304 606.997   586.74146],[408.4321  365.92923 334.65784 326.3052 ],[6.7218084 6.724736  6.6932917 6.579124 ],[1.6358303 1.6574607 1.5923092 1.5782427],[8.072836  8.0405245 7.9876432 7.931781 ],[0.9680374 1.0242085 1.0625325 1.0865595]
DFTGRID,A,3e-07,1,False,False,TDD,burst,10.0,[0.84076655 0.8513976  0.871676   0.90121055],[0.7578499  0.7634854  0.77440554 0.7827186 ],[256.6776  259.23682 263.69028 269.95   ],[256.1345  257.07635 258.44464 259.10782],[8.175939 8.16605  8.146374 8.119967],[0.37782013 0.38562375 0.40326434 0.41471386],[8.213685 8.214922 8.216152 8.217376],[0.35320455 0.35431996 0.3555505  0.35689354]
DFTGRID,A,3e-07,10,False,False,TDD,burst,10.0,[3.0534415 3.175389  3.1384366 3.2015028],[2.518139  2.9991138 2.7902849 2.9571888],[594.2225  601.12994 612.067   622.46014],[308.73157 307.46048 309.99957 316.41653],[7.061476  7.062564  7.033679  7.0027857],[1.0500487 1.1137073 1.1852428 1.2691334],[8.171758 8.174995 8.178912 8.18387 ],[0.61714435 0.66222095 0.70273554 0.73701555]
DFTGRID,A,3e-07,30,False,False,TDD,burst,10.0,[3.5008729 3.6381345 3.8691952 3.9500158],[3.7082682 4.192723  4.680469  4.7885394],[605.2417  616.28015 628.5627  643.00146],[341.40112 337.97977 348.7668  370.7042 ],[6.799365  6.8609133 6.8668184 6.8450627],[1.3775797 1.4147    1.4910902 1.5349475],[8.039328 8.043646 8.03752  8.038265],[0.90889144 0.95316565 1.0154774  1.050955  ]
DFTGRID,C,3e-08,1,False,False,TDD,burst,10.0,[1.1620319 1.1807809 1.2325996 1.283571 ],[0.8575369  0.8569371  0.89791054 0.9969575 ],[261.77744 264.4297  269.49057 273.76526],[202.2292  202.87141 203.10268 204.39429],[8.205941 8.195581 8.175766 8.159209],[0.17841664 0.18356273 0.18871497 0.20826516],[8.320241 8.321053 8.321877 8.322711],[0.1314964  0.13392694 0.13672413 0.13986447]
DFTGRID,C,3e-08,10,False,False,TDD,burst,10.0,[5.0147796 5.601382  5.394658  5.1328497],[4.902061  6.352097  5.606467  4.6821036],[646.0032 647.0188 656.723  672.8075],[285.91763 280.97058 281.07913 285.7571 ],[6.654447 6.657316 6.651794 6.632846],[1.2810398 1.2564987 1.2764488 1.3345851],[8.214156 8.200949 8.206897 8.228696],[0.43586653 0.47545165 0.5107417  0.53240734]
DFTGRID,C,3e-08,30,False,False,TDD,burst,10.0,[4.2329426 4.0621476 4.3805304 4.96178  ],[3.887419  3.3355088 4.144223  5.817174 ],[603.0133 601.681  607.487  600.1402],[314.05347 319.97446 306.6723  286.18054],[6.036362  6.1007776 6.003318  6.1074896],[1.9403946 1.7736878 1.8564597 1.5692087],[8.26459   8.2423935 8.200481  8.146262 ],[0.59722245 0.63432664 0.6843038  0.7340101 ]
DFTGRID,C,1e-07,1,False,False,TDD,burst,10.0,[0.81040895 0.8205215  0.84145576 0.8656549 ],[0.69432133 0.703468   0.7128477  0.720538  ],[223.7563  224.90648 228.19882 231.66342],[214.96815 215.48778 215.97302 216.28961],[8.180445 8.173856 8.158385 8.140514],[0.23894998 0.24364242 0.24942453 0.26382667],[8.287666  8.286729  8.285783  8.2848215],[0.20094848 0.20314613 0.20554835 0.20814276]
DFTGRID,C,1e-07,10,False,False,TDD,burst,10.0,[3.0375223 3.0440085 3.073206  3.1139185],[2.0881362 2.0947485 2.056114  2.0440106],[636.5807  637.5782  638.9766  640.52454],[286.101   290.8852  298.8417  307.54315],[6.7342205 6.713011  6.6849294 6.655533 ],[1.1441027 1.1479307 1.1597747 1.192603 ],[8.228059 8.225114 8.221141 8.218307],[0.4063242  0.44373652 0.4743657  0.49637356]
DFTGRID,C,1e-07,30,False,False,TDD,burst,10.0,[3.2006052 3.2784414 3.401386  3.2880673],[2.143392  1.976294  2.2489946 1.9998329],[611.531   615.4174  617.89624 626.9609 ],[264.35223 243.65405 233.66801 240.21095],[5.775217  5.7431765 5.697239  5.6656575],[1.4578277 1.3695127 1.3721979 1.4624133],[8.210542 8.202722 8.19268  8.180748],[0.5592177  0.55600965 0.5821842  0.64674735]
DFTGRID,C,3e-07,1,False,False,TDD,burst,10.0,[0.75330675 0.7730259  0.79489106 0.8200746 ],[0.6581536 0.6723568 0.6782199 0.6867228],[227.06761 231.75085 237.15233 243.05975],[199.64925 202.71999 204.08853 205.72778],[8.189757  8.170453  8.1482725 8.124768 ],[0.1783275  0.18289077 0.1946279  0.2113886 ],[8.30922  8.309395 8.309544 8.309666],[0.12782563 0.12907478 0.13059264 0.132371  ]
DFTGRID,C,3e-07,10,False,False,TDD,burst,10.0,[2.2539659 2.2705245 2.2973468 2.3313699],[1.3337799 1.2976995 1.2735338 1.2590928],[584.9683  588.24994 594.4978  602.4253 ],[278.42065 272.23514 269.6292  268.30157],[6.6043115 6.5446954 6.4872146 6.4337115],[1.1645042 1.2112179 1.2550845 1.2922827],[8.250104 8.243475 8.238306 8.233626],[0.33855358 0.37196392 0.40309045 0.43264046]
DFTGRID,C,3e-07,30,False,False,TDD,burst,10.0,[2.80753   2.7990675 2.80581   2.8525598],[1.4484609 1.5084839 1.5601318 1.6092857],[669.30914 672.58295 677.1156  683.3064 ],[267.52472 270.09595 274.42114 272.96313],[5.814696  5.7812886 5.850382  5.919324 ],[1.2528499 1.3479774 1.3638182 1.3323737],[8.243394  8.2595005 8.280929  8.2970915],[0.5275148  0.56576973 0.5995795  0.6289665 ]
DFTGRID,D,3e-08,1,False,False,TDD,burst,10.0,[0.78986657 0.80356634 0.8235006  0.8384562 ],[0.8252595  0.8321802  0.84100425 0.847313  ],[236.90092 240.78413 246.39697 250.6102 ],[247.75409 249.72572 252.24254 254.03923],[8.299432 8.281453 8.257249 8.239592],[0.1772354  0.19072562 0.21082892 0.23039299],[8.314398 8.314319 8.314234 8.314145],[0.1689577  0.1692839  0.16965668 0.17007592]
DFTGRID,D,3e-08,10,False,False,TDD,burst,10.0,[2.0666783 2.0751574 2.084528  2.0972369],[1.5495996 1.5436211 1.538054  1.528055 ],[609.755   613.4459  618.1169  624.04205],[450.21564 449.5517  449.68814 448.77762],[8.227075 8.218468 8.208721 8.194496],[0.23911333 0.24554297 0.25436398 0.2705468 ],[8.316226 8.317209 8.319232 8.322231],[0.22064124 0.22971565 0.23861213 0.24789669]
DFTGRID,D,3e-08,30,False,False,TDD,burst,10.0,[2.2049124 2.257633  2.3102734 2.3586802],[1.4788707 1.4869885 1.4931557 1.4982879],[616.88806 625.812   636.63385 647.4932 ],[387.06418 389.75143 394.18265 394.47046],[8.181967  8.146801  8.110024  8.0681925],[0.32937923 0.35507926 0.3793682  0.41270542],[8.279626 8.265633 8.254636 8.245803],[0.3149234  0.33140603 0.3475315  0.37491977]
DFTGRID,D,1e-07,1,False,False,TDD,burst,10.0,[0.8454295  0.85591406 0.866393   0.88649935],[0.7747085  0.7754951  0.78344554 0.7866499 ],[255.07281 258.20126 261.3335  267.33188],[235.9387  236.2823  238.72365 239.78722],[8.294726 8.281493 8.268486 8.242184],[0.0534081  0.07416685 0.09677505 0.12261229],[8.30858  8.308749 8.308917 8.309082],[0.04570846 0.04691132 0.04821616 0.04961289]
DFTGRID,D,1e-07,10,False,False,TDD,burst,10.0,[2.2831972 2.298308  2.3131454 2.33245  ],[1.414862  1.4140247 1.4128907 1.4150563],[671.1422  675.0492  679.22095 684.8482 ],[404.1735  403.43283 403.7281  405.01166],[8.212017 8.19621  8.177643 8.15612 ],[0.15535314 0.18117063 0.20763093 0.23560467],[8.302197 8.302738 8.303449 8.304353],[0.14413556 0.16243479 0.18018848 0.19722274]
DFTGRID,D,1e-07,30,False,False,TDD,burst,10.0,[2.1052616 2.1072893 2.1167498 2.1333363],[1.358063  1.354918  1.3464183 1.3414212],[628.3766 632.1919 636.4222 640.6703],[410.49472 412.81738 412.5791  411.53033],[8.208534 8.206318 8.192994 8.177052],[0.29345426 0.31813288 0.34421408 0.37393603],[8.307436 8.310596 8.312113 8.31137 ],[0.28931206 0.31602684 0.33770058 0.35521185]
DFTGRID,D,3e-07,1,False,False,TDD,burst,10.0,[0.7389139  0.7506817  0.7631639  0.78001815],[0.76236093 0.7603834  0.7574249  0.7560443 ],[221.43459 224.91183 228.57993 233.54057],[228.69511 228.13013 227.27339 226.78464],[8.291906 8.276512 8.261477 8.240012],[0.03937196 0.06634776 0.09264705 0.12158233],[8.304571 8.304598 8.304624 8.304644],[0.02125929 0.02278931 0.02444145 0.02619203]
DFTGRID,D,3e-07,10,False,False,TDD,burst,10.0,[2.0532308 2.072223  2.095311  2.1245909],[1.3995862 1.4021766 1.4068952 1.4191352],[606.4357  611.2414  617.3124  625.37036],[405.93088 405.02475 404.0789  406.23383],[8.197098 8.177087 8.151438 8.119888],[0.1527592  0.17482458 0.20073502 0.22837558],[8.291802 8.291453 8.291422 8.291797],[0.13622427 0.15536554 0.17447104 0.193445  ]
DFTGRID,D,3e-07,30,False,False,TDD,burst,10.0,[1.8645931 1.8850113 1.9164869 1.9490082],[1.5506202 1.5764512 1.5953366 1.6169465],[546.0133 546.4169 550.8762 556.0093],[431.60068 430.6248  429.16965 428.3307 ],[8.215572 8.191312 8.150641 8.115835],[0.26683077 0.29830128 0.33128116 0.3609728 ],[8.314291 8.305841 8.296564 8.287483],[0.25759736 0.28634158 0.31637365 0.34177953]
DFTGRID,A,3e-08,1,False,False,TDD,burst,15.0,[0.898464  0.9041532 0.9153106 0.9278685],[0.78995013 0.79154617 0.7939814  0.80074716],[262.7901  263.9568  265.50107 267.31564],[248.10065 247.94318 247.78288 248.29451],[8.309343  8.302374  8.2939005 8.284753 ],[0.1960845  0.20179701 0.2076125  0.21332806],[8.330993 8.329849 8.328677 8.327478],[0.19007084 0.19461922 0.19951843 0.20474008]
DFTGRID,A,3e-08,10,False,False,TDD,burst,15.0,[5.8913727 5.792753  5.584969  4.609644 ],[9.211727 8.906774 9.49493  5.412285],[596.6981  595.97455 597.7707  602.33234],[318.4361  306.12637 298.9036  296.7413 ],[7.172191  7.1604366 7.14066   7.1117873],[1.2649243 1.252103  1.2620474 1.3185427],[8.202797 8.202787 8.20477  8.210616],[0.5486622  0.603959   0.65337497 0.69756156]
DFTGRID,A,3e-08,30,False,False,TDD,burst,15.0,[12.56137    9.890048   7.8418183  7.2544155],[42.96564  26.752377 14.956796 10.195537],[594.57404 594.6471  601.92725 608.8888 ],[362.20157 358.20425 371.40146 388.1609 ],[6.8514705 6.884351  6.903845  6.899988 ],[1.4076117 1.3228841 1.3321719 1.4495717],[7.9305916 7.937528  7.938669  7.9467754],[0.94080913 0.97129947 1.0151565  1.0446168 ]
DFTGRID,A,1e-07,1,False,False,TDD,burst,15.0,[0.7401133  0.74387217 0.7552283  0.76590455],[0.783411   0.7821664  0.78521484 0.78559977],[202.22762 203.02704 204.99321 206.82103],[239.01779 238.81523 240.01253 240.11856],[8.233429 8.230151 8.221468 8.213131],[0.51807344 0.5184987  0.52063185 0.5232866 ],[8.262489 8.263346 8.264196 8.265036],[0.5146195  0.5150341  0.5156064  0.51633507]
DFTGRID,A,1e-07,10,False,False,TDD,burst,15.0,[4.312328  4.4081635 4.4501557 4.165755 ],[4.404695  5.070814  5.7531867 4.661429 ],[636.4776  632.484   629.39136 627.133  ],[358.2725  352.09695 347.86832 345.2871 ],[7.0986485 7.0954657 7.08848   7.0835466],[1.3762791 1.4054613 1.4232848 1.4214551],[8.144523 8.146372 8.146507 8.145758],[0.6222944 0.6648694 0.7096781 0.7541992]
DFTGRID,A,1e-07,30,False,False,TDD,burst,15.0,[8.894334  6.7643433 9.277139  6.9781604],[40.781986 14.963486 35.855747 18.083012],[656.7313 626.0923 598.7159 575.8431],[407.17004 365.24838 333.23935 325.0831 ],[6.736636  6.7556977 6.7386045 6.638801 ],[1.6374917 1.6512774 1.600097  1.5885577],[8.072836  8.0405245 7.9876432 7.931781 ],[0.9680374 1.0242085 1.0625325 1.0865595]
DFTGRID,A,3e-07,1,False,False,TDD,burst,15.0,[0.8310807  0.835277   0.83976835 0.8471778 ],[0.75883335 0.7593816  0.75890106 0.75904447],[254.79695 255.87625 257.14258 259.01166],[256.47192 256.55844 256.36377 256.3411 ],[8.187174 8.184073 8.180362 8.172871],[0.36322173 0.36382863 0.36409023 0.36582848],[8.213685 8.214922 8.216152 8.217376],[0.35320455 0.35431996 0.3555505  0.35689354]
DFTGRID,A,3e-07,10,False,False,TDD,burst,15.0,[3.0393157 3.1448421 3.084782  3.122911 ],[2.4991105 2.943574  2.7167983 2.8105328],[593.3528 598.8777 605.3063 613.3365],[308.08008 307.2639  309.9584  315.9992 ],[7.065301  7.071525  7.0681787 7.0445232],[1.0468509 1.108306  1.185159  1.271212 ],[8.171758 8.174995 8.178912 8.18387 ],[0.61714435 0.66222095 0.70273554 0.73701555]
DFTGRID,A,3e-07,30,False,False,TDD,burst,15.0,[3.4884124 3.5933845 3.790965  3.8501706],[3.6774583 4.143502  4.6362047 4.7552485],[603.7478  611.9795  621.0627  632.13226],[341.10992 338.496   349.47934 371.02585],[6.806614  6.8783135 6.906753  6.9041877],[1.3779503 1.4023645 1.4799742 1.5214204],[8.039328 8.043646 8.03752  8.038265],[0.90889144 0.95316565 1.0154774  1.050955  ]
DFTGRID,C,3e-08,1,False,False,TDD,burst,15.0,[1.154305  1.1620678 1.1721543 1.1915799],[0.86447406 0.8656766  0.8658714  0.8946296 ],[261.42065 262.34903 263.7467  265.38223],[202.43532 202.25288 202.33469 202.69025],[8.206876  8.2034025 8.1984825 8.192484 ],[0.18209845 0.1866856  0.19106843 0.19616513],[8.320241 8.321053 8.321877 8.322711],[0.1314964  0.13392694 0.13672413 0.13986447]
DFTGRID,C,3e-08,10,False,False,TDD,burst,15.0,[5.002273  5.542657  5.267294  4.9489923],[4.881515  6.315198  5.4703555 4.5778136],[645.0531  643.46844 648.9661  660.19507],[285.1683  278.9485  279.85114 285.87253],[6.6569777 6.670064  6.6816096 6.681917 ],[1.2784312 1.2544107 1.2721146 1.3219265],[8.214156 8.200949 8.206897 8.228696],[0.43586653 0.47545165 0.5107417  0.53240734]
DFTGRID,C,3e-08,30,False,False,TDD,burst,15.0,[4.206659 3.998056 4.272104 4.745986],[3.8716192 3.3009465 4.042982  5.3360696],[600.83044 596.46234 600.29663 588.2064 ],[314.78024 321.18805 308.23035 287.26334],[6.0526032 6.1310244 6.0254774 6.149595 ],[1.9374688 1.7740101 1.872494  1.5751771],[8.26459   8.2423935 8.200481  8.146262 ],[0.59722245 0.63432664 0.6843038  0.7340101 ]
DFTGRID,C,1e-07,1,False,False,TDD,burst,15.0,[0.80252427 0.81052977 0.8211557  0.83204466],[0.6787745  0.6763654  0.6759841  0.67701674],[222.60687 223.56963 224.76428 226.25665],[213.30804 212.54149 211.81253 211.39162],[8.185631 8.178823 8.170632 8.162022],[0.23523289 0.23807958 0.24121107 0.2456437 ],[8.287666  8.286729  8.285783  8.2848215],[0.20094848 0.20314613 0.20554835 0.20814276]
DFTGRID,C,1e-07,10,False,False,TDD,burst,15.0,[3.0269997 3.0076423 3.017495  3.0439608],[2.0830326 2.077599  2.037347  2.0554986],[635.152   632.06824 630.22076 628.70544],[285.70782 290.18896 297.5106  305.29892],[6.7388554 6.7344527 6.719931  6.703269 ],[1.1476775 1.143819  1.1626985 1.207314 ],[8.228059 8.225114 8.221141 8.218307],[0.4063242  0.44373652 0.4743657  0.49637356]
DFTGRID,C,1e-07,30,False,False,TDD,burst,15.0,[3.1933289 3.2461157 3.337967  3.2301757],[2.142862  1.9715254 2.1486337 2.0164406],[610.65295 610.54834 609.87634 615.4439 ],[264.58118 243.57909 231.45448 235.65489],[5.7778826 5.76647   5.734347  5.713921 ],[1.460794  1.3707747 1.3784572 1.4897922],[8.210542 8.202722 8.19268  8.180748],[0.5592177  0.55600965 0.5821842  0.64674735]
DFTGRID,C,3e-07,1,False,False,TDD,burst,15.0,[0.7487719  0.7531172  0.7579247  0.76407206],[0.65325594 0.6531426  0.6548718  0.6553963 ],[225.91212 227.07065 228.2781  229.84663],[198.55183 198.6339  199.2293  199.49019],[8.195059 8.190815 8.186153 8.179675],[0.17796387 0.18024375 0.18424456 0.18686642],[8.30922  8.309395 8.309544 8.309666],[0.12782563 0.12907478 0.13059264 0.132371  ]
DFTGRID,C,3e-07,10,False,False,TDD,burst,15.0,[2.251117  2.2584944 2.2718067 2.295939 ],[1.3333604 1.2990625 1.2748761 1.2657455],[584.115  585.0791 587.6468 592.2782],[277.56866 271.7586  267.593   265.33878],[6.6066155 6.560636  6.5188994 6.477621 ],[1.1672502 1.2088351 1.2550737 1.303558 ],[8.250104 8.243475 8.238306 8.233626],[0.33855358 0.37196392 0.40309045 0.43264046]
DFTGRID,C,3e-07,30,False,False,TDD,burst,15.0,[2.8026679 2.788838  2.7917602 2.822198 ],[1.442763  1.4948103 1.5497862 1.6002983],[668.47595 670.4261  673.47534 675.71454],[267.99805 269.72974 273.39355 272.99017],[5.817745  5.7880473 5.8552394 5.9444733],[1.2514043 1.3487495 1.3608301 1.3203826],[8.243394  8.2595005 8.280929  8.2970915],[0.5275148  0.56576973 0.5995795  0.6289665 ]
DFTGRID,D,3e-08,1,False,False,TDD,burst,15.0,[0.78447425 0.78871655 0.7941673  0.80058175],[0.82263553 0.82418454 0.8237847  0.8229589 ],[235.37909 236.62488 238.17352 240.04404],[246.98889 247.59987 247.50822 247.33347],[8.306459 8.300875 8.29363  8.285068],[0.17111555 0.1716601  0.17457576 0.17629361],[8.314398 8.314319 8.314234 8.314145],[0.1689577  0.1692839  0.16965668 0.17007592]
DFTGRID,D,3e-08,10,False,False,TDD,burst,15.0,[2.0598657 2.06353   2.0671682 2.069697 ],[1.5459112 1.537872  1.5308712 1.5237892],[607.9673  610.198   612.9215  615.85565],[449.53143 448.17654 447.50543 447.34808],[8.235002 8.233011 8.230203 8.227312],[0.23347197 0.24179168 0.25217047 0.2634599 ],[8.316226 8.317209 8.319232 8.322231],[0.22064124 0.22971565 0.23861213 0.24789669]
DFTGRID,D,3e-08,30,False,False,TDD,burst,15.0,[2.2016907 2.239271  2.2734087 2.2996917],[1.4762971 1.4862326 1.4818883 1.4762344],[615.81274 620.70337 626.6095  631.73224],[386.02478 389.18735 392.37817 393.20544],[8.187206 8.169474 8.151073 8.133825],[0.33041224 0.35146666 0.3722251  0.40158767],[8.279626 8.265633 8.254636 8.245803],[0.3149234  0.33140603 0.3475315  0.37491977]
DFTGRID,D,1e-07,1,False,False,TDD,burst,15.0,[0.8417383  0.8451883  0.8490049  0.85450965],[0.77153695 0.77194107 0.7712173  0.77170146],[253.90959 254.93762 256.08453 257.7601 ],[234.76337 234.84302 234.59056 234.7456 ],[8.299845 8.295391 8.289803 8.282417],[0.04865953 0.0537334  0.05931193 0.06366196],[8.30858  8.308749 8.308917 8.309082],[0.04570846 0.04691132 0.04821616 0.04961289]
DFTGRID,D,1e-07,10,False,False,TDD,burst,15.0,[2.278996  2.2837603 2.2873275 2.2925606],[1.4154329 1.416888  1.4173803 1.4161327],[670.05237 671.0198  671.9434  673.73914],[404.3378  404.395   404.90735 405.61475],[8.2171955 8.213341  8.209271  8.202351 ],[0.14844246 0.16627645 0.18304197 0.19816543],[8.302197 8.302738 8.303449 8.304353],[0.14413556 0.16243479 0.18018848 0.19722274]
DFTGRID,D,1e-07,30,False,False,TDD,burst,15.0,[2.104349  2.104484  2.108668  2.1170304],[1.3570123 1.3501534 1.3451115 1.3408229],[628.1163  631.3992  634.2349  636.35333],[410.17224 411.60632 412.06213 411.4629 ],[8.209777  8.2074995 8.201168  8.192835 ],[0.2923468  0.31360483 0.33386153 0.35548022],[8.307436 8.310596 8.312113 8.31137 ],[0.28931206 0.31602684 0.33770058 0.35521185]
DFTGRID,D,3e-07,1,False,False,TDD,burst,15.0,[0.7338009  0.7371105  0.74081767 0.74697906],[0.7599489 0.760681  0.7596632 0.7604589],[219.92877 220.90714 221.99344 223.80087],[227.96104 228.15215 227.83495 228.06331],[8.298463 8.294123 8.28906  8.280827],[0.02425759 0.03047018 0.03705356 0.04558902],[8.304571 8.304598 8.304624 8.304644],[0.02125929 0.02278931 0.02444145 0.02619203]
DFTGRID,D,3e-07,10,False,False,TDD,burst,15.0,[2.0453744 2.0531623 2.0618584 2.0708253],[1.4033127 1.409083  1.4135072 1.4181423],[604.16565 605.5952  607.474   609.6495 ],[406.98773 406.4159  405.5659  405.08398],[8.207327 8.202807 8.196244 8.188628],[0.14905378 0.16794296 0.18677945 0.20563443],[8.291802 8.291453 8.291422 8.291797],[0.13622427 0.15536554 0.17447104 0.193445  ]
DFTGRID,D,3e-07,30,False,False,TDD,burst,15.0,[1.8594415 1.8740422 1.8879504 1.903312 ],[1.5541564 1.5809103 1.6045587 1.6283618],[544.4717  543.19586 542.42773 542.66925],[432.533   432.31424 432.62488 432.83298],[8.22198  8.2064   8.189777 8.173816],[0.26492408 0.29358953 0.32431182 0.35035303],[8.314291 8.305841 8.296564 8.287483],[0.25759736 0.28634158 0.31637365 0.34177953]
DFTGRID,A,3e-08,1,False,False,TDD,burst,20.0,[0.8938477  0.8958658  0.89788866 0.90095085],[0.7890738  0.7921876  0.79412836 0.7968769 ],[262.23083 262.45242 262.83405 263.2619 ],[248.06195 248.1843  248.28482 248.48488],[8.311855 8.309278 8.306232 8.302718],[0.19482331 0.20008543 0.20555115 0.2112414 ],[8.330993 8.329849 8.328677 8.327478],[0.19007084 0.19461922 0.19951843 0.20474008]
DFTGRID,A,3e-08,10,False,False,TDD,burst,20.0,[5.8783283 5.7522097 5.54312   4.539713 ],[9.200407  8.790216  9.43758   5.2712545],[595.5002  593.66296 594.1385  596.85175],[318.4907  306.55908 299.2359  296.9345 ],[7.1807537 7.1759377 7.163473  7.1423235],[1.2668648 1.2504739 1.2639897 1.3222476],[8.202797 8.202787 8.20477  8.210616],[0.5486622  0.603959   0.65337497 0.69756156]
DFTGRID,A,3e-08,30,False,False,TDD,burst,20.0,[12.549936   9.855307   7.7851734  7.185739 ],[42.96427  26.739017 14.903863 10.053291],[594.13306 593.70917 600.068   606.33435],[361.85098 357.87045 370.65533 386.97852],[6.8531013 6.8877387 6.909531  6.909112 ],[1.4073501 1.3248205 1.3343772 1.4500315],[7.9305916 7.937528  7.938669  7.9467754],[0.94080913 0.97129947 1.0151565  1.0446168 ]
DFTGRID,A,1e-07,1,False,False,TDD,burst,20.0,[0.737706   0.74012065 0.7432775  0.74864084],[0.78291833 0.78484225 0.78487545 0.7870723 ],[201.55858 201.87651 202.37799 203.00937],[238.80295 238.84206 238.91563 238.81842],[8.235572 8.234145 8.232246 8.228942],[0.52011174 0.52130747 0.52286845 0.526866  ],[8.262489 8.263346 8.264196 8.265036],[0.5146195  0.5150341  0.5156064  0.51633507]
DFTGRID,A,1e-07,10,False,False,TDD,burst,20.0,[4.3068    4.392922  4.4269743 4.1245494],[4.38977   5.039158  5.714144  4.5424824],[636.3769  631.8288  627.6179  624.09186],[358.7328  352.4424  348.73163 346.21494],[7.0986834 7.0981073 7.098914  7.099167 ],[1.3763816 1.4060823 1.42742   1.4268199],[8.144523 8.146372 8.146507 8.145758],[0.6222944 0.6648694 0.7096781 0.7541992]
DFTGRID,A,1e-07,30,False,False,TDD,burst,20.0,[8.893458  6.749726  9.2504    6.9463634],[40.782063 14.95537  35.852684 18.097418],[656.6633  625.36896 596.61865 572.8063 ],[407.16022 364.97223 332.8998  324.3536 ],[6.7368226 6.7585216 6.7485876 6.653242 ],[1.6378769 1.6493454 1.6013944 1.5938771],[8.072836  8.0405245 7.9876432 7.931781 ],[0.9680374 1.0242085 1.0625325 1.0865595]
DFTGRID,A,3e-07,1,False,False,TDD,burst,20.0,[0.8295416 0.8308102 0.8326839 0.8364718],[0.758704   0.7587378  0.75888085 0.7598077 ],[254.33725 254.7502  255.30106 256.1157 ],[256.4125  256.39563 256.38455 256.46902],[8.189156 8.189434 8.188892 8.18689 ],[0.36438853 0.36608088 0.36765686 0.3700481 ],[8.213685 8.214922 8.216152 8.217376],[0.35320455 0.35431996 0.3555505  0.35689354]
DFTGRID,A,3e-07,10,False,False,TDD,burst,20.0,[3.0351942 3.1384254 3.0716345 3.107091 ],[2.4982533 2.9476833 2.7142205 2.820983 ],[592.6459  597.5186  603.20013 609.79004],[308.21936 307.31946 309.87506 315.5442 ],[7.0693793 7.0788426 7.0800514 7.0665894],[1.0483123 1.1111741 1.1865671 1.2739443],[8.171758 8.174995 8.178912 8.18387 ],[0.61714435 0.66222095 0.70273554 0.73701555]
DFTGRID,A,3e-07,30,False,False,TDD,burst,20.0,[3.4832652 3.5778985 3.7643292 3.809741 ],[3.6737072 4.0975175 4.5485296 4.628275 ],[603.3061  610.93414 619.09186 629.1123 ],[341.2554  338.7981  349.61816 371.0177 ],[6.8089314 6.8828883 6.916899  6.9194098],[1.3756453 1.4017844 1.4791871 1.5226396],[8.039328 8.043646 8.03752  8.038265],[0.90889144 0.95316565 1.0154774  1.050955  ]
DFTGRID,C,3e-08,1,False,False,TDD,burst,20.0,[1.1425873 1.1386467 1.1359161 1.1426395],[0.8539586  0.8424554  0.8311531  0.84865767],[260.54926 260.87637 261.26572 261.79913],[202.29825 202.26051 202.41568 202.54366],[8.211067  8.210742  8.210274  8.2091465],[0.17939991 0.18061724 0.18225805 0.1840769 ],[8.320241 8.321053 8.321877 8.322711],[0.1314964  0.13392694 0.13672413 0.13986447]
DFTGRID,C,3e-08,10,False,False,TDD,burst,20.0,[4.9958696 5.5223274 5.2352333 4.90629  ],[4.8842206 6.316675  5.4789176 4.594633 ],[644.518  641.757  645.8385 655.4193],[285.3523  279.8701  281.11783 287.33804],[6.66088   6.680472  6.698783  6.7075586],[1.2807541 1.2571919 1.2772361 1.3305843],[8.214156 8.200949 8.206897 8.228696],[0.43586653 0.47545165 0.5107417  0.53240734]
DFTGRID,C,3e-08,30,False,False,TDD,burst,20.0,[4.2050753 3.993553  4.2649674 4.726903 ],[3.8731391 3.304954  4.046403  5.33349  ],[600.35    595.68005 599.2066  586.1591 ],[315.00818 321.65387 308.6322  287.5624 ],[6.0547547 6.1364923 6.0342464 6.162232 ],[1.9429588 1.7774655 1.8711773 1.5727661],[8.26459   8.2423935 8.200481  8.146262 ],[0.59722245 0.63432664 0.6843038  0.7340101 ]
DFTGRID,C,1e-07,1,False,False,TDD,burst,20.0,[0.7981363 0.7994777 0.8018272 0.8041829],[0.6807688  0.68171996 0.68197083 0.68291026],[221.7933  221.69247 221.65523 221.68835],[213.72247 213.51125 213.23067 213.00285],[8.189484 8.187706 8.185483 8.182976],[0.23483618 0.23640566 0.23797601 0.24009298],[8.287666  8.286729  8.285783  8.2848215],[0.20094848 0.20314613 0.20554835 0.20814276]
DFTGRID,C,1e-07,10,False,False,TDD,burst,20.0,[3.0244498 3.0034115 3.008502  3.0263228],[2.0835912 2.077996  2.0345473 2.0267022],[634.6131  631.2865  628.63495 626.19904],[285.60086 290.13846 297.30426 304.70572],[6.741836  6.738356  6.7279553 6.7153316],[1.1482166 1.1449071 1.1616448 1.2039421],[8.228059 8.225114 8.221141 8.218307],[0.4063242  0.44373652 0.4743657  0.49637356]
DFTGRID,C,1e-07,30,False,False,TDD,burst,20.0,[3.1850226 3.2302918 3.3113523 3.1859534],[2.1421258 1.9677788 2.1446743 2.000395 ],[609.5846 608.5361 606.2462 609.6125],[265.12506 244.45317 232.86598 237.42554],[5.7815056 5.7749195 5.74929   5.7386622],[1.4617007 1.3662562 1.375735  1.4892195],[8.210542 8.202722 8.19268  8.180748],[0.5592177  0.55600965 0.5821842  0.64674735]
DFTGRID,C,3e-07,1,False,False,TDD,burst,20.0,[0.74741477 0.74910164 0.75075835 0.7533068 ],[0.65230054 0.6524195  0.6521867  0.6517506 ],[225.57318 226.12143 226.65541 227.36113],[198.30594 198.43706 198.5113  198.56862],[8.196499 8.194854 8.193352 8.19098 ],[0.17513612 0.17507531 0.17511949 0.17584856],[8.30922  8.309395 8.309544 8.309666],[0.12782563 0.12907478 0.13059264 0.132371  ]
DFTGRID,C,3e-07,10,False,False,TDD,burst,20.0,[2.24889   2.25392   2.2624562 2.280501 ],[1.3325222 1.2992616 1.2726882 1.2615296],[583.56604 583.8472  585.4172  588.64984],[277.5049  271.82626 267.56827 265.15305],[6.608662  6.5654488 6.526862  6.4941716],[1.1682423 1.2133881 1.2582744 1.3019233],[8.250104 8.243475 8.238306 8.233626],[0.33855358 0.37196392 0.40309045 0.43264046]
DFTGRID,C,3e-07,30,False,False,TDD,burst,20.0,[2.7993765 2.780398  2.7777598 2.800395 ],[1.440908  1.4910994 1.5439353 1.586051 ],[667.72266 668.5146  670.31836 670.9978 ],[267.7254  269.42218 272.95862 271.96524],[5.8220863 5.79847   5.874596  5.9694695],[1.2536238 1.3487655 1.3658003 1.324663 ],[8.243394  8.2595005 8.280929  8.2970915],[0.5275148  0.56576973 0.5995795  0.6289665 ]
DFTGRID,D,3e-08,1,False,False,TDD,burst,20.0,[0.78307474 0.7841507  0.7854481  0.7879173 ],[0.82330024 0.8228732  0.82270545 0.8229498 ],[235.00908 235.31538 235.69267 236.409  ],[247.16238 247.05154 247.04419 247.0871 ],[8.308331 8.306623 8.30475  8.301427],[0.16940361 0.16966133 0.1695801  0.16972058],[8.314398 8.314319 8.314234 8.314145],[0.1689577  0.1692839  0.16965668 0.17007592]
DFTGRID,D,3e-08,10,False,False,TDD,burst,20.0,[2.0594583 2.0614622 2.0621278 2.0621216],[1.545778  1.5378941 1.5299318 1.5215431],[607.8173  609.5854  611.47766 613.7594 ],[449.47302 448.29678 447.5276  447.26404],[8.235795 8.235856 8.236455 8.237057],[0.23418128 0.24140777 0.24908836 0.25786236],[8.316226 8.317209 8.319232 8.322231],[0.22064124 0.22971565 0.23861213 0.24789669]
DFTGRID,D,3e-08,30,False,False,TDD,burst,20.0,[2.19844   2.2323518 2.2630963 2.2841902],[1.4752259 1.4836414 1.4793195 1.472942 ],[614.98303 619.09106 624.1999  627.94226],[385.98843 389.3377  392.2965  392.39554],[8.190797 8.176003 8.161789 8.149755],[0.32946122 0.34655735 0.3664511  0.39614522],[8.279626 8.265633 8.254636 8.245803],[0.3149234  0.33140603 0.3475315  0.37491977]
DFTGRID,D,1e-07,1,False,False,TDD,burst,20.0,[0.8398578  0.84093714 0.84229296 0.8437437 ],[0.7728695  0.77239895 0.7722741  0.77212816],[253.36197 253.69922 254.11256 254.55338],[235.15561 234.98024 234.9061  234.83208],[8.302295  8.3009405 8.29921   8.297493 ],[0.04661185 0.04841974 0.05069809 0.05310547],[8.30858  8.308749 8.308917 8.309082],[0.04570846 0.04691132 0.04821616 0.04961289]
DFTGRID,D,1e-07,10,False,False,TDD,burst,20.0,[2.277669  2.2798634 2.2814834 2.2829235],[1.4157366 1.4167509 1.4169996 1.4163612],[669.64453 669.8496  670.1744  670.7762 ],[404.33914 404.2008  404.5158  405.21463],[8.219174  8.2186775 8.2177925 8.216506 ],[0.1487663  0.16590504 0.18316995 0.19976832],[8.302197 8.302738 8.303449 8.304353],[0.14413556 0.16243479 0.18018848 0.19722274]
DFTGRID,D,1e-07,30,False,False,TDD,burst,20.0,[2.1025841 2.0996091 2.0991802 2.1020815],[1.3570802 1.3499973 1.3427676 1.3379495],[627.5192  629.7794  631.1757  631.75854],[409.9518  411.2083  411.19928 410.53174],[8.2124   8.216049 8.217799 8.216517],[0.2942007  0.31928843 0.34126234 0.36062628],[8.307436 8.310596 8.312113 8.31137 ],[0.28931206 0.31602684 0.33770058 0.35521185]
DFTGRID,D,3e-07,1,False,False,TDD,burst,20.0,[0.7335057 0.7347284 0.7357954 0.7376187],[0.7605627  0.7609077  0.76094425 0.76080126],[219.83846 220.20073 220.51682 221.05367],[228.1425  228.2356  228.23329 228.17752],[8.298828 8.297303 8.295924 8.293414],[0.02322958 0.02557036 0.02811508 0.03066819],[8.304571 8.304598 8.304624 8.304644],[0.02125929 0.02278931 0.02444145 0.02619203]
DFTGRID,D,3e-07,10,False,False,TDD,burst,20.0,[2.044658  2.049016  2.0538206 2.0579047],[1.40339   1.4071249 1.4117098 1.4168109],[603.9851  604.51935 605.3619  606.215  ],[407.0058  406.11243 405.56485 405.35834],[8.207691  8.206613  8.204754  8.2032385],[0.1481322  0.16254877 0.1776865  0.19459516],[8.291802 8.291453 8.291422 8.291797],[0.13622427 0.15536554 0.17447104 0.193445  ]
DFTGRID,D,3e-07,30,False,False,TDD,burst,20.0,[1.8573931 1.8692898 1.8814328 1.8937155],[1.5524964 1.5773058 1.600649  1.6230233],[543.9454  541.86975 540.5961  540.0005 ],[432.0516  431.44766 431.74033 431.72827],[8.224247 8.211921 8.19816  8.18497 ],[0.2635805  0.29248476 0.32308325 0.34880605],[8.314291 8.305841 8.296564 8.287483],[0.25759736 0.28634158 0.31637365 0.34177953]
DFTGRID,A,3e-08,1,False,False,TDD,burst,25.0,[0.89238006 0.8912785  0.89184535 0.89281565],[0.7885758 0.7888928 0.788942  0.789338 ],[262.01337 262.01483 262.13068 262.26028],[247.97429 247.96774 247.9856  247.96288],[8.312786 8.311295 8.30942  8.307373],[0.19501223 0.19963655 0.20483987 0.21014169],[8.330993 8.329849 8.328677 8.327478],[0.19007084 0.19461922 0.19951843 0.20474008]
DFTGRID,A,3e-08,10,False,False,TDD,burst,25.0,[5.877737  5.749416  5.5373054 4.530449 ],[9.200751  8.789591  9.435842  5.2647758],[595.36523 593.31445 593.43964 595.9273 ],[318.62082 306.73944 299.44708 297.31253],[7.1818447 7.1779246 7.166739  7.1472187],[1.2676458 1.2516536 1.2657108 1.3230188],[8.202797 8.202787 8.20477  8.210616],[0.5486622  0.603959   0.65337497 0.69756156]
DFTGRID,A,3e-08,30,False,False,TDD,burst,25.0,[12.548034   9.851443   7.778276   7.1724854],[42.964897  26.741417  14.9073925 10.058428 ],[593.9897 593.3417 599.4344 605.2693],[361.9597  358.08313 370.89835 387.27646],[6.8536644 6.8912926 6.9146905 6.915381 ],[1.4074051 1.3226701 1.3335488 1.4506679],[7.9305916 7.937528  7.938669  7.9467754],[0.94080913 0.97129947 1.0151565  1.0446168 ]
DFTGRID,A,1e-07,1,False,False,TDD,burst,25.0,[0.7370197  0.73669547 0.73699385 0.7374481 ],[0.7831022 0.7829979 0.7835252 0.7834825],[201.4636  201.52321 201.59601 201.67078],[238.79778 238.67888 238.5585  238.44124],[8.236235 8.236443 8.236563 8.236764],[0.5192703  0.52018565 0.521345   0.52241117],[8.262489 8.263346 8.264196 8.265036],[0.5146195  0.5150341  0.5156064  0.51633507]
DFTGRID,A,1e-07,10,False,False,TDD,burst,25.0,[4.3032465 4.385628  4.4152074 4.1050477],[4.384549  5.027052  5.6941853 4.492645 ],[636.05426 631.34204 626.79767 622.8561 ],[358.76587 352.5257  348.51297 346.14468],[7.1002126 7.100095  7.1026745 7.1056437],[1.3767785 1.4063128 1.427571  1.4275548],[8.144523 8.146372 8.146507 8.145758],[0.6222944 0.6648694 0.7096781 0.7541992]
DFTGRID,A,1e-07,30,False,False,TDD,burst,25.0,[8.893454  6.7505245 9.251758  6.9416595],[40.782024 14.957198 35.859245 18.076778],[656.5962  625.21216 596.187   572.0655 ],[407.12613 364.87717 332.64267 323.9958 ],[6.736032  6.7582893 6.7498074 6.656534 ],[1.6381758 1.65105   1.6042422 1.5957917],[8.072836  8.0405245 7.9876432 7.931781 ],[0.9680374 1.0242085 1.0625325 1.0865595]
DFTGRID,A,3e-07,1,False,False,TDD,burst,25.0,[0.8291381  0.83006006 0.83104974 0.8324948 ],[0.7591164 0.7592898 0.7597094 0.7602361],[254.2714  254.62642 255.0091  255.45717],[256.47845 256.45032 256.46497 256.5187 ],[8.189518 8.18999  8.190396 8.190729],[0.3645284  0.36602983 0.3677435  0.36950326],[8.213685 8.214922 8.216152 8.217376],[0.35320455 0.35431996 0.3555505  0.35689354]
DFTGRID,A,3e-07,10,False,False,TDD,burst,25.0,[3.0351036 3.1350012 3.0687075 3.0989065],[2.5002074 2.941202  2.7180808 2.8114872],[592.5005  597.09467 602.42993 608.55804],[308.05194 306.92316 309.34732 315.21683],[7.0705934 7.082193  7.0845876 7.074452 ],[1.049822  1.112937  1.189214  1.2758483],[8.171758 8.174995 8.178912 8.18387 ],[0.61714435 0.66222095 0.70273554 0.73701555]
DFTGRID,A,3e-07,30,False,False,TDD,burst,25.0,[3.4810529 3.5733366 3.756824  3.7990482],[3.6685038 4.088013  4.5314946 4.6046224],[603.14343 610.568   618.3703  627.86005],[341.2494  338.77164 349.5555  370.96857],[6.8101616 6.8857536 6.921524  6.9285426],[1.3748009 1.4006898 1.4788185 1.5237871],[8.039328 8.043646 8.03752  8.038265],[0.90889144 0.95316565 1.0154774  1.050955  ]
DFTGRID,C,3e-08,1,False,False,TDD,burst,25.0,[1.1399783 1.1342772 1.130185  1.1335012],[0.8529277  0.83857524 0.8282592  0.84449464],[260.33618 260.53122 260.72403 260.97604],[202.27713 202.27568 202.31241 202.30795],[8.211954 8.212257 8.212705 8.212849],[0.17999847 0.18183525 0.18381943 0.18633364],[8.320241 8.321053 8.321877 8.322711],[0.1314964  0.13392694 0.13672413 0.13986447]
DFTGRID,C,3e-08,10,False,False,TDD,burst,25.0,[4.9933925 5.5189085 5.229773  4.8990054],[4.884585  6.321398  5.483545  4.5990715],[644.23236 641.275   645.1577  654.4891 ],[285.22696 279.72308 280.8699  287.28857],[6.66199  6.682916 6.702002 6.71151 ],[1.281538  1.2571497 1.2766325 1.3295466],[8.214156 8.200949 8.206897 8.228696],[0.43586653 0.47545165 0.5107417  0.53240734]
DFTGRID,C,3e-08,30,False,False,TDD,burst,25.0,[4.2045336 3.9920993 4.2579255 4.716322 ],[3.8732262 3.3060791 4.0485005 5.3377295],[600.2713  595.27826 598.36993 584.8481 ],[314.98572 321.6201  308.57138 287.32596],[6.054515  6.138365  6.038483  6.1689415],[1.942849  1.7784618 1.8715626 1.5724697],[8.26459   8.2423935 8.200481  8.146262 ],[0.59722245 0.63432664 0.6843038  0.7340101 ]
DFTGRID,C,1e-07,1,False,False,TDD,burst,25.0,[0.7978918  0.79868907 0.8006282  0.80198586],[0.68070734 0.68102765 0.68144256 0.6822168 ],[221.70966 221.49428 221.42653 221.33078],[213.6884  213.3528  213.11041 212.89131],[8.1897545 8.188428  8.186359  8.184518 ],[0.23514721 0.2368543  0.23872328 0.24091625],[8.287666  8.286729  8.285783  8.2848215],[0.20094848 0.20314613 0.20554835 0.20814276]
DFTGRID,C,1e-07,10,False,False,TDD,burst,25.0,[3.0229702 3.0004065 3.0040154 3.018813 ],[2.082997  2.077688  2.0348272 2.0273066],[634.4102  630.76636 627.79236 624.95636],[285.6702  290.1767  297.39737 304.81668],[6.7428145 6.7414722 6.7321124 6.721745 ],[1.147189  1.1436535 1.161745  1.2043072],[8.228059 8.225114 8.221141 8.218307],[0.4063242  0.44373652 0.4743657  0.49637356]
DFTGRID,C,1e-07,30,False,False,TDD,burst,25.0,[3.1844318 3.2287111 3.307711  3.1805987],[2.1447365 1.9705746 2.1438699 1.9986728],[609.39417 608.1948  605.55316 608.70013],[265.1667  244.25261 232.40805 236.9483 ],[5.7826643 5.7759485 5.7507296 5.7424493],[1.4612149 1.3667053 1.3788731 1.49163  ],[8.210542 8.202722 8.19268  8.180748],[0.5592177  0.55600965 0.5821842  0.64674735]
DFTGRID,C,3e-07,1,False,False,TDD,burst,25.0,[0.7462911  0.7466964  0.74744576 0.7482555 ],[0.6531282  0.65317917 0.6529927  0.65322447],[225.30406 225.51611 225.79741 226.1093 ],[198.47272 198.58365 198.6445  198.8236 ],[8.197681 8.197724 8.197418 8.196941],[0.17529447 0.17566212 0.17630088 0.17730956],[8.30922  8.309395 8.309544 8.309666],[0.12782563 0.12907478 0.13059264 0.132371  ]
DFTGRID,C,3e-07,10,False,False,TDD,burst,25.0,[2.248517  2.2525847 2.260438  2.2770116],[1.3325489 1.2988967 1.2731705 1.2609407],[583.508   583.6278  585.0704  588.08514],[277.53522 271.9251  267.8607  265.51593],[6.6091957 6.5660524 6.527857  6.4959764],[1.1669279 1.2127414 1.2573389 1.301484 ],[8.250104 8.243475 8.238306 8.233626],[0.33855358 0.37196392 0.40309045 0.43264046]
DFTGRID,C,3e-07,30,False,False,TDD,burst,25.0,[2.799083  2.7795305 2.7768934 2.798291 ],[1.4415714 1.4918419 1.5445269 1.5857972],[667.58875 668.25867 670.0913  670.5237 ],[267.65475 269.3559  272.91937 271.94687],[5.8227983 5.7991314 5.8764086 5.9715743],[1.2528229 1.3488224 1.3649765 1.3256232],[8.243394  8.2595005 8.280929  8.2970915],[0.5275148  0.56576973 0.5995795  0.6289665 ]
DFTGRID,D,3e-08,1,False,False,TDD,burst,25.0,[0.7821186  0.78229034 0.7828042  0.78333306],[0.82343256 0.82337815 0.82360935 0.8238479 ],[234.73344 234.7657  234.90268 235.04631],[247.18378 247.16919 247.2437  247.29977],[8.309558 8.309261 8.308575 8.307655],[0.16921791 0.16979703 0.17028697 0.17078817],[8.314398 8.314319 8.314234 8.314145],[0.1689577  0.1692839  0.16965668 0.17007592]
DFTGRID,D,3e-08,10,False,False,TDD,burst,25.0,[2.0588076 2.0601573 2.0599444 2.0583797],[1.5461105 1.5382717 1.5295323 1.5203902],[607.62244 609.20135 610.8712  612.68964],[449.57086 448.35928 447.42505 446.97488],[8.236597  8.2378235 8.23955   8.241879 ],[0.23435178 0.24185029 0.24945028 0.25759885],[8.316226 8.317209 8.319232 8.322231],[0.22064124 0.22971565 0.23861213 0.24789669]
DFTGRID,D,3e-08,30,False,False,TDD,burst,25.0,[2.197757  2.231174  2.2608275 2.2810197],[1.4751534 1.4835929 1.4788042 1.471931 ],[614.7862 618.7643 623.5889 627.1287],[386.0002  389.37027 392.15228 392.17285],[8.191569 8.178252 8.164942 8.153399],[0.32954606 0.34658387 0.3659771  0.39522222],[8.279626 8.265633 8.254636 8.245803],[0.3149234  0.33140603 0.3475315  0.37491977]
DFTGRID,D,1e-07,1,False,False,TDD,burst,25.0,[0.83970904 0.83975244 0.84033287 0.8409135 ],[0.772896   0.77281857 0.7729515  0.77286094],[253.31786 253.35245 253.54225 253.73642],[235.16711 235.11354 235.1179  235.05661],[8.302611  8.30254   8.301951  8.3012905],[0.04624733 0.04761746 0.04905751 0.05064972],[8.30858  8.308749 8.308917 8.309082],[0.04570846 0.04691132 0.04821616 0.04961289]
DFTGRID,D,1e-07,10,False,False,TDD,burst,25.0,[2.277046  2.2784677 2.2793684 2.2790713],[1.4160347 1.4173206 1.4178749 1.417219 ],[669.4621  669.42993 669.5617  669.66943],[404.43146 404.37683 404.8427  405.6094 ],[8.22003  8.220365 8.220798 8.221355],[0.14918955 0.1664217  0.18311241 0.19917287],[8.302197 8.302738 8.303449 8.304353],[0.14413556 0.16243479 0.18018848 0.19722274]
DFTGRID,D,1e-07,30,False,False,TDD,burst,25.0,[2.1021671 2.0983758 2.0963109 2.0980408],[1.3565309 1.3493745 1.3420056 1.3368526],[627.4011  629.4677  630.46045 630.7221 ],[409.85416 411.11667 411.1183  410.3699 ],[8.213188 8.217909 8.221435 8.221754],[0.29414603 0.31801334 0.33884954 0.3578879 ],[8.307436 8.310596 8.312113 8.31137 ],[0.28931206 0.31602684 0.33770058 0.35521185]
DFTGRID,D,3e-07,1,False,False,TDD,burst,25.0,[0.73279333 0.733324   0.73402756 0.7347779 ],[0.7605915 0.7607145 0.7608957 0.7609606],[219.62932 219.7888  219.99768 220.22585],[228.14992 228.176   228.21614 228.22539],[8.299843  8.299228  8.298336  8.2972555],[0.02296507 0.0245301  0.02592433 0.02754089],[8.304571 8.304598 8.304624 8.304644],[0.02125929 0.02278931 0.02444145 0.02619203]
DFTGRID,D,3e-07,10,False,False,TDD,burst,25.0,[2.044365  2.0485198 2.0522935 2.0555103],[1.403609  1.4071199 1.4115067 1.4163569],[603.89594 604.3613  604.88416 605.4809 ],[407.05527 406.0742  405.42627 405.18106],[8.208219 8.207621 8.207069 8.206764],[0.14844495 0.1635454  0.17942178 0.19594334],[8.291802 8.291453 8.291422 8.291797],[0.13622427 0.15536554 0.17447104 0.193445  ]
DFTGRID,D,3e-07,30,False,False,TDD,burst,25.0,[1.8570884 1.8680011 1.8791121 1.8899177],[1.5527374 1.5784601 1.6017048 1.6249454],[543.8518  541.4957  539.9389  538.91205],[432.10217 431.7678  431.9944  432.19623],[8.225076 8.21427  8.201961 8.190744],[0.26422364 0.29298097 0.32321644 0.34853798],[8.314291 8.305841 8.296564 8.287483],[0.25759736 0.28634158 0.31637365 0.34177953]
DFTGRID,A,3e-08,1,False,False,TDD,packagedrop,0.1,[0.92609304 0.89995164 0.8984594  0.89810365],[0.7682022  0.7959541  0.7934381  0.79638714],[271.25635 264.88333 264.72437 264.67862],[242.78575 250.88046 251.3226  250.67288],[8.260837 8.311474 8.310288 8.309239],[0.3149916  0.19934584 0.2046421  0.2098626 ],[8.330993 8.329849 8.328677 8.327478],[0.19007084 0.19461922 0.19951843 0.20474008]
DFTGRID,A,3e-08,10,False,False,TDD,packagedrop,0.1,[5.603248  5.718747  5.5119534 4.5236955],[9.23491   8.800366  9.455085  5.3369737],[550.80707 591.02277 591.25745 595.0554 ],[291.50357 300.81815 303.39993 304.90762],[7.2061377 7.1847334 7.157194  7.1454678],[1.265911  1.2440991 1.2702715 1.3280741],[8.202797 8.202787 8.20477  8.210616],[0.5486622  0.603959   0.65337497 0.69756156]
DFTGRID,A,3e-08,30,False,False,TDD,packagedrop,0.1,[12.020311   9.887435   7.8463335  7.135103 ],[43.01487   26.748026  14.907356  10.0584545],[564.7791  589.39233 631.3059  601.6176 ],[365.62637 353.57013 396.90448 394.82578],[6.9100704 6.898621  6.906944  6.9118633],[1.4251894 1.3136177 1.3705935 1.452511 ],[7.9305916 7.937528  7.938669  7.9467754],[0.94080913 0.97129947 1.0151565  1.0446168 ]
DFTGRID,A,1e-07,1,False,False,TDD,packagedrop,0.1,[0.767477   0.7407366  0.74463934 0.74744254],[0.7491656 0.7890664 0.7953094 0.7983115],[213.60869 202.39297 203.92592 204.65176],[232.96794 238.84413 241.96388 242.1734 ],[8.192995 8.237439 8.238293 8.239062],[0.53585106 0.5197238  0.5204704  0.5214096 ],[8.262489 8.263346 8.264196 8.265036],[0.5146195  0.5150341  0.5156064  0.51633507]
DFTGRID,A,1e-07,10,False,False,TDD,packagedrop,0.1,[4.172984  4.333101  4.4193015 4.102732 ],[4.4254155 4.9548845 5.694666  4.498641 ],[614.3885  622.6184  633.02094 622.58417],[365.3149  362.24866 357.78247 346.0643 ],[7.110437  7.09789   7.081518  7.1147046],[1.3627496 1.4059932 1.4617926 1.4224955],[8.144523 8.146372 8.146507 8.145758],[0.6222944 0.6648694 0.7096781 0.7541992]
DFTGRID,A,1e-07,30,False,False,TDD,packagedrop,0.1,[8.505123 6.586269 9.248726 6.940087],[40.79479  14.765825 35.842693 18.075106],[644.3692  630.3345  599.77234 569.89685],[418.33377 384.35336 336.67822 320.6066 ],[6.7690163 6.7917767 6.7560077 6.6798973],[1.6013083 1.6070284 1.6061788 1.5806656],[8.072836  8.0405245 7.9876432 7.931781 ],[0.9680374 1.0242085 1.0625325 1.0865595]
DFTGRID,A,3e-07,1,False,False,TDD,packagedrop,0.1,[0.81282306 0.8344204  0.8420914  0.83496696],[0.7124765 0.7620951 0.7773082 0.7645204],[248.87955 256.19208 259.0713  256.6213 ],[240.68036 257.6009  263.00656 258.51318],[8.138238 8.19128  8.192684 8.193886],[0.4372558  0.365273   0.36641732 0.36789283],[8.213685 8.214922 8.216152 8.217376],[0.35320455 0.35431996 0.3555505  0.35689354]
DFTGRID,A,3e-07,10,False,False,TDD,packagedrop,0.1,[2.658837  3.0794833 3.0397809 3.1073227],[2.4841175 2.997013  2.730278  2.8118951],[544.73553 585.81396 593.1736  610.63556],[312.89597 300.8315  311.4588  318.0676 ],[7.1088    7.0788546 7.09212   7.0720153],[1.0308411 1.1181523 1.1940843 1.273983 ],[8.171758 8.174995 8.178912 8.18387 ],[0.61714435 0.66222095 0.70273554 0.73701555]
DFTGRID,A,3e-07,30,False,False,TDD,packagedrop,0.1,[3.1320395 3.4855304 3.8053663 3.833505 ],[3.648229 4.142998 4.543702 4.626128],[551.91    594.97064 625.6623  636.4641 ],[325.31543 342.10513 348.66183 372.61572],[6.8589296 6.885175  6.9165545 6.9310956],[1.3602937 1.3990315 1.472428  1.5280014],[8.039328 8.043646 8.03752  8.038265],[0.90889144 0.95316565 1.0154774  1.050955  ]
DFTGRID,C,3e-08,1,False,False,TDD,packagedrop,0.1,[1.1098026 1.1576872 1.1438503 1.1411949],[0.75950134 0.8556143  0.83683157 0.85844785],[270.85077 266.19046 264.07593 262.8297 ],[200.2745  207.45172 205.25558 204.79625],[8.09383  8.210101 8.211312 8.213258],[0.582632   0.18391363 0.18430948 0.1861824 ],[8.320241 8.321053 8.321877 8.322711],[0.1314964  0.13392694 0.13672413 0.13986447]
DFTGRID,C,3e-08,10,False,False,TDD,packagedrop,0.1,[4.7038426 5.462138  5.2157273 4.877613 ],[4.965457  6.3373055 5.4694586 4.5992265],[615.6321  635.8953  639.8764  649.17017],[288.9619  275.76956 278.4949  289.26355],[6.592359  6.668662  6.7202063 6.7075005],[1.3462532 1.25851   1.2215675 1.3253648],[8.214156 8.200949 8.206897 8.228696],[0.43586653 0.47545165 0.5107417  0.53240734]
DFTGRID,C,3e-08,30,False,False,TDD,packagedrop,0.1,[3.8645313 3.8581913 4.261623  4.6721964],[3.6768358 3.2671041 4.0411005 5.310424 ],[578.3343  592.25775 602.2417  585.7175 ],[310.8774  321.18924 292.5079  284.07108],[6.097741  6.196744  6.000938  6.1818476],[1.9170306 1.766735  1.8967012 1.5642263],[8.26459   8.2423935 8.200481  8.146262 ],[0.59722245 0.63432664 0.6843038  0.7340101 ]
DFTGRID,C,1e-07,1,False,False,TDD,packagedrop,0.1,[0.8352384  0.8100444  0.812899   0.80284554],[0.640623   0.689637   0.69337946 0.6838023 ],[231.82114 224.31995 224.90695 222.19446],[198.30357 214.30785 214.95345 213.23645],[7.980347 8.177011 8.187231 8.186214],[0.77408105 0.3007574  0.23923965 0.24211869],[8.287666  8.286729  8.285783  8.2848215],[0.20094848 0.20314613 0.20554835 0.20814276]
DFTGRID,C,1e-07,10,False,False,TDD,packagedrop,0.1,[2.5678926 2.9824996 2.9797716 2.968533 ],[1.6123486 2.078275  2.0129666 2.0258307],[579.12274 625.9025  623.4925  615.93085],[293.96362 289.11053 291.57617 308.23264],[6.6757703 6.7318687 6.7254925 6.672832 ],[1.2476813 1.1487737 1.1775057 1.2743623],[8.228059 8.225114 8.221141 8.218307],[0.4063242  0.44373652 0.4743657  0.49637356]
DFTGRID,C,1e-07,30,False,False,TDD,packagedrop,0.1,[2.8088074 3.2305083 3.3100195 3.1632373],[2.0567305 1.9949095 2.1510336 2.0617476],[570.2961 606.6726 602.2562 600.1108],[285.42484 247.36684 226.4767  236.42105],[5.793056  5.748147  5.7516546 5.734445 ],[1.4098762 1.3887968 1.3877379 1.4762496],[8.210542 8.202722 8.19268  8.180748],[0.5592177  0.55600965 0.5821842  0.64674735]
DFTGRID,C,3e-07,1,False,False,TDD,packagedrop,0.1,[0.8009022  0.74181557 0.76362884 0.7595507 ],[0.62579936 0.6489268  0.6757204  0.6660406 ],[241.16364 223.9808  230.63567 229.78986],[189.07185 196.72058 204.55756 203.02782],[7.9056816 8.131542  8.1956005 8.197399 ],[0.7621245  0.49999672 0.18013237 0.17814158],[8.30922  8.309395 8.309544 8.309666],[0.12782563 0.12907478 0.13059264 0.132371  ]
DFTGRID,C,3e-07,10,False,False,TDD,packagedrop,0.1,[2.052328  2.2497866 2.2666547 2.238091 ],[1.3539705 1.294621  1.2532396 1.2604201],[533.71716 583.87    590.78424 577.92847],[274.4767  276.58606 266.05725 267.85013],[6.473162  6.568666  6.5222073 6.4970784],[1.1805495 1.2132064 1.2574245 1.2981704],[8.250104 8.243475 8.238306 8.233626],[0.33855358 0.37196392 0.40309045 0.43264046]
DFTGRID,C,3e-07,30,False,False,TDD,packagedrop,0.1,[2.5054352 2.7296493 2.7635467 2.754157 ],[1.3931116 1.4871585 1.5091227 1.5727414],[623.8248  656.4429  662.6686  657.54736],[279.19095 269.20264 267.75195 264.27524],[5.8867555 5.8072534 5.871102  5.955536 ],[1.2475194 1.3539809 1.3637564 1.3213235],[8.243394  8.2595005 8.280929  8.2970915],[0.5275148  0.56576973 0.5995795  0.6289665 ]
DFTGRID,D,3e-08,1,False,False,TDD,packagedrop,0.1,[0.82099205 0.7958118  0.7890072  0.78919035],[0.79775715 0.82517016 0.83257174 0.82948136],[246.15062 238.163   236.67148 236.79924],[239.56241 247.4756  249.37204 248.84264],[8.265762 8.304395 8.309391 8.309323],[0.22048801 0.19055715 0.16996422 0.17034492],[8.314398 8.314319 8.314234 8.314145],[0.1689577  0.1692839  0.16965668 0.17007592]
DFTGRID,D,3e-08,10,False,False,TDD,packagedrop,0.1,[1.9826344 2.0205386 2.0642292 2.0645297],[1.503817  1.5127456 1.5577793 1.507769 ],[584.431   597.6584  611.52875 614.9463 ],[435.09125 438.3379  458.15384 442.90186],[8.20994  8.236229 8.240597 8.24437 ],[0.25218287 0.24499348 0.25034148 0.25870168],[8.316226 8.317209 8.319232 8.322231],[0.22064124 0.22971565 0.23861213 0.24789669]
DFTGRID,D,3e-08,30,False,False,TDD,packagedrop,0.1,[2.0741892 2.2641494 2.221687  2.284336 ],[1.4578156 1.4583924 1.4959726 1.5116606],[581.1954  629.8376  610.18365 621.44037],[383.40533 390.12497 394.2734  396.9738 ],[8.152934 8.180473 8.167772 8.156924],[0.34904757 0.34262916 0.36578774 0.39535522],[8.279626 8.265633 8.254636 8.245803],[0.3149234  0.33140603 0.3475315  0.37491977]
DFTGRID,D,1e-07,1,False,False,TDD,packagedrop,0.1,[0.8656072  0.85950506 0.85013    0.85890216],[0.7572209 0.7772787 0.7871833 0.8002027],[261.3371  259.2499  256.49585 259.27725],[230.59825 236.37941 239.3529  243.6608 ],[8.27665  8.29975  8.303228 8.303378],[0.11297471 0.05893156 0.04857429 0.04994298],[8.30858  8.308749 8.308917 8.309082],[0.04570846 0.04691132 0.04821616 0.04961289]
DFTGRID,D,1e-07,10,False,False,TDD,packagedrop,0.1,[2.2046072 2.2592793 2.2853937 2.2540693],[1.4193199 1.4246073 1.3831815 1.4123966],[648.0757  663.1872  671.108   661.98303],[405.07703 405.85257 393.50516 403.88675],[8.1786585 8.213631  8.217633  8.223024 ],[0.1852797  0.17183559 0.18892397 0.19981341],[8.302197 8.302738 8.303449 8.304353],[0.14413556 0.16243479 0.18018848 0.19722274]
DFTGRID,D,1e-07,30,False,False,TDD,packagedrop,0.1,[1.9553428 2.071923  2.0692139 2.0507636],[1.3132995 1.3497432 1.3642217 1.3350812],[586.403   621.8539  624.47186 617.8345 ],[399.79187 412.53247 418.66504 409.69745],[8.192842 8.21831  8.222058 8.223798],[0.31466693 0.31770727 0.33843786 0.3581936 ],[8.307436 8.310596 8.312113 8.31137 ],[0.28931206 0.31602684 0.33770058 0.35521185]
DFTGRID,D,3e-07,1,False,False,TDD,packagedrop,0.1,[0.7578657  0.7434521  0.74055314 0.7440865 ],[0.71664184 0.76431745 0.76442766 0.77198786],[227.31877 222.86449 221.93932 223.0184 ],[214.97435 229.27136 229.22064 231.52194],[8.251996 8.295376 8.300004 8.300024],[0.13373837 0.04899456 0.02594733 0.02762454],[8.304571 8.304598 8.304624 8.304644],[0.02125929 0.02278931 0.02444145 0.02619203]
DFTGRID,D,3e-07,10,False,False,TDD,packagedrop,0.1,[1.884643  2.0519319 2.0902565 2.0336766],[1.3502389 1.385877  1.4333646 1.4369822],[559.0593  606.1156  615.9121  598.53265],[393.871   401.90256 411.47333 412.68506],[8.152197 8.205408 8.208563 8.209329],[0.20411965 0.17433816 0.17893076 0.19566703],[8.291802 8.291453 8.291422 8.291797],[0.13622427 0.15536554 0.17447104 0.193445  ]
DFTGRID,D,3e-07,30,False,False,TDD,packagedrop,0.1,[1.7287548 1.9193519 1.7782433 1.9472983],[1.4544035 1.5781996 1.5585599 1.6196729],[508.12082 559.9219  511.01477 558.64374],[407.60657 439.04758 419.6062  432.1023 ],[8.193234 8.209626 8.203047 8.19316 ],[0.29443347 0.2964954  0.32277945 0.3482292 ],[8.314291 8.305841 8.296564 8.287483],[0.25759736 0.28634158 0.31637365 0.34177953]
DFTGRID,A,3e-08,1,False,False,TDD,packagedrop,0.09,[0.9090657  0.9040401  0.89189804 0.9055363 ],[0.7779741  0.79238415 0.78877723 0.806135  ],[267.53275 265.70258 262.64972 267.13333],[245.46393 249.5231  248.10156 254.48792],[8.261417 8.311386 8.31057  8.309146],[0.29842255 0.19995703 0.20457537 0.20988919],[8.330993 8.329849 8.328677 8.327478],[0.19007084 0.19461922 0.19951843 0.20474008]
DFTGRID,A,3e-08,10,False,False,TDD,packagedrop,0.09,[5.2264934 5.6859713 5.536776  4.5286064],[9.093011 8.811875 9.430689 5.334479],[532.0785 581.1814 595.5752 593.6132],[309.4246  302.7338  296.0329  293.17578],[7.2098374 7.1854925 7.1673403 7.145416 ],[1.229151  1.2425299 1.2651935 1.3272663],[8.202797 8.202787 8.20477  8.210616],[0.5486622  0.603959   0.65337497 0.69756156]
DFTGRID,A,3e-08,30,False,False,TDD,packagedrop,0.09,[11.999633  10.11817    7.7008147  7.250909 ],[43.05365  26.931837 14.782836 10.417042],[550.37115 611.40283 608.85126 604.8834 ],[368.34735 370.5136  377.20764 391.653  ],[6.8685737 6.8893    6.9261847 6.918115 ],[1.4270341 1.3324205 1.3324877 1.4509066],[7.9305916 7.937528  7.938669  7.9467754],[0.94080913 0.97129947 1.0151565  1.0446168 ]
DFTGRID,A,1e-07,1,False,False,TDD,packagedrop,0.09,[0.7718102  0.7451755  0.74516606 0.74450105],[0.75234556 0.78221995 0.8002822  0.7891377 ],[217.32103 204.82979 204.2429  203.69531],[236.07178 239.11511 244.01738 239.88501],[8.150776 8.232712 8.238188 8.239086],[0.62903905 0.5171166  0.52021533 0.5208366 ],[8.262489 8.263346 8.264196 8.265036],[0.5146195  0.5150341  0.5156064  0.51633507]
DFTGRID,A,1e-07,10,False,False,TDD,packagedrop,0.09,[4.1647625 4.3622932 4.463312  4.183942 ],[4.430808  5.028292  5.679401  4.5002027],[621.7467  627.8645  637.7661  637.22876],[364.43246 352.72528 346.45053 354.74066],[7.17094   7.0996437 7.104215  7.092833 ],[1.3090636 1.4069521 1.4272642 1.4563205],[8.144523 8.146372 8.146507 8.145758],[0.6222944 0.6648694 0.7096781 0.7541992]
DFTGRID,A,1e-07,30,False,False,TDD,packagedrop,0.09,[8.448174  6.738062  9.274905  6.9862905],[40.83516  14.958733 35.86006  18.082733],[607.7575  636.5362  596.54694 578.1806 ],[416.9126  382.99356 320.42413 326.85907],[6.8176994 6.741752  6.7328167 6.659799 ],[1.6153239 1.6792909 1.6231437 1.5937257],[8.072836  8.0405245 7.9876432 7.931781 ],[0.9680374 1.0242085 1.0625325 1.0865595]
DFTGRID,A,3e-07,1,False,False,TDD,packagedrop,0.09,[0.81195366 0.82070833 0.8306985  0.8336201 ],[0.706258   0.7462705  0.7597316  0.76536584],[249.03886 252.03546 255.0143  255.84834],[239.76942 253.84557 256.45728 257.34427],[8.120395  8.18604   8.1928005 8.193979 ],[0.44090393 0.37006173 0.3664874  0.3680307 ],[8.213685 8.214922 8.216152 8.217376],[0.35320455 0.35431996 0.3555505  0.35689354]
DFTGRID,A,3e-07,10,False,False,TDD,packagedrop,0.09,[2.8836768 3.1126716 3.0582306 3.0564852],[2.5445266 2.9610605 2.714422  2.8324938],[554.5046  586.74725 599.9602  595.0712 ],[289.13562 304.66632 316.4662  313.68472],[7.1467257 7.079169  7.0752454 7.0823655],[1.0842503 1.1115211 1.196075  1.2642623],[8.171758 8.174995 8.178912 8.18387 ],[0.61714435 0.66222095 0.70273554 0.73701555]
DFTGRID,A,3e-07,30,False,False,TDD,packagedrop,0.09,[3.1957803 3.5747678 3.7627683 3.770743 ],[3.528038  4.092159  4.5184636 4.639671 ],[577.3973  612.57025 622.0623  609.2387 ],[346.47812 351.21326 355.03873 366.57095],[6.871482  6.8898664 6.924822  6.9467163],[1.4025159 1.3999369 1.4773431 1.5209315],[8.039328 8.043646 8.03752  8.038265],[0.90889144 0.95316565 1.0154774  1.050955  ]
DFTGRID,C,3e-08,1,False,False,TDD,packagedrop,0.09,[1.1314483 1.140578  1.1506238 1.139899 ],[0.81660855 0.84238964 0.8526604  0.85167503],[258.46884 261.88727 265.8748  263.08716],[188.91898 203.71893 209.1121  205.46846],[8.09387  8.211639 8.211785 8.213951],[0.42857894 0.18287788 0.18537326 0.18571454],[8.320241 8.321053 8.321877 8.322711],[0.1314964  0.13392694 0.13672413 0.13986447]
DFTGRID,C,3e-08,10,False,False,TDD,packagedrop,0.09,[4.518258  5.4483504 5.143679  4.89638  ],[4.52874   6.1440387 5.570134  4.587747 ],[614.6544 640.7548 630.1536 654.2345],[292.45816 275.67535 280.02448 284.97324],[6.684156  6.6784077 6.6886134 6.7049365],[1.1874329 1.254765  1.2845385 1.3367558],[8.214156 8.200949 8.206897 8.228696],[0.43586653 0.47545165 0.5107417  0.53240734]
DFTGRID,C,3e-08,30,False,False,TDD,packagedrop,0.09,[4.0697994 4.0173717 4.26867   4.67545  ],[3.901535  3.346267  4.1318    5.2717943],[592.24506 617.07294 607.26886 578.43243],[321.0839  329.30576 308.3795  281.6187 ],[6.0425196 6.165116  6.136347  6.149585 ],[1.9958515 1.8165911 1.7974591 1.5792887],[8.26459   8.2423935 8.200481  8.146262 ],[0.59722245 0.63432664 0.6843038  0.7340101 ]
DFTGRID,C,1e-07,1,False,False,TDD,packagedrop,0.09,[0.8255837  0.80963737 0.80614877 0.80536044],[0.67064464 0.6914669  0.6930762  0.6848612 ],[230.44705 224.79019 223.22403 222.77966],[210.36778 215.72772 215.85388 213.44743],[8.041169 8.15569  8.187038 8.185818],[0.6078089  0.354455   0.24115638 0.24205658],[8.287666  8.286729  8.285783  8.2848215],[0.20094848 0.20314613 0.20554835 0.20814276]
DFTGRID,C,1e-07,10,False,False,TDD,packagedrop,0.09,[2.7804077 2.9587095 2.9925644 2.984057 ],[2.1160817 2.1443088 2.0439777 2.0217526],[583.80096 617.3002  621.8755  608.41437],[292.90802 294.50552 295.9184  288.7062 ],[6.7060184 6.729878  6.7068915 6.7175126],[1.1242931 1.1547899 1.179977  1.2002419],[8.228059 8.225114 8.221141 8.218307],[0.4063242  0.44373652 0.4743657  0.49637356]
DFTGRID,C,1e-07,30,False,False,TDD,packagedrop,0.09,[3.0058184 3.1349294 3.210571  3.1765652],[2.135889  2.042249  2.1299183 2.0731695],[577.80255 580.9483  585.98114 601.60925],[246.55463 255.27274 229.79977 238.0251 ],[5.7875557 5.8250575 5.764557  5.7254086],[1.4655132 1.3729433 1.3607987 1.4898049],[8.210542 8.202722 8.19268  8.180748],[0.5592177  0.55600965 0.5821842  0.64674735]
DFTGRID,C,3e-07,1,False,False,TDD,packagedrop,0.09,[0.7137177  0.75313926 0.7565429  0.7515852 ],[0.5760131  0.6563847  0.6605928  0.65954256],[215.43266 227.34953 228.57396 227.36203],[176.25172 199.45752 200.83694 200.8034 ],[8.01061  8.197133 8.195138 8.198319],[0.56406546 0.17699248 0.18177445 0.17674701],[8.30922  8.309395 8.309544 8.309666],[0.12782563 0.12907478 0.13059264 0.132371  ]
DFTGRID,C,3e-07,10,False,False,TDD,packagedrop,0.09,[2.1771884 2.258216  2.2422163 2.2841334],[1.3017794 1.2964623 1.2637879 1.2424568],[570.0264  586.39136 578.4215  589.7039 ],[271.09906 271.8203  264.3044  260.87476],[6.5795245 6.5695524 6.51365   6.4776015],[1.157217  1.2013824 1.2532792 1.3274773],[8.250104 8.243475 8.238306 8.233626],[0.33855358 0.37196392 0.40309045 0.43264046]
DFTGRID,C,3e-07,30,False,False,TDD,packagedrop,0.09,[2.6830328 2.776481  2.7617311 2.7388744],[1.4763412 1.4775867 1.5468426 1.5426469],[639.69006 667.87256 662.5393  652.8768 ],[261.73264 262.2908  273.79224 263.7746 ],[5.8113556 5.741872  5.8964386 5.949754 ],[1.2386338 1.2884082 1.3539371 1.3087226],[8.243394  8.2595005 8.280929  8.2970915],[0.5275148  0.56576973 0.5995795  0.6289665 ]
DFTGRID,D,3e-08,1,False,False,TDD,packagedrop,0.09,[0.79251754 0.786565   0.7865457  0.79192233],[0.80512244 0.8275337  0.8315893  0.834273  ],[238.40659 236.02478 236.09146 237.57648],[241.51141 248.21007 249.95203 250.1032 ],[8.292103 8.309517 8.309449 8.309308],[0.17847195 0.16959037 0.16994573 0.17039348],[8.314398 8.314319 8.314234 8.314145],[0.1689577  0.1692839  0.16965668 0.17007592]
DFTGRID,D,3e-08,10,False,False,TDD,packagedrop,0.09,[1.9388785 2.0455337 2.0263593 2.069744 ],[1.4954063 1.5090091 1.5142359 1.5077916],[573.29913 605.3862  600.1903  616.1598 ],[434.85046 441.32706 439.6353  443.8483 ],[8.208831 8.235765 8.241018 8.243955],[0.24734308 0.24597009 0.25013053 0.2587399 ],[8.316226 8.317209 8.319232 8.322231],[0.22064124 0.22971565 0.23861213 0.24789669]
DFTGRID,D,3e-08,30,False,False,TDD,packagedrop,0.09,[2.1301122 2.2607856 2.26957   2.2594678],[1.455957  1.4583688 1.5260124 1.5190088],[597.2198  628.5664  620.59454 621.0357 ],[379.87653 381.8006  400.6887  411.56314],[8.160903  8.173383  8.1667185 8.1561985],[0.3295802  0.34727034 0.36480373 0.39431232],[8.279626 8.265633 8.254636 8.245803],[0.3149234  0.33140603 0.3475315  0.37491977]
DFTGRID,D,1e-07,1,False,False,TDD,packagedrop,0.09,[0.8421428  0.846265   0.84672284 0.8488345 ],[0.75181484 0.78152215 0.78287905 0.7809931 ],[253.91176 255.29234 255.49702 256.16257],[228.67047 237.65274 238.18605 237.53792],[8.267978 8.303137 8.303313 8.303407],[0.1255679  0.04729559 0.04858579 0.04996134],[8.30858  8.308749 8.308917 8.309082],[0.04570846 0.04691132 0.04821616 0.04961289]
DFTGRID,D,1e-07,10,False,False,TDD,packagedrop,0.09,[2.191415  2.2811396 2.240675  2.2093801],[1.38839   1.4413599 1.4207284 1.4452666],[644.1229 669.0393 658.0167 648.1133],[393.6719  409.89536 405.36563 412.52374],[8.171848 8.217947 8.221873 8.223457],[0.17453644 0.16864733 0.18338808 0.19962539],[8.302197 8.302738 8.303449 8.304353],[0.14413556 0.16243479 0.18018848 0.19722274]
DFTGRID,D,1e-07,30,False,False,TDD,packagedrop,0.09,[2.0198312 2.0312448 2.0685072 2.0915632],[1.3522152 1.3104154 1.3218415 1.2781492],[598.5984  619.3503  620.82324 631.81537],[400.50793 418.03638 403.20798 397.96735],[8.189914 8.218487 8.221676 8.222802],[0.2874581  0.31724164 0.33871508 0.3576752 ],[8.307436 8.310596 8.312113 8.31137 ],[0.28931206 0.31602684 0.33770058 0.35521185]
DFTGRID,D,3e-07,1,False,False,TDD,packagedrop,0.09,[0.76373184 0.7387374  0.73649895 0.7355232 ],[0.7479756  0.7705493  0.7658788  0.76121086],[228.86906 221.41771 220.75354 220.46086],[224.35916 231.12825 229.76875 228.32745],[8.265063 8.300025 8.300048 8.300048],[0.12393343 0.02429276 0.02592028 0.02762493],[8.304571 8.304598 8.304624 8.304644],[0.02125929 0.02278931 0.02444145 0.02619203]
DFTGRID,D,3e-07,10,False,False,TDD,packagedrop,0.09,[1.90242   2.0487838 2.0425866 2.0339324],[1.3413609 1.4007034 1.4230152 1.4202157],[562.38745 604.1355  601.00836 598.44086],[390.99963 404.1732  407.18088 406.27643],[8.161016 8.205511 8.208706 8.209151],[0.19634847 0.17104664 0.17913215 0.19511513],[8.291802 8.291453 8.291422 8.291797],[0.13622427 0.15536554 0.17447104 0.193445  ]
DFTGRID,D,3e-07,30,False,False,TDD,packagedrop,0.09,[1.8309045 1.9000434 1.883239  1.8213636],[1.5346985 1.563213  1.593673  1.5474174],[537.59564 554.60626 545.45764 522.07263],[428.76508 436.10153 440.73727 418.827  ],[8.210206 8.214629 8.203484 8.192836],[0.27406076 0.2928514  0.32359055 0.34858394],[8.314291 8.305841 8.296564 8.287483],[0.25759736 0.28634158 0.31637365 0.34177953]
DFTGRID,A,3e-08,1,False,False,TDD,packagedrop,0.08,[0.88044935 0.913115   0.8914469  0.89264494],[0.74010956 0.78851634 0.78907    0.7938537 ],[257.98233 268.2266  262.48428 263.01785],[232.2079  247.09256 248.13026 249.52426],[8.283194 8.301048 8.310588 8.309225],[0.2371876  0.22454874 0.20454623 0.20971005],[8.330993 8.329849 8.328677 8.327478],[0.19007084 0.19461922 0.19951843 0.20474008]
DFTGRID,A,3e-08,10,False,False,TDD,packagedrop,0.08,[5.689242  5.682766  5.5220613 4.5148005],[9.255472 8.839908 9.458767 5.32649 ],[578.58417 581.1756  583.59595 590.0128 ],[317.65326 313.64648 296.4418  301.25232],[7.155413  7.168803  7.1712184 7.148505 ],[1.2760428 1.2692451 1.262652  1.3211539],[8.202797 8.202787 8.20477  8.210616],[0.5486622  0.603959   0.65337497 0.69756156]
DFTGRID,A,3e-08,30,False,False,TDD,packagedrop,0.08,[12.398807  10.038882   7.752357   7.2794805],[42.99361  26.991915 14.587291 10.04505 ],[583.31036 604.54694 603.7346  623.52747],[363.57886 377.0976  382.17963 399.0879 ],[6.912197  6.8943825 6.902335  6.920874 ],[1.4207981 1.3312296 1.3915145 1.4630438],[7.9305916 7.937528  7.938669  7.9467754],[0.94080913 0.97129947 1.0151565  1.0446168 ]
DFTGRID,A,1e-07,1,False,False,TDD,packagedrop,0.08,[0.7532111  0.74835336 0.7417281  0.73633784],[0.7648027  0.7946145  0.79025567 0.7822815 ],[207.76625 205.44211 203.012   201.7834 ],[233.8889  243.90623 239.66003 238.4826 ],[8.207551 8.237336 8.238278 8.239079],[0.5301462  0.51970536 0.5200681  0.52102685],[8.262489 8.263346 8.264196 8.265036],[0.5146195  0.5150341  0.5156064  0.51633507]
DFTGRID,A,1e-07,10,False,False,TDD,packagedrop,0.08,[3.879853  4.382182  4.40431   4.1957197],[4.0220013 5.071381  5.6983705 4.8262887],[616.5227  630.51544 624.49005 632.9921 ],[357.5682  354.86566 349.49176 348.9652 ],[7.1042194 7.106881  7.1074934 7.107564 ],[1.3836011 1.3595544 1.4263537 1.4278924],[8.144523 8.146372 8.146507 8.145758],[0.6222944 0.6648694 0.7096781 0.7541992]
DFTGRID,A,1e-07,30,False,False,TDD,packagedrop,0.08,[8.368802  6.70139   9.295194  7.0809755],[40.819996 14.964151 35.881718 18.250906],[600.1134  617.7067  599.18677 578.75977],[388.10687 370.89008 343.73993 339.4311 ],[6.776041  6.747521  6.756464  6.6576476],[1.6851404 1.6581465 1.5815363 1.5900067],[8.072836  8.0405245 7.9876432 7.931781 ],[0.9680374 1.0242085 1.0625325 1.0865595]
DFTGRID,A,3e-07,1,False,False,TDD,packagedrop,0.08,[0.85462165 0.83257926 0.8361475  0.8384405 ],[0.74520063 0.7619915  0.76408464 0.769008  ],[261.7859  255.34686 256.88828 257.4372 ],[252.1887  256.84528 258.27243 258.68713],[8.140118 8.191335 8.192672 8.193972],[0.4138325  0.36530784 0.3664995  0.3678269 ],[8.213685 8.214922 8.216152 8.217376],[0.35320455 0.35431996 0.3555505  0.35689354]
DFTGRID,A,3e-07,10,False,False,TDD,packagedrop,0.08,[2.8530025 3.1344335 3.0386493 3.1019773],[2.3488417 2.97283   2.7103512 2.7953162],[578.765   595.7401  596.20605 609.7024 ],[307.08978 310.5101  308.8804  318.47055],[7.109872 7.08819  7.079027 7.076449],[1.079231  1.113912  1.1866148 1.2761362],[8.171758 8.174995 8.178912 8.18387 ],[0.61714435 0.66222095 0.70273554 0.73701555]
DFTGRID,A,3e-07,30,False,False,TDD,packagedrop,0.08,[3.3939276 3.5348878 3.67582   3.8319583],[3.686783  4.084028  4.335353  4.7924905],[585.92725 611.12756 608.671   626.3546 ],[339.625   342.84647 353.97058 369.8246 ],[6.87391  6.886248 6.920988 6.934901],[1.4142659 1.4014215 1.4786572 1.5063803],[8.039328 8.043646 8.03752  8.038265],[0.90889144 0.95316565 1.0154774  1.050955  ]
DFTGRID,C,3e-08,1,False,False,TDD,packagedrop,0.08,[1.1131649 1.1390456 1.13665   1.1378785],[0.8157209  0.8470711  0.832924   0.84325355],[259.5992  261.22482 262.79706 262.56763],[186.81885 202.7416  204.65208 203.11658],[7.979248 8.20294  8.212532 8.213402],[0.85062987 0.19242717 0.18450376 0.18531449],[8.320241 8.321053 8.321877 8.322711],[0.1314964  0.13392694 0.13672413 0.13986447]
DFTGRID,C,3e-08,10,False,False,TDD,packagedrop,0.08,[4.7451487 5.501095  5.226115  4.8870897],[4.9749513 6.3265414 5.4067698 4.5952444],[617.7062  641.23517 644.668   652.31494],[292.02985 280.268   283.67685 287.95706],[6.640399  6.6721525 6.7002754 6.710585 ],[1.3014338 1.2610748 1.2864388 1.3310989],[8.214156 8.200949 8.206897 8.228696],[0.43586653 0.47545165 0.5107417  0.53240734]
DFTGRID,C,3e-08,30,False,False,TDD,packagedrop,0.08,[3.9184682 3.9321628 4.340802  4.7067485],[3.7116852 3.2392406 4.327703  5.331823 ],[578.93207 583.8124  598.8412  585.90015],[303.2064  306.68546 304.1971  286.12427],[6.1187043 6.1623006 6.0015435 6.176533 ],[1.833792  1.7676741 1.8924879 1.5739405],[8.26459   8.2423935 8.200481  8.146262 ],[0.59722245 0.63432664 0.6843038  0.7340101 ]
DFTGRID,C,1e-07,1,False,False,TDD,packagedrop,0.08,[0.83415765 0.8102957  0.8072949  0.8043422 ],[0.6589027  0.68926567 0.6950771  0.68821055],[230.79501 224.65617 223.45396 222.45656],[205.01125 215.59253 215.74287 214.42653],[8.000289 8.179261 8.187396 8.1868  ],[0.7541667  0.25957263 0.23946935 0.24205159],[8.287666  8.286729  8.285783  8.2848215],[0.20094848 0.20314613 0.20554835 0.20814276]
DFTGRID,C,1e-07,10,False,False,TDD,packagedrop,0.08,[2.781419  2.9641352 2.942262  3.0210693],[2.15112   2.1078904 1.9898473 2.0363584],[590.1318  617.40674 617.4602  624.4917 ],[299.69473 288.0724  300.6292  304.3081 ],[6.7131624 6.7176304 6.7241583 6.7249007],[1.1480533 1.1444381 1.1927983 1.1995436],[8.228059 8.225114 8.221141 8.218307],[0.4063242  0.44373652 0.4743657  0.49637356]
DFTGRID,C,1e-07,30,False,False,TDD,packagedrop,0.08,[3.0787475 3.169229  3.2468424 3.1957624],[2.171077  1.9697118 2.125721  2.0366573],[592.2568  600.40564 600.9488  605.72534],[265.41006 244.95302 235.34512 222.84976],[5.812691  5.806824  5.7805104 5.739815 ],[1.5053823 1.3840076 1.392934  1.4598632],[8.210542 8.202722 8.19268  8.180748],[0.5592177  0.55600965 0.5821842  0.64674735]
DFTGRID,C,3e-07,1,False,False,TDD,packagedrop,0.08,[0.7662196  0.75905275 0.7519103  0.75003934],[0.62307787 0.6622277  0.6612835  0.6566159 ],[231.83368 228.98984 227.24307 226.91705],[189.98372 200.83867 201.24734 200.10226],[8.010483 8.156673 8.180742 8.198898],[0.73113835 0.34913725 0.23285024 0.17710967],[8.30922  8.309395 8.309544 8.309666],[0.12782563 0.12907478 0.13059264 0.132371  ]
DFTGRID,C,3e-07,10,False,False,TDD,packagedrop,0.08,[2.1877706 2.2678118 2.2429328 2.2478979],[1.3582394 1.3134583 1.2756559 1.2564281],[571.9096  587.58936 580.3157  579.5659 ],[281.2717  273.60544 267.80292 266.48624],[6.4980907 6.576322  6.517954  6.4907026],[1.2539889 1.1905308 1.2625215 1.3019456],[8.250104 8.243475 8.238306 8.233626],[0.33855358 0.37196392 0.40309045 0.43264046]
DFTGRID,C,3e-07,30,False,False,TDD,packagedrop,0.08,[2.6229026 2.7445269 2.7120087 2.8104448],[1.4667282 1.4962583 1.5475891 1.5765737],[639.4111  657.9557  652.14014 679.53925],[284.4202  259.5916  264.44064 275.18918],[5.828809  5.7992277 5.847358  5.9842186],[1.2315373 1.3327281 1.370329  1.3295274],[8.243394  8.2595005 8.280929  8.2970915],[0.5275148  0.56576973 0.5995795  0.6289665 ]
DFTGRID,D,3e-08,1,False,False,TDD,packagedrop,0.08,[0.79569936 0.7884012  0.78580785 0.7859971 ],[0.80547696 0.8246408  0.8230727  0.8234258 ],[239.50604 236.92166 235.76727 235.8639 ],[243.10545 247.86684 247.00394 247.24153],[8.278131  8.296352  8.3094425 8.309344 ],[0.20657623 0.17869535 0.16993596 0.17036892],[8.314398 8.314319 8.314234 8.314145],[0.1689577  0.1692839  0.16965668 0.17007592]
DFTGRID,D,3e-08,10,False,False,TDD,packagedrop,0.08,[2.0276344 2.0615835 2.0798857 2.019362 ],[1.517387  1.4984587 1.5159228 1.4802599],[600.6334 610.0856 614.3317 603.6434],[444.79382 437.391   439.29846 439.3484 ],[8.225458 8.238623 8.240746 8.243868],[0.23832387 0.2424174  0.25032568 0.25873592],[8.316226 8.317209 8.319232 8.322231],[0.22064124 0.22971565 0.23861213 0.24789669]
DFTGRID,D,3e-08,30,False,False,TDD,packagedrop,0.08,[2.0451813 2.1798627 2.295474  2.3164666],[1.4505726 1.5144511 1.448354  1.4901863],[571.96704 605.54767 635.00256 637.1349 ],[374.85086 402.53183 379.90982 390.2918 ],[8.143035 8.17469  8.163137 8.156432],[0.34592396 0.34223834 0.3614885  0.39520246],[8.279626 8.265633 8.254636 8.245803],[0.3149234  0.33140603 0.3475315  0.37491977]
DFTGRID,D,1e-07,1,False,False,TDD,packagedrop,0.08,[0.87759554 0.84369135 0.845765   0.8452811 ],[0.74169284 0.773393   0.7802503  0.77260584],[264.39478 254.5689  255.18521 255.02269],[225.61566 235.35397 237.35826 234.92445],[8.263431 8.303134 8.30328  8.303394],[0.13709009 0.0472703  0.04858259 0.04998816],[8.30858  8.308749 8.308917 8.309082],[0.04570846 0.04691132 0.04821616 0.04961289]
DFTGRID,D,1e-07,10,False,False,TDD,packagedrop,0.08,[2.2000644 2.27923   2.2785597 2.252661 ],[1.4444996 1.4243507 1.3906099 1.4081441],[647.77216 669.0321  670.27625 662.1317 ],[413.97678 405.7527  398.09314 404.12897],[8.194879 8.217474 8.22185  8.223312],[0.18063903 0.16981325 0.1836615  0.19986533],[8.302197 8.302738 8.303449 8.304353],[0.14413556 0.16243479 0.18018848 0.19722274]
DFTGRID,D,1e-07,30,False,False,TDD,packagedrop,0.08,[1.9595944 2.0973268 2.1104739 2.060637 ],[1.3358076 1.3819724 1.3621116 1.3321235],[583.418   625.6602  629.4111  614.89655],[399.35907 410.1072  404.47235 401.78265],[8.173018 8.218321 8.221706 8.223685],[0.3176968  0.3181529  0.33906665 0.35795814],[8.307436 8.310596 8.312113 8.31137 ],[0.28931206 0.31602684 0.33770058 0.35521185]
DFTGRID,D,3e-07,1,False,False,TDD,packagedrop,0.08,[0.7194795 0.7383486 0.7388589 0.735456 ],[0.7088963  0.76549643 0.7696726  0.7636933 ],[215.72928 221.30188 221.47481 220.43317],[212.67781 229.62224 230.92188 229.02669],[8.260054 8.299987 8.300026 8.299997],[0.12865385 0.0243649  0.02593681 0.02770748],[8.304571 8.304598 8.304624 8.304644],[0.02125929 0.02278931 0.02444145 0.02619203]
DFTGRID,D,3e-07,10,False,False,TDD,packagedrop,0.08,[1.8770878 2.0037925 2.0551941 2.0660992],[1.3681011 1.3821517 1.4383446 1.4123406],[553.9787  592.0256  604.98413 608.5011 ],[394.85074 400.47412 412.7807  403.65863],[8.169063 8.200491 8.208979 8.209292],[0.18627538 0.17471045 0.17818731 0.19559328],[8.291802 8.291453 8.291422 8.291797],[0.13622427 0.15536554 0.17447104 0.193445  ]
DFTGRID,D,3e-07,30,False,False,TDD,packagedrop,0.08,[1.8152483 1.8208919 1.9604    1.9467154],[1.5432183 1.5485988 1.6000484 1.6235241],[530.1128  531.1101  563.11975 552.3389 ],[425.933   429.05487 430.36356 427.07184],[8.203387  8.215122  8.20433   8.1935835],[0.26591387 0.29286656 0.32194573 0.3483965 ],[8.314291 8.305841 8.296564 8.287483],[0.25759736 0.28634158 0.31637365 0.34177953]
DFTGRID,A,3e-08,1,False,False,TDD,packagedrop,0.07,[0.89142036 0.89684486 0.8945266  0.89550054],[0.7446628  0.79750645 0.79199106 0.7962238 ],[261.11444 263.46228 263.2036  263.63766],[233.10304 250.08183 248.42079 249.60971],[8.267543 8.311712 8.310528 8.309252],[0.2734994  0.19970272 0.20460513 0.20991093],[8.330993 8.329849 8.328677 8.327478],[0.19007084 0.19461922 0.19951843 0.20474008]
DFTGRID,A,3e-08,10,False,False,TDD,packagedrop,0.07,[5.6493416 5.784755  5.5439816 4.545394 ],[9.242623  8.816545  9.432375  5.4626737],[580.54834 593.24725 591.1843  586.6587 ],[320.31003 318.10135 308.53943 293.38177],[7.2149563 7.1850224 7.1628814 7.1457777],[1.2777549 1.2505442 1.25976   1.3255309],[8.202797 8.202787 8.20477  8.210616],[0.5486622  0.603959   0.65337497 0.69756156]
DFTGRID,A,3e-08,30,False,False,TDD,packagedrop,0.07,[12.283095   9.919624   7.824409   7.1215267],[42.990887 26.940115 14.898924 10.024702],[580.8421  596.9069  609.9769  590.43555],[360.75983 374.1148  379.0681  383.45093],[6.859984  6.895752  6.9162154 6.91752  ],[1.4124869 1.3200009 1.3186704 1.4574087],[7.9305916 7.937528  7.938669  7.9467754],[0.94080913 0.97129947 1.0151565  1.0446168 ]
DFTGRID,A,1e-07,1,False,False,TDD,packagedrop,0.07,[0.74550486 0.75937325 0.7449405  0.73665893],[0.74891657 0.79846203 0.8023894  0.7855043 ],[207.99234 209.98007 204.82759 201.89165],[234.55273 246.84099 248.49277 239.24635],[8.19939   8.2331915 8.238335  8.2392645],[0.56439006 0.51678234 0.52013123 0.5211012 ],[8.262489 8.263346 8.264196 8.265036],[0.5146195  0.5150341  0.5156064  0.51633507]
DFTGRID,A,1e-07,10,False,False,TDD,packagedrop,0.07,[4.194195  4.366911  4.41724   4.0786114],[4.3822255 5.0226617 5.6941786 4.4992905],[622.4672 626.0239 626.8856 620.2708],[362.8354  350.46826 348.56433 358.4824 ],[7.0919204 7.098317  7.1020827 7.1133575],[1.3800505 1.4067512 1.4295602 1.4300945],[8.144523 8.146372 8.146507 8.145758],[0.6222944 0.6648694 0.7096781 0.7541992]
DFTGRID,A,1e-07,30,False,False,TDD,packagedrop,0.07,[8.73449  6.412398 9.383914 6.992307],[40.80612  14.693578 35.832443 18.055399],[623.7436  625.27264 619.2361  584.2727 ],[404.55795 364.9192  354.18484 319.25662],[6.76991   6.7154393 6.7519813 6.698539 ],[1.6252346 1.6877757 1.5961156 1.5943096],[8.072836  8.0405245 7.9876432 7.931781 ],[0.9680374 1.0242085 1.0625325 1.0865595]
DFTGRID,A,3e-07,1,False,False,TDD,packagedrop,0.07,[0.8665419  0.8225987  0.8250597  0.83850706],[0.7266475 0.7522057 0.7575957 0.7700114],[264.54468 251.44003 252.66035 257.47852],[244.75612 251.65985 254.06636 258.6271 ],[8.12088  8.185041 8.186352 8.193722],[0.41972578 0.36322814 0.36415297 0.36795753],[8.213685 8.214922 8.216152 8.217376],[0.35320455 0.35431996 0.3555505  0.35689354]
DFTGRID,A,3e-07,10,False,False,TDD,packagedrop,0.07,[2.9269388 3.1527376 3.0880167 3.08742  ],[2.5406466 2.9345522 2.7226017 2.8316717],[564.56366 600.765   606.81415 603.08514],[301.12    302.36734 307.58768 310.3278 ],[7.091536  7.0756683 7.079425  7.0762634],[1.0624343 1.1090875 1.1854204 1.275197 ],[8.171758 8.174995 8.178912 8.18387 ],[0.61714435 0.66222095 0.70273554 0.73701555]
DFTGRID,A,3e-07,30,False,False,TDD,packagedrop,0.07,[3.4524329 3.5865552 3.7756307 3.8452969],[3.68195   4.0812645 4.525212  4.633554 ],[596.1669  613.98083 625.43274 633.126  ],[342.7324  336.49533 349.10327 379.22464],[6.8195133 6.8788366 6.916343  6.9256325],[1.3849226 1.4046341 1.4871627 1.5194838],[8.039328 8.043646 8.03752  8.038265],[0.90889144 0.95316565 1.0154774  1.050955  ]
DFTGRID,C,3e-08,1,False,False,TDD,packagedrop,0.07,[1.103541  1.1326817 1.1430396 1.134812 ],[0.82738125 0.8442222  0.8431791  0.8441565 ],[250.49336 259.60406 263.3301  261.64032],[190.05911 202.25845 204.12003 202.84526],[8.119561 8.203482 8.211859 8.213872],[0.51947427 0.19287604 0.1854349  0.18565293],[8.320241 8.321053 8.321877 8.322711],[0.1314964  0.13392694 0.13672413 0.13986447]
DFTGRID,C,3e-08,10,False,False,TDD,packagedrop,0.07,[4.7209487 5.4886737 5.251792  4.877406 ],[4.957303  6.326978  5.5101585 4.6280985],[613.9031 635.1397 646.6575 646.7293],[292.4648  280.37613 281.7188  291.94785],[6.555778  6.6825666 6.6976666 6.7061176],[1.3310148 1.251389  1.2864915 1.327658 ],[8.214156 8.200949 8.206897 8.228696],[0.43586653 0.47545165 0.5107417  0.53240734]
DFTGRID,C,3e-08,30,False,False,TDD,packagedrop,0.07,[4.0919843 3.961391  4.1601143 4.8130245],[3.92704   3.2534692 3.659309  5.4680705],[594.5862  591.26666 590.4447  580.99896],[313.61996 322.0714  316.05026 273.07724],[6.0081763 6.136982  6.054001  6.193809 ],[1.9416935 1.7878798 1.8352318 1.5256184],[8.26459   8.2423935 8.200481  8.146262 ],[0.59722245 0.63432664 0.6843038  0.7340101 ]
DFTGRID,C,1e-07,1,False,False,TDD,packagedrop,0.07,[0.8054602  0.7985911  0.81072974 0.80697626],[0.65613264 0.68057305 0.6937288  0.69020915],[225.4271  221.571   224.39427 223.28181],[204.3561  213.22292 216.32288 215.13077],[8.110963 8.189256 8.186739 8.186955],[0.4145473  0.23689    0.24089776 0.24143203],[8.287666  8.286729  8.285783  8.2848215],[0.20094848 0.20314613 0.20554835 0.20814276]
DFTGRID,C,1e-07,10,False,False,TDD,packagedrop,0.07,[2.8670967 2.8778236 2.9483585 2.948131 ],[2.0769799 2.0478938 1.9920554 1.9934412],[601.12805 603.76733 620.18604 611.801  ],[288.41196 279.5785  292.63556 302.67377],[6.6619816 6.6966295 6.714425  6.702577 ],[1.1679994 1.1666958 1.1693856 1.209173 ],[8.228059 8.225114 8.221141 8.218307],[0.4063242  0.44373652 0.4743657  0.49637356]
DFTGRID,C,1e-07,30,False,False,TDD,packagedrop,0.07,[3.0823867 3.2896764 3.3015935 3.1261666],[2.1506593 2.1035388 2.1693997 2.0220299],[598.3998  615.8268  604.6415  593.73364],[266.6984  245.21034 229.64891 236.45297],[5.8749895 5.739774  5.769246  5.728019 ],[1.4307343 1.4166808 1.3747805 1.5016655],[8.210542 8.202722 8.19268  8.180748],[0.5592177  0.55600965 0.5821842  0.64674735]
DFTGRID,C,3e-07,1,False,False,TDD,packagedrop,0.07,[0.7602703  0.7506473  0.75394875 0.7481801 ],[0.62616193 0.65866935 0.66324043 0.653314  ],[229.27908 226.73691 227.99123 226.36783],[191.67145 199.97473 202.1945  198.92413],[8.007038 8.197399 8.197187 8.199   ],[0.7049819  0.17654063 0.17929128 0.17701378],[8.30922  8.309395 8.309544 8.309666],[0.12782563 0.12907478 0.13059264 0.132371  ]
DFTGRID,C,3e-07,10,False,False,TDD,packagedrop,0.07,[2.1957693 2.2655404 2.2640188 2.2666147],[1.3456565 1.2816868 1.2620196 1.2641143],[568.4697  587.68994 585.5702  584.1663 ],[275.9482  266.74896 264.2442  265.32828],[6.5270457 6.5636654 6.52172   6.4960237],[1.1901089 1.2201427 1.268689  1.299922 ],[8.250104 8.243475 8.238306 8.233626],[0.33855358 0.37196392 0.40309045 0.43264046]
DFTGRID,C,3e-07,30,False,False,TDD,packagedrop,0.07,[2.7226222 2.7591724 2.7903147 2.760157 ],[1.5002673 1.480862  1.5855981 1.614264 ],[646.4043  662.66406 669.96075 657.9758 ],[278.23328 272.08716 275.46518 274.8678 ],[5.9070115 5.8082943 5.8936634 5.987593 ],[1.2948198 1.352888  1.3879336 1.328601 ],[8.243394  8.2595005 8.280929  8.2970915],[0.5275148  0.56576973 0.5995795  0.6289665 ]
DFTGRID,D,3e-08,1,False,False,TDD,packagedrop,0.07,[0.7771084  0.79546714 0.78403765 0.78423804],[0.79959244 0.82608    0.82406205 0.82727104],[233.13127 239.0131  235.30342 235.28207],[239.59439 248.52496 247.39572 248.10457],[8.282932 8.305467 8.309467 8.309372],[0.19563544 0.17225897 0.1699402  0.1703606 ],[8.314398 8.314319 8.314234 8.314145],[0.1689577  0.1692839  0.16965668 0.17007592]
DFTGRID,D,3e-08,10,False,False,TDD,packagedrop,0.07,[2.0012178 2.0580866 2.0662763 2.0710943],[1.5216196 1.5456983 1.5260774 1.5062327],[589.456   607.26587 612.7138  616.3235 ],[438.70364 448.33542 446.3407  442.45538],[8.207922 8.238875 8.240795 8.244442],[0.25274175 0.24222715 0.2502231  0.2592956 ],[8.316226 8.317209 8.319232 8.322231],[0.22064124 0.22971565 0.23861213 0.24789669]
DFTGRID,D,3e-08,30,False,False,TDD,packagedrop,0.07,[2.0389488 2.2304175 2.2731133 2.3299336],[1.423846  1.5121894 1.473577  1.4338652],[574.45605 618.5913  627.80493 648.20013],[376.4322  398.32843 391.18216 404.61578],[8.148428 8.179202 8.165886 8.15679 ],[0.3672454  0.3459901  0.36529213 0.39505106],[8.279626 8.265633 8.254636 8.245803],[0.3149234  0.33140603 0.3475315  0.37491977]
DFTGRID,D,1e-07,1,False,False,TDD,packagedrop,0.07,[0.84868866 0.83955663 0.8421328  0.8465965 ],[0.7411197 0.7726493 0.7779148 0.7832595],[255.57994 253.30031 254.12144 255.42813],[223.89632 235.0604  236.73848 238.08968],[8.275546 8.303139 8.303301 8.303434],[0.10909762 0.04726095 0.04858104 0.05010783],[8.30858  8.308749 8.308917 8.309082],[0.04570846 0.04691132 0.04821616 0.04961289]
DFTGRID,D,1e-07,10,False,False,TDD,packagedrop,0.07,[2.1517246 2.23775   2.2531416 2.2715588],[1.3908684 1.4187454 1.4190664 1.4210117],[634.93646 658.1168  661.20703 668.2129 ],[401.21765 406.4536  404.0325  407.05566],[8.196815 8.216503 8.222219 8.223527],[0.17749526 0.1752637  0.18337426 0.19980027],[8.302197 8.302738 8.303449 8.304353],[0.14413556 0.16243479 0.18018848 0.19722274]
DFTGRID,D,1e-07,30,False,False,TDD,packagedrop,0.07,[2.043059  2.081839  2.0010047 2.0388746],[1.3552289 1.3611789 1.3381921 1.3499527],[610.314   622.33734 601.7545  613.12006],[409.80124 408.36856 407.1411  414.67038],[8.193511 8.214572 8.222439 8.222716],[0.3171424  0.31537122 0.33901092 0.35790148],[8.307436 8.310596 8.312113 8.31137 ],[0.28931206 0.31602684 0.33770058 0.35521185]
DFTGRID,D,3e-07,1,False,False,TDD,packagedrop,0.07,[0.77332306 0.7240148  0.735593   0.7392109 ],[0.721856   0.74331826 0.7613233  0.7676989 ],[231.8108  217.02531 220.47836 221.57011],[216.59543 223.05789 228.35138 230.27966],[8.256887 8.291511 8.300014 8.300013],[0.12995985 0.0628317  0.02598196 0.0276334 ],[8.304571 8.304598 8.304624 8.304644],[0.02125929 0.02278931 0.02444145 0.02619203]
DFTGRID,D,3e-07,10,False,False,TDD,packagedrop,0.07,[1.9480442 2.033507  2.044942  2.0541434],[1.3946654 1.4058    1.4144448 1.420485 ],[575.7109  599.80396 602.59705 604.38556],[405.2331  405.5822  406.34286 404.65195],[8.180584 8.205313 8.208618 8.209042],[0.1803572  0.16520177 0.17909662 0.1957972 ],[8.291802 8.291453 8.291422 8.291797],[0.13622427 0.15536554 0.17447104 0.193445  ]
DFTGRID,D,3e-07,30,False,False,TDD,packagedrop,0.07,[1.8076493 1.937095  1.810305  1.8953317],[1.4928167 1.5947973 1.5865525 1.5995333],[529.5277  560.42084 521.242   539.0359 ],[412.847   435.49014 429.47595 421.86847],[8.18886  8.215243 8.203583 8.193672],[0.2795852  0.29267284 0.323523   0.3478827 ],[8.314291 8.305841 8.296564 8.287483],[0.25759736 0.28634158 0.31637365 0.34177953]
DFTGRID,A,3e-08,1,False,False,TDD,packagedrop,0.06,[0.90358526 0.8989035  0.8956597  0.9046546 ],[0.77513504 0.80063325 0.7943015  0.80445135],[265.93204 265.75897 263.71448 266.56052],[244.35251 254.0359  249.81938 252.70052],[8.268613 8.295169 8.310471 8.309157],[0.27461356 0.23253298 0.20458165 0.20977725],[8.330993 8.329849 8.328677 8.327478],[0.19007084 0.19461922 0.19951843 0.20474008]
DFTGRID,A,3e-08,10,False,False,TDD,packagedrop,0.06,[5.5939136 5.7697964 5.528101  4.5393414],[8.955066 8.78392  9.428492 5.272734],[584.69604 599.04956 594.65717 597.3921 ],[320.29968 308.24768 296.4856  300.90588],[7.18673   7.1732545 7.163858  7.140922 ],[1.2530572 1.2540164 1.2708247 1.3293421],[8.202797 8.202787 8.20477  8.210616],[0.5486622  0.603959   0.65337497 0.69756156]
DFTGRID,A,3e-08,30,False,False,TDD,packagedrop,0.06,[12.311401  10.039621   7.7636304  7.3403554],[42.965027 26.765797 14.904944 10.114026],[589.20636 622.73267 598.4517  635.8609 ],[364.94318 386.26422 368.61423 406.51917],[6.838889  6.8933015 6.915056  6.9159245],[1.4139025 1.3238798 1.3386374 1.4640521],[7.9305916 7.937528  7.938669  7.9467754],[0.94080913 0.97129947 1.0151565  1.0446168 ]
DFTGRID,A,1e-07,1,False,False,TDD,packagedrop,0.06,[0.75632524 0.7373407  0.73483115 0.7376201 ],[0.7636883 0.7852399 0.7824924 0.784506 ],[208.33043 201.88797 201.29623 202.15353],[234.10425 239.44264 238.55167 239.03003],[8.174453  8.2375345 8.238421  8.239327 ],[0.63317126 0.5196608  0.5202336  0.5210491 ],[8.262489 8.263346 8.264196 8.265036],[0.5146195  0.5150341  0.5156064  0.51633507]
DFTGRID,A,1e-07,10,False,False,TDD,packagedrop,0.06,[4.183113  4.3977942 4.436884  4.105466 ],[4.428394  5.0334764 5.69052   4.4934163],[618.9594  633.2625  631.1434  623.42676],[362.11902 355.1161  348.6986  348.44226],[7.0861406 7.100855  7.102467  7.107275 ],[1.4324641 1.4068503 1.4287523 1.4286239],[8.144523 8.146372 8.146507 8.145758],[0.6222944 0.6648694 0.7096781 0.7541992]
DFTGRID,A,1e-07,30,False,False,TDD,packagedrop,0.06,[8.6777725 6.7293158 9.249506  7.0705748],[40.80231  14.922263 35.864113 19.373919],[617.3226 625.6981 605.0885 572.9585],[368.50192 364.0472  357.8577  344.63248],[6.7345867 6.758747  6.750118  6.659101 ],[1.6361817 1.6517109 1.6041723 1.5947739],[8.072836  8.0405245 7.9876432 7.931781 ],[0.9680374 1.0242085 1.0625325 1.0865595]
DFTGRID,A,3e-07,1,False,False,TDD,packagedrop,0.06,[0.85985285 0.8358225  0.8338451  0.83345383],[0.7288619  0.76383305 0.7616309  0.7633464 ],[264.57648 256.68402 255.8769  256.0389 ],[248.58228 258.26434 256.86612 258.14587],[8.141967  8.1914625 8.192585  8.19395  ],[0.43202662 0.36520246 0.36662415 0.36795068],[8.213685 8.214922 8.216152 8.217376],[0.35320455 0.35431996 0.3555505  0.35689354]
DFTGRID,A,3e-07,10,False,False,TDD,packagedrop,0.06,[2.966583  3.139584  3.0651422 3.1018283],[2.506732  2.9788964 2.71205   2.8044803],[580.55426 593.9464  600.85815 610.40466],[304.76468 302.33615 306.52988 315.6558 ],[7.100126  7.0800886 7.0772614 7.0693874],[1.036123  1.115059  1.1882856 1.2734764],[8.171758 8.174995 8.178912 8.18387 ],[0.61714435 0.66222095 0.70273554 0.73701555]
DFTGRID,A,3e-07,30,False,False,TDD,packagedrop,0.06,[3.3698773 3.5900626 3.7857742 3.883219 ],[3.6764078 4.0866394 4.5845037 4.6243873],[583.88354 613.07495 625.468   640.2725 ],[346.20645 345.91867 346.47104 342.39056],[6.8568325 6.883789  6.9216127 6.9262567],[1.3934743 1.4098543 1.4824067 1.5278223],[8.039328 8.043646 8.03752  8.038265],[0.90889144 0.95316565 1.0154774  1.050955  ]
DFTGRID,C,3e-08,1,False,False,TDD,packagedrop,0.06,[1.1519482 1.1467338 1.1344478 1.1405613],[0.8422056  0.84166306 0.8304114  0.8474391 ],[267.51535 264.24136 262.16446 263.51294],[199.89188 203.42554 203.55853 205.12436],[8.103019 8.185946 8.212877 8.213387],[0.4674494  0.31003952 0.18444806 0.18558268],[8.320241 8.321053 8.321877 8.322711],[0.1314964  0.13392694 0.13672413 0.13986447]
DFTGRID,C,3e-08,10,False,False,TDD,packagedrop,0.06,[4.2970853 5.509157  5.2174087 4.8609343],[4.2322364 6.319451  5.4783134 4.5017886],[610.62646 640.83636 643.7371  650.2001 ],[290.60388 279.02783 280.9551  287.35272],[6.704411  6.687107  6.698094  6.6920686],[1.1845652 1.2588348 1.2810836 1.365108 ],[8.214156 8.200949 8.206897 8.228696],[0.43586653 0.47545165 0.5107417  0.53240734]
DFTGRID,C,3e-08,30,False,False,TDD,packagedrop,0.06,[4.1545367 4.0023904 4.3599286 4.700622 ],[3.9010704 3.3022308 4.0580587 5.337266 ],[590.2901  604.59766 605.7331  582.12524],[311.55255 332.22238 307.9556  287.49283],[6.0402007 6.1538877 5.968083  6.177375 ],[1.9434097 1.7800255 1.9202268 1.5762897],[8.26459   8.2423935 8.200481  8.146262 ],[0.59722245 0.63432664 0.6843038  0.7340101 ]
DFTGRID,C,1e-07,1,False,False,TDD,packagedrop,0.06,[0.79699737 0.80846953 0.8016777  0.8044024 ],[0.6779184  0.694742   0.68215865 0.6904716 ],[224.49286 224.19804 222.14351 222.46716],[213.3106  216.8657  213.32428 214.90872],[8.108973 8.188267 8.18776  8.18672 ],[0.4795824  0.23844634 0.23937522 0.24175131],[8.287666  8.286729  8.285783  8.2848215],[0.20094848 0.20314613 0.20554835 0.20814276]
DFTGRID,C,1e-07,10,False,False,TDD,packagedrop,0.06,[2.923048  2.992673  3.0068595 3.0197003],[2.1061585 2.0903664 2.0263758 2.0144362],[612.7105  627.5027  628.4132  626.98694],[288.37988 292.93604 290.42313 297.71338],[6.717342  6.7443542 6.726625  6.7292833],[1.1456147 1.1444634 1.159436  1.207396 ],[8.228059 8.225114 8.221141 8.218307],[0.4063242  0.44373652 0.4743657  0.49637356]
DFTGRID,C,1e-07,30,False,False,TDD,packagedrop,0.06,[3.0182924 3.1983109 3.349196  3.128737 ],[2.0536063 1.9608079 2.14965   2.002528 ],[588.1475  594.008   618.1261  601.87714],[270.4781  242.19347 239.95314 234.1186 ],[5.732599  5.7574754 5.7534337 5.7514315],[1.4892408 1.3630203 1.4162737 1.5194572],[8.210542 8.202722 8.19268  8.180748],[0.5592177  0.55600965 0.5821842  0.64674735]
DFTGRID,C,3e-07,1,False,False,TDD,packagedrop,0.06,[0.74175924 0.741252   0.75079274 0.75386816],[0.6149467  0.6489328  0.65619344 0.66746366],[223.90546 223.72258 226.90057 227.87244],[186.97212 195.62941 199.60211 202.39275],[8.053841 8.166017 8.198056 8.198326],[0.5770081  0.278937   0.17707932 0.17744079],[8.30922  8.309395 8.309544 8.309666],[0.12782563 0.12907478 0.13059264 0.132371  ]
DFTGRID,C,3e-07,10,False,False,TDD,packagedrop,0.06,[2.171636  2.219823  2.2677734 2.2614007],[1.3168372 1.3040487 1.3039929 1.2451863],[561.742  574.2964 584.5313 583.6512],[272.99225 273.90668 266.2298  263.21646],[6.6019964 6.564311  6.5291734 6.4901276],[1.1776673 1.2140957 1.2640048 1.3053515],[8.250104 8.243475 8.238306 8.233626],[0.33855358 0.37196392 0.40309045 0.43264046]
DFTGRID,C,3e-07,30,False,False,TDD,packagedrop,0.06,[2.694284  2.78998   2.7773492 2.835491 ],[1.4558057 1.5069095 1.5422292 1.7059848],[643.7912  666.05194 668.45685 675.8189 ],[271.44104 275.01315 273.24368 267.91898],[5.8022933 5.819851  5.8633513 5.9886074],[1.2493635 1.3181293 1.358764  1.3040423],[8.243394  8.2595005 8.280929  8.2970915],[0.5275148  0.56576973 0.5995795  0.6289665 ]
DFTGRID,D,3e-08,1,False,False,TDD,packagedrop,0.06,[0.8002464  0.7831404  0.7884483  0.79174393],[0.79237604 0.826603   0.83182436 0.8362994 ],[239.8816  234.69926 236.33621 237.48346],[238.99455 247.14574 248.72432 250.70906],[8.270392 8.305057 8.309444 8.309293],[0.22358467 0.17254613 0.16998833 0.17035873],[8.314398 8.314319 8.314234 8.314145],[0.1689577  0.1692839  0.16965668 0.17007592]
DFTGRID,D,3e-08,10,False,False,TDD,packagedrop,0.06,[1.9537772 2.0412817 2.0725024 2.091461 ],[1.5016047 1.534286  1.5234166 1.504316 ],[578.1107  602.7845  614.50757 621.3169 ],[439.83618 447.54196 445.7564  440.77798],[8.216103 8.23578  8.24085  8.244286],[0.23909508 0.24444108 0.25087044 0.2587059 ],[8.316226 8.317209 8.319232 8.322231],[0.22064124 0.22971565 0.23861213 0.24789669]
DFTGRID,D,3e-08,30,False,False,TDD,packagedrop,0.06,[2.1609733 2.2003615 2.254032  2.2791362],[1.4774153 1.5084535 1.5112561 1.5042027],[603.64514 608.4729  620.51263 624.64404],[385.81427 391.36786 393.25177 399.7157 ],[8.179371 8.179225 8.165992 8.155707],[0.3312541  0.34633893 0.3668282  0.3956599 ],[8.279626 8.265633 8.254636 8.245803],[0.3149234  0.33140603 0.3475315  0.37491977]
DFTGRID,D,1e-07,1,False,False,TDD,packagedrop,0.06,[0.8309748  0.8411555  0.84480745 0.84515625],[0.7393785  0.77211773 0.7768364  0.7768147 ],[250.57205 253.7821  254.93623 255.10184],[224.63657 234.9087  236.3997  236.44547],[8.279699 8.303125 8.303301 8.303437],[0.10834078 0.04730332 0.04859174 0.04994654],[8.30858  8.308749 8.308917 8.309082],[0.04570846 0.04691132 0.04821616 0.04961289]
DFTGRID,D,1e-07,10,False,False,TDD,packagedrop,0.06,[2.1058443 2.2483463 2.2472076 2.2687309],[1.3569266 1.4061007 1.4055578 1.4085224],[620.6775  661.474   659.80853 665.9451 ],[391.0347  402.28854 400.97366 402.10806],[8.182282 8.216656 8.221988 8.223366],[0.19149101 0.17528139 0.18342915 0.19984117],[8.302197 8.302738 8.303449 8.304353],[0.14413556 0.16243479 0.18018848 0.19722274]
DFTGRID,D,1e-07,30,False,False,TDD,packagedrop,0.06,[2.0508747 2.076964  2.0517294 2.1091201],[1.3429358 1.3620144 1.3189006 1.3267454],[609.3703  620.3544  618.54614 635.05237],[400.5569  409.9291  403.33417 409.52457],[8.186812 8.218526 8.222635 8.222873],[0.3039836  0.3182055  0.3388927  0.35792696],[8.307436 8.310596 8.312113 8.31137 ],[0.28931206 0.31602684 0.33770058 0.35521185]
DFTGRID,D,3e-07,1,False,False,TDD,packagedrop,0.06,[0.6849754  0.7371123  0.73969954 0.73318654],[0.68633753 0.76511    0.7684605  0.7603527 ],[205.36606 220.91855 221.71661 219.7551 ],[206.00365 229.45354 230.49713 228.04143],[8.265558 8.300007 8.30003  8.30004 ],[0.11731654 0.02430426 0.02589615 0.02767049],[8.304571 8.304598 8.304624 8.304644],[0.02125929 0.02278931 0.02444145 0.02619203]
DFTGRID,D,3e-07,10,False,False,TDD,packagedrop,0.06,[1.9819229 2.0619636 2.0386543 2.0538087],[1.409789  1.3915339 1.404965  1.4170501],[585.6051  608.2969  601.32166 604.30133],[408.99762 402.14197 404.99884 405.29913],[8.189733  8.208369  8.2089815 8.209435 ],[0.16547462 0.16312902 0.17885055 0.19514494],[8.291802 8.291453 8.291422 8.291797],[0.13622427 0.15536554 0.17447104 0.193445  ]
DFTGRID,D,3e-07,30,False,False,TDD,packagedrop,0.06,[1.8054342 1.8646448 1.8692031 1.9437321],[1.5289153 1.5469066 1.56216   1.670305 ],[529.09607 541.67303 536.87744 546.1699 ],[425.1097  425.89587 422.13187 432.6115 ],[8.215048 8.214834 8.203318 8.193618],[0.26922643 0.29282337 0.32368103 0.34910214],[8.314291 8.305841 8.296564 8.287483],[0.25759736 0.28634158 0.31637365 0.34177953]
DFTGRID,A,3e-08,1,False,False,TDD,packagedrop,0.05,[0.9042606  0.89683455 0.9014317  0.8931264 ],[0.7765908  0.7946916  0.79975855 0.79208595],[267.44962 263.562   265.2701  263.1617 ],[245.33589 249.43109 250.48343 249.01933],[8.270514 8.311646 8.310334 8.309351],[0.27001265 0.19970028 0.20442922 0.20987162],[8.330993 8.329849 8.328677 8.327478],[0.19007084 0.19461922 0.19951843 0.20474008]
DFTGRID,A,3e-08,10,False,False,TDD,packagedrop,0.05,[5.5092187 5.70804   5.5325317 4.532178 ],[9.079432 8.803582 9.453817 5.257151],[572.18427 581.44495 592.09564 599.77673],[323.17502 300.51514 306.98016 294.70123],[7.191955 7.177737 7.164107 7.145641],[1.2861489 1.250952  1.2623751 1.3206456],[8.202797 8.202787 8.20477  8.210616],[0.5486622  0.603959   0.65337497 0.69756156]
DFTGRID,A,3e-08,30,False,False,TDD,packagedrop,0.05,[12.264951   9.830985   7.7580047  7.1863766],[42.996056  26.74443   14.8771305 10.069175 ],[589.6775  593.24774 605.93097 606.80676],[367.40204 358.3357  375.22278 386.07318],[6.9427934 6.946029  6.9244227 6.9049644],[1.3077708 1.2373767 1.3305943 1.4625251],[7.9305916 7.937528  7.938669  7.9467754],[0.94080913 0.97129947 1.0151565  1.0446168 ]
DFTGRID,A,1e-07,1,False,False,TDD,packagedrop,0.05,[0.7298553  0.72389865 0.7351657  0.73828787],[0.7639594 0.7678953 0.7823579 0.7877684],[201.18771 199.4036  201.38826 202.49286],[236.77325 237.78775 238.518   240.01108],[8.226391 8.233824 8.238454 8.239137],[0.5234663  0.5259821  0.52028966 0.520818  ],[8.262489 8.263346 8.264196 8.265036],[0.5146195  0.5150341  0.5156064  0.51633507]
DFTGRID,A,1e-07,10,False,False,TDD,packagedrop,0.05,[4.162037  4.392752  4.400108  4.0744762],[4.440933 5.025904 5.695356 4.49245 ],[610.33435 633.9551  623.3935  616.8617 ],[364.6091  355.30347 349.99567 348.34738],[7.1187577 7.100271  7.1023426 7.1048527],[1.3930458 1.4063182 1.4278235 1.4280437],[8.144523 8.146372 8.146507 8.145758],[0.6222944 0.6648694 0.7096781 0.7541992]
DFTGRID,A,1e-07,30,False,False,TDD,packagedrop,0.05,[8.629539  6.7714148 9.07207   6.9101796],[40.799023 14.953121 35.592648 18.024517],[641.2273  628.37805 587.4604  571.17285],[416.4059  365.26993 333.4675  332.70895],[6.7809606 6.7585993 6.738382  6.658229 ],[1.6017374 1.6695265 1.6147052 1.5971593],[8.072836  8.0405245 7.9876432 7.931781 ],[0.9680374 1.0242085 1.0625325 1.0865595]
DFTGRID,A,3e-07,1,False,False,TDD,packagedrop,0.05,[0.82621896 0.82960147 0.83299637 0.8315926 ],[0.73959434 0.7585287  0.7599288  0.7593483 ],[253.06181 254.59053 255.52719 255.59103],[251.51207 256.3062  256.2945  256.43042],[8.1571865 8.191467  8.192675  8.193973 ],[0.41098353 0.36528677 0.36658117 0.36779037],[8.213685 8.214922 8.216152 8.217376],[0.35320455 0.35431996 0.3555505  0.35689354]
DFTGRID,A,3e-07,10,False,False,TDD,packagedrop,0.05,[2.9378107 3.1357582 3.0528464 3.0882223],[2.4684052 2.9383345 2.7220192 2.8114362],[578.15063 596.53864 597.4663  604.5263 ],[303.15894 304.4898  307.82178 317.61734],[7.0889587 7.0825386 7.084051  7.0800242],[1.0387229 1.1150728 1.2006541 1.2719127],[8.171758 8.174995 8.178912 8.18387 ],[0.61714435 0.66222095 0.70273554 0.73701555]
DFTGRID,A,3e-07,30,False,False,TDD,packagedrop,0.05,[3.3364716 3.5607984 3.753843  3.8306537],[3.4909742 4.093769  4.4977255 4.6078053],[601.20917 602.1048  627.89417 637.26013],[342.28952 341.82666 356.13477 371.21558],[6.829886  6.872895  6.9239564 6.9302044],[1.367975  1.4104179 1.4796646 1.5234132],[8.039328 8.043646 8.03752  8.038265],[0.90889144 0.95316565 1.0154774  1.050955  ]
DFTGRID,C,3e-08,1,False,False,TDD,packagedrop,0.05,[1.145091  1.1366427 1.1313058 1.1401124],[0.8454163  0.83701885 0.8290361  0.85354686],[262.39218 261.46802 261.02106 262.7214 ],[201.28125 202.64618 202.45494 204.56325],[8.206546  8.212571  8.212884  8.2134075],[0.18528195 0.18155247 0.18352006 0.18540213],[8.320241 8.321053 8.321877 8.322711],[0.1314964  0.13392694 0.13672413 0.13986447]
DFTGRID,C,3e-08,10,False,False,TDD,packagedrop,0.05,[4.8020816 5.5116596 5.218761  4.889538 ],[4.90132   6.323372  5.4788237 4.590487 ],[617.42444 639.3558  640.8349  652.5234 ],[280.3255  278.42114 279.05182 285.46774],[6.6406317 6.688572  6.6975727 6.711642 ],[1.2718334 1.2544501 1.2761512 1.3284233],[8.214156 8.200949 8.206897 8.228696],[0.43586653 0.47545165 0.5107417  0.53240734]
DFTGRID,C,3e-08,30,False,False,TDD,packagedrop,0.05,[4.1741447 3.9773643 4.286613  4.7176085],[3.8927636 3.3018386 4.0637674 5.363364 ],[595.3049  591.81146 603.67505 576.51263],[315.81665 322.1247  319.5419  279.34238],[6.0727773 6.1455355 6.087132  6.160062 ],[1.9460812 1.781483  1.8211025 1.5877782],[8.26459   8.2423935 8.200481  8.146262 ],[0.59722245 0.63432664 0.6843038  0.7340101 ]
DFTGRID,C,1e-07,1,False,False,TDD,packagedrop,0.05,[0.8173067  0.8013813  0.8064246  0.80010206],[0.68015736 0.6839913  0.6936642  0.68336505],[227.3038  222.30902 223.40285 221.46567],[212.82912 214.06285 216.71431 213.17618],[8.130863 8.188918 8.18726  8.187029],[0.38433817 0.23697618 0.24057151 0.24138397],[8.287666  8.286729  8.285783  8.2848215],[0.20094848 0.20314613 0.20554835 0.20814276]
DFTGRID,C,1e-07,10,False,False,TDD,packagedrop,0.05,[2.9594204 2.976583  2.9895005 3.0055127],[2.1047137 2.077994  2.0875096 2.0263796],[620.41296 625.7992  622.21    620.9516 ],[291.08215 293.32974 300.9543  303.86447],[6.7218056 6.727556  6.7337213 6.7177978],[1.1472844 1.1471537 1.1675096 1.2067312],[8.228059 8.225114 8.221141 8.218307],[0.4063242  0.44373652 0.4743657  0.49637356]
DFTGRID,C,1e-07,30,False,False,TDD,packagedrop,0.05,[3.1345358 3.2045746 3.2528305 3.1629844],[2.170471  1.9786977 2.1519828 2.0157964],[602.07904 604.8393  593.0873  605.1155 ],[269.83658 246.84631 233.58655 240.02892],[5.785832  5.844088  5.7670918 5.735765 ],[1.4505509 1.3312842 1.4007189 1.4994073],[8.210542 8.202722 8.19268  8.180748],[0.5592177  0.55600965 0.5821842  0.64674735]
DFTGRID,C,3e-07,1,False,False,TDD,packagedrop,0.05,[0.77920073 0.7481012  0.7464243  0.74712515],[0.64750874 0.65469426 0.6533628  0.65314937],[235.50755 226.0694  225.55609 225.98164],[197.24498 199.2122  198.73177 198.80093],[8.069043 8.198324 8.198416 8.198784],[0.60858893 0.17561094 0.17750941 0.1772233 ],[8.30922  8.309395 8.309544 8.309666],[0.12782563 0.12907478 0.13059264 0.132371  ]
DFTGRID,C,3e-07,10,False,False,TDD,packagedrop,0.05,[2.1841407 2.2368257 2.2647872 2.255288 ],[1.3083211 1.3356104 1.2790416 1.2654482],[569.4426 576.1609 586.716  580.1733],[274.52933 273.66174 270.6143  263.14398],[6.5866203 6.5624146 6.530524  6.492334 ],[1.1769739 1.2129241 1.2591876 1.3059813],[8.250104 8.243475 8.238306 8.233626],[0.33855358 0.37196392 0.40309045 0.43264046]
DFTGRID,C,3e-07,30,False,False,TDD,packagedrop,0.05,[2.6327689 2.709719  2.7515779 2.789423 ],[1.4755664 1.4991792 1.5639874 1.5875672],[634.701   651.35394 659.8738  666.0593 ],[285.21698 266.89285 274.23312 270.03357],[5.860318  5.7825537 5.8791065 5.9689317],[1.283905  1.3625576 1.364193  1.3216636],[8.243394  8.2595005 8.280929  8.2970915],[0.5275148  0.56576973 0.5995795  0.6289665 ]
DFTGRID,D,3e-08,1,False,False,TDD,packagedrop,0.05,[0.78425866 0.78226095 0.78415716 0.787546  ],[0.8105264  0.82200754 0.8271528  0.8322937 ],[234.54532 234.35483 235.2405  236.18124],[242.13028 245.70583 247.95816 249.16444],[8.291652 8.304891 8.309464 8.309349],[0.18510827 0.16483948 0.1699607  0.17038113],[8.314398 8.314319 8.314234 8.314145],[0.1689577  0.1692839  0.16965668 0.17007592]
DFTGRID,D,3e-08,10,False,False,TDD,packagedrop,0.05,[1.9904258 2.014405  2.0486655 2.0302355],[1.4874501 1.5271802 1.5318316 1.524013 ],[590.3606  597.1038  607.70337 603.81525],[436.28497 447.29343 448.1994  447.04858],[8.205778 8.230258 8.241278 8.24425 ],[0.25300625 0.2506595  0.2503583  0.25880465],[8.316226 8.317209 8.319232 8.322231],[0.22064124 0.22971565 0.23861213 0.24789669]
DFTGRID,D,3e-08,30,False,False,TDD,packagedrop,0.05,[2.1540353 2.2129953 2.267943  2.2730165],[1.4708542 1.4736934 1.5103146 1.4608803],[602.82263 612.21954 628.4002  624.4165 ],[385.6859  383.12268 403.05637 385.4441 ],[8.178549 8.178474 8.166688 8.156534],[0.33337754 0.34579214 0.36614498 0.3952022 ],[8.279626 8.265633 8.254636 8.245803],[0.3149234  0.33140603 0.3475315  0.37491977]
DFTGRID,D,1e-07,1,False,False,TDD,packagedrop,0.05,[0.8331472  0.84537715 0.8456996  0.8406746 ],[0.7636397  0.77804387 0.78126734 0.7732742 ],[251.34158 255.02583 255.15225 253.68478],[232.51129 236.565   237.5023  235.19672],[8.279251  8.303122  8.303305  8.3034725],[0.12281388 0.04730289 0.04857517 0.04998792],[8.30858  8.308749 8.308917 8.309082],[0.04570846 0.04691132 0.04821616 0.04961289]
DFTGRID,D,1e-07,10,False,False,TDD,packagedrop,0.05,[2.2153335 2.2341518 2.3138633 2.249406 ],[1.3956019 1.443653  1.3904024 1.404839 ],[651.32263 656.2314  681.2191  661.6543 ],[398.14896 412.75543 398.61218 404.108  ],[8.211545 8.221142 8.22188  8.223314],[0.16120313 0.16688633 0.18355198 0.19951119],[8.302197 8.302738 8.303449 8.304353],[0.14413556 0.16243479 0.18018848 0.19722274]
DFTGRID,D,1e-07,30,False,False,TDD,packagedrop,0.05,[2.077279  2.0807097 2.0931747 2.070178 ],[1.3524187 1.3484445 1.3440393 1.3496859],[617.5443  625.36255 628.7154  621.12756],[404.87436 411.64044 409.23566 412.7526 ],[8.202185 8.218866 8.222625 8.223429],[0.29186758 0.31827945 0.3386872  0.35792667],[8.307436 8.310596 8.312113 8.31137 ],[0.28931206 0.31602684 0.33770058 0.35521185]
DFTGRID,D,3e-07,1,False,False,TDD,packagedrop,0.05,[0.7129955  0.73914087 0.7440181  0.740925  ],[0.720331  0.7667127 0.7769291 0.7772336],[213.64462 221.55269 223.0177  222.10832],[215.97098 230.04086 233.1424  233.2894 ],[8.286388 8.299992 8.300021 8.300053],[0.08070563 0.02430491 0.02595004 0.0276193 ],[8.304571 8.304598 8.304624 8.304644],[0.02125929 0.02278931 0.02444145 0.02619203]
DFTGRID,D,3e-07,10,False,False,TDD,packagedrop,0.05,[2.018337  2.0133986 2.0345645 2.0594227],[1.3959782 1.4194744 1.4090847 1.4291465],[596.11206 593.45557 600.24243 606.39233],[404.39352 408.66315 406.22824 409.09406],[8.203723 8.206355 8.208944 8.209176],[0.15952712 0.16811828 0.17843246 0.19561979],[8.291802 8.291453 8.291422 8.291797],[0.13622427 0.15536554 0.17447104 0.193445  ]
DFTGRID,D,3e-07,30,False,False,TDD,packagedrop,0.05,[1.8603352 1.8700705 1.9067428 1.8504012],[1.5239849 1.5744412 1.6084317 1.5717806],[545.9775  542.9805  549.6206  531.02124],[421.7195  432.0998  438.10135 428.2009 ],[8.208814  8.215017  8.2038965 8.193009 ],[0.26217538 0.29286915 0.32360834 0.3484043 ],[8.314291 8.305841 8.296564 8.287483],[0.25759736 0.28634158 0.31637365 0.34177953]
DFTGRID,A,3e-08,1,False,False,TDD,packagedrop,0.04,[0.85306937 0.89287454 0.89752924 0.8921925 ],[0.7330267 0.7889573 0.7963246 0.7925993],[252.43564 262.67877 264.28592 262.7933 ],[235.7954  248.24225 250.65031 249.01434],[8.296418 8.311778 8.310403 8.309334],[0.21468097 0.19954446 0.20473395 0.20989305],[8.330993 8.329849 8.328677 8.327478],[0.19007084 0.19461922 0.19951843 0.20474008]
DFTGRID,A,3e-08,10,False,False,TDD,packagedrop,0.04,[5.5085893 5.7483687 5.5340624 4.499616 ],[8.910177 8.78904  9.437334 5.260144],[576.82776 593.38403 591.3452  590.53674],[310.69    306.95132 305.85052 292.47357],[7.1958647 7.178732  7.1674523 7.1587467],[1.2606776 1.2519503 1.2659918 1.3076973],[8.202797 8.202787 8.20477  8.210616],[0.5486622  0.603959   0.65337497 0.69756156]
DFTGRID,A,3e-08,30,False,False,TDD,packagedrop,0.04,[12.289129   9.716707   7.7841425  7.290364 ],[43.007538 26.781645 14.857582 10.372837],[581.74207 566.402   603.13727 622.8799 ],[360.32584 350.0463  381.68332 398.48517],[6.883591  6.898131  6.9175887 6.913007 ],[1.4100058 1.3370936 1.3434933 1.4517384],[7.9305916 7.937528  7.938669  7.9467754],[0.94080913 0.97129947 1.0151565  1.0446168 ]
DFTGRID,A,1e-07,1,False,False,TDD,packagedrop,0.04,[0.7320186 0.7378448 0.7369205 0.7400606],[0.7667633  0.783887   0.782385   0.79186106],[201.99876 202.1333  202.0344  203.1194 ],[237.87965 239.5423  238.64717 241.68565],[8.227444 8.237462 8.238418 8.2393  ],[0.5248121  0.519734   0.5202607  0.52096826],[8.262489 8.263346 8.264196 8.265036],[0.5146195  0.5150341  0.5156064  0.51633507]
DFTGRID,A,1e-07,10,False,False,TDD,packagedrop,0.04,[4.221831  4.3961473 4.449328  4.097199 ],[4.4101048 5.059008  5.6876016 4.4898524],[619.2403  631.22833 634.3004  621.3612 ],[355.1091  356.20264 352.28833 345.15924],[7.1507673 7.103428  7.106656  7.107417 ],[1.2995343 1.405124  1.4158168 1.428465 ],[8.144523 8.146372 8.146507 8.145758],[0.6222944 0.6648694 0.7096781 0.7541992]
DFTGRID,A,1e-07,30,False,False,TDD,packagedrop,0.04,[8.892565  6.741682  9.223678  6.9389124],[40.782146 14.958546 35.85564  18.070755],[656.5096  628.4255  596.77484 574.31274],[407.14865 365.16162 333.70523 325.6006 ],[6.7373805 6.755774  6.7702785 6.6905727],[1.6376303 1.6543974 1.6121613 1.5934529],[8.072836  8.0405245 7.9876432 7.931781 ],[0.9680374 1.0242085 1.0625325 1.0865595]
DFTGRID,A,3e-07,1,False,False,TDD,packagedrop,0.04,[0.81639254 0.83408487 0.83293915 0.8350769 ],[0.7338385  0.76646036 0.76357436 0.76373893],[250.47035 256.15955 255.85492 256.48456],[248.79248 259.48297 258.19592 257.45767],[8.158021 8.191517 8.192746 8.19393 ],[0.40761024 0.36527413 0.36648753 0.36780736],[8.213685 8.214922 8.216152 8.217376],[0.35320455 0.35431996 0.3555505  0.35689354]
DFTGRID,A,3e-07,10,False,False,TDD,packagedrop,0.04,[3.0142007 3.1371598 3.0782504 3.097088 ],[2.5058644 2.9498253 2.7140162 2.8057625],[585.59753 596.6527  604.4891  607.1097 ],[305.92123 306.0787  308.55612 316.5604 ],[7.0587945 7.0775743 7.0867686 7.073927 ],[1.0423408 1.1157504 1.1860735 1.2728257],[8.171758 8.174995 8.178912 8.18387 ],[0.61714435 0.66222095 0.70273554 0.73701555]
DFTGRID,A,3e-07,30,False,False,TDD,packagedrop,0.04,[3.4589252 3.5388274 3.7860115 3.8093069],[3.680019 4.097098 4.553978 4.599223],[594.6585 600.7084 624.9115 632.1645],[337.8309  338.0058  358.98566 377.23465],[6.8355675 6.8840594 6.915879  6.928813 ],[1.3754905 1.3943751 1.4791703 1.5252615],[8.039328 8.043646 8.03752  8.038265],[0.90889144 0.95316565 1.0154774  1.050955  ]
DFTGRID,C,3e-08,1,False,False,TDD,packagedrop,0.04,[1.1222025 1.1353337 1.1318216 1.1318969],[0.8463481  0.83664924 0.8345932  0.84177905],[255.58118 261.31027 261.25137 261.07452],[198.838   202.46532 203.70073 202.29095],[8.169644 8.2053   8.213237 8.214104],[0.27519643 0.19455248 0.1838942  0.18567747],[8.320241 8.321053 8.321877 8.322711],[0.1314964  0.13392694 0.13672413 0.13986447]
DFTGRID,C,3e-08,10,False,False,TDD,packagedrop,0.04,[4.815437  5.5254903 5.227977  4.880379 ],[4.957856  6.3235135 5.3553486 4.599856 ],[617.8516  640.05273 646.9318  650.76056],[288.29434 280.36926 280.0124  289.6505 ],[6.661178  6.675949  6.6909876 6.710896 ],[1.2574276 1.2613958 1.2756892 1.3282207],[8.214156 8.200949 8.206897 8.228696],[0.43586653 0.47545165 0.5107417  0.53240734]
DFTGRID,C,3e-08,30,False,False,TDD,packagedrop,0.04,[4.058331  4.0032735 4.2751646 4.6900845],[3.9008377 3.3008287 4.0418024 5.349272 ],[587.5718  599.92914 605.1696  581.1459 ],[317.2362  324.3354  319.69    291.28525],[6.070734  6.159668  6.0347395 6.1908135],[1.9478105 1.7648017 1.8738344 1.5643839],[8.26459   8.2423935 8.200481  8.146262 ],[0.59722245 0.63432664 0.6843038  0.7340101 ]
DFTGRID,C,1e-07,1,False,False,TDD,packagedrop,0.04,[0.79678977 0.8059795  0.80181557 0.7988958 ],[0.6650811  0.6924185  0.6837836  0.68179446],[221.87369 223.62311 222.12704 221.06982],[210.15225 217.16708 213.74313 212.7052 ],[8.141004 8.188282 8.188091 8.187396],[0.38197103 0.23710357 0.23899466 0.2409639 ],[8.287666  8.286729  8.285783  8.2848215],[0.20094848 0.20314613 0.20554835 0.20814276]
DFTGRID,C,1e-07,10,False,False,TDD,packagedrop,0.04,[2.9158163 3.0059147 3.0022626 3.015089 ],[2.0856164 2.1135361 2.02863   2.0247102],[619.7894  628.69635 627.92755 624.553  ],[295.588   289.4493  292.48877 304.57242],[6.7029023 6.737037  6.7198277 6.7194023],[1.1372709 1.1468099 1.1680837 1.2178769],[8.228059 8.225114 8.221141 8.218307],[0.4063242  0.44373652 0.4743657  0.49637356]
DFTGRID,C,1e-07,30,False,False,TDD,packagedrop,0.04,[3.1607597 3.1990807 3.2785404 3.179877 ],[2.1548927 1.9746578 2.112473  1.995982 ],[607.00476 600.2282  607.14404 608.43964],[267.52222 229.39586 236.32674 236.94473],[5.7936416 5.767458  5.7764506 5.765745 ],[1.4679993 1.3688723 1.374786  1.4783528],[8.210542 8.202722 8.19268  8.180748],[0.5592177  0.55600965 0.5821842  0.64674735]
DFTGRID,C,3e-07,1,False,False,TDD,packagedrop,0.04,[0.7605288  0.747617   0.74895215 0.75097245],[0.65028805 0.65415186 0.6544777  0.6577604 ],[229.54366 225.93465 226.25816 227.07988],[197.42455 199.18704 199.0111  200.1086 ],[8.162769 8.197923 8.198126 8.198504],[0.32841364 0.17649898 0.17709391 0.17763643],[8.30922  8.309395 8.309544 8.309666],[0.12782563 0.12907478 0.13059264 0.132371  ]
DFTGRID,C,3e-07,10,False,False,TDD,packagedrop,0.04,[2.1887538 2.2582362 2.2765257 2.290078 ],[1.3190218 1.314615  1.2807559 1.2500582],[572.67    581.974   588.69196 592.0033 ],[279.5314  270.49234 265.7888  261.67682],[6.6064544 6.5648284 6.5284925 6.5057   ],[1.1311666 1.213881  1.2567464 1.2956657],[8.250104 8.243475 8.238306 8.233626],[0.33855358 0.37196392 0.40309045 0.43264046]
DFTGRID,C,3e-07,30,False,False,TDD,packagedrop,0.04,[2.7513497 2.7679365 2.7283595 2.818708 ],[1.4502903 1.4989815 1.5404025 1.7196833],[651.873  663.6401 656.8679 670.702 ],[260.3488  267.93787 276.423   269.02878],[5.828107  5.8165216 5.8740997 6.0001664],[1.2589786 1.362186  1.357992  1.3096145],[8.243394  8.2595005 8.280929  8.2970915],[0.5275148  0.56576973 0.5995795  0.6289665 ]
DFTGRID,D,3e-08,1,False,False,TDD,packagedrop,0.04,[0.78203315 0.7829599  0.7838398  0.7829878 ],[0.82340133 0.82281005 0.8243311  0.82325274],[234.70729 235.00883 235.25203 234.96107],[247.17445 246.98601 247.538   247.132  ],[8.309666 8.309517 8.309483 8.309373],[0.16925424 0.16953301 0.1699462  0.17037003],[8.314398 8.314319 8.314234 8.314145],[0.1689577  0.1692839  0.16965668 0.17007592]
DFTGRID,D,3e-08,10,False,False,TDD,packagedrop,0.04,[1.9851861 2.08881   2.0770872 2.042061 ],[1.5049626 1.5324293 1.5317534 1.5102494],[588.65607 617.14    615.0378  608.4538 ],[442.20877 445.87988 447.0199  445.3298 ],[8.221981 8.23879  8.241169 8.244312],[0.25246444 0.24246457 0.25010344 0.25878426],[8.316226 8.317209 8.319232 8.322231],[0.22064124 0.22971565 0.23861213 0.24789669]
DFTGRID,D,3e-08,30,False,False,TDD,packagedrop,0.04,[2.18217   2.2233796 2.2425008 2.2309175],[1.4814276 1.4957489 1.4763777 1.4737613],[611.36694 615.53186 616.2892  612.3232 ],[388.3686  394.1299  386.814   390.26672],[8.185507 8.178924 8.16694  8.156957],[0.3367493  0.34593412 0.36607498 0.39540237],[8.279626 8.265633 8.254636 8.245803],[0.3149234  0.33140603 0.3475315  0.37491977]
DFTGRID,D,1e-07,1,False,False,TDD,packagedrop,0.04,[0.8654726 0.8427584 0.8428211 0.8416391],[0.7321782  0.7740874  0.7720049  0.77385986],[260.5674  254.25664 254.29597 253.9719 ],[221.09137 235.4521  234.84808 235.38399],[8.262305  8.3031435 8.3032675 8.303483 ],[0.13041312 0.04728151 0.04861077 0.04998037],[8.30858  8.308749 8.308917 8.309082],[0.04570846 0.04691132 0.04821616 0.04961289]
DFTGRID,D,1e-07,10,False,False,TDD,packagedrop,0.04,[2.2025018 2.2850313 2.2618058 2.2764907],[1.3987596 1.4094481 1.418052  1.4141523],[647.89   671.4467 663.6092 669.0965],[399.9789  401.84665 403.4328  404.69604],[8.207478 8.221011 8.222128 8.223341],[0.15971404 0.16667901 0.1835398  0.19978523],[8.302197 8.302738 8.303449 8.304353],[0.14413556 0.16243479 0.18018848 0.19722274]
DFTGRID,D,1e-07,30,False,False,TDD,packagedrop,0.04,[2.075933  2.092257  2.1175842 2.1276922],[1.3540308 1.3547635 1.3269475 1.3515323],[619.22064 626.4148  638.2668  636.48865],[406.34717 410.38818 408.6937  408.9342 ],[8.194932 8.218348 8.222552 8.222873],[0.2862366  0.31805915 0.3389971  0.35843822],[8.307436 8.310596 8.312113 8.31137 ],[0.28931206 0.31602684 0.33770058 0.35521185]
DFTGRID,D,3e-07,1,False,False,TDD,packagedrop,0.04,[0.7441624  0.735554   0.73528725 0.7333121 ],[0.74049085 0.7642316  0.7617218  0.76030445],[223.02179 220.44975 220.38824 219.79367],[222.10626 229.17656 228.47224 228.02702],[8.278352 8.300027 8.300031 8.300043],[0.09987615 0.02432538 0.02592162 0.02763401],[8.304571 8.304598 8.304624 8.304644],[0.02125929 0.02278931 0.02444145 0.02619203]
DFTGRID,D,3e-07,10,False,False,TDD,packagedrop,0.04,[2.0588655 2.047945  2.0300913 2.0591328],[1.38768   1.4037832 1.4119012 1.422353 ],[608.65765 603.7248  598.9589  606.61975],[401.94382 404.98276 406.43466 407.11246],[8.197745 8.208807 8.208928 8.209309],[0.15031937 0.16296603 0.1788057  0.19562198],[8.291802 8.291453 8.291422 8.291797],[0.13622427 0.15536554 0.17447104 0.193445  ]
DFTGRID,D,3e-07,30,False,False,TDD,packagedrop,0.04,[1.7745022 1.8866886 1.9110621 1.8401185],[1.5085677 1.5759948 1.6099734 1.5802212],[520.4496  548.07153 548.1756  528.14453],[419.70596 431.87595 433.69492 431.2366 ],[8.207788 8.215103 8.203196 8.193266],[0.276154   0.29275906 0.32299975 0.3483418 ],[8.314291 8.305841 8.296564 8.287483],[0.25759736 0.28634158 0.31637365 0.34177953]
DFTGRID,A,3e-08,1,False,False,TDD,packagedrop,0.03,[0.87508756 0.8921054  0.89193916 0.89085853],[0.7665587  0.78778946 0.7925674  0.7879369 ],[258.28427 262.33655 262.59518 262.38403],[245.04556 247.76833 249.02847 247.7286 ],[8.287995 8.311778 8.310565 8.309288],[0.25473616 0.19957197 0.20455077 0.20995961],[8.330993 8.329849 8.328677 8.327478],[0.19007084 0.19461922 0.19951843 0.20474008]
DFTGRID,A,3e-08,10,False,False,TDD,packagedrop,0.03,[4.943662 5.769119 5.546015 4.498986],[6.6179905 8.791659  9.430102  5.2971687],[585.6167  597.15454 597.609   587.78033],[322.0123  310.77173 301.38498 299.7123 ],[7.230646  7.179326  7.1658874 7.150855 ],[1.2449613 1.252319  1.2649027 1.3190259],[8.202797 8.202787 8.20477  8.210616],[0.5486622  0.603959   0.65337497 0.69756156]
DFTGRID,A,3e-08,30,False,False,TDD,packagedrop,0.03,[12.534787   9.8643465  7.7938776  7.1639075],[42.96775  26.735716 14.898052 10.095859],[595.0733  594.87036 600.01135 595.85455],[363.0147  356.7427  367.35413 382.7112 ],[6.8687816 6.892413  6.9173083 6.9227424],[1.3984379 1.3249571 1.3353525 1.4504149],[7.9305916 7.937528  7.938669  7.9467754],[0.94080913 0.97129947 1.0151565  1.0446168 ]
DFTGRID,A,1e-07,1,False,False,TDD,packagedrop,0.03,[0.7103453 0.7354004 0.7354341 0.7373461],[0.75840133 0.7828985  0.78219515 0.7871108 ],[190.56221 201.32137 201.47044 202.48024],[218.1532  238.6767  238.49155 241.97191],[8.211615 8.237597 8.238377 8.239317],[0.52429444 0.51961446 0.5203541  0.52093303],[8.262489 8.263346 8.264196 8.265036],[0.5146195  0.5150341  0.5156064  0.51633507]
DFTGRID,A,1e-07,10,False,False,TDD,packagedrop,0.03,[4.237    4.38481  4.480791 4.12637 ],[4.4133563 5.0271993 5.885826  4.488849 ],[623.6728  631.2481  632.3038  630.10736],[359.96744 352.56723 349.6588  347.53223],[7.10032   7.100672  7.104387  7.1054535],[1.3773768 1.4067338 1.427074  1.4279563],[8.144523 8.146372 8.146507 8.145758],[0.6222944 0.6648694 0.7096781 0.7541992]
DFTGRID,A,1e-07,30,False,False,TDD,packagedrop,0.03,[8.863224  6.7015796 9.312595  6.8799458],[40.787178 14.930162 35.860382 18.066545],[650.25867 620.0943  599.5335  569.4244 ],[410.627   366.80646 331.97684 323.07556],[6.7488837 6.7622    6.7386217 6.6484957],[1.6468215 1.6536008 1.6015124 1.6138341],[8.072836  8.0405245 7.9876432 7.931781 ],[0.9680374 1.0242085 1.0625325 1.0865595]
DFTGRID,A,3e-07,1,False,False,TDD,packagedrop,0.03,[0.80764216 0.8322212  0.8327505  0.83171684],[0.72108585 0.7642818  0.7634107  0.7615219 ],[248.89325 255.33629 255.83754 255.59879],[249.11134 257.86874 258.56232 257.19913],[8.166192 8.191536 8.192779 8.193813],[0.40924603 0.36527777 0.3664807  0.36784878],[8.213685 8.214922 8.216152 8.217376],[0.35320455 0.35431996 0.3555505  0.35689354]
DFTGRID,A,3e-07,10,False,False,TDD,packagedrop,0.03,[2.9797058 3.1214724 3.0465996 3.074596 ],[2.5147648 2.947502  2.7012308 2.8144064],[581.17505 593.3193  598.77527 603.33765],[310.7122  308.79507 309.4932  319.62488],[7.0936785 7.0814996 7.082877  7.0759096],[1.0392163 1.1123632 1.1906983 1.2761797],[8.171758 8.174995 8.178912 8.18387 ],[0.61714435 0.66222095 0.70273554 0.73701555]
DFTGRID,A,3e-07,30,False,False,TDD,packagedrop,0.03,[3.4758856 3.5775623 3.7606034 3.822894 ],[3.6715562 4.0877967 4.539343  4.5868316],[601.8393  612.8283  612.68005 637.54596],[342.17932 337.62943 338.0201  367.14542],[6.8164496 6.8795595 6.913566  6.930701 ],[1.3752775 1.3938658 1.469094  1.5238546],[8.039328 8.043646 8.03752  8.038265],[0.90889144 0.95316565 1.0154774  1.050955  ]
DFTGRID,C,3e-08,1,False,False,TDD,packagedrop,0.03,[1.1413974 1.1342585 1.1298532 1.1329266],[0.8310058  0.8362513  0.8262064  0.84568775],[261.1377  260.8126  260.96097 261.49564],[193.60951 202.1858  202.41895 203.63997],[8.107022  8.2125435 8.21321   8.214319 ],[0.53116477 0.181145   0.18411064 0.18538575],[8.320241 8.321053 8.321877 8.322711],[0.1314964  0.13392694 0.13672413 0.13986447]
DFTGRID,C,3e-08,10,False,False,TDD,packagedrop,0.03,[4.812456  5.517594  5.2402368 4.881754 ],[4.749842  6.323688  5.4760103 4.5947804],[638.9361  638.51886 644.9686  651.3198 ],[289.9066  280.1351  280.2877  284.17746],[6.6538963 6.676472  6.6999416 6.713045 ],[1.3020232 1.2610371 1.2807174 1.3288317],[8.214156 8.200949 8.206897 8.228696],[0.43586653 0.47545165 0.5107417  0.53240734]
DFTGRID,C,3e-08,30,False,False,TDD,packagedrop,0.03,[4.200838  3.998535  4.2285175 4.7233653],[3.8747408 3.2961218 4.0369396 5.340752 ],[599.5249  597.77673 600.95807 588.16925],[315.64655 320.04843 313.1042  290.1743 ],[6.0673356 6.114726  6.0808845 6.1631837],[1.9465778 1.7763727 1.8288208 1.5679694],[8.26459   8.2423935 8.200481  8.146262 ],[0.59722245 0.63432664 0.6843038  0.7340101 ]
DFTGRID,C,1e-07,1,False,False,TDD,packagedrop,0.03,[0.8261765  0.79995537 0.8018133  0.7987586 ],[0.6722408  0.6847558  0.68576527 0.6819981 ],[230.9486  222.09833 222.00381 221.07866],[211.48949 215.00818 213.87598 212.76646],[8.065304 8.189295 8.1878   8.18712 ],[0.62156296 0.23684238 0.23969722 0.24141085],[8.287666  8.286729  8.285783  8.2848215],[0.20094848 0.20314613 0.20554835 0.20814276]
DFTGRID,C,1e-07,10,False,False,TDD,packagedrop,0.03,[2.952784  3.0137231 3.0055    3.0143695],[2.1057773 2.070572  2.036022  2.025309 ],[618.61505 634.96423 627.6599  622.7423 ],[287.52682 288.6967  299.3224  302.04083],[6.7279267 6.736977  6.7306156 6.7230883],[1.1344892 1.1518419 1.1567003 1.2029945],[8.228059 8.225114 8.221141 8.218307],[0.4063242  0.44373652 0.4743657  0.49637356]
DFTGRID,C,1e-07,30,False,False,TDD,packagedrop,0.03,[3.0848637 3.2250814 3.303429  3.1778088],[2.1320133 1.9751642 2.1407752 1.9954656],[592.90344 604.4024  603.29047 612.29913],[253.55263 242.01881 233.02782 236.66777],[5.8343163 5.76108   5.765557  5.6996517],[1.46077   1.3715354 1.3735058 1.5298575],[8.210542 8.202722 8.19268  8.180748],[0.5592177  0.55600965 0.5821842  0.64674735]
DFTGRID,C,3e-07,1,False,False,TDD,packagedrop,0.03,[0.75886655 0.74679995 0.7478246  0.7531062 ],[0.6458156 0.6529477 0.6545165 0.6673035],[228.86967 225.54181 226.07875 227.88095],[195.97833 198.514   199.2327  203.61662],[8.138691 8.197996 8.198609 8.198798],[0.41743445 0.17691422 0.17609304 0.1768832 ],[8.30922  8.309395 8.309544 8.309666],[0.12782563 0.12907478 0.13059264 0.132371  ]
DFTGRID,C,3e-07,10,False,False,TDD,packagedrop,0.03,[2.2060957 2.278733  2.2577116 2.2796066],[1.3437519 1.2936975 1.2721725 1.2550546],[571.52673 589.4641  584.26196 589.24243],[277.02118 268.0388  267.50546 264.2177 ],[6.5576715 6.57632   6.5271654 6.5006166],[1.2207586 1.204027  1.2584357 1.3046724],[8.250104 8.243475 8.238306 8.233626],[0.33855358 0.37196392 0.40309045 0.43264046]
DFTGRID,C,3e-07,30,False,False,TDD,packagedrop,0.03,[2.7985165 2.7502718 2.7970276 2.7761085],[1.4412267 1.4701152 1.5802981 1.5727124],[667.4964  661.66125 672.62085 667.20013],[267.70496 267.2253  275.12927 276.5968 ],[5.8234577 5.8103333 5.884571  5.983984 ],[1.2528274 1.3274249 1.3700253 1.3296431],[8.243394  8.2595005 8.280929  8.2970915],[0.5275148  0.56576973 0.5995795  0.6289665 ]
DFTGRID,D,3e-08,1,False,False,TDD,packagedrop,0.03,[0.7825988  0.78321296 0.7841022  0.7831695 ],[0.814806   0.8231013  0.82659936 0.82312804],[234.24391 235.06194 235.30705 234.97284],[244.26018 247.08313 248.15901 247.07329],[8.3010025 8.30955   8.309472  8.309376 ],[0.18429324 0.1695646  0.16995135 0.1703753 ],[8.314398 8.314319 8.314234 8.314145],[0.1689577  0.1692839  0.16965668 0.17007592]
DFTGRID,D,3e-08,10,False,False,TDD,packagedrop,0.03,[2.0594122 2.0566473 2.0666802 2.051689 ],[1.5455391 1.5323099 1.5320061 1.5255984],[607.78033 608.3002  612.46375 611.12787],[449.37704 447.4679  447.87488 448.26715],[8.23342  8.238583 8.241184 8.24441 ],[0.24229664 0.24260317 0.25027412 0.258683  ],[8.316226 8.317209 8.319232 8.322231],[0.22064124 0.22971565 0.23861213 0.24789669]
DFTGRID,D,3e-08,30,False,False,TDD,packagedrop,0.03,[2.0773847 2.2131197 2.287087  2.305366 ],[1.4105392 1.4855205 1.482348  1.4150624],[588.4764  614.60986 629.1504  634.0468 ],[377.81067 389.72678 389.64038 385.68555],[8.168609 8.179553 8.167522 8.157278],[0.34773874 0.34657297 0.36564785 0.39368424],[8.279626 8.265633 8.254636 8.245803],[0.3149234  0.33140603 0.3475315  0.37491977]
DFTGRID,D,1e-07,1,False,False,TDD,packagedrop,0.03,[0.8472586  0.8393801  0.83948404 0.8438112 ],[0.7688501 0.7728064 0.7726626 0.7752952],[255.54826 253.24472 253.29779 254.6186 ],[233.95345 235.10902 235.03383 235.75945],[8.298542  8.303154  8.303325  8.3034115],[0.06699681 0.04728695 0.04859171 0.04998757],[8.30858  8.308749 8.308917 8.309082],[0.04570846 0.04691132 0.04821616 0.04961289]
DFTGRID,D,1e-07,10,False,False,TDD,packagedrop,0.03,[2.2768383 2.2567492 2.282367  2.2828326],[1.41602   1.4194447 1.4158846 1.4063071],[669.4001  663.0276  670.183   670.14703],[404.42215 405.18033 404.4135  402.96478],[8.220405 8.221022 8.222112 8.223578],[0.14939086 0.16672176 0.18361616 0.19950171],[8.302197 8.302738 8.303449 8.304353],[0.14413556 0.16243479 0.18018848 0.19722274]
DFTGRID,D,1e-07,30,False,False,TDD,packagedrop,0.03,[2.0752628 2.1055198 2.0531623 2.069335 ],[1.3522593 1.3585527 1.3485177 1.3318886],[617.724  631.4239 617.3448 620.3522],[406.35907 413.09525 413.3913  405.46063],[8.202978 8.218598 8.222182 8.224037],[0.29593593 0.31812128 0.3389835  0.35704237],[8.307436 8.310596 8.312113 8.31137 ],[0.28931206 0.31602684 0.33770058 0.35521185]
DFTGRID,D,3e-07,1,False,False,TDD,packagedrop,0.03,[0.71817267 0.7344549  0.7373213  0.7332551 ],[0.73771846 0.7613976  0.76692265 0.7603791 ],[215.2183  220.12738 221.00148 219.7774 ],[221.2083  228.36852 230.05864 228.0489 ],[8.29166  8.300037 8.300054 8.300074],[0.06395435 0.0243114  0.02591743 0.02763031],[8.304571 8.304598 8.304624 8.304644],[0.02125929 0.02278931 0.02444145 0.02619203]
DFTGRID,D,3e-07,10,False,False,TDD,packagedrop,0.03,[1.989061  2.039901  2.0443242 2.0397768],[1.3896236 1.4136467 1.4147575 1.4290665],[587.8645  601.5651  602.85474 601.0275 ],[403.34845 408.05716 407.2697  408.9829 ],[8.195076 8.208455 8.208922 8.209285],[0.16234696 0.16321647 0.17870541 0.19562788],[8.291802 8.291453 8.291422 8.291797],[0.13622427 0.15536554 0.17447104 0.193445  ]
DFTGRID,D,3e-07,30,False,False,TDD,packagedrop,0.03,[1.8699056 1.8536016 1.8855698 1.8850952],[1.541543  1.5431914 1.604379  1.587171 ],[548.0276  540.343   540.51874 541.4725 ],[428.5742  426.38647 432.83035 430.11237],[8.217661  8.215083  8.2034645 8.192798 ],[0.26756626 0.2930559  0.32299632 0.34866324],[8.314291 8.305841 8.296564 8.287483],[0.25759736 0.28634158 0.31637365 0.34177953]
DFTGRID,A,3e-08,1,False,False,TDD,packagedrop,0.02,[0.89223623 0.89059865 0.8944593  0.88872916],[0.78861487 0.78857374 0.79373795 0.78891927],[261.97815 261.92566 263.44034 261.822  ],[247.98553 247.98024 249.6683  248.00926],[8.312979 8.311812 8.31048  8.309399],[0.19494225 0.1995635  0.20435114 0.20987262],[8.330993 8.329849 8.328677 8.327478],[0.19007084 0.19461922 0.19951843 0.20474008]
DFTGRID,A,3e-08,10,False,False,TDD,packagedrop,0.02,[5.852618  5.7370844 5.6528015 4.5257463],[ 9.210575   8.795754  10.112817   5.2613196],[593.53125 589.05505 591.6359  595.3637 ],[319.29263 306.02466 300.0105  297.31604],[7.1854277 7.1770005 7.1668873 7.1547923],[1.2657832 1.251     1.265599  1.3227   ],[8.202797 8.202787 8.20477  8.210616],[0.5486622  0.603959   0.65337497 0.69756156]
DFTGRID,A,3e-08,30,False,False,TDD,packagedrop,0.02,[12.406111   9.859189   7.7451863  7.09908  ],[42.981617 26.73959  14.913582  9.960493],[583.7276 593.9263 595.0087 600.5594],[363.0691  357.79953 371.10663 385.53406],[6.8805585 6.894352  6.923588  6.920509 ],[1.4144719 1.3239725 1.3356764 1.4531332],[7.9305916 7.937528  7.938669  7.9467754],[0.94080913 0.97129947 1.0151565  1.0446168 ]
DFTGRID,A,1e-07,1,False,False,TDD,packagedrop,0.02,[0.75101036 0.7378802  0.73480767 0.73734045],[0.7822967  0.7881265  0.7825331  0.78825974],[206.91649 201.77972 201.31998 201.65358],[240.33473 239.08751 238.54465 238.62227],[8.231702  8.237542  8.238499  8.2393265],[0.5167822 0.5196794 0.5202236 0.5211383],[8.262489 8.263346 8.264196 8.265036],[0.5146195  0.5150341  0.5156064  0.51633507]
DFTGRID,A,1e-07,10,False,False,TDD,packagedrop,0.02,[4.296414 4.363197 4.394993 4.109721],[4.388404  5.0403333 5.705518  4.4908657],[634.187   626.43335 623.24756 625.6125 ],[358.3604  356.73685 350.46634 349.93668],[7.120229  7.1003017 7.0968866 7.1099534],[1.3818722 1.4075584 1.4299291 1.4308422],[8.144523 8.146372 8.146507 8.145758],[0.6222944 0.6648694 0.7096781 0.7541992]
DFTGRID,A,1e-07,30,False,False,TDD,packagedrop,0.02,[8.8484535 6.743543  9.238898  6.916936 ],[40.789536 15.132643 35.854576 18.075495],[644.3031  622.9182  594.5244  570.84064],[409.69968 364.454   333.5198  324.6724 ],[6.744949  6.7599015 6.7677226 6.663964 ],[1.6553373 1.6508784 1.5862608 1.5950677],[8.072836  8.0405245 7.9876432 7.931781 ],[0.9680374 1.0242085 1.0625325 1.0865595]
DFTGRID,A,3e-07,1,False,False,TDD,packagedrop,0.02,[0.8468619  0.8300576  0.82897735 0.8309782 ],[0.7498256  0.75890774 0.7595037  0.75944215],[259.58145 254.81203 254.60284 255.3165 ],[253.8367  256.42758 256.48697 256.4594 ],[8.17878  8.19156  8.192837 8.193909],[0.3701422  0.3652121  0.36646086 0.36794117],[8.213685 8.214922 8.216152 8.217376],[0.35320455 0.35431996 0.3555505  0.35689354]
DFTGRID,A,3e-07,10,False,False,TDD,packagedrop,0.02,[2.9954202 3.112202  3.0579739 3.082395 ],[2.4974227 2.9457533 2.7105346 2.8130553],[591.98553 590.9737  599.465   603.17346],[308.93192 304.32288 310.71518 315.41278],[7.0645504 7.079358  7.085652  7.0774794],[1.101511  1.1180758 1.188884  1.2756875],[8.171758 8.174995 8.178912 8.18387 ],[0.61714435 0.66222095 0.70273554 0.73701555]
DFTGRID,A,3e-07,30,False,False,TDD,packagedrop,0.02,[3.4681714 3.5881875 3.6903348 3.79672  ],[3.674815  4.11621   4.5500727 4.6027203],[600.21423 612.1651  598.10846 627.5736 ],[341.8931  341.27264 341.08124 371.0255 ],[6.8166947 6.887733  6.9257874 6.930682 ],[1.3767761 1.3962264 1.4816877 1.5238447],[8.039328 8.043646 8.03752  8.038265],[0.90889144 0.95316565 1.0154774  1.050955  ]
DFTGRID,C,3e-08,1,False,False,TDD,packagedrop,0.02,[1.1468685 1.1389719 1.1293578 1.1347102],[0.8432503  0.84643316 0.82617885 0.84939206],[263.0886  261.92664 260.80508 261.2287 ],[200.80537 204.9662  202.29665 202.5544 ],[8.174916 8.212664 8.213022 8.21388 ],[0.3327221  0.18143211 0.18457228 0.18649073],[8.320241 8.321053 8.321877 8.322711],[0.1314964  0.13392694 0.13672413 0.13986447]
DFTGRID,C,3e-08,10,False,False,TDD,packagedrop,0.02,[4.9356813 5.5158143 5.2226257 4.8813663],[4.9189644 6.327594  5.4765706 4.5964313],[632.2333 639.7798 644.9571 652.7932],[285.87207 279.33682 280.7324  286.98743],[6.623947  6.6812325 6.701068  6.7128725],[1.3333869 1.2560953 1.277214  1.3295461],[8.214156 8.200949 8.206897 8.228696],[0.43586653 0.47545165 0.5107417  0.53240734]
DFTGRID,C,3e-08,30,False,False,TDD,packagedrop,0.02,[4.189863 4.016422 4.337602 4.798213],[3.881538  3.2986147 4.3291    5.8149834],[595.33167 598.72485 600.70325 575.0709 ],[312.952   324.0776  310.93143 271.0819 ],[6.065585  6.131537  6.0434074 6.169016 ],[1.95014   1.7724153 1.8652934 1.5747733],[8.26459   8.2423935 8.200481  8.146262 ],[0.59722245 0.63432664 0.6843038  0.7340101 ]
DFTGRID,C,1e-07,1,False,False,TDD,packagedrop,0.02,[0.79730135 0.7999392  0.7996252  0.799349  ],[0.6807826  0.68285656 0.6823162  0.68553436],[221.60838 222.0069  221.58469 221.2316 ],[213.6899  213.95137 213.28508 213.6207 ],[8.190253 8.189276 8.188244 8.187557],[0.23509231 0.23685497 0.23897015 0.24100296],[8.287666  8.286729  8.285783  8.2848215],[0.20094848 0.20314613 0.20554835 0.20814276]
DFTGRID,C,1e-07,10,False,False,TDD,packagedrop,0.02,[3.0184214 2.9972029 3.001688  3.0026395],[2.086545  2.0782697 2.0330803 2.034564 ],[633.7886 630.3382 627.527  618.6148],[286.1034  291.22882 297.34375 306.24014],[6.748746 6.738791 6.733522 6.721187],[1.150657  1.1408339 1.1610211 1.2055606],[8.228059 8.225114 8.221141 8.218307],[0.4063242  0.44373652 0.4743657  0.49637356]
DFTGRID,C,1e-07,30,False,False,TDD,packagedrop,0.02,[3.1765783 3.2484252 3.305705  3.1775641],[2.1483662 1.9878142 2.1427813 1.997179 ],[609.1355  611.80945 605.2934  608.29553],[265.3975  242.86041 232.3666  236.89795],[5.7925453 5.7926207 5.752217  5.7444344],[1.4648701 1.3475642 1.3791771 1.491791 ],[8.210542 8.202722 8.19268  8.180748],[0.5592177  0.55600965 0.5821842  0.64674735]
DFTGRID,C,3e-07,1,False,False,TDD,packagedrop,0.02,[0.749867  0.7462146 0.7460569 0.7465408],[0.65350586 0.65326566 0.6535974  0.65334404],[226.55292 225.42934 225.49812 225.76784],[198.78705 198.58556 198.78282 198.82071],[8.156272 8.198382 8.198801 8.199027],[0.4469632  0.17567594 0.17631137 0.17707977],[8.30922  8.309395 8.309544 8.309666],[0.12782563 0.12907478 0.13059264 0.132371  ]
DFTGRID,C,3e-07,10,False,False,TDD,packagedrop,0.02,[2.2069733 2.2567725 2.2628489 2.276633 ],[1.3154846 1.2984875 1.2692897 1.2574296],[573.9461 585.3306 586.3445 588.7011],[273.11426 271.93204 267.27484 263.93854],[6.496595  6.5669465 6.5296593 6.4980927],[1.2676163 1.2128007 1.2575607 1.3011783],[8.250104 8.243475 8.238306 8.233626],[0.33855358 0.37196392 0.40309045 0.43264046]
DFTGRID,C,3e-07,30,False,False,TDD,packagedrop,0.02,[2.7832556 2.748978  2.7683747 2.7956457],[1.4518077 1.5087038 1.5469551 1.5845273],[664.2039  660.83795 665.47015 669.9998 ],[269.58905 270.26324 270.86035 271.9669 ],[5.8404937 5.7892933 5.8743258 5.973927 ],[1.2422787 1.3521843 1.3607632 1.3261939],[8.243394  8.2595005 8.280929  8.2970915],[0.5275148  0.56576973 0.5995795  0.6289665 ]
DFTGRID,D,3e-08,1,False,False,TDD,packagedrop,0.02,[0.78203315 0.78414375 0.7841037  0.7825758 ],[0.82340133 0.8272993  0.8252928  0.8231631 ],[234.70726 235.27917 235.29765 234.85645],[247.17447 248.1197  247.74104 247.10255],[8.309666 8.309573 8.309473 8.309376],[0.16925423 0.16957839 0.16995381 0.17035043],[8.314398 8.314319 8.314234 8.314145],[0.1689577  0.1692839  0.16965668 0.17007592]
DFTGRID,D,3e-08,10,False,False,TDD,packagedrop,0.02,[2.0648835 2.075605  2.0622778 2.0516734],[1.5399237 1.5399818 1.5337161 1.5220493],[609.60126 613.59814 611.59875 610.7825 ],[447.58582 448.21207 448.81143 447.07635],[8.233663 8.238867 8.241356 8.244329],[0.2352602  0.24243985 0.250341   0.25916582],[8.316226 8.317209 8.319232 8.322231],[0.22064124 0.22971565 0.23861213 0.24789669]
DFTGRID,D,3e-08,30,False,False,TDD,packagedrop,0.02,[2.1973646 2.234626  2.2926733 2.2474387],[1.4750152 1.4854796 1.4671468 1.462594 ],[614.6771  620.1044  634.95715 617.8551 ],[385.95917 391.11145 392.02597 389.3691 ],[8.192122 8.179475 8.167002 8.156541],[0.32940543 0.3465287  0.3660882  0.39519057],[8.279626 8.265633 8.254636 8.245803],[0.3149234  0.33140603 0.3475315  0.37491977]
DFTGRID,D,1e-07,1,False,False,TDD,packagedrop,0.02,[0.8383802  0.8396614  0.84555113 0.842611  ],[0.7450629 0.7725607 0.7831944 0.7768474],[252.61119 253.32904 255.11835 254.27812],[226.17096 235.03561 238.12604 236.30539],[8.289312 8.30313  8.303293 8.303485],[0.09437694 0.04728619 0.04857654 0.04999008],[8.30858  8.308749 8.308917 8.309082],[0.04570846 0.04691132 0.04821616 0.04961289]
DFTGRID,D,1e-07,10,False,False,TDD,packagedrop,0.02,[2.2363424 2.2940977 2.2782907 2.2854104],[1.4154516 1.4095798 1.4174429 1.4105471],[658.34283 674.18384 669.2488  671.4118 ],[406.03564 401.8816  404.72812 403.62387],[8.209568 8.221041 8.222184 8.223399],[0.16333596 0.16664395 0.18362021 0.19982857],[8.302197 8.302738 8.303449 8.304353],[0.14413556 0.16243479 0.18018848 0.19722274]
DFTGRID,D,1e-07,30,False,False,TDD,packagedrop,0.02,[2.076939  2.0979793 2.1209505 2.098178 ],[1.3529047 1.3495767 1.3452625 1.3357126],[619.6138  629.355   639.52545 630.70123],[408.3913  411.1981  413.95154 410.1357 ],[8.202376 8.218529 8.222291 8.223582],[0.3078357  0.31814983 0.3388674  0.3581004 ],[8.307436 8.310596 8.312113 8.31137 ],[0.28931206 0.31602684 0.33770058 0.35521185]
DFTGRID,D,3e-07,1,False,False,TDD,packagedrop,0.02,[0.7267527 0.7346009 0.7327734 0.7328195],[0.74327725 0.7635469  0.7606389  0.76066643],[217.83342 220.17194 219.62889 219.64502],[223.01193 229.01189 228.13864 228.13533],[8.2810955 8.300045  8.300061  8.3000765],[0.09723935 0.0243007  0.0259174  0.02763062],[8.304571 8.304598 8.304624 8.304644],[0.02125929 0.02278931 0.02444145 0.02619203]
DFTGRID,D,3e-07,10,False,False,TDD,packagedrop,0.02,[2.0534043 2.0455625 2.0510244 2.0447092],[1.3944107 1.4042675 1.4117299 1.420228 ],[606.69257 603.5531  604.5299  602.91626],[404.22095 405.41977 405.50842 406.8363 ],[8.19727  8.208532 8.208766 8.209237],[0.1607811  0.16321543 0.17903554 0.19570789],[8.291802 8.291453 8.291422 8.291797],[0.13622427 0.15536554 0.17447104 0.193445  ]
DFTGRID,D,3e-07,30,False,False,TDD,packagedrop,0.02,[1.7940412 1.7875073 1.8593041 1.8881264],[1.5369066 1.5674461 1.5996553 1.6248581],[526.0483  518.2001  531.4998  538.41174],[428.99478 428.67926 427.48676 432.2254 ],[8.211901 8.215151 8.203269 8.193163],[0.27195847 0.29296637 0.32306954 0.3484408 ],[8.314291 8.305841 8.296564 8.287483],[0.25759736 0.28634158 0.31637365 0.34177953]
DFTGRID,A,3e-08,1,False,False,TDD,packagedrop,0.01,[0.9077095  0.8906052  0.88944346 0.8889689 ],[0.78148943 0.7885663  0.7886847  0.7886934 ],[267.1471  261.92715 261.8739  261.8862 ],[246.07828 247.97858 247.98854 247.95277],[8.304698 8.31181  8.310619 8.309353],[0.196208   0.19956312 0.20455009 0.20989425],[8.330993 8.329849 8.328677 8.327478],[0.19007084 0.19461922 0.19951843 0.20474008]
DFTGRID,A,3e-08,10,False,False,TDD,packagedrop,0.01,[5.765546 5.727332 5.530149 4.526196],[9.23324  8.804228 9.435501 5.261221],[574.44354 586.2658  591.8551  595.84595],[309.57684 307.881   300.15887 297.78198],[7.1679688 7.1759725 7.1688957 7.1497283],[1.2625666 1.2572981 1.2659702 1.3230448],[8.202797 8.202787 8.20477  8.210616],[0.5486622  0.603959   0.65337497 0.69756156]
DFTGRID,A,3e-08,30,False,False,TDD,packagedrop,0.01,[12.546734   9.868455   7.8023653  7.1648564],[42.96498  26.733725 14.894527 10.049877],[593.89197 595.4447  602.67267 604.76654],[361.99057 355.5662  368.19043 387.22507],[6.8549867 6.8992457 6.9259214 6.920011 ],[1.4073902 1.3225251 1.3335383 1.453636 ],[7.9305916 7.937528  7.938669  7.9467754],[0.94080913 0.97129947 1.0151565  1.0446168 ]
DFTGRID,A,1e-07,1,False,False,TDD,packagedrop,0.01,[0.7364998  0.7353696  0.7366881  0.73412925],[0.7832927  0.7829264  0.78659564 0.78248173],[201.3739  201.31227 201.92822 201.20154],[238.79262 238.68408 240.06422 238.49318],[8.2367   8.237607 8.238489 8.23939 ],[0.519185   0.5196226  0.5202152  0.52099997],[8.262489 8.263346 8.264196 8.265036],[0.5146195  0.5150341  0.5156064  0.51633507]
DFTGRID,A,1e-07,10,False,False,TDD,packagedrop,0.01,[4.3030906 4.3627295 4.4182725 4.094364 ],[4.3846316 5.0276318 5.69384   4.499518 ],[636.0397 628.3241 627.5496 618.9345],[358.78387 353.5643  349.10062 350.21402],[7.1002483 7.1005707 7.103295  7.1066756],[1.3767735 1.4067417 1.4287792 1.4285402],[8.144523 8.146372 8.146507 8.145758],[0.6222944 0.6648694 0.7096781 0.7541992]
DFTGRID,A,1e-07,30,False,False,TDD,packagedrop,0.01,[8.892565  6.732435  9.223877  6.9348903],[40.78215  14.952471 35.85699  18.071932],[656.5096  624.6142  592.3852  571.57837],[407.14865 365.10486 335.05066 324.0062 ],[6.7373805 6.762121  6.7476897 6.66049  ],[1.6376303 1.645363  1.6118186 1.5962579],[8.072836  8.0405245 7.9876432 7.931781 ],[0.9680374 1.0242085 1.0625325 1.0865595]
DFTGRID,A,3e-07,1,False,False,TDD,packagedrop,0.01,[0.82840514 0.82899725 0.82897735 0.82929945],[0.75889575 0.7589397  0.7595037  0.75985587],[254.14009 254.47307 254.60284 254.8371 ],[256.4496  256.3964  256.48697 256.51434],[8.190344 8.191583 8.192837 8.194078],[0.3640576  0.36520156 0.36646086 0.36782262],[8.213685 8.214922 8.216152 8.217376],[0.35320455 0.35431996 0.3555505  0.35689354]
DFTGRID,A,3e-07,10,False,False,TDD,packagedrop,0.01,[2.9949722 3.1334362 3.0632136 3.0856805],[2.5048738 2.9423897 2.7153971 2.8083308],[582.83167 596.582   601.5873  603.27625],[306.75107 306.854   311.4772  309.03946],[7.066908  7.0787177 7.085351  7.074651 ],[1.0465798 1.1131542 1.1876677 1.2737088],[8.171758 8.174995 8.178912 8.18387 ],[0.61714435 0.66222095 0.70273554 0.73701555]
DFTGRID,A,3e-07,30,False,False,TDD,packagedrop,0.01,[3.4557438 3.5725543 3.7469501 3.79672  ],[3.676689  4.0880423 4.5352306 4.6027203],[599.61304 610.4585  612.9835  627.57355],[343.9141  338.76898 348.50024 371.0255 ],[6.809931 6.886418 6.91876  6.930682],[1.3748977 1.4008155 1.4780005 1.5238447],[8.039328 8.043646 8.03752  8.038265],[0.90889144 0.95316565 1.0154774  1.050955  ]
DFTGRID,C,3e-08,1,False,False,TDD,packagedrop,0.01,[1.1118588 1.1366014 1.1285958 1.1301056],[0.8045727  0.83753043 0.82564604 0.84221274],[261.92117 261.26178 260.59583 260.67288],[202.18266 202.4303  202.2583  202.34299],[8.209617 8.212579 8.213467 8.214468],[0.18684822 0.18149403 0.18307403 0.1854983 ],[8.320241 8.321053 8.321877 8.322711],[0.1314964  0.13392694 0.13672413 0.13986447]
DFTGRID,C,3e-08,10,False,False,TDD,packagedrop,0.01,[4.8657613 5.496793  5.223311  4.877986 ],[4.9404845 6.3256116 5.476556  4.5981135],[633.0829  641.74896 644.783   649.02936],[288.67545 278.1679  280.8807  287.34778],[6.6598377 6.6812615 6.7038364 6.7109556],[1.2795516 1.2550673 1.2762374 1.3275825],[8.214156 8.200949 8.206897 8.228696],[0.43586653 0.47545165 0.5107417  0.53240734]
DFTGRID,C,3e-08,30,False,False,TDD,packagedrop,0.01,[4.1854544 3.9793813 4.2534223 4.7386765],[3.8827724 3.3100696 4.0441823 5.3218813],[592.7685  588.85736 597.96124 594.0084 ],[306.88876 313.6024  308.64285 294.6916 ],[6.0571527 6.1410346 6.040185  6.175531 ],[1.9443938 1.7792649 1.8730133 1.5744956],[8.26459   8.2423935 8.200481  8.146262 ],[0.59722245 0.63432664 0.6843038  0.7340101 ]
DFTGRID,C,1e-07,1,False,False,TDD,packagedrop,0.01,[0.80034477 0.7982335  0.797642   0.7995216 ],[0.6811759  0.68109375 0.6818196  0.6869775 ],[222.77287 221.39021 221.00133 221.2654 ],[213.58879 213.33864 213.11429 213.90173],[8.17774  8.188925 8.188481 8.187584],[0.28654897 0.23857462 0.23887509 0.24100858],[8.287666  8.286729  8.285783  8.2848215],[0.20094848 0.20314613 0.20554835 0.20814276]
DFTGRID,C,1e-07,10,False,False,TDD,packagedrop,0.01,[3.0227048 2.9919305 3.0118475 3.0054684],[2.082984  2.0836184 2.0915346 2.0238907],[634.3643  627.4546  627.9371  622.32104],[285.63065 293.22052 297.3943  306.10806],[6.743001  6.7447133 6.73296   6.729396 ],[1.1473306 1.1458579 1.1623915 1.1992344],[8.228059 8.225114 8.221141 8.218307],[0.4063242  0.44373652 0.4743657  0.49637356]
DFTGRID,C,1e-07,30,False,False,TDD,packagedrop,0.01,[3.1717072 3.2201605 3.305705  3.1775641],[2.1512105 1.9690863 2.1427815 1.997179 ],[605.5647 606.7607 605.2934 608.2955],[265.4488  244.04813 232.3666  236.89796],[5.7977314 5.7847285 5.752217  5.7444344],[1.4769353 1.3531951 1.3791771 1.491791 ],[8.210542 8.202722 8.19268  8.180748],[0.5592177  0.55600965 0.5821842  0.64674735]
DFTGRID,C,3e-07,1,False,False,TDD,packagedrop,0.01,[0.7366281  0.74972934 0.74973196 0.7460877 ],[0.6413575 0.6574442 0.6603018 0.6537254],[222.36432 226.5362  226.53738 225.63324],[194.6705  200.21869 200.4049  198.93446],[8.129496 8.198174 8.198669 8.199148],[0.51875335 0.17554183 0.17640737 0.17717424],[8.30922  8.309395 8.309544 8.309666],[0.12782563 0.12907478 0.13059264 0.132371  ]
DFTGRID,C,3e-07,10,False,False,TDD,packagedrop,0.01,[2.2482123 2.2526612 2.258903  2.277143 ],[1.332543  1.297995  1.2723337 1.2603465],[583.42676 583.39264 584.74713 588.516  ],[277.51904 271.95654 267.77167 265.8699 ],[6.609516  6.565682  6.529581  6.5031047],[1.1669953 1.2127097 1.2574847 1.3010899],[8.250104 8.243475 8.238306 8.233626],[0.33855358 0.37196392 0.40309045 0.43264046]
DFTGRID,C,3e-07,30,False,False,TDD,packagedrop,0.01,[2.7456884 2.7896109 2.7911634 2.7956457],[1.4179231 1.483227  1.5403835 1.5845273],[660.8324 670.8649 674.8469 669.9998],[269.68    267.21713 275.31204 271.9669 ],[5.8238826 5.7963605 5.877278  5.973927 ],[1.2500123 1.3496816 1.3655981 1.3261939],[8.243394  8.2595005 8.280929  8.2970915],[0.5275148  0.56576973 0.5995795  0.6289665 ]
DFTGRID,D,3e-08,1,False,False,TDD,packagedrop,0.01,[0.78203315 0.78403044 0.78271437 0.7820927 ],[0.82340133 0.8268059  0.8231615  0.8234201 ],[234.70726 235.26163 234.89291 234.68954],[247.17445 248.05374 247.10495 247.17761],[8.309666 8.309572 8.309472 8.309386],[0.16925424 0.16957854 0.16994259 0.17036255],[8.314398 8.314319 8.314234 8.314145],[0.1689577  0.1692839  0.16965668 0.17007592]
DFTGRID,D,3e-08,10,False,False,TDD,packagedrop,0.01,[2.0296214 2.0594714 2.0588684 2.0614152],[1.550729  1.5385051 1.5299498 1.509657 ],[598.5703  608.9854  610.53564 614.5306 ],[450.26877 448.40454 447.52823 443.72995],[8.228652 8.238824 8.241278 8.244318],[0.2418355  0.2424171  0.25022918 0.2587733 ],[8.316226 8.317209 8.319232 8.322231],[0.22064124 0.22971565 0.23861213 0.24789669]
DFTGRID,D,3e-08,30,False,False,TDD,packagedrop,0.01,[2.1923797 2.1692998 2.2534494 2.271086 ],[1.478236  1.4302734 1.4834551 1.4751933],[612.8742  604.5577  620.6187  624.49945],[386.71478 384.40823 393.30252 393.07828],[8.187802 8.179331 8.166439 8.156432],[0.3273101  0.34647188 0.36532798 0.39519835],[8.279626 8.265633 8.254636 8.245803],[0.3149234  0.33140603 0.3475315  0.37491977]
DFTGRID,D,1e-07,1,False,False,TDD,packagedrop,0.01,[0.82503927 0.84065187 0.83934736 0.8393155 ],[0.7545745 0.7727797 0.7727909 0.7727771],[248.90111 253.63826 253.25674 253.2694 ],[229.69177 235.1173  235.07211 235.03622],[8.2983   8.303135 8.303326 8.303495],[0.06396689 0.04729309 0.04859164 0.0499906 ],[8.30858  8.308749 8.308917 8.309082],[0.04570846 0.04691132 0.04821616 0.04961289]
DFTGRID,D,1e-07,10,False,False,TDD,packagedrop,0.01,[2.2551377 2.2779865 2.258395  2.2775388],[1.4115306 1.4172025 1.4052546 1.4167849],[663.9992  669.28937 664.22    669.22217],[404.38632 404.34464 403.1477  405.50378],[8.213573 8.221161 8.222103 8.223446],[0.15666483 0.16671667 0.18372528 0.19980618],[8.302197 8.302738 8.303449 8.304353],[0.14413556 0.16243479 0.18018848 0.19722274]
DFTGRID,D,1e-07,30,False,False,TDD,packagedrop,0.01,[2.1019604 2.1264684 2.1106615 2.0965028],[1.3566086 1.3516675 1.367727  1.3372817],[627.34753 636.6891  633.111   630.27966],[409.89362 410.00394 412.5946  410.46887],[8.213473 8.218644 8.222391 8.223625],[0.2940695  0.31804472 0.338952   0.35795072],[8.307436 8.310596 8.312113 8.31137 ],[0.28931206 0.31602684 0.33770058 0.35521185]
DFTGRID,D,3e-07,1,False,False,TDD,packagedrop,0.01,[0.7326789  0.73272675 0.73360634 0.7328195 ],[0.7605824  0.76061076 0.760639   0.7606665 ],[219.5965  219.6128  219.8774  219.64502],[228.14772 228.14273 228.13763 228.13533],[8.300024  8.300047  8.300061  8.3000765],[0.02280428 0.02430147 0.02591744 0.02763061],[8.304571 8.304598 8.304624 8.304644],[0.02125929 0.02278931 0.02444145 0.02619203]
DFTGRID,D,3e-07,10,False,False,TDD,packagedrop,0.01,[2.0440001 2.047698  2.0510244 2.0547128],[1.4036115 1.407222  1.4117299 1.4168919],[603.7924  604.1326  604.5299  604.12134],[407.0624  406.11432 405.50842 403.4698 ],[8.208701 8.208597 8.208766 8.209293],[0.14839526 0.16316481 0.17903557 0.1956911 ],[8.291802 8.291453 8.291422 8.291797],[0.13622427 0.15536554 0.17447104 0.193445  ]
DFTGRID,D,3e-07,30,False,False,TDD,packagedrop,0.01,[1.8621144 1.873667  1.8780713 1.9238046],[1.5485437 1.5894383 1.6018249 1.6249515],[545.25543 542.90814 539.64185 549.3625 ],[430.8608  434.09973 432.0434  433.30417],[8.221981 8.214929 8.20349  8.193158],[0.2677738  0.29305223 0.32325047 0.34844008],[8.314291 8.305841 8.296564 8.287483],[0.25759736 0.28634158 0.31637365 0.34177953]
