model,cm,ds,ms,is_gen,is_U2D,scenario,noise_type,noise_degree,nmse_mean,nmse_std,mse_mean,mse_std,se_mean,se_std,se0_mean,se0_std
DFTGRID,A,3e-08,1,False,False,TDD,phase,10.0,[0.2777657  0.33520198 0.39751533 0.4642709 ],[0.23151171 0.2822388  0.3365567  0.3939642 ],[ 82.04695   99.08267  117.537445 137.26111 ],[ 73.046524  89.032196 106.14278  124.21185 ],[8.291634 8.289155 8.28654  8.283779],[0.1916376  0.19659027 0.20193599 0.20760068],[8.330993 8.329849 8.328677 8.327478],[0.19007082 0.19461927 0.19951841 0.20474008]
DFTGRID,A,3e-08,10,False,False,TDD,phase,10.0,[1.7971226 2.167583  2.463045  2.3685386],[2.5282915 2.895262  4.020809  2.8412342],[204.70723 247.18431 291.26572 333.89337],[108.87575 129.9237  153.22917 175.21721],[7.5457625 7.404402  7.3365674 7.2885284],[1.114928  1.2641453 1.2818404 1.3272926],[8.202798 8.202787 8.20477  8.210616],[0.5486621  0.603959   0.65337497 0.69756156]
DFTGRID,A,3e-08,30,False,False,TDD,phase,10.0,[4.587998  4.393876  4.058142  3.8275313],[11.63329    8.279803   7.3661704  4.78152  ],[248.84003 311.79697 362.50458 406.1003 ],[143.11948 196.73833 242.6008  269.60553],[6.8267183 6.802904  6.7931285 6.8237243],[1.456978  1.3440979 1.3969204 1.4452177],[7.9305906 7.937528  7.938669  7.9467754],[0.9408091 0.9712995 1.0151565 1.0446168]
DFTGRID,A,1e-07,1,False,False,TDD,phase,10.0,[0.23343827 0.28092825 0.33241123 0.38751155],[0.22836061 0.27850556 0.33224648 0.38888583],[ 64.84878  77.95047  92.13724 107.32735],[ 69.925385  85.27588  101.75112  119.17683 ],[8.221693 8.220761 8.219633 8.218322],[0.5177213  0.51848423 0.5195304  0.52064276],[8.262489 8.263346 8.264196 8.265036],[0.51461947 0.51503414 0.5156064  0.5163352 ]
DFTGRID,A,1e-07,10,False,False,TDD,phase,10.0,[1.3933688 1.7097807 2.0532906 2.0304909],[1.5153252 2.2132282 3.619293  2.1052785],[216.64058 258.25702 300.13705 341.5571 ],[121.35323 148.1445  173.64328 197.22469],[7.3364124 7.252573  7.199572  7.149436 ],[1.3793962 1.4092381 1.4111664 1.4756633],[8.144523 8.146372 8.146507 8.145758],[0.6222945 0.6648693 0.7096782 0.7541992]
DFTGRID,A,1e-07,30,False,False,TDD,phase,10.0,[2.395859  2.7553809 3.5132377 3.3042977],[5.734248 4.156699 8.09906  5.608215],[269.68948 322.9058  365.66824 387.24368],[150.53525 190.70001 225.73364 246.37967],[6.925032  6.7718563 6.5443134 6.383642 ],[1.563247  1.5640823 1.5965383 1.5935706],[8.072836  8.0405245 7.9876432 7.931781 ],[0.9680374 1.0242084 1.0625325 1.0865597]
DFTGRID,A,3e-07,1,False,False,TDD,phase,10.0,[0.26109764 0.31521767 0.373912   0.4367068 ],[0.22268367 0.2716892  0.3241784  0.37955764],[ 80.10186  96.77042 114.85767 134.19841],[ 75.631775  92.18144  109.91328  128.62389 ],[8.1687565 8.168435  8.16781   8.167091 ],[0.35799855 0.35995135 0.36207753 0.36437848],[8.213686 8.214922 8.216152 8.217375],[0.35320455 0.35431987 0.35555044 0.3568935 ]
DFTGRID,A,3e-07,10,False,False,TDD,phase,10.0,[1.0107467 1.2575096 1.4390588 1.6586342],[0.74430805 1.0893658  1.1559101  1.3792719 ],[212.21994 256.91797 303.67828 350.92184],[110.99755 136.41656 164.17534 193.44617],[7.3176284 7.2047725 7.173772  7.158835 ],[1.2940165 1.389079  1.3093879 1.269117 ],[8.171758 8.174995 8.178912 8.183869],[0.6171444 0.6622209 0.7027356 0.7370156]
DFTGRID,A,3e-07,30,False,False,TDD,phase,10.0,[1.4826636 1.7505755 2.0053184 2.1482658],[1.4114895 1.6584002 1.9636527 2.0515506],[264.49304 319.4854  372.016   418.30692],[133.01205 172.88062 216.93053 259.22336],[6.691432  6.6006536 6.5864534 6.6520576],[1.5639199 1.5475799 1.5568205 1.5604228],[8.039328 8.043646 8.03752  8.038265],[0.9088916  0.95316577 1.0154774  1.050955  ]
DFTGRID,C,3e-08,1,False,False,TDD,phase,10.0,[0.34422544 0.416563   0.49549854 0.582815  ],[0.24187204 0.29306942 0.35057253 0.42541414],[ 81.56567   98.628494 117.13217  136.95412 ],[ 59.150997  72.23296   86.26231  101.09031 ],[8.255084 8.248182 8.240505 8.232066],[0.13919017 0.14420423 0.1502697  0.1572258 ],[8.320241 8.321053 8.321877 8.322711],[0.13149638 0.1339269  0.13672419 0.13986447]
DFTGRID,C,3e-08,10,False,False,TDD,phase,10.0,[1.8943535 2.4606597 2.5906782 2.6163712],[1.6219933 2.5753992 2.1436758 1.8179069],[261.30142 311.55505 359.3838  402.21628],[ 98.77317 118.73477 140.35396 161.211  ],[6.7353125 6.5263033 6.442503  6.477702 ],[1.3119588 1.4488919 1.5002576 1.4287739],[8.214156 8.200949 8.206897 8.228696],[0.4358665 0.4754517 0.5107417 0.5324073]
DFTGRID,C,3e-08,30,False,False,TDD,phase,10.0,[1.8351175 1.9402261 2.2677689 2.5757558],[1.5342032 1.1126769 1.5145844 2.1166916],[278.07712 336.05032 378.79468 389.8659 ],[126.96118 167.35446 186.49829 184.36736],[6.395816  6.123426  5.9661546 5.9948583],[1.5778489 1.5760155 1.7113343 1.6158987],[8.26459   8.2423935 8.200481  8.146263 ],[0.5972225  0.63432676 0.68430376 0.73401004]
DFTGRID,C,1e-07,1,False,False,TDD,phase,10.0,[0.24866542 0.30067822 0.35708404 0.41752663],[0.19799212 0.24180724 0.28878483 0.33848795],[ 69.89424   84.241936  99.77829  116.40293 ],[ 62.68001  76.31117  90.86827 106.20382],[8.22567  8.217773 8.209247 8.199978],[0.20551486 0.20945664 0.21406125 0.21938835],[8.287666  8.286729  8.285783  8.2848215],[0.20094846 0.20314613 0.20554832 0.20814274]
DFTGRID,C,1e-07,10,False,False,TDD,phase,10.0,[1.1049294 1.2926823 1.4996027 1.6907399],[0.54244405 0.6415676  0.74885947 0.84245646],[249.47754 295.48642 338.63773 377.5155 ],[111.961754 136.50938  159.55267  179.9632  ],[6.9064813 6.7349772 6.6343083 6.5776067],[1.1135184 1.1745152 1.1036475 1.1022557],[8.228059 8.225114 8.221141 8.218306],[0.40632427 0.4437365  0.47436562 0.49637368]
DFTGRID,C,1e-07,30,False,False,TDD,phase,10.0,[1.4082686 1.6238612 1.8117305 1.9017813],[1.0103765 1.0341123 1.0975468 1.0860012],[271.4724  319.35193 358.69507 392.90768],[ 93.546745 113.671776 129.58795  151.1446  ],[6.5273237 6.254504  5.994688  5.82847  ],[1.2854295 1.2318077 1.2210047 1.2959856],[8.210542 8.202722 8.19268  8.180748],[0.5592177  0.55600965 0.58218414 0.6467473 ]
DFTGRID,C,3e-07,1,False,False,TDD,phase,10.0,[0.23664638 0.28540564 0.33832362 0.39497828],[0.19183962 0.23398764 0.27913225 0.32673827],[ 71.51382  86.28638 102.33875 119.53458],[58.3489   71.219574 85.03269  99.63748 ],[8.243504 8.235946 8.227414 8.218138],[0.13278691 0.13624701 0.14064047 0.14609018],[8.30922  8.309395 8.309544 8.309666],[0.12782559 0.12907474 0.13059269 0.13237107]
DFTGRID,C,3e-07,10,False,False,TDD,phase,10.0,[0.8120333  0.96845865 1.1251419  1.277291  ],[0.3866527  0.45858946 0.5279418  0.59349614],[219.54193 261.25256 303.08887 343.30496],[ 95.78266 114.27149 132.50748 149.70497],[7.146963 6.950069 6.792908 6.677582],[0.973896  1.0480285 1.0735875 1.1040483],[8.250104 8.243473 8.238306 8.233625],[0.3385536  0.37196392 0.40309045 0.43264034]
DFTGRID,C,3e-07,30,False,False,TDD,phase,10.0,[1.0745088 1.2764019 1.4419385 1.5869815],[0.49703708 0.5783653  0.645975   0.6823152 ],[269.67703 327.67056 377.14972 418.5878 ],[ 90.31467  118.417274 145.77943  167.11385 ],[6.6192737 6.342146  6.139352  6.0792303],[1.22363   1.282911  1.3759546 1.3911028],[8.243394  8.2595005 8.280929  8.2970915],[0.52751476 0.5657697  0.5995796  0.62896645]
DFTGRID,D,3e-08,1,False,False,TDD,phase,10.0,[0.24646086 0.29779428 0.3533219  0.41258958],[0.24467927 0.29817072 0.35539025 0.415697  ],[ 73.987015  89.39282  106.060974 123.85366 ],[ 73.44507   89.507675 106.69701  124.82163 ],[8.283935 8.283551 8.283085 8.282612],[0.16904414 0.16939978 0.169766   0.17023659],[8.314399 8.31432  8.314234 8.314145],[0.16895762 0.16928388 0.1696566  0.17007588]
DFTGRID,D,3e-08,10,False,False,TDD,phase,10.0,[0.7763456 0.8932237 0.9859075 1.0763042],[0.57595086 0.6612468  0.72404927 0.77744466],[230.9671  265.868   294.21036 322.92847],[172.18996 197.05696 215.25194 232.11554],[8.023787 8.080613 8.111268 8.136523],[0.8528028  0.6014529  0.48908347 0.4117922 ],[8.316227 8.317209 8.319232 8.322231],[0.22064126 0.22971568 0.23861215 0.2478967 ]
DFTGRID,D,3e-08,30,False,False,TDD,phase,10.0,[0.8739144  0.92316157 1.0658138  1.2033181 ],[0.5664718  0.6137716  0.6866771  0.77973217],[246.53929 259.39343 297.75406 334.4353 ],[156.48416 171.65865 190.99767 212.12251],[7.9878697 7.9835997 8.019269  8.0537815],[0.84695435 0.77654546 0.5660211  0.46281213],[8.279625 8.265633 8.254636 8.245803],[0.3149234  0.33140603 0.34753156 0.37491983]
DFTGRID,D,1e-07,1,False,False,TDD,phase,10.0,[0.26229718 0.31746462 0.37722728 0.44113386],[0.23016766 0.28028548 0.33381155 0.39014092],[ 79.13648  95.7856  113.82257 133.11082],[ 70.0811    85.31272  101.573074 118.67558 ],[8.277329 8.277139 8.276859 8.276596],[0.04557506 0.04679434 0.04813254 0.04959363],[8.30858  8.308747 8.308917 8.309082],[0.04570835 0.04691134 0.04821612 0.0496129 ]
DFTGRID,D,1e-07,10,False,False,TDD,phase,10.0,[0.8511156 0.972632  1.0632796 1.1610587],[0.54003555 0.6208375  0.6712139  0.7118212 ],[251.27295 287.02985 314.16794 343.63168],[157.32477 180.92552 196.55492 210.16496],[7.9782863 8.035472  8.072626  8.099796 ],[0.9198789  0.65461713 0.48603326 0.36982936],[8.3021965 8.302738  8.303449  8.304353 ],[0.14413552 0.16243474 0.18018846 0.19722271]
DFTGRID,D,1e-07,30,False,False,TDD,phase,10.0,[0.8299826 0.8697701 0.9869136 1.0961014],[0.5358621  0.5533707  0.62539154 0.6878728 ],[249.82297 264.2269  299.20264 332.89062],[168.0157  179.906   198.46986 219.79182],[8.082519 8.094551 8.102837 8.124277],[0.5650826  0.5202965  0.46712086 0.4142873 ],[8.307436 8.310596 8.312113 8.311371],[0.28931206 0.31602684 0.33770055 0.355212  ]
DFTGRID,D,3e-07,1,False,False,TDD,phase,10.0,[0.23124108 0.27946535 0.33173722 0.38766912],[0.22633599 0.27573684 0.32853565 0.3841517 ],[ 69.31511  83.76958  99.43746 116.20225],[ 67.89795  82.71147  98.54271 115.21588],[8.274272 8.274022 8.273702 8.273347],[0.02180206 0.02337917 0.02509487 0.02694855],[8.30457  8.304598 8.304624 8.304644],[0.02125929 0.02278927 0.02444147 0.02619201]
DFTGRID,D,3e-07,10,False,False,TDD,phase,10.0,[0.77178496 0.88387215 0.9798437  1.0767843 ],[0.5351458  0.6240202  0.69191754 0.746268  ],[228.96602 261.62616 289.51376 317.88577],[157.12117 181.72618 199.65108 213.75842],[8.082307 8.093236 8.108179 8.122501],[0.5832276  0.5110874  0.41069955 0.32631794],[8.291802 8.291453 8.291422 8.291797],[0.1362243  0.15536557 0.17447099 0.1934451 ]
DFTGRID,D,3e-07,30,False,False,TDD,phase,10.0,[0.73923564 0.7629361  0.88434774 1.001182  ],[0.61716366 0.6509058  0.7572343  0.8540893 ],[216.1598  221.29808 255.304   288.2122 ],[171.01201 175.14096 204.01091 232.32101],[8.102731 8.109725 8.103626 8.113603],[0.63932705 0.5261534  0.5013684  0.456978  ],[8.314291 8.305841 8.296564 8.287484],[0.25759736 0.28634158 0.31637368 0.3417795 ]
DFTGRID,A,3e-08,1,False,False,TDD,phase,15.0,[0.26789996 0.32753    0.39220047 0.46149537],[0.23676145 0.2894003  0.3457839  0.40530908],[ 79.013084  96.68383  115.81983  136.27232 ],[ 74.59752   91.177864 108.926834 127.65232 ],[8.315113 8.31263  8.310001 8.307252],[0.19161312 0.19655475 0.20187926 0.20759623],[8.330993 8.329849 8.328677 8.327478],[0.19007082 0.19461927 0.19951841 0.20474008]
DFTGRID,A,3e-08,10,False,False,TDD,phase,15.0,[1.8510954 2.2387915 2.546346  2.4469256],[2.6458464 3.0326638 4.208979  2.979976 ],[204.79568 248.55687 293.96866 337.9441 ],[111.34644 132.8633  156.81802 179.52234],[7.5762587 7.436802  7.367577  7.3187714],[1.1097364 1.2574811 1.280249  1.3290627],[8.202798 8.202787 8.20477  8.210616],[0.5486621  0.603959   0.65337497 0.69756156]
DFTGRID,A,3e-08,30,False,False,TDD,phase,15.0,[4.7754693 4.57485   4.217185  3.9709277],[12.171914   8.69049    7.7302184  5.023908 ],[250.71547 315.63928 367.58194 412.4301 ],[144.62994 199.40373 246.32423 273.34546],[6.869688  6.832737  6.8347096 6.8606105],[1.4481192 1.372671  1.388173  1.4496242],[7.9305906 7.937528  7.938669  7.9467754],[0.9408091 0.9712995 1.0151565 1.0446168]
DFTGRID,A,1e-07,1,False,False,TDD,phase,15.0,[0.22184563 0.27120507 0.32469168 0.3819588 ],[0.23438501 0.28649956 0.34228688 0.4011549 ],[ 61.013195  74.60582   89.32676  105.08746 ],[ 71.408356  87.352936 104.45422  122.5424  ],[8.2455015 8.24452   8.243396  8.242079 ],[0.5167761  0.51756716 0.51856124 0.51972604],[8.262489 8.263346 8.264196 8.265036],[0.51461947 0.51503414 0.5156064  0.5163352 ]
DFTGRID,A,1e-07,10,False,False,TDD,phase,15.0,[1.4251125 1.7540908 2.1214013 2.0954146],[1.5894737 2.3222766 3.8271646 2.2168264],[216.71143 259.64523 302.96585 345.8807 ],[123.56886 150.8452  176.76819 200.77194],[7.3630004 7.2808576 7.229778  7.179794 ],[1.393192  1.417754  1.4152925 1.4792166],[8.144523 8.146372 8.146507 8.145758],[0.6222945 0.6648693 0.7096782 0.7541992]
DFTGRID,A,1e-07,30,False,False,TDD,phase,15.0,[2.4772565 2.8499615 3.6454394 3.4228513],[6.0418973 4.3602443 8.520521  5.8798904],[270.17175 325.47842 370.02982 392.99637],[151.40027 192.83078 228.81566 250.38884],[6.9632115 6.8060775 6.572904  6.423068 ],[1.5698268 1.5743196 1.6085595 1.5976982],[8.072836  8.0405245 7.9876432 7.931781 ],[0.9680374 1.0242084 1.0625325 1.0865597]
DFTGRID,A,3e-07,1,False,False,TDD,phase,15.0,[0.25042298 0.3065781  0.3674323  0.43255034],[0.22820638 0.2790294  0.33344743 0.3908957 ],[ 76.909096  94.192665 112.924095 132.9712  ],[ 77.15965  94.32831 112.71464 132.12495],[8.195276 8.194798 8.194216 8.193469],[0.35667405 0.35860634 0.36068428 0.36296988],[8.213686 8.214922 8.216152 8.217375],[0.35320455 0.35431987 0.35555044 0.3568935 ]
DFTGRID,A,3e-07,10,False,False,TDD,phase,15.0,[1.0266159 1.2842629 1.4731853 1.7026042],[0.7806923 1.1450353 1.2139549 1.4499025],[211.73442 257.91406 306.21973 355.011  ],[112.63724 138.7229  167.18639 197.18349],[7.3531685 7.2395244 7.2051563 7.1910663],[1.2890191 1.3838317 1.311967  1.2698247],[8.171758 8.174995 8.178912 8.183869],[0.6171444 0.6622209 0.7027356 0.7370156]
DFTGRID,A,3e-07,30,False,False,TDD,phase,15.0,[1.5144938 1.7933111 2.056423  2.2048633],[1.4771764 1.7350088 2.0472524 2.1415565],[264.7231  321.39322 375.50974 423.19638],[134.32011 174.68872 219.30038 262.06018],[6.7345753 6.637633  6.6231623 6.6868706],[1.5588721 1.5471776 1.5626614 1.5707927],[8.039328 8.043646 8.03752  8.038265],[0.9088916  0.95316577 1.0154774  1.050955  ]
DFTGRID,C,3e-08,1,False,False,TDD,phase,15.0,[0.33726037 0.41250512 0.49472818 0.5857366 ],[0.25008437 0.3034343  0.36372367 0.442994  ],[ 78.45519  96.1302  115.31336 135.85674],[ 60.652386  74.218735  88.761986 104.13486 ],[8.278679 8.271769 8.264057 8.255601],[0.13880017 0.14388451 0.14992961 0.15693791],[8.320241 8.321053 8.321877 8.322711],[0.13149638 0.1339269  0.13672419 0.13986447]
DFTGRID,C,3e-08,10,False,False,TDD,phase,15.0,[1.9435914 2.5362186 2.669247  2.6926823],[1.6919658 2.6926062 2.2348802 1.8915385],[262.2739  314.2959  363.55508 407.56287],[100.93076 121.46694 143.65776 165.08595],[6.764963 6.55225  6.467241 6.507558],[1.3225093 1.4723418 1.5241026 1.4392056],[8.214156 8.200949 8.206897 8.228696],[0.4358665 0.4754517 0.5107417 0.5324073]
DFTGRID,C,3e-08,30,False,False,TDD,phase,15.0,[1.864212  1.9797242 2.3140638 2.6373925],[1.5962793 1.1590179 1.5771406 2.189868 ],[276.0404  336.6035  381.07483 393.22476],[127.43129 169.48055 189.08705 186.86313],[6.4364085 6.1742516 6.0090904 6.0314436],[1.6016421 1.5737237 1.7174549 1.606974 ],[8.26459   8.2423935 8.200481  8.146263 ],[0.5972225  0.63432676 0.68430376 0.73401004]
DFTGRID,C,1e-07,1,False,False,TDD,phase,15.0,[0.23805699 0.2920494  0.35068208 0.41348848],[0.2031794  0.24864832 0.2974391  0.34905052],[ 66.57248  81.44771  97.57098 114.82747],[ 64.11835  78.27198  93.39263 109.31704],[8.249733  8.241898  8.2333355 8.224044 ],[0.20548247 0.20941563 0.21403018 0.21927544],[8.287666  8.286729  8.285783  8.2848215],[0.20094846 0.20314613 0.20554832 0.20814274]
DFTGRID,C,1e-07,10,False,False,TDD,phase,15.0,[1.1203545 1.3155532 1.5303857 1.7284917],[0.5618999 0.6644317 0.7758775 0.8737022],[250.04955 297.74652 342.43893 382.6425 ],[114.33527 139.61859 163.25659 184.16927],[6.9563622 6.7768846 6.673477  6.6170855],[1.089535  1.1830837 1.1145086 1.107454 ],[8.228059 8.225114 8.221141 8.218306],[0.40632427 0.4437365  0.47436562 0.49637368]
DFTGRID,C,1e-07,30,False,False,TDD,phase,15.0,[1.4339736 1.6592101 1.854994  1.9479789],[1.0577979 1.0800629 1.1469686 1.1371698],[271.8598  321.86487 362.7872  398.21512],[ 95.00279  115.607445 131.79105  153.74025 ],[6.5735917 6.293776  6.0393925 5.8721995],[1.2786257 1.2348311 1.220578  1.2917188],[8.210542 8.202722 8.19268  8.180748],[0.5592177  0.55600965 0.58218414 0.6467473 ]
DFTGRID,C,3e-07,1,False,False,TDD,phase,15.0,[0.224994   0.2755481  0.33042294 0.38921288],[0.19647744 0.24021448 0.28702217 0.33642033],[ 67.95315   83.26441   99.903465 117.745255],[ 59.66441  73.01047  87.3248  102.47298],[8.267617 8.26     8.251523 8.242195],[0.1326166  0.13608001 0.14045992 0.1458839 ],[8.30922  8.309395 8.309544 8.309666],[0.12782559 0.12907474 0.13059269 0.13237107]
DFTGRID,C,3e-07,10,False,False,TDD,phase,15.0,[0.81580305 0.9784229  1.1414695  1.299791  ],[0.39816105 0.47287306 0.5449026  0.6131955 ],[219.43002 262.72235 306.15457 347.89175],[ 97.47356  116.436584 135.11472  152.72267 ],[7.1863213 6.987922  6.8297143 6.711057 ],[0.96395886 1.0449349  1.0699892  1.1027931 ],[8.250104 8.243473 8.238306 8.233625],[0.3385536  0.37196392 0.40309045 0.43264034]
DFTGRID,C,3e-07,30,False,False,TDD,phase,15.0,[1.0833735 1.2944733 1.4656144 1.6155059],[0.51717806 0.60329884 0.6728159  0.7102025 ],[269.57062 329.57434 380.47034 423.18832],[ 91.41296 119.98077 147.6789  169.54959],[6.6609645 6.381864  6.1703253 6.115326 ],[1.225769  1.286954  1.3872474 1.4031379],[8.243394  8.2595005 8.280929  8.2970915],[0.52751476 0.5657697  0.5995796  0.62896645]
DFTGRID,D,3e-08,1,False,False,TDD,phase,15.0,[0.23679881 0.2897386  0.3469959  0.4081322 ],[0.24848917 0.30366036 0.36268368 0.424924  ],[ 71.06033  86.95004 104.13788 122.49254],[ 74.56802   91.13846  108.87257  127.581566],[8.3040285 8.303608  8.303148  8.302657 ],[0.16904444 0.1693818  0.16977537 0.17022221],[8.314399 8.31432  8.314234 8.314145],[0.16895762 0.16928388 0.1696566  0.17007588]
DFTGRID,D,3e-08,10,False,False,TDD,phase,15.0,[0.7789857 0.9000502 0.9957829 1.089339 ],[0.58551   0.6750105 0.7417446 0.7982802],[231.52335 267.64255 296.8766  326.54663],[174.90422 200.97636 220.31367 238.10379],[8.043048 8.102466 8.136155 8.164422],[0.8754733  0.61327994 0.49495828 0.4126759 ],[8.316227 8.317209 8.319232 8.322231],[0.22064126 0.22971568 0.23861215 0.2478967 ]
DFTGRID,D,3e-08,30,False,False,TDD,phase,15.0,[0.8799495 0.9309891 1.079349  1.2221359],[0.5777742  0.62908095 0.70642054 0.8027235 ],[247.62373 260.94336 300.74313 338.82593],[159.06581 175.61359 195.88327 217.75494],[8.008549 8.001045 8.049117 8.082116],[0.864194   0.82738507 0.56550825 0.46720642],[8.279625 8.265633 8.254636 8.245803],[0.3149234  0.33140603 0.34753156 0.37491983]
DFTGRID,D,1e-07,1,False,False,TDD,phase,15.0,[0.25299108 0.30988258 0.37153584 0.4374781 ],[0.2337421  0.2854401  0.34067565 0.3988292 ],[ 76.33612  93.50544 112.11227 132.01445],[ 71.16564   86.879005 103.65923  121.31656 ],[8.297785 8.297569 8.297295 8.296989],[0.0456742  0.0468995  0.04824265 0.0496932 ],[8.30858  8.308747 8.308917 8.309082],[0.04570835 0.04691134 0.04821612 0.0496129 ]
DFTGRID,D,1e-07,10,False,False,TDD,phase,15.0,[0.8545257  0.98090136 1.0748411  1.175971  ],[0.5493867 0.6340362 0.6880347 0.731667 ],[252.11511 289.27887 317.36777 347.80075],[159.94307 184.6575  201.33199 215.81236],[8.001001 8.061853 8.102629 8.133381],[0.95779264 0.66692114 0.48965335 0.3675789 ],[8.3021965 8.302738  8.303449  8.304353 ],[0.14413552 0.16243474 0.18018846 0.19722271]
DFTGRID,D,1e-07,30,False,False,TDD,phase,15.0,[0.8343879  0.87509155 0.9959299  1.1096272 ],[0.5455159  0.566741   0.64192814 0.7074531 ],[250.71158 265.39154 301.47516 336.49387],[170.56519 183.5217  203.027   225.26834],[8.110512 8.127326 8.138109 8.15982 ],[0.57053524 0.5223897  0.46462357 0.40938318],[8.307436 8.310596 8.312113 8.311371],[0.28931206 0.31602684 0.33770055 0.355212  ]
DFTGRID,D,3e-07,1,False,False,TDD,phase,15.0,[0.22128253 0.27099007 0.32488057 0.38255993],[0.22980897 0.28074706 0.33521363 0.39260805],[ 66.329285  81.22876   97.38214  114.67122 ],[ 68.9445    84.22007  100.55199  117.759575],[8.294341 8.294055 8.293724 8.293362],[0.02152273 0.02313952 0.02488864 0.02675045],[8.30457  8.304598 8.304624 8.304644],[0.02125929 0.02278927 0.02444147 0.02619201]
DFTGRID,D,3e-07,10,False,False,TDD,phase,15.0,[0.7743868  0.89041984 0.98947775 1.0897933 ],[0.5439901  0.63631636 0.7083746  0.7664453 ],[229.62563 263.4221  292.19708 321.53894],[159.59737 185.16077 204.24599 219.38214],[8.113201 8.123963 8.139107 8.154128],[0.5668072  0.49620947 0.40150535 0.3197224 ],[8.291802 8.291453 8.291422 8.291797],[0.1362243  0.15536557 0.17447099 0.1934451 ]
DFTGRID,D,3e-07,30,False,False,TDD,phase,15.0,[0.74116164 0.7651036  0.8909654  1.0120026 ],[0.62842906 0.6666806  0.7766908  0.8775191 ],[216.27744 221.42598 256.66843 290.78638],[173.98204 179.32501 209.19907 238.58646],[8.133938  8.143702  8.1371765 8.146089 ],[0.618932   0.5151643  0.49211478 0.45048285],[8.314291 8.305841 8.296564 8.287484],[0.25759736 0.28634158 0.31637368 0.3417795 ]
DFTGRID,A,3e-08,1,False,False,TDD,phase,20.0,[0.26496944 0.3253218  0.39078322 0.4609258 ],[0.23843442 0.29169896 0.3487566  0.40900907],[ 78.10532   95.98779  115.352715 136.0512  ],[ 75.089745  91.86562  109.824814 128.77487 ],[8.32226  8.319771 8.317141 8.314382],[0.1915838  0.1965246  0.2018626  0.20756793],[8.330993 8.329849 8.328677 8.327478],[0.19007082 0.19461927 0.19951841 0.20474008]
DFTGRID,A,3e-08,10,False,False,TDD,phase,20.0,[1.8688639 2.2624366 2.5751781 2.474494 ],[2.6873426 3.078786  4.2766924 3.0294354],[204.80725 249.05106 294.97797 339.46347],[111.94081 133.6471  157.87206 180.85805],[7.588006 7.448487 7.377561 7.327338],[1.1061677 1.2525676 1.2764412 1.3269421],[8.202798 8.202787 8.20477  8.210616],[0.5486621  0.603959   0.65337497 0.69756156]
DFTGRID,A,3e-08,30,False,False,TDD,phase,20.0,[4.829976  4.6298537 4.26929   4.018477 ],[12.343791  8.825125  7.8545    5.102405],[250.89137 316.54572 369.1816  414.76816],[145.21913 200.39862 247.72786 275.1047 ],[6.878124  6.851235  6.8378778 6.8714223],[1.4512796 1.3444287 1.4068881 1.4480749],[7.9305906 7.937528  7.938669  7.9467754],[0.9408091 0.9712995 1.0151565 1.0446168]
DFTGRID,A,1e-07,1,False,False,TDD,phase,20.0,[0.21835466 0.2683317  0.32251796 0.38050532],[0.23629339 0.28905717 0.34555763 0.40517098],[ 59.8591    73.61501   88.52257  104.471535],[ 71.90168  88.04366 105.36202 123.67983],[8.252639 8.251652 8.250495 8.249173],[0.5164663  0.51727164 0.51826435 0.5194442 ],[8.262489 8.263346 8.264196 8.265036],[0.51461947 0.51503414 0.5156064  0.5163352 ]
DFTGRID,A,1e-07,10,False,False,TDD,phase,20.0,[1.4412003 1.7778991 2.1464334 2.118415 ],[1.6201795 2.3735666 3.9016337 2.2566123],[216.74768 260.16507 303.98743 347.4203 ],[124.230446 151.70403  177.81194  202.0051  ],[7.3800373 7.2975416 7.242602  7.189994 ],[1.3791101 1.4056101 1.4110746 1.4786139],[8.144523 8.146372 8.146507 8.145758],[0.6222945 0.6648693 0.7096782 0.7541992]
DFTGRID,A,1e-07,30,False,False,TDD,phase,20.0,[2.5036275 2.880625  3.690644  3.467831 ],[6.134576 4.419967 8.64558  5.973718],[270.4147  326.40448 371.58383 394.97864],[152.113   193.73756 229.63673 251.30438],[6.9761853 6.817345  6.584087  6.4369884],[1.5709816 1.5743984 1.6072271 1.591117 ],[8.072836  8.0405245 7.9876432 7.931781 ],[0.9680374 1.0242084 1.0625325 1.0865597]
DFTGRID,A,3e-07,1,False,False,TDD,phase,20.0,[0.2472115  0.3040273  0.3656179  0.43153068],[0.22987433 0.28129902 0.33637246 0.39450526],[ 75.95633   93.43749  112.391266 132.67545 ],[ 77.62627  94.99778 113.60244 133.2432 ],[8.203416 8.202971 8.202359 8.201606],[0.35630476 0.3581986  0.36029506 0.36257356],[8.213686 8.214922 8.216152 8.217375],[0.35320455 0.35431987 0.35555044 0.3568935 ]
DFTGRID,A,3e-07,10,False,False,TDD,phase,20.0,[1.032673  1.293543  1.4846256 1.7171624],[0.79284054 1.1630689  1.2333541  1.4733706 ],[211.60484 258.25824 307.05295 356.34476],[113.2438  139.55731 168.2682  198.5268 ],[7.365681  7.250102  7.2155766 7.200932 ],[1.2846692 1.3844413 1.3121569 1.270007 ],[8.171758 8.174995 8.178912 8.183869],[0.6171444 0.6622209 0.7027356 0.7370156]
DFTGRID,A,3e-07,30,False,False,TDD,phase,20.0,[1.5251999 1.8069049 2.0740638 2.2243776],[1.5001291 1.7604806 2.078389  2.1732206],[264.64743 321.98914 376.77832 425.13937],[134.67384 175.49152 220.48349 263.6706 ],[6.748915  6.652324  6.633925  6.6982617],[1.5558255 1.5444709 1.5599765 1.5655245],[8.039328 8.043646 8.03752  8.038265],[0.9088916  0.95316577 1.0154774  1.050955  ]
DFTGRID,C,3e-08,1,False,False,TDD,phase,20.0,[0.33536366 0.4116049  0.4949127  0.587129  ],[0.25286016 0.30692908 0.3681192  0.44879812],[ 77.507965  95.389984 114.79394  135.57967 ],[ 61.127697  74.85161   89.57029  105.12688 ],[8.285874 8.278954 8.271243 8.262762],[0.13867913 0.14375913 0.14980114 0.15682004],[8.320241 8.321053 8.321877 8.322711],[0.13149638 0.1339269  0.13672419 0.13986447]
DFTGRID,C,3e-08,10,False,False,TDD,phase,20.0,[1.9607954 2.5606353 2.6969488 2.721635 ],[1.7162621 2.7308536 2.2659385 1.9172423],[262.93558 315.50418 365.22165 409.59216],[101.88478 122.66334 144.98064 166.46712],[6.7850385 6.5775194 6.4892836 6.5255437],[1.3118137 1.4556115 1.517395  1.4390671],[8.214156 8.200949 8.206897 8.228696],[0.4358665 0.4754517 0.5107417 0.5324073]
DFTGRID,C,3e-08,30,False,False,TDD,phase,20.0,[1.8878741 1.9978561 2.3332093 2.6642845],[1.624345  1.1748378 1.5991558 2.2178776],[277.12564 337.7916  382.58765 395.01425],[129.34264 171.37143 190.93701 188.44052],[6.468192  6.1995726 6.0236645 6.0573487],[1.5660948 1.5612825 1.7308643 1.6003381],[8.26459   8.2423935 8.200481  8.146263 ],[0.5972225  0.63432676 0.68430376 0.73401004]
DFTGRID,C,1e-07,1,False,False,TDD,phase,20.0,[0.23494811 0.2896471  0.34903702 0.4126471 ],[0.20483342 0.25088298 0.30030522 0.35257667],[ 65.56015  80.62493  96.94874 114.41555],[ 64.56804  78.90092  94.21618 110.34216],[8.257087 8.249214 8.240632 8.231343],[0.20555352 0.20950894 0.21409678 0.21937548],[8.287666  8.286729  8.285783  8.2848215],[0.20094846 0.20314613 0.20554832 0.20814274]
DFTGRID,C,1e-07,10,False,False,TDD,phase,20.0,[1.125239  1.3226438 1.5404027 1.741589 ],[0.56887627 0.67297626 0.78587    0.88538384],[250.19673 298.42206 343.67227 384.41547],[114.96244 140.51405 164.44942 185.61516],[6.9666877 6.7914424 6.68587   6.6274114],[1.1031605 1.1841612 1.1193042 1.1131612],[8.228059 8.225114 8.221141 8.218306],[0.40632427 0.4437365  0.47436562 0.49637368]
DFTGRID,C,1e-07,30,False,False,TDD,phase,20.0,[1.4408898 1.6705229 1.8680633 1.9630176],[1.0672181 1.0946577 1.1626003 1.1549908],[271.80472 322.54413 363.9907  399.93454],[ 94.79171  115.904915 132.43335  154.5591  ],[6.5836306 6.310411  6.045698  5.8781037],[1.2845205 1.226094  1.232072  1.3021606],[8.210542 8.202722 8.19268  8.180748],[0.5592177  0.55600965 0.58218414 0.6467473 ]
DFTGRID,C,3e-07,1,False,False,TDD,phase,20.0,[0.22157036 0.27275744 0.32831174 0.38784003],[0.19779187 0.2420543  0.28944194 0.33943024],[ 66.90487   82.4066    99.24808  117.312836],[ 60.048595  73.55389   88.04493  103.372696],[8.274952 8.267315 8.258817 8.249472],[0.13255402 0.13601805 0.1404185  0.14582875],[8.30922  8.309395 8.309544 8.309666],[0.12782559 0.12907474 0.13059269 0.13237107]
DFTGRID,C,3e-07,10,False,False,TDD,phase,20.0,[0.81709975 0.98189604 1.1472259  1.3078461 ],[0.40206677 0.47793806 0.5510601  0.6204405 ],[219.40132 263.2621  307.29196 349.6063 ],[ 97.96865 117.16756 136.09674 153.94797],[7.1940117 6.995362  6.837518  6.719872 ],[0.9680216 1.0498806 1.0738444 1.1058298],[8.250104 8.243473 8.238306 8.233625],[0.3385536  0.37196392 0.40309045 0.43264034]
DFTGRID,C,3e-07,30,False,False,TDD,phase,20.0,[1.0878636 1.300949  1.4748417 1.6269945],[0.52440035 0.6113669  0.6821785  0.7216295 ],[269.7936  330.37628 381.89352 424.99063],[ 91.953896 120.619545 148.44489  170.47287 ],[6.6647906 6.388841  6.1800675 6.1227326],[1.241137  1.2938225 1.3881284 1.4108522],[8.243394  8.2595005 8.280929  8.2970915],[0.52751476 0.5657697  0.5995796  0.62896645]
DFTGRID,D,3e-08,1,False,False,TDD,phase,20.0,[0.23390523 0.2873621  0.34519154 0.40694812],[0.2496726  0.30539185 0.36500823 0.4278779 ],[ 70.18411   86.229034 103.588554 122.12966 ],[ 74.91149  91.64597 109.55804 128.45578],[8.310247 8.30982  8.309362 8.308864],[0.16904044 0.16939008 0.1697806  0.17022477],[8.314399 8.31432  8.314234 8.314145],[0.16895762 0.16928388 0.1696566  0.17007588]
DFTGRID,D,3e-08,10,False,False,TDD,phase,20.0,[0.78011656 0.9024424  0.9991692  1.0938231 ],[0.58865076 0.67936414 0.7473966  0.80502504],[231.78378 268.27948 297.80527 327.8025 ],[175.79466 202.23595 221.95828 240.06758],[8.054106 8.111618 8.145361 8.173951],[0.85687995 0.60766673 0.49193695 0.41023374],[8.316227 8.317209 8.319232 8.322231],[0.22064126 0.22971568 0.23861215 0.2478967 ]
DFTGRID,D,3e-08,30,False,False,TDD,phase,20.0,[0.8824217 0.9340866 1.0841228 1.228692 ],[0.5818155 0.6345495 0.7130915 0.8107973],[248.09698 261.58536 301.798   340.3617 ],[159.99147 177.02249 197.53127 219.73409],[8.017566 8.013281 8.058024 8.091884],[0.8593038  0.809358   0.56768763 0.46645156],[8.279625 8.265633 8.254636 8.245803],[0.3149234  0.33140603 0.34753156 0.37491983]
DFTGRID,D,1e-07,1,False,False,TDD,phase,20.0,[0.2501922  0.30764765 0.36990687 0.4365094 ],[0.23493487 0.28714904 0.34293884 0.4016841 ],[ 75.49646   92.83591  111.625885 131.72743 ],[ 71.531204  87.40215  104.3515   122.189354],[8.304122 8.303893 8.303621 8.303315],[0.04571521 0.04694645 0.04828113 0.04972097],[8.30858  8.308747 8.308917 8.309082],[0.04570835 0.04691134 0.04821612 0.0496129 ]
DFTGRID,D,1e-07,10,False,False,TDD,phase,20.0,[0.85623723 0.9842888  1.0791754  1.1812934 ],[0.5527629  0.6387926  0.69375104 0.7382289 ],[252.55586 290.19504 318.56003 349.28848],[160.85378 185.9467  202.92516 217.68472],[8.018096 8.077433 8.116883 8.145857],[0.9332275  0.6444213  0.46996576 0.35688367],[8.3021965 8.302738  8.303449  8.304353 ],[0.14413552 0.16243474 0.18018846 0.19722271]
DFTGRID,D,1e-07,30,False,False,TDD,phase,20.0,[0.8364972 0.8780516 1.0000459 1.1150221],[0.54903907 0.5723837  0.6482077  0.71454364],[251.19038 266.11493 302.57138 337.97284],[171.4994  185.0688  204.83551 227.28632],[8.126591  8.1421175 8.153424  8.173959 ],[0.5544989  0.51497895 0.45690978 0.40485334],[8.307436 8.310596 8.312113 8.311371],[0.28931206 0.31602684 0.33770055 0.355212  ]
DFTGRID,D,3e-07,1,False,False,TDD,phase,20.0,[0.21840191 0.26860225 0.32303062 0.381293  ],[0.23093082 0.28238147 0.33740166 0.3953825 ],[ 65.46149   80.50831   96.82255  114.285866],[ 69.27773  84.7066  101.20389 118.58677],[8.300513 8.300218 8.299881 8.299512],[0.02152095 0.02313959 0.02489403 0.02675989],[8.30457  8.304598 8.304624 8.304644],[0.02125929 0.02278927 0.02444147 0.02619201]
DFTGRID,D,3e-07,10,False,False,TDD,phase,20.0,[0.7751991  0.89257574 0.992655   1.0940108 ],[0.5463578  0.63988817 0.7132988  0.7724885 ],[229.82808 264.01227 293.08163 322.72372],[160.23203 186.13295 205.59645 221.04478],[8.113777 8.125577 8.142458 8.159384],[0.58395135 0.5098565  0.41086558 0.32597044],[8.291802 8.291453 8.291422 8.291797],[0.1362243  0.15536557 0.17447099 0.1934451 ]
DFTGRID,D,3e-07,30,False,False,TDD,phase,20.0,[0.74200803 0.76620483 0.89364797 1.0158832 ],[0.6319917  0.6720899  0.78352183 0.88543415],[216.36816 221.55988 257.23523 291.70483],[174.87192 180.67377 210.91603 240.60782],[8.139895 8.151221 8.144073 8.154646],[0.6229417  0.51867676 0.4985425  0.4511271 ],[8.314291 8.305841 8.296564 8.287484],[0.25759736 0.28634158 0.31637368 0.3417795 ]
DFTGRID,A,3e-08,1,False,False,TDD,phase,25.0,[0.26411775 0.3247099  0.39043042 0.4608508 ],[0.23899092 0.29245967 0.3497417  0.41022804],[ 77.83554  95.78767 115.22646 136.00333],[ 75.25377  92.09371 110.12158 129.14372],[8.324389 8.321898 8.319263 8.316501],[0.19160095 0.19653776 0.20187567 0.20758547],[8.330993 8.329849 8.328677 8.327478],[0.19007082 0.19461927 0.19951841 0.20474008]
DFTGRID,A,3e-08,10,False,False,TDD,phase,25.0,[1.8759006 2.2710934 2.5847235 2.48333  ],[2.7005806 3.0941172 4.2964544 3.0451252],[204.93379 249.29065 295.3207  339.91116],[112.20824 133.94812 158.20082 181.22562],[7.591409  7.4521666 7.3815556 7.331246 ],[1.107701  1.2555379 1.2799522 1.3309133],[8.202798 8.202787 8.20477  8.210616],[0.5486621  0.603959   0.65337497 0.69756156]
DFTGRID,A,3e-08,30,False,False,TDD,phase,25.0,[4.8493347 4.6476226 4.285399  4.0332046],[12.396526   8.867591   7.8911138  5.129494 ],[251.00377 316.8727  369.61023 415.2965 ],[145.36635 200.6505  248.05447 275.44467],[6.8838506 6.848129  6.8485565 6.8747735],[1.4506992 1.3699332 1.3876755 1.4485655],[7.9305906 7.937528  7.938669  7.9467754],[0.9408091 0.9712995 1.0151565 1.0446168]
DFTGRID,A,1e-07,1,False,False,TDD,phase,25.0,[0.21776901 0.26794377 0.32234725 0.38057005],[0.23678742 0.2897625  0.3464845  0.40634406],[ 59.657696  73.46442   88.42777  104.437874],[ 72.016594  88.2182   105.60071  123.989716],[8.254255  8.2532625 8.252091  8.250759 ],[0.5163081  0.5171119  0.51810837 0.5192937 ],[8.262489 8.263346 8.264196 8.265036],[0.51461947 0.51503414 0.5156064  0.5163352 ]
DFTGRID,A,1e-07,10,False,False,TDD,phase,25.0,[1.4453088 1.7840621 2.1545558 2.1259696],[1.628578  2.3867064 3.9242797 2.269188 ],[216.86774 260.44208 304.4211  348.00427],[124.49571 152.03755 178.1854  202.41452],[7.385627  7.3030195 7.2463875 7.1927443],[1.3744166 1.4009283 1.4102437 1.4795702],[8.144523 8.146372 8.146507 8.145758],[0.6222945 0.6648693 0.7096782 0.7541992]
DFTGRID,A,1e-07,30,False,False,TDD,phase,25.0,[2.512555 2.891683 3.706359 3.483038],[6.172639  4.4460635 8.704617  6.0124235],[270.41956 326.63895 372.0568  395.61765],[152.34721 194.1423  230.1462  251.83476],[6.984715  6.8219085 6.588553  6.438976 ],[1.5626053 1.5741453 1.6080128 1.5947546],[8.072836  8.0405245 7.9876432 7.931781 ],[0.9680374 1.0242084 1.0625325 1.0865597]
DFTGRID,A,3e-07,1,False,False,TDD,phase,25.0,[0.24636097 0.30339387 0.36522025 0.4313849 ],[0.23038375 0.28200203 0.33728722 0.3956442 ],[ 75.68869  93.23538 112.25988 132.62   ],[ 77.76243  95.19858 113.87516 133.5913 ],[8.205776 8.205321 8.204707 8.203945],[0.35625806 0.3581485  0.36023784 0.3625276 ],[8.213686 8.214922 8.216152 8.217375],[0.35320455 0.35431987 0.35555044 0.3568935 ]
DFTGRID,A,3e-07,10,False,False,TDD,phase,25.0,[1.0352684 1.2977006 1.4899058 1.7236141],[0.7973479 1.1697489 1.2406486 1.482104 ],[211.66924 258.50403 307.48962 356.97617],[113.44819 139.82715 168.60184 198.91411],[7.366904  7.2516193 7.216879  7.202743 ],[1.2872984 1.385953  1.3140007 1.2713536],[8.171758 8.174995 8.178912 8.183869],[0.6171444 0.6622209 0.7027356 0.7370156]
DFTGRID,A,3e-07,30,False,False,TDD,phase,25.0,[1.5291294 1.8128706 2.0813847 2.2317147],[1.5076983 1.7696608 2.0886123 2.1829143],[264.86667 322.46072 377.50113 425.9659 ],[134.86746 175.71477 220.74223 263.90607],[6.74967   6.6503797 6.6390224 6.7040224],[1.5611087 1.5560372 1.5594836 1.5650327],[8.039328 8.043646 8.03752  8.038265],[0.9088916  0.95316577 1.0154774  1.050955  ]
DFTGRID,C,3e-08,1,False,False,TDD,phase,25.0,[0.3348131  0.41136706 0.4950305  0.587651  ],[0.2536802  0.30797383 0.3694735  0.45063433],[ 77.21737   95.16464  114.640656 135.50386 ],[ 61.2542   75.02869  89.80144 105.41869],[8.288027 8.281112 8.273396 8.264917],[0.13863751 0.1437203  0.14976922 0.156785  ],[8.320241 8.321053 8.321877 8.322711],[0.13149638 0.1339269  0.13672419 0.13986447]
DFTGRID,C,3e-08,10,False,False,TDD,phase,25.0,[1.9654644 2.56839   2.7052681 2.730282 ],[1.7233697 2.74248   2.2762532 1.9257501],[262.93552 315.6774  365.5826  410.1521 ],[102.076096 122.875336 145.19286  166.6841  ],[6.7885876 6.581148  6.4923553 6.526348 ],[1.3083897 1.4507657 1.5116372 1.4354856],[8.214156 8.200949 8.206897 8.228696],[0.4358665 0.4754517 0.5107417 0.5324073]
DFTGRID,C,3e-08,30,False,False,TDD,phase,25.0,[1.8848698 2.0008323 2.3414676 2.6694949],[1.6287616 1.1800838 1.6082089 2.2278488],[276.18713 337.64304 382.9473  395.36414],[128.38513 170.78851 190.71817 188.52567],[6.45065   6.1822557 6.0176806 6.0545416],[1.5926812 1.5980642 1.7431425 1.5997005],[8.26459   8.2423935 8.200481  8.146263 ],[0.5972225  0.63432676 0.68430376 0.73401004]
DFTGRID,C,1e-07,1,False,False,TDD,phase,25.0,[0.23433387 0.28925136 0.34888858 0.41275927],[0.20529209 0.2515309  0.30115658 0.3536445 ],[ 65.34845   80.470894  96.85996  114.39498 ],[ 64.68964   79.08039   94.45768  110.649475],[8.258867 8.250994 8.242395 8.233108],[0.20555592 0.20950256 0.21408941 0.21935411],[8.287666  8.286729  8.285783  8.2848215],[0.20094846 0.20314613 0.20554832 0.20814274]
DFTGRID,C,1e-07,10,False,False,TDD,phase,25.0,[1.1271865 1.3254755 1.543824  1.7452874],[0.57040066 0.67467684 0.78809106 0.88792497],[250.35074 298.76373 344.13464 384.96106],[115.32634 140.95636 164.908   186.07329],[6.96975   6.7909794 6.685386  6.629218 ],[1.0997145 1.1867968 1.1222358 1.1134815],[8.228059 8.225114 8.221141 8.218306],[0.40632427 0.4437365  0.47436562 0.49637368]
DFTGRID,C,1e-07,30,False,False,TDD,phase,25.0,[1.4454347 1.6749747 1.874062  1.969355 ],[1.0766944 1.1022344 1.171383  1.1623023],[271.8408  322.74088 364.41913 400.53308],[ 95.177956 116.206245 132.66713  154.86014 ],[6.5925407 6.3121495 6.0502806 5.8815737],[1.2852722 1.236568  1.2320436 1.3033167],[8.210542 8.202722 8.19268  8.180748],[0.5592177  0.55600965 0.58218414 0.6467473 ]
DFTGRID,C,3e-07,1,False,False,TDD,phase,25.0,[0.22088104 0.2722617  0.32802817 0.38778302],[0.19819558 0.24263006 0.29020354 0.34039217],[ 66.700676  82.26204   99.16777  117.30128 ],[ 60.166615  73.72435   88.27217  103.66105 ],[8.276798  8.2691555 8.260654  8.251311 ],[0.13252993 0.13598637 0.14038178 0.14579336],[8.30922  8.309395 8.309544 8.309666],[0.12782559 0.12907474 0.13059269 0.13237107]
DFTGRID,C,3e-07,10,False,False,TDD,phase,25.0,[0.817703   0.98322725 1.1492277  1.310416  ],[0.40343678 0.4796165  0.5530561  0.62269944],[219.46245 263.49307 307.67365 350.1201 ],[ 98.23534  117.478516 136.43002  154.28284 ],[7.1983833 6.9992895 6.841585  6.7235622],[0.96687174 1.0490031  1.0729983  1.1051378 ],[8.250104 8.243473 8.238306 8.233625],[0.3385536  0.37196392 0.40309045 0.43264034]
DFTGRID,C,3e-07,30,False,False,TDD,phase,25.0,[1.0887889 1.3026711 1.4781178 1.6306984],[0.52629995 0.61356944 0.6859796  0.72535735],[269.79056 330.55957 382.20993 425.44043],[ 92.05075 120.7295  148.38599 170.40475],[6.671521  6.396107  6.186421  6.1296983],[1.2459995 1.2965181 1.3937509 1.4109699],[8.243394  8.2595005 8.280929  8.2970915],[0.52751476 0.5657697  0.5995796  0.62896645]
DFTGRID,D,3e-08,1,False,False,TDD,phase,25.0,[0.23306541 0.2866859  0.3446996  0.40665257],[0.25002939 0.30592093 0.36572725 0.42879644],[ 69.9294    86.02343  103.438156 122.03793 ],[ 75.01833  91.8046  109.77355 128.73114],[8.312141 8.311713 8.311252 8.31075 ],[0.16904032 0.1693884  0.16978396 0.1702266 ],[8.314399 8.31432  8.314234 8.314145],[0.16895762 0.16928388 0.1696566  0.17007588]
DFTGRID,D,3e-08,10,False,False,TDD,phase,25.0,[0.78057647 0.90330833 1.000339   1.0953262 ],[0.58966625 0.68077433 0.7491808  0.80711746],[231.89711 268.51202 298.12744 328.22598],[176.08469 202.64226 222.47527 240.67738],[8.056416  8.113962  8.1478815 8.176636 ],[0.85721195 0.6077344  0.4917568  0.40987426],[8.316227 8.317209 8.319232 8.322231],[0.22064126 0.22971568 0.23861215 0.2478967 ]
DFTGRID,D,3e-08,30,False,False,TDD,phase,25.0,[0.88315207 0.9350272  1.0857139  1.230777  ],[0.58311486 0.6362333  0.71525264 0.81321615],[248.22797 261.7697  302.16382 340.84607],[160.2614  177.43088 198.07416 220.29497],[8.023974 8.01239  8.061728 8.094238],[0.8396146  0.8281265  0.5641998  0.46714363],[8.279625 8.265633 8.254636 8.245803],[0.3149234  0.33140603 0.34753156 0.37491983]
DFTGRID,D,1e-07,1,False,False,TDD,phase,25.0,[0.24936363 0.306998   0.36945397 0.43626934],[0.23528753 0.28766644 0.3436382  0.40257546],[ 75.24468  92.63789 111.48695 131.65244],[ 71.6331    87.553795 104.55817  122.454094],[8.306057 8.305822 8.305548 8.305236],[0.04572963 0.04695747 0.04829617 0.0497341 ],[8.30858  8.308747 8.308917 8.309082],[0.04570835 0.04691134 0.04821612 0.0496129 ]
DFTGRID,D,1e-07,10,False,False,TDD,phase,25.0,[0.8565     0.98489684 1.0802417  1.1828537 ],[0.55345607 0.6396199  0.69509345 0.74002177],[252.62535 290.37042 318.8651  349.73148],[161.04237 186.17992 203.30533 218.18877],[8.016081 8.077089 8.117207 8.146762],[0.9439504  0.6492092  0.47385383 0.35911334],[8.3021965 8.302738  8.303449  8.304353 ],[0.14413552 0.16243474 0.18018846 0.19722271]
DFTGRID,D,1e-07,30,False,False,TDD,phase,25.0,[0.8368356 0.8786889 1.0011287 1.116707 ],[0.54962933 0.5735968  0.6498447  0.71654886],[251.26051 266.2728  302.89    338.4587 ],[171.65953 185.40576 205.355   227.93524],[8.122685 8.140679 8.153106 8.174935],[0.5801337  0.5272357  0.46504328 0.40891233],[8.307436 8.310596 8.312113 8.311371],[0.28931206 0.31602684 0.33770055 0.355212  ]
DFTGRID,D,3e-07,1,False,False,TDD,phase,25.0,[0.21755151 0.26790452 0.32249913 0.3809417 ],[0.23126553 0.2828745  0.33806533 0.39622632],[ 65.20667   80.299324  96.66347  114.18098 ],[ 69.37938   84.855934 101.404594 118.841705],[8.30237  8.302069 8.30173  8.301356],[0.02152421 0.02314457 0.02490039 0.0267664 ],[8.30457  8.304598 8.304624 8.304644],[0.02125929 0.02278927 0.02444147 0.02619201]
DFTGRID,D,3e-07,10,False,False,TDD,phase,25.0,[0.7756587  0.89336294 0.9937066  1.0954515 ],[0.54736423 0.64112014 0.71489555 0.7744989 ],[229.95404 264.2297  293.37216 323.12732],[160.52075 186.4775  206.03749 221.60289],[8.117686 8.129885 8.147153 8.16387 ],[0.5844547  0.50984704 0.41039854 0.32516772],[8.291802 8.291453 8.291422 8.291797],[0.1362243  0.15536557 0.17447099 0.1934451 ]
DFTGRID,D,3e-07,30,False,False,TDD,phase,25.0,[0.74232703 0.766557   0.8943593  1.0171576 ],[0.6330651  0.67368    0.7853663  0.88780975],[216.41643 221.61174 257.38425 292.01892],[175.15088 181.08888 211.37526 241.24298],[8.144133 8.155732 8.148873 8.158552],[0.623255   0.518802   0.4982698  0.45112357],[8.314291 8.305841 8.296564 8.287484],[0.25759736 0.28634158 0.31637368 0.3417795 ]
DFTGRID,A,3e-08,1,False,False,TDD,burst,10.0,[0.313307   0.37324703 0.43858817 0.5089062 ],[0.25818142 0.30937883 0.36525217 0.42501983],[ 83.65265 101.61778 121.06676 141.85579],[ 75.55302  92.40359 110.43229 129.4599 ],[8.296111 8.293637 8.291029 8.288295],[0.19715577 0.20195252 0.20721185 0.21276464],[8.330993 8.329849 8.328677 8.327478],[0.19007082 0.19461927 0.19951841 0.20474008]
DFTGRID,A,3e-08,10,False,False,TDD,burst,10.0,[1.941834  2.3465765 2.6694324 2.5567732],[2.7603307 3.1849916 4.4496117 3.135541 ],[211.20662 255.5834  301.66495 346.28693],[111.88757 133.66698 158.02339 181.09555],[7.5476613 7.4072046 7.338291  7.290174 ],[1.1165359 1.2674223 1.2880927 1.3327404],[8.202798 8.202787 8.20477  8.210616],[0.5486621  0.603959   0.65337497 0.69756156]
DFTGRID,A,3e-08,30,False,False,TDD,burst,10.0,[4.9976864 4.7823076 4.397254  4.1368423],[12.680419   9.080424   7.9765205  5.220098 ],[257.41876 323.42035 376.13544 421.77487],[144.62375 200.06696 247.52979 274.94565],[6.8230467 6.8013597 6.7923284 6.8268905],[1.4623848 1.3450978 1.4013098 1.4401697],[7.9305906 7.937528  7.938669  7.9467754],[0.9408091 0.9712995 1.0151565 1.0446168]
DFTGRID,A,1e-07,1,False,False,TDD,burst,10.0,[0.26412946 0.31387374 0.36810058 0.42591596],[0.25207633 0.30409503 0.36015758 0.4192877 ],[ 65.48928  79.28926  94.24956 110.22998],[ 72.38772   88.542564 105.87441  124.210526],[8.221811 8.220757 8.219607 8.218284],[0.5314979  0.53239053 0.533315   0.5344696 ],[8.262489 8.263346 8.264196 8.265036],[0.51461947 0.51503414 0.5156064  0.5163352 ]
DFTGRID,A,1e-07,10,False,False,TDD,burst,10.0,[1.5020045 1.8455374 2.215668  2.186858 ],[1.6841218 2.46654   3.993477  2.3513365],[223.26512 266.8465  310.79968 354.2889 ],[125.303406 152.96599  179.21483  203.49677 ],[7.3307247 7.246974  7.1952333 7.147309 ],[1.3875844 1.4177388 1.4172801 1.4761416],[8.144523 8.146372 8.146507 8.145758],[0.6222945 0.6648693 0.7096782 0.7541992]
DFTGRID,A,1e-07,30,False,False,TDD,burst,10.0,[2.5732276 2.954861  3.7766104 3.5493963],[6.2519913 4.5041165 8.806257  6.0741477],[276.1289  332.4609  377.9044  401.59863],[152.83698 194.63081 230.77599 252.4522 ],[6.9347353 6.7760296 6.548534  6.395447 ],[1.5720278 1.5814219 1.6008914 1.5907269],[8.072836  8.0405245 7.9876432 7.931781 ],[0.9680374 1.0242084 1.0625325 1.0865597]
DFTGRID,A,3e-07,1,False,False,TDD,burst,10.0,[0.2762187  0.33322316 0.39500615 0.4611844 ],[0.23240876 0.2839492  0.3391332  0.3974084 ],[ 81.77138   99.3253   118.345665 138.71918 ],[ 78.09476   95.53163  114.199036 133.90051 ],[8.1696615 8.169233  8.16864   8.167895 ],[0.3673025 0.3691739 0.3712839 0.3735651],[8.213686 8.214922 8.216152 8.217375],[0.35320455 0.35431987 0.35555044 0.3568935 ]
DFTGRID,A,3e-07,10,False,False,TDD,burst,10.0,[1.0729427 1.336324  1.526894  1.7621437],[0.8259258 1.2079891 1.2715319 1.5186846],[217.47438 264.2955  313.26462 362.7303 ],[113.763954 140.113    168.85516  199.13292 ],[7.329095  7.212919  7.1775637 7.162026 ],[1.2893631 1.3921368 1.3194777 1.2759   ],[8.171758 8.174995 8.178912 8.183869],[0.6171444 0.6622209 0.7027356 0.7370156]
DFTGRID,A,3e-07,30,False,False,TDD,burst,10.0,[1.5700415 1.8556676 2.125812  2.2763484],[1.5337594 1.8024205 2.1261556 2.2198005],[270.82886 328.59302 383.76358 432.3843 ],[135.2104  176.1926  221.06625 264.11694],[6.69489   6.602409  6.585054  6.6499243],[1.5603194 1.5434426 1.554115  1.5582501],[8.039328 8.043646 8.03752  8.038265],[0.9088916  0.95316577 1.0154774  1.050955  ]
DFTGRID,C,3e-08,1,False,False,TDD,burst,10.0,[0.3947454  0.47054657 0.55410683 0.64691645],[0.27102405 0.32303104 0.38627917 0.47270837],[ 82.92752  100.876465 120.35083  141.2121  ],[ 61.06955   74.820915  89.580055 105.18441 ],[8.259848 8.252938 8.245255 8.236829],[0.14137118 0.1463593  0.15228188 0.15915866],[8.320241 8.321053 8.321877 8.322711],[0.13149638 0.1339269  0.13672419 0.13986447]
DFTGRID,C,3e-08,10,False,False,TDD,burst,10.0,[2.0423808 2.6446784 2.782144  2.8054512],[1.7654581 2.7811892 2.3187902 1.9647187],[269.23016 322.0973  372.1232  416.70276],[101.80173  122.610596 145.03409  166.69383 ],[6.7274685 6.5167847 6.438121  6.481382 ],[1.3210505 1.4697919 1.5143025 1.4321826],[8.214156 8.200949 8.206897 8.228696],[0.4358665 0.4754517 0.5107417 0.5324073]
DFTGRID,C,3e-08,30,False,False,TDD,burst,10.0,[1.9459767 2.0600054 2.4017909 2.7423553],[1.6701123 1.2093126 1.6525831 2.311495 ],[282.3331  343.18518 388.0636  400.72604],[128.3848  170.63098 190.26926 188.46791],[6.404083 6.146748 5.977275 6.004067],[1.6000711 1.5683755 1.7215496 1.616425 ],[8.26459   8.2423935 8.200481  8.146263 ],[0.5972225  0.63432676 0.68430376 0.73401004]
DFTGRID,C,1e-07,1,False,False,TDD,burst,10.0,[0.2691456 0.3240604 0.3836013 0.4474671],[0.20545259 0.2512925  0.3006279  0.3528473 ],[ 70.55623   85.661545 102.03669  119.55955 ],[ 64.65879   79.009514  94.34961  110.50657 ],[8.232604 8.224805 8.21629  8.207028],[0.20996353 0.2138808  0.21840407 0.22357017],[8.287666  8.286729  8.285783  8.2848215],[0.20094846 0.20314613 0.20554832 0.20814274]
DFTGRID,C,1e-07,10,False,False,TDD,burst,10.0,[1.1638545 1.3618479 1.5803381 1.7827461],[0.58731097 0.6919467  0.8049487  0.90347195],[256.03424 304.41614 349.84833 390.7638 ],[115.83018 141.39145 165.33948 186.48639],[6.914658  6.7321916 6.6355686 6.583956 ],[1.1089997 1.2088655 1.1273717 1.1107435],[8.228059 8.225114 8.221141 8.218306],[0.40632427 0.4437365  0.47436562 0.49637368]
DFTGRID,C,1e-07,30,False,False,TDD,burst,10.0,[1.4813018 1.7097551 1.9106313 2.0056324],[1.0836533 1.1074446 1.1856495 1.1713412],[278.07956 328.59906 370.0525  406.2525 ],[ 94.942894 115.91645  132.23094  154.598   ],[6.52943  6.25109  5.989292 5.832843],[1.2827529 1.2398921 1.245063  1.2964604],[8.210542 8.202722 8.19268  8.180748],[0.5592177  0.55600965 0.58218414 0.6467473 ]
DFTGRID,C,3e-07,1,False,False,TDD,burst,10.0,[0.24821696 0.2995255  0.3552121  0.4149047 ],[0.19998957 0.24423526 0.29164368 0.34162763],[ 72.99144   88.53959  105.43317  123.551315],[ 60.548195  74.072495  88.585335 103.92365 ],[8.2454605 8.237816  8.229275  8.219907 ],[0.13493273 0.13817929 0.14235352 0.14756216],[8.30922  8.309395 8.309544 8.309666],[0.12782559 0.12907474 0.13059269 0.13237107]
DFTGRID,C,3e-07,10,False,False,TDD,burst,10.0,[0.84361315 1.0088906  1.1744032  1.3351461 ],[0.40883672 0.48446754 0.5574057  0.6268378 ],[225.42432 269.38528 313.45944 355.78214],[ 98.74509 117.96734 136.8738  154.64005],[7.153141  6.9548845 6.798842  6.68248  ],[0.9781806 1.0555308 1.0766542 1.1068255],[8.250104 8.243473 8.238306 8.233625],[0.3385536  0.37196392 0.40309045 0.43264034]
DFTGRID,C,3e-07,30,False,False,TDD,burst,10.0,[1.1164386 1.3287948 1.50323   1.6572155],[0.5368882  0.622949   0.6943295  0.73770165],[275.6845  336.25778 387.87848 431.22223],[ 92.409836 121.00298  148.79997  170.8443  ],[6.6340747 6.351405  6.1416097 6.0843773],[1.2204696 1.2869334 1.3896751 1.4045473],[8.243394  8.2595005 8.280929  8.2970915],[0.52751476 0.5657697  0.5995796  0.62896645]
DFTGRID,D,3e-08,1,False,False,TDD,burst,10.0,[0.25277638 0.30644172 0.3644853  0.42648235],[0.25147927 0.30737337 0.3671916  0.43025583],[ 75.5629   91.66967 109.09225 127.70423],[ 75.30119   92.092384 110.06926  129.0309  ],[8.283378 8.282965 8.282523 8.282028],[0.17491707 0.17526746 0.17566161 0.17609112],[8.314399 8.31432  8.314234 8.314145],[0.16895762 0.16928388 0.1696566  0.17007588]
DFTGRID,D,3e-08,10,False,False,TDD,burst,10.0,[0.8002638 0.9230957 1.0200316 1.1149021],[0.5898323  0.68107605 0.7494015  0.8072609 ],[237.48656 274.1344  303.73386 333.81754],[176.01314 202.60036 222.4066  240.59413],[8.027157 8.085289 8.117826 8.144709],[0.87539256 0.61599535 0.49741536 0.41558552],[8.316227 8.317209 8.319232 8.322231],[0.22064126 0.22971568 0.23861215 0.2478967 ]
DFTGRID,D,3e-08,30,False,False,TDD,burst,10.0,[0.90525633 0.9573901  1.1084765  1.2541401 ],[0.584693   0.6380202  0.71716857 0.8157321 ],[254.47153 267.99622 308.38528 347.1667 ],[160.64462 177.81323 198.41005 220.66405],[7.9864116 7.9788747 8.022331  8.056216 ],[0.86685    0.8163315  0.5737866  0.46930605],[8.279625 8.265633 8.254636 8.245803],[0.3149234  0.33140603 0.34753156 0.37491983]
DFTGRID,D,1e-07,1,False,False,TDD,burst,10.0,[0.26882958 0.3264978  0.38899747 0.4558599 ],[0.23548606 0.28786328 0.34386495 0.4028263 ],[ 80.999115  98.40394  117.268074 137.44928 ],[ 71.75443  87.675   104.68804 122.59069],[8.276912 8.276688 8.276477 8.276166],[0.04725922 0.04832244 0.04951824 0.05083828],[8.30858  8.308747 8.308917 8.309082],[0.04570835 0.04691134 0.04821612 0.0496129 ]
DFTGRID,D,1e-07,10,False,False,TDD,burst,10.0,[0.8761084 1.0049893 1.100449  1.20295  ],[0.55520296 0.64208835 0.6976973  0.742363  ],[258.36572 296.22278 324.73813 355.57382],[161.5031  186.78166 203.92772 218.75084],[7.9970555 8.048611  8.085011  8.110371 ],[0.8787728  0.6330965  0.4616132  0.35363445],[8.3021965 8.302738  8.303449  8.304353 ],[0.14413552 0.16243474 0.18018846 0.19722271]
DFTGRID,D,1e-07,30,False,False,TDD,burst,10.0,[0.8542001 0.8957785 1.018632  1.1343447],[0.55178475 0.57553035 0.6524754  0.7192267 ],[256.23474 271.12698 307.81454 343.41577],[172.27846 185.79907 205.81657 228.36732],[8.082496 8.097219 8.114767 8.137871],[0.6275398  0.58910716 0.4797974  0.4191216 ],[8.307436 8.310596 8.312113 8.311371],[0.28931206 0.31602684 0.33770055 0.355212  ]
DFTGRID,D,3e-07,1,False,False,TDD,burst,10.0,[0.23572272 0.2861141  0.34076798 0.39924812],[0.2310685  0.28268293 0.33785757 0.3960341 ],[ 70.55639   85.66172  102.04395  119.573044],[ 69.34797   84.82824  101.374535 118.818535],[8.275402 8.27513  8.274822 8.274457],[0.02818901 0.02950048 0.03095184 0.0325458 ],[8.30457  8.304598 8.304624 8.304644],[0.02125929 0.02278927 0.02444147 0.02619201]
DFTGRID,D,3e-07,10,False,False,TDD,burst,10.0,[0.79586166 0.91372764 1.0142292  1.116095  ],[0.5500688 0.6441373 0.7182695 0.7780511],[235.8422  270.15076 299.32663 329.10223],[161.3932  187.4129  207.04813 222.62785],[8.087422  8.09796   8.1125765 8.12692  ],[0.5727321  0.5010442  0.403951   0.32153174],[8.291802 8.291453 8.291422 8.291797],[0.1362243  0.15536557 0.17447099 0.1934451 ]
DFTGRID,D,3e-07,30,False,False,TDD,burst,10.0,[0.7633424 0.7877556 0.9158547 1.038909 ],[0.63410926 0.6753354  0.7870432  0.889797  ],[222.47961 227.6426  263.43643 298.07718],[174.99939 180.97237 211.27693 241.17966],[8.11416  8.120714 8.115118 8.122036],[0.62258804 0.5178588  0.49085516 0.45398715],[8.314291 8.305841 8.296564 8.287484],[0.25759736 0.28634158 0.31637368 0.3417795 ]
DFTGRID,A,3e-08,1,False,False,TDD,burst,15.0,[0.27776656 0.33819577 0.40381673 0.47419652],[0.24226654 0.29554555 0.35276693 0.4132246 ],[ 79.554794  97.5315   116.99115  137.79205 ],[ 75.36243   92.2199   110.267334 129.30641 ],[8.316487  8.313998  8.3113785 8.308611 ],[0.19227606 0.1971773  0.20248929 0.20815803],[8.330993 8.329849 8.328677 8.327478],[0.19007082 0.19461927 0.19951841 0.20474008]
DFTGRID,A,3e-08,10,False,False,TDD,burst,15.0,[1.8960265 2.2957253 2.6098666 2.5068424],[2.7162516 3.1272879 4.333338  3.0710902],[206.66034 251.0907  297.23322 341.9016 ],[112.25917 134.02031 158.33415 181.36374],[7.577402  7.4358993 7.369174  7.3210626],[1.1119758 1.2645565 1.2786252 1.3251547],[8.202798 8.202787 8.20477  8.210616],[0.5486621  0.603959   0.65337497 0.69756156]
DFTGRID,A,3e-08,30,False,False,TDD,burst,15.0,[4.906186 4.694216 4.325577 4.070519],[12.547093   8.953009   7.9469147  5.1720796],[252.919   318.89233 371.63245 417.37012],[145.70418 201.0589  248.35934 275.68542],[6.8650403 6.83994   6.827492  6.8615904],[1.4554825 1.3482136 1.4089819 1.4466609],[7.9305906 7.937528  7.938669  7.9467754],[0.9408091 0.9712995 1.0151565 1.0446168]
DFTGRID,A,1e-07,1,False,False,TDD,burst,15.0,[0.229955   0.2800651  0.33439934 0.3925885 ],[0.24022202 0.29308775 0.3496986  0.40951002],[ 61.147293  74.959335  89.93077  105.94589 ],[ 72.37786   88.58033  105.957726 124.337135],[8.24603  8.245064 8.243897 8.242541],[0.52021056 0.5209355  0.52184063 0.52295387],[8.262489 8.263346 8.264196 8.265036],[0.51461947 0.51503414 0.5156064  0.5163352 ]
DFTGRID,A,1e-07,10,False,False,TDD,burst,15.0,[1.4610716 1.7999655 2.1707025 2.1429532],[1.6394408 2.3976085 3.9329283 2.2842877],[218.91322 262.54553 306.5517  350.1366 ],[124.94522 152.52202 178.71419 202.97136],[7.3778877 7.294113  7.2386303 7.1859655],[1.3668114 1.3996733 1.408702  1.4776741],[8.144523 8.146372 8.146507 8.145758],[0.6222945 0.6648693 0.7096782 0.7541992]
DFTGRID,A,1e-07,30,False,False,TDD,burst,15.0,[2.5334759 2.9144301 3.7303555 3.506024 ],[6.2057824 4.4705424 8.737322  6.0391674],[272.39606 328.6635  374.09973 397.6768 ],[152.64325 194.40863 230.34853 252.00432],[6.967931  6.8115215 6.5850554 6.430986 ],[1.5673035 1.570448  1.5970634 1.5888985],[8.072836  8.0405245 7.9876432 7.931781 ],[0.9680374 1.0242084 1.0625325 1.0865597]
DFTGRID,A,3e-07,1,False,False,TDD,burst,15.0,[0.25354832 0.3106065  0.37245086 0.43865246],[0.23072249 0.2823889  0.33771908 0.3961252 ],[ 77.13152   94.69336  113.732376 134.1084  ],[ 77.895744  95.35004  114.0435   133.7777  ],[8.19727  8.196833 8.196227 8.195499],[0.35907093 0.36091518 0.3629577  0.36520958],[8.213686 8.214922 8.216152 8.217375],[0.35320455 0.35431987 0.35555044 0.3568935 ]
DFTGRID,A,3e-07,10,False,False,TDD,burst,15.0,[1.0479723 1.311019  1.503339  1.7376691],[0.80744845 1.1821944  1.2525172  1.4954182 ],[213.59668 260.49594 309.5466  359.09515],[113.637276 140.07587  168.93304  199.35431 ],[7.3552837 7.2393208 7.2037764 7.1905446],[1.2848377 1.3858774 1.3157684 1.2713585],[8.171758 8.174995 8.178912 8.183869],[0.6171444 0.6622209 0.7027356 0.7370156]
DFTGRID,A,3e-07,30,False,False,TDD,burst,15.0,[1.5416946 1.828244  2.0979874 2.2487767],[1.5188432 1.7855003 2.1079512 2.202978 ],[266.9535  324.62677 379.60715 427.94714],[135.63762 176.57472 221.28026 264.10645],[6.727303  6.632241  6.618838  6.6867046],[1.561023  1.5485029 1.5620201 1.5642341],[8.039328 8.043646 8.03752  8.038265],[0.9088916  0.95316577 1.0154774  1.050955  ]
DFTGRID,C,3e-08,1,False,False,TDD,burst,15.0,[0.35480678 0.4314876  0.5149914  0.60759944],[0.26094884 0.31585535 0.37746927 0.45937905],[ 78.94047   96.908936 116.40098  137.28311 ],[ 61.27467   75.05915   89.84665  105.475845],[8.279958 8.273052 8.26536  8.256915],[0.1393639  0.14445259 0.15048793 0.15748973],[8.320241 8.321053 8.321877 8.322711],[0.13149638 0.1339269  0.13672419 0.13986447]
DFTGRID,C,3e-08,10,False,False,TDD,burst,15.0,[1.9903961 2.5957153 2.7321296 2.7557626],[1.7400957 2.767364  2.2945092 1.941448 ],[264.7393  317.6129  367.65857 412.33398],[101.98668  122.843254 145.3148   166.99889 ],[6.7742066 6.561395  6.475074  6.5129747],[1.3128186 1.462874  1.5161022 1.4354095],[8.214156 8.200949 8.206897 8.228696],[0.4358665 0.4754517 0.5107417 0.5324073]
DFTGRID,C,3e-08,30,False,False,TDD,burst,15.0,[1.9063274 2.0222077 2.364274  2.6921113],[1.6453341 1.1904104 1.6219336 2.2525585],[278.68423 339.85352 384.8965  397.12735],[129.03806 171.43542 191.17763 189.0373 ],[6.4326234 6.167914  6.002068  6.0182433],[1.5896827 1.5904495 1.7319837 1.6275471],[8.26459   8.2423935 8.200481  8.146263 ],[0.5972225  0.63432676 0.68430376 0.73401004]
DFTGRID,C,1e-07,1,False,False,TDD,burst,15.0,[0.24573137 0.30062827 0.3602738  0.42411888],[0.20635119 0.25256035 0.3021577  0.35465273],[ 67.00745   82.14194   98.546234 116.087585],[ 64.67656   79.07386   94.45805  110.656235],[8.25074  8.242877 8.234268 8.224988],[0.20665967 0.21057896 0.21514827 0.22038954],[8.287666  8.286729  8.285783  8.2848215],[0.20094846 0.20314613 0.20554832 0.20814274]
DFTGRID,C,1e-07,10,False,False,TDD,burst,15.0,[1.1406926 1.3389649 1.5573454 1.758778 ],[0.57851714 0.6832308  0.79673046 0.8964162 ],[252.33656 300.76462 346.1306  386.93076],[115.433334 141.0821   165.05525  186.20204 ],[6.958828  6.7848206 6.6804547 6.623349 ],[1.1063136 1.1847272 1.1188715 1.1128764],[8.228059 8.225114 8.221141 8.218306],[0.40632427 0.4437365  0.47436562 0.49637368]
DFTGRID,C,1e-07,30,False,False,TDD,burst,15.0,[1.4604537 1.6892204 1.8880806 1.9837604],[1.0864775 1.1102638 1.1787632 1.169258 ],[273.9844  324.79904 366.51855 402.81973],[ 95.18327 116.20906 132.66194 154.99796],[6.578886  6.3041453 6.0399175 5.8663497],[1.280127  1.2258979 1.2243696 1.3021255],[8.210542 8.202722 8.19268  8.180748],[0.5592177  0.55600965 0.58218414 0.6467473 ]
DFTGRID,C,3e-07,1,False,False,TDD,burst,15.0,[0.22715336 0.27857387 0.3343799  0.39417017],[0.19864167 0.24307922 0.29064164 0.340835  ],[ 68.161224  83.73839  100.65733  118.80643 ],[ 60.320435  73.885895  88.43714  103.83214 ],[8.269885  8.2622595 8.253753  8.244422 ],[0.1324053  0.13583967 0.14021832 0.1456144 ],[8.30922  8.309395 8.309544 8.309666],[0.12782559 0.12907474 0.13059269 0.13237107]
DFTGRID,C,3e-07,10,False,False,TDD,burst,15.0,[0.8270224 0.9923891 1.1582103 1.3193268],[0.40625674 0.48213804 0.55522764 0.6246447 ],[221.42924 265.4405  309.62292 352.0858 ],[ 98.53308 117.77782 136.7009  154.49016],[7.1844745 6.985893  6.8260875 6.7085876],[0.97775316 1.0563474  1.0818144  1.1100475 ],[8.250104 8.243473 8.238306 8.233625],[0.3385536  0.37196392 0.40309045 0.43264034]
DFTGRID,C,3e-07,30,False,False,TDD,burst,15.0,[1.0980593 1.3117846 1.4866339 1.6405151],[0.5292907  0.6161849  0.68755496 0.7300674 ],[271.84253 332.61246 384.18915 427.52618],[ 92.102585 120.79148  148.53867  170.52954 ],[6.6590037 6.3767715 6.166863  6.113185 ],[1.2397497 1.2999479 1.3980266 1.4123483],[8.243394  8.2595005 8.280929  8.2970915],[0.52751476 0.5657697  0.5995796  0.62896645]
DFTGRID,D,3e-08,1,False,False,TDD,burst,15.0,[0.23901075 0.29270023 0.3507829  0.41281682],[0.24971771 0.30567664 0.36555448 0.4286983 ],[ 71.64644  87.76136 105.19681 123.82191],[ 74.93649  91.74514 109.73798 128.72041],[8.30379   8.3033695 8.302909  8.302404 ],[0.1695946  0.1699304  0.17033622 0.17075934],[8.314399 8.31432  8.314234 8.314145],[0.16895762 0.16928388 0.1696566  0.17007588]
DFTGRID,D,3e-08,10,False,False,TDD,burst,15.0,[0.7870643 0.9099479 1.0070513 1.1021383],[0.59009224 0.6813894  0.7499547  0.8080122 ],[233.74785 270.40448 300.03778 330.16306],[176.15858 202.75589 222.62045 240.84776],[8.048714 8.106092 8.139468 8.167556],[0.85813165 0.6093159  0.49353713 0.41213045],[8.316227 8.317209 8.319232 8.322231],[0.22064126 0.22971568 0.23861215 0.2478967 ]
DFTGRID,D,3e-08,30,False,False,TDD,burst,15.0,[0.8893686 0.941376  1.0923145 1.2377691],[0.5853234 0.6385079 0.7175994 0.815824 ],[249.89049 263.44568 303.85605 342.6267 ],[160.65817 177.91475 198.49455 220.80962],[8.011897 8.007044 8.051659 8.085686],[0.86161804 0.8115786  0.5694313  0.4679275 ],[8.279625 8.265633 8.254636 8.245803],[0.3149234  0.33140603 0.34753156 0.37491983]
DFTGRID,D,1e-07,1,False,False,TDD,burst,15.0,[0.25458068 0.31228483 0.374818   0.44170302],[0.23513202 0.2875675  0.34359387 0.40259162],[ 76.78426  94.19872 113.07147 133.25787],[ 71.60652   87.54481  104.565384 122.47972 ],[8.298397 8.29818  8.297899 8.297612],[0.04567399 0.04688105 0.04820811 0.04961886],[8.30858  8.308747 8.308917 8.309082],[0.04570835 0.04691134 0.04821612 0.0496129 ]
DFTGRID,D,1e-07,10,False,False,TDD,burst,15.0,[0.8630404 0.9918066 1.0871962 1.1898301],[0.5545359  0.64116716 0.696721   0.7416959 ],[254.5327  292.37616 320.88333 351.75867],[161.34695 186.60576 203.74976 218.64624],[8.010486 8.069964 8.109305 8.137732],[0.93617296 0.64650583 0.47063583 0.35745707],[8.3021965 8.302738  8.303449  8.304353 ],[0.14413552 0.16243474 0.18018846 0.19722271]
DFTGRID,D,1e-07,30,False,False,TDD,burst,15.0,[0.8436814 0.8851572 1.0073475 1.1230989],[0.55033135 0.57404625 0.65025216 0.71668124],[253.22754 268.14597 304.70636 340.29977],[171.82141 185.5673  205.53946 228.04675],[8.112532 8.128631 8.144953 8.163977],[0.5949019  0.5456583  0.45637324 0.4081779 ],[8.307436 8.310596 8.312113 8.311371],[0.28931206 0.31602684 0.33770055 0.355212  ]
DFTGRID,D,3e-07,1,False,False,TDD,burst,15.0,[0.22293828 0.27335414 0.3280235  0.38654187],[0.23177758 0.28345984 0.3387198  0.39696327],[ 66.791534  81.90331   98.29018  115.83044 ],[ 69.5353    85.033714 101.60321  119.064766],[8.294529 8.294243 8.293902 8.293541],[0.0215982  0.02315594 0.02484857 0.02667517],[8.30457  8.304598 8.304624 8.304644],[0.02125929 0.02278927 0.02444147 0.02619201]
DFTGRID,D,3e-07,10,False,False,TDD,burst,15.0,[0.78257227 0.90045816 1.0009438  1.1028389 ],[0.5480808 0.6420377 0.7160434 0.7758596],[231.94781 266.27136 295.45187 325.24728],[160.7051  186.70834 206.32484 221.94328],[8.110778 8.12184  8.138064 8.153823],[0.5754098  0.5053849  0.4075263  0.32380888],[8.291802 8.291453 8.291422 8.291797],[0.1362243  0.15536557 0.17447099 0.1934451 ]
DFTGRID,D,3e-07,30,False,False,TDD,burst,15.0,[0.7489107  0.7733312  0.90140563 1.0241783 ],[0.6343495  0.67549485 0.787425   0.889816  ],[218.29172 223.5403  259.38614 293.98392],[175.39117 181.4922  211.891   241.6662 ],[8.135605 8.145254 8.139205 8.148744],[0.61964524 0.5151751  0.49077007 0.44826052],[8.314291 8.305841 8.296564 8.287484],[0.25759736 0.28634158 0.31637368 0.3417795 ]
DFTGRID,A,3e-08,1,False,False,TDD,burst,20.0,[0.2680005  0.32862628 0.3944195  0.46491566],[0.24078916 0.29426685 0.3515809  0.41211405],[ 78.269066  96.24582  115.710625 136.51671 ],[ 75.40635   92.266174 110.31649  129.36084 ],[8.322614  8.320124  8.3174925 8.314726 ],[0.19190821 0.19683118 0.20214923 0.20783618],[8.330993 8.329849 8.328677 8.327478],[0.19007082 0.19461927 0.19951841 0.20474008]
DFTGRID,A,3e-08,10,False,False,TDD,burst,20.0,[1.8828541 2.2791529 2.5935082 2.4913232],[2.7104876 3.104993  4.311898  3.0537477],[205.39949 249.8342  295.96982 340.6533 ],[112.24291 134.04782 158.4046  181.50157],[7.5912066 7.4519944 7.3807006 7.329599 ],[1.103285  1.2489364 1.2723693 1.3241196],[8.202798 8.202787 8.20477  8.210616],[0.5486621  0.603959   0.65337497 0.69756156]
DFTGRID,A,3e-08,30,False,False,TDD,burst,20.0,[4.8730235 4.669161  4.304639  4.051221 ],[12.461491   8.9083605  7.9268346  5.1537485],[251.86734 317.76572 370.40057 416.0947 ],[145.57115 200.76207 248.10463 275.4416 ],[6.8807416 6.843765  6.8446913 6.8710737],[1.4474517 1.3703276 1.3873072 1.4479237],[7.9305906 7.937528  7.938669  7.9467754],[0.9408091 0.9712995 1.0151565 1.0446168]
DFTGRID,A,1e-07,1,False,False,TDD,burst,20.0,[0.22144777 0.27166715 0.32611382 0.38438693],[0.23746975 0.2905192  0.3472882  0.4072064 ],[ 60.059677  73.8869    88.870285 104.90335 ],[ 72.10561   88.330734 105.733574 124.14418 ],[8.252218 8.251218 8.250043 8.248685],[0.51754886 0.51834553 0.5193321  0.5205322 ],[8.262489 8.263346 8.264196 8.265036],[0.51461947 0.51503414 0.5156064  0.5163352 ]
DFTGRID,A,1e-07,10,False,False,TDD,burst,20.0,[1.448724  1.7853675 2.1612933 2.1340296],[1.6343664 2.3882833 3.933911  2.2795112],[217.5251  261.18857 305.25348 348.90607],[124.81279 152.49796 178.78421 203.12306],[7.38115   7.2991    7.2430534 7.1899385],[1.3779819 1.404321  1.4126712 1.4813619],[8.144523 8.146372 8.146507 8.145758],[0.6222945 0.6648693 0.7096782 0.7541992]
DFTGRID,A,1e-07,30,False,False,TDD,burst,20.0,[2.5229845 2.901308  3.715116  3.493065 ],[6.2045846 4.462789  8.723585  6.0288424],[271.07236 327.32834 372.75275 396.2522 ],[152.33835 194.17499 230.24734 251.98625],[6.9791136 6.818292  6.586276  6.4347944],[1.5692751 1.5747862 1.6061832 1.5938106],[8.072836  8.0405245 7.9876432 7.931781 ],[0.9680374 1.0242084 1.0625325 1.0865597]
DFTGRID,A,3e-07,1,False,False,TDD,burst,20.0,[0.24850073 0.3056158  0.36751854 0.43378174],[0.2308288  0.28252393 0.33788103 0.3963206 ],[ 76.0752  93.6471 112.6983 133.0882],[ 77.87288   95.335205 114.036865 133.7811  ],[8.2038145 8.203365  8.202747  8.201977 ],[0.3569744  0.3588645  0.36095676 0.36324948],[8.213686 8.214922 8.216152 8.217375],[0.35320455 0.35431987 0.35555044 0.3568935 ]
DFTGRID,A,3e-07,10,False,False,TDD,burst,20.0,[1.0393068 1.3023797 1.4949085 1.729213 ],[0.80084777 1.1750935  1.2458321  1.488427  ],[212.25371 259.15125 308.20663 357.76794],[113.56419 139.96904 168.77272 199.10861],[7.3642097 7.248624  7.2140484 7.1991205],[1.2874165 1.3866949 1.3138123 1.2717501],[8.171758 8.174995 8.178912 8.183869],[0.6171444 0.6622209 0.7027356 0.7370156]
DFTGRID,A,3e-07,30,False,False,TDD,burst,20.0,[1.5349084 1.818617  2.0874662 2.2381697],[1.5146787 1.7770451 2.0983088 2.1936448],[265.4911  323.03183 378.04745 426.58118],[134.94939 175.7017  220.65968 263.89352],[6.7380366 6.6435633 6.630876  6.6979346],[1.5637059 1.5480666 1.5583417 1.5654132],[8.039328 8.043646 8.03752  8.038265],[0.9088916  0.95316577 1.0154774  1.050955  ]
DFTGRID,C,3e-08,1,False,False,TDD,burst,20.0,[0.34047943 0.4171263  0.50086343 0.59354925],[0.25643238 0.31091705 0.37261567 0.45403704],[ 77.64434   95.61777  115.120575 136.01247 ],[ 61.372326  75.1654    89.957565 105.59535 ],[8.286313 8.279393 8.27168  8.2632  ],[0.13855162 0.14363638 0.1496786  0.15669452],[8.320241 8.321053 8.321877 8.322711],[0.13149638 0.1339269  0.13672419 0.13986447]
DFTGRID,C,3e-08,10,False,False,TDD,burst,20.0,[1.9756491 2.5803716 2.7157502 2.738912 ],[1.7312375 2.755555  2.2861571 1.9348432],[263.7353  316.63278 366.66187 411.29184],[102.23487 123.06533 145.45108 167.0271 ],[6.7787    6.5650635 6.4795637 6.518736 ],[1.3164715 1.4716154 1.5237211 1.4404008],[8.214156 8.200949 8.206897 8.228696],[0.4358665 0.4754517 0.5107417 0.5324073]
DFTGRID,C,3e-08,30,False,False,TDD,burst,20.0,[1.8933494 2.0071363 2.3488588 2.6780612],[1.6382642 1.1833841 1.6134104 2.2369094],[276.91718 338.51175 383.71802 395.96838],[128.55339 171.00172 190.92859 188.72035],[6.447094  6.1787777 6.0104733 6.047581 ],[1.5918915 1.5935228 1.7416118 1.6012797],[8.26459   8.2423935 8.200481  8.146263 ],[0.5972225  0.63432676 0.68430376 0.73401004]
DFTGRID,C,1e-07,1,False,False,TDD,burst,20.0,[0.23727085 0.29225302 0.35197943 0.41593903],[0.20564404 0.25194505 0.30163032 0.35417914],[ 65.712944  80.85532   97.267746 114.8274  ],[ 64.78214   79.191025  94.58781  110.79989 ],[8.257347 8.249482 8.240883 8.231587],[0.20586774 0.20980993 0.21439596 0.21966447],[8.287666  8.286729  8.285783  8.2848215],[0.20094846 0.20314613 0.20554832 0.20814274]
DFTGRID,C,1e-07,10,False,False,TDD,burst,20.0,[1.1316682 1.3302486 1.5488591 1.7505677],[0.57231265 0.67712665 0.79088044 0.8908849 ],[250.955   299.40613 344.84207 385.74722],[115.40582 141.0406  165.02765 186.23671],[6.9596972 6.7746367 6.6780095 6.623102 ],[1.106632  1.2100784 1.1273024 1.1186647],[8.228059 8.225114 8.221141 8.218306],[0.40632427 0.4437365  0.47436562 0.49637368]
DFTGRID,C,1e-07,30,False,False,TDD,burst,20.0,[1.4514258 1.6810416 1.8799726 1.9752411],[1.0806881 1.1050603 1.1745552 1.1651151],[272.73517 323.75873 365.43057 401.58966],[ 95.60057 116.80465 133.08745 155.24811],[6.5832996 6.3000307 6.0395994 5.870908 ],[1.2864097 1.2397155 1.2293935 1.3084015],[8.210542 8.202722 8.19268  8.180748],[0.5592177  0.55600965 0.58218414 0.6467473 ]
DFTGRID,C,3e-07,1,False,False,TDD,burst,20.0,[0.22289622 0.27435285 0.33019286 0.3900265 ],[0.19829088 0.24277931 0.29040328 0.34063697],[ 67.113754  82.69939   99.63006  117.78969 ],[ 60.226154  73.80193   88.36831  103.77529 ],[8.275071 8.267422 8.258912 8.249568],[0.13275535 0.13622026 0.14061539 0.14601451],[8.30922  8.309395 8.309544 8.309666],[0.12782559 0.12907474 0.13059269 0.13237107]
DFTGRID,C,3e-07,10,False,False,TDD,burst,20.0,[0.81970274 0.9852684  1.1514869  1.3130296 ],[0.40412238 0.48019835 0.55366045 0.62348586],[219.83992 263.90234 308.15732 350.71057],[ 98.18064 117.41646 136.39027 154.2922 ],[7.1941767 6.99481   6.8387523 6.7216845],[0.98003066 1.0593927  1.0766953  1.1059407 ],[8.250104 8.243473 8.238306 8.233625],[0.3385536  0.37196392 0.40309045 0.43264034]
DFTGRID,C,3e-07,30,False,False,TDD,burst,20.0,[1.0915608 1.305561  1.4808748 1.6341376],[0.5272127 0.6146589 0.6862915 0.7259339],[270.39877 331.14294 382.9454  426.3838 ],[ 92.15876 120.79816 148.61615 170.8532 ],[6.6690283 6.3926945 6.184172  6.128352 ],[1.2356685 1.287985  1.3816559 1.4020854],[8.243394  8.2595005 8.280929  8.2970915],[0.52751476 0.5657697  0.5995796  0.62896645]
DFTGRID,D,3e-08,1,False,False,TDD,burst,20.0,[0.23467103 0.28836286 0.34645623 0.40849173],[0.2502773  0.30624652 0.36613742 0.42929527],[ 70.38934  86.50495 103.94347 122.56819],[ 75.08767  91.89763 109.89242 128.87698],[8.310081 8.309651 8.30919  8.30869 ],[0.16916569 0.16949908 0.16988613 0.17031565],[8.314399 8.31432  8.314234 8.314145],[0.16895762 0.16928388 0.1696566  0.17007588]
DFTGRID,D,3e-08,10,False,False,TDD,burst,20.0,[0.7828846 0.9058739 1.0030828 1.0981896],[0.58986014 0.6812884  0.7499687  0.80802375],[232.5535  269.2422  298.90823 329.04376],[176.13467 202.77982 222.68747 240.92506],[8.05212  8.109638 8.143751 8.172783],[0.8588452  0.61099815 0.49497616 0.41237938],[8.316227 8.317209 8.319232 8.322231],[0.22064126 0.22971568 0.23861215 0.2478967 ]
DFTGRID,D,3e-08,30,False,False,TDD,burst,20.0,[0.8854226  0.93742216 1.0883106  1.2337013 ],[0.5838038 0.637008  0.7162422 0.8145035],[248.83208 262.40567 302.82336 341.59073],[160.3879  177.60896 198.24936 220.55742],[8.019218 8.014828 8.059329 8.093095],[0.8588892  0.8082495  0.5670391  0.46595907],[8.279625 8.265633 8.254636 8.245803],[0.3149234  0.33140603 0.34753156 0.37491983]
DFTGRID,D,1e-07,1,False,False,TDD,burst,20.0,[0.2506551  0.30836147 0.37089893 0.43779784],[0.2355993  0.288043   0.34408483 0.40309873],[ 75.623146  93.03813  111.91196  132.10277 ],[ 71.72801   87.6683   104.69388  122.613045],[8.304344 8.304119 8.303843 8.303539],[0.0458966  0.04711806 0.04844872 0.0498771 ],[8.30858  8.308747 8.308917 8.309082],[0.04570835 0.04691134 0.04821612 0.0496129 ]
DFTGRID,D,1e-07,10,False,False,TDD,burst,20.0,[0.85848653 0.98718154 1.0827106  1.185474  ],[0.55365866 0.6401146  0.6957829  0.7408607 ],[253.19588 291.02078 319.56912 350.4818 ],[161.06734 186.2692  203.44649 218.37299],[8.014494 8.075585 8.11511  8.144273],[0.9421411  0.64684653 0.47421667 0.36060137],[8.3021965 8.302738  8.303449  8.304353 ],[0.14413552 0.16243474 0.18018846 0.19722271]
DFTGRID,D,1e-07,30,False,False,TDD,burst,20.0,[0.8387402 0.8805141 1.0032538 1.1189164],[0.54973763 0.5737035  0.6504022  0.71689296],[251.80025 266.79852 303.49097 339.0922 ],[171.70248 185.48082 205.51514 228.08046],[8.118935 8.137384 8.149307 8.172207],[0.5834873  0.52912176 0.46823406 0.4097724 ],[8.307436 8.310596 8.312113 8.311371],[0.28931206 0.31602684 0.33770055 0.355212  ]
DFTGRID,D,3e-07,1,False,False,TDD,burst,20.0,[0.2188949  0.2693122  0.32398322 0.38250545],[0.2312767  0.28296122 0.33823094 0.3964741 ],[ 65.6012   80.71328  97.10028 114.64178],[ 69.384895  84.88394  101.45618  118.91776 ],[8.300655 8.300355 8.30002  8.299646],[0.02166042 0.0232747  0.02502909 0.02689137],[8.30457  8.304598 8.304624 8.304644],[0.02125929 0.02278927 0.02444147 0.02619201]
DFTGRID,D,3e-07,10,False,False,TDD,burst,20.0,[0.77753365 0.8953822  0.9959145  1.0978428 ],[0.54780626 0.6416856  0.7157462  0.7755631 ],[230.4934  264.80997 294.00525 323.81238],[160.63193 186.6183  206.2561  221.88037],[8.114293 8.12651  8.143742 8.160334],[0.5850288  0.5120689  0.41229278 0.32703444],[8.291802 8.291453 8.291422 8.291797],[0.1362243  0.15536557 0.17447099 0.1934451 ]
DFTGRID,D,3e-07,30,False,False,TDD,burst,20.0,[0.7443989 0.7686839 0.8968217 1.019685 ],[0.633477   0.67434895 0.7863151  0.88880765],[217.00691 222.21356 258.07578 292.7141 ],[175.26515 181.27353 211.6483  241.48376],[8.140254 8.151634 8.144646 8.155259],[0.623414   0.5189497  0.49787164 0.45067006],[8.314291 8.305841 8.296564 8.287484],[0.25759736 0.28634158 0.31637368 0.3417795 ]
DFTGRID,A,3e-08,1,False,False,TDD,burst,25.0,[0.2653054  0.32596672 0.39177948 0.46228427],[0.2396444  0.29318088 0.35054207 0.4111078 ],[ 77.90464  95.88807 115.36005 136.17273],[ 75.33757   92.20645  110.265205 129.31985 ],[8.324471 8.321977 8.319339 8.316573],[0.19167973 0.19661006 0.20194392 0.20764649],[8.330993 8.329849 8.328677 8.327478],[0.19007082 0.19461927 0.19951841 0.20474008]
DFTGRID,A,3e-08,10,False,False,TDD,burst,25.0,[1.8811177 2.2773743 2.5917199 2.4891708],[2.7113395 3.1045191 4.3108068 3.0534954],[205.12198 249.54604 295.6501  340.29984],[112.31828 134.0691  158.35649 181.40501],[7.5938354 7.454997  7.3837733 7.3324656],[1.1059433 1.2522529 1.2766818 1.3288208],[8.202798 8.202787 8.20477  8.210616],[0.5486621  0.603959   0.65337497 0.69756156]
DFTGRID,A,3e-08,30,False,False,TDD,burst,25.0,[4.861913  4.658361  4.2956066 4.0442634],[12.4366     8.8897705  7.906897   5.144105 ],[251.30524 317.23364 370.0971  415.8733 ],[145.42708 200.74638 248.23941 275.61975],[6.880875  6.8466487 6.8475037 6.8742065],[1.4512866 1.369177  1.3875378 1.4482825],[7.9305906 7.937528  7.938669  7.9467754],[0.9408091 0.9712995 1.0151565 1.0446168]
DFTGRID,A,1e-07,1,False,False,TDD,burst,25.0,[0.21864964 0.26889682 0.32337436 0.3816795 ],[0.23728335 0.29031694 0.3471082  0.40703717],[ 59.737694  73.56603   88.55242  104.58715 ],[ 72.09794  88.32455 105.73384 124.15075],[8.254094 8.253098 8.251925 8.250587],[0.5166239 0.5174312 0.5184296 0.5196142],[8.262489 8.263346 8.264196 8.265036],[0.51461947 0.51503414 0.5156064  0.5163352 ]
DFTGRID,A,1e-07,10,False,False,TDD,burst,25.0,[1.4455657 1.7825567 2.1584635 2.1306963],[1.6307609 2.3871741 3.9337087 2.27616  ],[217.08174 260.71835 304.76114 348.40894],[124.59282 152.15303 178.3283  202.58171],[7.384872  7.301717  7.246477  7.1934466],[1.376975  1.4054351 1.4111898 1.4789582],[8.144523 8.146372 8.146507 8.145758],[0.6222945 0.6648693 0.7096782 0.7541992]
DFTGRID,A,1e-07,30,False,False,TDD,burst,25.0,[2.5182087 2.8974628 3.712642  3.4898417],[6.189425  4.4560685 8.727102  6.0271964],[270.6394  326.88745 372.31937 395.90662],[152.4596  194.24895 230.25789 252.00938],[6.984779  6.823731  6.591182  6.4415298],[1.5672207 1.5750586 1.6081134 1.5931367],[8.072836  8.0405245 7.9876432 7.931781 ],[0.9680374 1.0242084 1.0625325 1.0865597]
DFTGRID,A,3e-07,1,False,False,TDD,burst,25.0,[0.24684966 0.30397385 0.3658977  0.43216884],[0.2306168  0.28231257 0.3376821  0.39612582],[ 75.75505  93.32959 112.38435 132.77707],[ 77.82281   95.286575 113.99234  133.73955 ],[8.205755 8.205297 8.204677 8.203913],[0.35640657 0.35829884 0.36039418 0.36268443],[8.213686 8.214922 8.216152 8.217375],[0.35320455 0.35431987 0.35555044 0.3568935 ]
DFTGRID,A,3e-07,10,False,False,TDD,burst,25.0,[1.037373  1.3002691 1.4928207 1.7270219],[0.79945296 1.1726836  1.2439592  1.4863018 ],[211.90936 258.81122 307.86368 357.42   ],[113.51237 139.92444 168.73576 199.08627],[7.366714  7.2503963 7.2160845 7.201849 ],[1.2863666 1.3879055 1.3142762 1.2718511],[8.171758 8.174995 8.178912 8.183869],[0.6171444 0.6622209 0.7027356 0.7370156]
DFTGRID,A,3e-07,30,False,False,TDD,burst,25.0,[1.5319093 1.815471  2.084155  2.2351356],[1.511972  1.773866  2.093196  2.1882825],[265.10992 322.75632 377.8652  426.48126],[134.94571 175.84488 220.9339  264.23642],[6.748782  6.6565504 6.6427956 6.707188 ],[1.5648799 1.5463386 1.5589154 1.565789 ],[8.039328 8.043646 8.03752  8.038265],[0.9088916  0.95316577 1.0154774  1.050955  ]
DFTGRID,C,3e-08,1,False,False,TDD,burst,25.0,[0.33624294 0.41294774 0.49676245 0.5895451 ],[0.25443777 0.30891702 0.3705652  0.4518981 ],[ 77.264435  95.2417   114.74972  135.64769 ],[ 61.298115  75.0966    89.894104 105.53749 ],[8.288175 8.281254 8.273539 8.265058],[0.13873106 0.14381357 0.14985979 0.15687488],[8.320241 8.321053 8.321877 8.322711],[0.13149638 0.1339269  0.13672419 0.13986447]
DFTGRID,C,3e-08,10,False,False,TDD,burst,25.0,[1.9715787 2.5753229 2.7111533 2.734955 ],[1.7298319 2.7499962 2.2833967 1.9331403],[263.27325 316.10046 366.0661  410.66736],[102.33317 123.17312 145.53616 167.07811],[6.7889705 6.578759  6.4910717 6.5274687],[1.312325  1.461159  1.5191331 1.4395145],[8.214156 8.200949 8.206897 8.228696],[0.4358665 0.4754517 0.5107417 0.5324073]
DFTGRID,C,3e-08,30,False,False,TDD,burst,25.0,[1.8880169 2.0048923 2.3458283 2.6747675],[1.6340258 1.1840081 1.6122527 2.233816 ],[276.415   337.8053  383.14468 395.63928],[128.51584 170.96179 190.91011 188.66182],[6.451852  6.186465  6.0170794 6.0406356],[1.5914364 1.5920926 1.7406003 1.615607 ],[8.26459   8.2423935 8.200481  8.146263 ],[0.5972225  0.63432676 0.68430376 0.73401004]
DFTGRID,C,1e-07,1,False,False,TDD,burst,25.0,[0.23520307 0.2902048  0.34993333 0.4139064 ],[0.20548822 0.25179437 0.30148393 0.3540441 ],[ 65.43845   80.584236  96.99951  114.56216 ],[ 64.748215  79.16051   94.55991  110.77622 ],[8.258732  8.2508545 8.242253  8.232961 ],[0.20557956 0.2095239  0.21410693 0.21936956],[8.287666  8.286729  8.285783  8.2848215],[0.20094846 0.20314613 0.20554832 0.20814274]
DFTGRID,C,1e-07,10,False,False,TDD,burst,25.0,[1.1297653 1.328331  1.5470223 1.7488148],[0.57231367 0.6767046  0.79020596 0.89015275],[250.66888 299.12747 344.5413  385.415  ],[115.42003 141.03308 164.96428 186.15341],[6.9670525 6.7845345 6.684271  6.627371 ],[1.1013683 1.1972861 1.119777  1.1144528],[8.228059 8.225114 8.221141 8.218306],[0.40632427 0.4437365  0.47436562 0.49637368]
DFTGRID,C,1e-07,30,False,False,TDD,burst,25.0,[1.4485811 1.6779975 1.8774192 1.9736569],[1.0795926 1.1040938 1.1744691 1.1651292],[272.20956 323.20248 364.97113 401.21194],[ 95.37158 116.57966 133.05316 155.20721],[6.594716  6.3143854 6.048542  5.880417 ],[1.2787241 1.2283719 1.2331897 1.3035461],[8.210542 8.202722 8.19268  8.180748],[0.5592177  0.55600965 0.58218414 0.6467473 ]
DFTGRID,C,3e-07,1,False,False,TDD,burst,25.0,[0.2212577  0.27272186 0.32857892 0.38843137],[0.19844724 0.24294886 0.29059237 0.34085596],[ 66.77013   82.35635   99.288864 117.45141 ],[ 60.23662   73.81544   88.38507  103.797775],[8.276814 8.269171 8.260672 8.251322],[0.13259505 0.13604775 0.14044444 0.14585584],[8.30922  8.309395 8.309544 8.309666],[0.12782559 0.12907474 0.13059269 0.13237107]
DFTGRID,C,3e-07,10,False,False,TDD,burst,25.0,[0.8185098  0.98427206 1.1505958  1.3122476 ],[0.4039407  0.48003834 0.55348605 0.62327445],[219.54474 263.65042 307.94794 350.53232],[ 98.2025  117.45539 136.45184 154.37967],[7.1959815 6.9965363 6.8394666 6.7216554],[0.97961754 1.0592917  1.0775243  1.1076727 ],[8.250104 8.243473 8.238306 8.233625],[0.3385536  0.37196392 0.40309045 0.43264034]
DFTGRID,C,3e-07,30,False,False,TDD,burst,25.0,[1.0906006 1.3042663 1.4794034 1.6329471],[0.5280483  0.61535573 0.6874063  0.72776496],[270.02667 330.79724 382.46982 425.85223],[ 92.052605 120.81173  148.57089  170.61137 ],[6.675424  6.398422  6.1883364 6.1277504],[1.2374779 1.2940359 1.3898015 1.4108908],[8.243394  8.2595005 8.280929  8.2970915],[0.52751476 0.5657697  0.5995796  0.62896645]
DFTGRID,D,3e-08,1,False,False,TDD,burst,25.0,[0.23331954 0.28701696 0.3451131  0.40715313],[0.2502631  0.30623215 0.36612278 0.4292816 ],[ 69.99588   86.112885 103.552315 122.178314],[ 75.079346  91.88895  109.883545 128.86858 ],[8.312061 8.311633 8.311168 8.310666],[0.16909622 0.16944341 0.16983916 0.17028129],[8.314399 8.31432  8.314234 8.314145],[0.16895762 0.16928388 0.1696566  0.17007588]
DFTGRID,D,3e-08,10,False,False,TDD,burst,25.0,[0.781327   0.90423983 1.0014035  1.0965401 ],[0.59004515 0.68133867 0.7499278  0.80800426],[232.10849 268.77652 298.43082 328.57474],[176.19594 202.80745 222.69458 240.939  ],[8.056672 8.114194 8.148125 8.176903],[0.85729235 0.6077893  0.49169552 0.40964958],[8.316227 8.317209 8.319232 8.322231],[0.22064126 0.22971568 0.23861215 0.2478967 ]
DFTGRID,D,3e-08,30,False,False,TDD,burst,25.0,[0.8843055 0.9362871 1.0871679 1.2325692],[0.5837234 0.6370466 0.716191  0.814405 ],[248.52554 262.0919  302.5149  341.29456],[160.40903 177.64911 198.27232 220.59132],[8.019756 8.015928 8.060685 8.094595],[0.8601204  0.80928093 0.5679262  0.46645543],[8.279625 8.265633 8.254636 8.245803],[0.3149234  0.33140603 0.34753156 0.37491983]
DFTGRID,D,1e-07,1,False,False,TDD,burst,25.0,[0.24959712 0.3073107  0.36985302 0.43676224],[0.23543988 0.28789192 0.34394336 0.40296513],[ 75.31138  92.72855 111.60373 131.79759],[ 71.68011   87.623215 104.65201  122.5739  ],[8.305968 8.305734 8.305458 8.305143],[0.04584057 0.04706965 0.04840677 0.04984491],[8.30858  8.308747 8.308917 8.309082],[0.04570835 0.04691134 0.04821612 0.0496129 ]
DFTGRID,D,1e-07,10,False,False,TDD,burst,25.0,[0.8573549  0.98596525 1.0814595  1.1842269 ],[0.5538874  0.64023626 0.6958977  0.740974  ],[252.86496 290.67032 319.2076  350.1186 ],[161.1499  186.33955 203.51918 218.44586],[8.016439  8.0773325 8.117416  8.146939 ],[0.94264424 0.64875984 0.47369203 0.35903487],[8.3021965 8.302738  8.303449  8.304353 ],[0.14413552 0.16243474 0.18018846 0.19722271]
DFTGRID,D,1e-07,30,False,False,TDD,burst,25.0,[0.8377211 0.8796408 1.0022775 1.118071 ],[0.5500939  0.5742518  0.6506851  0.71752375],[251.50076 266.53268 303.2077  338.83652],[171.78017 185.586   205.5867  228.20691],[8.122754 8.140666 8.153167 8.175048],[0.58011127 0.5275354  0.4648614  0.40882528],[8.307436 8.310596 8.312113 8.311371],[0.28931206 0.31602684 0.33770055 0.355212  ]
DFTGRID,D,3e-07,1,False,False,TDD,burst,25.0,[0.21772943 0.2681535  0.32282764 0.381355  ],[0.23140949 0.2830945  0.33836618 0.3966126 ],[ 65.25683  80.37083  96.75883 114.30187],[ 69.42251  84.92182 101.49476 118.95753],[8.302376 8.302074 8.301737 8.30136 ],[0.0214152  0.02302819 0.02477559 0.02663683],[8.30457  8.304598 8.304624 8.304644],[0.02125929 0.02278927 0.02444147 0.02619201]
DFTGRID,D,3e-07,10,False,False,TDD,burst,25.0,[0.77645195 0.89434355 0.99483025 1.0967308 ],[0.5477901  0.64170194 0.71567047 0.7754498 ],[230.18231 264.51215 293.69562 323.4953 ],[160.64388 186.64421 206.25842 221.87325],[8.117829 8.130027 8.147303 8.164063],[0.58479357 0.51021594 0.41077194 0.32531214],[8.291802 8.291453 8.291422 8.291797],[0.1362243  0.15536557 0.17447099 0.1934451 ]
DFTGRID,D,3e-07,30,False,False,TDD,burst,25.0,[0.7430524  0.76734334 0.89548355 1.01834   ],[0.63355297 0.67439574 0.78640896 0.88893443],[216.61194 221.8212  257.68915 292.33142],[175.29205 181.29727 211.69118 241.5367 ],[8.14246  8.154247 8.147207 8.157825],[0.6235032 0.5187853 0.4979717 0.4505952],[8.314291 8.305841 8.296564 8.287484],[0.25759736 0.28634158 0.31637368 0.3417795 ]
DFTGRID,A,3e-08,1,False,False,TDD,packagedrop,0.1,[0.2693149  0.33042136 0.39661807 0.46747532],[0.24373095 0.29763743 0.35531148 0.41614237],[ 79.33648  97.4366  117.01046 137.90878],[ 76.85851  93.84326 111.99937 131.1311 ],[8.325055 8.322545 8.319898 8.31712 ],[0.19163528 0.19657595 0.20191489 0.20762545],[8.330993 8.329849 8.328677 8.327478],[0.19007082 0.19461927 0.19951841 0.20474008]
DFTGRID,A,3e-08,10,False,False,TDD,packagedrop,0.1,[1.8515422 2.245369  2.5678024 2.4582121],[2.6877973 3.0922422 4.3357935 3.0716853],[202.00726 245.70538 291.42584 335.5501 ],[111.87197 132.83478 157.61351 181.73174],[7.547071  7.403847  7.3438487 7.3018227],[1.1460422 1.3085426 1.2887305 1.3212214],[8.202798 8.202787 8.20477  8.210616],[0.5486621  0.603959   0.65337497 0.69756156]
DFTGRID,A,3e-08,30,False,False,TDD,packagedrop,0.1,[4.3511357 4.163128  3.7613535 3.6360667],[10.822884   7.627487   5.7461157  4.078994 ],[250.58101 310.03284 360.05273 400.72632],[157.11781 204.28117 245.24744 271.25415],[6.846307  6.8058467 6.7941084 6.872138 ],[1.4961067 1.3733679 1.4214272 1.4362309],[7.9305906 7.937528  7.938669  7.9467754],[0.9408091 0.9712995 1.0151565 1.0446168]
DFTGRID,A,1e-07,1,False,False,TDD,packagedrop,0.1,[0.2198254  0.26998618 0.3243333  0.38245827],[0.23921157 0.29218948 0.3488503  0.40858293],[ 60.098198  73.88036   88.80737  104.769554],[ 72.376816  88.521545 105.8271   124.11891 ],[8.25453  8.253528 8.252353 8.251013],[0.516319   0.51712835 0.5181306  0.5193214 ],[8.262489 8.263346 8.264196 8.265036],[0.51461947 0.51503414 0.5156064  0.5163352 ]
DFTGRID,A,1e-07,10,False,False,TDD,packagedrop,0.1,[1.4525208 1.784528  2.1552825 2.1225724],[1.6444832 2.3976662 3.9307237 2.2936084],[220.62268 263.6904  306.68195 349.05472],[129.917   157.91008 183.88602 207.49152],[7.378046 7.290894 7.233242 7.180117],[1.3564465 1.3915684 1.4024184 1.475374 ],[8.144523 8.146372 8.146507 8.145758],[0.6222945 0.6648693 0.7096782 0.7541992]
DFTGRID,A,1e-07,30,False,False,TDD,packagedrop,0.1,[2.1811848 2.5229704 3.1257465 3.015903 ],[4.1700306 3.2635    5.74156   4.2639947],[267.58163 318.61676 360.55566 381.7811 ],[157.2179  196.16531 231.12834 250.32971],[6.973056 6.793501 6.554216 6.398062],[1.5067408 1.5935324 1.6135534 1.595853 ],[8.072836  8.0405245 7.9876432 7.931781 ],[0.9680374 1.0242084 1.0625325 1.0865597]
DFTGRID,A,3e-07,1,False,False,TDD,packagedrop,0.1,[0.24814326 0.30519572 0.36700585 0.43312204],[0.23164788 0.2830529  0.338077   0.39613193],[ 76.204544  93.754265 112.77072  133.11298 ],[ 78.154655  95.516075 114.102325 133.71466 ],[8.206393 8.20592  8.205295 8.20452 ],[0.356326   0.35822046 0.3603159  0.36260718],[8.213686 8.214922 8.216152 8.217375],[0.35320455 0.35431987 0.35555044 0.3568935 ]
DFTGRID,A,3e-07,10,False,False,TDD,packagedrop,0.1,[1.0149605 1.274612  1.4599106 1.6889846],[0.83180344 1.2284542  1.2851363  1.5267652 ],[206.9661  252.66771 300.52463 348.95108],[112.15986 137.83133 165.90443 195.60439],[7.4104366 7.292095  7.2468896 7.217532 ],[1.212537  1.3152204 1.2659737 1.2523888],[8.171758 8.174995 8.178912 8.183869],[0.6171444 0.6622209 0.7027356 0.7370156]
DFTGRID,A,3e-07,30,False,False,TDD,packagedrop,0.1,[1.4504796 1.7090933 1.9410266 2.0695276],[1.3560237 1.6141793 1.9047953 1.9990273],[263.87167 316.68964 366.9807  410.45718],[139.55501 175.18628 217.73854 259.2265 ],[6.7087407 6.6427627 6.6461625 6.704671 ],[1.6153084 1.583638  1.5630177 1.570767 ],[8.039328 8.043646 8.03752  8.038265],[0.9088916  0.95316577 1.0154774  1.050955  ]
DFTGRID,C,3e-08,1,False,False,TDD,packagedrop,0.1,[0.33588964 0.41238585 0.49622354 0.5891432 ],[0.25001615 0.3038011  0.36634904 0.4494524 ],[ 78.21316   96.228905 115.75977  136.66377 ],[ 62.670162  76.58224   91.47921  107.206764],[8.28867  8.281741 8.274011 8.265516],[0.13853589 0.14362155 0.1496771  0.15670517],[8.320241 8.321053 8.321877 8.322711],[0.13149638 0.1339269  0.13672419 0.13986447]
DFTGRID,C,3e-08,10,False,False,TDD,packagedrop,0.1,[1.953271  2.5438702 2.6693766 2.6976733],[1.7409358 2.7549741 2.2701883 1.9192284],[262.07687 314.5484  364.1766  407.98727],[106.00634 125.78617 147.13965 167.9224 ],[6.7306557 6.543071  6.4785395 6.528678 ],[1.3942575 1.4595617 1.4720048 1.3682005],[8.214156 8.200949 8.206897 8.228696],[0.4358665 0.4754517 0.5107417 0.5324073]
DFTGRID,C,3e-08,30,False,False,TDD,packagedrop,0.1,[1.7843248 1.8741935 2.1875224 2.464335 ],[1.5038269 1.0886755 1.5051297 2.1563277],[286.11624 334.64212 372.26944 383.84302],[141.95628 167.16884 180.46729 179.55103],[6.2880616 6.1300592 5.9746327 5.9452686],[1.6890206 1.5400703 1.5753467 1.5557106],[8.26459   8.2423935 8.200481  8.146263 ],[0.5972225  0.63432676 0.68430376 0.73401004]
DFTGRID,C,1e-07,1,False,False,TDD,packagedrop,0.1,[0.23634912 0.29130003 0.35094142 0.4147866 ],[0.20622243 0.25248876 0.30213672 0.35464135],[ 65.89046   81.023155  97.41573  114.94788 ],[ 64.54807  78.87178  94.17909 110.29964],[8.259065  8.251163  8.2425375 8.233216 ],[0.205081   0.2089761  0.2135159  0.21874182],[8.287666  8.286729  8.285783  8.2848215],[0.20094846 0.20314613 0.20554832 0.20814274]
DFTGRID,C,1e-07,10,False,False,TDD,packagedrop,0.1,[1.0955896 1.2864146 1.4938674 1.6877955],[0.54593444 0.6458951  0.7561648  0.8542893 ],[244.8339  291.98526 336.11954 375.60794],[116.093575 141.10052  165.23216  186.45616 ],[6.950672  6.7781734 6.678825  6.6229725],[1.0651507 1.1705533 1.132913  1.1489475],[8.228059 8.225114 8.221141 8.218306],[0.40632427 0.4437365  0.47436562 0.49637368]
DFTGRID,C,1e-07,30,False,False,TDD,packagedrop,0.1,[1.3641026 1.5440605 1.700785  1.7883716],[1.0059658 1.0084981 1.0054381 1.0192219],[267.8224  311.9097  346.06644 379.07675],[103.86358 121.63033 134.25201 155.30261],[6.5678368 6.3221908 6.0857415 5.9387536],[1.2944747 1.2334592 1.2521365 1.2974273],[8.210542 8.202722 8.19268  8.180748],[0.5592177  0.55600965 0.58218414 0.6467473 ]
DFTGRID,C,3e-07,1,False,False,TDD,packagedrop,0.1,[0.22080375 0.27174765 0.3270236  0.38623768],[0.19886428 0.24306501 0.29035038 0.34019995],[ 66.64329   82.0728    98.83197  116.805534],[ 60.1922    73.665665  88.117096 103.39916 ],[8.276806 8.269107 8.260549 8.25115 ],[0.13293815 0.13651022 0.1410382  0.14659333],[8.30922  8.309395 8.309544 8.309666],[0.12782559 0.12907474 0.13059269 0.13237107]
DFTGRID,C,3e-07,10,False,False,TDD,packagedrop,0.1,[0.7977176 0.9590844 1.1208769 1.2777693],[0.4035462  0.47914374 0.55234784 0.6215459 ],[214.39914 257.31042 300.34708 341.66348],[ 99.114044 118.50064  137.43587  154.97911 ],[7.2049894 7.001596  6.8435044 6.7237644],[0.9560968 1.0430956 1.0635445 1.1022677],[8.250104 8.243473 8.238306 8.233625],[0.3385536  0.37196392 0.40309045 0.43264034]
DFTGRID,C,3e-07,30,False,False,TDD,packagedrop,0.1,[1.0521082 1.2362083 1.3868294 1.5278485],[0.4911449  0.56388026 0.6310004  0.670497  ],[265.67896 319.32385 364.9124  407.51837],[ 94.36143 118.45499 144.12193 165.5232 ],[6.7163587 6.4426813 6.2148986 6.1296372],[1.1871264 1.2412362 1.3598557 1.3832599],[8.243394  8.2595005 8.280929  8.2970915],[0.52751476 0.5657697  0.5995796  0.62896645]
DFTGRID,D,3e-08,1,False,False,TDD,packagedrop,0.1,[0.23587745 0.28968993 0.34785694 0.40992033],[0.2541454  0.31036234 0.37043765 0.43371361],[ 70.749344  86.9016   104.36346  122.998055],[ 76.18151   93.06253  111.110664 130.13054 ],[8.312933 8.312499 8.312033 8.311525],[0.1690566  0.16940424 0.16980065 0.17024548],[8.314399 8.31432  8.314234 8.314145],[0.16895762 0.16928388 0.1696566  0.17007588]
DFTGRID,D,3e-08,10,False,False,TDD,packagedrop,0.1,[0.77331007 0.9001326  0.99859166 1.0908247 ],[0.5907702  0.6833079  0.75268507 0.80965805],[229.31984 267.14734 297.0895  326.20303],[175.53204 202.63202 222.54636 240.06561],[8.051175  8.0973835 8.130919  8.161002 ],[0.7673051  0.6002183  0.5003153  0.41833612],[8.316227 8.317209 8.319232 8.322231],[0.22064126 0.22971568 0.23861215 0.2478967 ]
DFTGRID,D,3e-08,30,False,False,TDD,packagedrop,0.1,[0.867608   0.92865217 1.0581781  1.1825634 ],[0.59376884 0.64334226 0.70817095 0.7947459 ],[245.9009  261.30634 296.54184 329.78653],[166.75375 179.13184 197.26534 216.60646],[7.9495807 7.934574  7.9918737 8.045662 ],[0.93682325 0.8863401  0.6778621  0.5156001 ],[8.279625 8.265633 8.254636 8.245803],[0.3149234  0.33140603 0.34753156 0.37491983]
DFTGRID,D,1e-07,1,False,False,TDD,packagedrop,0.1,[0.254815   0.3128969  0.37574315 0.4428903 ],[0.24071397 0.29342908 0.34966215 0.40878257],[ 76.89758   94.426956 113.39504  133.66177 ],[ 73.322975  89.34885  106.43517  124.38886 ],[8.306866 8.306627 8.306351 8.30603 ],[0.04574963 0.04697649 0.04831291 0.04975017],[8.30858  8.308747 8.308917 8.309082],[0.04570835 0.04691134 0.04821612 0.0496129 ]
DFTGRID,D,1e-07,10,False,False,TDD,packagedrop,0.1,[0.83055323 0.9618512  1.0582527  1.1561985 ],[0.5528398  0.63922846 0.6962747  0.7411899 ],[244.97003 283.58923 312.38416 341.82782],[161.10544 186.63934 204.34212 219.02019],[8.054598 8.094895 8.124251 8.144336],[0.75366974 0.55365026 0.41834295 0.33756068],[8.3021965 8.302738  8.303449  8.304353 ],[0.14413552 0.16243474 0.18018846 0.19722271]
DFTGRID,D,1e-07,30,False,False,TDD,packagedrop,0.1,[0.82963806 0.8688457  0.9829453  1.0851479 ],[0.5589721 0.5600509 0.633859  0.6896045],[249.77017 264.44455 298.79797 331.0212 ],[173.92723 182.34068 202.69907 223.94968],[8.135423 8.146215 8.161548 8.175708],[0.5869178  0.53012246 0.47930273 0.4201129 ],[8.307436 8.310596 8.312113 8.311371],[0.28931206 0.31602684 0.33770055 0.355212  ]
DFTGRID,D,3e-07,1,False,False,TDD,packagedrop,0.1,[0.22046371 0.27097037 0.32567868 0.3841936 ],[0.23460315 0.28636774 0.3416613  0.399873  ],[ 66.078514  81.21591   97.61255  115.14975 ],[ 70.381546  85.9036   102.481575 119.9319  ],[8.303167 8.302862 8.30252  8.302143],[0.02154215 0.02316362 0.02492041 0.02678859],[8.30457  8.304598 8.304624 8.304644],[0.02125929 0.02278927 0.02444147 0.02619201]
DFTGRID,D,3e-07,10,False,False,TDD,packagedrop,0.1,[0.77812326 0.89593005 0.9964518  1.095226  ],[0.57598555 0.6627393  0.73218435 0.79061455],[231.04776 265.32394 294.4798  323.35162],[170.08109 193.89685 212.18867 227.35037],[8.10004  8.116912 8.138037 8.159634],[0.69910765 0.5865319  0.47000116 0.3601051 ],[8.291802 8.291453 8.291422 8.291797],[0.1362243  0.15536557 0.17447099 0.1934451 ]
DFTGRID,D,3e-07,30,False,False,TDD,packagedrop,0.1,[0.72062516 0.7520586  0.8579707  0.9668539 ],[0.6258376  0.6531643  0.74980396 0.8472552 ],[211.13922 218.98055 248.21133 278.31567],[170.7913  174.76482 200.60876 225.71953],[8.170139 8.175822 8.169225 8.166474],[0.49041575 0.43247133 0.42633724 0.43292674],[8.314291 8.305841 8.296564 8.287484],[0.25759736 0.28634158 0.31637368 0.3417795 ]
DFTGRID,A,3e-08,1,False,False,TDD,packagedrop,0.09,[0.26857638 0.32955632 0.39562154 0.46634278],[0.24364863 0.29748362 0.35508794 0.41585252],[ 79.12679   97.188515 116.72204  137.57828 ],[ 76.6667    93.60831  111.719086 130.80345 ],[8.32505  8.322541 8.319895 8.317117],[0.19167648 0.19662043 0.2019626  0.20767619],[8.330993 8.329849 8.328677 8.327478],[0.19007082 0.19461927 0.19951841 0.20474008]
DFTGRID,A,3e-08,10,False,False,TDD,packagedrop,0.09,[1.8232514 2.2051587 2.5288918 2.4199045],[2.6588175 3.0290418 4.3026633 3.0250015],[198.48997 242.00044 287.29337 331.28043],[109.51867 130.8605  155.0661  178.5158 ],[7.601955  7.4226537 7.352766  7.3136444],[1.0604559 1.3277484 1.3251505 1.3639258],[8.202798 8.202787 8.20477  8.210616],[0.5486621  0.603959   0.65337497 0.69756156]
DFTGRID,A,3e-08,30,False,False,TDD,packagedrop,0.09,[4.1177163 3.9789395 3.7328277 3.6255124],[10.042838   7.0501795  6.0289006  4.2516384],[245.85797 306.1803  356.59598 397.95786],[150.64853 198.1354  240.14221 269.43323],[6.896563  6.8303685 6.819328  6.8325047],[1.4615517 1.3940578 1.3826011 1.4782048],[7.9305906 7.937528  7.938669  7.9467754],[0.9408091 0.9712995 1.0151565 1.0446168]
DFTGRID,A,1e-07,1,False,False,TDD,packagedrop,0.09,[0.21972458 0.26981524 0.32408637 0.38212663],[0.2401883  0.29325432 0.3499911  0.40978503],[ 60.301445  74.10054   89.04289  105.01859 ],[ 73.276405  89.546165 106.97596  125.390526],[8.254507 8.253499 8.252323 8.250979],[0.51620483 0.51700276 0.5179942  0.51917547],[8.262489 8.263346 8.264196 8.265036],[0.51461947 0.51503414 0.5156064  0.5163352 ]
DFTGRID,A,1e-07,10,False,False,TDD,packagedrop,0.09,[1.4462146 1.7791902 2.1495545 2.120125 ],[1.6367487 2.397439  3.920319  2.2961855],[218.32687 261.63968 305.07675 347.8623 ],[127.87852 156.49951 183.19234 207.40846],[7.3830724 7.3001833 7.254807  7.20309  ],[1.3533428 1.3881104 1.3769472 1.4520265],[8.144523 8.146372 8.146507 8.145758],[0.6222945 0.6648693 0.7096782 0.7541992]
DFTGRID,A,1e-07,30,False,False,TDD,packagedrop,0.09,[2.3506365 2.6297371 3.4592185 3.1874862],[6.158534 4.174459 8.662644 5.882156],[268.17685 320.25507 363.35782 382.67047],[158.26086 195.81572 227.1436  246.2675 ],[6.8448973 6.741228  6.5240035 6.4078383],[1.6571009 1.592649  1.6267258 1.5910239],[8.072836  8.0405245 7.9876432 7.931781 ],[0.9680374 1.0242084 1.0625325 1.0865597]
DFTGRID,A,3e-07,1,False,False,TDD,packagedrop,0.09,[0.24442957 0.30094126 0.3622182  0.42781258],[0.2276946  0.27864057 0.3332316  0.39088443],[ 74.975945  92.35046  111.19475  131.3692  ],[ 76.81451   94.03879  112.498695 131.99707 ],[8.206436 8.205966 8.20534  8.204568],[0.35634765 0.35824296 0.3603394  0.3626322 ],[8.213686 8.214922 8.216152 8.217375],[0.35320455 0.35431987 0.35555044 0.3568935 ]
DFTGRID,A,3e-07,10,False,False,TDD,packagedrop,0.09,[1.025456  1.2828429 1.467476  1.6953207],[0.81143224 1.1862274  1.2479998  1.486984  ],[207.37007 253.02965 300.86166 349.31128],[110.15283 135.83353 164.10562 194.14522],[7.426839  7.3232775 7.2704515 7.2351933],[1.176276  1.2520238 1.2270817 1.2345253],[8.171758 8.174995 8.178912 8.183869],[0.6171444 0.6622209 0.7027356 0.7370156]
DFTGRID,A,3e-07,30,False,False,TDD,packagedrop,0.09,[1.4520564 1.7006631 1.9390141 2.090937 ],[1.3427361 1.5844363 1.8929008 2.0302598],[267.70203 321.61456 371.11633 417.17902],[147.04979 186.0871  227.17125 267.81314],[6.7337646 6.643591  6.631811  6.679771 ],[1.5678257 1.5851581 1.5748034 1.586021 ],[8.039328 8.043646 8.03752  8.038265],[0.9088916  0.95316577 1.0154774  1.050955  ]
DFTGRID,C,3e-08,1,False,False,TDD,packagedrop,0.09,[0.33702946 0.41358486 0.49721777 0.5898051 ],[0.25485525 0.30913872 0.37074506 0.4522583 ],[ 77.57516   95.49994  114.942665 135.76268 ],[ 61.285946  74.965775  89.633125 105.13628 ],[8.288238 8.281256 8.27348  8.264937],[0.13875377 0.14387433 0.1499669  0.15703565],[8.320241 8.321053 8.321877 8.322711],[0.13149638 0.1339269  0.13672419 0.13986447]
DFTGRID,C,3e-08,10,False,False,TDD,packagedrop,0.09,[1.9373022 2.5445096 2.6659975 2.682793 ],[1.7181252 2.799362  2.30515   1.935572 ],[259.75302 312.40872 362.00937 405.77655],[103.73659 124.40881 146.1506  166.75172],[6.7558374 6.5709405 6.4974995 6.5277467],[1.4228032 1.4800161 1.4787271 1.4085392],[8.214156 8.200949 8.206897 8.228696],[0.4358665 0.4754517 0.5107417 0.5324073]
DFTGRID,C,3e-08,30,False,False,TDD,packagedrop,0.09,[1.7691845 1.8863895 2.2110746 2.4726992],[1.4775043 1.0845518 1.4369395 2.0038404],[282.26776 340.65137 379.16058 387.32635],[133.11949 172.04831 189.82806 187.4439 ],[6.352629  6.1816335 6.0320454 5.9315205],[1.63811   1.5036548 1.6189426 1.7394521],[8.26459   8.2423935 8.200481  8.146263 ],[0.5972225  0.63432676 0.68430376 0.73401004]
DFTGRID,C,1e-07,1,False,False,TDD,packagedrop,0.09,[0.23598905 0.29089332 0.35048285 0.4142685 ],[0.20870775 0.25520968 0.30504996 0.35769907],[ 65.86746  80.99386  97.37761 114.89771],[ 65.650795  80.12372   95.57214  111.82326 ],[8.259008 8.251093 8.24245  8.233114],[0.20566086 0.20966399 0.21431725 0.21965678],[8.287666  8.286729  8.285783  8.2848215],[0.20094846 0.20314613 0.20554832 0.20814274]
DFTGRID,C,1e-07,10,False,False,TDD,packagedrop,0.09,[1.0980527 1.290683  1.497685  1.6918008],[0.5720328  0.6730916  0.77690893 0.86939365],[243.30865 290.61298 334.77612 374.5025 ],[112.2748  138.29527 162.73268 183.93607],[6.9844923 6.805889  6.692115  6.6375747],[1.0957823 1.1630481 1.1319401 1.1278214],[8.228059 8.225114 8.221141 8.218306],[0.40632427 0.4437365  0.47436562 0.49637368]
DFTGRID,C,1e-07,30,False,False,TDD,packagedrop,0.09,[1.354714  1.5790634 1.7413106 1.8181641],[1.0384494 1.0856599 1.0972042 1.0818925],[261.95428 308.83282 347.33026 379.69415],[ 86.56572  108.553604 125.25472  147.41483 ],[6.523277  6.2157803 5.9199333 5.782275 ],[1.3393432 1.3426856 1.3106829 1.3334874],[8.210542 8.202722 8.19268  8.180748],[0.5592177  0.55600965 0.58218414 0.6467473 ]
DFTGRID,C,3e-07,1,False,False,TDD,packagedrop,0.09,[0.2196814  0.27064782 0.3259754  0.38527307],[0.19439988 0.23799929 0.28471902 0.33404845],[ 66.39517  81.83989  98.62131 116.62458],[ 59.266953  72.61158   86.94026  102.1074  ],[8.276962 8.269286 8.260743 8.251357],[0.13250421 0.13600229 0.14045332 0.14593032],[8.30922  8.309395 8.309544 8.309666],[0.12782559 0.12907474 0.13059269 0.13237107]
DFTGRID,C,3e-07,10,False,False,TDD,packagedrop,0.09,[0.8090349 0.9711546 1.133379  1.2907739],[0.39685756 0.4731532  0.5471564  0.61712134],[217.9146  260.98798 304.14902 345.58942],[ 97.53388 117.00809 136.20943 154.10759],[7.1752815 6.9669404 6.8088393 6.6941133],[0.9290359 1.0294168 1.05023   1.0862119],[8.250104 8.243473 8.238306 8.233625],[0.3385536  0.37196392 0.40309045 0.43264034]
DFTGRID,C,3e-07,30,False,False,TDD,packagedrop,0.09,[1.0500923 1.23925   1.3800856 1.5184344],[0.49491367 0.57007605 0.6453444  0.70249116],[265.41782 319.93503 363.2771  403.30017],[ 91.65439 118.25456 146.25371 167.78358],[6.6535454 6.379508  6.1993628 6.1493   ],[1.2690513 1.3347064 1.4019301 1.418088 ],[8.243394  8.2595005 8.280929  8.2970915],[0.52751476 0.5657697  0.5995796  0.62896645]
DFTGRID,D,3e-08,1,False,False,TDD,packagedrop,0.09,[0.23560353 0.2894716  0.34770408 0.40984327],[0.2540452  0.3102025  0.37022188 0.4334475 ],[ 70.635895  86.798416 104.27334  122.92393 ],[ 76.04786  92.89634 110.91307 129.9034 ],[8.312943  8.312515  8.312046  8.3115425],[0.16905977 0.16940829 0.16980566 0.17025146],[8.314399 8.31432  8.314234 8.314145],[0.16895762 0.16928388 0.1696566  0.17007588]
DFTGRID,D,3e-08,10,False,False,TDD,packagedrop,0.09,[0.7721866 0.8967884 0.9943277 1.0869379],[0.58684015 0.6760991  0.7432439  0.7994374 ],[228.90695 266.0329  295.72253 324.9489 ],[174.8928  200.65363 219.6277  236.65605],[7.917078 8.001255 8.060515 8.112688],[1.1175712  0.8429772  0.67280835 0.5279917 ],[8.316227 8.317209 8.319232 8.322231],[0.22064126 0.22971568 0.23861215 0.2478967 ]
DFTGRID,D,3e-08,30,False,False,TDD,packagedrop,0.09,[0.8677675  0.92221063 1.0561261  1.1890578 ],[0.5900691 0.6391462 0.7129022 0.8022326],[244.22621 258.0708  294.04227 329.10785],[161.17842 174.8851  193.50952 211.95059],[8.109651  8.105374  8.099171  8.1226845],[0.5805109  0.53649753 0.5179701  0.44744262],[8.279625 8.265633 8.254636 8.245803],[0.3149234  0.33140603 0.34753156 0.37491983]
DFTGRID,D,1e-07,1,False,False,TDD,packagedrop,0.09,[0.2514022  0.3091119  0.37160218 0.43841136],[0.23834339 0.29086566 0.34692836 0.40590084],[ 75.85316   93.26768  112.125595 132.28758 ],[ 72.55225   88.51248  105.53966  123.440674],[8.306872 8.306635 8.306355 8.306039],[0.04576207 0.04698947 0.04832646 0.04976395],[8.30858  8.308747 8.308917 8.309082],[0.04570835 0.04691134 0.04821612 0.0496129 ]
DFTGRID,D,1e-07,10,False,False,TDD,packagedrop,0.09,[0.83154434 0.9636555  1.063684   1.1653817 ],[0.55019385 0.637542   0.70164156 0.7483668 ],[245.08662 283.85284 313.59338 344.09988],[160.13637 185.4558  204.66913 219.84454],[8.046398 8.100056 8.137795 8.163896],[0.88488173 0.59858704 0.42406425 0.31743073],[8.3021965 8.302738  8.303449  8.304353 ],[0.14413552 0.16243474 0.18018846 0.19722271]
DFTGRID,D,1e-07,30,False,False,TDD,packagedrop,0.09,[0.8088633 0.8593174 0.9669882 1.0716645],[0.5120715 0.5370832 0.6059886 0.6551315],[243.28183 261.34637 293.81503 326.62878],[160.931   175.95004 194.90959 213.89671],[8.152491 8.162071 8.178811 8.185637],[0.5046875  0.46298173 0.40017414 0.3872938 ],[8.307436 8.310596 8.312113 8.311371],[0.28931206 0.31602684 0.33770055 0.355212  ]
DFTGRID,D,3e-07,1,False,False,TDD,packagedrop,0.09,[0.2192787  0.26972628 0.3243832  0.38285363],[0.2352337 0.2871213 0.3425363 0.4008648],[ 65.72824   80.850586  97.23499  114.762726],[ 70.57369   86.13519  102.752846 120.242294],[8.303187 8.302885 8.302544 8.302168],[0.02151904 0.02313657 0.02488929 0.0267536 ],[8.30457  8.304598 8.304624 8.304644],[0.02125929 0.02278927 0.02444147 0.02619201]
DFTGRID,D,3e-07,10,False,False,TDD,packagedrop,0.09,[0.770517  0.8909204 0.991769  1.0908382],[0.561463  0.6539009 0.7259634 0.7861043],[228.81487 263.86896 293.08655 321.98248],[166.0145  191.61761 210.53816 225.99301],[8.093316 8.099238 8.117087 8.142374],[0.6407786  0.61473495 0.5309737  0.40753183],[8.291802 8.291453 8.291422 8.291797],[0.1362243  0.15536557 0.17447099 0.1934451 ]
DFTGRID,D,3e-07,30,False,False,TDD,packagedrop,0.09,[0.75820386 0.79201454 0.8880022  0.98299754],[0.6582594  0.69034094 0.7854348  0.8581702 ],[222.4952  230.16895 257.66022 285.43655],[184.7968  186.23839 213.00998 237.23767],[8.162793 8.154174 8.169448 8.164585],[0.5324319  0.525437   0.43490222 0.42192587],[8.314291 8.305841 8.296564 8.287484],[0.25759736 0.28634158 0.31637368 0.3417795 ]
DFTGRID,A,3e-08,1,False,False,TDD,packagedrop,0.08,[0.26550004 0.3261307  0.39186966 0.46229059],[0.23889863 0.2921819  0.3492577  0.40952173],[ 78.283226  96.260895 115.72024  136.51312 ],[ 75.29105  92.0964  110.08651 129.06801],[8.325136 8.322635 8.319996 8.317226],[0.19159403 0.19652814 0.20186037 0.207564  ],[8.330993 8.329849 8.328677 8.327478],[0.19007082 0.19461927 0.19951841 0.20474008]
DFTGRID,A,3e-08,10,False,False,TDD,packagedrop,0.08,[1.84673   2.2375731 2.5445569 2.435837 ],[2.702909  3.0985613 4.3032937 3.0278735],[200.2315  244.19484 289.69693 333.77554],[112.19891 133.68666 156.77748 178.74207],[7.571164  7.402115  7.367375  7.3241515],[1.1410735 1.3914692 1.2776859 1.3219179],[8.202798 8.202787 8.20477  8.210616],[0.5486621  0.603959   0.65337497 0.69756156]
DFTGRID,A,3e-08,30,False,False,TDD,packagedrop,0.08,[4.192702  4.0916953 3.9104753 3.7003973],[10.523613   7.324395   7.1638293  4.442675 ],[250.48851 312.43552 362.5783  404.48734],[147.79578 200.35551 247.99252 275.0407 ],[6.7831364 6.794031  6.8097315 6.7514954],[1.5013473 1.3249444 1.3654405 1.5870095],[7.9305906 7.937528  7.938669  7.9467754],[0.9408091 0.9712995 1.0151565 1.0446168]
DFTGRID,A,1e-07,1,False,False,TDD,packagedrop,0.08,[0.22041272 0.27071545 0.32521027 0.38348672],[0.24070857 0.2938833  0.3507454  0.4106834 ],[ 60.368305  74.207664  89.19345  105.21553 ],[ 73.0773    89.33355  106.755486 125.16853 ],[8.254467 8.25346  8.252277 8.250932],[0.516328   0.5171385  0.51814157 0.5193333 ],[8.262489 8.263346 8.264196 8.265036],[0.51461947 0.51503414 0.5156064  0.5163352 ]
DFTGRID,A,1e-07,10,False,False,TDD,packagedrop,0.08,[1.4125032 1.7432781 2.1161935 2.0749564],[1.5858458 2.3182454 3.9106505 2.19319  ],[216.26416 259.56485 303.08395 346.10104],[127.89166 156.0771  182.4828  206.51428],[7.392482 7.311846 7.253106 7.196204],[1.3681957 1.3784996 1.3892301 1.467542 ],[8.144523 8.146372 8.146507 8.145758],[0.6222945 0.6648693 0.7096782 0.7541992]
DFTGRID,A,1e-07,30,False,False,TDD,packagedrop,0.08,[2.1366494 2.5325828 3.1757345 3.0507507],[4.135297  3.4535532 6.075981  4.370718 ],[260.4465  312.90897 356.85706 378.71307],[152.48851 193.5391  229.84525 246.9884 ],[7.0021667 6.8133283 6.6080737 6.4020276],[1.5237436 1.6100262 1.6101676 1.6354028],[8.072836  8.0405245 7.9876432 7.931781 ],[0.9680374 1.0242084 1.0625325 1.0865597]
DFTGRID,A,3e-07,1,False,False,TDD,packagedrop,0.08,[0.24886464 0.306112   0.36812672 0.4344544 ],[0.23246571 0.28428966 0.33976156 0.3982861 ],[ 76.36135   93.96492  113.038475 133.44034 ],[ 78.24218   95.72429  114.441055 134.19179 ],[8.206433  8.205966  8.2053385 8.204568 ],[0.35632583 0.35821787 0.36031026 0.36259824],[8.213686 8.214922 8.216152 8.217375],[0.35320455 0.35431987 0.35555044 0.3568935 ]
DFTGRID,A,3e-07,10,False,False,TDD,packagedrop,0.08,[1.0178684 1.2723423 1.4616455 1.6917218],[0.7745849 1.1111795 1.1859257 1.4180479],[209.18784 255.37415 303.6931  352.53653],[115.71459 142.74338 172.18292 203.0156 ],[7.390128  7.278649  7.2474537 7.2295766],[1.2788367 1.3714343 1.2898617 1.2535806],[8.171758 8.174995 8.178912 8.183869],[0.6171444 0.6622209 0.7027356 0.7370156]
DFTGRID,A,3e-07,30,False,False,TDD,packagedrop,0.08,[1.4197409 1.674115  1.9302958 2.0911639],[1.2871872 1.5309501 1.8999187 2.0677114],[259.40088 312.45972 364.0562  410.5681 ],[135.3278  175.55232 219.37279 260.73154],[6.745008  6.719892  6.6792393 6.7355385],[1.5993661 1.4760932 1.5476638 1.5447243],[8.039328 8.043646 8.03752  8.038265],[0.9088916  0.95316577 1.0154774  1.050955  ]
DFTGRID,C,3e-08,1,False,False,TDD,packagedrop,0.08,[0.33468875 0.4110691  0.4945799  0.58707505],[0.25372198 0.30789205 0.3695472  0.451404  ],[ 77.21949  95.10627 114.5138  135.30157],[ 60.82703  74.47929  89.12266 104.60547],[8.288554  8.2816105 8.273869  8.26536  ],[0.13855933 0.1436383  0.14968447 0.15670235],[8.320241 8.321053 8.321877 8.322711],[0.13149638 0.1339269  0.13672419 0.13986447]
DFTGRID,C,3e-08,10,False,False,TDD,packagedrop,0.08,[1.9520847 2.5263424 2.660757  2.6828191],[1.7596475 2.727885  2.287621  1.9460366],[259.052   310.5828  359.39978 403.03735],[104.4513  124.39563 145.97963 167.1194 ],[6.7255535 6.540727  6.4567933 6.4948106],[1.4310181 1.4828978 1.5399904 1.4647915],[8.214156 8.200949 8.206897 8.228696],[0.4358665 0.4754517 0.5107417 0.5324073]
DFTGRID,C,3e-08,30,False,False,TDD,packagedrop,0.08,[1.7608494 1.8914636 2.2379262 2.537568 ],[1.5442178 1.1262017 1.5313389 2.1620789],[274.10138 330.8963  372.97018 384.59824],[126.25213 164.27675 182.71097 182.52725],[6.448908  6.2106113 5.956625  6.0291004],[1.597067  1.5433639 1.7971847 1.5169553],[8.26459   8.2423935 8.200481  8.146263 ],[0.5972225  0.63432676 0.68430376 0.73401004]
DFTGRID,C,1e-07,1,False,False,TDD,packagedrop,0.08,[0.23638213 0.29133567 0.35097027 0.41479957],[0.20853122 0.25503263 0.30488274 0.3575515 ],[ 65.904724  81.03335   97.418465 114.93966 ],[ 65.549255  79.98701   95.39836  111.61107 ],[8.258917 8.251004 8.24237  8.233043],[0.20571464 0.20969705 0.21432357 0.21963346],[8.287666  8.286729  8.285783  8.2848215],[0.20094846 0.20314613 0.20554832 0.20814274]
DFTGRID,C,1e-07,10,False,False,TDD,packagedrop,0.08,[1.1070144 1.2988666 1.5068002 1.7029319],[0.56594396 0.66973704 0.7783514  0.8759661 ],[246.68987 293.88937 337.9723  377.89023],[115.45781 141.1704  164.6845  185.50616],[6.926882  6.7506046 6.655032  6.614462 ],[1.131551  1.2144377 1.1745447 1.131255 ],[8.228059 8.225114 8.221141 8.218306],[0.40632427 0.4437365  0.47436562 0.49637368]
DFTGRID,C,1e-07,30,False,False,TDD,packagedrop,0.08,[1.3905753 1.5993974 1.753511  1.8568023],[1.0294628 1.0649819 1.1235623 1.1368712],[270.63354 315.59897 351.46457 385.65427],[103.792015 121.32748  134.92168  158.9227  ],[6.5587535 6.285235  6.0308924 5.888025 ],[1.318953  1.296867  1.2849511 1.3401909],[8.210542 8.202722 8.19268  8.180748],[0.5592177  0.55600965 0.58218414 0.6467473 ]
DFTGRID,C,3e-07,1,False,False,TDD,packagedrop,0.08,[0.22098999 0.27210644 0.3275774  0.387008  ],[0.19854099 0.24284731 0.2902711  0.34029323],[ 66.78317  82.27229  99.09639 117.13971],[ 60.332172  73.85477   88.35887  103.696724],[8.277352 8.269718 8.261223 8.251888],[0.13206881 0.13544573 0.13975771 0.14507735],[8.30922  8.309395 8.309544 8.309666],[0.12782559 0.12907474 0.13059269 0.13237107]
DFTGRID,C,3e-07,10,False,False,TDD,packagedrop,0.08,[0.8044193 0.9669311 1.1293374 1.2866458],[0.40816718 0.4853572  0.55981195 0.6303286 ],[216.2866  259.59723 302.92233 344.45303],[101.21294 120.77891 139.9292  157.86389],[7.183349  6.983608  6.8315215 6.7185383],[1.0139811 1.092311  1.0979831 1.1138632],[8.250104 8.243473 8.238306 8.233625],[0.3385536  0.37196392 0.40309045 0.43264034]
DFTGRID,C,3e-07,30,False,False,TDD,packagedrop,0.08,[1.058234  1.2566235 1.4131542 1.5585735],[0.479797   0.56521624 0.638337   0.6993406 ],[267.98096 324.052   371.38376 412.26553],[ 89.614746 116.110054 144.14516  167.2273  ],[6.6450605 6.340896  6.1517973 6.134245 ],[1.188104  1.3053119 1.3914982 1.3993105],[8.243394  8.2595005 8.280929  8.2970915],[0.52751476 0.5657697  0.5995796  0.62896645]
DFTGRID,D,3e-08,1,False,False,TDD,packagedrop,0.08,[0.23385867 0.2874056  0.3453147  0.4071294 ],[0.25184965 0.307867   0.3677714  0.4309072 ],[ 70.217354  86.29534  103.68461  122.24879 ],[ 75.73527  92.58296 110.60454 129.60515],[8.312938 8.31251  8.31204  8.311535],[0.16903809 0.16938464 0.16978022 0.1702242 ],[8.314399 8.31432  8.314234 8.314145],[0.16895762 0.16928388 0.1696566  0.17007588]
DFTGRID,D,3e-08,10,False,False,TDD,packagedrop,0.08,[0.77720267 0.9100524  1.0048668  1.0861118 ],[0.58629245 0.68746954 0.7467768  0.79613316],[230.89479 270.35077 299.40906 325.7141 ],[175.43462 204.28363 222.08698 238.44861],[8.063077 8.122956 8.156512 8.179312],[0.81242555 0.5605136  0.44439587 0.3874831 ],[8.316227 8.317209 8.319232 8.322231],[0.22064126 0.22971568 0.23861215 0.2478967 ]
DFTGRID,D,3e-08,30,False,False,TDD,packagedrop,0.08,[0.8567619 0.9105232 1.0477977 1.1816481],[0.584869   0.63277096 0.6980351  0.7846184 ],[241.61359 255.6947  292.52237 327.54135],[160.46179 174.85454 193.12486 211.95499],[8.043873 8.045322 8.064601 8.097317],[0.8496655  0.76800543 0.64487255 0.5078531 ],[8.279625 8.265633 8.254636 8.245803],[0.3149234  0.33140603 0.34753156 0.37491983]
DFTGRID,D,1e-07,1,False,False,TDD,packagedrop,0.08,[0.25263578 0.31056464 0.37328336 0.44032857],[0.23793502 0.2905334  0.34669262 0.4057819 ],[ 76.22249  93.7026  112.62872 132.86119],[ 72.41136  88.39109 105.44368 123.37601],[8.3068905 8.306657  8.306379  8.306063 ],[0.04574527 0.04697094 0.04830631 0.04974228],[8.30858  8.308747 8.308917 8.309082],[0.04570835 0.04691134 0.04821612 0.0496129 ]
DFTGRID,D,1e-07,10,False,False,TDD,packagedrop,0.08,[0.8430124 0.9745728 1.0718113 1.1718528],[0.5550763  0.6422618  0.70141864 0.7461901 ],[248.91614 287.50186 316.43985 346.53336],[162.2186  187.29092 205.02321 219.82397],[8.044422 8.094859 8.132619 8.157676],[0.8572309  0.6135865  0.44151688 0.3418471 ],[8.3021965 8.302738  8.303449  8.304353 ],[0.14413552 0.16243474 0.18018846 0.19722271]
DFTGRID,D,1e-07,30,False,False,TDD,packagedrop,0.08,[0.82819426 0.8702169  0.9813831  1.0859189 ],[0.5446161 0.5517413 0.6283073 0.7025126],[249.71584 264.96948 297.8836  330.49112],[170.17885 178.45395 197.27586 221.33401],[8.130801  8.167639  8.1626005 8.175009 ],[0.60993475 0.442957   0.46034056 0.41523886],[8.307436 8.310596 8.312113 8.311371],[0.28931206 0.31602684 0.33770055 0.355212  ]
DFTGRID,D,3e-07,1,False,False,TDD,packagedrop,0.08,[0.21687189 0.26701227 0.32137856 0.37957856],[0.22945386 0.28065935 0.33544415 0.3932037 ],[ 65.000145  80.02785   96.32211  113.765205],[ 68.83007   84.183975 100.60895  117.92345 ],[8.303178 8.302875 8.302532 8.302152],[0.02154051 0.02316305 0.0249209  0.02679022],[8.30457  8.304598 8.304624 8.304644],[0.02125929 0.02278927 0.02444147 0.02619201]
DFTGRID,D,3e-07,10,False,False,TDD,packagedrop,0.08,[0.7637241  0.88261306 0.98321843 1.0825726 ],[0.55270237 0.64318055 0.71491784 0.7751659 ],[226.70934 261.38196 290.5603  319.53247],[163.03038 188.34401 207.3133  222.79741],[8.063831 8.077526 8.101728 8.132236],[0.687379   0.6247587  0.52855355 0.41176414],[8.291802 8.291453 8.291422 8.291797],[0.1362243  0.15536557 0.17447099 0.1934451 ]
DFTGRID,D,3e-07,30,False,False,TDD,packagedrop,0.08,[0.7393768  0.763168   0.87094694 0.9832786 ],[0.6599477  0.68353593 0.781101   0.87458885],[215.83568 220.80367 250.94943 283.0112 ],[182.01022 182.78413 208.69965 237.32275],[8.178537 8.166666 8.166231 8.173962],[0.4755621  0.477631   0.44358093 0.40743834],[8.314291 8.305841 8.296564 8.287484],[0.25759736 0.28634158 0.31637368 0.3417795 ]
DFTGRID,A,3e-08,1,False,False,TDD,packagedrop,0.07,[0.26451162 0.32495177 0.39048412 0.4606825 ],[0.24035433 0.29372102 0.3508658  0.41118458],[ 77.887695  95.79458  115.17913  135.8936  ],[ 75.39802  92.18258 110.14641 129.09619],[8.325149 8.322648 8.320011 8.317243],[0.19160567 0.19653873 0.20186964 0.20757131],[8.330993 8.329849 8.328677 8.327478],[0.19007082 0.19461927 0.19951841 0.20474008]
DFTGRID,A,3e-08,10,False,False,TDD,packagedrop,0.07,[1.8653547 2.2551801 2.5430377 2.431425 ],[2.7010953 3.1038096 4.205485  2.9059958],[202.31883 246.12094 291.228   334.72443],[113.081085 134.43158  157.71663  179.69566 ],[7.540355  7.4377427 7.3866534 7.3397455],[1.3025843 1.3234658 1.2839539 1.3168303],[8.202798 8.202787 8.20477  8.210616],[0.5486621  0.603959   0.65337497 0.69756156]
DFTGRID,A,3e-08,30,False,False,TDD,packagedrop,0.07,[4.033145  3.8927014 3.7647247 3.7238853],[8.911394  6.232438  5.902711  4.6386023],[247.2927 309.2955 359.971  402.0739],[149.7281  204.15396 245.87776 272.90598],[6.810647  6.8653398 6.82142   6.8458614],[1.5928829 1.3275765 1.3611137 1.4354707],[7.9305906 7.937528  7.938669  7.9467754],[0.9408091 0.9712995 1.0151565 1.0446168]
DFTGRID,A,1e-07,1,False,False,TDD,packagedrop,0.07,[0.21986918 0.2701135  0.32456318 0.3828106 ],[0.23847914 0.2914123  0.3480544  0.40779892],[ 60.315636  74.146286  89.12513  105.1424  ],[ 73.00104   89.239815 106.64439  125.04064 ],[8.254489  8.253482  8.252306  8.2509575],[0.5162721 0.5170812 0.5180836 0.5192745],[8.262489 8.263346 8.264196 8.265036],[0.51461947 0.51503414 0.5156064  0.5163352 ]
DFTGRID,A,1e-07,10,False,False,TDD,packagedrop,0.07,[1.4526144 1.7858553 2.1506734 2.113885 ],[1.6540539 2.4073544 3.9618874 2.2872205],[217.30315 260.34338 303.7842  346.62457],[126.77033 154.62956 181.06737 205.34161],[7.371761  7.289536  7.2437067 7.190949 ],[1.3769728 1.4046819 1.3925905 1.469784 ],[8.144523 8.146372 8.146507 8.145758],[0.6222945 0.6648693 0.7096782 0.7541992]
DFTGRID,A,1e-07,30,False,False,TDD,packagedrop,0.07,[2.2012517 2.5465605 3.163413  3.0654278],[3.8327644 3.0586543 5.34462   4.0969987],[279.28616 331.67923 373.8143  391.52536],[172.21584 211.20119 244.76102 258.49872],[7.0036006 6.8548665 6.5809593 6.425646 ],[1.5200868 1.5225923 1.6270841 1.6235576],[8.072836  8.0405245 7.9876432 7.931781 ],[0.9680374 1.0242084 1.0625325 1.0865597]
DFTGRID,A,3e-07,1,False,False,TDD,packagedrop,0.07,[0.24668188 0.30346972 0.36501363 0.4308628 ],[0.23157568 0.28305432 0.33815774 0.39629635],[ 75.561066  92.99466  111.894325 132.1198  ],[ 77.572815  94.849976 113.35087  132.87772 ],[8.206483  8.206019  8.2053995 8.204633 ],[0.3563674  0.35826558 0.36036393 0.36265743],[8.213686 8.214922 8.216152 8.217375],[0.35320455 0.35431987 0.35555044 0.3568935 ]
DFTGRID,A,3e-07,10,False,False,TDD,packagedrop,0.07,[1.0244542 1.2847406 1.4724423 1.7026231],[0.81207126 1.1907923  1.2562147  1.4974543 ],[208.0139  253.95627 302.05023 350.74466],[112.79925 138.1732  166.06642 195.7734 ],[7.319499  7.230551  7.212333  7.1968203],[1.3672286 1.3961977 1.2897431 1.2621092],[8.171758 8.174995 8.178912 8.183869],[0.6171444 0.6622209 0.7027356 0.7370156]
DFTGRID,A,3e-07,30,False,False,TDD,packagedrop,0.07,[1.4826883 1.7375981 1.9812572 2.1272728],[1.4772292 1.7266238 2.0473475 2.1423657],[265.0681  318.15817 368.66684 413.38992],[140.34659 178.53113 221.04951 262.17554],[6.7272615 6.6560125 6.641414  6.6955647],[1.5611771 1.5270249 1.566362  1.5952036],[8.039328 8.043646 8.03752  8.038265],[0.9088916  0.95316577 1.0154774  1.050955  ]
DFTGRID,C,3e-08,1,False,False,TDD,packagedrop,0.07,[0.33595383 0.4125502  0.49617687 0.5887247 ],[0.25503078 0.30960685 0.3709486  0.4518311 ],[ 77.10435   94.996506 114.41162  135.20924 ],[ 60.493393  74.0945    88.68808  104.12284 ],[8.2882395 8.281257  8.27348   8.264935 ],[0.13869242 0.1438071  0.14989261 0.15695125],[8.320241 8.321053 8.321877 8.322711],[0.13149638 0.1339269  0.13672419 0.13986447]
DFTGRID,C,3e-08,10,False,False,TDD,packagedrop,0.07,[1.9550508 2.5251071 2.6599038 2.6920273],[1.7454579 2.7187495 2.2580678 1.9291086],[259.31702 311.18097 360.44937 404.4136 ],[104.104195 124.60237  146.40245  167.56729 ],[6.7738338 6.544023  6.4616966 6.5096264],[1.3380253 1.5274726 1.58606   1.4913379],[8.214156 8.200949 8.206897 8.228696],[0.4358665 0.4754517 0.5107417 0.5324073]
DFTGRID,C,3e-08,30,False,False,TDD,packagedrop,0.07,[1.786888  1.9065117 2.2088413 2.4848394],[1.4868454 1.1591715 1.5042078 1.9462564],[278.01447 332.23996 372.88174 387.50394],[132.3555  169.8807  182.85939 181.63077],[6.452488  6.226445  6.0384936 5.991617 ],[1.5578328 1.5272254 1.6113149 1.6074276],[8.26459   8.2423935 8.200481  8.146263 ],[0.5972225  0.63432676 0.68430376 0.73401004]
DFTGRID,C,1e-07,1,False,False,TDD,packagedrop,0.07,[0.23687044 0.29197958 0.35178256 0.41579637],[0.20741193 0.25377017 0.3034902  0.3560477 ],[ 66.04901   81.223495  97.6579   115.23167 ],[ 65.206665  79.60251   94.97601  111.155945],[8.25895  8.251037 8.2424   8.233063],[0.20589842 0.20989501 0.21453176 0.21984829],[8.287666  8.286729  8.285783  8.2848215],[0.20094846 0.20314613 0.20554832 0.20814274]
DFTGRID,C,1e-07,10,False,False,TDD,packagedrop,0.07,[1.0918112 1.2888343 1.5047274 1.7050682],[0.54695183 0.6511025  0.76438934 0.86715776],[243.5312  291.22626 336.06415 376.466  ],[113.35134 138.4387  161.92842 182.81715],[7.0588202 6.841371  6.6931543 6.6168404],[0.9648579 1.1624618 1.1609937 1.1572019],[8.228059 8.225114 8.221141 8.218306],[0.40632427 0.4437365  0.47436562 0.49637368]
DFTGRID,C,1e-07,30,False,False,TDD,packagedrop,0.07,[1.3963995 1.6093085 1.7930773 1.8916305],[1.0490987 1.0496536 1.1583232 1.1729081],[273.5327  320.22748 358.65515 391.47906],[108.50898  125.592255 138.00743  155.59296 ],[6.563575  6.2713623 6.0258927 5.8539643],[1.2723683 1.2352455 1.1778581 1.2864727],[8.210542 8.202722 8.19268  8.180748],[0.5592177  0.55600965 0.58218414 0.6467473 ]
DFTGRID,C,3e-07,1,False,False,TDD,packagedrop,0.07,[0.22280228 0.2742711  0.33009988 0.3898925 ],[0.20009053 0.24461961 0.29227096 0.34252408],[ 67.29537  82.88242  99.80539 117.94788],[ 60.887814  74.491776  89.079834 104.50366 ],[8.276993 8.26932  8.260786 8.251407],[0.13274407 0.13623759 0.14067361 0.14612482],[8.30922  8.309395 8.309544 8.309666],[0.12782559 0.12907474 0.13059269 0.13237107]
DFTGRID,C,3e-07,10,False,False,TDD,packagedrop,0.07,[0.8196205 0.9838429 1.1485137 1.3084741],[0.40506333 0.4816695  0.55587953 0.62601244],[219.97385 263.65167 307.508   349.65247],[ 99.413025 118.689735 137.6321   155.36143 ],[7.2239604 7.0124745 6.8374248 6.7129145],[0.91189176 1.0219954  1.0813595  1.1210535 ],[8.250104 8.243473 8.238306 8.233625],[0.3385536  0.37196392 0.40309045 0.43264034]
DFTGRID,C,3e-07,30,False,False,TDD,packagedrop,0.07,[1.0604173 1.2589391 1.424158  1.5627949],[0.51115984 0.5944791  0.67029387 0.7050537 ],[267.16394 322.87054 372.40848 411.90536],[ 93.599815 118.25849  146.24187  165.58485 ],[6.66849   6.3834643 6.1428523 6.094393 ],[1.2054247 1.3091273 1.4146754 1.4422184],[8.243394  8.2595005 8.280929  8.2970915],[0.52751476 0.5657697  0.5995796  0.62896645]
DFTGRID,D,3e-08,1,False,False,TDD,packagedrop,0.07,[0.23418653 0.28786758 0.34592155 0.40789208],[0.251551   0.30749145 0.3673161  0.43037015],[ 70.24869   86.35705  103.779655 122.38026 ],[ 75.405716  92.190765 110.14783  129.08241 ],[8.312946 8.312516 8.312046 8.311542],[0.16905051 0.16939852 0.16979568 0.17024112],[8.314399 8.31432  8.314234 8.314145],[0.16895762 0.16928388 0.1696566  0.17007588]
DFTGRID,D,3e-08,10,False,False,TDD,packagedrop,0.07,[0.7744993  0.89812684 0.9951559  1.0871778 ],[0.59700835 0.6861196  0.7544372  0.8102975 ],[229.80505 266.8202  296.4374  325.5743 ],[177.2009  203.8632  223.74265 241.03174],[8.05904  8.117351 8.150839 8.178456],[0.8679825  0.5940443  0.46695897 0.39073935],[8.316227 8.317209 8.319232 8.322231],[0.22064126 0.22971568 0.23861215 0.2478967 ]
DFTGRID,D,3e-08,30,False,False,TDD,packagedrop,0.07,[0.8612009 0.9148985 1.0520018 1.1849607],[0.5848346  0.6353856  0.70335615 0.7929199 ],[242.59752 256.95242 294.1493  329.74164],[161.03204 177.37602 196.47145 216.6687 ],[8.03931  8.031627 8.06967  8.099284],[0.81353694 0.7716038  0.540183   0.454545  ],[8.279625 8.265633 8.254636 8.245803],[0.3149234  0.33140603 0.34753156 0.37491983]
DFTGRID,D,1e-07,1,False,False,TDD,packagedrop,0.07,[0.25090232 0.30867445 0.37124842 0.43816242],[0.23707569 0.2894977  0.3454813  0.40439847],[ 75.67614   93.106026 111.98597  132.17664 ],[ 72.01823   87.92869  104.913895 122.78189 ],[8.306885 8.30665  8.306374 8.306057],[0.04575904 0.0469866  0.0483238  0.04976143],[8.30858  8.308747 8.308917 8.309082],[0.04570835 0.04691134 0.04821612 0.0496129 ]
DFTGRID,D,1e-07,10,False,False,TDD,packagedrop,0.07,[0.8458053 0.9738903 1.0699939 1.1719651],[0.5605098  0.6421861  0.69790787 0.7443446 ],[249.65613 287.32288 315.9717  346.57147],[163.20558 187.16495 204.21268 219.29193],[8.086043 8.11945  8.150379 8.171952],[0.74948466 0.5692416  0.41105768 0.31139904],[8.3021965 8.302738  8.303449  8.304353 ],[0.14413552 0.16243474 0.18018846 0.19722271]
DFTGRID,D,1e-07,30,False,False,TDD,packagedrop,0.07,[0.81105286 0.86225647 0.97400635 1.0821539 ],[0.5220053  0.55119586 0.6158286  0.67662495],[244.50752 262.22427 295.49295 328.82288],[165.35083 180.48665 197.30562 217.21074],[8.066324 8.081546 8.12742  8.140916],[0.82541925 0.76536065 0.5212327  0.51393604],[8.307436 8.310596 8.312113 8.311371],[0.28931206 0.31602684 0.33770055 0.355212  ]
DFTGRID,D,3e-07,1,False,False,TDD,packagedrop,0.07,[0.21873514 0.26906714 0.32361615 0.38198844],[0.23249562 0.28403813 0.33914033 0.39719602],[ 65.56474  80.65235  97.00419 114.50214],[ 69.768715  85.23083  101.75888  119.17065 ],[8.303173 8.302868 8.302527 8.302149],[0.02152938 0.02314965 0.02490498 0.02677205],[8.30457  8.304598 8.304624 8.304644],[0.02125929 0.02278927 0.02444147 0.02619201]
DFTGRID,D,3e-07,10,False,False,TDD,packagedrop,0.07,[0.7695538  0.8883905  0.98931396 1.0897951 ],[0.5544654  0.64652056 0.71947336 0.77953213],[228.33586 262.9589  292.25116 321.60153],[163.61275 189.2242  208.62163 224.30984],[8.098553 8.109193 8.123335 8.144777],[0.6606936  0.594073   0.5129761  0.40606582],[8.291802 8.291453 8.291422 8.291797],[0.1362243  0.15536557 0.17447099 0.1934451 ]
DFTGRID,D,3e-07,30,False,False,TDD,packagedrop,0.07,[0.7286278  0.76003885 0.86860955 0.98447883],[0.6308452 0.6624228 0.7599567 0.8536799],[212.9947  220.19426 250.68459 283.19846],[175.0925  177.92805 204.58217 231.77599],[8.181965 8.174763 8.161998 8.169297],[0.41858983 0.41845754 0.434089   0.40504596],[8.314291 8.305841 8.296564 8.287484],[0.25759736 0.28634158 0.31637368 0.3417795 ]
DFTGRID,A,3e-08,1,False,False,TDD,packagedrop,0.06,[0.26477277 0.32527974 0.3908863  0.46116677],[0.24094836 0.2944835  0.3518052  0.41230905],[ 78.002975  95.91733  115.306755 136.023   ],[ 75.776436  92.60489  110.60489  129.58144 ],[8.32512  8.322618 8.319974 8.317205],[0.19163874 0.1965809  0.20192152 0.20763361],[8.330993 8.329849 8.328677 8.327478],[0.19007082 0.19461927 0.19951841 0.20474008]
DFTGRID,A,3e-08,10,False,False,TDD,packagedrop,0.06,[1.85668   2.249638  2.5409272 2.449783 ],[2.6713612 3.0455105 4.061317  2.9742103],[204.15253 248.4453  293.8599  337.0649 ],[116.59055 138.76314 162.49239 183.5519 ],[7.5640807 7.4306808 7.381214  7.336882 ],[1.1500974 1.3007218 1.2759825 1.3071927],[8.202798 8.202787 8.20477  8.210616],[0.5486621  0.603959   0.65337497 0.69756156]
DFTGRID,A,3e-08,30,False,False,TDD,packagedrop,0.06,[4.7058325 4.4465857 4.048549  3.8236153],[12.394089   8.656047   7.2899494  4.476926 ],[248.34941 311.59216 364.91336 410.4121 ],[146.33209 199.60786 247.99031 277.21872],[6.8323536 6.7928257 6.788718  6.834825 ],[1.4948099 1.3534386 1.4297382 1.4426712],[7.9305906 7.937528  7.938669  7.9467754],[0.9408091 0.9712995 1.0151565 1.0446168]
DFTGRID,A,1e-07,1,False,False,TDD,packagedrop,0.06,[0.21840525 0.26859358 0.32299927 0.38121304],[0.23764083 0.2906737  0.3474457  0.40734765],[ 59.82649  73.62651  88.57896 104.57405],[ 72.39373   88.601776 105.98431  124.367294],[8.254529 8.253526 8.252353 8.251011],[0.51628363 0.51709074 0.51809055 0.51927954],[8.262489 8.263346 8.264196 8.265036],[0.51461947 0.51503414 0.5156064  0.5163352 ]
DFTGRID,A,1e-07,10,False,False,TDD,packagedrop,0.06,[1.4616618 1.7923899 2.1552742 2.1199656],[1.650085  2.398741  3.9349294 2.270941 ],[218.72244 261.92685 305.60107 348.75443],[126.70581 154.57996 181.13193 205.50488],[7.354348  7.275961  7.234065  7.1881075],[1.3825065 1.4030182 1.3905452 1.462232 ],[8.144523 8.146372 8.146507 8.145758],[0.6222945 0.6648693 0.7096782 0.7541992]
DFTGRID,A,1e-07,30,False,False,TDD,packagedrop,0.06,[2.1050565 2.5187461 3.1120663 3.0623717],[3.5711396 3.2152755 5.345658  4.1961355],[265.98355 318.49426 360.53644 380.39685],[153.05717 192.70886 225.23929 244.90302],[6.9409575 6.807924  6.5840235 6.4441643],[1.5455824 1.5460756 1.5774934 1.5680909],[8.072836  8.0405245 7.9876432 7.931781 ],[0.9680374 1.0242084 1.0625325 1.0865597]
DFTGRID,A,3e-07,1,False,False,TDD,packagedrop,0.06,[0.24824108 0.30540743 0.36734268 0.43359336],[0.23219438 0.2839116  0.33927193 0.3976828 ],[ 76.35928  93.96126 113.03324 133.43358],[ 78.66077  96.16285 114.89534 134.65796],[8.206503 8.20604  8.205421 8.204657],[0.35626826 0.35815609 0.3602455  0.3625318 ],[8.213686 8.214922 8.216152 8.217375],[0.35320455 0.35431987 0.35555044 0.3568935 ]
DFTGRID,A,3e-07,10,False,False,TDD,packagedrop,0.06,[1.0293583 1.2896104 1.478338  1.7091322],[0.8104855 1.1847695 1.2537776 1.4950464],[208.67117 254.8161  303.13403 352.00388],[111.688286 137.95076  166.66592  196.99384 ],[7.375754  7.2644567 7.2256813 7.2069116],[1.2854615 1.3708735 1.2974235 1.2626795],[8.171758 8.174995 8.178912 8.183869],[0.6171444 0.6622209 0.7027356 0.7370156]
DFTGRID,A,3e-07,30,False,False,TDD,packagedrop,0.06,[1.48722   1.7641426 2.018813  2.1689515],[1.4151874 1.6736766 1.9903238 2.1149879],[265.76358 321.213   373.4134  418.65317],[135.94594 173.36285 215.50328 257.07703],[6.7068086 6.602325  6.5873365 6.6573963],[1.5708933 1.5646492 1.5768658 1.5959371],[8.039328 8.043646 8.03752  8.038265],[0.9088916  0.95316577 1.0154774  1.050955  ]
DFTGRID,C,3e-08,1,False,False,TDD,packagedrop,0.06,[0.33669463 0.41334012 0.49703383 0.5896516 ],[0.25761607 0.31229874 0.3740126  0.45527634],[ 77.64405  95.61266 115.10208 135.97089],[ 62.136066  76.00405   90.86252  106.557304],[8.288637 8.281702 8.273972 8.265474],[0.13887933 0.14398846 0.15006126 0.1571012 ],[8.320241 8.321053 8.321877 8.322711],[0.13149638 0.1339269  0.13672419 0.13986447]
DFTGRID,C,3e-08,10,False,False,TDD,packagedrop,0.06,[1.9106283 2.5077314 2.649313  2.676685 ],[1.6056242 2.6048107 2.1696842 1.8589708],[260.55878 312.44623 361.5711  405.53653],[104.42801 124.66025 146.37875 167.36287],[6.758877  6.5550466 6.490054  6.510723 ],[1.3744557 1.5075685 1.5078722 1.481052 ],[8.214156 8.200949 8.206897 8.228696],[0.4358665 0.4754517 0.5107417 0.5324073]
DFTGRID,C,3e-08,30,False,False,TDD,packagedrop,0.06,[1.8287693 1.9498062 2.2893548 2.5625963],[1.6174209 1.1504966 1.5826584 2.1613572],[276.8459  337.66077 379.45578 389.2589 ],[127.685425 170.77544  190.60869  187.90822 ],[6.333887  6.1588483 6.0314283 6.0407405],[1.7031499 1.5999476 1.6536798 1.5704294],[8.26459   8.2423935 8.200481  8.146263 ],[0.5972225  0.63432676 0.68430376 0.73401004]
DFTGRID,C,1e-07,1,False,False,TDD,packagedrop,0.06,[0.2359538  0.2909402  0.35061932 0.41451183],[0.20797724 0.25439203 0.30415142 0.35673505],[ 65.939026  81.11028   97.54205  115.11329 ],[ 65.661255  80.14661   95.60905  111.87539 ],[8.259103 8.251205 8.242592 8.233282],[0.20570312 0.20967335 0.21428305 0.219572  ],[8.287666  8.286729  8.285783  8.2848215],[0.20094846 0.20314613 0.20554832 0.20814274]
DFTGRID,C,1e-07,10,False,False,TDD,packagedrop,0.06,[1.1236931 1.3203332 1.5355817 1.7369188],[0.5736858 0.6737976 0.7836985 0.8844886],[249.99542 298.1833  343.45078 384.27753],[115.06863 140.20247 164.24434 185.4731 ],[6.92061   6.747306  6.659204  6.6111608],[1.2000517 1.2656138 1.1549765 1.1267213],[8.228059 8.225114 8.221141 8.218306],[0.40632427 0.4437365  0.47436562 0.49637368]
DFTGRID,C,1e-07,30,False,False,TDD,packagedrop,0.06,[1.379517  1.5944372 1.7832447 1.863072 ],[1.0108002 1.0543355 1.1399549 1.1098055],[267.29642 314.49237 354.4117  387.89777],[ 95.854904 117.2312   133.5021   152.52534 ],[6.5483503 6.274975  6.0211964 5.8514338],[1.2690563 1.1909077 1.2271373 1.2972997],[8.210542 8.202722 8.19268  8.180748],[0.5592177  0.55600965 0.58218414 0.6467473 ]
DFTGRID,C,3e-07,1,False,False,TDD,packagedrop,0.06,[0.2199091  0.270987   0.32643688 0.3858662 ],[0.19585253 0.23979846 0.28688607 0.33660123],[ 66.3769   81.83848  98.63934 116.6643 ],[ 59.35011   72.733246  87.10468  102.31861 ],[8.277149 8.269495 8.260979 8.25162 ],[0.13273446 0.13623908 0.14068754 0.14615183],[8.30922  8.309395 8.309544 8.309666],[0.12782559 0.12907474 0.13059269 0.13237107]
DFTGRID,C,3e-07,10,False,False,TDD,packagedrop,0.06,[0.81446755 0.9786375  1.1432552  1.3034042 ],[0.40072188 0.47633725 0.5500918  0.6211499 ],[218.60402 262.29575 306.06238 348.09372],[ 97.75653  116.900314 135.78212  153.66565 ],[7.198808  6.9985414 6.84113   6.721697 ],[0.9970085 1.0744947 1.0823944 1.1020403],[8.250104 8.243473 8.238306 8.233625],[0.3385536  0.37196392 0.40309045 0.43264034]
DFTGRID,C,3e-07,30,False,False,TDD,packagedrop,0.06,[1.0797088 1.2843809 1.450731  1.5906733],[0.51300347 0.6066143  0.6809069  0.7155734 ],[269.6667  327.5074  377.27655 418.75674],[ 91.71059 120.36207 148.25821 170.99402],[6.669414  6.382651  6.184486  6.1053524],[1.2133662 1.2781564 1.3562587 1.4157368],[8.243394  8.2595005 8.280929  8.2970915],[0.52751476 0.5657697  0.5995796  0.62896645]
DFTGRID,D,3e-08,1,False,False,TDD,packagedrop,0.06,[0.23339081 0.286903   0.34478173 0.40657154],[0.25122693 0.30705094 0.36675063 0.42967314],[ 70.02112   86.084885 103.46163  122.01534 ],[ 75.3743   92.14984 110.09753 129.02327],[8.312955 8.312525 8.312058 8.311557],[0.16904013 0.16938673 0.16978247 0.17022662],[8.314399 8.31432  8.314234 8.314145],[0.16895762 0.16928388 0.1696566  0.17007588]
DFTGRID,D,3e-08,10,False,False,TDD,packagedrop,0.06,[0.7723249 0.8991628 0.9975087 1.0906096],[0.5784253  0.6708555  0.73873264 0.7951151 ],[228.91142 266.69467 296.69495 326.2672 ],[172.23627 199.1796  218.90114 236.75636],[8.009751 8.077941 8.11791  8.155252],[0.98552155 0.67956656 0.5434385  0.4409327 ],[8.316227 8.317209 8.319232 8.322231],[0.22064126 0.22971568 0.23861215 0.2478967 ]
DFTGRID,D,3e-08,30,False,False,TDD,packagedrop,0.06,[0.8654951 0.9234186 1.0577526 1.1935532],[0.5859324 0.6371108 0.7036004 0.7968281],[243.46773 258.97336 295.2358  331.5006 ],[160.44414 178.3515  196.35867 217.33263],[8.088727 8.093685 8.107216 8.121029],[0.69508517 0.59698975 0.46142676 0.4242618 ],[8.279625 8.265633 8.254636 8.245803],[0.3149234  0.33140603 0.34753156 0.37491983]
DFTGRID,D,1e-07,1,False,False,TDD,packagedrop,0.06,[0.25056624 0.3083099  0.37085837 0.43774998],[0.23664358 0.28903788 0.3450004  0.4039026 ],[ 75.61348  93.03948 111.91601 132.10382],[ 72.06542   87.99031  104.990654 122.87399 ],[8.306892 8.306659 8.30638  8.306065],[0.04575953 0.04698702 0.04832402 0.04976152],[8.30858  8.308747 8.308917 8.309082],[0.04570835 0.04691134 0.04821612 0.0496129 ]
DFTGRID,D,1e-07,10,False,False,TDD,packagedrop,0.06,[0.83131135 0.9628642  1.0600001  1.1598669 ],[0.5456813  0.63244426 0.6914405  0.73777664],[245.73557 284.3843  313.44904 343.59747],[161.32033 186.37804 204.45522 219.94225],[7.9487004 8.015226  8.066348  8.1040535],[1.075753   0.7953676  0.60494155 0.47461504],[8.3021965 8.302738  8.303449  8.304353 ],[0.14413552 0.16243474 0.18018846 0.19722271]
DFTGRID,D,1e-07,30,False,False,TDD,packagedrop,0.06,[0.8313398 0.8735847 0.9835711 1.0859016],[0.5587724  0.5785523  0.641193   0.68815804],[250.50967 265.93198 298.7078  330.364  ],[175.33583 188.41965 203.96513 221.0892 ],[8.188271 8.174137 8.18799  8.200588],[0.39516306 0.47232336 0.41395566 0.38193947],[8.307436 8.310596 8.312113 8.311371],[0.28931206 0.31602684 0.33770055 0.355212  ]
DFTGRID,D,3e-07,1,False,False,TDD,packagedrop,0.06,[0.21499018 0.2649354  0.31912053 0.37715596],[0.22647819 0.27726635 0.33164105 0.38900182],[ 64.44126   79.41262   95.65517  113.051796],[ 67.95298   83.18801   99.49729  116.700356],[8.30318   8.3028755 8.302535  8.302157 ],[0.02153346 0.0231554  0.02491276 0.0267816 ],[8.30457  8.304598 8.304624 8.304644],[0.02125929 0.02278927 0.02444147 0.02619201]
DFTGRID,D,3e-07,10,False,False,TDD,packagedrop,0.06,[0.7718358  0.8916675  0.99339867 1.0943444 ],[0.55208296 0.645804   0.72011334 0.78069615],[228.87358 263.76508 293.27258 322.7271 ],[162.554   188.56656 208.19165 223.85371],[8.066437 8.095872 8.125106 8.149855],[0.76887095 0.61503565 0.4708856  0.3631102 ],[8.291802 8.291453 8.291422 8.291797],[0.1362243  0.15536557 0.17447099 0.1934451 ]
DFTGRID,D,3e-07,30,False,False,TDD,packagedrop,0.06,[0.7262527  0.7536141  0.86946493 0.9857323 ],[0.6280905  0.6626613  0.7709075  0.86125803],[212.49689 218.38593 250.5927  283.17276],[175.11374 177.91135 206.28375 231.74667],[8.173042  8.176722  8.1675825 8.170633 ],[0.5298865  0.46349636 0.4594871  0.43541175],[8.314291 8.305841 8.296564 8.287484],[0.25759736 0.28634158 0.31637368 0.3417795 ]
DFTGRID,A,3e-08,1,False,False,TDD,packagedrop,0.05,[0.26513234 0.32576394 0.39149716 0.4619033 ],[0.24161014 0.29530457 0.35278895 0.4134548 ],[ 78.17463   96.14111  115.585655 136.35965 ],[ 75.99      92.89753  110.983505 130.05225 ],[8.325138 8.322635 8.319997 8.317226],[0.19161429 0.19655009 0.2018841  0.20758928],[8.330993 8.329849 8.328677 8.327478],[0.19007082 0.19461927 0.19951841 0.20474008]
DFTGRID,A,3e-08,10,False,False,TDD,packagedrop,0.05,[1.8479291 2.2443948 2.564281  2.4544616],[2.6825516 3.0804443 4.3022976 3.0555744],[201.10431 245.46445 291.45782 335.6361 ],[109.17606 131.65744 156.84596 180.0495 ],[7.5510883 7.4150653 7.366064  7.32634  ],[1.1972831 1.3345127 1.301887  1.332719 ],[8.202798 8.202787 8.20477  8.210616],[0.5486621  0.603959   0.65337497 0.69756156]
DFTGRID,A,3e-08,30,False,False,TDD,packagedrop,0.05,[4.3918524 4.122124  3.7975821 3.6828928],[10.767252   7.401791   6.008055   4.2085557],[243.15967 305.51633 355.7834  398.90146],[144.05339 199.8745  246.67438 271.93997],[6.930112 6.866994 6.896279 6.896074],[1.4564459 1.4079354 1.3905587 1.4344743],[7.9305906 7.937528  7.938669  7.9467754],[0.9408091 0.9712995 1.0151565 1.0446168]
DFTGRID,A,1e-07,1,False,False,TDD,packagedrop,0.05,[0.21714088 0.26714104 0.3213651  0.37940717],[0.23589598 0.28857067 0.3449787  0.4045157 ],[ 59.634293  73.413284  88.34599  104.322845],[ 72.34553  88.54734 105.92154 124.29358],[8.254526 8.253522 8.252349 8.251006],[0.5162845  0.51708966 0.5180876  0.51927483],[8.262489 8.263346 8.264196 8.265036],[0.51461947 0.51503414 0.5156064  0.5163352 ]
DFTGRID,A,1e-07,10,False,False,TDD,packagedrop,0.05,[1.4369351 1.7726676 2.1460698 2.1139517],[1.6387743 2.393147  3.9377923 2.2822425],[215.70552 259.23575 302.98633 346.24084],[124.88472 153.1335  179.73694 204.1804 ],[7.421049  7.331979  7.2763233 7.2171764],[1.3296454 1.3773199 1.3802044 1.4614152],[8.144523 8.146372 8.146507 8.145758],[0.6222945 0.6648693 0.7096782 0.7541992]
DFTGRID,A,1e-07,30,False,False,TDD,packagedrop,0.05,[2.4038937 2.7034206 3.443018  3.2242508],[6.1676273 4.293254  8.462249  5.768386 ],[267.30408 320.42874 363.42688 384.53827],[155.7002  196.00192 231.36954 250.88634],[6.975905  6.821793  6.5952983 6.448357 ],[1.5452113 1.565375  1.6012195 1.6021725],[8.072836  8.0405245 7.9876432 7.931781 ],[0.9680374 1.0242084 1.0625325 1.0865597]
DFTGRID,A,3e-07,1,False,False,TDD,packagedrop,0.05,[0.24739006 0.30449182 0.36637253 0.43257928],[0.23119818 0.28283596 0.33813062 0.39649022],[ 76.00721   93.577415 112.62007  132.99367 ],[ 78.057556  95.50996  114.19841  133.92284 ],[8.206439 8.205972 8.205341 8.204567],[0.3563176  0.35821214 0.36031008 0.36260602],[8.213686 8.214922 8.216152 8.217375],[0.35320455 0.35431987 0.35555044 0.3568935 ]
DFTGRID,A,3e-07,10,False,False,TDD,packagedrop,0.05,[1.0294538 1.2909348 1.4816355 1.7145425],[0.7927719 1.1703523 1.2395899 1.4822127],[210.6812  257.36945 306.19617 355.52487],[112.88244 139.33316 168.18652 198.54907],[7.3947725 7.28171   7.2377715 7.2087846],[1.2423314 1.3265659 1.2719718 1.2619201],[8.171758 8.174995 8.178912 8.183869],[0.6171444 0.6622209 0.7027356 0.7370156]
DFTGRID,A,3e-07,30,False,False,TDD,packagedrop,0.05,[1.5135998 1.7682594 2.0084062 2.124803 ],[1.4776802 1.7476642 2.00628   2.043228 ],[266.6709  320.11563 373.4303  418.1537 ],[137.12198 178.21902 221.13577 263.85342],[6.69502   6.651049  6.6488066 6.6998916],[1.6090156 1.5419085 1.5586816 1.548558 ],[8.039328 8.043646 8.03752  8.038265],[0.9088916  0.95316577 1.0154774  1.050955  ]
DFTGRID,C,3e-08,1,False,False,TDD,packagedrop,0.05,[0.33896783 0.4160408  0.50017095 0.59324867],[0.25735903 0.31211483 0.37384772 0.45522305],[ 78.030014  96.08618  115.66658  136.62923 ],[ 61.981556  75.82906   90.66825  106.34521 ],[8.288359 8.281389 8.273628 8.265099],[0.13870856 0.1438189  0.1499017  0.15696125],[8.320241 8.321053 8.321877 8.322711],[0.13149638 0.1339269  0.13672419 0.13986447]
DFTGRID,C,3e-08,10,False,False,TDD,packagedrop,0.05,[1.9649446 2.5720596 2.7005517 2.71858  ],[1.7475625 2.8155353 2.3155847 1.9573895],[261.87332 314.21704 363.65915 407.68863],[103.95494 123.99529 146.007   167.299  ],[6.8212476 6.614027  6.5297832 6.550905 ],[1.3379809 1.4631371 1.5093781 1.4425664],[8.214156 8.200949 8.206897 8.228696],[0.4358665 0.4754517 0.5107417 0.5324073]
DFTGRID,C,3e-08,30,False,False,TDD,packagedrop,0.05,[1.8260876 1.9404417 2.2777915 2.5422916],[1.559945  1.1113518 1.4898369 1.9383451],[277.15433 336.33554 380.2515  389.36328],[129.72539 168.6504  186.65565 185.57507],[6.38906   6.1549263 6.017243  6.0569267],[1.6359493 1.5796053 1.6463213 1.5425261],[8.26459   8.2423935 8.200481  8.146263 ],[0.5972225  0.63432676 0.68430376 0.73401004]
DFTGRID,C,1e-07,1,False,False,TDD,packagedrop,0.05,[0.2367995  0.29191482 0.35172775 0.41575286],[0.21092786 0.25773275 0.3078875  0.360866  ],[ 66.23008  81.43593  97.89996 115.50083],[ 66.910126  81.53147   97.12281  113.51022 ],[8.259171 8.251284 8.242671 8.233363],[0.20545189 0.20939949 0.21398929 0.21926093],[8.287666  8.286729  8.285783  8.2848215],[0.20094846 0.20314613 0.20554832 0.20814274]
DFTGRID,C,1e-07,10,False,False,TDD,packagedrop,0.05,[1.1152129 1.309179  1.5184882 1.7156712],[0.57184637 0.67598337 0.7828887  0.8764633 ],[247.7346  295.40442 340.19583 380.88974],[116.2797  141.55464 165.18245 186.08926],[6.96758  6.790735 6.685009 6.620582],[1.0941342 1.1645895 1.1222435 1.1275915],[8.228059 8.225114 8.221141 8.218306],[0.40632427 0.4437365  0.47436562 0.49637368]
DFTGRID,C,1e-07,30,False,False,TDD,packagedrop,0.05,[1.3945981 1.6086305 1.7894814 1.878395 ],[1.0140433 1.0428535 1.0837088 1.0905623],[272.81918 318.92795 357.3557  391.27582],[105.64969 123.06821 136.31561 157.74663],[6.592834 6.292726 5.960604 5.800515],[1.2222168 1.2061225 1.3103011 1.3712904],[8.210542 8.202722 8.19268  8.180748],[0.5592177  0.55600965 0.58218414 0.6467473 ]
DFTGRID,C,3e-07,1,False,False,TDD,packagedrop,0.05,[0.22195019 0.27343386 0.32929355 0.389132  ],[0.19995257 0.24464181 0.2924638  0.34289345],[ 67.009186  82.59711   99.52597  117.679276],[ 60.696487  74.328995  88.94927  104.40816 ],[8.277258  8.269612  8.2611065 8.251758 ],[0.13268365 0.13616855 0.14059524 0.1460366 ],[8.30922  8.309395 8.309544 8.309666],[0.12782559 0.12907474 0.13059269 0.13237107]
DFTGRID,C,3e-07,10,False,False,TDD,packagedrop,0.05,[0.8137708 0.9785486 1.1436816 1.3040314],[0.40927374 0.48642159 0.56075734 0.6310077 ],[217.83443 261.62872 305.5769  347.79367],[ 98.8078  118.29163 137.45563 155.37263],[7.2502623 7.040826  6.8701243 6.7457347],[0.8499574 0.9736866 1.0368447 1.0793513],[8.250104 8.243473 8.238306 8.233625],[0.3385536  0.37196392 0.40309045 0.43264034]
DFTGRID,C,3e-07,30,False,False,TDD,packagedrop,0.05,[1.0587204 1.258268  1.4272091 1.5702702],[0.5086344  0.57801825 0.6466845  0.6763613 ],[263.69333 322.0347  372.26678 413.852  ],[ 89.227936 118.02383  146.16806  167.00328 ],[6.668355  6.368191  6.1778164 6.137475 ],[1.2515951 1.3636379 1.4261854 1.4025317],[8.243394  8.2595005 8.280929  8.2970915],[0.52751476 0.5657697  0.5995796  0.62896645]
DFTGRID,D,3e-08,1,False,False,TDD,packagedrop,0.05,[0.2341666  0.2878503  0.34590322 0.4078685 ],[0.25260243 0.30864573 0.36856124 0.43169245],[ 70.142334  86.23714  103.64571  122.23172 ],[ 75.43725   92.21176  110.155846 129.0748  ],[8.312943 8.312512 8.312045 8.311542],[0.16905017 0.16939773 0.16979416 0.17023884],[8.314399 8.31432  8.314234 8.314145],[0.16895762 0.16928388 0.1696566  0.17007588]
DFTGRID,D,3e-08,10,False,False,TDD,packagedrop,0.05,[0.77206093 0.894494   0.9916731  1.0859728 ],[0.5946217  0.68137795 0.7481417  0.805677  ],[229.45055 266.0374  295.7371  325.62756],[178.6298  203.78574 223.10315 241.20406],[8.052123  8.1085825 8.146015  8.178712 ],[0.95437384 0.6800094  0.5381008  0.42954037],[8.316227 8.317209 8.319232 8.322231],[0.22064126 0.22971568 0.23861215 0.2478967 ]
DFTGRID,D,3e-08,30,False,False,TDD,packagedrop,0.05,[0.87519425 0.92947054 1.0709682  1.2102895 ],[0.58890694 0.636595   0.7090464  0.8047361 ],[246.04257 260.49792 298.00604 334.88156],[159.99724 176.08218 194.19214 216.44934],[8.069975 8.068376 8.079038 8.109273],[0.7086808  0.6569759  0.524828   0.44428748],[8.279625 8.265633 8.254636 8.245803],[0.3149234  0.33140603 0.34753156 0.37491983]
DFTGRID,D,1e-07,1,False,False,TDD,packagedrop,0.05,[0.2499509  0.30757493 0.3699952  0.43675023],[0.23730583 0.28976628 0.3457811  0.4047197 ],[ 75.4304   92.82133 111.66037 131.80823],[ 72.257645  88.204346 105.222664 123.119545],[8.306895 8.30666  8.306385 8.306068],[0.04572563 0.04694908 0.04828219 0.04971618],[8.30858  8.308747 8.308917 8.309082],[0.04570835 0.04691134 0.04821612 0.0496129 ]
DFTGRID,D,1e-07,10,False,False,TDD,packagedrop,0.05,[0.8488338 0.980233  1.0763246 1.1766471],[0.5531472  0.64089644 0.6963403  0.74006367],[250.41167 288.9761  317.6484  347.80954],[161.35556 186.69997 203.6921  218.18112],[8.050268  8.093051  8.126624  8.1540165],[0.85009766 0.61856854 0.46312612 0.35059226],[8.3021965 8.302738  8.303449  8.304353 ],[0.14413552 0.16243474 0.18018846 0.19722271]
DFTGRID,D,1e-07,30,False,False,TDD,packagedrop,0.05,[0.823051  0.865582  0.9829747 1.0918952],[0.541795  0.5649364 0.6348132 0.6956649],[246.97258 262.10922 296.98712 330.52905],[169.5607  182.45436 199.76591 220.62527],[8.147106 8.157496 8.157551 8.183338],[0.47802296 0.44161302 0.44336078 0.37806773],[8.307436 8.310596 8.312113 8.311371],[0.28931206 0.31602684 0.33770055 0.355212  ]
DFTGRID,D,3e-07,1,False,False,TDD,packagedrop,0.05,[0.2179679  0.26832345 0.32291096 0.3813374 ],[0.23033449 0.28159344 0.3364259  0.39422834],[ 65.33298   80.426674  96.78899  114.301895],[ 69.10811   84.480034 100.92136  118.25072 ],[8.303179  8.3028755 8.302534  8.302156 ],[0.02153107 0.02315109 0.02490658 0.02677344],[8.30457  8.304598 8.304624 8.304644],[0.02125929 0.02278927 0.02444147 0.02619201]
DFTGRID,D,3e-07,10,False,False,TDD,packagedrop,0.05,[0.7671862 0.8867223 0.9871157 1.0868225],[0.5516313  0.64612347 0.718987   0.77804923],[227.53906 262.3343  291.44672 320.5346 ],[162.25487 188.43138 207.62834 222.86484],[8.113012 8.118057 8.133713 8.15322 ],[0.56686044 0.52638507 0.44617006 0.36170217],[8.291802 8.291453 8.291422 8.291797],[0.1362243  0.15536557 0.17447099 0.1934451 ]
DFTGRID,D,3e-07,30,False,False,TDD,packagedrop,0.05,[0.7407297  0.76848733 0.88588506 1.0005264 ],[0.633256  0.6695794 0.7726941 0.8596279],[216.83502 222.8659  256.04944 289.00015],[176.58015 179.91241 208.81577 236.57341],[8.132933 8.118808 8.145725 8.15108 ],[0.6190344  0.6605297  0.4824829  0.44798884],[8.314291 8.305841 8.296564 8.287484],[0.25759736 0.28634158 0.31637368 0.3417795 ]
DFTGRID,A,3e-08,1,False,False,TDD,packagedrop,0.04,[0.26210296 0.32241142 0.3878524  0.45800236],[0.23479785 0.28756234 0.34415275 0.40397108],[ 77.32604   95.21405  114.590065 135.30669 ],[ 74.41517   91.12869  109.036194 127.94531 ],[8.325174 8.322674 8.320036 8.31727 ],[0.19160019 0.19654123 0.20188175 0.20759474],[8.330993 8.329849 8.328677 8.327478],[0.19007082 0.19461927 0.19951841 0.20474008]
DFTGRID,A,3e-08,10,False,False,TDD,packagedrop,0.04,[1.8600746 2.25399   2.5577695 2.441329 ],[2.6912653 3.0997686 4.3099704 3.035671 ],[201.96431 246.02069 291.26566 335.22498],[113.24665 135.04881 158.08853 180.1197 ],[7.58182  7.433219 7.38347  7.327814],[1.1302595 1.3439969 1.2750568 1.3370391],[8.202798 8.202787 8.20477  8.210616],[0.5486621  0.603959   0.65337497 0.69756156]
DFTGRID,A,3e-08,30,False,False,TDD,packagedrop,0.04,[4.6275268 4.3416157 4.0112114 3.7822933],[12.139788   8.314192   7.3993464  4.578407 ],[244.78249 308.226   361.25223 406.24716],[144.62866 198.58438 247.10355 275.83722],[6.8363533 6.8295727 6.854056  6.838026 ],[1.51674   1.3265349 1.3159028 1.4474664],[7.9305906 7.937528  7.938669  7.9467754],[0.9408091 0.9712995 1.0151565 1.0446168]
DFTGRID,A,1e-07,1,False,False,TDD,packagedrop,0.04,[0.21830094 0.26855132 0.32302898 0.38132554],[0.23713939 0.29011104 0.34682623 0.40667677],[ 59.87022   73.70684   88.699326 104.73759 ],[ 72.46431   88.718475 106.15125  124.58789 ],[8.25455  8.25355  8.252374 8.251035],[0.51629496 0.5171018  0.51810133 0.51928943],[8.262489 8.263346 8.264196 8.265036],[0.51461947 0.51503414 0.5156064  0.5163352 ]
DFTGRID,A,1e-07,10,False,False,TDD,packagedrop,0.04,[1.4455843 1.7827204 2.1540558 2.123114 ],[1.6420048 2.4016945 3.9300685 2.2991877],[216.28888 259.58362 303.09128 346.20303],[124.29878 151.62115 177.57187 201.70569],[7.4286804 7.3376317 7.2717724 7.2141585],[1.3006228 1.3580602 1.3970996 1.4643055],[8.144523 8.146372 8.146507 8.145758],[0.6222945 0.6648693 0.7096782 0.7541992]
DFTGRID,A,1e-07,30,False,False,TDD,packagedrop,0.04,[2.4634278 2.8411055 3.6513813 3.407762 ],[6.179797  4.4351664 8.711272  5.996226 ],[269.20987 324.7928  369.66742 392.10434],[154.2496  196.39024 232.6426  254.73003],[6.987357 6.824447 6.651043 6.525609],[1.5585583 1.6173948 1.5865566 1.571726 ],[8.072836  8.0405245 7.9876432 7.931781 ],[0.9680374 1.0242084 1.0625325 1.0865597]
DFTGRID,A,3e-07,1,False,False,TDD,packagedrop,0.04,[0.24549758 0.30233803 0.36395863 0.4299078 ],[0.22976616 0.2811897  0.33627346 0.3944267 ],[ 75.43002   92.91773  111.878586 132.17166 ],[ 77.71474  95.09999 113.72082 133.37784],[8.206471 8.206006 8.205386 8.204618],[0.35631025 0.35820228 0.36029613 0.3625868 ],[8.213686 8.214922 8.216152 8.217375],[0.35320455 0.35431987 0.35555044 0.3568935 ]
DFTGRID,A,3e-07,10,False,False,TDD,packagedrop,0.04,[1.0355886 1.2963272 1.4860606 1.7174944],[0.8054765 1.1766498 1.2468977 1.4880568],[210.58105 257.1845  305.86853 355.0265 ],[113.37879 140.10922 169.26028 199.87544],[7.3780823 7.2653856 7.229101  7.210704 ],[1.2791312 1.3809614 1.3135808 1.2774262],[8.171758 8.174995 8.178912 8.183869],[0.6171444 0.6622209 0.7027356 0.7370156]
DFTGRID,A,3e-07,30,False,False,TDD,packagedrop,0.04,[1.4558164 1.7401597 2.006417  2.1592963],[1.3595725 1.6369034 1.9843849 2.1011922],[261.31992 318.6208  373.36398 421.47052],[139.68625 180.70584 225.22604 267.19183],[6.742372  6.6638517 6.648343  6.6943555],[1.5768969 1.5232255 1.5499535 1.5843059],[8.039328 8.043646 8.03752  8.038265],[0.9088916  0.95316577 1.0154774  1.050955  ]
DFTGRID,C,3e-08,1,False,False,TDD,packagedrop,0.04,[0.33457202 0.4110161  0.49455234 0.5870542 ],[0.25495526 0.3093283  0.37094116 0.4523579 ],[ 76.98176   94.88179  114.306755 135.11563 ],[ 61.309937  75.05512   89.79136  105.36545 ],[8.288601 8.281664 8.273931 8.265433],[0.13871248 0.14381748 0.14988992 0.15693271],[8.320241 8.321053 8.321877 8.322711],[0.13149638 0.1339269  0.13672419 0.13986447]
DFTGRID,C,3e-08,10,False,False,TDD,packagedrop,0.04,[1.9594588 2.5649352 2.696344  2.7212393],[1.7452418 2.7654185 2.2876835 1.9360243],[261.31485 313.79187 363.70242 408.26254],[102.40752  122.842636 144.6808   165.79065 ],[6.7757287 6.5602293 6.4686713 6.5165424],[1.3203073 1.4783434 1.5516971 1.447974 ],[8.214156 8.200949 8.206897 8.228696],[0.4358665 0.4754517 0.5107417 0.5324073]
DFTGRID,C,3e-08,30,False,False,TDD,packagedrop,0.04,[1.8530557 1.9492657 2.2921293 2.6323342],[1.599232  1.115985  1.5549427 2.2234514],[277.3248  336.67776 380.58508 393.17   ],[129.77528 170.58385 188.47919 186.32741],[6.377808  6.1921415 6.08125   6.0623364],[1.6544571 1.593196  1.6366026 1.5735976],[8.26459   8.2423935 8.200481  8.146263 ],[0.5972225  0.63432676 0.68430376 0.73401004]
DFTGRID,C,1e-07,1,False,False,TDD,packagedrop,0.04,[0.23462412 0.28956756 0.34922656 0.41311443],[0.20518339 0.25136325 0.3009285  0.35335368],[ 65.44093  80.5726   96.97011 114.51294],[ 64.846596  79.24511   94.62853  110.82503 ],[8.259183 8.251301 8.24269  8.233393],[0.20567705 0.2096329  0.21422666 0.21949843],[8.287666  8.286729  8.285783  8.2848215],[0.20094846 0.20314613 0.20554832 0.20814274]
DFTGRID,C,1e-07,10,False,False,TDD,packagedrop,0.04,[1.1250604 1.3182092 1.5286727 1.7239054],[0.58185554 0.68504995 0.79402494 0.88793755],[249.09506 296.9313  341.8683  382.34222],[116.607834 142.47568  166.68217  187.94551 ],[6.9000053 6.6917305 6.6283183 6.598718 ],[1.1901283 1.3431351 1.1811142 1.1320035],[8.228059 8.225114 8.221141 8.218306],[0.40632427 0.4437365  0.47436562 0.49637368]
DFTGRID,C,1e-07,30,False,False,TDD,packagedrop,0.04,[1.4274955 1.6457807 1.8221966 1.9267436],[1.0633107 1.0956246 1.1345532 1.1428362],[272.504   320.49133 359.85938 395.32104],[ 98.96202 118.46081 134.15639 156.42116],[6.5404024 6.2732563 6.039742  5.912672 ],[1.3181343 1.274858  1.2609553 1.3084407],[8.210542 8.202722 8.19268  8.180748],[0.5592177  0.55600965 0.58218414 0.6467473 ]
DFTGRID,C,3e-07,1,False,False,TDD,packagedrop,0.04,[0.22254454 0.27415395 0.33014193 0.3901103 ],[0.20021366 0.24489465 0.2927014  0.34310865],[ 67.20894   82.841064  99.8155   118.015495],[ 60.778706  74.412125  89.03177  104.48832 ],[8.277042 8.269369 8.260837 8.251466],[0.13261926 0.13609804 0.1405179  0.14595039],[8.30922  8.309395 8.309544 8.309666],[0.12782559 0.12907474 0.13059269 0.13237107]
DFTGRID,C,3e-07,10,False,False,TDD,packagedrop,0.04,[0.81486857 0.9785111  1.1421981  1.3010054 ],[0.39693654 0.47229692 0.5451559  0.6146255 ],[219.56822 263.16083 306.81134 348.70685],[ 99.94225 119.12302 137.92813 155.63742],[7.211687  7.0160832 6.8481536 6.726586 ],[0.9492007 1.0198083 1.0755411 1.1133469],[8.250104 8.243473 8.238306 8.233625],[0.3385536  0.37196392 0.40309045 0.43264034]
DFTGRID,C,3e-07,30,False,False,TDD,packagedrop,0.04,[1.0754396 1.2837279 1.4516768 1.5978318],[0.50837296 0.59774876 0.66594106 0.6999733 ],[268.80695 327.2765  377.41556 419.32608],[ 94.797844 120.23036  146.7466   168.48349 ],[6.6651025 6.378862  6.1644955 6.112923 ],[1.2205836 1.2913134 1.3823414 1.3937547],[8.243394  8.2595005 8.280929  8.2970915],[0.52751476 0.5657697  0.5995796  0.62896645]
DFTGRID,D,3e-08,1,False,False,TDD,packagedrop,0.04,[0.23421124 0.28806248 0.34630474 0.4084803 ],[0.25155586 0.30765095 0.36765543 0.43091342],[ 70.28251   86.44664  103.930664 122.597824],[ 75.51029   92.35969  110.389595 129.40518 ],[8.312948 8.312518 8.312049 8.311546],[0.16904125 0.16938779 0.16978326 0.17022717],[8.314399 8.31432  8.314234 8.314145],[0.16895762 0.16928388 0.1696566  0.17007588]
DFTGRID,D,3e-08,10,False,False,TDD,packagedrop,0.04,[0.7736285  0.8981364  0.99629396 1.0904114 ],[0.5785406  0.6710295  0.74073505 0.79789674],[229.69899 266.8053  296.7555  326.60773],[172.7688  199.61267 219.83675 237.86668],[8.051197 8.111872 8.147279 8.173641],[0.8220271  0.5830577  0.46827927 0.40273407],[8.316227 8.317209 8.319232 8.322231],[0.22064126 0.22971568 0.23861215 0.2478967 ]
DFTGRID,D,3e-08,30,False,False,TDD,packagedrop,0.04,[0.87036973 0.92186743 1.06429    1.2027725 ],[0.5926386 0.6358918 0.7139943 0.8049557],[244.46535 257.7613  295.8781  332.6102 ],[161.06764 174.30418 194.46785 214.81915],[8.034078 8.025043 8.054508 8.091247],[0.785469   0.75869364 0.568753   0.47210923],[8.279625 8.265633 8.254636 8.245803],[0.3149234  0.33140603 0.34753156 0.37491983]
DFTGRID,D,1e-07,1,False,False,TDD,packagedrop,0.04,[0.24946252 0.30707526 0.3694976  0.43626815],[0.23582757 0.2882275  0.34421167 0.40315166],[ 75.235275  92.617355 111.45209  131.6004  ],[ 71.61263   87.514984 104.49962  122.374535],[8.306889 8.306654 8.306377 8.30606 ],[0.04575996 0.04698741 0.04832447 0.04976194],[8.30858  8.308747 8.308917 8.309082],[0.04570835 0.04691134 0.04821612 0.0496129 ]
DFTGRID,D,1e-07,10,False,False,TDD,packagedrop,0.04,[0.8531328 0.982745  1.0787737 1.1812406],[0.5500504 0.6358735 0.69175   0.7372923],[251.5834  289.6949  318.40338 349.21982],[160.00266 185.1434  202.50923 217.56757],[8.01698  8.075793 8.118407 8.149666],[0.9226267  0.65700316 0.4771492  0.3595622 ],[8.3021965 8.302738  8.303449  8.304353 ],[0.14413552 0.16243474 0.18018846 0.19722271]
DFTGRID,D,1e-07,30,False,False,TDD,packagedrop,0.04,[0.81949097 0.86466944 0.981586   1.091179  ],[0.5306799  0.5533285  0.62604207 0.6814007 ],[246.50977 262.59045 297.69345 331.863  ],[167.78255 181.49503 200.55481 221.52077],[8.111285 8.131234 8.147504 8.170866],[0.6175144  0.55486274 0.47890013 0.41777906],[8.307436 8.310596 8.312113 8.311371],[0.28931206 0.31602684 0.33770055 0.355212  ]
DFTGRID,D,3e-07,1,False,False,TDD,packagedrop,0.04,[0.21794946 0.26834798 0.32298037 0.38145176],[0.23191841 0.28355423 0.33876345 0.39693597],[ 65.3249   80.43102  96.80627 114.33217],[ 69.57363   85.05763  101.611206 119.051   ],[8.303193 8.302891 8.30255  8.302175],[0.02152745 0.02314734 0.02490238 0.02676909],[8.30457  8.304598 8.304624 8.304644],[0.02125929 0.02278927 0.02444147 0.02619201]
DFTGRID,D,3e-07,10,False,False,TDD,packagedrop,0.04,[0.7782173  0.89781487 0.99926674 1.1005473 ],[0.55467516 0.6480083  0.7213849  0.78131926],[230.79268 265.6119  295.05374 324.64395],[163.09761 188.90817 208.32457 223.90312],[8.122166 8.133368 8.15062  8.167541],[0.5839004  0.5106302  0.41056705 0.3244712 ],[8.291802 8.291453 8.291422 8.291797],[0.1362243  0.15536557 0.17447099 0.1934451 ]
DFTGRID,D,3e-07,30,False,False,TDD,packagedrop,0.04,[0.7449381 0.7719947 0.8929215 1.0131735],[0.64834774 0.68305093 0.7879294  0.89234746],[217.10463 223.14471 257.00574 291.01624],[177.92438 182.46658 210.69655 241.27875],[8.095787  8.106352  8.1125145 8.124663 ],[0.7057786  0.61287975 0.5624524  0.51408994],[8.314291 8.305841 8.296564 8.287484],[0.25759736 0.28634158 0.31637368 0.3417795 ]
DFTGRID,A,3e-08,1,False,False,TDD,packagedrop,0.03,[0.2638675  0.3244425  0.39014184 0.46053845],[0.23845553 0.29176456 0.3488786  0.40919083],[ 77.81416  95.77104 115.21306 135.99187],[ 75.47244   92.32533  110.363525 129.39249 ],[8.325162  8.322664  8.3200245 8.317258 ],[0.19158012 0.19651549 0.20184986 0.20755626],[8.330993 8.329849 8.328677 8.327478],[0.19007082 0.19461927 0.19951841 0.20474008]
DFTGRID,A,3e-08,10,False,False,TDD,packagedrop,0.03,[1.8180734 2.2351377 2.553584  2.4603155],[2.457498  3.0567927 4.2850866 3.0462759],[202.64409 246.75496 292.601   337.06943],[111.160095 132.8729   157.14601  180.30788 ],[7.577493  7.4078984 7.3696194 7.3341002],[1.1314542 1.3764913 1.2946    1.3223652],[8.202798 8.202787 8.20477  8.210616],[0.5486621  0.603959   0.65337497 0.69756156]
DFTGRID,A,3e-08,30,False,False,TDD,packagedrop,0.03,[4.645455  4.4872203 4.2514787 3.9969187],[11.6937685  8.38309    7.913304   5.130126 ],[249.22002 314.52618 367.44058 412.73196],[145.29472 198.45148 245.71144 275.5789 ],[6.867994  6.82792   6.8251076 6.8522205],[1.4413251 1.3703468 1.3727556 1.4144367],[7.9305906 7.937528  7.938669  7.9467754],[0.9408091 0.9712995 1.0151565 1.0446168]
DFTGRID,A,1e-07,1,False,False,TDD,packagedrop,0.03,[0.21697617 0.26702443 0.32130027 0.37939605],[0.23547085 0.28816253 0.34459034 0.40414703],[ 59.188133  72.919464  87.80738  103.74282 ],[ 70.544685  86.489395 103.61442  121.748184],[8.254556 8.253555 8.252381 8.251043],[0.51629573 0.5171029  0.5181024  0.5192908 ],[8.262489 8.263346 8.264196 8.265036],[0.51461947 0.51503414 0.5156064  0.5163352 ]
DFTGRID,A,1e-07,10,False,False,TDD,packagedrop,0.03,[1.4399196 1.7728717 2.1425142 2.114953 ],[1.6234424 2.373079  3.8766136 2.257584 ],[216.88065 260.26834 304.05048 347.42145],[124.34938 152.05275 178.36652 202.71861],[7.3583784 7.278058  7.227893  7.184355 ],[1.4049809 1.4332639 1.4340124 1.4867011],[8.144523 8.146372 8.146507 8.145758],[0.6222945 0.6648693 0.7096782 0.7541992]
DFTGRID,A,1e-07,30,False,False,TDD,packagedrop,0.03,[2.460843  2.810425  3.5913422 3.366394 ],[6.1696806 4.390845  8.606197  5.956628 ],[269.9533  325.05237 368.9219  390.35886],[153.83446 195.35199 232.62555 251.5589 ],[6.973762  6.8318696 6.616593  6.460771 ],[1.5548831 1.5505924 1.5892981 1.5976611],[8.072836  8.0405245 7.9876432 7.931781 ],[0.9680374 1.0242084 1.0625325 1.0865597]
DFTGRID,A,3e-07,1,False,False,TDD,packagedrop,0.03,[0.2447465 0.3015935 0.3632412 0.429239 ],[0.2273091  0.27847973 0.33333626 0.39129233],[ 75.27505  92.77671 111.7576  132.07697],[ 77.271225  94.636475 113.24529  132.89874 ],[8.206496 8.206032 8.205411 8.204645],[0.35628346 0.35817316 0.3602646  0.36255264],[8.213686 8.214922 8.216152 8.217375],[0.35320455 0.35431987 0.35555044 0.3568935 ]
DFTGRID,A,3e-07,10,False,False,TDD,packagedrop,0.03,[1.0348996 1.296615  1.487101  1.719957 ],[0.80722535 1.1810845  1.2492222  1.4933969 ],[210.51889 257.14246 305.93192 355.21332],[114.61049 141.23206 170.24748 200.77081],[7.3782682 7.261057  7.222768  7.208283 ],[1.2687066 1.3762507 1.3139265 1.2694463],[8.171758 8.174995 8.178912 8.183869],[0.6171444 0.6622209 0.7027356 0.7370156]
DFTGRID,A,3e-07,30,False,False,TDD,packagedrop,0.03,[1.5100493 1.7839668 2.0383234 2.1821167],[1.4849814 1.7407651 2.0561097 2.1478934],[264.29034 320.01395 372.8516  420.35892],[133.78017 172.18512 215.07    257.5005 ],[6.7522125 6.670429  6.661157  6.6959033],[1.5603184 1.5360311 1.5408896 1.5721661],[8.039328 8.043646 8.03752  8.038265],[0.9088916  0.95316577 1.0154774  1.050955  ]
DFTGRID,C,3e-08,1,False,False,TDD,packagedrop,0.03,[0.33460754 0.41113958 0.49480313 0.5874655 ],[0.2547024  0.30905735 0.3708592  0.4527648 ],[ 76.99126  94.91613 114.36918 135.20946],[ 60.99676  74.71909  89.43744 104.99911],[8.288786 8.281864 8.274152 8.265669],[0.1387203  0.14380527 0.14985405 0.15687178],[8.320241 8.321053 8.321877 8.322711],[0.13149638 0.1339269  0.13672419 0.13986447]
DFTGRID,C,3e-08,10,False,False,TDD,packagedrop,0.03,[1.9556246 2.558262  2.6912336 2.71416  ],[1.7135898 2.7413068 2.2624543 1.9040637],[262.38788 314.53568 363.88892 408.2002 ],[103.407524 123.54538  145.1211   166.32678 ],[6.8007727 6.586188  6.495665  6.5312014],[1.2981484 1.45811   1.5204734 1.4398396],[8.214156 8.200949 8.206897 8.228696],[0.4358665 0.4754517 0.5107417 0.5324073]
DFTGRID,C,3e-08,30,False,False,TDD,packagedrop,0.03,[1.8416283 1.9729804 2.307748  2.6423273],[1.6133757 1.2013785 1.6275564 2.234282 ],[276.84784 336.67407 381.24274 394.64066],[132.90582 173.71349 192.85187 191.64519],[6.500273  6.276165  6.1056085 6.0306063],[1.5230762 1.4632255 1.5797114 1.6691524],[8.26459   8.2423935 8.200481  8.146263 ],[0.5972225  0.63432676 0.68430376 0.73401004]
DFTGRID,C,1e-07,1,False,False,TDD,packagedrop,0.03,[0.23447467 0.28940842 0.3490572  0.41293323],[0.20602466 0.2524245  0.30221787 0.3548759 ],[ 65.37243  80.49785  96.88936 114.42631],[ 64.832275  79.25542   94.66627  110.89261 ],[8.259226 8.25135  8.242748 8.233455],[0.20567404 0.20963201 0.21422888 0.21950449],[8.287666  8.286729  8.285783  8.2848215],[0.20094846 0.20314613 0.20554832 0.20814274]
DFTGRID,C,1e-07,10,False,False,TDD,packagedrop,0.03,[1.1225771 1.320757  1.538549  1.7394577],[0.56997323 0.6745123  0.7885978  0.88896495],[249.20213 297.504   342.88226 383.77985],[114.20503 139.89244 164.12834 185.53648],[7.001734  6.8252797 6.712346  6.642761 ],[1.0674604 1.1515838 1.101562  1.1107506],[8.228059 8.225114 8.221141 8.218306],[0.40632427 0.4437365  0.47436562 0.49637368]
DFTGRID,C,1e-07,30,False,False,TDD,packagedrop,0.03,[1.4242942 1.644504  1.8420142 1.9270366],[1.0755781 1.1023637 1.1732599 1.1552421],[271.03934 320.3398  360.50726 393.933  ],[100.35875 121.02112 134.19974 154.17516],[6.5289598 6.26299   6.006313  5.864314 ],[1.29273   1.2352321 1.2363359 1.3167735],[8.210542 8.202722 8.19268  8.180748],[0.5592177  0.55600965 0.58218414 0.6467473 ]
DFTGRID,C,3e-07,1,False,False,TDD,packagedrop,0.03,[0.22152168 0.27297106 0.3287986  0.38860744],[0.19945729 0.24398452 0.29163444 0.34188375],[ 66.903305  82.48764   99.41402  117.566185],[ 60.54316  74.12894  88.69939 104.10569],[8.2772  8.26955 8.26104 8.25169],[0.13249555 0.13594675 0.14033945 0.14574711],[8.30922  8.309395 8.309544 8.309666],[0.12782559 0.12907474 0.13059269 0.13237107]
DFTGRID,C,3e-07,10,False,False,TDD,packagedrop,0.03,[0.8178122 0.9827317 1.1482049 1.3092103],[0.40243384 0.47853768 0.55187565 0.62136954],[219.737   263.67642 307.76678 350.19855],[ 98.36541 117.67869 136.67744 154.55666],[7.2016015 7.002074  6.844761  6.725837 ],[0.96576035 1.0463957  1.0669163  1.0993693 ],[8.250104 8.243473 8.238306 8.233625],[0.3385536  0.37196392 0.40309045 0.43264034]
DFTGRID,C,3e-07,30,False,False,TDD,packagedrop,0.03,[1.0704597 1.2770292 1.4474734 1.5958441],[0.5041963  0.589005   0.66345423 0.7040855 ],[267.23584 326.61902 377.69083 419.93698],[ 90.24907 119.1608  148.216   171.07878],[6.6940117 6.419802  6.1878753 6.1268415],[1.2113779 1.2565616 1.4069623 1.4103451],[8.243394  8.2595005 8.280929  8.2970915],[0.52751476 0.5657697  0.5995796  0.62896645]
DFTGRID,D,3e-08,1,False,False,TDD,packagedrop,0.03,[0.23334873 0.28707507 0.34519315 0.40724567],[0.25110185 0.30711457 0.3670313  0.43019643],[ 69.995026  86.11809  103.56125  122.18805 ],[ 75.29695  92.11037 110.10259 129.07886],[8.31295  8.312519 8.312055 8.311549],[0.16904533 0.1693924  0.16978846 0.17023286],[8.314399 8.31432  8.314234 8.314145],[0.16895762 0.16928388 0.1696566  0.17007588]
DFTGRID,D,3e-08,10,False,False,TDD,packagedrop,0.03,[0.77811205 0.9006263  0.998452   1.0938874 ],[0.5909152  0.68068606 0.75005466 0.8089297 ],[231.20328 267.7649  297.56866 327.7677 ],[176.49701 202.7162  222.6545  240.97517],[8.128699 8.156133 8.179563 8.201435],[0.64574707 0.5010845  0.40995717 0.34958243],[8.316227 8.317209 8.319232 8.322231],[0.22064126 0.22971568 0.23861215 0.2478967 ]
DFTGRID,D,3e-08,30,False,False,TDD,packagedrop,0.03,[0.8808782  0.93603617 1.0799446  1.2158085 ],[0.58289677 0.63287306 0.7091476  0.8007161 ],[248.20634 263.15176 302.2542  339.15042],[160.84253 177.63759 198.4087  219.53539],[7.9994483 8.011987  8.061208  8.090909 ],[0.909696   0.8083224  0.56093866 0.46975976],[8.279625 8.265633 8.254636 8.245803],[0.3149234  0.33140603 0.34753156 0.37491983]
DFTGRID,D,1e-07,1,False,False,TDD,packagedrop,0.03,[0.25065616 0.30852094 0.3712014  0.43823436],[0.23708937 0.28967085 0.34583384 0.40494722],[ 75.630264  93.0926   112.00907  132.24004 ],[ 72.15116  88.13089 105.19109 123.13864],[8.306891 8.306655 8.30638  8.306063],[0.04575104 0.0469776  0.04831397 0.04975083],[8.30858  8.308747 8.308917 8.309082],[0.04570835 0.04691134 0.04821612 0.0496129 ]
DFTGRID,D,1e-07,10,False,False,TDD,packagedrop,0.03,[0.85643804 0.9844808  1.0807561  1.1842693 ],[0.5576121  0.64126337 0.69753045 0.74418837],[252.59084 290.24536 318.97095 350.05188],[162.07913 186.57683 203.79799 218.99248],[8.055739 8.102726 8.139691 8.164667],[0.8555825  0.60065275 0.41909754 0.31100944],[8.3021965 8.302738  8.303449  8.304353 ],[0.14413552 0.16243474 0.18018846 0.19722271]
DFTGRID,D,1e-07,30,False,False,TDD,packagedrop,0.03,[0.8375509 0.8766694 0.9970355 1.1098148],[0.55554736 0.56669575 0.643856   0.7049785 ],[251.59586 265.8103  301.6842  336.43036],[173.07245 183.5641  203.41467 224.89363],[8.141536 8.150744 8.164214 8.184921],[0.5729617 0.5284973 0.4650538 0.4126718],[8.307436 8.310596 8.312113 8.311371],[0.28931206 0.31602684 0.33770055 0.355212  ]
DFTGRID,D,3e-07,1,False,False,TDD,packagedrop,0.03,[0.21678823 0.26710677 0.3216727  0.38009226],[0.22988997 0.2813306  0.3363692  0.3943978 ],[ 64.97744   80.05984   96.415504 113.92619 ],[ 68.962685  84.388115 100.89057  118.28741 ],[8.303192 8.302887 8.302548 8.302173],[0.02153393 0.0231539  0.02490893 0.02677553],[8.30457  8.304598 8.304624 8.304644],[0.02125929 0.02278927 0.02444147 0.02619201]
DFTGRID,D,3e-07,10,False,False,TDD,packagedrop,0.03,[0.77024543 0.8887687  0.9894358  1.0905209 ],[0.5496717  0.64409435 0.71825266 0.7779682 ],[228.38223 262.89035 292.1136  321.64285],[161.31192 187.4268  207.06216 222.59288],[8.126258 8.13478  8.150046 8.166067],[0.5541485  0.49308965 0.3988363  0.3186845 ],[8.291802 8.291453 8.291422 8.291797],[0.1362243  0.15536557 0.17447099 0.1934451 ]
DFTGRID,D,3e-07,30,False,False,TDD,packagedrop,0.03,[0.7247366  0.7552866  0.8740373  0.99255717],[0.6146327 0.6636533 0.7636839 0.8642612],[212.14174 219.30988 252.51488 285.7234 ],[170.90082 179.10162 205.65518 234.50027],[8.175076 8.18172  8.178638 8.17506 ],[0.59131634 0.46586046 0.42361826 0.41296083],[8.314291 8.305841 8.296564 8.287484],[0.25759736 0.28634158 0.31637368 0.3417795 ]
DFTGRID,A,3e-08,1,False,False,TDD,packagedrop,0.02,[0.26462972 0.3254079  0.3913202  0.46193767],[0.2398036  0.29342976 0.3508729  0.41152087],[ 77.98534   95.9938   115.490166 136.32564 ],[ 75.502846  92.394394 110.47562  129.55154 ],[8.325168 8.322668 8.32003  8.317264],[0.1915945  0.19653124 0.20186672 0.20757383],[8.330993 8.329849 8.328677 8.327478],[0.19007082 0.19461927 0.19951841 0.20474008]
DFTGRID,A,3e-08,10,False,False,TDD,packagedrop,0.02,[1.873396  2.2674346 2.5832157 2.4757507],[2.7122386 3.1106584 4.3354383 3.0721889],[203.97742 248.09564 293.8374  338.29007],[114.649796 135.24174  158.33252  181.33966 ],[7.5710235 7.4318995 7.3679    7.32344  ],[1.1337233 1.2769967 1.2863481 1.3282409],[8.202798 8.202787 8.20477  8.210616],[0.5486621  0.603959   0.65337497 0.69756156]
DFTGRID,A,3e-08,30,False,False,TDD,packagedrop,0.02,[4.682624  4.5603623 4.1921053 3.933476 ],[12.13378    8.874241   7.8614726  5.089303 ],[247.52698 312.15585 364.32602 409.14325],[147.48138 200.84714 248.3304  275.10406],[6.91139   6.8698754 6.8613963 6.8559794],[1.4472002 1.3786091 1.4124447 1.5382409],[7.9305906 7.937528  7.938669  7.9467754],[0.9408091 0.9712995 1.0151565 1.0446168]
DFTGRID,A,1e-07,1,False,False,TDD,packagedrop,0.02,[0.21828754 0.2685399  0.32301652 0.38130757],[0.23811497 0.29124883 0.34812224 0.408124  ],[ 59.749813  73.57133   88.54871  104.57191 ],[ 72.30346   88.54558  105.968094 124.39636 ],[8.254567 8.253568 8.252397 8.25106 ],[0.5163088  0.51711714 0.51811796 0.51930726],[8.262489 8.263346 8.264196 8.265036],[0.51461947 0.51503414 0.5156064  0.5163352 ]
DFTGRID,A,1e-07,10,False,False,TDD,packagedrop,0.02,[1.439815  1.7765352 2.1527565 2.1247575],[1.6278293 2.3857076 3.9345424 2.2782621],[216.74953 260.2898  304.2444  347.73734],[125.07175 153.0454  179.58345 204.0261 ],[7.3794312 7.3003545 7.256248  7.205045 ],[1.3832103 1.4037656 1.3844366 1.4598274],[8.144523 8.146372 8.146507 8.145758],[0.6222945 0.6648693 0.7096782 0.7541992]
DFTGRID,A,1e-07,30,False,False,TDD,packagedrop,0.02,[2.1875908 2.7253613 3.3441138 3.2567284],[3.4673371 3.6559885 5.8858767 4.4755206],[268.1571  323.36423 368.31644 391.13815],[152.12766 192.9713  227.5215  247.77087],[7.0004168 6.811012  6.5798063 6.4450164],[1.5323964 1.588306  1.6218466 1.5924143],[8.072836  8.0405245 7.9876432 7.931781 ],[0.9680374 1.0242084 1.0625325 1.0865597]
DFTGRID,A,3e-07,1,False,False,TDD,packagedrop,0.02,[0.24686638 0.30402914 0.36598668 0.4322852 ],[0.23096125 0.28269908 0.33810547 0.3965858 ],[ 75.82404  93.40775 112.46897 132.86613],[ 77.96232  95.43753 114.15245 133.90645],[8.206505 8.206044 8.205425 8.204662],[0.35629666 0.35818747 0.36027905 0.3625667 ],[8.213686 8.214922 8.216152 8.217375],[0.35320455 0.35431987 0.35555044 0.3568935 ]
DFTGRID,A,3e-07,10,False,False,TDD,packagedrop,0.02,[1.0326868 1.2936276 1.4843858 1.7169898],[0.79832727 1.1707863  1.2406995  1.4823512 ],[211.29912 257.94736 306.73154 356.0109 ],[114.50513 140.8678  169.67441 200.03374],[7.3853674 7.271968  7.2389026 7.2198644],[1.2621901 1.3612466 1.2786355 1.2423369],[8.171758 8.174995 8.178912 8.183869],[0.6171444 0.6622209 0.7027356 0.7370156]
DFTGRID,A,3e-07,30,False,False,TDD,packagedrop,0.02,[1.5172555 1.7932254 2.0579767 2.2030277],[1.506683  1.76698   2.0859303 2.178781 ],[264.7102  320.94382 375.24628 422.99405],[135.05904 174.51056 218.10077 260.13205],[6.7667756 6.6605287 6.6371984 6.6989555],[1.5023928 1.5184698 1.5514554 1.5648246],[8.039328 8.043646 8.03752  8.038265],[0.9088916  0.95316577 1.0154774  1.050955  ]
DFTGRID,C,3e-08,1,False,False,TDD,packagedrop,0.02,[0.3355078  0.41219938 0.49600053 0.5887692 ],[0.2551097  0.30947185 0.3710469  0.4523416 ],[ 77.27214   95.243164 114.74218  135.62787 ],[ 61.43179   75.22284   90.009125 105.63709 ],[8.2886715 8.281738  8.274017  8.265523 ],[0.13871467 0.1438096  0.14986962 0.15689796],[8.320241 8.321053 8.321877 8.322711],[0.13149638 0.1339269  0.13672419 0.13986447]
DFTGRID,C,3e-08,10,False,False,TDD,packagedrop,0.02,[1.966312  2.5685275 2.7028887 2.7263672],[1.7397625 2.7552462 2.2892382 1.9386921],[261.99054 314.57495 364.36786 408.92444],[102.644035 123.49666  145.66202  166.86804 ],[6.788941  6.5738106 6.478491  6.4994063],[1.2973939 1.4564577 1.5244393 1.4982561],[8.214156 8.200949 8.206897 8.228696],[0.4358665 0.4754517 0.5107417 0.5324073]
DFTGRID,C,3e-08,30,False,False,TDD,packagedrop,0.02,[1.8615512 1.9887353 2.3207257 2.6213205],[1.6323718 1.1894875 1.6105942 2.0631964],[275.38864 337.41406 382.30807 394.2895 ],[126.22901 167.57402 187.17468 185.9528 ],[6.5236616 6.2023644 6.013942  6.066272 ],[1.5033764 1.5708336 1.7451646 1.5854292],[8.26459   8.2423935 8.200481  8.146263 ],[0.5972225  0.63432676 0.68430376 0.73401004]
DFTGRID,C,1e-07,1,False,False,TDD,packagedrop,0.02,[0.23540045 0.2905051  0.35033017 0.41438797],[0.20641162 0.25278574 0.30254358 0.3551583 ],[ 65.64152  80.81354  97.25186 114.83566],[ 65.02311  79.45409  94.86997 111.09842],[8.259139 8.25125  8.24264  8.233334],[0.2055894  0.20954058 0.21413147 0.21940224],[8.287666  8.286729  8.285783  8.2848215],[0.20094846 0.20314613 0.20554832 0.20814274]
DFTGRID,C,1e-07,10,False,False,TDD,packagedrop,0.02,[1.1272433 1.324617  1.5421052 1.74283  ],[0.57259154 0.6781685  0.79208666 0.892846  ],[250.00195 298.23138 343.4033  384.03156],[115.76159 141.2689  165.17358 186.44977],[6.9561815 6.7718444 6.671205  6.6208897],[1.1094929 1.2091056 1.1375315 1.1214995],[8.228059 8.225114 8.221141 8.218306],[0.40632427 0.4437365  0.47436562 0.49637368]
DFTGRID,C,1e-07,30,False,False,TDD,packagedrop,0.02,[1.4284173 1.6540399 1.834986  1.933088 ],[1.0852954 1.1089693 1.1628449 1.1654174],[271.064  320.7471 360.8412 396.2745],[ 96.63867 117.76233 134.72401 156.77444],[6.605199  6.3242397 6.0501056 5.8811355],[1.2420564 1.2044948 1.2319536 1.3030512],[8.210542 8.202722 8.19268  8.180748],[0.5592177  0.55600965 0.58218414 0.6467473 ]
DFTGRID,C,3e-07,1,False,False,TDD,packagedrop,0.02,[0.22179814 0.2733293  0.32924274 0.389141  ],[0.199776   0.24438748 0.29212585 0.3424663 ],[ 66.965775  82.56994   99.51731  117.691315],[ 60.62232  74.23227  88.82891 104.26315],[8.277187 8.269535 8.261024 8.251671],[0.13269667 0.13617255 0.14058776 0.14601539],[8.30922  8.309395 8.309544 8.309666],[0.12782559 0.12907474 0.13059269 0.13237107]
DFTGRID,C,3e-07,10,False,False,TDD,packagedrop,0.02,[0.81470454 0.97919154 1.1441976  1.3047252 ],[0.40102404 0.47736034 0.55109364 0.62138957],[218.76274 262.64624 306.67142 349.01328],[ 97.85368 117.26609 136.44016 154.5509 ],[7.1994476 6.9900746 6.8337917 6.718161 ],[0.9624684 1.0732027 1.0857403 1.1079168],[8.250104 8.243473 8.238306 8.233625],[0.3385536  0.37196392 0.40309045 0.43264034]
DFTGRID,C,3e-07,30,False,False,TDD,packagedrop,0.02,[1.080256  1.2877697 1.4585779 1.6111368],[0.5225745  0.60368484 0.67703265 0.71946466],[268.55618 328.0317  378.6299  421.88913],[ 94.036606 122.1104   148.93124  170.9237  ],[6.6893635 6.4173098 6.225171  6.147888 ],[1.2395519 1.3142421 1.3810446 1.4113816],[8.243394  8.2595005 8.280929  8.2970915],[0.52751476 0.5657697  0.5995796  0.62896645]
DFTGRID,D,3e-08,1,False,False,TDD,packagedrop,0.02,[0.23399109 0.2878122  0.346023   0.40816563],[0.2519626  0.30809757 0.36813742 0.43142572],[ 70.201675  86.35584  103.82965  122.486374],[ 75.580475  92.438644 110.47664  129.49942 ],[8.312954 8.312525 8.312055 8.311552],[0.1690437  0.16939051 0.16978632 0.17023037],[8.314399 8.31432  8.314234 8.314145],[0.16895762 0.16928388 0.1696566  0.17007588]
DFTGRID,D,3e-08,10,False,False,TDD,packagedrop,0.02,[0.78185606 0.9041989  1.0018535  1.0975884 ],[0.59188265 0.6818941  0.7508152  0.8097368 ],[232.21103 268.67386 298.44467 328.74847],[176.41313 202.50331 222.41592 240.85002],[8.030223 8.09405  8.133998 8.167357],[0.8965011  0.6506202  0.52326995 0.42993987],[8.316227 8.317209 8.319232 8.322231],[0.22064126 0.22971568 0.23861215 0.2478967 ]
DFTGRID,D,3e-08,30,False,False,TDD,packagedrop,0.02,[0.8738534  0.92866224 1.0747609  1.2181704 ],[0.57718706 0.62807286 0.70675164 0.80431   ],[245.91966 260.34644 299.368   337.74548],[158.13245 174.80772 195.13795 216.79553],[8.046206 8.046411 8.062636 8.095439],[0.7549061  0.68364495 0.55175275 0.46429774],[8.279625 8.265633 8.254636 8.245803],[0.3149234  0.33140603 0.34753156 0.37491983]
DFTGRID,D,1e-07,1,False,False,TDD,packagedrop,0.02,[0.24907568 0.30673352 0.36921513 0.4360593 ],[0.2346555  0.28693014 0.34280622 0.40165788],[ 75.14672  92.54611 111.40223 131.57599],[ 71.38309   87.26646  104.23698  122.103035],[8.3068905 8.306657  8.306382  8.306065 ],[0.04575204 0.04697833 0.04831426 0.04975064],[8.30858  8.308747 8.308917 8.309082],[0.04570835 0.04691134 0.04821612 0.0496129 ]
DFTGRID,D,1e-07,10,False,False,TDD,packagedrop,0.02,[0.85342   0.9823513 1.0779939 1.1801789],[0.55496633 0.64103115 0.6967974  0.7417343 ],[251.6841  289.56204 318.13675 348.86877],[161.37653 186.45158 203.70396 218.59772],[8.003994 8.076383 8.118786 8.148393],[1.0048436  0.65836704 0.47189468 0.35704923],[8.3021965 8.302738  8.303449  8.304353 ],[0.14413552 0.16243474 0.18018846 0.19722271]
DFTGRID,D,1e-07,30,False,False,TDD,packagedrop,0.02,[0.83372283 0.87491906 0.99797463 1.1128253 ],[0.5537359  0.57419634 0.65045965 0.7210865 ],[250.69922 265.63898 302.56097 338.11328],[173.26108 186.20921 206.71497 230.66368],[8.144971  8.158618  8.1733265 8.183772 ],[0.52572846 0.4905571  0.4178684  0.40225732],[8.307436 8.310596 8.312113 8.311371],[0.28931206 0.31602684 0.33770055 0.355212  ]
DFTGRID,D,3e-07,1,False,False,TDD,packagedrop,0.02,[0.21643028 0.2666743  0.32116073 0.37949598],[0.23044188 0.28191552 0.33696768 0.3949878 ],[ 64.871185  79.93141   96.263435 113.749016],[ 69.13505   84.5714   101.078926 118.47425 ],[8.303194 8.302891 8.302551 8.302177],[0.02153186 0.02315138 0.02490611 0.02677243],[8.30457  8.304598 8.304624 8.304644],[0.02125929 0.02278927 0.02444147 0.02619201]
DFTGRID,D,3e-07,10,False,False,TDD,packagedrop,0.02,[0.7778127 0.8962258 0.9971979 1.0992768],[0.5521799 0.6459425 0.7198047 0.7798622],[230.65784 265.14273 294.4641  324.30536],[162.10994 188.06288 207.61784 223.26186],[8.119007 8.131149 8.1486   8.165395],[0.5844241  0.510798   0.41075554 0.32507172],[8.291802 8.291453 8.291422 8.291797],[0.1362243  0.15536557 0.17447099 0.1934451 ]
DFTGRID,D,3e-07,30,False,False,TDD,packagedrop,0.02,[0.72879213 0.7553985  0.8795225  1.0031208 ],[0.61739576 0.65111667 0.7631069  0.87262636],[212.74586 218.7583  253.321   287.90042],[171.97823 177.34009 206.88486 237.41656],[8.115804 8.138054 8.135174 8.150186],[0.7406795  0.59127486 0.5526276  0.48620987],[8.314291 8.305841 8.296564 8.287484],[0.25759736 0.28634158 0.31637368 0.3417795 ]
DFTGRID,A,3e-08,1,False,False,TDD,packagedrop,0.01,[0.26395044 0.32464603 0.39047801 0.46101776],[0.23937698 0.2929767  0.35039744 0.41102785],[ 77.788284  95.7718   115.24404  136.05638 ],[ 75.36092   92.240204 110.31022  129.3761  ],[8.325192 8.322696 8.320061 8.317296],[0.19162366 0.19656426 0.20190339 0.20761417],[8.330993 8.329849 8.328677 8.327478],[0.19007082 0.19461927 0.19951841 0.20474008]
DFTGRID,A,3e-08,10,False,False,TDD,packagedrop,0.01,[1.8753684 2.2732635 2.5837548 2.4828146],[2.7166955 3.1320844 4.311856  3.0568054],[203.37366 247.62738 293.78937 338.69058],[110.72806 132.27303 156.88913 180.70778],[7.6089396 7.4645643 7.389184  7.3366528],[1.0640659 1.2325764 1.2677553 1.3168927],[8.202798 8.202787 8.20477  8.210616],[0.5486621  0.603959   0.65337497 0.69756156]
DFTGRID,A,3e-08,30,False,False,TDD,packagedrop,0.01,[4.8406277 4.6232357 4.275044  4.026774 ],[12.428487   8.882676   7.9106393  5.143857 ],[250.55385 315.6937  368.1529  413.79608],[145.77863 200.37701 247.74623 274.42725],[6.882803 6.847102 6.851184 6.874569],[1.4533159 1.371048  1.3913039 1.454278 ],[7.9305906 7.937528  7.938669  7.9467754],[0.9408091 0.9712995 1.0151565 1.0446168]
DFTGRID,A,1e-07,1,False,False,TDD,packagedrop,0.01,[0.21830016 0.26860106 0.32313457 0.38149095],[0.23742144 0.29050615 0.34733993 0.4073116 ],[ 59.773975  73.61228   88.608185 104.65158 ],[ 72.171295  88.40187  105.81407  124.233246],[8.25455  8.253548 8.252374 8.251037],[0.516267   0.51707107 0.5180681  0.51925385],[8.262489 8.263346 8.264196 8.265036],[0.51461947 0.51503414 0.5156064  0.5163352 ]
DFTGRID,A,1e-07,10,False,False,TDD,packagedrop,0.01,[1.4517475 1.7909437 2.1580095 2.127267 ],[1.6357563 2.3969462 3.934147  2.2740445],[217.36151 260.9902  304.9658  348.5533 ],[125.20286 152.86919 179.0302  203.22836],[7.389866  7.3064547 7.2491436 7.194353 ],[1.368615  1.39686   1.4073949 1.4781042],[8.144523 8.146372 8.146507 8.145758],[0.6222945 0.6648693 0.7096782 0.7541992]
DFTGRID,A,1e-07,30,False,False,TDD,packagedrop,0.01,[2.3410332 2.7960534 3.4861922 3.328114 ],[4.816785  3.9836977 6.938635  4.92387  ],[270.08777 326.15356 371.75864 394.936  ],[153.52042 196.4988  232.27342 252.34613],[6.9741707 6.815312  6.5875    6.4348536],[1.5634117 1.5713779 1.6063951 1.599597 ],[8.072836  8.0405245 7.9876432 7.931781 ],[0.9680374 1.0242084 1.0625325 1.0865597]
DFTGRID,A,3e-07,1,False,False,TDD,packagedrop,0.01,[0.24689299 0.30409232 0.3660874  0.43242374],[0.2316116  0.2834048  0.33886108 0.39738497],[ 75.86311  93.46311 112.54123 132.95572],[ 78.21883  95.72323 114.46675 134.24854],[8.206499 8.206037 8.205418 8.204651],[0.356296   0.3581865  0.3602787  0.36256722],[8.213686 8.214922 8.216152 8.217375],[0.35320455 0.35431987 0.35555044 0.3568935 ]
DFTGRID,A,3e-07,10,False,False,TDD,packagedrop,0.01,[1.0338023 1.2961295 1.4878082 1.7215692],[0.8003524 1.1752404 1.2440158 1.4866421],[210.60712 257.38153 306.3216  355.79028],[112.51839 138.93768 167.73297 198.06242],[7.3698463 7.254807  7.219583  7.203864 ],[1.286217  1.3842888 1.312488  1.2725179],[8.171758 8.174995 8.178912 8.183869],[0.6171444 0.6622209 0.7027356 0.7370156]
DFTGRID,A,3e-07,30,False,False,TDD,packagedrop,0.01,[1.5015197 1.7802675 2.0441744 2.1940343],[1.442368  1.700975  2.0241294 2.1271615],[263.14694 320.12445 374.63034 422.82968],[133.83304 174.4449  219.25467 262.32898],[6.744272  6.6430626 6.633678  6.6866345],[1.564467  1.5636319 1.5705363 1.5960171],[8.039328 8.043646 8.03752  8.038265],[0.9088916  0.95316577 1.0154774  1.050955  ]
DFTGRID,C,3e-08,1,False,False,TDD,packagedrop,0.01,[0.33336452 0.41008025 0.49394974 0.5868185 ],[0.2489696  0.30414417 0.36663845 0.44886982],[ 77.21347  95.19227 114.7013  135.5991 ],[ 61.34396   75.14833   89.95259  105.603134],[8.288827 8.281911 8.2742   8.26572 ],[0.13853359 0.14360726 0.14964767 0.1566587 ],[8.320241 8.321053 8.321877 8.322711],[0.13149638 0.1339269  0.13672419 0.13986447]
DFTGRID,C,3e-08,10,False,False,TDD,packagedrop,0.01,[1.9606874 2.5681677 2.702551  2.7244973],[1.7257006 2.7714236 2.2967956 1.9412766],[262.56198 315.0194  364.75674 409.2453 ],[103.34447 123.64982 145.73154 167.2734 ],[6.802272  6.5923743 6.506415  6.5328565],[1.3090029 1.4559983 1.5084864 1.4395181],[8.214156 8.200949 8.206897 8.228696],[0.4358665 0.4754517 0.5107417 0.5324073]
DFTGRID,C,3e-08,30,False,False,TDD,packagedrop,0.01,[1.8587086 1.9831291 2.3261368 2.6465986],[1.6084087 1.1710148 1.6099383 2.2090256],[275.03687 335.87384 381.0322  393.91898],[125.96848 168.59167 188.91681 187.79108],[6.418533  6.1768227 5.9904485 6.0439343],[1.6432934 1.5999068 1.7491618 1.6028627],[8.26459   8.2423935 8.200481  8.146263 ],[0.5972225  0.63432676 0.68430376 0.73401004]
DFTGRID,C,1e-07,1,False,False,TDD,packagedrop,0.01,[0.23447226 0.28947443 0.3492045  0.41317463],[0.20581678 0.25214127 0.30185598 0.35443455],[ 65.3991    80.544495  96.95791  114.51855 ],[ 64.83739  79.25559  94.6608  110.8808 ],[8.259248 8.251361 8.242748 8.233439],[0.2054671  0.20942901 0.21403724 0.21932848],[8.287666  8.286729  8.285783  8.2848215],[0.20094846 0.20314613 0.20554832 0.20814274]
DFTGRID,C,1e-07,10,False,False,TDD,packagedrop,0.01,[1.1279413 1.3269728 1.545414  1.7463241],[0.5749236 0.6810937 0.7953312 0.8963056],[250.32716 298.85422 344.18307 384.78937],[115.01689 140.72655 164.78323 185.95825],[6.9643426 6.7978187 6.6968274 6.6368914],[1.1156371 1.1581168 1.0940908 1.1069382],[8.228059 8.225114 8.221141 8.218306],[0.40632427 0.4437365  0.47436562 0.49637368]
DFTGRID,C,1e-07,30,False,False,TDD,packagedrop,0.01,[1.4381642 1.6628162 1.8635552 1.960016 ],[1.0790756 1.1030997 1.1677045 1.1654946],[271.014  321.4959 363.1875 399.6126],[ 95.46118 116.94764 134.10986 156.45345],[6.589988  6.318067  6.0597134 5.8806562],[1.2867982 1.2340078 1.2313857 1.3145765],[8.210542 8.202722 8.19268  8.180748],[0.5592177  0.55600965 0.58218414 0.6467473 ]
DFTGRID,C,3e-07,1,False,False,TDD,packagedrop,0.01,[0.22024216 0.27155927 0.32726264 0.38695675],[0.1974163  0.24170153 0.2891215  0.33915493],[ 66.51141  82.05438  98.94206 117.05849],[ 59.92162  73.43627  87.94098 103.28776],[8.277179 8.269526 8.261013 8.251656],[0.13264573 0.1361348  0.14056902 0.1460211 ],[8.30922  8.309395 8.309544 8.309666],[0.12782559 0.12907474 0.13059269 0.13237107]
DFTGRID,C,3e-07,10,False,False,TDD,packagedrop,0.01,[0.8202687 0.9859545 1.1520555 1.313323 ],[0.40701106 0.48308992 0.55630934 0.6255986 ],[220.0921  264.1667  308.39044 350.86282],[ 99.09517  118.326706 137.23563  154.99031 ],[7.197638  6.994697  6.8361397 6.719563 ],[0.96021885 1.0564053  1.0846802  1.1127845 ],[8.250104 8.243473 8.238306 8.233625],[0.3385536  0.37196392 0.40309045 0.43264034]
DFTGRID,C,3e-07,30,False,False,TDD,packagedrop,0.01,[1.0822197 1.2954401 1.4720337 1.6246666],[0.53168774 0.6220096  0.69739205 0.729744  ],[268.37418 328.86456 380.48825 424.02917],[ 92.765   121.76212 149.38899 171.25824],[6.690044  6.409986  6.195221  6.1379824],[1.2209678 1.2890663 1.3990647 1.4146687],[8.243394  8.2595005 8.280929  8.2970915],[0.52751476 0.5657697  0.5995796  0.62896645]
DFTGRID,D,3e-08,1,False,False,TDD,packagedrop,0.01,[0.23298307 0.28670964 0.34483513 0.4069025 ],[0.2504742  0.30647063 0.3663867  0.42956758],[ 69.901955  86.02777  103.475945 122.10991 ],[ 75.15296  91.9715  109.97396 128.96574],[8.312955 8.312526 8.312061 8.311558],[0.16904426 0.16939116 0.16978699 0.17023115],[8.314399 8.31432  8.314234 8.314145],[0.16895762 0.16928388 0.1696566  0.17007588]
DFTGRID,D,3e-08,10,False,False,TDD,packagedrop,0.01,[0.7809928  0.90369487 1.0002152  1.0944148 ],[0.5934694  0.68335104 0.7506121  0.8078052 ],[231.97905 268.57538 298.01587 327.85144],[177.2268  203.32556 222.71358 240.61644],[8.057644 8.11519  8.149103 8.177871],[0.8576422  0.6078654  0.49175295 0.4097083 ],[8.316227 8.317209 8.319232 8.322231],[0.22064126 0.22971568 0.23861215 0.2478967 ]
DFTGRID,D,3e-08,30,False,False,TDD,packagedrop,0.01,[0.8771646  0.92936844 1.0742797  1.2183498 ],[0.57467175 0.63014287 0.69850105 0.79474735],[246.7876  260.58136 299.59314 338.13333],[158.95541 176.96727 195.67809 218.22488],[8.065811 8.060605 8.083985 8.104997],[0.7422891  0.67827904 0.5245305  0.45964003],[8.279625 8.265633 8.254636 8.245803],[0.3149234  0.33140603 0.34753156 0.37491983]
DFTGRID,D,1e-07,1,False,False,TDD,packagedrop,0.01,[0.24841663 0.30604005 0.36849585 0.4353229 ],[0.23375587 0.2859723  0.34180182 0.40061837],[ 74.95962  92.34957 111.19858 131.36772],[ 71.17784   87.050606 104.01314  121.87371 ],[8.306894 8.30666  8.306385 8.306068],[0.04575659 0.04698389 0.04832089 0.04975828],[8.30858  8.308747 8.308917 8.309082],[0.04570835 0.04691134 0.04821612 0.0496129 ]
DFTGRID,D,1e-07,10,False,False,TDD,packagedrop,0.01,[0.85357714 0.98264486 1.0783256  1.1807281 ],[0.5523153  0.63868445 0.69479173 0.73988897],[251.87053 289.7996  318.3881  349.19363],[161.06448 186.20506 203.49557 218.457  ],[8.019818 8.079843 8.119625 8.148685],[0.9344253  0.64353687 0.46901816 0.3564773 ],[8.3021965 8.302738  8.303449  8.304353 ],[0.14413552 0.16243474 0.18018846 0.19722271]
DFTGRID,D,1e-07,30,False,False,TDD,packagedrop,0.01,[0.83744234 0.87960315 1.0048484  1.1203797 ],[0.5519863  0.5755569  0.65495276 0.73336643],[251.41733 266.62326 303.91742 339.44443],[172.45056 186.0683  206.22699 231.25087],[8.131619 8.149002 8.164162 8.180753],[0.5717223  0.5176446  0.44550896 0.40288958],[8.307436 8.310596 8.312113 8.311371],[0.28931206 0.31602684 0.33770055 0.355212  ]
DFTGRID,D,3e-07,1,False,False,TDD,packagedrop,0.01,[0.21754825 0.26800668 0.32271186 0.38126847],[0.23184635 0.28356355 0.33886436 0.39713633],[ 65.20585  80.33013  96.72751 114.27923],[ 69.5549    85.06408  101.64596  119.116516],[8.303195  8.302891  8.302552  8.3021755],[0.02153216 0.02315199 0.02490683 0.02677331],[8.30457  8.304598 8.304624 8.304644],[0.02125929 0.02278927 0.02444147 0.02619201]
DFTGRID,D,3e-07,10,False,False,TDD,packagedrop,0.01,[0.7757611  0.89388204 0.9945262  1.0963842 ],[0.5485847  0.64265263 0.7167322  0.77661854],[229.92326 264.31073 293.53152 323.30737],[160.73688 186.7607  206.39494 222.02763],[8.118569  8.130657  8.1480465 8.164843 ],[0.58439577 0.51079804 0.41080675 0.32520154],[8.291802 8.291453 8.291422 8.291797],[0.1362243  0.15536557 0.17447099 0.1934451 ]
DFTGRID,D,3e-07,30,False,False,TDD,packagedrop,0.01,[0.7409853 0.7643055 0.8885373 1.0059048],[0.64045686 0.67829007 0.7846986  0.8867058 ],[216.02504 220.91783 255.62514 288.60126],[176.95393 181.71886 210.38605 239.94751],[8.106135 8.116731 8.129933 8.147969],[0.7148747  0.63561094 0.5282592  0.46313068],[8.314291 8.305841 8.296564 8.287484],[0.25759736 0.28634158 0.31637368 0.3417795 ]
