model,cm,ds,ms,is_gen,is_U2D,scenario,noise_type,noise_degree,nmse_mean,nmse_std,mse_mean,mse_std,se_mean,se_std,se0_mean,se0_std
DDK8,B,5e-08,3,True,False,TDD,vanilla,0,[0.04567409 0.06086852 0.08647936 0.121323  ],[0.01458909 0.02137361 0.03504141 0.05794037],[ 9.036513 12.010265 17.132776 24.154503],[ 2.6224182  4.243113   7.5248194 12.658073 ],[8.272376 8.260914 8.239899 8.210796],[0.28988928 0.30330122 0.3183007  0.33418384],[8.310017 8.311025 8.311322 8.311014],[0.28663874 0.29886186 0.31123886 0.32331756]
DDK8,B,5e-08,6,True,False,TDD,vanilla,0,[0.06787119 0.1182864  0.19033998 0.27941543],[0.02865123 0.07792474 0.1372093  0.18763086],[11.635947 19.94626  34.067112 54.54269 ],[ 3.8196216  9.683613  20.75389   37.122223 ],[8.146106  8.10447   8.02642   7.8981295],[0.40370196 0.4271757  0.47772112 0.57718736],[8.200852 8.201836 8.201868 8.201473],[0.3916575  0.39977843 0.40850884 0.41598985]
DDK8,B,5e-08,9,True,False,TDD,vanilla,0,[0.08382051 0.17650849 0.30479774 0.44180506],[0.04359231 0.12838493 0.22506069 0.2994039 ],[14.958534 32.303543 61.32057  97.016716],[ 5.474809 22.46015  50.9174   76.687386],[8.1834755 8.106317  7.938989  7.6521297],[0.45628515 0.496726   0.61090386 0.89993614],[8.251503 8.261046 8.269067 8.268887],[0.43901262 0.44828582 0.46303815 0.4847499 ]
DDK8,B,5e-08,12,True,False,TDD,vanilla,0,[0.11844229 0.26546514 0.4448919  0.57872593],[0.07087299 0.18497689 0.27703422 0.29861227],[ 19.074677  46.74907   88.524445 130.34988 ],[ 8.824779 31.498344 61.88229  86.48145 ],[8.074566  7.9212127 7.584048  7.1940804],[0.45186827 0.56660795 0.89285684 1.1760963 ],[8.1689005 8.177474  8.178661  8.1839   ],[0.42534223 0.456648   0.4968093  0.52424604]
DDK8,B,5e-08,15,True,False,TDD,vanilla,0,[0.14644755 0.35229328 0.5716074  0.71162796],[0.10384826 0.25625035 0.36927834 0.36724368],[ 26.636293  73.73747  133.98828  182.53392 ],[ 14.454672  54.513966  95.33787  118.86369 ],[8.177057  7.8804736 7.3083673 6.7733192],[0.574978  0.7919543 1.2987881 1.5674901],[8.301512 8.301376 8.295099 8.286509],[0.5188588  0.5244441  0.5284308  0.55424315]
DDK8,B,5e-08,18,True,False,TDD,vanilla,0,[0.22078083 0.5968073  0.8193746  0.919463  ],[0.13794604 0.42024446 0.49741748 0.3792039 ],[ 40.02856 121.35616 190.34702 239.59633],[ 27.193872  93.762794 130.53166  149.80803 ],[7.9299335 7.275521  6.487807  6.06083  ],[0.6139751 1.0551412 1.5974803 1.6575991],[8.143847 8.165355 8.19014  8.226463],[0.5570067  0.5532856  0.5880717  0.64253396]
DDK8,B,5e-08,21,True,False,TDD,vanilla,0,[0.26902455 0.6563366  0.8997446  0.9425869 ],[0.20926024 0.42435384 0.5270793  0.34144524],[ 49.19496 138.99951 202.76067 239.67406],[ 39.19752  106.308136 127.898674 129.20782 ],[7.838806  6.9520855 6.246806  5.800808 ],[0.68927985 1.4641646  1.6289548  1.6411418 ],[8.123272 8.136701 8.135805 8.15118 ],[0.5637358  0.5555875  0.58310056 0.62311333]
DDK8,B,5e-08,24,True,False,TDD,vanilla,0,[0.31807625 0.66043043 0.83868325 0.93473953],[0.32408962 0.48847803 0.41135803 0.29135123],[ 61.714306 152.79366  212.99467  256.40198 ],[ 57.81841 126.93839 136.21878 143.85289],[7.9418945 7.07343   6.3179207 5.956632 ],[0.7061486 1.4269724 1.7176353 1.5679548],[8.270131 8.258452 8.255482 8.262504],[0.5118271  0.51376563 0.5234589  0.57083213]
DDK8,B,5e-08,27,True,False,TDD,vanilla,0,[0.3403374  0.71606714 0.89498156 1.0019908 ],[0.24328975 0.4699344  0.4578673  0.34565035],[ 64.15325 159.45674 214.49632 253.48416],[ 58.111195 121.51978  128.98161  127.190384],[7.8068657 6.802698  6.1134973 5.5043583],[0.6997763 1.5292895 1.6752912 1.6811423],[8.164666 8.149782 8.144778 8.15001 ],[0.5907433 0.6523984 0.6741813 0.6614096]
DDK8,B,5e-08,33,True,False,TDD,vanilla,0,[0.56048155 0.99032885 1.1495507  1.2313569 ],[0.49170542 0.6778924  0.6252751  0.6018735 ],[108.864525 207.16512  261.33276  288.2707  ],[ 90.60679 139.64384 140.64252 134.79881],[7.5583186 6.614853  5.819064  5.479891 ],[1.0847645 1.5385927 1.7334366 1.656602 ],[8.244222 8.21752  8.208188 8.190938],[0.59182024 0.6487663  0.6651303  0.6921988 ]
DDK8,B,5e-08,36,True,False,TDD,vanilla,0,[0.7433888 1.1441483 1.2742205 1.2608402],[0.5752203 0.6567833 0.529831  0.4218935],[148.00241 246.23799 294.05573 312.91443],[104.32422 135.08559 128.24716 125.85066],[7.211949 6.091063 5.470097 4.947964],[1.3032635 1.6083059 1.5802764 1.6195028],[8.266978 8.223077 8.203336 8.203679],[0.6390856  0.63954604 0.61311203 0.6540083 ]
DDK8,B,5e-08,42,True,False,TDD,vanilla,0,[0.79089224 1.0922619  1.1386099  1.1258492 ],[0.52475035 0.49474493 0.34766233 0.27556118],[163.70726 257.4293  299.7673  322.5106 ],[137.72325 161.19841 148.97398 144.85593],[6.842894  5.957143  5.3693366 5.1486607],[1.5577635 1.6368201 1.5322177 1.3514673],[8.1687   8.187472 8.230034 8.259732],[0.55716753 0.59658355 0.6257369  0.63968194]
DDK8,B,2e-07,3,True,False,TDD,vanilla,0,[0.0546518  0.06950594 0.09348393 0.1223824 ],[0.01669928 0.02577997 0.04060188 0.05944052],[12.403088 15.613813 21.143272 28.083834],[ 3.9693944  5.9315987  9.577261  14.644518 ],[8.07601  8.06185  8.037945 8.006068],[0.40762496 0.41556928 0.42604476 0.43922535],[8.140387 8.142667 8.144901 8.14683 ],[0.4020315  0.40776485 0.41400665 0.42071086]
DDK8,B,2e-07,6,True,False,TDD,vanilla,0,[0.07946642 0.122326   0.18691199 0.26824293],[0.02655857 0.05225378 0.09371476 0.14537613],[18.723766 28.714317 44.29951  65.23811 ],[ 5.6283836 11.313878  20.915707  34.515087 ],[8.106129 8.058464 7.976573 7.85109 ],[0.38684815 0.40829194 0.45060277 0.5277318 ],[8.200198 8.203735 8.207059 8.210534],[0.37354088 0.3805655  0.3896417  0.39972013]
DDK8,B,2e-07,9,True,False,TDD,vanilla,0,[0.09622873 0.17411785 0.29006374 0.4199423 ],[0.02691197 0.06729149 0.13307846 0.19524856],[ 23.27629   42.983467  74.25968  111.67808 ],[ 7.907944 22.184753 47.003376 72.50037 ],[8.101749  8.001966  7.821196  7.5569935],[0.41612092 0.42303157 0.4579511  0.5636676 ],[8.216351 8.215251 8.214624 8.214304],[0.40763524 0.41026485 0.41645423 0.42503932]
DDK8,B,2e-07,12,True,False,TDD,vanilla,0,[0.13410443 0.2726794  0.4480895  0.5846059 ],[0.06141162 0.16652058 0.27368116 0.29865158],[ 28.56366   59.322876 101.801125 140.82664 ],[10.533632 32.55763  59.223557 76.30111 ],[7.9572535 7.7298784 7.3084364 6.8647943],[0.49301505 0.6626765  1.0578812  1.3860083 ],[8.120098  8.1142645 8.112743  8.113856 ],[0.43833014 0.4555621  0.47286943 0.49387443]
DDK8,B,2e-07,15,True,False,TDD,vanilla,0,[0.15383403 0.32598963 0.5069431  0.63926625],[0.06945342 0.19257009 0.2615243  0.25146717],[ 34.947193  78.603455 133.38496  179.65309 ],[14.0623255 47.483227  80.65587   98.28057  ],[8.009097  7.728328  7.2657213 6.7890425],[0.53904164 0.7101185  1.0485852  1.3409464 ],[8.197627 8.204034 8.217083 8.230654],[0.48526046 0.50316983 0.5246719  0.5439685 ]
DDK8,B,2e-07,18,True,False,TDD,vanilla,0,[0.1867391  0.39723957 0.58536893 0.71123993],[0.1026623  0.25647467 0.30992198 0.2833717 ],[ 40.669273  94.05625  148.18561  192.74507 ],[ 22.414974  69.44883   94.85244  104.85836 ],[7.9409075 7.5517635 7.055378  6.6019573],[0.54975456 0.8636464  1.2293854  1.3915251 ],[8.1638975 8.175692  8.188434  8.202102 ],[0.48944053 0.50745434 0.51854205 0.5220388 ]
DDK8,B,2e-07,21,True,False,TDD,vanilla,0,[0.24406469 0.55408555 0.7459776  0.8562243 ],[0.13456765 0.3198618  0.33760875 0.3088694 ],[ 57.730133 137.3693   190.28787  226.72424 ],[33.2235   82.98451  92.94358  98.133194],[7.8729277 7.1737227 6.4560924 5.912809 ],[0.5259785 0.9944133 1.3370245 1.412278 ],[8.188612 8.176667 8.144227 8.140654],[0.44568112 0.44044286 0.4572289  0.47989473]
DDK8,B,2e-07,24,True,False,TDD,vanilla,0,[0.28415978 0.58962315 0.7796171  0.8804484 ],[0.18815757 0.34471077 0.35506564 0.27487308],[ 64.45017 142.79854 197.95746 245.84682],[ 42.62661  87.24152  95.16591 108.72214],[7.7441425 6.918509  6.4110785 5.8918023],[0.68092054 1.3667314  1.4646564  1.5735399 ],[8.138821 8.121225 8.131564 8.179233],[0.5049219  0.5401905  0.55457497 0.5767097 ]
DDK8,B,2e-07,27,True,False,TDD,vanilla,0,[0.31957376 0.6006645  0.800936   0.8963921 ],[0.2443276  0.33649868 0.34897587 0.28410447],[ 74.06246 154.3467  208.26312 241.81404],[ 55.965034 106.15669  111.6043   107.02178 ],[7.750258  6.971159  6.3500185 5.7565227],[0.7908666 1.3413002 1.5386133 1.5269367],[8.195908 8.177614 8.161719 8.149493],[0.58492225 0.5956014  0.5773279  0.5629562 ]
DDK8,B,2e-07,33,True,False,TDD,vanilla,0,[0.4630206  0.75736076 0.9175208  0.994137  ],[0.29904023 0.35703033 0.30634466 0.25843874],[103.821884 192.16664  240.42314  268.92743 ],[ 67.69725 106.35149 107.66553 115.10671],[7.4118543 6.4791813 5.832765  5.4100327],[0.8343688 1.3018876 1.3894172 1.3847226],[8.113809 8.133947 8.133893 8.112729],[0.5259433  0.55339056 0.55033195 0.5765365 ]
DDK8,B,2e-07,36,True,False,TDD,vanilla,0,[0.43749917 0.7953534  0.9314154  1.0265974 ],[0.3175411  0.5085442  0.35284746 0.2617539 ],[103.59255 188.79332 231.08    258.92303],[ 77.630585 116.726364 101.5052   100.06763 ],[7.4841576 6.6024227 5.96518   5.3196626],[0.9644125 1.4616817 1.43505   1.4034214],[8.202237 8.165164 8.124358 8.063301],[0.48082286 0.5317794  0.5752137  0.61029977]
DDK8,B,2e-07,42,True,False,TDD,vanilla,0,[0.6062436  0.8863646  0.99048185 1.0471056 ],[0.43534073 0.36663288 0.2739062  0.22411643],[141.30463 229.40247 265.4099  281.04578],[105.95035 127.44529 125.0526  117.05453],[6.9404097 6.1807113 5.572785  5.0061994],[1.3642797 1.3915117 1.2444284 1.1852624],[8.116588  8.1407385 8.108494  8.074529 ],[0.5461969 0.5206076 0.5220433 0.5106325]
DDK8,B,4e-07,3,True,False,TDD,vanilla,0,[0.0666156  0.07939975 0.10200992 0.12782599],[0.0179562  0.02404464 0.03524197 0.04723458],[17.109821 20.34291  26.283422 33.321262],[ 4.345992   5.7362614  8.7332325 12.3687525],[8.122283  8.107525  8.0824795 8.0526705],[0.3445963  0.35297167 0.36274928 0.3745854 ],[8.20847  8.210395 8.212237 8.213969],[0.3344236  0.33968472 0.345037   0.3505006 ]
DDK8,B,4e-07,6,True,False,TDD,vanilla,0,[0.09345167 0.13304283 0.1894733  0.2555012 ],[0.02588575 0.04714853 0.07643875 0.11331502],[23.195473 33.4928   48.672554 67.24112 ],[ 7.036897 13.118015 22.401304 35.1892  ],[8.066129 8.013067 7.932782 7.820408],[0.3330802  0.34840876 0.37278062 0.41841772],[8.184885 8.185724 8.186444 8.187491],[0.3219428  0.32802498 0.33519444 0.34295762]
DDK8,B,4e-07,9,True,False,TDD,vanilla,0,[0.11523108 0.18614596 0.28446507 0.39363658],[0.03809991 0.08224713 0.14487422 0.20605445],[ 28.62127   46.824703  73.306694 104.2704  ],[ 9.348478 20.832552 38.84785  59.134315],[8.042937  7.941191  7.767417  7.5111623],[0.35131046 0.3731529  0.4486714  0.63775396],[8.193824  8.191843  8.1865635 8.178488 ],[0.33316842 0.33920407 0.35002944 0.36504003]
DDK8,B,4e-07,12,True,False,TDD,vanilla,0,[0.1379931  0.24231088 0.38038814 0.5015557 ],[0.0460018  0.10946602 0.18576771 0.22572967],[ 33.854202  61.176945  99.60961  137.29626 ],[11.254192 29.0937   53.741207 72.36732 ],[7.97148  7.809801 7.51896  7.160754],[0.35729045 0.42488414 0.6303867  0.89724165],[8.155842 8.160818 8.163987 8.167347],[0.32843766 0.33568707 0.35014966 0.36756453]
DDK8,B,4e-07,15,True,False,TDD,vanilla,0,[0.17519708 0.3364596  0.5045913  0.6256235 ],[0.07629509 0.1856304  0.25839615 0.2710351 ],[ 42.384865  84.79235  132.05107  169.2832  ],[17.664867 50.077717 74.35788  85.559105],[7.9147887 7.61482   7.130855  6.6896386],[0.46946147 0.66385937 1.0693337  1.3317533 ],[8.153601 8.155079 8.152278 8.149134],[0.4101913  0.43171167 0.44939846 0.460384  ]
DDK8,B,4e-07,18,True,False,TDD,vanilla,0,[0.21178238 0.4165941  0.59139663 0.70484847],[0.09333636 0.21993808 0.2833822  0.25361422],[ 50.159805 106.024506 157.86174  196.30643 ],[22.953814 65.43862  90.679924 94.553024],[7.8370337 7.403697  6.8404565 6.398245 ],[0.50807494 0.75252473 1.1062468  1.2338822 ],[8.1320305 8.13783   8.141356  8.146609 ],[0.42991513 0.4332563  0.4316455  0.42852738]
DDK8,B,4e-07,21,True,False,TDD,vanilla,0,[0.21744502 0.4357848  0.6189987  0.75559455],[0.09468427 0.20529774 0.23140304 0.21546334],[ 54.587193 118.21878  174.40048  215.72638 ],[ 24.690945  69.76969   97.22386  108.49329 ],[7.8582387 7.357526  6.7897825 6.2357373],[0.46792182 0.7558222  0.9857217  1.1227443 ],[8.166336 8.156872 8.151517 8.130608],[0.39600894 0.41945392 0.43816084 0.45606455]
DDK8,B,4e-07,24,True,False,TDD,vanilla,0,[0.26379845 0.5241002  0.70100296 0.82508546],[0.12813072 0.26015317 0.26642248 0.23134056],[ 66.502884 145.30875  205.0192   248.94492 ],[ 33.436726  85.30269  106.454346 110.33142 ],[7.821527  7.144876  6.463802  6.0277715],[0.50843793 0.95925695 1.2611747  1.227793  ],[8.199759 8.205041 8.207555 8.21912 ],[0.404768   0.4265331  0.43737403 0.43781117]
DDK8,B,4e-07,27,True,False,TDD,vanilla,0,[0.30326518 0.58314174 0.75225556 0.8503713 ],[0.17335495 0.2846877  0.27690613 0.21586654],[ 74.54859 150.60747 200.6024  235.08223],[41.441116 81.28421  88.493126 83.35395 ],[7.6854796 6.8663726 6.167376  5.6649337],[0.5699729 1.1071756 1.3534491 1.3505237],[8.149215 8.11694  8.104062 8.116798],[0.3806188  0.3709262  0.37762547 0.39070326]
DDK8,B,4e-07,33,True,False,TDD,vanilla,0,[0.45156366 0.7371608  0.89735955 0.9650801 ],[0.29034227 0.30587867 0.28683522 0.22296599],[122.777275 219.34187  266.69492  286.6283  ],[ 84.66052 126.73926 105.93043  92.37497],[7.466363  6.519253  5.8423896 5.512204 ],[0.848583  1.2704564 1.3074778 1.2081691],[8.246285 8.265709 8.252912 8.226303],[0.46850497 0.45464966 0.43810764 0.45476887]
DDK8,B,4e-07,36,True,False,TDD,vanilla,0,[0.51419634 0.7928879  0.93039805 0.9766614 ],[0.3180383  0.33347872 0.25323734 0.16890882],[119.81009 202.79108 256.01462 284.55438],[72.124596 96.600555 97.863686 93.41637 ],[7.101933  6.1814528 5.6168456 5.2881293],[0.96643823 1.3195412  1.2932792  1.1453485 ],[8.057566 8.079075 8.129921 8.168677],[0.40291405 0.39826265 0.40041897 0.40959847]
DDK8,B,4e-07,42,True,False,TDD,vanilla,0,[0.6364238  0.84323585 0.94557893 1.0088516 ],[0.4462028  0.36486015 0.2661996  0.1643546 ],[155.6174  220.86772 257.16077 289.01465],[105.76683  107.056915  94.51196   87.75717 ],[6.909424  6.1624007 5.6891737 5.3655834],[1.2381638 1.348309  1.2467753 0.9668688],[8.131211  8.1205845 8.131761  8.168282 ],[0.45830318 0.46788168 0.48357803 0.44281054]
DDK8,E,5e-08,3,True,False,TDD,vanilla,0,[0.01745898 0.02164442 0.02847043 0.0366687 ],[0.00540594 0.0069285  0.00983515 0.01384703],[ 5.134474  6.349053  8.340566 10.729567],[1.7318467 2.1850166 3.0505652 4.2604094],[8.254193 8.246829 8.236203 8.224659],[0.10732634 0.10835879 0.10982931 0.11200942],[8.275205 8.273342 8.271564 8.269935],[0.10735612 0.10797671 0.10877378 0.10978284]
DDK8,E,5e-08,6,True,False,TDD,vanilla,0,[0.02177225 0.0300849  0.04164851 0.0578134 ],[0.0061552  0.01048111 0.01668883 0.02756479],[ 6.3624315  8.796338  12.183028  16.944992 ],[1.866788  3.1415162 4.956594  8.107906 ],[8.249788 8.239386 8.22493  8.204144],[0.1132383  0.11523088 0.11821228 0.12440713],[8.276046 8.276881 8.277935 8.278976],[0.11304259 0.11515557 0.11746033 0.11958142]
DDK8,E,5e-08,9,True,False,TDD,vanilla,0,[0.02450845 0.03624824 0.0524148  0.07222324],[0.00651393 0.01320813 0.02363539 0.03659341],[ 7.2058325 10.688352  15.485701  21.41553  ],[ 1.8734658  3.8640943  6.9601736 10.882997 ],[8.264204 8.251065 8.230941 8.203916],[0.12955332 0.1328373  0.13789468 0.14983976],[8.294175 8.29685  8.298473 8.298301],[0.12703064 0.12796013 0.1290341  0.13212258]
DDK8,E,5e-08,12,True,False,TDD,vanilla,0,[0.02853499 0.04524524 0.06643242 0.09159762],[0.00727686 0.01711057 0.03067565 0.04387646],[ 8.190409 12.975567 19.039515 26.336725],[ 2.1252608  5.0448     9.005995  13.042475 ],[8.210989  8.184666  8.1497135 8.110156 ],[0.10960622 0.11448076 0.12860154 0.14594497],[8.245988  8.241977  8.236683  8.2317295],[0.10888108 0.11287002 0.11957742 0.12670901]
DDK8,E,5e-08,15,True,False,TDD,vanilla,0,[0.03303703 0.05702326 0.0861233  0.1221668 ],[0.00935417 0.02463553 0.04357407 0.06308809],[ 9.52114  16.481636 25.115162 36.044895],[ 2.5608914  6.9987955 12.883485  19.671476 ],[8.221993 8.18737  8.145687 8.10193 ],[0.1388177  0.14898911 0.1663026  0.17959902],[8.262611  8.2612095 8.260151  8.261041 ],[0.13493809 0.13911162 0.14343643 0.14577541]
DDK8,E,5e-08,18,True,False,TDD,vanilla,0,[0.03500476 0.06333653 0.09248295 0.13051654],[0.01074339 0.03244352 0.05081157 0.0676914 ],[10.218939 18.698196 27.377663 38.938053],[ 3.2466383  9.961585  15.384482  20.991892 ],[8.23879  8.19845  8.156835 8.113095],[0.13774174 0.1518312  0.16793506 0.18038863],[8.281872 8.281912 8.279536 8.27891 ],[0.13541299 0.14105983 0.14464794 0.14809406]
DDK8,E,5e-08,21,True,False,TDD,vanilla,0,[0.03886842 0.07152601 0.09901614 0.13891788],[0.0139232  0.03455702 0.04632492 0.06447725],[11.6156845 21.287687  29.58048   41.403908 ],[ 4.20052  10.222797 14.355809 19.834303],[8.258984 8.207547 8.163961 8.11669 ],[0.14940318 0.15744847 0.16887897 0.1838722 ],[8.307358 8.301056 8.291944 8.288347],[0.14678083 0.14288229 0.1493194  0.15211837]
DDK8,E,5e-08,24,True,False,TDD,vanilla,0,[0.04424038 0.08099403 0.11674489 0.15688284],[0.01758621 0.04214485 0.06281187 0.08130914],[13.035156 23.896736 34.283382 46.37589 ],[ 5.0920076 12.625513  19.219921  24.585878 ],[8.233179 8.173381 8.120581 8.068391],[0.13656186 0.15585762 0.18520194 0.22162944],[8.2875   8.278505 8.268627 8.264957],[0.13044433 0.1344253  0.15097398 0.16351572]
DDK8,E,5e-08,27,True,False,TDD,vanilla,0,[0.04412208 0.07772775 0.11351331 0.15743452],[0.01744841 0.03741455 0.05150375 0.0722957 ],[12.954465 23.229713 33.954254 47.616055],[ 5.1736164 11.724417  15.971611  22.924267 ],[8.224866 8.183851 8.148572 8.095746],[0.13457234 0.15677886 0.16274048 0.18905656],[8.279845  8.286421  8.2941885 8.295663 ],[0.12928064 0.14179233 0.13784619 0.14801458]
DDK8,E,5e-08,33,True,False,TDD,vanilla,0,[0.0594432  0.09639537 0.14421816 0.19084898],[0.03391429 0.04730868 0.07169971 0.08493633],[17.461227 28.560122 42.819195 56.886757],[ 9.325857 13.794035 21.202894 25.978727],[8.210824 8.163715 8.095266 8.043032],[0.16201465 0.16306892 0.20398952 0.22057098],[8.287059 8.28844  8.283365 8.28227 ],[0.14250225 0.14087309 0.1485409  0.15866236]
DDK8,E,5e-08,36,True,False,TDD,vanilla,0,[0.06378081 0.10147637 0.15031138 0.19259107],[0.03771078 0.04677477 0.07420394 0.08809901],[18.54984  29.98088  44.808662 58.6393  ],[10.660604 14.034266 21.706825 28.51091 ],[8.199423 8.158107 8.100986 8.063672],[0.18505721 0.19845025 0.2298807  0.23470373],[8.281623 8.287588 8.29217  8.30194 ],[0.16172272 0.17149195 0.17695847 0.17350179]
DDK8,E,5e-08,42,True,False,TDD,vanilla,0,[0.0631568  0.11020113 0.15861852 0.2073427 ],[0.03235118 0.05205204 0.06952775 0.0943647 ],[18.557842 32.52654  46.820087 61.67283 ],[ 9.235686 15.405733 20.638012 28.550892],[8.204711 8.136552 8.078704 8.031859],[0.16458575 0.1860496  0.1983368  0.21825105],[8.2850485 8.277092  8.275991  8.2751875],[0.15040708 0.15980272 0.16346732 0.16856034]
DDK8,E,2e-07,3,True,False,TDD,vanilla,0,[0.02762423 0.03108256 0.03826762 0.04564811],[0.00864161 0.01030191 0.0140399  0.01788952],[ 8.266169  9.301005 11.452846 13.660344],[2.5849092 3.077888  4.194455  5.3374033],[8.253698 8.249061 8.240579 8.231674],[0.04212978 0.04386393 0.04690104 0.05038821],[8.280581 8.280627 8.280685 8.280739],[0.0395242  0.04055545 0.04168786 0.04291362]
DDK8,E,2e-07,6,True,False,TDD,vanilla,0,[0.03175011 0.04041265 0.05163009 0.06632542],[0.00871635 0.01282809 0.01656047 0.0236182 ],[ 9.55617  12.162651 15.54356  19.959637],[2.6136909 3.8358402 4.948056  7.0452747],[8.260625 8.249184 8.234489 8.214579],[0.04489648 0.05064068 0.05649182 0.06613002],[8.293882 8.294106 8.294251 8.294382],[0.04388142 0.04748659 0.05115881 0.05493952]
DDK8,E,2e-07,9,True,False,TDD,vanilla,0,[0.03570411 0.04641167 0.05950363 0.07474277],[0.01116933 0.0160297  0.02130307 0.0285549 ],[10.776617 14.014066 17.986078 22.59067 ],[3.3995352 4.8835254 6.530988  8.747747 ],[8.2564745 8.244002  8.227444  8.207537 ],[0.06281571 0.0712971  0.08005104 0.0912776 ],[8.294298 8.295323 8.296029 8.296503],[0.05927263 0.06526424 0.07138937 0.07772422]
DDK8,E,2e-07,12,True,False,TDD,vanilla,0,[0.03768834 0.05031865 0.06598998 0.08386714],[0.01058667 0.01594616 0.02458332 0.03320136],[11.330845 15.13114  19.847471 25.204336],[3.12244  4.715372 7.271625 9.70242 ],[8.252194 8.237094 8.217116 8.194217],[0.07265173 0.08089115 0.09252444 0.10754355],[8.292669 8.293591 8.29417  8.294293],[0.06883647 0.07497934 0.08134437 0.08748709]
DDK8,E,2e-07,15,True,False,TDD,vanilla,0,[0.04587775 0.0639124  0.08235622 0.10385182],[0.01293324 0.02145018 0.02979465 0.03829177],[13.751084 19.150707 24.714357 31.192844],[ 3.9764311  6.504548   9.098035  11.73021  ],[8.230475 8.205293 8.181195 8.157703],[0.06970389 0.07961073 0.0900749  0.09889934],[8.278367 8.277282 8.276983 8.276869],[0.06547173 0.07076035 0.07667465 0.08393777]
DDK8,E,2e-07,18,True,False,TDD,vanilla,0,[0.04624327 0.06494835 0.08355395 0.11273261],[0.01398396 0.0222127  0.02993274 0.04693408],[13.76094  19.271858 24.794453 33.541893],[ 4.0764837  6.414021   8.669277  13.909931 ],[8.223076 8.197797 8.176357 8.145605],[0.08601672 0.09971415 0.11217796 0.12648638],[8.273221 8.273726 8.274927 8.276924],[0.07880081 0.08553309 0.09271665 0.09996614]
DDK8,E,2e-07,21,True,False,TDD,vanilla,0,[0.04715841 0.06887248 0.08863948 0.11241083],[0.01123915 0.01978165 0.02572037 0.03466736],[14.136196 20.61605  26.561401 33.742943],[ 3.4206753  5.820487   7.6502333 10.512645 ],[8.238992  8.2108755 8.1875725 8.163092 ],[0.0955222  0.10930353 0.1207091  0.13203368],[8.2915325 8.292838  8.293352  8.293094 ],[0.09075397 0.09886748 0.10661584 0.11423081]
DDK8,E,2e-07,24,True,False,TDD,vanilla,0,[0.05219273 0.0756838  0.09919572 0.13077763],[0.01520274 0.02384395 0.03468433 0.0464366 ],[15.602689 22.460848 29.342583 38.709118],[ 4.632537   6.9355974 10.138553  13.889373 ],[8.227108 8.191242 8.159142 8.119507],[0.1014285  0.11352029 0.12597303 0.13883066],[8.283634 8.277485 8.2726   8.268844],[0.0970543  0.10391299 0.1116889  0.11914234]
DDK8,E,2e-07,27,True,False,TDD,vanilla,0,[0.05493414 0.07920896 0.10229322 0.13142256],[0.01891279 0.02888259 0.03504746 0.04769107],[16.434252 23.809336 30.86833  39.708797],[ 5.4549947  8.482913  10.491514  14.431874 ],[8.224627 8.198102 8.177117 8.150249],[0.10250123 0.11432623 0.12370816 0.13411236],[8.285105 8.289517 8.293083 8.295244],[0.09349079 0.10003035 0.1076677  0.11564252]
DDK8,E,2e-07,33,True,False,TDD,vanilla,0,[0.06012497 0.08198577 0.10989421 0.1317051 ],[0.02049963 0.0292904  0.03685395 0.04294072],[18.119991 24.830778 33.509113 40.321236],[ 6.3905873  9.120983  11.749559  13.970315 ],[8.22637  8.207083 8.181033 8.166679],[0.11709552 0.12870447 0.13671497 0.14403239],[8.293463 8.300457 8.306935 8.31096 ],[0.1121941  0.1177948  0.12364822 0.1286118 ]
DDK8,E,2e-07,36,True,False,TDD,vanilla,0,[0.06109919 0.0845798  0.11262118 0.14111759],[0.02111773 0.02992906 0.04125803 0.05076123],[17.941933 24.721357 32.914295 41.370865],[ 6.1948895  8.532937  11.67361   14.531785 ],[8.191103  8.1596985 8.128333  8.105543 ],[0.11225835 0.13026012 0.15109958 0.16633885],[8.260142  8.257455  8.2576065 8.260585 ],[0.10467414 0.11562987 0.12960932 0.14268412]
DDK8,E,2e-07,42,True,False,TDD,vanilla,0,[0.06966338 0.09417142 0.12445827 0.14834826],[0.0235736  0.02832617 0.03701353 0.04190163],[20.94838  28.060858 37.134872 44.21739 ],[ 7.3647046  8.342191  11.224353  12.814987 ],[8.207124  8.175396  8.1399355 8.120308 ],[0.10920411 0.12868227 0.14088784 0.14748071],[8.285831 8.281849 8.27859  8.276519],[0.10005278 0.10973753 0.12256967 0.13150124]
DDK8,E,4e-07,3,True,False,TDD,vanilla,0,[0.03184199 0.03560807 0.04256928 0.04923398],[0.0100001  0.01153181 0.01536956 0.01866134],[ 9.532402 10.657051 12.743225 14.7388  ],[3.0034304 3.4597595 4.6142917 5.597666 ],[8.25642  8.251183 8.242531 8.233955],[0.03284471 0.03510177 0.03900259 0.04314737],[8.288958 8.288684 8.288403 8.288102],[0.02915174 0.03073189 0.03247377 0.03435929]
DDK8,E,4e-07,6,True,False,TDD,vanilla,0,[0.04017309 0.04815963 0.05832129 0.07049552],[0.01073258 0.01404122 0.01724494 0.02252652],[12.019837 14.408501 17.446127 21.081316],[3.264766  4.2498183 5.2194924 6.798318 ],[8.243239 8.232382 8.219324 8.202667],[0.04177802 0.04677752 0.05241193 0.05947952],[8.284499 8.284238 8.283938 8.283622],[0.03912413 0.0432141  0.04740655 0.05164111]
DDK8,E,4e-07,9,True,False,TDD,vanilla,0,[0.04460161 0.05417424 0.0653664  0.07758328],[0.01067661 0.0141644  0.01763628 0.02141943],[13.34708  16.219063 19.578686 23.245039],[3.2882404 4.387425  5.503912  6.7296686],[8.234641 8.221657 8.206904 8.190269],[0.05335668 0.05997735 0.06614831 0.07339048],[8.280015 8.279101 8.278396 8.278026],[0.05211917 0.05833429 0.06446901 0.0706116 ]
DDK8,E,4e-07,12,True,False,TDD,vanilla,0,[0.04808333 0.06071719 0.07487833 0.0925528 ],[0.01380504 0.01869327 0.02388172 0.03179776],[14.4267   18.23922  22.528452 27.86452 ],[4.2002935 5.6821437 7.2993546 9.642041 ],[8.2363405 8.221082  8.204719  8.186444 ],[0.0689031  0.07770781 0.08545197 0.0940244 ],[8.285689 8.28714  8.288548 8.289801],[0.06437866 0.07084928 0.07688569 0.08259344]
DDK8,E,4e-07,15,True,False,TDD,vanilla,0,[0.04983477 0.06581168 0.07984295 0.09775486],[0.01104305 0.01739099 0.02196452 0.02990484],[14.94454  19.75176  24.008106 29.471678],[3.2967303 5.1543818 6.4861603 9.036625 ],[8.235911  8.21724   8.201717  8.1847515],[0.07879095 0.09049913 0.1009545  0.1080882 ],[8.288774 8.291263 8.293829 8.296032],[0.07523514 0.08273138 0.09050899 0.09828036]
DDK8,E,4e-07,18,True,False,TDD,vanilla,0,[0.0524041  0.06795736 0.08218711 0.09807096],[0.01434801 0.01915266 0.02383244 0.02899864],[15.620106 20.230022 24.43819  29.1612  ],[4.42986  5.865433 7.298689 8.983863],[8.223493 8.200752 8.181713 8.161635],[0.07426888 0.08246902 0.09066094 0.0983737 ],[8.27856  8.276338 8.274124 8.272226],[0.06968126 0.07664183 0.08386724 0.09061535]
DDK8,E,4e-07,21,True,False,TDD,vanilla,0,[0.0568961  0.07471991 0.08881742 0.10959981],[0.01630529 0.02395106 0.0277914  0.03767603],[16.971989 22.270767 26.392584 32.547787],[ 4.9648843  7.2066517  8.144995  11.103774 ],[8.217825 8.194237 8.178455 8.156295],[0.09814617 0.11338392 0.12496848 0.13579658],[8.276323 8.276242 8.275361 8.274577],[0.09324113 0.10310401 0.11220799 0.12068646]
DDK8,E,4e-07,24,True,False,TDD,vanilla,0,[0.06073176 0.07725736 0.09494598 0.11759537],[0.01951975 0.025836   0.03216322 0.04436552],[18.18386  23.265026 28.728588 35.82042 ],[ 5.548086  7.474118  9.451595 13.623456],[8.223542 8.208259 8.192844 8.177635],[0.10554513 0.11450966 0.12162462 0.12794308],[8.286703 8.293116 8.298703 8.30418 ],[0.09379449 0.09931406 0.10363212 0.10734849]
DDK8,E,4e-07,27,True,False,TDD,vanilla,0,[0.05966231 0.07633281 0.0946376  0.11756495],[0.01744527 0.02402466 0.02922626 0.0410165 ],[17.731125 22.765955 28.394842 35.47367 ],[ 5.0968914  7.0644484  8.824998  12.924974 ],[8.2129135 8.195332  8.179321  8.159906 ],[0.09846276 0.10551055 0.11276171 0.12084272],[8.276787 8.280539 8.284522 8.288042],[0.08973086 0.09296609 0.09940286 0.10667291]
DDK8,E,4e-07,33,True,False,TDD,vanilla,0,[0.06490359 0.08107533 0.10582317 0.12665437],[0.02170627 0.02608119 0.03594877 0.03990398],[19.347374 24.143593 31.498703 37.755524],[ 6.6132483  7.83818   10.629547  11.780051 ],[8.206425 8.183379 8.155048 8.138547],[0.11677126 0.11834643 0.12502651 0.12321987],[8.277195 8.275805 8.276591 8.27708 ],[0.10656009 0.10650315 0.10475279 0.10291509]
DDK8,E,4e-07,36,True,False,TDD,vanilla,0,[0.06479999 0.08185605 0.10256075 0.12059327],[0.01761375 0.02286393 0.03093662 0.03472016],[19.447714 24.497818 30.599926 35.859367],[ 5.304603  6.65933   9.095757 10.077325],[8.21841  8.195759 8.166253 8.149009],[0.12591513 0.13735627 0.14390957 0.14440696],[8.287193 8.285667 8.282404 8.278148],[0.11921629 0.12636288 0.12809068 0.12669323]
DDK8,E,4e-07,42,True,False,TDD,vanilla,0,[0.0677012  0.08824325 0.10783137 0.12888522],[0.01904895 0.02534212 0.03223073 0.03591523],[20.291151 26.31083  32.1256   38.40936 ],[ 5.725052   7.4467826  9.806464  11.394976 ],[8.21114  8.183866 8.16043  8.136572],[0.10910302 0.12098467 0.1286098  0.13547896],[8.284267 8.282584 8.279294 8.275064],[0.1008014  0.10741474 0.11493791 0.12366353]
DDK8,B,5e-08,3,True,False,TDD,vanilla,5,[0.02434743 0.03362409 0.05093676 0.07686625],[0.00806668 0.01346611 0.02541387 0.0455765 ],[ 4.9956837  6.8147416 10.242768  15.489152 ],[1.5283737 2.6166723 5.1327887 9.4403925],[8.289463 8.282736 8.269703 8.248967],[0.2882965  0.30119908 0.31508923 0.32926908],[8.310017 8.311025 8.311322 8.311014],[0.28663874 0.29886186 0.31123886 0.32331756]
DDK8,B,5e-08,6,True,False,TDD,vanilla,5,[0.03842176 0.07680575 0.13689421 0.21877939],[0.01781099 0.06360696 0.10905727 0.17007993],[ 6.690091 12.559997 24.364511 42.98526 ],[ 2.412446   7.1204023 17.56452   34.64146  ],[8.170214 8.143084 8.08428  7.982603],[0.39846212 0.41726267 0.4552402  0.5327581 ],[8.200852 8.201836 8.201868 8.201473],[0.3916575  0.39977843 0.40850884 0.41598985]
DDK8,B,5e-08,9,True,False,TDD,vanilla,5,[0.05081126 0.12436758 0.23977272 0.37951303],[0.03103968 0.10172613 0.1913122  0.29230717],[ 9.348878 23.753181 50.2681   84.61286 ],[ 4.363892 20.104874 48.219547 75.16018 ],[8.211262 8.157181 8.021497 7.780118],[0.449697   0.47935465 0.57134914 0.8116569 ],[8.251503 8.261046 8.269067 8.268887],[0.43901262 0.44828582 0.46303815 0.4847499 ]
DDK8,B,5e-08,12,True,False,TDD,vanilla,5,[0.07911569 0.2118941  0.39508125 0.53090215],[0.05332963 0.1696418  0.27981    0.3077263 ],[ 12.975336  38.447548  79.53365  121.69337 ],[ 7.4849606 30.532017  62.16915   87.57941  ],[8.108282  7.980414  7.6624293 7.2901473],[0.4406662 0.5406497 0.8692033 1.1566315],[8.1689005 8.177474  8.178661  8.1839   ],[0.42534223 0.456648   0.4968093  0.52424604]
DDK8,B,5e-08,15,True,False,TDD,vanilla,5,[0.10565632 0.30310145 0.52506506 0.6721235 ],[0.08173661 0.24105242 0.35818028 0.37226897],[ 19.599442  65.08793  125.28056  174.24715 ],[ 12.863334  53.65267   95.52066  119.9111  ],[8.215115  7.948089  7.392471  6.8610735],[0.5594794  0.75652146 1.2767435  1.5758327 ],[8.301512 8.301376 8.295099 8.286509],[0.5188588  0.5244441  0.5284308  0.55424315]
DDK8,B,5e-08,18,True,False,TDD,vanilla,5,[0.17940174 0.5508312  0.77817976 0.88380915],[0.1372219 0.4154086 0.5127298 0.4028131],[ 33.20593  114.082214 183.54025  234.15184 ],[ 27.263378  95.773575 133.35226  152.6734  ],[7.974587  7.3442073 6.562323  6.135963 ],[0.596484  1.0338999 1.6209366 1.7281727],[8.143847 8.165355 8.19014  8.226463],[0.5570067  0.5532856  0.5880717  0.64253396]
DDK8,B,5e-08,21,True,False,TDD,vanilla,5,[0.22719036 0.61590725 0.86542356 0.91605127],[0.19964549 0.4287471  0.51645136 0.34521297],[ 42.49889 132.71762 196.93236 235.23586],[ 38.65902 107.57766 128.5307  129.22038],[7.885895  7.0058055 6.3115306 5.872387 ],[0.67063105 1.4813321  1.6434562  1.6345235 ],[8.123272 8.136701 8.135805 8.15118 ],[0.5637358  0.5555875  0.58310056 0.62311333]
DDK8,B,5e-08,24,True,False,TDD,vanilla,5,[0.2843551 0.6209874 0.79439   0.8977258],[0.33214146 0.49833405 0.39467898 0.28768727],[ 55.70055 146.21239 206.645   250.50314],[ 59.792885 129.16695  137.70815  144.7937  ],[7.977135  7.141033  6.403096  6.0386806],[0.69629455 1.3940197  1.7040166  1.5858173 ],[8.270131 8.258452 8.255482 8.262504],[0.5118271  0.51376563 0.5234589  0.57083213]
DDK8,B,5e-08,27,True,False,TDD,vanilla,5,[0.30592498 0.6847131  0.8631591  0.97965163],[0.25116846 0.443558   0.4298732  0.34515426],[ 58.341522 155.16321  209.98145  250.34482 ],[ 59.1869  125.14372 130.46414 128.04164],[7.845661  6.874706  6.1691284 5.5713286],[0.6932635 1.506154  1.7023305 1.7083616],[8.164666 8.149782 8.144778 8.15001 ],[0.5907433 0.6523984 0.6741813 0.6614096]
DDK8,B,5e-08,33,True,False,TDD,vanilla,5,[0.52960455 0.95000076 1.0962121  1.1859819 ],[0.4905281  0.6576898  0.5880927  0.56084174],[103.28899 202.55571 256.62042 284.8301 ],[ 90.61292 141.30664 141.75516 136.77025],[7.5987544 6.656727  5.8625097 5.5522795],[1.062884  1.5494592 1.7531103 1.6261324],[8.244222 8.21752  8.208188 8.190938],[0.59182024 0.6487663  0.6651303  0.6921988 ]
DDK8,B,5e-08,36,True,False,TDD,vanilla,5,[0.7180497 1.1235365 1.2433822 1.2369064],[0.5825441  0.674789   0.5139781  0.40357587],[143.19142 243.26646 289.9766  311.32037],[106.23781 139.60269 130.44145 125.75106],[7.2501   6.133414 5.541305 5.026331],[1.2925167 1.6014488 1.5610051 1.6103976],[8.266978 8.223077 8.203336 8.203679],[0.6390856  0.63954604 0.61311203 0.6540083 ]
DDK8,B,5e-08,42,True,False,TDD,vanilla,5,[0.7688528 1.0740529 1.1279393 1.1217575],[0.53388155 0.48092496 0.33563697 0.27022782],[159.54228 255.03893 298.5309  320.51804],[138.4334  162.65184 149.43071 143.1329 ],[6.8677177 5.98181   5.380417  5.167201 ],[1.5743093 1.6637641 1.5489144 1.3651589],[8.1687   8.187472 8.230034 8.259732],[0.55716753 0.59658355 0.6257369  0.63968194]
DDK8,B,2e-07,3,True,False,TDD,vanilla,5,[0.03140554 0.04160572 0.05895204 0.08144526],[0.0107878  0.01747776 0.03044907 0.04792959],[ 7.1935105  9.396664  13.280308  18.617796 ],[ 2.4191263  3.9127843  6.982633  11.550159 ],[8.103918 8.095249 8.079265 8.056234],[0.40596643 0.4129889  0.42214823 0.4329531 ],[8.140387 8.142667 8.144901 8.14683 ],[0.4020315  0.40776485 0.41400665 0.42071086]
DDK8,B,2e-07,6,True,False,TDD,vanilla,5,[0.04617786 0.07810937 0.13195066 0.20577353],[0.01680536 0.03913641 0.0794065  0.13351229],[10.875833 18.226189 31.06439  50.11945 ],[ 3.4970028  8.255872  17.581293  31.964277 ],[8.147543 8.116239 8.056063 7.956798],[0.38109127 0.39725232 0.43026605 0.4942504 ],[8.200198 8.203735 8.207059 8.210534],[0.37354088 0.3805655  0.3896417  0.39972013]
DDK8,B,2e-07,9,True,False,TDD,vanilla,5,[0.05891922 0.1218397  0.22833472 0.35681593],[0.01837208 0.05731532 0.12607315 0.19247892],[14.300379 30.322317 59.261574 96.78742 ],[ 5.538175 18.464602 43.475906 71.02979 ],[8.148177  8.073143  7.9212384 7.6847754],[0.4106255  0.41358125 0.44046733 0.5329159 ],[8.216351 8.215251 8.214624 8.214304],[0.40763524 0.41026485 0.41645423 0.42503932]
DDK8,B,2e-07,12,True,False,TDD,vanilla,5,[0.08867052 0.2146948  0.38929364 0.53150725],[0.04914429 0.15710211 0.27147067 0.30647862],[ 18.797514  46.525513  88.26307  128.05058 ],[ 8.548662 31.33914  60.38803  78.44438 ],[8.016867  7.8261623 7.441726  7.022664 ],[0.4747195  0.62257946 0.99257976 1.3230157 ],[8.120098  8.1142645 8.112743  8.113856 ],[0.43833014 0.4555621  0.47286943 0.49387443]
DDK8,B,2e-07,15,True,False,TDD,vanilla,5,[0.10677037 0.2721667  0.4560467  0.59542423],[0.06019826 0.1915091  0.272265   0.26820683],[ 24.298307  66.00181  120.78061  168.66809 ],[ 12.813285  48.62913   83.48628  102.2941  ],[8.072053  7.8181825 7.3806987 6.934295 ],[0.52109265 0.6748922  1.0146837  1.3206747 ],[8.197627 8.204034 8.217083 8.230654],[0.48526046 0.50316983 0.5246719  0.5439685 ]
DDK8,B,2e-07,18,True,False,TDD,vanilla,5,[0.13532926 0.34352878 0.5341749  0.6679848 ],[0.09453639 0.26485676 0.32456383 0.30368295],[ 29.409143  81.93861  136.23557  181.76324 ],[ 20.928768  71.46412   98.04393  108.327896],[8.009601  7.6418395 7.1660967 6.714068 ],[0.53052616 0.85772336 1.2300113  1.426768  ],[8.1638975 8.175692  8.188434  8.202102 ],[0.48944053 0.50745434 0.51854205 0.5220388 ]
DDK8,B,2e-07,21,True,False,TDD,vanilla,5,[0.20138215 0.51840496 0.7110733  0.8272835 ],[0.13892226 0.3374183  0.34674838 0.3087655 ],[ 47.477974 128.71976  182.61223  220.65146 ],[ 33.611004  86.70923   96.874405 101.87938 ],[7.9364386 7.245582  6.541161  5.9857674],[0.5114432 1.0020474 1.3625847 1.4601351],[8.188612 8.176667 8.144227 8.140654],[0.44568112 0.44044286 0.4572289  0.47989473]
DDK8,B,2e-07,24,True,False,TDD,vanilla,5,[0.24145135 0.55354434 0.75219667 0.8554027 ],[0.19641    0.36121714 0.37891337 0.29284903],[ 54.604904 133.83624  189.84238  238.70389 ],[ 44.731762  91.524895 100.28262  112.13234 ],[7.8127995 6.98649   6.5110326 5.998978 ],[0.66512364 1.3869722  1.4686729  1.5886168 ],[8.138821 8.121225 8.131564 8.179233],[0.5049219  0.5401905  0.55457497 0.5767097 ]
DDK8,B,2e-07,27,True,False,TDD,vanilla,5,[0.27689296 0.56539816 0.771017   0.8782401 ],[0.2534684  0.35008308 0.36469    0.28880146],[ 63.715927 145.03566  200.72186  237.57463 ],[ 58.39551 108.52898 116.22239 109.55523],[7.818821  7.0501275 6.479291  5.879926 ],[0.77923083 1.3375058  1.506898   1.523309  ],[8.195908 8.177614 8.161719 8.149493],[0.58492225 0.5956014  0.5773279  0.5629562 ]
DDK8,B,2e-07,33,True,False,TDD,vanilla,5,[0.42883405 0.73757666 0.9010203  0.98214614],[0.30876002 0.36874932 0.32863137 0.27229777],[ 95.99594 186.92186 235.54701 265.54382],[ 70.05539 110.05437 110.87133 115.22538],[7.474956  6.531056  5.906259  5.4506636],[0.8284158 1.3122625 1.4226516 1.40571  ],[8.113809 8.133947 8.133893 8.112729],[0.5259433  0.55339056 0.55033195 0.5765365 ]
DDK8,B,2e-07,36,True,False,TDD,vanilla,5,[0.40556204 0.77385604 0.9114359  1.0100429 ],[0.32821223 0.5164853  0.35547757 0.25705394],[ 96.27926 183.32497 228.16057 256.93127],[ 81.07828  119.788704 104.505936 101.224045],[7.5359316 6.659821  6.0257893 5.374373 ],[0.9641606 1.4647912 1.4360809 1.3888748],[8.202237 8.165164 8.124358 8.063301],[0.48082286 0.5317794  0.5752137  0.61029977]
DDK8,B,2e-07,42,True,False,TDD,vanilla,5,[0.5797949 0.8660669 0.977185  1.0401125],[0.45973197 0.38691214 0.2836684  0.23169525],[134.81854 224.6389  262.1323  279.12692],[109.61008 132.23499 126.03573 117.52377],[6.9870863 6.243596  5.6481147 5.0810266],[1.3833091 1.3987687 1.2655597 1.1893716],[8.116588  8.1407385 8.108494  8.074529 ],[0.5461969 0.5206076 0.5220433 0.5106325]
DDK8,B,4e-07,3,True,False,TDD,vanilla,5,[0.04296681 0.05179757 0.06703768 0.08716948],[0.01371353 0.01774996 0.02648569 0.03766222],[11.07125  13.331631 17.253979 22.707525],[3.1754344 4.06156   6.208901  9.374188 ],[8.154764 8.1456   8.129335 8.107611],[0.3417173  0.34900454 0.35743544 0.3669314 ],[8.20847  8.210395 8.212237 8.213969],[0.3344236  0.33968472 0.345037   0.3505006 ]
DDK8,B,4e-07,6,True,False,TDD,vanilla,5,[0.05937684 0.08776147 0.13369595 0.19359097],[0.01813161 0.03460724 0.06419616 0.10527429],[14.718546 22.016    34.182518 50.788673],[ 4.862736  9.431373 18.208097 31.364973],[8.111526 8.076286 8.016563 7.9271  ],[0.32873753 0.33998328 0.35855994 0.39560992],[8.184885 8.185724 8.186444 8.187491],[0.3219428  0.32802498 0.33519444 0.34295762]
DDK8,B,4e-07,9,True,False,TDD,vanilla,5,[0.07395552 0.12998669 0.21837153 0.32483804],[0.02688313 0.06582326 0.13104765 0.19849442],[18.280407 32.653343 56.50926  87.06819 ],[ 6.569594 16.716976 35.391216 58.437756],[8.100615  8.024964  7.8796153 7.6503425],[0.34337705 0.35740206 0.41729507 0.591197  ],[8.193824  8.191843  8.1865635 8.178488 ],[0.33316842 0.33920407 0.35002944 0.36504003]
DDK8,B,4e-07,12,True,False,TDD,vanilla,5,[0.09207848 0.18612447 0.32301587 0.4476371 ],[0.03404739 0.10346195 0.19225587 0.23948263],[ 22.486408  46.761425  84.25766  122.86387 ],[ 8.333355 27.117826 54.71858  75.79063 ],[8.038163 7.905034 7.638501 7.302647],[0.34579626 0.40194723 0.6062897  0.86562437],[8.155842 8.160818 8.163987 8.167347],[0.32843766 0.33568707 0.35014966 0.36756453]
DDK8,B,4e-07,15,True,False,TDD,vanilla,5,[0.12554449 0.27963945 0.45383185 0.58141154],[0.06597593 0.18800758 0.2722451  0.2891623 ],[ 30.229454  70.42111  118.56223  157.38077 ],[15.538545 50.60587  76.86386  88.80585 ],[7.991134  7.723654  7.2487493 6.811401 ],[0.44961983 0.6330626  1.0596977  1.339702  ],[8.153601 8.155079 8.152278 8.149134],[0.4101913  0.43171167 0.44939846 0.460384  ]
DDK8,B,4e-07,18,True,False,TDD,vanilla,5,[0.15632448 0.3627353  0.5460364  0.6656304 ],[0.08280386 0.22814935 0.30490902 0.2773697 ],[ 36.989723  92.75597  146.18004  186.05356 ],[20.952478 67.78183  95.40097  99.51622 ],[7.9260063 7.5231586 6.954464  6.5275373],[0.48276684 0.7161753  1.1184803  1.2598401 ],[8.1320305 8.13783   8.141356  8.146609 ],[0.42991513 0.4332563  0.4316455  0.42852738]
DDK8,B,4e-07,21,True,False,TDD,vanilla,5,[0.16583829 0.3879269  0.5778959  0.7229269 ],[0.09111373 0.21900783 0.25120643 0.2367363 ],[ 41.433994 105.80416  163.64886  207.09715 ],[ 23.354038  71.83412  100.48198  110.969246],[7.943394  7.45874   6.9016085 6.3540196],[0.44602925 0.7500327  0.987406   1.1357774 ],[8.166336 8.156872 8.151517 8.130608],[0.39600894 0.41945392 0.43816084 0.45606455]
DDK8,B,4e-07,24,True,False,TDD,vanilla,5,[0.21642622 0.48537448 0.6659168  0.80205   ],[0.13067806 0.27878585 0.28428924 0.24836138],[ 54.52668 135.30573 195.8808  242.70276],[ 34.22303   89.374954 110.11598  113.23727 ],[7.901265  7.2389917 6.5614862 6.1058745],[0.48918903 0.9492769  1.2930881  1.2607281 ],[8.199759 8.205041 8.207555 8.21912 ],[0.404768   0.4265331  0.43737403 0.43781117]
DDK8,B,4e-07,27,True,False,TDD,vanilla,5,[0.25860015 0.55223167 0.7283541  0.831585  ],[0.18143451 0.3107646  0.2985275  0.2279738 ],[ 63.38877 141.9189  193.84726 230.03072],[43.453476 86.31747  92.04719  85.23031 ],[7.766089  6.956728  6.269982  5.7756557],[0.563662  1.1023409 1.3608991 1.3699383],[8.149215 8.11694  8.104062 8.116798],[0.3806188  0.3709262  0.37762547 0.39070326]
DDK8,B,4e-07,33,True,False,TDD,vanilla,5,[0.42060098 0.7186712  0.8794194  0.9543683 ],[0.30680636 0.32939395 0.3033985  0.23931319],[114.12147 213.51572 260.98215 282.4146 ],[ 89.341064 132.55798  110.02711   94.48539 ],[7.5347347 6.5891094 5.909688  5.588736 ],[0.8469949 1.2755762 1.338951  1.2448908],[8.246285 8.265709 8.252912 8.226303],[0.46850497 0.45464966 0.43810764 0.45476887]
DDK8,B,4e-07,36,True,False,TDD,vanilla,5,[0.47693145 0.7702187  0.9129351  0.96712595],[0.33032012 0.3532367  0.2682358  0.17660575],[110.822235 196.9426   250.89653  281.4314  ],[ 76.17172 101.08779 101.15189  94.82   ],[7.1914563 6.2776265 5.741022  5.3871307],[0.94967693 1.3209304  1.2766948  1.1572436 ],[8.057566 8.079075 8.129921 8.168677],[0.40291405 0.39826265 0.40041897 0.40959847]
DDK8,B,4e-07,42,True,False,TDD,vanilla,5,[0.61348265 0.8304334  0.9434504  1.0098363 ],[0.46964905 0.38052753 0.27969563 0.17265896],[148.81229 216.90366 255.84454 288.73328],[109.46415  110.61367   96.443886  87.936714],[6.9711094 6.2271123 5.738554  5.4213233],[1.2465234  1.3595059  1.277792   0.96128434],[8.131211  8.1205845 8.131761  8.168282 ],[0.45830318 0.46788168 0.48357803 0.44281054]
DDK8,E,5e-08,3,True,False,TDD,vanilla,5,[0.00844926 0.01041173 0.01412433 0.01828997],[0.00264219 0.00329375 0.0050245  0.00736877],[2.4801354 3.0521314 4.1318393 5.342024 ],[0.8311788 1.0349381 1.5329278 2.2102008],[8.26552  8.261188 8.255076 8.248509],[0.10732777 0.10804417 0.10919866 0.11083622],[8.275205 8.273342 8.271564 8.269935],[0.10735612 0.10797671 0.10877378 0.10978284]
DDK8,E,5e-08,6,True,False,TDD,vanilla,5,[0.01090261 0.01563375 0.02302454 0.03326747],[0.00337866 0.0063989  0.0120243  0.02098108],[3.1828272 4.563758  6.723449  9.733534 ],[0.9884924 1.866245  3.477846  6.0327606],[8.263538 8.258373 8.250406 8.238381],[0.11344944 0.11542677 0.11823916 0.12274363],[8.276046 8.276881 8.277935 8.278976],[0.11304259 0.11515557 0.11746033 0.11958142]
DDK8,E,5e-08,9,True,False,TDD,vanilla,5,[0.01264654 0.02057058 0.03264935 0.04754735],[0.00408619 0.0108236  0.02178343 0.03523333],[ 3.715877  6.036992  9.61792  14.080842],[ 1.1994305  3.160716   6.428241  10.48439  ],[8.2796335 8.272384  8.258917  8.239185 ],[0.12817137 0.13066939 0.13463464 0.14500552],[8.294175 8.29685  8.298473 8.298301],[0.12703064 0.12796013 0.1290341  0.13212258]
DDK8,E,5e-08,12,True,False,TDD,vanilla,5,[0.01508329 0.02730901 0.04466318 0.06448466],[0.0049835  0.01393245 0.027137   0.04068224],[ 4.3235292  7.8068976 12.804157  18.609922 ],[ 1.4577558  4.1057153  8.0433655 12.266531 ],[8.22892  8.209791 8.181925 8.151781],[0.10942975 0.11347916 0.12501667 0.1391691 ],[8.245988  8.241977  8.236683  8.2317295],[0.10888108 0.11287002 0.11957742 0.12670901]
DDK8,E,5e-08,15,True,False,TDD,vanilla,5,[0.01816163 0.03607087 0.06022294 0.09008782],[0.00630452 0.02166708 0.04222478 0.06372405],[ 5.229662 10.407361 17.581806 26.721691],[ 1.7136463  6.1344423 12.4885235 19.830091 ],[8.241951 8.217473 8.184771 8.150786],[0.1370076  0.14528136 0.16198198 0.17607884],[8.262611  8.2612095 8.260151  8.261041 ],[0.13493809 0.13911162 0.14343643 0.14577541]
DDK8,E,5e-08,18,True,False,TDD,vanilla,5,[0.02084731 0.04447924 0.06907704 0.1011254 ],[0.00932568 0.03125643 0.05115051 0.06846718],[ 6.0637126 13.108108  20.461962  30.28225  ],[ 2.8362029  9.702881  15.544906  21.201117 ],[8.257965 8.2264   8.192663 8.158849],[0.13645971 0.1487133  0.16409434 0.17507185],[8.281872 8.281912 8.279536 8.27891 ],[0.13541299 0.14105983 0.14464794 0.14809406]
DDK8,E,5e-08,21,True,False,TDD,vanilla,5,[0.02397442 0.05244913 0.07695712 0.11140763],[0.01121898 0.03289365 0.04769887 0.06348634],[ 7.19955  15.669814 22.957008 33.257633],[ 3.5319865  9.922918  14.747984  19.334988 ],[8.279424 8.235451 8.198204 8.16054 ],[0.14707775 0.15176225 0.16888972 0.1822492 ],[8.307358 8.301056 8.291944 8.288347],[0.14678083 0.14288229 0.1493194  0.15211837]
DDK8,E,5e-08,24,True,False,TDD,vanilla,5,[0.02992723 0.06294469 0.09640054 0.1328573 ],[0.01675041 0.04152631 0.06437776 0.08232313],[ 8.838879 18.725235 28.54125  39.463158],[ 4.8724704 12.61332   19.91673   24.78032  ],[8.252722 8.199886 8.153769 8.10814 ],[0.13536105 0.15294912 0.1828342  0.21849059],[8.2875   8.278505 8.268627 8.264957],[0.13044433 0.1344253  0.15097398 0.16351572]
DDK8,E,5e-08,27,True,False,TDD,vanilla,5,[0.02969419 0.05905154 0.09208195 0.13093483],[0.01641678 0.0371381  0.05405971 0.0723941 ],[ 8.739828 17.731993 27.631006 39.746273],[ 4.9790983 11.626747  16.63532   22.619139 ],[8.245179 8.211887 8.183251 8.139776],[0.1319534  0.15353999 0.16161092 0.1866082 ],[8.279845  8.286421  8.2941885 8.295663 ],[0.12928064 0.14179233 0.13784619 0.14801458]
DDK8,E,5e-08,33,True,False,TDD,vanilla,5,[0.0450704  0.07796346 0.12222525 0.16688894],[0.03254309 0.04809841 0.07374395 0.09079675],[13.25751  23.148842 36.410007 49.71794 ],[ 9.069917 14.181237 22.186312 27.407923],[8.230766 8.192599 8.132127 8.085729],[0.15868919 0.1579516  0.19678639 0.21741875],[8.287059 8.28844  8.283365 8.28227 ],[0.14250225 0.14087309 0.1485409  0.15866236]
DDK8,E,5e-08,36,True,False,TDD,vanilla,5,[0.04964308 0.0839443  0.13119923 0.17185347],[0.0370592  0.04690099 0.0772199  0.09000296],[14.497417 24.93899  39.18925  52.507374],[10.64929  14.224072 22.585325 28.91049 ],[8.219108 8.183648 8.132896 8.101282],[0.18132228 0.195172   0.23002888 0.23372875],[8.281623 8.287588 8.29217  8.30194 ],[0.16172272 0.17149195 0.17695847 0.17350179]
DDK8,E,5e-08,42,True,False,TDD,vanilla,5,[0.0492059  0.09277266 0.13939017 0.18726748],[0.03190231 0.051402   0.07281915 0.09446631],[14.454877 27.468866 41.197178 55.871307],[ 9.059332 15.313575 21.630213 28.795853],[8.224935 8.163761 8.111852 8.070066],[0.1619344  0.18356143 0.19895478 0.20974575],[8.2850485 8.277092  8.275991  8.2751875],[0.15040708 0.15980272 0.16346732 0.16856034]
DDK8,E,2e-07,3,True,False,TDD,vanilla,5,[0.01581194 0.01759974 0.02166574 0.02550941],[0.00518068 0.00569041 0.00764785 0.00955916],[4.7326    5.267267  6.4842587 7.6305366],[1.5521946 1.6989833 2.280303  2.8308167],[8.266628 8.264331 8.260205 8.25568 ],[0.04079117 0.04209026 0.04372729 0.04578854],[8.280581 8.280627 8.280685 8.280739],[0.0395242  0.04055545 0.04168786 0.04291362]
DDK8,E,2e-07,6,True,False,TDD,vanilla,5,[0.01829811 0.02347598 0.03116269 0.0400979 ],[0.00574446 0.00861745 0.01206752 0.01672757],[ 5.5057807  7.0675545  9.379797  12.069178 ],[1.7133471 2.5753744 3.597144  4.9923987],[8.276399 8.270389 8.261685 8.250165],[0.04425689 0.0490412  0.05431719 0.06109894],[8.293882 8.294106 8.294251 8.294382],[0.04388142 0.04748659 0.05115881 0.05493952]
DDK8,E,2e-07,9,True,False,TDD,vanilla,5,[0.0210414  0.02885563 0.03878545 0.04971389],[0.00748079 0.01151544 0.01681365 0.02344146],[ 6.3494415  8.7091    11.708988  15.016753 ],[2.2679968 3.4909558 5.115312  7.188163 ],[8.274044 8.266703 8.256135 8.243227],[0.06134707 0.0687398  0.07703215 0.08632075],[8.294298 8.295323 8.296029 8.296503],[0.05927263 0.06526424 0.07138937 0.07772422]
DDK8,E,2e-07,12,True,False,TDD,vanilla,5,[0.02261884 0.03259498 0.04549808 0.05795647],[0.00711238 0.01216934 0.02079151 0.02830206],[ 6.8036675  9.813694  13.692929  17.42975  ],[2.1053767 3.6315298 6.202777  8.357878 ],[8.2706   8.260294 8.245478 8.230444],[0.07071606 0.07821233 0.0890215  0.10140895],[8.292669 8.293591 8.29417  8.294293],[0.06883647 0.07497934 0.08134437 0.08748709]
DDK8,E,2e-07,15,True,False,TDD,vanilla,5,[0.02806404 0.04252577 0.05762956 0.07280593],[0.00865747 0.01750539 0.02645105 0.03532739],[ 8.41104  12.748914 17.313879 21.90183 ],[ 2.6603456  5.320885   8.092367  10.722649 ],[8.25178   8.233848  8.2157955 8.201637 ],[0.06783337 0.07642877 0.08644782 0.09644859],[8.278367 8.277282 8.276983 8.276869],[0.06547173 0.07076035 0.07667465 0.08393777]
DDK8,E,2e-07,18,True,False,TDD,vanilla,5,[0.02932048 0.04528584 0.05930865 0.07998301],[0.01079468 0.01944952 0.025135   0.03721108],[ 8.721513  13.4276085 17.606377  23.840567 ],[ 3.13999   5.630532  7.317016 11.143792],[8.243357 8.224439 8.210016 8.190697],[0.08319844 0.09578051 0.10556743 0.11677948],[8.273221 8.273726 8.274927 8.276924],[0.07880081 0.08553309 0.09271665 0.09996614]
DDK8,E,2e-07,21,True,False,TDD,vanilla,5,[0.03077527 0.04953593 0.06591337 0.08711567],[0.00963313 0.01881976 0.02561216 0.03328331],[ 9.218636 14.831948 19.754128 26.145615],[ 2.885727  5.568081  7.61784  10.014965],[8.259765 8.237759 8.221918 8.201803],[0.09435538 0.10721988 0.11784969 0.13026947],[8.2915325 8.292838  8.293352  8.293094 ],[0.09075397 0.09886748 0.10661584 0.11423081]
DDK8,E,2e-07,24,True,False,TDD,vanilla,5,[0.03559574 0.05575629 0.07490072 0.10091057],[0.01269294 0.0220784  0.03301083 0.04204376],[10.645092 16.552832 22.148972 29.899025],[ 3.8721342  6.4773574  9.617839  12.71212  ],[8.248217 8.218921 8.195152 8.1646  ],[0.09985542 0.11197491 0.12444333 0.1345531 ],[8.283634 8.277485 8.2726   8.268844],[0.0970543  0.10391299 0.1116889  0.11914234]
DDK8,E,2e-07,27,True,False,TDD,vanilla,5,[0.03848039 0.05891239 0.07881034 0.10280945],[0.01666317 0.02728917 0.03383007 0.04363254],[11.51191  17.709993 23.79876  31.120245],[ 4.8140793  8.044174  10.159128  13.269186 ],[8.245037 8.225978 8.21214  8.192805],[0.1009405  0.11195154 0.12050208 0.12841032],[8.285105 8.289517 8.293083 8.295244],[0.09349079 0.10003035 0.1076677  0.11564252]
DDK8,E,2e-07,33,True,False,TDD,vanilla,5,[0.04412079 0.06312207 0.08744536 0.10660873],[0.02049441 0.02942611 0.03951769 0.04452316],[13.298215 19.158737 26.753784 32.750233],[ 6.276782  9.17106  12.619234 14.643634],[8.246474 8.232951 8.214922 8.206133],[0.11618067 0.12530915 0.13262409 0.13612938],[8.293463 8.300457 8.306935 8.31096 ],[0.1121941  0.1177948  0.12364822 0.1286118 ]
DDK8,E,2e-07,36,True,False,TDD,vanilla,5,[0.04400816 0.06472589 0.08934163 0.1130476 ],[0.01940193 0.02727131 0.03827681 0.04486721],[12.941737 18.931864 26.108562 33.19565 ],[ 5.7417226  7.8234677 10.744983  12.993569 ],[8.212508  8.187869  8.165841  8.1508875],[0.10973063 0.12520745 0.1435577  0.15661179],[8.260142  8.257455  8.2576065 8.260585 ],[0.10467414 0.11562987 0.12960932 0.14268412]
DDK8,E,2e-07,42,True,False,TDD,vanilla,5,[0.0527799  0.07575753 0.10159308 0.12173657],[0.02316643 0.02768129 0.0365748  0.03570738],[15.899962 22.597017 30.372253 36.37971 ],[ 7.226451  8.187312 11.112801 11.052847],[8.228315 8.201809 8.174627 8.159534],[0.10703895 0.12447987 0.13547446 0.14052998],[8.285831 8.281849 8.27859  8.276519],[0.10005278 0.10973753 0.12256967 0.13150124]
DDK8,E,4e-07,3,True,False,TDD,vanilla,5,[0.01937213 0.02138164 0.02562206 0.02963503],[0.00641915 0.00697065 0.00891659 0.01072938],[5.800813 6.401814 7.672363 8.875558],[1.9242041 2.0918796 2.6804392 3.2310245],[8.270657 8.267762 8.262992 8.258001],[0.03094863 0.0326545  0.03491109 0.03744943],[8.288958 8.288684 8.288403 8.288102],[0.02915174 0.03073189 0.03247377 0.03435929]
DDK8,E,4e-07,6,True,False,TDD,vanilla,5,[0.02515311 0.03023875 0.03742493 0.04429817],[0.00740714 0.00970503 0.01242405 0.01522533],[ 7.5270085  9.050404  11.2018    13.26279  ],[2.2443643 2.9309976 3.7466362 4.5888624],[8.260598 8.254299 8.246139 8.236955],[0.04064885 0.04522179 0.05019902 0.05551781],[8.284499 8.284238 8.283938 8.283622],[0.03912413 0.0432141  0.04740655 0.05164111]
DDK8,E,4e-07,9,True,False,TDD,vanilla,5,[0.02819647 0.03550748 0.04429401 0.05168516],[0.00741302 0.01060459 0.0140485  0.01684111],[ 8.433447 10.627312 13.265297 15.487104],[2.272427  3.2666173 4.3514357 5.2646246],[8.253719 8.244933 8.234691 8.225118],[0.05275587 0.05909523 0.06549529 0.07228152],[8.280015 8.279101 8.278396 8.278026],[0.05211917 0.05833429 0.06446901 0.0706116 ]
DDK8,E,4e-07,12,True,False,TDD,vanilla,5,[0.03103418 0.04138795 0.05143657 0.06344993],[0.00995555 0.01480345 0.01906488 0.02417604],[ 9.321063 12.455269 15.513717 19.153355],[3.0406663 4.546636  5.9073043 7.450154 ],[8.25652   8.24637   8.236434  8.2265215],[0.06648001 0.07369149 0.0804417  0.08729327],[8.285689 8.28714  8.288548 8.289801],[0.06437866 0.07084928 0.07688569 0.08259344]
DDK8,E,4e-07,15,True,False,TDD,vanilla,5,[0.03302879 0.04532638 0.05643234 0.06712269],[0.00922456 0.01527147 0.01849381 0.02093495],[ 9.90265  13.603208 16.984581 20.241592],[2.7745607 4.548674  5.5552926 6.3370204],[8.256613  8.2447195 8.235073  8.227826 ],[0.07802663 0.08843385 0.09743928 0.10485095],[8.288774 8.291263 8.293829 8.296032],[0.07523514 0.08273138 0.09050899 0.09828036]
DDK8,E,4e-07,18,True,False,TDD,vanilla,5,[0.03533871 0.0487317  0.06010475 0.07143686],[0.01066645 0.01595562 0.02026033 0.02186073],[10.543936 14.521004 17.884733 21.242926],[3.2984138 4.8760633 6.149259  6.718175 ],[8.244367 8.226673 8.212981 8.200871],[0.07200039 0.0805192  0.08847293 0.09506436],[8.27856  8.276338 8.274124 8.272226],[0.06968126 0.07664183 0.08386724 0.09061535]
DDK8,E,4e-07,21,True,False,TDD,vanilla,5,[0.03969356 0.05511797 0.06596202 0.08029019],[0.0131577  0.02070483 0.0234482  0.02791482],[11.857676 16.478462 19.66899  23.953613],[4.0503793 6.364863  7.071937  8.6307955],[8.238554 8.22084  8.211037 8.197676],[0.0955015  0.10835434 0.11899562 0.12579046],[8.276323 8.276242 8.275361 8.274577],[0.09324113 0.10310401 0.11220799 0.12068646]
DDK8,E,4e-07,24,True,False,TDD,vanilla,5,[0.04255585 0.05786005 0.07190439 0.09009904],[0.01654691 0.02309971 0.02940644 0.03833171],[12.745    17.44591  21.81922  27.509558],[ 4.7632375  6.827521   8.964787  12.09044  ],[8.245502  8.234738  8.2260685 8.217061 ],[0.10207042 0.11023428 0.11608921 0.12207337],[8.286703 8.293116 8.298703 8.30418 ],[0.09379449 0.09931406 0.10363212 0.10734849]
DDK8,E,4e-07,27,True,False,TDD,vanilla,5,[0.04206925 0.05573767 0.06982036 0.08725884],[0.01433129 0.02049656 0.02538826 0.03248235],[12.505108 16.64342  20.973455 26.361929],[ 4.192279   6.0558257  7.669765  10.056651 ],[8.234649 8.223448 8.215023 8.202463],[0.09527588 0.10095793 0.10838316 0.11761222],[8.276787 8.280539 8.284522 8.288042],[0.08973086 0.09296609 0.09940286 0.10667291]
DDK8,E,4e-07,33,True,False,TDD,vanilla,5,[0.04840366 0.06183823 0.08211628 0.0980701 ],[0.01975881 0.02369653 0.03269045 0.03412158],[14.426711 18.423796 24.467627 29.2554  ],[ 5.9927564  7.1455746  9.785056  10.142628 ],[8.227144 8.210201 8.191013 8.180377],[0.11526742 0.11553773 0.11868169 0.11780379],[8.277195 8.275805 8.276591 8.27708 ],[0.10656009 0.10650315 0.10475279 0.10291509]
DDK8,E,4e-07,36,True,False,TDD,vanilla,5,[0.04793147 0.06187262 0.07792287 0.09282246],[0.01640547 0.01949753 0.02771388 0.02711758],[14.400471 18.545828 23.265236 27.639427],[4.988665 5.820206 8.283754 8.103377],[8.239781 8.223779 8.202877 8.190211],[0.12291098 0.13249877 0.13943389 0.13877565],[8.287193 8.285667 8.282404 8.278148],[0.11921629 0.12636288 0.12809068 0.12669323]
DDK8,E,4e-07,42,True,False,TDD,vanilla,5,[0.05087032 0.06742888 0.08278412 0.10088412],[0.01794714 0.02284486 0.02913954 0.03059361],[15.253218 20.139654 24.699543 30.095589],[5.432105 6.840264 8.843225 9.579083],[8.231978 8.213042 8.198158 8.180041],[0.10709551 0.1165983  0.12436049 0.1314667 ],[8.284267 8.282584 8.279294 8.275064],[0.1008014  0.10741474 0.11493791 0.12366353]
DDK8,B,5e-08,3,True,False,TDD,vanilla,10,[0.01489125 0.02160433 0.03489265 0.0570785 ],[0.00551181 0.00972614 0.0203808  0.04070935],[ 3.1934888  4.6196766  7.3631697 12.000014 ],[1.0857787 2.0551922 4.4307756 8.736168 ],[8.2970495 8.292283  8.282236  8.264996 ],[0.2875803  0.29994875 0.31301543 0.3257245 ],[8.310017 8.311025 8.311322 8.311014],[0.28663874 0.29886186 0.31123886 0.32331756]
DDK8,B,5e-08,6,True,False,TDD,vanilla,10,[0.02428635 0.05454406 0.11138882 0.18999991],[0.01187098 0.04818986 0.10336316 0.16798027],[ 4.413812  9.372628 20.390156 38.45452 ],[ 1.768851  6.271169 16.804293 34.72595 ],[8.180896 8.159048 8.107347 8.013896],[0.39629996 0.41434887 0.45096794 0.5306934 ],[8.200852 8.201836 8.201868 8.201473],[0.3916575  0.39977843 0.40850884 0.41598985]
DDK8,B,5e-08,9,True,False,TDD,vanilla,10,[0.03643479 0.10266198 0.21296966 0.3453524 ],[0.02553994 0.09658404 0.18757439 0.27189013],[ 6.7936444 19.946192  45.68629   79.6433   ],[ 3.8657687 19.214006  47.777122  75.0574   ],[8.222398  8.17578   8.052054  7.8280144],[0.44687897 0.47351623 0.5590109  0.7837315 ],[8.251503 8.261046 8.269067 8.268887],[0.43901262 0.44828582 0.46303815 0.4847499 ]
DDK8,B,5e-08,12,True,False,TDD,vanilla,10,[0.06211466 0.18917483 0.36949727 0.5075208 ],[0.05173824 0.1723369  0.2844523  0.3179793 ],[ 10.134633  34.59496   75.43517  117.669655],[ 7.1917143 30.938244  63.328903  89.40426  ],[8.121871  8.002222  7.693183  7.3362756],[0.43750545 0.5366823  0.8655451  1.1421235 ],[8.1689005 8.177474  8.178661  8.1839   ],[0.42534223 0.456648   0.4968093  0.52424604]
DDK8,B,5e-08,15,True,False,TDD,vanilla,10,[0.09192714 0.2885898  0.50989455 0.65854585],[0.0816164  0.2441675  0.36047044 0.37007225],[ 16.628393  62.01916  122.40206  171.94638 ],[ 12.38328   54.24395   96.87431  121.004715],[8.227576  7.9663634 7.425699  6.9100056],[0.5542568 0.7434909 1.2352853 1.5416493],[8.301512 8.301376 8.295099 8.286509],[0.5188588  0.5244441  0.5284308  0.55424315]
DDK8,B,5e-08,18,True,False,TDD,vanilla,10,[0.16516563 0.5348555  0.7605024  0.8736569 ],[0.14082615 0.42593348 0.51075095 0.413072  ],[ 30.711851 112.04883  181.81845  232.42496 ],[ 27.883678  98.53166  136.12268  154.346   ],[7.987178  7.354735  6.5998735 6.171788 ],[0.59244007 1.0451485  1.5899599  1.7404338 ],[8.143847 8.165355 8.19014  8.226463],[0.5570067  0.5532856  0.5880717  0.64253396]
DDK8,B,5e-08,21,True,False,TDD,vanilla,10,[0.21254797 0.6023217  0.85712934 0.9017317 ],[0.20401694 0.43317536 0.5341287  0.34427506],[ 39.80537 130.29721 195.12381 233.19391],[ 39.479286 109.470406 130.76625  130.15852 ],[7.901618  7.02892   6.329793  5.8996687],[0.6633104 1.470423  1.6720608 1.6509758],[8.123272 8.136701 8.135805 8.15118 ],[0.5637358  0.5555875  0.58310056 0.62311333]
DDK8,B,5e-08,24,True,False,TDD,vanilla,10,[0.2705759 0.6108061 0.7850884 0.894222 ],[0.33427754 0.5058981  0.40382004 0.29446065],[ 52.834644 144.15483  205.21603  249.40855 ],[ 60.39701 131.45486 139.83908 144.89528],[7.9931793 7.162764  6.442967  6.0825834],[0.6902427 1.3882818 1.6874528 1.573127 ],[8.270131 8.258452 8.255482 8.262504],[0.5118271  0.51376563 0.5234589  0.57083213]
DDK8,B,5e-08,27,True,False,TDD,vanilla,10,[0.29342228 0.67573816 0.85252005 0.9762223 ],[0.263505   0.46836984 0.4369176  0.36568594],[ 55.95987 152.7615  207.80586 248.72118],[ 60.576736 126.78251  131.6036   128.88013 ],[7.8602433 6.894717  6.187005  5.5982275],[0.68739706 1.5118845  1.7298795  1.7231171 ],[8.164666 8.149782 8.144778 8.15001 ],[0.5907433 0.6523984 0.6741813 0.6614096]
DDK8,B,5e-08,33,True,False,TDD,vanilla,10,[0.5202851  0.95432764 1.1028278  1.1932042 ],[0.49690852 0.6935602  0.594061   0.5791671 ],[101.626335 201.67041  256.32117  284.67813 ],[ 91.71524 143.3832  143.32515 136.83655],[7.61177   6.6746845 5.888334  5.5823326],[1.0513655 1.5650848 1.7453995 1.6277959],[8.244222 8.21752  8.208188 8.190938],[0.59182024 0.6487663  0.6651303  0.6921988 ]
DDK8,B,5e-08,36,True,False,TDD,vanilla,10,[0.7156238 1.1169614 1.2417483 1.2319359],[0.598021   0.6858738  0.5267939  0.40125728],[141.98193 242.4781  289.76706 310.85864],[107.95289 142.57689 132.60986 127.25049],[7.2609663 6.153344  5.55521   5.04048  ],[1.2897158 1.5969961 1.5658008 1.6256843],[8.266978 8.223077 8.203336 8.203679],[0.6390856  0.63954604 0.61311203 0.6540083 ]
DDK8,B,5e-08,42,True,False,TDD,vanilla,10,[0.765973  1.0803556 1.1302931 1.1206897],[0.5453258  0.4938694  0.34314254 0.27043885],[159.07204 255.8557  298.73672 321.0308 ],[140.3874  166.04984 149.90366 143.90413],[6.8669004 5.993206  5.3723335 5.1549764],[1.5899862 1.6661267 1.564815  1.3566942],[8.1687   8.187472 8.230034 8.259732],[0.55716753 0.59658355 0.6257369  0.63968194]
DDK8,B,2e-07,3,True,False,TDD,vanilla,10,[0.0205821  0.02749621 0.04058335 0.05937486],[0.00728466 0.01201512 0.02273159 0.03870857],[ 4.8303647  6.3768554  9.31262   13.803235 ],[1.6338993 2.7095606 5.2073193 9.377577 ],[8.116626 8.111626 8.100628 8.082869],[0.40453708 0.41113144 0.41930038 0.42914024],[8.140387 8.142667 8.144901 8.14683 ],[0.4020315  0.40776485 0.41400665 0.42071086]
DDK8,B,2e-07,6,True,False,TDD,vanilla,10,[0.02987893 0.05483351 0.10291123 0.17303248],[0.01144962 0.03105722 0.07118562 0.12880312],[ 7.1721015 12.902484  24.336445  42.547794 ],[ 2.3017313  6.4291344 15.733231  30.917242 ],[8.166623  8.1439085 8.093674  8.007031 ],[0.3783457  0.3921635  0.42149988 0.48051363],[8.200198 8.203735 8.207059 8.210534],[0.37354088 0.3805655  0.3896417  0.39972013]
DDK8,B,2e-07,9,True,False,TDD,vanilla,10,[0.03911341 0.09225626 0.19352062 0.32236198],[0.01324816 0.05045556 0.12279843 0.1938006 ],[ 9.657701 23.283323 50.86287  88.50046 ],[ 4.005055 15.950756 41.487907 70.33034 ],[8.171616  8.110261  7.9731135 7.7509565],[0.4095107  0.41122758 0.4339086  0.52483803],[8.216351 8.215251 8.214624 8.214304],[0.40763524 0.41026485 0.41645423 0.42503932]
DDK8,B,2e-07,12,True,False,TDD,vanilla,10,[0.06458899 0.18275343 0.35713744 0.5015116 ],[0.04128103 0.15217385 0.27666262 0.3165127 ],[ 13.599707  39.414238  80.9784   121.249306],[ 7.110409 30.233522 61.361404 80.29271 ],[8.0471525 7.873156  7.4983134 7.075509 ],[0.4652338  0.60212374 0.9787846  1.3460808 ],[8.120098  8.1142645 8.112743  8.113856 ],[0.43833014 0.4555621  0.47286943 0.49387443]
DDK8,B,2e-07,15,True,False,TDD,vanilla,10,[0.08134117 0.24326368 0.43193623 0.5732009 ],[0.05452487 0.19506048 0.28473377 0.28141978],[ 18.435698  58.828297 114.33152  162.67343 ],[ 11.454489  48.321438  84.93054  103.95511 ],[8.105247  7.865758  7.428052  6.9903307],[0.5118938 0.6619704 1.0188386 1.347239 ],[8.197627 8.204034 8.217083 8.230654],[0.48526046 0.50316983 0.5246719  0.5439685 ]
DDK8,B,2e-07,18,True,False,TDD,vanilla,10,[0.10758635 0.3136096  0.51025397 0.64754677],[0.0902883 0.2679285 0.3348289 0.3125998],[ 23.162674  74.87185  129.59373  175.82228 ],[ 19.184475  71.64269   99.57738  109.779465],[8.046006  7.689259  7.216391  6.7700567],[0.5217307 0.854137  1.2349311 1.435159 ],[8.1638975 8.175692  8.188434  8.202102 ],[0.48944053 0.50745434 0.51854205 0.5220388 ]
DDK8,B,2e-07,21,True,False,TDD,vanilla,10,[0.17656603 0.49873662 0.6953828  0.81666774],[0.14201091 0.34857082 0.35800675 0.3266928 ],[ 41.426865 123.63272  178.55176  217.48012 ],[ 33.724792  88.863075  99.32114  103.86107 ],[7.973297 7.289075 6.579453 6.043154],[0.50438476 0.99682593 1.380919   1.4667325 ],[8.188612 8.176667 8.144227 8.140654],[0.44568112 0.44044286 0.4572289  0.47989473]
DDK8,B,2e-07,24,True,False,TDD,vanilla,10,[0.21856512 0.54071134 0.740321   0.8452852 ],[0.20047334 0.37822992 0.39623043 0.3061628 ],[ 49.315258 130.12556  186.2027   235.3856  ],[ 45.565216  94.36882  102.72301  113.805626],[7.8470025 7.0125427 6.5523167 6.0460567],[0.66018206 1.3975719  1.4742336  1.5946776 ],[8.138821 8.121225 8.131564 8.179233],[0.5049219  0.5401905  0.55457497 0.5767097 ]
DDK8,B,2e-07,27,True,False,TDD,vanilla,10,[0.25188377 0.5442789  0.7594092  0.8698941 ],[0.26004457 0.35664088 0.36974216 0.29014856],[ 58.016373 140.0115   197.68822  235.50595 ],[ 60.07601 109.9523  117.538   110.14666],[7.8574457 7.0942273 6.5331    5.940456 ],[0.7710727 1.3277194 1.4852346 1.5017253],[8.195908 8.177614 8.161719 8.149493],[0.58492225 0.5956014  0.5773279  0.5629562 ]
DDK8,B,2e-07,33,True,False,TDD,vanilla,10,[0.41774747 0.7299789  0.8962855  0.9800453 ],[0.324085   0.38227445 0.33457848 0.27852827],[ 93.1466  184.65138 233.81416 264.51816],[ 73.08939 112.30311 112.1906  116.01828],[7.4957757 6.5467052 5.9318037 5.4791164],[0.83760715 1.322435   1.4323367  1.4001302 ],[8.113809 8.133947 8.133893 8.112729],[0.5259433  0.55339056 0.55033195 0.5765365 ]
DDK8,B,2e-07,36,True,False,TDD,vanilla,10,[0.39007422 0.769603   0.9094745  1.0091301 ],[0.34099615 0.5398166  0.3670232  0.26419738],[ 92.29707 180.66336 226.42989 256.02917],[ 83.3571  121.8803  106.16126 101.71569],[7.563269  6.6928997 6.0692177 5.3999805],[0.96908194 1.4703736  1.4280089  1.4045494 ],[8.202237 8.165164 8.124358 8.063301],[0.48082286 0.5317794  0.5752137  0.61029977]
DDK8,B,2e-07,42,True,False,TDD,vanilla,10,[0.5662427 0.8591826 0.9736176 1.0398505],[0.47095862 0.3991051  0.29395667 0.23719871],[131.28764 222.55872 261.10538 278.8572 ],[111.18021 135.69408 127.86035 118.43991],[7.013597 6.271994 5.688119 5.099124],[1.3912956 1.4132189 1.2593051 1.1907611],[8.116588  8.1407385 8.108494  8.074529 ],[0.5461969 0.5206076 0.5220433 0.5106325]
DDK8,B,4e-07,3,True,False,TDD,vanilla,10,[0.03198214 0.0382757  0.04961492 0.06587978],[0.01141118 0.01418333 0.02102876 0.03108262],[ 8.271681  9.915852 12.839146 17.291555],[2.5805736 3.2238908 4.89763   7.77351  ],[8.1695385 8.164004  8.152521  8.136177 ],[0.34056753 0.34714445 0.35479993 0.36306733],[8.20847  8.210395 8.212237 8.213969],[0.3344236  0.33968472 0.345037   0.3505006 ]
DDK8,B,4e-07,6,True,False,TDD,vanilla,10,[0.04225335 0.06342157 0.10246658 0.15853846],[0.01322046 0.02568647 0.05363457 0.09675954],[10.517979 15.972517 26.302082 41.884464],[ 3.6121156  7.0457826 15.211791  28.720236 ],[8.133858  8.108779  8.0611315 7.9858036],[0.32685065 0.3355903  0.34974492 0.3789967 ],[8.184885 8.185724 8.186444 8.187491],[0.3219428  0.32802498 0.33519444 0.34295762]
DDK8,B,4e-07,9,True,False,TDD,vanilla,10,[0.05236927 0.09824749 0.18065387 0.28609467],[0.02039249 0.0555602  0.1245195  0.19685832],[12.935112 24.599976 46.694992 76.92129 ],[ 4.9668226 13.888961  33.178986  57.67725  ],[8.130026 8.070867 7.942683 7.728585],[0.33995765 0.34997156 0.4009091  0.5634873 ],[8.193824  8.191843  8.1865635 8.178488 ],[0.33316842 0.33920407 0.35002944 0.36504003]
DDK8,B,4e-07,12,True,False,TDD,vanilla,10,[0.06733945 0.15211238 0.2864653  0.41519806],[0.02701739 0.09694272 0.19225004 0.24771343],[ 16.471767  38.28657   75.11621  114.50127 ],[ 6.6597967 25.458532  54.87436   77.58749  ],[8.073098  7.9581695 7.705822  7.3743534],[0.34000897 0.38842198 0.58738977 0.85836345],[8.155842 8.160818 8.163987 8.167347],[0.32843766 0.33568707 0.35014966 0.36756453]
DDK8,B,4e-07,15,True,False,TDD,vanilla,10,[0.09650466 0.24590655 0.42461488 0.5555225 ],[0.05541563 0.18487258 0.28003094 0.30095977],[ 23.2562   61.91221 110.75922 150.21404],[13.161357 49.433517 78.12855  91.05851 ],[8.033156  7.785498  7.315202  6.8871703],[0.43802145 0.60569394 1.0473943  1.3321972 ],[8.153601 8.155079 8.152278 8.149134],[0.4101913  0.43171167 0.44939846 0.460384  ]
DDK8,B,4e-07,18,True,False,TDD,vanilla,10,[0.124444   0.33278245 0.5209162  0.6432133 ],[0.07581173 0.2377243  0.31918445 0.2896832 ],[ 29.317743  84.8583   139.62706  180.21654 ],[ 19.274403  69.159836  99.08606  102.6627  ],[7.9749584 7.5855894 7.026214  6.609796 ],[0.46886972 0.7062296  1.1136101  1.2588396 ],[8.1320305 8.13783   8.141356  8.146609 ],[0.42991513 0.4332563  0.4316455  0.42852738]
DDK8,B,4e-07,21,True,False,TDD,vanilla,10,[0.13748886 0.36286107 0.5579232  0.70647454],[0.08984764 0.22941308 0.2644781  0.2497458 ],[ 34.337025  99.47764  158.66124  202.98851 ],[ 22.76564   73.87201  103.278076 113.57172 ],[7.98817   7.509955  6.94986   6.4193296],[0.43616018 0.74559695 0.99663085 1.1255225 ],[8.166336 8.156872 8.151517 8.130608],[0.39600894 0.41945392 0.43816084 0.45606455]
DDK8,B,4e-07,24,True,False,TDD,vanilla,10,[0.18945932 0.4645404  0.6500746  0.78974694],[0.13223052 0.28963166 0.2940208  0.25478536],[ 47.785233 129.72758  191.69467  239.4758  ],[ 34.739326  91.41962  112.4552   114.73667 ],[7.944956  7.2903924 6.621442  6.1561627],[0.47774842 0.94000304 1.2845097  1.2489929 ],[8.199759 8.205041 8.207555 8.21912 ],[0.404768   0.4265331  0.43737403 0.43781117]
DDK8,B,4e-07,27,True,False,TDD,vanilla,10,[0.23512922 0.5330022  0.71170723 0.82122636],[0.19032995 0.32455477 0.30846938 0.23399882],[ 57.512886 137.3364   189.98373  227.37788 ],[45.735954 89.65536  94.85068  86.45099 ],[7.8087397 7.0038133 6.325488  5.8434696],[0.5578211 1.1076916 1.3663863 1.3670725],[8.149215 8.11694  8.104062 8.116798],[0.3806188  0.3709262  0.37762547 0.39070326]
DDK8,B,4e-07,33,True,False,TDD,vanilla,10,[0.4045365  0.70801896 0.87001383 0.94961745],[0.31698677 0.34136054 0.308546   0.24560162],[109.80678 210.46233 258.2135  281.0108 ],[ 92.74604 135.81349 111.63089  95.36479],[7.570225  6.6343517 5.947522  5.6248326],[0.84524626 1.2685984  1.3541834  1.2468727 ],[8.246285 8.265709 8.252912 8.226303],[0.46850497 0.45464966 0.43810764 0.45476887]
DDK8,B,4e-07,36,True,False,TDD,vanilla,10,[0.46084985 0.7610097  0.90766215 0.965935  ],[0.34526703 0.3626726  0.27318522 0.18076696],[106.53369 194.1767  249.13615 280.9042 ],[ 78.792915 102.81199  101.64776   94.736336],[7.2307606 6.3153076 5.789161  5.418704 ],[0.9552618 1.3295321 1.2646341 1.1480471],[8.057566 8.079075 8.129921 8.168677],[0.40291405 0.39826265 0.40041897 0.40959847]
DDK8,B,4e-07,42,True,False,TDD,vanilla,10,[0.60405356 0.82428414 0.9402112  1.0091518 ],[0.48824307 0.3912182  0.28263238 0.17319417],[145.7587  215.14262 254.61714 288.434  ],[113.279045 112.45657   96.91491   88.374275],[7.0017705 6.271055  5.7635527 5.456955 ],[1.2515541 1.3485011 1.2919667 0.9627641],[8.131211  8.1205845 8.131761  8.168282 ],[0.45830318 0.46788168 0.48357803 0.44281054]
DDK8,E,5e-08,3,True,False,TDD,vanilla,10,[0.00461903 0.00597395 0.00819051 0.01106217],[0.0016367  0.00219551 0.0035259  0.00568122],[1.3470867 1.7384273 2.3768559 3.1986258],[0.47989264 0.64542127 1.0151857  1.6081378 ],[8.2702   8.266889 8.262639 8.257893],[0.10745563 0.10813761 0.10919621 0.11084681],[8.275205 8.273342 8.271564 8.269935],[0.10735612 0.10797671 0.10877378 0.10978284]
DDK8,E,5e-08,6,True,False,TDD,vanilla,10,[0.0061409  0.00930846 0.0150702  0.0231411 ],[0.00223258 0.00454644 0.00996968 0.01826287],[1.790633  2.7145221 4.403463  6.776676 ],[0.6329447 1.3349608 2.944225  5.3731756],[8.269299 8.266389 8.260758 8.252221],[0.11337598 0.11533117 0.1177803  0.12142712],[8.276046 8.276881 8.277935 8.278976],[0.11304259 0.11515557 0.11746033 0.11958142]
DDK8,E,5e-08,9,True,False,TDD,vanilla,10,[0.00770569 0.01415388 0.02482012 0.03807223],[0.00298922 0.00938217 0.02087455 0.03474327],[ 2.2640285  4.1488805  7.3089767 11.301557 ],[ 0.87685764  2.7177434   6.0880575  10.275185  ],[8.285695 8.280689 8.269646 8.252848],[0.12773888 0.12993494 0.13381445 0.14425938],[8.294175 8.29685  8.298473 8.298301],[0.12703064 0.12796013 0.1290341  0.13212258]
DDK8,E,5e-08,12,True,False,TDD,vanilla,10,[0.00975166 0.02067342 0.03652658 0.05495403],[0.00415331 0.01293099 0.02631766 0.03985733],[ 2.797303  5.932827 10.512011 15.969235],[ 1.207095   3.8467746  7.856078  12.177976 ],[8.23551  8.218742 8.193565 8.166892],[0.10906468 0.11251245 0.12287799 0.13583061],[8.245988  8.241977  8.236683  8.2317295],[0.10888108 0.11287002 0.11957742 0.12670901]
DDK8,E,5e-08,15,True,False,TDD,vanilla,10,[0.01208815 0.0287234  0.05157686 0.07911436],[0.00567344 0.02200574 0.04288073 0.06366783],[ 3.4640026  8.287826  15.111663  23.652206 ],[ 1.5301507  6.225623  12.829709  20.12468  ],[8.24924   8.2273245 8.197346  8.168047 ],[0.13649558 0.14426306 0.15962249 0.17168973],[8.262611  8.2612095 8.260151  8.261041 ],[0.13493809 0.13911162 0.14343643 0.14577541]
DDK8,E,5e-08,18,True,False,TDD,vanilla,10,[0.01503189 0.03786904 0.06179923 0.09146237],[0.00888146 0.03196242 0.05304616 0.07029421],[ 4.3616076 11.168732  18.37604   27.483532 ],[ 2.6823542  9.881577  16.140097  21.77432  ],[8.265115 8.2355   8.203401 8.174692],[0.13587222 0.1489387  0.16658357 0.17633909],[8.281872 8.281912 8.279536 8.27891 ],[0.13541299 0.14105983 0.14464794 0.14809406]
DDK8,E,5e-08,21,True,False,TDD,vanilla,10,[0.01876922 0.04656988 0.0704243  0.10368063],[0.01103379 0.03385943 0.05137293 0.06541614],[ 5.640753 13.962171 21.085949 31.020681],[ 3.4701731 10.302661  16.164272  20.101788 ],[8.285726  8.243868  8.2088785 8.175224 ],[0.1468108  0.1515762  0.1689423  0.18125118],[8.307358 8.301056 8.291944 8.288347],[0.14678083 0.14288229 0.1493194  0.15211837]
DDK8,E,5e-08,24,True,False,TDD,vanilla,10,[0.02469831 0.05686672 0.08890645 0.12592971],[0.01732418 0.0431367  0.06663566 0.08429066],[ 7.274679 16.98465  26.44524  37.560383],[ 4.999226 13.156794 20.586298 25.401537],[8.25928  8.208695 8.165328 8.120966],[0.13509312 0.15121992 0.18093866 0.21656704],[8.2875   8.278505 8.268627 8.264957],[0.13044433 0.1344253  0.15097398 0.16351572]
DDK8,E,5e-08,27,True,False,TDD,vanilla,10,[0.02417214 0.05257213 0.08478234 0.12284711],[0.01611068 0.03787315 0.05532825 0.0736426 ],[ 7.137973 15.868143 25.524504 37.350193],[ 4.920751 11.904227 16.899641 22.80765 ],[8.25166  8.220855 8.195495 8.155546],[0.1311998  0.15355659 0.162781   0.18677136],[8.279845  8.286421  8.2941885 8.295663 ],[0.12928064 0.14179233 0.13784619 0.14801458]
DDK8,E,5e-08,33,True,False,TDD,vanilla,10,[0.03986926 0.07202668 0.11547286 0.16005777],[0.03246716 0.04830038 0.07459249 0.09164008],[11.720721 21.403503 34.39292  47.698013],[ 9.013553 14.257536 22.40925  27.56313 ],[8.237014 8.200367 8.142748 8.097982],[0.15789308 0.15708527 0.19757122 0.21815917],[8.287059 8.28844  8.283365 8.28227 ],[0.14250225 0.14087309 0.1485409  0.15866236]
DDK8,E,5e-08,36,True,False,TDD,vanilla,10,[0.04432105 0.07821377 0.12535763 0.16793749],[0.03746095 0.04706547 0.07685091 0.09115979],[12.921804 23.25164  37.42611  51.309227],[10.686864 14.198418 22.258648 29.207258],[8.225522 8.191235 8.143122 8.110601],[0.1812482  0.19531673 0.22908174 0.23307322],[8.281623 8.287588 8.29217  8.30194 ],[0.16172272 0.17149195 0.17695847 0.17350179]
DDK8,E,5e-08,42,True,False,TDD,vanilla,10,[0.04451444 0.08770247 0.13392064 0.18157655],[0.03239325 0.05422666 0.07552069 0.09712321],[13.062665 25.934214 39.716164 54.299767],[ 9.240208 16.187052 22.619335 29.690435],[8.2308235 8.171004  8.121696  8.081642 ],[0.16169871 0.18571994 0.20009439 0.21264847],[8.2850485 8.277092  8.275991  8.2751875],[0.15040708 0.15980272 0.16346732 0.16856034]
DDK8,E,2e-07,3,True,False,TDD,vanilla,10,[0.01056915 0.01193554 0.01448683 0.01752205],[0.00397788 0.00429086 0.00550526 0.00733681],[3.1667364 3.5760021 4.3378325 5.244189 ],[1.1899737 1.2804949 1.6364613 2.1675074],[8.272333 8.270911 8.26845  8.265321],[0.04030628 0.04149688 0.04282718 0.04458806],[8.280581 8.280627 8.280685 8.280739],[0.0395242  0.04055545 0.04168786 0.04291362]
DDK8,E,2e-07,6,True,False,TDD,vanilla,10,[0.01188813 0.01591263 0.02189073 0.02855809],[0.00456925 0.00692631 0.01009809 0.01407307],[3.5786283 4.7902427 6.5904765 8.598606 ],[1.3574283 2.058128  3.0037215 4.203163 ],[8.283383 8.279183 8.272604 8.264453],[0.04438642 0.0489609  0.05404238 0.06018038],[8.293882 8.294106 8.294251 8.294382],[0.04388142 0.04748659 0.05115881 0.05493952]
DDK8,E,2e-07,9,True,False,TDD,vanilla,10,[0.01410619 0.02060774 0.02923814 0.03849129],[0.00559949 0.0093479  0.01482546 0.02190614],[ 4.258514  6.220865  8.82614  11.628875],[1.6937578 2.8379369 4.511254  6.7255974],[8.281465 8.276002 8.267239 8.256896],[0.0607386  0.0675937  0.07572237 0.08449829],[8.294298 8.295323 8.296029 8.296503],[0.05927263 0.06526424 0.07138937 0.07772422]
DDK8,E,2e-07,12,True,False,TDD,vanilla,10,[0.01542069 0.02445912 0.03637351 0.0475325 ],[0.00516747 0.01047901 0.01912395 0.02652109],[ 4.6389523  7.3640857 10.953202  14.299538 ],[1.5417587 3.1598144 5.772958  7.8994265],[8.278357 8.269482 8.256337 8.243603],[0.06997577 0.07704022 0.08708888 0.09905208],[8.292669 8.293591 8.29417  8.294293],[0.06883647 0.07497934 0.08134437 0.08748709]
DDK8,E,2e-07,15,True,False,TDD,vanilla,10,[0.01939388 0.03284009 0.04743648 0.06181977],[0.00693748 0.01680992 0.02584427 0.03555951],[ 5.815432  9.858335 14.271609 18.61451 ],[ 2.1186233  5.109319   7.924025  10.749224 ],[8.260944 8.245106 8.228822 8.21706 ],[0.06674716 0.07488755 0.0845294  0.09584739],[8.278367 8.277282 8.276983 8.276869],[0.06547173 0.07076035 0.07667465 0.08393777]
DDK8,E,2e-07,18,True,False,TDD,vanilla,10,[0.02114613 0.03567784 0.04904119 0.0675476 ],[0.00937542 0.01877626 0.02443705 0.03615335],[ 6.2850337 10.558398  14.544239  20.141733 ],[ 2.7177236  5.429003   7.1120715 10.875357 ],[8.252671 8.235891 8.22323  8.208235],[0.08217687 0.09468636 0.10415963 0.11435629],[8.273221 8.273726 8.274927 8.276924],[0.07880081 0.08553309 0.09271665 0.09996614]
DDK8,E,2e-07,21,True,False,TDD,vanilla,10,[0.02326494 0.04097663 0.05703193 0.07655393],[0.00882781 0.01845931 0.0249888  0.0322631 ],[ 6.957613 12.24455  17.072472 22.973173],[2.5954893 5.4133573 7.354117  9.645185 ],[8.268196 8.248071 8.234056 8.217091],[0.09407969 0.10697255 0.11711337 0.12807149],[8.2915325 8.292838  8.293352  8.293094 ],[0.09075397 0.09886748 0.10661584 0.11423081]
DDK8,E,2e-07,24,True,False,TDD,vanilla,10,[0.02726288 0.04677132 0.06534929 0.09059437],[0.0117918  0.02161533 0.03328547 0.04210123],[ 8.149488 13.885346 19.338453 26.85973 ],[ 3.5573444  6.357571   9.748029  12.753329 ],[8.257081 8.229443 8.208377 8.180298],[0.09939432 0.11057782 0.122649   0.13299504],[8.283634 8.277485 8.2726   8.268844],[0.0970543  0.10391299 0.1116889  0.11914234]
DDK8,E,2e-07,27,True,False,TDD,vanilla,10,[0.03017111 0.04941898 0.06800382 0.09104463],[0.01569089 0.02665587 0.03243442 0.0420082 ],[ 9.013726 14.844547 20.532486 27.548883],[ 4.5355253  7.850502   9.73949   12.707037 ],[8.253723 8.236474 8.225563 8.208955],[0.10033299 0.11100955 0.11870488 0.12686595],[8.285105 8.289517 8.293083 8.295244],[0.09349079 0.10003035 0.1076677  0.11564252]
DDK8,E,2e-07,33,True,False,TDD,vanilla,10,[0.03655287 0.05476382 0.07842954 0.09698033],[0.01970378 0.02931763 0.04057879 0.04503509],[11.018315 16.634333 24.02444  29.843464],[ 6.0006766  9.109096  12.888487  14.783403 ],[8.25445  8.2424   8.226792 8.22    ],[0.11587907 0.12465177 0.13245745 0.13465248],[8.293463 8.300457 8.306935 8.31096 ],[0.1121941  0.1177948  0.12364822 0.1286118 ]
DDK8,E,2e-07,36,True,False,TDD,vanilla,10,[0.03643345 0.05633044 0.0794192  0.10211345],[0.01961496 0.0270875  0.03802657 0.04306374],[10.713797 16.491522 23.202608 30.016829],[ 5.829407   7.8359714 10.731094  12.624834 ],[8.220606  8.1977215 8.179392  8.166615 ],[0.1092198  0.12344912 0.14162523 0.15419658],[8.260142  8.257455  8.2576065 8.260585 ],[0.10467414 0.11562987 0.12960932 0.14268412]
DDK8,E,2e-07,42,True,False,TDD,vanilla,10,[0.04552144 0.06801838 0.09395864 0.1131054 ],[0.02357786 0.02808923 0.03727493 0.03656416],[13.700086 20.276678 28.096512 33.835377],[ 7.30694   8.360179 11.320449 11.322515],[8.23595  8.211123 8.185509 8.17272 ],[0.10693201 0.12360241 0.134962   0.14073269],[8.285831 8.281849 8.27859  8.276519],[0.10005278 0.10973753 0.12256967 0.13150124]
DDK8,E,4e-07,3,True,False,TDD,vanilla,10,[0.0137612  0.01531779 0.01796472 0.02115322],[0.00524125 0.00573324 0.00677298 0.00828054],[4.1208396 4.5873947 5.3804407 6.3383355],[1.5698454 1.718803  2.035897  2.4946165],[8.277109 8.275119 8.272063 8.268606],[0.03044574 0.03210466 0.03409306 0.03624386],[8.288958 8.288684 8.288403 8.288102],[0.02915174 0.03073189 0.03247377 0.03435929]
DDK8,E,4e-07,6,True,False,TDD,vanilla,10,[0.01752636 0.02172618 0.02744673 0.03295466],[0.00580167 0.00780695 0.0102285  0.01255715],[5.2471223 6.5039606 8.21601   9.865218 ],[1.754641  2.3545334 3.0798104 3.7803226],[8.269137 8.264523 8.258153 8.251449],[0.040303   0.0446895  0.04920835 0.05404552],[8.284499 8.284238 8.283938 8.283622],[0.03912413 0.0432141  0.04740655 0.05164111]
DDK8,E,4e-07,9,True,False,TDD,vanilla,10,[0.0199499  0.02599311 0.03362985 0.04021538],[0.00591172 0.00877997 0.01227447 0.01547167],[ 5.9631443  7.775626  10.068213  12.048558 ],[1.7965387 2.6878252 3.783191  4.8088856],[8.262768  8.255861  8.2471695 8.239452 ],[0.05272134 0.05892282 0.06530896 0.07200938],[8.280015 8.279101 8.278396 8.278026],[0.05211917 0.05833429 0.06446901 0.0706116 ]
DDK8,E,4e-07,12,True,False,TDD,vanilla,10,[0.02250223 0.03175475 0.04125804 0.05227608],[0.0080601  0.01282488 0.01710679 0.02274115],[ 6.755849  9.55124  12.44466  15.790173],[2.4467022 3.9092295 5.283609  7.0020595],[8.265725 8.257559 8.248519 8.241004],[0.06600339 0.0729367  0.07918926 0.08549769],[8.285689 8.28714  8.288548 8.289801],[0.06437866 0.07084928 0.07688569 0.08259344]
DDK8,E,4e-07,15,True,False,TDD,vanilla,10,[0.02406136 0.03560341 0.04660854 0.0561876 ],[0.00750934 0.01391689 0.01780294 0.02038242],[ 7.212831 10.678601 14.013581 16.934595],[2.2569554 4.132036  5.299235  6.120661 ],[8.266513 8.256329 8.247644 8.242814],[0.07744557 0.08775826 0.09688095 0.10338247],[8.288774 8.291263 8.293829 8.296032],[0.07523514 0.08273138 0.09050899 0.09828036]
DDK8,E,4e-07,18,True,False,TDD,vanilla,10,[0.02628961 0.03933319 0.05077467 0.06158679],[0.00899511 0.01484798 0.01961652 0.02184226],[ 7.8406267 11.72389   15.126971  18.340277 ],[2.767898  4.540426  5.958756  6.7026544],[8.254314  8.237995  8.2251425 8.214797 ],[0.07126737 0.07945159 0.08723155 0.09388987],[8.27856  8.276338 8.274124 8.272226],[0.06968126 0.07664183 0.08386724 0.09061535]
DDK8,E,4e-07,21,True,False,TDD,vanilla,10,[0.03077195 0.04592414 0.05660277 0.0697981 ],[0.01146012 0.0196234  0.02290058 0.02738889],[ 9.19692  13.744739 16.884533 20.85398 ],[3.5366597 6.0682597 6.9463086 8.537455 ],[8.248173 8.231491 8.222766 8.211204],[0.09475093 0.10755128 0.1177806  0.12394501],[8.276323 8.276242 8.275361 8.274577],[0.09324113 0.10310401 0.11220799 0.12068646]
DDK8,E,4e-07,24,True,False,TDD,vanilla,10,[0.03307583 0.04832173 0.06196332 0.07930703],[0.01432818 0.02208969 0.02867558 0.03736916],[ 9.892139  14.5584755 18.803455  24.229048 ],[ 4.1077585  6.545563   8.766521  11.788598 ],[8.255446 8.245615 8.239343 8.231513],[0.10083411 0.10924771 0.11497714 0.12158959],[8.286703 8.293116 8.298703 8.30418 ],[0.09379449 0.09931406 0.10363212 0.10734849]
DDK8,E,4e-07,27,True,False,TDD,vanilla,10,[0.0333906  0.04675601 0.06033516 0.07661752],[0.01346672 0.02000999 0.02530897 0.03255017],[ 9.910408 13.955449 18.140642 23.170359],[ 3.8806458  5.8977766  7.707314  10.0965395],[8.244024 8.233746 8.227492 8.216856],[0.09480756 0.10004069 0.10667422 0.11620337],[8.276787 8.280539 8.284522 8.288042],[0.08973086 0.09296609 0.09940286 0.10667291]
DDK8,E,4e-07,33,True,False,TDD,vanilla,10,[0.0404367  0.05422904 0.07390587 0.08858094],[0.01951894 0.02372129 0.03328323 0.03415311],[12.022813 16.155647 22.024527 26.430296],[ 5.820646   7.1365333  9.948357  10.154786 ],[8.235295  8.219328  8.202169  8.1946745],[0.1160071  0.11533994 0.11831988 0.1161947 ],[8.277195 8.275805 8.276591 8.27708 ],[0.10656009 0.10650315 0.10475279 0.10291509]
DDK8,E,4e-07,36,True,False,TDD,vanilla,10,[0.04009901 0.05375283 0.068325   0.08242447],[0.01684472 0.01970294 0.02776795 0.02714314],[12.05001  16.088879 20.3901   24.548296],[5.1231694 5.795347  8.271736  8.086245 ],[8.247858 8.233016 8.215708 8.205383],[0.12222339 0.13224782 0.13881874 0.13832106],[8.287193 8.285667 8.282404 8.278148],[0.11921629 0.12636288 0.12809068 0.12669323]
DDK8,E,4e-07,42,True,False,TDD,vanilla,10,[0.04306255 0.05973622 0.07486694 0.09312454],[0.01759315 0.02277504 0.02881079 0.0301754 ],[12.91082  17.835688 22.33883  27.804232],[5.3057666 6.80251   8.785594  9.50532  ],[8.239961 8.222294 8.209231 8.193337],[0.10631067 0.11575934 0.12294338 0.1300228 ],[8.284267 8.282584 8.279294 8.275064],[0.1008014  0.10741474 0.11493791 0.12366353]
DDK8,B,5e-08,3,True,False,TDD,vanilla,15,[0.01046294 0.01584651 0.02736665 0.0475883 ],[0.00388721 0.00740235 0.01751081 0.03605411],[ 2.3975093  3.64373    6.06497   10.466256 ],[0.8849359 1.7673525 4.056736  8.3081045],[8.300573 8.296921 8.288392 8.272768],[0.28729972 0.29960296 0.3125363  0.32522058],[8.310017 8.311025 8.311322 8.311014],[0.28663874 0.29886186 0.31123886 0.32331756]
DDK8,B,5e-08,6,True,False,TDD,vanilla,15,[0.01786977 0.04430045 0.09782396 0.17559576],[0.00918791 0.04173536 0.09494562 0.16266787],[ 3.36531    7.7689705 18.306036  36.13246  ],[ 1.4214677  5.6897335 16.31755   34.64942  ],[8.185764 8.166867 8.119165 8.03072 ],[0.3951254  0.41153753 0.44497684 0.5180779 ],[8.200852 8.201836 8.201868 8.201473],[0.3916575  0.39977843 0.40850884 0.41598985]
DDK8,B,5e-08,9,True,False,TDD,vanilla,15,[0.02953252 0.09259935 0.20405838 0.33997864],[0.02329899 0.09649679 0.19158787 0.28911826],[ 5.49316  17.924763 43.499516 77.84722 ],[ 3.6109972 19.01032   47.840015  75.69864  ],[8.227919  8.184018  8.061954  7.8384776],[0.4453328  0.47131336 0.557367   0.7822928 ],[8.251503 8.261046 8.269067 8.268887],[0.43901262 0.44828582 0.46303815 0.4847499 ]
DDK8,B,5e-08,12,True,False,TDD,vanilla,15,[0.05331698 0.17826559 0.3587623  0.49722844],[0.04873166 0.17327984 0.2882868  0.32227382],[  8.716562  32.57519   73.24769  115.49101 ],[ 6.802111 30.572094 63.45281  89.59917 ],[8.128284  8.01097   7.7047877 7.3462706],[0.43555593 0.5340068  0.8654564  1.1487019 ],[8.1689005 8.177474  8.178661  8.1839   ],[0.42534223 0.456648   0.4968093  0.52424604]
DDK8,B,5e-08,15,True,False,TDD,vanilla,15,[0.08445944 0.28130296 0.5069675  0.6575363 ],[0.0811683  0.24677497 0.36713862 0.37973607],[ 14.931204  60.111202 120.99579  170.9165  ],[ 11.98563   54.442284  97.966736 122.01023 ],[8.2346735 7.974948  7.4310846 6.90957  ],[0.5521355  0.74080133 1.2344949  1.5437626 ],[8.301512 8.301376 8.295099 8.286509],[0.5188588  0.5244441  0.5284308  0.55424315]
DDK8,B,5e-08,18,True,False,TDD,vanilla,15,[0.15823248 0.53322047 0.76260483 0.87268174],[0.14228106 0.4369338  0.52499104 0.4230905 ],[ 29.21952  110.736435 181.04556  231.88992 ],[ 27.92918   99.071754 137.19647  155.85167 ],[7.9943757 7.361892  6.6048822 6.177891 ],[0.5907533 1.0490558 1.5965602 1.7336534],[8.143847 8.165355 8.19014  8.226463],[0.5570067  0.5532856  0.5880717  0.64253396]
DDK8,B,5e-08,21,True,False,TDD,vanilla,15,[0.2067474  0.5969848  0.85725075 0.9005707 ],[0.20711012 0.4377608  0.54516405 0.35288057],[ 38.47441 128.97014 194.19296 232.32884],[ 39.653534 110.48128  132.06982  130.81996 ],[7.9072633 7.041164  6.3278823 5.9161944],[0.6631524 1.4568553 1.6831379 1.650084 ],[8.123272 8.136701 8.135805 8.15118 ],[0.5637358  0.5555875  0.58310056 0.62311333]
DDK8,B,5e-08,24,True,False,TDD,vanilla,15,[0.2673032  0.60823685 0.78424585 0.89313394],[0.3408654  0.5101798  0.40882736 0.29967952],[ 51.773468 143.34799  204.73549  248.66388 ],[ 61.192898 133.19489  141.83545  145.81168 ],[7.998084  7.1670575 6.4506745 6.09514  ],[0.6888488 1.3943489 1.6792095 1.5797833],[8.270131 8.258452 8.255482 8.262504],[0.5118271  0.51376563 0.5234589  0.57083213]
DDK8,B,5e-08,27,True,False,TDD,vanilla,15,[0.2890298  0.6696759  0.8536254  0.97961295],[0.26972663 0.46148413 0.45006606 0.375615  ],[ 54.818657 152.05524  207.11139  248.58768 ],[ 61.368374 128.16895  132.74025  129.41142 ],[7.867053  6.9093556 6.204727  5.606812 ],[0.6847932 1.4976515 1.722464  1.7207136],[8.164666 8.149782 8.144778 8.15001 ],[0.5907433 0.6523984 0.6741813 0.6614096]
DDK8,B,5e-08,33,True,False,TDD,vanilla,15,[0.51890624 0.9550361  1.1068699  1.1985395 ],[0.5031663  0.7066563  0.60996103 0.59760094],[101.37964 201.47147 256.00348 284.56107],[ 93.195015 144.8515   143.86627  137.14726 ],[7.6137366 6.678085  5.8940263 5.600071 ],[1.05486   1.5656174 1.7479798 1.6155014],[8.244222 8.21752  8.208188 8.190938],[0.59182024 0.6487663  0.6651303  0.6921988 ]
DDK8,B,5e-08,36,True,False,TDD,vanilla,15,[0.71451044 1.1233178  1.2467585  1.2360389 ],[0.59721816 0.6917322  0.5311071  0.4036632 ],[141.71959 242.92549 290.21667 311.29614],[108.84685 144.02185 133.27524 127.79294],[7.2642255 6.140982  5.5502486 5.0302744],[1.2919271 1.6140772 1.5665734 1.6351464],[8.266978 8.223077 8.203336 8.203679],[0.6390856  0.63954604 0.61311203 0.6540083 ]
DDK8,B,5e-08,42,True,False,TDD,vanilla,15,[0.76786834 1.0848933  1.1368535  1.1238967 ],[0.55324537 0.49759662 0.34593487 0.27110544],[158.98929 256.53702 299.25772 321.20676],[141.52832 167.33737 149.8541  143.99924],[6.8664765 5.993809  5.379808  5.1558757],[1.5983953 1.6617205 1.5613853 1.3519744],[8.1687   8.187472 8.230034 8.259732],[0.55716753 0.59658355 0.6257369  0.63968194]
DDK8,B,2e-07,3,True,False,TDD,vanilla,15,[0.01542709 0.02056552 0.03140468 0.04788534],[0.0054052  0.00886625 0.01812246 0.03293629],[ 3.7209237  4.9116845  7.3707967 11.360342 ],[1.2214028 2.043417  4.193463  8.0949745],[8.122519 8.119479 8.111173 8.096549],[0.40395665 0.4101541  0.41776767 0.42675063],[8.140387 8.142667 8.144901 8.14683 ],[0.4020315  0.40776485 0.41400665 0.42071086]
DDK8,B,2e-07,6,True,False,TDD,vanilla,15,[0.02169348 0.04227399 0.08614295 0.15389763],[0.00869623 0.02619036 0.0647611  0.1230799 ],[ 5.2822237  9.977107  20.400545  38.086246 ],[ 1.6344824  5.258805  14.263709  29.774717 ],[8.1763   8.158794 8.115239 8.036505],[0.37727982 0.3900203  0.41700938 0.47148198],[8.200198 8.203735 8.207059 8.210534],[0.37354088 0.3805655  0.3896417  0.39972013]
DDK8,B,2e-07,9,True,False,TDD,vanilla,15,[0.0292299  0.07629576 0.1740741  0.30267882],[0.01041308 0.04625053 0.1194085  0.19302309],[ 7.3514194 19.54505   46.235844  83.898476 ],[ 3.185746 14.57462  40.15381  69.77255 ],[8.183135  8.129667  8.002095  7.7900605],[0.40868095 0.40908828 0.42903596 0.51408327],[8.216351 8.215251 8.214624 8.214304],[0.40763524 0.41026485 0.41645423 0.42503932]
DDK8,B,2e-07,12,True,False,TDD,vanilla,15,[0.05108883 0.16403906 0.33870032 0.484542  ],[0.0347048  0.1471029  0.27712202 0.32011333],[ 10.844776  35.343185  76.93055  117.45582 ],[ 6.0568924 29.32161   61.59387   81.36304  ],[8.0635605 7.9018035 7.5374784 7.1174026],[0.45917916 0.58622015 0.95476943 1.3315523 ],[8.120098  8.1142645 8.112743  8.113856 ],[0.43833014 0.4555621  0.47286943 0.49387443]
DDK8,B,2e-07,15,True,False,TDD,vanilla,15,[0.0675955  0.22835015 0.41962048 0.56192935],[0.04994376 0.19473644 0.28897882 0.2874113 ],[ 15.357129  55.11666  111.182556 160.00586 ],[ 10.551083  48.312317  86.15283  105.47058 ],[8.122558 7.890827 7.453602 7.018472],[0.5069246 0.6517826 1.0158846 1.3521396],[8.197627 8.204034 8.217083 8.230654],[0.48526046 0.50316983 0.5246719  0.5439685 ]
DDK8,B,2e-07,18,True,False,TDD,vanilla,15,[0.09290515 0.2993251  0.4987187  0.63576365],[0.08641116 0.2721267  0.34098297 0.31725264],[ 20.004545  71.536514 126.69996  173.05283 ],[ 18.595581  72.62938  100.90812  110.68242 ],[8.064707  7.7117076 7.236816  6.796604 ],[0.51536554 0.852832   1.2404003  1.4352982 ],[8.1638975 8.175692  8.188434  8.202102 ],[0.48944053 0.50745434 0.51854205 0.5220388 ]
DDK8,B,2e-07,21,True,False,TDD,vanilla,15,[0.16415134 0.48826066 0.6868872  0.8097933 ],[0.14426702 0.35536972 0.36566487 0.33522117],[ 38.54286  121.199104 176.53835  215.96944 ],[ 33.84268   90.031654 100.64026  105.32422 ],[7.991397  7.310222  6.601099  6.0720196],[0.5013635 0.9957251 1.3853166 1.4609193],[8.188612 8.176667 8.144227 8.140654],[0.44568112 0.44044286 0.4572289  0.47989473]
DDK8,B,2e-07,24,True,False,TDD,vanilla,15,[0.20673962 0.53338027 0.73315406 0.8396784 ],[0.20238392 0.38610286 0.40176457 0.3103433 ],[ 46.688488 128.34294  184.54187  234.1283  ],[ 46.060223  95.95218  104.12123  114.5176  ],[7.8654    7.0261602 6.572592  6.0590186],[0.6540485 1.4018852 1.4731938 1.6057684],[8.138821 8.121225 8.131564 8.179233],[0.5049219  0.5401905  0.55457497 0.5767097 ]
DDK8,B,2e-07,27,True,False,TDD,vanilla,15,[0.23967722 0.5335505  0.75215095 0.8654425 ],[0.26464295 0.36056212 0.37506163 0.29165274],[ 55.313526 137.46147  195.69273  234.3469  ],[ 61.139324 110.76973  118.40848  110.7621  ],[7.8742957 7.111139  6.565484  5.9703245],[0.77009195 1.3355851  1.466161   1.484247  ],[8.195908 8.177614 8.161719 8.149493],[0.58492225 0.5956014  0.5773279  0.5629562 ]
DDK8,B,2e-07,33,True,False,TDD,vanilla,15,[0.4112399  0.7273067  0.894052   0.98188514],[0.32959977 0.39284965 0.34232983 0.2849257 ],[ 91.6123  183.60664 233.04039 264.61734],[ 74.08051 113.58334 112.94695 116.77229],[7.5093064 6.5556684 5.955224  5.499466 ],[0.83504975 1.3327134  1.4337422  1.402026  ],[8.113809 8.133947 8.133893 8.112729],[0.5259433  0.55339056 0.55033195 0.5765365 ]
DDK8,B,2e-07,36,True,False,TDD,vanilla,15,[0.3828084 0.7645027 0.9062666 1.0076898],[0.34828553 0.5432245  0.37143072 0.2651866 ],[ 90.59462 179.38716 225.30112 255.54413],[ 84.87729  123.457375 106.985985 101.96992 ],[7.5753026 6.7105975 6.087749  5.422579 ],[0.9732178 1.4732999 1.4324434 1.4046557],[8.202237 8.165164 8.124358 8.063301],[0.48082286 0.5317794  0.5752137  0.61029977]
DDK8,B,2e-07,42,True,False,TDD,vanilla,15,[0.5617712 0.856188  0.9722184 1.0389152],[0.47948933 0.40488335 0.2985396  0.24206065],[130.17442 221.83934 260.57788 278.2231 ],[113.10725 137.35976 128.16724 118.29492],[7.0209    6.2913375 5.709684  5.12476  ],[1.4022853 1.4185258 1.2588626 1.1971009],[8.116588  8.1407385 8.108494  8.074529 ],[0.5461969 0.5206076 0.5220433 0.5106325]
DDK8,B,4e-07,3,True,False,TDD,vanilla,15,[0.02667133 0.03136982 0.04051355 0.05452329],[0.01010725 0.01189018 0.01718393 0.02607718],[ 6.927744  8.185369 10.555101 14.408097],[2.280515  2.7118406 3.9760723 6.504745 ],[8.176506 8.173032 8.164525 8.151285],[0.3401313  0.34622553 0.3534339  0.36095843],[8.20847  8.210395 8.212237 8.213969],[0.3344236  0.33968472 0.345037   0.3505006 ]
DDK8,B,4e-07,6,True,False,TDD,vanilla,15,[0.03376042 0.05021891 0.0849059  0.13802361],[0.0107719  0.02030488 0.04709179 0.09109201],[ 8.445654 12.735956 21.95642  36.806488],[ 2.9573767  5.6952558 13.549254  27.382526 ],[8.144885 8.126184 8.085929 8.019326],[0.32599068 0.333194   0.34495893 0.36952984],[8.184885 8.185724 8.186444 8.187491],[0.3219428  0.32802498 0.33519444 0.34295762]
DDK8,B,4e-07,9,True,False,TDD,vanilla,15,[0.04186489 0.08148535 0.15989117 0.26545036],[0.01783704 0.04972996 0.11934218 0.19595978],[10.362583 20.498507 41.528458 71.707954],[ 4.341564 12.447029 31.91729  57.242184],[8.144235  8.094444  7.9774547 7.773198 ],[0.3387865  0.34630707 0.39064017 0.54527843],[8.193824  8.191843  8.1865635 8.178488 ],[0.33316842 0.33920407 0.35002944 0.36504003]
DDK8,B,4e-07,12,True,False,TDD,vanilla,15,[0.05487745 0.13396773 0.26619664 0.39582962],[0.02290399 0.09296783 0.19156094 0.25064003],[ 13.494207  33.843628  70.091995 109.45947 ],[ 5.754901 24.587011 54.877197 78.22901 ],[8.090305  7.985653  7.7439213 7.4217467],[0.33702996 0.38122937 0.57448375 0.84312916],[8.155842 8.160818 8.163987 8.167347],[0.32843766 0.33568707 0.35014966 0.36756453]
DDK8,B,4e-07,15,True,False,TDD,vanilla,15,[0.08110905 0.22802311 0.40959525 0.5413294 ],[0.0494961  0.18470499 0.28617293 0.30840927],[ 19.533014  57.41914  106.83658  146.51923 ],[11.74434  48.940388 79.178856 92.515366],[8.054948  7.814761  7.347493  6.9164524],[0.43310115 0.5996662  1.0445644  1.3474071 ],[8.153601 8.155079 8.152278 8.149134],[0.4101913  0.43171167 0.44939846 0.460384  ]
DDK8,B,4e-07,18,True,False,TDD,vanilla,15,[0.10823581 0.3166092  0.5080108  0.6321327 ],[0.07170648 0.2413787  0.32640535 0.29616678],[ 25.529123  80.91034  136.31401  177.23184 ],[ 18.19512   69.71496  100.542244 103.92833 ],[7.9980817 7.6131983 7.058263  6.6530776],[0.4634928 0.7089534 1.1161128 1.248222 ],[8.1320305 8.13783   8.141356  8.146609 ],[0.42991513 0.4332563  0.4316455  0.42852738]
DDK8,B,4e-07,21,True,False,TDD,vanilla,15,[0.12298795 0.35064358 0.5469954  0.69799733],[0.09094097 0.23682334 0.2711288  0.2559641 ],[ 30.83168  96.61282 156.17188 201.06772],[ 22.708736  75.31404  104.92469  114.915306],[8.009883  7.5340033 6.978433  6.45345  ],[0.43320698 0.7464712  1.005848   1.1231327 ],[8.166336 8.156872 8.151517 8.130608],[0.39600894 0.41945392 0.43816084 0.45606455]
DDK8,B,4e-07,24,True,False,TDD,vanilla,15,[0.17564717 0.45450696 0.6406141  0.78232956],[0.1329152  0.29657534 0.29952556 0.25906524],[ 44.40453 127.09838 189.25601 237.51973],[ 34.819984  92.66607  113.47589  115.5565  ],[7.9666486 7.3093395 6.6492076 6.1866045],[0.47292113 0.94475025 1.2885101  1.2520158 ],[8.199759 8.205041 8.207555 8.21912 ],[0.404768   0.4265331  0.43737403 0.43781117]
DDK8,B,4e-07,27,True,False,TDD,vanilla,15,[0.22225627 0.52325296 0.7041872  0.81541234],[0.19356583 0.33014885 0.31333065 0.2370899 ],[ 54.4014  134.99394 188.00232 225.97044],[46.52144 90.78336 95.75543 87.01593],[7.8299394 7.0269446 6.35478   5.876338 ],[0.55752057 1.1100782  1.3707747  1.3627506 ],[8.149215 8.11694  8.104062 8.116798],[0.3806188  0.3709262  0.37762547 0.39070326]
DDK8,B,4e-07,33,True,False,TDD,vanilla,15,[0.3969875  0.7030593  0.86780953 0.9484692 ],[0.32262525 0.34676424 0.31385514 0.2496189 ],[108.006615 209.12744  257.41315  280.6142  ],[ 94.203545 137.28755  112.891624  96.09408 ],[7.5843434 6.653203  5.969184  5.639251 ],[0.8429046 1.265787  1.3507112 1.2552257],[8.246285 8.265709 8.252912 8.226303],[0.46850497 0.45464966 0.43810764 0.45476887]
DDK8,B,4e-07,36,True,False,TDD,vanilla,15,[0.4507027 0.7545477 0.9033186 0.963753 ],[0.35247514 0.36709768 0.27696714 0.18402126],[104.22927 192.59956 248.02367 280.29532],[ 80.3956   104.076324 102.53224   95.123634],[7.250611  6.335982  5.8187947 5.4484124],[0.95868516 1.3272158  1.2577995  1.1443477 ],[8.057566 8.079075 8.129921 8.168677],[0.40291405 0.39826265 0.40041897 0.40959847]
DDK8,B,4e-07,42,True,False,TDD,vanilla,15,[0.5989257 0.8220511 0.9395897 1.0091668],[0.49407223 0.39639902 0.28890473 0.1749689 ],[144.29034 214.28662 254.19202 288.32684],[114.975105 113.62902   97.66126   88.55567 ],[7.0160284 6.285434  5.774584  5.4632325],[1.2562491  1.3518131  1.3006738  0.96171844],[8.131211  8.1205845 8.131761  8.168282 ],[0.45830318 0.46788168 0.48357803 0.44281054]
DDK8,E,5e-08,3,True,False,TDD,vanilla,15,[0.00314254 0.00417469 0.00589698 0.0083461 ],[0.00136125 0.00182453 0.00298756 0.00507975],[0.9154753 1.215496  1.7061049 2.4071047],[0.39603058 0.5414238  0.85098696 1.4372505 ],[8.272134 8.269292 8.265621 8.261448],[0.10743441 0.10810254 0.10913292 0.11075895],[8.275205 8.273342 8.271564 8.269935],[0.10735612 0.10797671 0.10877378 0.10978284]
DDK8,E,5e-08,6,True,False,TDD,vanilla,15,[0.00424366 0.00683813 0.0118625  0.01899735],[0.0018701  0.00410233 0.00948185 0.01769997],[1.2374696 1.9962587 3.4697518 5.5591655],[0.52681327 1.2111325  2.8161747  5.208125  ],[8.271644 8.269447 8.264723 8.257286],[0.11330807 0.11529052 0.11775982 0.12140346],[8.276046 8.276881 8.277935 8.278976],[0.11304259 0.11515557 0.11746033 0.11958142]
DDK8,E,5e-08,9,True,False,TDD,vanilla,15,[0.00558887 0.01114864 0.02080676 0.03313011],[0.00262595 0.00875962 0.02023964 0.03384668],[1.6352222 3.263411  6.120828  9.831671 ],[ 0.76695263  2.5488076   5.9310803  10.031261  ],[8.28822  8.284219 8.274354 8.259117],[0.12749131 0.1294821  0.13336043 0.14391415],[8.294175 8.29685  8.298473 8.298301],[0.12703064 0.12796013 0.1290341  0.13212258]
DDK8,E,5e-08,12,True,False,TDD,vanilla,15,[0.00738721 0.01756596 0.03262901 0.05028126],[0.00379937 0.01272723 0.02581284 0.03914926],[ 2.119613   5.0349374  9.372783  14.621906 ],[ 1.1076404  3.7636297  7.6429715 11.920959 ],[8.238216 8.222166 8.197982 8.172623],[0.10887556 0.11244907 0.1226372  0.13495153],[8.245988  8.241977  8.236683  8.2317295],[0.10888108 0.11287002 0.11957742 0.12670901]
DDK8,E,5e-08,15,True,False,TDD,vanilla,15,[0.00950447 0.02560468 0.0479012  0.07505527],[0.005296   0.02199025 0.04275582 0.06348932],[ 2.7177627  7.3801622 14.050348  22.460732 ],[ 1.4205365  6.212732  12.798466  20.025354 ],[8.252115  8.230759  8.20159   8.1737795],[0.13616985 0.14378004 0.15885559 0.17026013],[8.262611  8.2612095 8.260151  8.261041 ],[0.13493809 0.13911162 0.14343643 0.14577541]
DDK8,E,5e-08,18,True,False,TDD,vanilla,15,[0.01257776 0.03503132 0.05834506 0.08788808],[0.00880941 0.03241643 0.05425759 0.0712009 ],[ 3.6366682 10.3476095 17.382214  26.46188  ],[ 2.647062 10.074677 16.559958 22.2037  ],[8.2680435 8.238667  8.207181  8.179022 ],[0.1355982  0.1488506  0.16754098 0.17736351],[8.281872 8.281912 8.279536 8.27891 ],[0.13541299 0.14105983 0.14464794 0.14809406]
DDK8,E,5e-08,21,True,False,TDD,vanilla,15,[0.01632158 0.04416804 0.06715088 0.10038523],[0.01078729 0.03444333 0.05175903 0.06549676],[ 4.909153 13.202648 20.09563  30.026587],[ 3.3810844 10.369457  16.286882  20.168337 ],[8.28851  8.246627 8.21303  8.18012 ],[0.14679214 0.15190108 0.16880222 0.18122685],[8.307358 8.301056 8.291944 8.288347],[0.14678083 0.14288229 0.1493194  0.15211837]
DDK8,E,5e-08,24,True,False,TDD,vanilla,15,[0.0221994  0.05418573 0.08612575 0.12310245],[0.0169424  0.04299502 0.06688889 0.08465384],[ 6.5312486 16.17369   25.59319   36.728886 ],[ 4.8880363 13.086934  20.619421  25.519022 ],[8.261961 8.211254 8.168462 8.125592],[0.1347508  0.15149382 0.18135242 0.2158682 ],[8.2875   8.278505 8.268627 8.264957],[0.13044433 0.1344253  0.15097398 0.16351572]
DDK8,E,5e-08,27,True,False,TDD,vanilla,15,[0.02174886 0.04987089 0.08184852 0.11995016],[0.015892   0.03814729 0.05538772 0.07417465],[ 6.420988 15.064136 24.625175 36.46265 ],[ 4.8259645 11.950285  16.895136  22.946232 ],[8.254226 8.223491 8.198862 8.159891],[0.13069475 0.15327032 0.16195823 0.18571997],[8.279845  8.286421  8.2941885 8.295663 ],[0.12928064 0.14179233 0.13784619 0.14801458]
DDK8,E,5e-08,33,True,False,TDD,vanilla,15,[0.03773479 0.06946869 0.11306749 0.15755017],[0.03353498 0.04897161 0.07618006 0.09276408],[11.051916 20.623623 33.665035 46.91577 ],[ 9.233151 14.420798 22.866941 27.84722 ],[8.239184 8.203174 8.14571  8.101906],[0.15869538 0.1570189  0.19809146 0.21716909],[8.287059 8.28844  8.283365 8.28227 ],[0.14250225 0.14087309 0.1485409  0.15866236]
DDK8,E,5e-08,36,True,False,TDD,vanilla,15,[0.04257574 0.07624331 0.12377282 0.16628622],[0.03749999 0.04797534 0.07787062 0.09125508],[12.385678 22.631403 36.90422  50.84254 ],[10.7191925 14.396535  22.405348  29.280996 ],[8.2272215 8.192761  8.144534  8.112446 ],[0.18104643 0.19645612 0.23105083 0.23467061],[8.281623 8.287588 8.29217  8.30194 ],[0.16172272 0.17149195 0.17695847 0.17350179]
DDK8,E,5e-08,42,True,False,TDD,vanilla,15,[0.04256661 0.0860607  0.13185024 0.17922263],[0.03332318 0.05495502 0.07562138 0.09674694],[12.463812 25.43676  39.09259  53.65639 ],[ 9.482501 16.389551 22.585564 29.674227],[8.232816 8.172556 8.124395 8.085825],[0.1613477  0.1855536  0.19940284 0.20979616],[8.2850485 8.277092  8.275991  8.2751875],[0.15040708 0.15980272 0.16346732 0.16856034]
DDK8,E,2e-07,3,True,False,TDD,vanilla,15,[0.00839942 0.0095102  0.01138211 0.01412111],[0.00362093 0.0039263  0.00492103 0.00678312],[2.516694  2.8485155 3.4077346 4.2263927],[1.0834699 1.1720289 1.4608572 2.004237 ],[8.274766 8.273795 8.271987 8.269415],[0.04012569 0.04123696 0.04252336 0.04418682],[8.280581 8.280627 8.280685 8.280739],[0.0395242  0.04055545 0.04168786 0.04291362]
DDK8,E,2e-07,6,True,False,TDD,vanilla,15,[0.00905904 0.01224423 0.01724571 0.023059  ],[0.00393908 0.00588555 0.00900933 0.01336498],[2.7287695 3.6874926 5.1924744 6.9428573],[1.1707886 1.7501618 2.6803923 3.9860168],[8.286529 8.28327  8.277642 8.270533],[0.04435637 0.04877025 0.05392087 0.06021177],[8.293882 8.294106 8.294251 8.294382],[0.04388142 0.04748659 0.05115881 0.05493952]
DDK8,E,2e-07,9,True,False,TDD,vanilla,15,[0.01069793 0.01595541 0.02349994 0.03226901],[0.004463   0.00780703 0.01326949 0.02111742],[3.233324 4.817636 7.090615 9.744284],[1.3531163 2.375524  4.0374427 6.4868765],[8.285032 8.280635 8.272717 8.262947],[0.06030688 0.06695903 0.07492196 0.08388805],[8.294298 8.295323 8.296029 8.296503],[0.05927263 0.06526424 0.07138937 0.07772422]
DDK8,E,2e-07,12,True,False,TDD,vanilla,15,[0.01175218 0.01976467 0.03106381 0.04174064],[0.00416171 0.00944434 0.01881021 0.02667817],[ 3.536219   5.9541435  9.357615  12.554512 ],[1.2443951 2.8644862 5.701699  7.970313 ],[8.282294 8.274167 8.261148 8.249007],[0.06954043 0.07645819 0.08671548 0.09906383],[8.292669 8.293591 8.29417  8.294293],[0.06883647 0.07497934 0.08134437 0.08748709]
DDK8,E,2e-07,15,True,False,TDD,vanilla,15,[0.01494359 0.02740907 0.0413707  0.05596782],[0.0058104  0.01619301 0.02569122 0.03652662],[ 4.4790454  8.218879  12.435505  16.834541 ],[ 1.7643831  4.890795   7.830394  10.952777 ],[8.265338 8.249998 8.233994 8.222484],[0.06645962 0.0751545  0.08514753 0.09783691],[8.278367 8.277282 8.276983 8.276869],[0.06547173 0.07076035 0.07667465 0.08393777]
DDK8,E,2e-07,18,True,False,TDD,vanilla,15,[0.01704071 0.0308446  0.04317892 0.06116489],[0.00861513 0.01846012 0.02368787 0.03509682],[ 5.060463  9.115532 12.783766 18.225187],[ 2.4890888  5.337403   6.8586826 10.548746 ],[8.257151 8.240798 8.229042 8.215269],[0.08174457 0.09434213 0.10361779 0.11307797],[8.273221 8.273726 8.274927 8.276924],[0.07880081 0.08553309 0.09271665 0.09996614]
DDK8,E,2e-07,21,True,False,TDD,vanilla,15,[0.01901897 0.03630136 0.05154357 0.07087979],[0.00813091 0.01869219 0.0251595  0.03210535],[ 5.685453 10.837854 15.41411  21.2622  ],[2.3892221 5.4796906 7.38693   9.588641 ],[8.272662 8.252653 8.239317 8.223559],[0.09360105 0.10668473 0.11681923 0.12755005],[8.2915325 8.292838  8.293352  8.293094 ],[0.09075397 0.09886748 0.10661584 0.11423081]
DDK8,E,2e-07,24,True,False,TDD,vanilla,15,[0.02299574 0.04211597 0.0604021  0.08570927],[0.01145542 0.02182996 0.03416275 0.04285979],[ 6.865703 12.490406 17.861597 25.419912],[ 3.4360945  6.4292083 10.013826  13.018565 ],[8.261275 8.23332  8.21274  8.185444],[0.09918414 0.11054572 0.12267931 0.13263972],[8.283634 8.277485 8.2726   8.268844],[0.0970543  0.10391299 0.1116889  0.11914234]
DDK8,E,2e-07,27,True,False,TDD,vanilla,15,[0.02561397 0.04460437 0.06281638 0.08648033],[0.01510729 0.02645124 0.03206061 0.04256413],[ 7.644425 13.384553 18.952452 26.166925],[ 4.3651958  7.7861524  9.625842  12.864361 ],[8.258304 8.240737 8.230177 8.213866],[0.099927   0.11098521 0.11875381 0.12655808],[8.285105 8.289517 8.293083 8.295244],[0.09349079 0.10003035 0.1076677  0.11564252]
DDK8,E,2e-07,33,True,False,TDD,vanilla,15,[0.03258792 0.0508159  0.07448348 0.09306108],[0.01959629 0.02945046 0.04024839 0.044924  ],[ 9.825334 15.437129 22.828981 28.664183],[ 5.951867  9.124447 12.767962 14.74561 ],[8.258366  8.24592   8.230557  8.2245455],[0.11593584 0.12428296 0.13164955 0.13310009],[8.293463 8.300457 8.306935 8.31096 ],[0.1121941  0.1177948  0.12364822 0.1286118 ]
DDK8,E,2e-07,36,True,False,TDD,vanilla,15,[0.03224196 0.05200728 0.07516865 0.09797681],[0.02046578 0.02706574 0.03844172 0.04303151],[ 9.482822 15.217853 21.956875 28.816608],[ 6.098958   7.8338566 10.877065  12.680807 ],[8.2250395 8.201925  8.184029  8.171774 ],[0.10900211 0.12302895 0.14105389 0.15359911],[8.260142  8.257455  8.2576065 8.260585 ],[0.10467414 0.11562987 0.12960932 0.14268412]
DDK8,E,2e-07,42,True,False,TDD,vanilla,15,[0.04150191 0.06409365 0.09078749 0.11065271],[0.02434761 0.02816711 0.03713613 0.03705242],[12.489768 19.090326 27.135687 33.091476],[ 7.527365  8.382441 11.272012 11.410417],[8.239631 8.214779 8.189037 8.17657 ],[0.10711982 0.12310778 0.13459049 0.14088322],[8.285831 8.281849 8.27859  8.276519],[0.10005278 0.10973753 0.12256967 0.13150124]
DDK8,E,4e-07,3,True,False,TDD,vanilla,15,[0.01136237 0.01265635 0.01462146 0.01747026],[0.0047842  0.00524924 0.0059514  0.00740122],[3.403324  3.7909462 4.3797154 5.235142 ],[1.4323965 1.5731518 1.7872936 2.2275066],[8.279941 8.278447 8.276123 8.273284],[0.03021864 0.03183248 0.03370034 0.03568778],[8.288958 8.288684 8.288403 8.288102],[0.02915174 0.03073189 0.03247377 0.03435929]
DDK8,E,4e-07,6,True,False,TDD,vanilla,15,[0.01399689 0.01727426 0.02189876 0.02665441],[0.00506567 0.00658541 0.00854865 0.01075824],[4.190813  5.1702075 6.5523667 7.9762487],[1.5296152 1.9816458 2.567702  3.2360811],[8.273064  8.269523  8.2643795 8.258759 ],[0.04017308 0.04448635 0.04892091 0.05355722],[8.284499 8.284238 8.283938 8.283622],[0.03912413 0.0432141  0.04740655 0.05164111]
DDK8,E,4e-07,9,True,False,TDD,vanilla,15,[0.01578023 0.02051072 0.02688782 0.03313133],[0.00495088 0.00717896 0.01059741 0.01442208],[4.7146697 6.1318507 8.043297  9.921642 ],[1.4943043 2.1897004 3.2510889 4.4621797],[8.267272 8.261727 8.254276 8.247146],[0.05277392 0.05890208 0.06518673 0.07189373],[8.280015 8.279101 8.278396 8.278026],[0.05211917 0.05833429 0.06446901 0.0706116 ]
DDK8,E,4e-07,12,True,False,TDD,vanilla,15,[0.01772783 0.02544416 0.03452645 0.04518841],[0.00696933 0.01113299 0.01560936 0.021297  ],[ 5.3251495  7.653465  10.409508  13.644195 ],[2.119206  3.3925884 4.8058295 6.545206 ],[8.270954 8.264155 8.255383 8.248565],[0.06559452 0.07233434 0.07893869 0.08533705],[8.285689 8.28714  8.288548 8.289801],[0.06437866 0.07084928 0.07688569 0.08259344]
DDK8,E,4e-07,15,True,False,TDD,vanilla,15,[0.0189634  0.02967115 0.04069331 0.05051347],[0.00630563 0.01300352 0.01788422 0.02055181],[ 5.686601  8.893554 12.226262 15.220939],[1.8959186 3.8478038 5.301048  6.1635995],[8.272    8.262675 8.253964 8.24921 ],[0.07697087 0.08743191 0.09685422 0.1032576 ],[8.288774 8.291263 8.293829 8.296032],[0.07523514 0.08273138 0.09050899 0.09828036]
DDK8,E,4e-07,18,True,False,TDD,vanilla,15,[0.02076498 0.03348327 0.04519971 0.0569305 ],[0.00763691 0.01417727 0.01974837 0.0228927 ],[ 6.1931834  9.982036  13.469924  16.96921  ],[2.3544972 4.319715  5.9864197 7.025896 ],[8.260319 8.244254 8.230966 8.220314],[0.07075892 0.07897804 0.08691963 0.09320177],[8.27856  8.276338 8.274124 8.272226],[0.06968126 0.07664183 0.08386724 0.09061535]
DDK8,E,4e-07,21,True,False,TDD,vanilla,15,[0.02518216 0.04028034 0.05106157 0.06413166],[0.01037749 0.0192418  0.02353294 0.02794149],[ 7.5286217 12.060417  15.242417  19.172596 ],[3.2077253 5.9553304 7.1540956 8.698011 ],[8.2542   8.237087 8.228678 8.217983],[0.09418774 0.10723456 0.11721175 0.1230207 ],[8.276323 8.276242 8.275361 8.274577],[0.09324113 0.10310401 0.11220799 0.12068646]
DDK8,E,4e-07,24,True,False,TDD,vanilla,15,[0.02741787 0.04282372 0.05675954 0.07462914],[0.01306305 0.02184876 0.02934527 0.03863117],[ 8.192604 12.896793 17.210403 22.793852],[ 3.7443688  6.477517   8.936846  12.171252 ],[8.261314 8.25082  8.244383 8.236384],[0.09987511 0.10902142 0.11530949 0.12250213],[8.286703 8.293116 8.298703 8.30418 ],[0.09379449 0.09931406 0.10363212 0.10734849]
DDK8,E,4e-07,27,True,False,TDD,vanilla,15,[0.02823275 0.04191547 0.05569212 0.07246545],[0.01323475 0.02030612 0.0261038  0.03346598],[ 8.36505  12.498042 16.727217 21.904882],[ 3.7686489  5.9725776  7.9154735 10.299004 ],[8.249653 8.238574 8.232701 8.222197],[0.09477822 0.09995162 0.10652693 0.11623339],[8.276787 8.280539 8.284522 8.288042],[0.08973086 0.09296609 0.09940286 0.10667291]
DDK8,E,4e-07,33,True,False,TDD,vanilla,15,[0.03599082 0.05033767 0.07087278 0.08526081],[0.02026298 0.0243221  0.03521868 0.03498517],[10.677387 14.984821 21.11444  25.453869],[ 5.9533315  7.270785  10.487153  10.453387 ],[8.239634  8.223331  8.205579  8.1986885],[0.11720878 0.11560642 0.11961113 0.11592193],[8.277195 8.275805 8.276591 8.27708 ],[0.10656009 0.10650315 0.10475279 0.10291509]
DDK8,E,4e-07,36,True,False,TDD,vanilla,15,[0.0359889  0.04963476 0.06445181 0.07869358],[0.01793837 0.0202092  0.02911081 0.02723128],[10.832069 14.83916  19.224646 23.435793],[5.506248  5.9263067 8.656053  8.083024 ],[8.251828 8.236917 8.219468 8.209811],[0.12123057 0.13212542 0.1390493  0.13796228],[8.287193 8.285667 8.282404 8.278148],[0.11921629 0.12636288 0.12809068 0.12669323]
DDK8,E,4e-07,42,True,False,TDD,vanilla,15,[0.03893234 0.05572578 0.07171874 0.09023842],[0.01821967 0.02341122 0.0290482  0.03014611],[11.668693 16.630936 21.399195 26.955088],[5.4658175 6.9497285 8.776603  9.459113 ],[8.243946  8.226182  8.213025  8.1975155],[0.10648138 0.11598304 0.12312461 0.12938032],[8.284267 8.282584 8.279294 8.275064],[0.1008014  0.10741474 0.11493791 0.12366353]
DDK8,B,5e-08,3,True,False,TDD,vanilla,20,[0.00852099 0.01323023 0.02385566 0.04323857],[0.00316694 0.00634228 0.01596212 0.03438867],[2.0511453 3.1924908 5.4800305 9.7764   ],[0.79732203 1.6017685  3.8151202  8.0833025 ],[8.302083 8.298968 8.291077 8.276264],[0.28718498 0.29946044 0.31231284 0.32476935],[8.310017 8.311025 8.311322 8.311014],[0.28663874 0.29886186 0.31123886 0.32331756]
DDK8,B,5e-08,6,True,False,TDD,vanilla,20,[0.01472331 0.03970465 0.09117708 0.16747804],[0.00795446 0.04167686 0.09308587 0.1618352 ],[ 2.8387167  6.867102  16.960264  34.476376 ],[ 1.2429292  5.2488017 15.71073   33.92896  ],[8.188209 8.170713 8.124944 8.039146],[0.39457515 0.41062963 0.44311404 0.5142935 ],[8.200852 8.201836 8.201868 8.201473],[0.3916575  0.39977843 0.40850884 0.41598985]
DDK8,B,5e-08,9,True,False,TDD,vanilla,20,[0.02595685 0.08712122 0.1971238  0.3324949 ],[0.02213648 0.0940786  0.19020547 0.285528  ],[ 4.828086 16.80493  42.113663 76.3631  ],[ 3.4046383 18.695475  47.861153  75.80449  ],[8.230796  8.188642  8.06821   7.8464108],[0.44480714 0.46986234 0.5539962  0.7761569 ],[8.251503 8.261046 8.269067 8.268887],[0.43901262 0.44828582 0.46303815 0.4847499 ]
DDK8,B,5e-08,12,True,False,TDD,vanilla,20,[0.04841094 0.17171222 0.35445634 0.49423996],[0.04665419 0.17209136 0.29033023 0.32684788],[  7.9360204  31.340975   72.008514  114.44849  ],[ 6.500833 30.268482 63.582333 89.96538 ],[8.131874 8.016574 7.709446 7.348619],[0.43465552 0.53131855 0.866102   1.1554478 ],[8.1689005 8.177474  8.178661  8.1839   ],[0.42534223 0.456648   0.4968093  0.52424604]
DDK8,B,5e-08,15,True,False,TDD,vanilla,20,[0.07962438 0.27878574 0.50502855 0.6561051 ],[0.07877498 0.2502013  0.3724343  0.38575286],[ 13.994978  58.890415 119.85953  169.88472 ],[ 11.6413965  54.160725   98.06988   122.290726 ],[8.238307  7.9789557 7.4365363 6.918199 ],[0.5518094  0.74259627 1.2317675  1.5417199 ],[8.301512 8.301376 8.295099 8.286509],[0.5188588  0.5244441  0.5284308  0.55424315]
DDK8,B,5e-08,18,True,False,TDD,vanilla,20,[0.15405211 0.53185785 0.76302505 0.86940986],[0.14394352 0.44490242 0.5346676  0.42825022],[ 28.347883 110.04411  180.62952  231.28279 ],[ 27.98067  99.84645 138.04204 156.54106],[7.9988527 7.3655944 6.6082606 6.179221 ],[0.58903706 1.0482187  1.6017194  1.7426751 ],[8.143847 8.165355 8.19014  8.226463],[0.5570067  0.5532856  0.5880717  0.64253396]
DDK8,B,5e-08,21,True,False,TDD,vanilla,20,[0.20296752 0.5961152  0.8570881  0.9008606 ],[0.20881405 0.44323647 0.5518696  0.35715294],[ 37.670895 128.38074  193.62569  232.0299  ],[ 39.774696 110.75881  132.56155  131.46738 ],[7.9114866 7.044349  6.3309717 5.928658 ],[0.66154945 1.4590839  1.681957   1.6382034 ],[8.123272 8.136701 8.135805 8.15118 ],[0.5637358  0.5555875  0.58310056 0.62311333]
DDK8,B,5e-08,24,True,False,TDD,vanilla,20,[0.2646624  0.6070571  0.78272414 0.89329714],[0.3449522  0.5163447  0.41068944 0.3009575 ],[ 51.013515 142.63765  204.1804   248.34998 ],[ 61.507847 133.76634  142.29846  146.2351  ],[8.001537  7.1721153 6.4542212 6.1029963],[0.68802273 1.3937845  1.6856039  1.571207  ],[8.270131 8.258452 8.255482 8.262504],[0.5118271  0.51376563 0.5234589  0.57083213]
DDK8,B,5e-08,27,True,False,TDD,vanilla,20,[0.28512204 0.6706943  0.852757   0.978601  ],[0.27040073 0.47122246 0.45308575 0.3775298 ],[ 54.12162 151.701   206.66002 248.1506 ],[ 61.660145 128.6877   133.25871  129.74791 ],[7.8714004 6.9111695 6.2141395 5.6188903],[0.6827948 1.4966605 1.7165669 1.7217779],[8.164666 8.149782 8.144778 8.15001 ],[0.5907433 0.6523984 0.6741813 0.6614096]
DDK8,B,5e-08,33,True,False,TDD,vanilla,20,[0.5182364 0.9603587 1.1120721 1.2012347],[0.50703937 0.7164138  0.61856586 0.60021967],[101.0933  201.4475  256.18274 284.91348],[ 93.84482 145.53812 144.56049 137.45544],[7.615644  6.6792126 5.8923798 5.5993304],[1.056788  1.5686501 1.749949  1.6096008],[8.244222 8.21752  8.208188 8.190938],[0.59182024 0.6487663  0.6651303  0.6921988 ]
DDK8,B,5e-08,36,True,False,TDD,vanilla,20,[0.7167923 1.1257606 1.2500799 1.2387482],[0.60581875 0.7025419  0.53586525 0.40852684],[141.63008 242.5744  290.08902 311.40894],[109.6143  144.7182  133.64122 127.92649],[7.264956 6.146242 5.548418 5.037877],[1.2931318 1.6132448 1.5751975 1.6295623],[8.266978 8.223077 8.203336 8.203679],[0.6390856  0.63954604 0.61311203 0.6540083 ]
DDK8,B,5e-08,42,True,False,TDD,vanilla,20,[0.76877314 1.0865508  1.1361446  1.1255418 ],[0.55721784 0.50207406 0.3441819  0.27195355],[158.8174  256.58914 299.1222  321.31094],[142.12437 167.97255 149.9648  144.36333],[6.8671126 5.9942155 5.389754  5.161447 ],[1.6023227 1.6658463 1.5540283 1.3413501],[8.1687   8.187472 8.230034 8.259732],[0.55716753 0.59658355 0.6257369  0.63968194]
DDK8,B,2e-07,3,True,False,TDD,vanilla,20,[0.01303792 0.01723682 0.02684979 0.04186807],[0.00441809 0.00717535 0.01549986 0.02927644],[ 3.2148538  4.2145143  6.4107976 10.087522 ],[1.021521  1.6858363 3.6262627 7.3012176],[8.125184 8.123127 8.116273 8.103466],[0.403785  0.4099254 0.4173475 0.4260742],[8.140387 8.142667 8.144901 8.14683 ],[0.4020315  0.40776485 0.41400665 0.42071086]
DDK8,B,2e-07,6,True,False,TDD,vanilla,20,[0.01789024 0.03601108 0.07758656 0.14407395],[0.00728082 0.02345804 0.06139054 0.12058815],[ 4.4266367  8.567854  18.448288  35.810455 ],[ 1.3661387  4.721699  13.611499  29.305857 ],[8.180644 8.165777 8.125914 8.051793],[0.3766521  0.3887492  0.41399494 0.4654518 ],[8.200198 8.203735 8.207059 8.210534],[0.37354088 0.3805655  0.3896417  0.39972013]
DDK8,B,2e-07,9,True,False,TDD,vanilla,20,[0.0247326  0.06855667 0.1639911  0.291567  ],[0.00936165 0.0444161  0.11820015 0.19278497],[ 6.296994 17.673128 43.81636  81.3536  ],[ 2.8471236 13.863684  39.543148  69.57898  ],[8.188518 8.139611 8.018416 7.813854],[0.40842134 0.40795854 0.42534202 0.50462765],[8.216351 8.215251 8.214624 8.214304],[0.40763524 0.41026485 0.41645423 0.42503932]
DDK8,B,2e-07,12,True,False,TDD,vanilla,20,[0.04501901 0.15536857 0.3299937  0.4761952 ],[0.03183344 0.14537244 0.27821195 0.3231694 ],[  9.629507  33.53641   75.13901  115.70602 ],[ 5.647023 29.059647 61.873074 81.73246 ],[8.070749  7.9142027 7.552155  7.135648 ],[0.45628285 0.58022887 0.95264745 1.3348472 ],[8.120098  8.1142645 8.112743  8.113856 ],[0.43833014 0.4555621  0.47286943 0.49387443]
DDK8,B,2e-07,15,True,False,TDD,vanilla,20,[0.06113284 0.22058505 0.41209394 0.55588365],[0.04795849 0.19566584 0.29175    0.29137725],[ 13.945535  53.293705 109.55902  158.66695 ],[ 10.141138  48.225327  86.76871  106.26645 ],[8.130307  7.9028034 7.465295  7.0311975],[0.50502443 0.64950323 1.0226783  1.3588614 ],[8.197627 8.204034 8.217083 8.230654],[0.48526046 0.50316983 0.5246719  0.5439685 ]
DDK8,B,2e-07,18,True,False,TDD,vanilla,20,[0.08643531 0.29271737 0.49228173 0.6298799 ],[0.08557528 0.2755054  0.3449899  0.3202394 ],[ 18.687609  70.06583  125.25649  171.68794 ],[ 18.439428  73.356865 101.83746  111.35148 ],[8.072366  7.7224426 7.249629  6.8129225],[0.51379627 0.8512684  1.2407279  1.4359962 ],[8.1638975 8.175692  8.188434  8.202102 ],[0.48944053 0.50745434 0.51854205 0.5220388 ]
DDK8,B,2e-07,21,True,False,TDD,vanilla,20,[0.15821394 0.48349026 0.6831438  0.80739295],[0.14482023 0.35944664 0.3687629  0.3400487 ],[ 37.187965 120.01528  175.69118  215.3671  ],[ 33.85339   90.345955 101.14386  105.979004],[7.9997716 7.319218  6.6128364 6.0847454],[0.49899462 1.0009993  1.3858339  1.4601716 ],[8.188612 8.176667 8.144227 8.140654],[0.44568112 0.44044286 0.4572289  0.47989473]
DDK8,B,2e-07,24,True,False,TDD,vanilla,20,[0.20177543 0.5310412  0.7300352  0.83697474],[0.20421596 0.39004022 0.40550363 0.31306735],[ 45.52933  127.691536 183.73982  233.28508 ],[ 46.29861   96.677605 104.90961  114.90933 ],[7.8730273 7.0302706 6.5809574 6.0727787],[0.6523987 1.4043145 1.4728044 1.6006173],[8.138821 8.121225 8.131564 8.179233],[0.5049219  0.5401905  0.55457497 0.5767097 ]
DDK8,B,2e-07,27,True,False,TDD,vanilla,20,[0.23394331 0.52923054 0.7494268  0.86408293],[0.2656807  0.36304843 0.37687272 0.29226866],[ 54.113457 136.43243  194.94313  234.10626 ],[ 61.55786 111.31889 118.88781 111.12427],[7.882011  7.122532  6.5770745 5.985866 ],[0.7679182 1.3326757 1.4666936 1.4721037],[8.195908 8.177614 8.161719 8.149493],[0.58492225 0.5956014  0.5773279  0.5629562 ]
DDK8,B,2e-07,33,True,False,TDD,vanilla,20,[0.40875024 0.7265835  0.89356095 0.98178667],[0.3320952  0.39554852 0.34437758 0.28681165],[ 90.99087 183.35902 232.79903 264.49487],[ 74.50647  114.16766  113.33251  117.054054],[7.51431   6.558401  5.96105   5.5036716],[0.8355712 1.332501  1.4352072 1.4080597],[8.113809 8.133947 8.133893 8.112729],[0.5259433  0.55339056 0.55033195 0.5765365 ]
DDK8,B,2e-07,36,True,False,TDD,vanilla,20,[0.37947428 0.76228094 0.90510535 1.0071791 ],[0.35114726 0.5460767  0.37579185 0.26421568],[ 89.79545 178.92062 224.9793  255.60123],[ 85.2923   123.8838   107.10155  101.875046],[7.580823 6.719024 6.105262 5.430462],[0.97328436 1.4736898  1.4283417  1.4086306 ],[8.202237 8.165164 8.124358 8.063301],[0.48082286 0.5317794  0.5752137  0.61029977]
DDK8,B,2e-07,42,True,False,TDD,vanilla,20,[0.5594564 0.853623  0.9707609 1.0382434],[0.4820344  0.40744498 0.29965982 0.24196212],[129.63983 221.3275  260.2843  278.06955],[113.69315 137.94844 128.2198  118.4042 ],[7.024976  6.3024178 5.7173805 5.136898 ],[1.4038467 1.4151193 1.2614768 1.1926666],[8.116588  8.1407385 8.108494  8.074529 ],[0.5461969 0.5206076 0.5220433 0.5106325]
DDK8,B,4e-07,3,True,False,TDD,vanilla,20,[0.02423457 0.02799811 0.03607602 0.04865291],[0.00945772 0.01066891 0.01496359 0.02298134],[ 6.3150706  7.34721    9.440895  12.91388  ],[2.1348705 2.4599297 3.4671667 5.742305 ],[8.179664 8.177322 8.170331 8.159097],[0.33979374 0.3456274  0.35270837 0.35999987],[8.20847  8.210395 8.212237 8.213969],[0.3344236  0.33968472 0.345037   0.3505006 ]
DDK8,B,4e-07,6,True,False,TDD,vanilla,20,[0.02981068 0.04367051 0.07596522 0.12703195],[0.00988621 0.01783111 0.04361579 0.0876876 ],[ 7.4804626 11.132962  19.735872  34.092793 ],[ 2.69795    5.0166106 12.538128  26.369146 ],[8.149902 8.134601 8.098364 8.037853],[0.3258476  0.33251953 0.34351873 0.36512426],[8.184885 8.185724 8.186444 8.187491],[0.3219428  0.32802498 0.33519444 0.34295762]
DDK8,B,4e-07,9,True,False,TDD,vanilla,20,[0.03724536 0.07350709 0.14940423 0.25407076],[0.01696672 0.04738134 0.11704636 0.19523978],[ 9.241186 18.530714 38.920677 68.85235 ],[ 4.1448765 11.77156   31.177896  56.88249  ],[8.15029  8.10535  7.995091 7.797982],[0.33847174 0.34543326 0.38703182 0.5362012 ],[8.193824  8.191843  8.1865635 8.178488 ],[0.33316842 0.33920407 0.35002944 0.36504003]
DDK8,B,4e-07,12,True,False,TDD,vanilla,20,[0.04932269 0.12588441 0.2566749  0.38662255],[0.02127263 0.09172347 0.19192904 0.2533448 ],[ 12.171054  31.85498   67.78851  107.17014 ],[ 5.3832254 24.185694  54.951355  78.70875  ],[8.098     7.998422  7.7633514 7.4469852],[0.33582386 0.37864313 0.5692852  0.8378511 ],[8.155842 8.160818 8.163987 8.167347],[0.32843766 0.33568707 0.35014966 0.36756453]
DDK8,B,4e-07,15,True,False,TDD,vanilla,20,[0.07463053 0.22085579 0.4035312  0.53515935],[0.04677609 0.18511496 0.2892326  0.3121231 ],[ 17.989927  55.588535 105.30635  144.88405 ],[11.082848 48.790527 79.97227  93.46959 ],[8.06399  7.826746 7.358667 6.935924],[0.43095064 0.5965466  1.0497389  1.3448586 ],[8.153601 8.155079 8.152278 8.149134],[0.4101913  0.43171167 0.44939846 0.460384  ]
DDK8,B,4e-07,18,True,False,TDD,vanilla,20,[0.1015673  0.30994833 0.50314283 0.62853026],[0.07057976 0.24324101 0.32988426 0.29909447],[ 24.015451  79.305084 135.15054  176.32423 ],[ 17.910639  70.0199   101.33566  104.54009 ],[8.007842  7.6234307 7.071863  6.670241 ],[0.4609184  0.71417224 1.1149695  1.2459594 ],[8.1320305 8.13783   8.141356  8.146609 ],[0.42991513 0.4332563  0.4316455  0.42852738]
DDK8,B,4e-07,21,True,False,TDD,vanilla,20,[0.1168896  0.34563965 0.54242724 0.6948503 ],[0.09128917 0.24034122 0.27396417 0.25873566],[ 29.337435  95.47875  155.19977  200.4625  ],[ 22.63499   76.14607  105.595505 115.60944 ],[8.018573  7.541305  6.9873447 6.4627976],[0.4318528 0.7498356 1.0111804 1.1304777],[8.166336 8.156872 8.151517 8.130608],[0.39600894 0.41945392 0.43816084 0.45606455]
DDK8,B,4e-07,24,True,False,TDD,vanilla,20,[0.170175   0.45074964 0.63728154 0.7794955 ],[0.13325758 0.2994625  0.30249143 0.26102987],[ 43.11604 126.23677 188.42061 236.83514],[ 35.006424  93.25485  114.12873  115.99576 ],[7.9756365 7.318242  6.659546  6.198052 ],[0.4703652  0.94274366 1.2906464  1.2522951 ],[8.199759 8.205041 8.207555 8.21912 ],[0.404768   0.4265331  0.43737403 0.43781117]
DDK8,B,4e-07,27,True,False,TDD,vanilla,20,[0.21702771 0.52009803 0.70145386 0.8135934 ],[0.19406703 0.33323604 0.31639868 0.23914905],[ 53.17836 134.1819  187.28346 225.51186],[46.81769  91.29835  96.313484 87.33844 ],[7.8388753 7.0339727 6.369866  5.88882  ],[0.5554135 1.1139199 1.3686031 1.363326 ],[8.149215 8.11694  8.104062 8.116798],[0.3806188  0.3709262  0.37762547 0.39070326]
DDK8,B,4e-07,33,True,False,TDD,vanilla,20,[0.393564   0.70077914 0.8658117  0.94754946],[0.32476336 0.34905353 0.31507596 0.25027892],[107.09752 208.5378  256.99307 280.37955],[ 94.80951  137.9446   113.323814  96.09915 ],[7.5909224 6.662395  5.97701   5.646463 ],[0.84399503 1.2645123  1.3512285  1.2564639 ],[8.246285 8.265709 8.252912 8.226303],[0.46850497 0.45464966 0.43810764 0.45476887]
DDK8,B,4e-07,36,True,False,TDD,vanilla,20,[0.44724122 0.7523243  0.90192676 0.96296865],[0.35561687 0.36901796 0.27748224 0.1847707 ],[103.4312  192.00351 247.62634 280.0924 ],[ 81.008224 104.45036  102.49392   95.08489 ],[7.2580676 6.3455358 5.8274236 5.457386 ],[0.9580368 1.3232062 1.2607242 1.1438116],[8.057566 8.079075 8.129921 8.168677],[0.40291405 0.39826265 0.40041897 0.40959847]
DDK8,B,4e-07,42,True,False,TDD,vanilla,20,[0.59558755 0.8198345  0.93826175 1.0085518 ],[0.4944788  0.39833787 0.28968298 0.1758338 ],[143.53732 213.67564 253.86043 288.1529 ],[115.35835  113.99625   98.00036   88.749794],[7.02122   6.297245  5.7836347 5.477358 ],[1.2577085 1.3481857 1.3005686 0.9588001],[8.131211  8.1205845 8.131761  8.168282 ],[0.45830318 0.46788168 0.48357803 0.44281054]
DDK8,E,5e-08,3,True,False,TDD,vanilla,20,[0.00251225 0.00337816 0.00489691 0.00717761],[0.00120473 0.00163771 0.00271336 0.00471905],[0.73062825 0.98417604 1.4148886  2.0671923 ],[0.3475315  0.48859534 0.76816666 1.3273724 ],[8.272969 8.270326 8.266863 8.262895],[0.10742517 0.10813172 0.10920635 0.11087403],[8.275205 8.273342 8.271564 8.269935],[0.10735612 0.10797671 0.10877378 0.10978284]
DDK8,E,5e-08,6,True,False,TDD,vanilla,20,[0.00341461 0.00572499 0.01035336 0.01711633],[0.00170243 0.00386721 0.00905922 0.01712432],[0.99716973 1.6743039  3.0307958  5.008438  ],[0.47883275 1.1459736  2.6892812  5.035207  ],[8.272725 8.270854 8.266458 8.259438],[0.11324117 0.11516555 0.11757613 0.12111378],[8.276046 8.276881 8.277935 8.278976],[0.11304259 0.11515557 0.11746033 0.11958142]
DDK8,E,5e-08,9,True,False,TDD,vanilla,20,[0.00461002 0.00985844 0.01897462 0.03100215],[0.00234492 0.00827833 0.01954854 0.03302395],[1.3493274 2.882811  5.572902  9.183052 ],[0.68841   2.420682  5.7492433 9.794257 ],[8.289475 8.285735 8.276169 8.261068],[0.12738155 0.12928073 0.13290936 0.14304537],[8.294175 8.29685  8.298473 8.298301],[0.12703064 0.12796013 0.1290341  0.13212258]
DDK8,E,5e-08,12,True,False,TDD,vanilla,20,[0.00629104 0.01628293 0.03092347 0.04801176],[0.00358293 0.0125496  0.02581732 0.03915561],[ 1.8057495  4.660533   8.874969  13.948446 ],[ 1.0450077  3.6927466  7.6111264 11.865913 ],[8.239577 8.223629 8.199542 8.174688],[0.10883159 0.11243728 0.12248926 0.13459891],[8.245988  8.241977  8.236683  8.2317295],[0.10888108 0.11287002 0.11957742 0.12670901]
DDK8,E,5e-08,15,True,False,TDD,vanilla,20,[0.0080836  0.02356218 0.04543782 0.07194787],[0.00486649 0.02161031 0.04288452 0.06372412],[ 2.311093  6.778653 13.312979 21.55288 ],[ 1.2981929  6.060173  12.777854  20.117804 ],[8.253746 8.232621 8.203584 8.175922],[0.13597573 0.14370452 0.1592803  0.17058712],[8.262611  8.2612095 8.260151  8.261041 ],[0.13493809 0.13911162 0.14343643 0.14577541]
DDK8,E,5e-08,18,True,False,TDD,vanilla,20,[0.01127724 0.03384751 0.05685867 0.08540439],[0.00860201 0.03265406 0.05475821 0.07107201],[ 3.253956  9.979696 16.905617 25.702822],[ 2.5790315 10.123981  16.638842  22.111393 ],[8.269615 8.239977 8.208402 8.180765],[0.13546775 0.1489265  0.16732858 0.17669137],[8.281872 8.281912 8.279536 8.27891 ],[0.13541299 0.14105983 0.14464794 0.14809406]
DDK8,E,5e-08,21,True,False,TDD,vanilla,20,[0.01498198 0.04292073 0.06577432 0.09893315],[0.0106314  0.03464882 0.05173279 0.06637798],[ 4.5035686 12.807922  19.671453  29.571714 ],[ 3.3174343 10.392715  16.231392  20.367771 ],[8.290127  8.2478075 8.213777  8.180441 ],[0.14655003 0.15135658 0.16906902 0.18279088],[8.307358 8.301056 8.291944 8.288347],[0.14678083 0.14288229 0.1493194  0.15211837]
DDK8,E,5e-08,24,True,False,TDD,vanilla,20,[0.02054473 0.05255065 0.08401172 0.12111044],[0.01657895 0.04271413 0.06643102 0.08462495],[ 6.032019 15.66174  24.936813 36.101818],[ 4.772301 12.981096 20.442528 25.43828 ],[8.263894  8.212722  8.170065  8.1267805],[0.13430722 0.15094644 0.18097335 0.21576653],[8.2875   8.278505 8.268627 8.264957],[0.13044433 0.1344253  0.15097398 0.16351572]
DDK8,E,5e-08,27,True,False,TDD,vanilla,20,[0.02023378 0.04843671 0.0800043  0.11797436],[0.01568326 0.0384113  0.05602461 0.07466149],[ 5.97023  14.608387 24.046232 35.85024 ],[ 4.7374043 11.949418  17.010704  23.023714 ],[8.255978 8.22459  8.200107 8.161327],[0.13052224 0.15351942 0.16221167 0.18550988],[8.279845  8.286421  8.2941885 8.295663 ],[0.12928064 0.14179233 0.13784619 0.14801458]
DDK8,E,5e-08,33,True,False,TDD,vanilla,20,[0.03669352 0.06884642 0.11250288 0.15707037],[0.03424386 0.04970396 0.0768367  0.0928555 ],[10.729305 20.398176 33.47825  46.739574],[ 9.378812 14.603722 23.067656 27.897072],[8.24024   8.2031765 8.145229  8.101709 ],[0.15949896 0.15793853 0.19908077 0.2165327 ],[8.287059 8.28844  8.283365 8.28227 ],[0.14250225 0.14087309 0.1485409  0.15866236]
DDK8,E,5e-08,36,True,False,TDD,vanilla,20,[0.04144998 0.0752578  0.12257888 0.16494112],[0.03785637 0.04810406 0.07859148 0.09201648],[12.029919 22.327063 36.530525 50.40526 ],[10.77962  14.448162 22.566696 29.476753],[8.228584 8.193624 8.145044 8.11337 ],[0.18109179 0.19629985 0.2313389  0.23500139],[8.281623 8.287588 8.29217  8.30194 ],[0.16172272 0.17149195 0.17695847 0.17350179]
DDK8,E,5e-08,42,True,False,TDD,vanilla,20,[0.04159021 0.08523257 0.13118722 0.1786564 ],[0.03392691 0.05544398 0.07624453 0.09719045],[12.160171 25.179344 38.891895 53.456497],[ 9.623266 16.466236 22.71717  29.772894],[8.233618 8.172909 8.123911 8.085488],[0.16183661 0.18649751 0.19980504 0.20943093],[8.2850485 8.277092  8.275991  8.2751875],[0.15040708 0.15980272 0.16346732 0.16856034]
DDK8,E,2e-07,3,True,False,TDD,vanilla,20,[0.00745889 0.00841595 0.0100119  0.01260458],[0.00344025 0.00372748 0.0045567  0.00630166],[2.2362607 2.522205  2.998678  3.7739031],[1.0308717 1.1141069 1.3538077 1.8619887],[8.275817 8.275041 8.273486 8.271093],[0.0400654  0.04116356 0.04244924 0.04406861],[8.280581 8.280627 8.280685 8.280739],[0.0395242  0.04055545 0.04168786 0.04291362]
DDK8,E,2e-07,6,True,False,TDD,vanilla,20,[0.00777019 0.01045139 0.01479044 0.02040665],[0.0035955  0.00524368 0.00823639 0.01291571],[2.3411322 3.1471634 4.451484  6.1419024],[1.0698675 1.5610312 2.4519527 3.8542235],[8.288013 8.285267 8.280124 8.273233],[0.04430346 0.04862832 0.05379497 0.06028517],[8.293882 8.294106 8.294251 8.294382],[0.04388142 0.04748659 0.05115881 0.05493952]
DDK8,E,2e-07,9,True,False,TDD,vanilla,20,[0.00906525 0.01354722 0.02026698 0.02872348],[0.00395783 0.006953   0.01256203 0.02096905],[2.741806  4.0923786 6.116067  8.6740885],[1.200417  2.1173067 3.827342  6.451325 ],[8.286872 8.283077 8.275672 8.265974],[0.06017873 0.06675027 0.07462952 0.08369437],[8.294298 8.295323 8.296029 8.296503],[0.05927263 0.06526424 0.07138937 0.07772422]
DDK8,E,2e-07,12,True,False,TDD,vanilla,20,[0.00996119 0.01735315 0.02821993 0.03853318],[0.00368451 0.00892513 0.01874831 0.02691899],[ 2.997465   5.2252407  8.497283  11.58215  ],[1.0993415 2.7003996 5.676981  8.043566 ],[8.2843685 8.276737  8.263847  8.251728 ],[0.06941939 0.07635512 0.08676251 0.09941476],[8.292669 8.293591 8.29417  8.294293],[0.06883647 0.07497934 0.08134437 0.08748709]
DDK8,E,2e-07,15,True,False,TDD,vanilla,20,[0.01265419 0.02432123 0.03789677 0.05221623],[0.00521118 0.01568027 0.02583334 0.0367629 ],[ 3.792962   7.2889614 11.389508  15.698918 ],[ 1.577439  4.727992  7.860984 10.992075],[8.267808 8.252879 8.236629 8.224858],[0.0663221  0.07490797 0.08505708 0.09854798],[8.278367 8.277282 8.276983 8.276869],[0.06547173 0.07076035 0.07667465 0.08393777]
DDK8,E,2e-07,18,True,False,TDD,vanilla,20,[0.01482771 0.02808969 0.03994248 0.05718388],[0.00804128 0.01837928 0.02344705 0.03461648],[ 4.401222  8.293088 11.810852 17.028114],[ 2.3209996  5.3163476  6.774505  10.389456 ],[8.259694  8.243381  8.231815  8.2185335],[0.08143879 0.09424568 0.10356953 0.11288923],[8.273221 8.273726 8.274927 8.276924],[0.07880081 0.08553309 0.09271665 0.09996614]
DDK8,E,2e-07,21,True,False,TDD,vanilla,20,[0.01667619 0.03376728 0.04843516 0.06701576],[0.00781562 0.01909917 0.02517146 0.03158339],[ 4.983691 10.072283 14.469356 20.077059],[2.29613   5.593444  7.3668046 9.392842 ],[8.2753725 8.255163  8.24195   8.226681 ],[0.09338482 0.10676987 0.11691294 0.12774044],[8.2915325 8.292838  8.293352  8.293094 ],[0.09075397 0.09886748 0.10661584 0.11423081]
DDK8,E,2e-07,24,True,False,TDD,vanilla,20,[0.02056472 0.04001651 0.05809396 0.08358219],[0.01111958 0.02212386 0.03480982 0.04397827],[ 6.139286 11.862108 17.177788 24.795298],[ 3.3352933  6.5239587 10.220327  13.382534 ],[8.264002 8.235203 8.214567 8.186965],[0.09899548 0.1105037  0.1226176  0.13272367],[8.283634 8.277485 8.2726   8.268844],[0.0970543  0.10391299 0.1116889  0.11914234]
DDK8,E,2e-07,27,True,False,TDD,vanilla,20,[0.02309031 0.04216231 0.05998706 0.08388209],[0.01486468 0.02670246 0.03169336 0.04273523],[ 6.8893795 12.642998  18.090387  25.366568 ],[ 4.2963076  7.8466916  9.512718  12.887837 ],[8.261059 8.243163 8.232775 8.216177],[0.09963816 0.11089133 0.1185931  0.12657078],[8.285105 8.289517 8.293083 8.295244],[0.09349079 0.10003035 0.1076677  0.11564252]
DDK8,E,2e-07,33,True,False,TDD,vanilla,20,[0.03035657 0.04850001 0.07228102 0.09081881],[0.0196845  0.02957753 0.04051708 0.04526386],[ 9.155466 14.732268 22.14854  27.97436 ],[ 5.9723787  9.140383  12.825327  14.832888 ],[8.260754 8.248155 8.232257 8.22639 ],[0.11594742 0.12434306 0.13171537 0.13303056],[8.293463 8.300457 8.306935 8.31096 ],[0.1121941  0.1177948  0.12364822 0.1286118 ]
DDK8,E,2e-07,36,True,False,TDD,vanilla,20,[0.02995471 0.04972139 0.07298561 0.09605599],[0.02117281 0.02743557 0.0392237  0.04361822],[ 8.81123  14.545614 21.313276 28.253506],[ 6.3080497  7.938744  11.099409  12.871649 ],[8.227597 8.204349 8.186272 8.174099],[0.10909738 0.12287696 0.14082085 0.15332398],[8.260142  8.257455  8.2576065 8.260585 ],[0.10467414 0.11562987 0.12960932 0.14268412]
DDK8,E,2e-07,42,True,False,TDD,vanilla,20,[0.03932713 0.06197935 0.0885627  0.10887084],[0.02506184 0.02862847 0.03722822 0.03702326],[11.835522 18.444906 26.452967 32.55762 ],[ 7.728544  8.500629 11.305632 11.44326 ],[8.241794 8.216651 8.190855 8.177988],[0.10732634 0.12327904 0.13461554 0.14049855],[8.285831 8.281849 8.27859  8.276519],[0.10005278 0.10973753 0.12256967 0.13150124]
DDK8,E,4e-07,3,True,False,TDD,vanilla,20,[0.01016674 0.01127243 0.01279253 0.0153076 ],[0.00452299 0.00496121 0.00547133 0.00681053],[3.0452852 3.376156  3.8321457 4.5872574],[1.3532028 1.4854659 1.6410066 2.046404 ],[8.281292 8.280072 8.278254 8.275822],[0.0300927  0.03171953 0.03355009 0.03547959],[8.288958 8.288684 8.288403 8.288102],[0.02915174 0.03073189 0.03247377 0.03435929]
DDK8,E,4e-07,6,True,False,TDD,vanilla,20,[0.01225529 0.0148558  0.01859456 0.02283154],[0.00461849 0.00577947 0.0073849  0.00945979],[3.6705558 4.4473248 5.563377  6.8318925],[1.3943337 1.740476  2.2123816 2.8395078],[8.275002 8.272176 8.267908 8.262949],[0.04005826 0.0443228  0.04877248 0.05328154],[8.284499 8.284238 8.283938 8.283622],[0.03912413 0.0432141  0.04740655 0.05164111]
DDK8,E,4e-07,9,True,False,TDD,vanilla,20,[0.01369323 0.01747813 0.02295116 0.02875178],[0.00446705 0.00620457 0.00938846 0.01350156],[4.0922074 5.22579   6.867275  8.612142 ],[1.3443844 1.8891004 2.8808274 4.175457 ],[8.269586 8.265039 8.258526 8.251668],[0.05271726 0.05881437 0.06496778 0.07154021],[8.280015 8.279101 8.278396 8.278026],[0.05211917 0.05833429 0.06446901 0.0706116 ]
DDK8,E,4e-07,12,True,False,TDD,vanilla,20,[0.01526214 0.02192129 0.03071683 0.04145871],[0.00636314 0.01011515 0.01487046 0.02098584],[ 4.586717  6.5948    9.260172 12.516474],[1.9377841 3.084985  4.5750766 6.438989 ],[8.273812 8.268006 8.259513 8.252522],[0.06539454 0.07201231 0.07873814 0.08532974],[8.285689 8.28714  8.288548 8.289801],[0.06437866 0.07084928 0.07688569 0.08259344]
DDK8,E,4e-07,15,True,False,TDD,vanilla,20,[0.01623609 0.02611327 0.03697445 0.04689129],[0.00562407 0.01262456 0.01813534 0.02099866],[ 4.870182  7.822189 11.104225 14.121799],[1.6906463 3.7305102 5.380619  6.2865243],[8.275108 8.266691 8.257905 8.253164],[0.07670577 0.08709808 0.096611   0.10289434],[8.288774 8.291263 8.293829 8.296032],[0.07523514 0.08273138 0.09050899 0.09828036]
DDK8,E,4e-07,18,True,False,TDD,vanilla,20,[0.01775791 0.02997463 0.04166944 0.05377423],[0.00686364 0.01404871 0.01981363 0.02324393],[ 5.298396   8.9340315 12.420152  16.032753 ],[2.1250439 4.262439  5.9815946 7.11118  ],[8.263759 8.247945 8.234448 8.223584],[0.07049052 0.07892922 0.08712248 0.09299576],[8.27856  8.276338 8.274124 8.272226],[0.06968126 0.07664183 0.08386724 0.09061535]
DDK8,E,4e-07,21,True,False,TDD,vanilla,20,[0.02225791 0.0372388  0.04804157 0.06143643],[0.00984841 0.01941669 0.02424684 0.02876027],[ 6.6577697 11.155754  14.338056  18.362665 ],[3.0512056 6.0148973 7.3464217 8.918268 ],[8.257526 8.240327 8.231921 8.22077 ],[0.09373137 0.10676286 0.11730079 0.12316708],[8.276323 8.276242 8.275361 8.274577],[0.09324113 0.10310401 0.11220799 0.12068646]
DDK8,E,4e-07,24,True,False,TDD,vanilla,20,[0.02438629 0.04002934 0.05405241 0.07239309],[0.0125916  0.02221755 0.02978327 0.03939374],[ 7.2829533 12.051405  16.385185  22.114538 ],[ 3.6154284  6.5902214  9.044602  12.412664 ],[8.264758 8.253551 8.247048 8.238363],[0.09934499 0.10914675 0.1152988  0.12313496],[8.286703 8.293116 8.298703 8.30418 ],[0.09379449 0.09931406 0.10363212 0.10734849]
DDK8,E,4e-07,27,True,False,TDD,vanilla,20,[0.02523555 0.03924779 0.0529426  0.07003574],[0.01321244 0.02054417 0.02648433 0.03414728],[ 7.472805 11.698656 15.890892 21.156506],[ 3.750192  6.050429  8.017782 10.463808],[8.25313  8.241443 8.235461 8.224558],[0.09464864 0.0998373  0.10677261 0.11672021],[8.276787 8.280539 8.284522 8.288042],[0.08973086 0.09296609 0.09940286 0.10667291]
DDK8,E,4e-07,33,True,False,TDD,vanilla,20,[0.03379703 0.04822471 0.0693498  0.0838111 ],[0.02094327 0.0245163  0.03603262 0.03561543],[10.013457 14.344696 20.649302 25.015326],[ 6.106058  7.29837  10.700508 10.632634],[8.242001 8.225515 8.206907 8.200024],[0.11802671 0.11581276 0.12036716 0.11607536],[8.277195 8.275805 8.276591 8.27708 ],[0.10656009 0.10650315 0.10475279 0.10291509]
DDK8,E,4e-07,36,True,False,TDD,vanilla,20,[0.0336603  0.04713793 0.06273466 0.07717176],[0.01863268 0.02042734 0.02978738 0.02739487],[10.145417 14.097856 18.712713 22.97822 ],[5.732626  6.0245733 8.86485   8.1340065],[8.254317 8.239327 8.221032 8.211143],[0.12058288 0.13157304 0.13899024 0.13814424],[8.287193 8.285667 8.282404 8.278148],[0.11921629 0.12636288 0.12809068 0.12669323]
DDK8,E,4e-07,42,True,False,TDD,vanilla,20,[0.03676055 0.05374437 0.07005931 0.08898374],[0.01868528 0.02396618 0.02954437 0.03084102],[11.0174   16.034294 20.902752 26.583782],[5.610003  7.0906897 8.905539  9.663075 ],[8.246245  8.228131  8.2147665 8.199054 ],[0.10638385 0.11582665 0.12307329 0.12963232],[8.284267 8.282584 8.279294 8.275064],[0.1008014  0.10741474 0.11493791 0.12366353]
DDK8,B,5e-08,3,True,False,TDD,vanilla,25,[0.00759078 0.01198015 0.02198252 0.04061405],[0.00281699 0.00580534 0.01490418 0.03283919],[1.8770012 2.9488773 5.112477  9.264188 ],[0.73612636 1.4914618  3.598495   7.7586007 ],[8.302807 8.299957 8.292579 8.278366],[0.28714743 0.29940653 0.31224245 0.32471228],[8.310017 8.311025 8.311322 8.311014],[0.28663874 0.29886186 0.31123886 0.32331756]
DDK8,B,5e-08,6,True,False,TDD,vanilla,25,[0.0133774  0.03733805 0.08805151 0.16371268],[0.00741774 0.03980474 0.09175639 0.16179636],[ 2.6155388  6.448303  16.30014   33.625145 ],[ 1.1621485  5.0521727 15.422352  33.572582 ],[8.189255 8.172561 8.127856 8.043853],[0.39438218 0.4100832  0.44219154 0.5121725 ],[8.200852 8.201836 8.201868 8.201473],[0.3916575  0.39977843 0.40850884 0.41598985]
DDK8,B,5e-08,9,True,False,TDD,vanilla,25,[0.02419499 0.08416872 0.19321927 0.3280697 ],[0.02128479 0.09299435 0.18919028 0.28375018],[ 4.51438  16.225567 41.28057  75.37041 ],[ 3.2708666 18.440044  47.623474  75.605774 ],[8.232205  8.191322  8.073008  7.8539095],[0.44445223 0.46885765 0.5516397  0.7725164 ],[8.251503 8.261046 8.269067 8.268887],[0.43901262 0.44828582 0.46303815 0.4847499 ]
DDK8,B,5e-08,12,True,False,TDD,vanilla,25,[0.0464516  0.16854669 0.35031688 0.4916727 ],[0.04697414 0.17195638 0.28948724 0.3281344 ],[  7.583448  30.729164  71.36485  113.881935],[ 6.3657985 30.078678  63.554703  90.05378  ],[8.133548  8.019859  7.7152157 7.354202 ],[0.43434373 0.5301825  0.86030143 1.1549051 ],[8.1689005 8.177474  8.178661  8.1839   ],[0.42534223 0.456648   0.4968093  0.52424604]
DDK8,B,5e-08,15,True,False,TDD,vanilla,25,[0.07707956 0.2756059  0.50311303 0.65439665],[0.07773468 0.25007337 0.37436792 0.3874209 ],[ 13.525022  58.190815 119.242676 169.3083  ],[ 11.474719  54.095135  98.24066  122.604195],[8.240537  7.9826612 7.442354  6.9254866],[0.55066    0.74095917 1.2268388  1.5384563 ],[8.301512 8.301376 8.295099 8.286509],[0.5188588  0.5244441  0.5284308  0.55424315]
DDK8,B,5e-08,18,True,False,TDD,vanilla,25,[0.15148371 0.5298183  0.76197726 0.8680205 ],[0.14404452 0.44569525 0.5373965  0.42886624],[ 27.861929 109.40838  180.28488  230.9671  ],[ 27.900043  99.79397  138.2571   156.65332 ],[8.001366  7.3709507 6.6101375 6.1837   ],[0.5887205 1.0454235 1.6038281 1.7429918],[8.143847 8.165355 8.19014  8.226463],[0.5570067  0.5532856  0.5880717  0.64253396]
DDK8,B,5e-08,21,True,False,TDD,vanilla,25,[0.20049472 0.5949242  0.85594827 0.90037787],[0.20874684 0.44443512 0.5550137  0.35950702],[ 37.22331 128.00687 193.36272 231.82129],[ 39.810936 110.978806 132.95656  131.81873 ],[7.9142604 7.0472174 6.338469  5.93473  ],[0.6600992 1.4619359 1.6775311 1.637662 ],[8.123272 8.136701 8.135805 8.15118 ],[0.5637358  0.5555875  0.58310056 0.62311333]
DDK8,B,5e-08,24,True,False,TDD,vanilla,25,[0.26302448 0.60606736 0.78134733 0.8919481 ],[0.34644935 0.51956147 0.41258922 0.3019631 ],[ 50.58182 142.29144 203.80011 247.9686 ],[ 61.462822 134.00647  142.51726  146.28609 ],[8.003748  7.174815  6.4523597 6.1113744],[0.68770397 1.3933157  1.6934988  1.5647541 ],[8.270131 8.258452 8.255482 8.262504],[0.5118271  0.51376563 0.5234589  0.57083213]
DDK8,B,5e-08,27,True,False,TDD,vanilla,25,[0.28355798 0.67051154 0.85200495 0.9769059 ],[0.2711233  0.47362903 0.45226917 0.37687522],[ 53.864574 151.65149  206.62102  248.01013 ],[ 61.870014 129.07971  133.61842  129.90077 ],[7.8728805 6.9100666 6.217775  5.62904  ],[0.68227553 1.5005299  1.7145944  1.7141267 ],[8.164666 8.149782 8.144778 8.15001 ],[0.5907433 0.6523984 0.6741813 0.6614096]
DDK8,B,5e-08,33,True,False,TDD,vanilla,25,[0.5182849  0.95851296 1.1132636  1.2015551 ],[0.5106129  0.7131776  0.62322736 0.60569835],[100.950325 201.3184   256.0937   284.64584 ],[ 94.042496 145.89705  144.75197  137.45288 ],[7.6169415 6.6823473 5.89517   5.602665 ],[1.0555743 1.5668789 1.7504404 1.6103293],[8.244222 8.21752  8.208188 8.190938],[0.59182024 0.6487663  0.6651303  0.6921988 ]
DDK8,B,5e-08,36,True,False,TDD,vanilla,25,[0.7171088 1.1274195 1.2526908 1.2410235],[0.6082893  0.70728797 0.5385093  0.4118912 ],[141.57532 242.74373 290.2294  311.564  ],[109.857216 144.76846  133.68484  128.0101  ],[7.2660713 6.1455793 5.5517683 5.043389 ],[1.2918603 1.6130155 1.5710907 1.6254311],[8.266978 8.223077 8.203336 8.203679],[0.6390856  0.63954604 0.61311203 0.6540083 ]
DDK8,B,5e-08,42,True,False,TDD,vanilla,25,[0.76834875 1.0873588  1.136848   1.1261206 ],[0.55837744 0.50125587 0.34514052 0.27374652],[158.72466 256.48337 299.10794 321.3807 ],[142.37018 168.07553 149.73788 144.39714],[6.868597  5.995072  5.3958974 5.1704497],[1.6008178 1.666218  1.5521067 1.337959 ],[8.1687   8.187472 8.230034 8.259732],[0.55716753 0.59658355 0.6257369  0.63968194]
DDK8,B,2e-07,3,True,False,TDD,vanilla,25,[0.01195764 0.0157101  0.02469335 0.03894942],[0.00394892 0.0063784  0.01425217 0.02760317],[2.9843223 3.8855584 5.9282722 9.413189 ],[0.9255892 1.5010008 3.3013334 6.8243814],[8.126331 8.124731 8.11861  8.106709],[0.40367538 0.409776   0.41714606 0.42573974],[8.140387 8.142667 8.144901 8.14683 ],[0.4020315  0.40776485 0.41400665 0.42071086]
DDK8,B,2e-07,6,True,False,TDD,vanilla,25,[0.01623869 0.03306026 0.07338918 0.13913675],[0.00668509 0.02203558 0.05952378 0.11905816],[ 4.058142  7.922978 17.543697 34.754284],[ 1.2658267  4.47403   13.337753  29.145939 ],[8.182575 8.1691   8.131281 8.059984],[0.37638056 0.38818493 0.41262907 0.46238986],[8.200198 8.203735 8.207059 8.210534],[0.37354088 0.3805655  0.3896417  0.39972013]
DDK8,B,2e-07,9,True,False,TDD,vanilla,25,[0.02286529 0.06485164 0.15924482 0.285899  ],[0.00895854 0.04315925 0.11698785 0.19199224],[ 5.8806505 16.838425  42.779587  80.1881   ],[ 2.7402976 13.493313  39.182384  69.41702  ],[8.1906395 8.144061  8.025964  7.825779 ],[0.4082354  0.40754235 0.423966   0.49944556],[8.216351 8.215251 8.214624 8.214304],[0.40763524 0.41026485 0.41645423 0.42503932]
DDK8,B,2e-07,12,True,False,TDD,vanilla,25,[0.04242597 0.15141729 0.3256852  0.47187722],[0.03076798 0.14485459 0.27843982 0.3242332 ],[  9.1269455  32.73457    74.29792   114.81887  ],[ 5.48799  28.948345 61.94767  81.85703 ],[8.073754  7.919661  7.559709  7.1447883],[0.45515057 0.5784754  0.9515477  1.335374  ],[8.120098  8.1142645 8.112743  8.113856 ],[0.43833014 0.4555621  0.47286943 0.49387443]
DDK8,B,2e-07,15,True,False,TDD,vanilla,25,[0.05850146 0.21708705 0.40885872 0.5534359 ],[0.04683723 0.19499531 0.29154623 0.2916651 ],[ 13.371732  52.47745  108.84546  158.16055 ],[  9.901611  48.02936   86.784    106.35596 ],[8.133493  7.9085493 7.472637  7.0363665],[0.50399    0.64695954 1.0215485  1.3632687 ],[8.197627 8.204034 8.217083 8.230654],[0.48526046 0.50316983 0.5246719  0.5439685 ]
DDK8,B,2e-07,18,True,False,TDD,vanilla,25,[0.08372181 0.28967294 0.48978385 0.62712455],[0.08499748 0.2763344  0.34666926 0.32121152],[ 18.153479  69.418526 124.79641  171.21875 ],[ 18.373346  73.516594 102.18368  111.59743 ],[8.075571  7.7270927 7.2527485 6.8208895],[0.5126452 0.8504587 1.2444645 1.4324217],[8.1638975 8.175692  8.188434  8.202102 ],[0.48944053 0.50745434 0.51854205 0.5220388 ]
DDK8,B,2e-07,21,True,False,TDD,vanilla,25,[0.1559598  0.48177105 0.6811714  0.8057736 ],[0.14531891 0.36120018 0.37011907 0.341843  ],[ 36.692528 119.57165  175.30038  215.10231 ],[ 33.873848  90.570274 101.4498   106.25742 ],[8.002797 7.323373 6.620085 6.093375],[0.4982247 1.0009801 1.3850498 1.4575948],[8.188612 8.176667 8.144227 8.140654],[0.44568112 0.44044286 0.4572289  0.47989473]
DDK8,B,2e-07,24,True,False,TDD,vanilla,25,[0.19969901 0.5299636  0.7291704  0.836552  ],[0.20443974 0.39093745 0.40652606 0.3140585 ],[ 45.049854 127.40338  183.53949  233.13496 ],[ 46.268265  96.81657  105.079956 114.9103  ],[7.8760295 7.031361  6.584937  6.075771 ],[0.6515672 1.4062424 1.4702471 1.6012623],[8.138821 8.121225 8.131564 8.179233],[0.5049219  0.5401905  0.55457497 0.5767097 ]
DDK8,B,2e-07,27,True,False,TDD,vanilla,25,[0.23197384 0.52745324 0.74798286 0.86285037],[0.2664282  0.3636586  0.3776956  0.29190412],[ 53.672977 136.03334  194.60895  233.88002 ],[ 61.721462 111.42148  119.0214   111.16945 ],[7.8845167 7.1246614 6.5814214 5.9899464],[0.7677801 1.3348364 1.464153  1.471114 ],[8.195908 8.177614 8.161719 8.149493],[0.58492225 0.5956014  0.5773279  0.5629562 ]
DDK8,B,2e-07,33,True,False,TDD,vanilla,25,[0.4080547  0.72625303 0.89345586 0.9816643 ],[0.33361882 0.39689526 0.3449311  0.2872242 ],[ 90.804756 183.2225   232.69308  264.43494 ],[ 74.72246  114.316895 113.35797  117.12859 ],[7.5155654 6.5589976 5.9650326 5.509026 ],[0.836439  1.3341277 1.4332384 1.4082495],[8.113809 8.133947 8.133893 8.112729],[0.5259433  0.55339056 0.55033195 0.5765365 ]
DDK8,B,2e-07,36,True,False,TDD,vanilla,25,[0.37814477 0.7615275  0.9040067  1.0065    ],[0.3522339  0.548528   0.37660313 0.2641885 ],[ 89.46969 178.67444 224.69048 255.4475 ],[ 85.451416 124.1195   107.11446  101.98209 ],[7.5825953 6.721653  6.1113386 5.426847 ],[0.9751758 1.4733417 1.4248618 1.4143606],[8.202237 8.165164 8.124358 8.063301],[0.48082286 0.5317794  0.5752137  0.61029977]
DDK8,B,2e-07,42,True,False,TDD,vanilla,25,[0.5590742 0.8525564 0.9703858 1.0380195],[0.48429704 0.40745285 0.30023107 0.24269336],[129.4659  221.05951 260.1768  278.00668],[113.92815 137.9122  128.26514 118.52626],[7.026084  6.3023553 5.719524  5.136959 ],[1.4052049 1.4186859 1.260389  1.1931213],[8.116588  8.1407385 8.108494  8.074529 ],[0.5461969 0.5206076 0.5220433 0.5106325]
DDK8,B,4e-07,3,True,False,TDD,vanilla,25,[0.02316258 0.02646649 0.0340086  0.0457969 ],[0.00919858 0.01025997 0.01401093 0.0214466 ],[ 6.050777  6.97127   8.928612 12.186657],[2.086515  2.3802426 3.2384272 5.33119  ],[8.181072 8.1793   8.173119 8.162931],[0.33966225 0.34547013 0.3524069  0.3596015 ],[8.20847  8.210395 8.212237 8.213969],[0.3344236  0.33968472 0.345037   0.3505006 ]
DDK8,B,4e-07,6,True,False,TDD,vanilla,25,[0.0282372  0.04104497 0.07261738 0.1231133 ],[0.00960872 0.0170023  0.04287034 0.08774045],[ 7.1014104 10.496676  18.92919   33.19885  ],[ 2.6066363  4.7777925 12.307095  26.39025  ],[8.151885 8.138003 8.103342 8.045346],[0.32580096 0.33231226 0.3431524  0.3637446 ],[8.184885 8.185724 8.186444 8.187491],[0.3219428  0.32802498 0.33519444 0.34295762]
DDK8,B,4e-07,9,True,False,TDD,vanilla,25,[0.03539137 0.07006203 0.14525524 0.2496838 ],[0.01659948 0.04578342 0.11555231 0.19455557],[ 8.812275 17.743706 37.965405 67.83692 ],[ 4.069173 11.464497 30.893112 56.788467],[8.152638 8.109808 8.002303 7.808611],[0.33829948 0.34482372 0.38498655 0.5314992 ],[8.193824  8.191843  8.1865635 8.178488 ],[0.33316842 0.33920407 0.35002944 0.36504003]
DDK8,B,4e-07,12,True,False,TDD,vanilla,25,[0.04720521 0.12262198 0.2530874  0.38327467],[0.02070702 0.09091786 0.19204074 0.25428268],[ 11.671505  31.092382  66.987885 106.39575 ],[ 5.2579527 24.000196  55.05521   78.968666 ],[8.100892  8.003399  7.7710958 7.4570203],[0.33538127 0.37728238 0.56627876 0.8341283 ],[8.155842 8.160818 8.163987 8.167347],[0.32843766 0.33568707 0.35014966 0.36756453]
DDK8,B,4e-07,15,True,False,TDD,vanilla,25,[0.07226749 0.21825153 0.40117034 0.5328942 ],[0.04608111 0.18552895 0.29043332 0.31351998],[ 17.439007  54.961617 104.74358  144.37352 ],[10.951862 48.832874 80.208824 93.77168 ],[8.067316  7.8311443 7.364663  6.9431047],[0.43008354 0.5962388  1.0499521  1.3466178 ],[8.153601 8.155079 8.152278 8.149134],[0.4101913  0.43171167 0.44939846 0.460384  ]
DDK8,B,4e-07,18,True,False,TDD,vanilla,25,[0.09910861 0.3073741  0.5013832  0.62726784],[0.07016027 0.24400336 0.33133692 0.3002037 ],[ 23.441816  78.6755   134.71577  176.01675 ],[ 17.80294  70.11741 101.62773 104.81739],[8.011423  7.627666  7.0755467 6.6759443],[0.4602495  0.71520835 1.1190205  1.2475709 ],[8.1320305 8.13783   8.141356  8.146609 ],[0.42991513 0.4332563  0.4316455  0.42852738]
DDK8,B,4e-07,21,True,False,TDD,vanilla,25,[0.11452122 0.3437965  0.54065365 0.6932866 ],[0.09118799 0.24159291 0.2754852  0.25980207],[ 28.79282  95.037   154.81873 200.181  ],[ 22.608223  76.32657  105.85819  115.82349 ],[8.022041  7.5453215 6.9938874 6.4699035],[0.43111312 0.7499316  1.0094856  1.1318544 ],[8.166336 8.156872 8.151517 8.130608],[0.39600894 0.41945392 0.43816084 0.45606455]
DDK8,B,4e-07,24,True,False,TDD,vanilla,25,[0.16814198 0.449091   0.6354646  0.77824044],[0.13369064 0.3004829  0.3035868  0.26185828],[ 42.61522 125.82129 187.99895 236.52481],[ 35.078312  93.46382  114.35666  116.11248 ],[7.978977  7.320585  6.6661396 6.2071548],[0.46962923 0.94559425 1.2907804  1.2533    ],[8.199759 8.205041 8.207555 8.21912 ],[0.404768   0.4265331  0.43737403 0.43781117]
DDK8,B,4e-07,27,True,False,TDD,vanilla,25,[0.21517591 0.5185892  0.6997291  0.8124547 ],[0.19444333 0.33410835 0.3171513  0.23965733],[ 52.771606 133.90742  186.94043  225.3015  ],[46.97091  91.55584  96.53596  87.472534],[7.8416033 7.036538  6.3735456 5.8927984],[0.55530727 1.1145928  1.3703749  1.3647087 ],[8.149215 8.11694  8.104062 8.116798],[0.3806188  0.3709262  0.37762547 0.39070326]
DDK8,B,4e-07,33,True,False,TDD,vanilla,25,[0.39252645 0.70017874 0.86498904 0.9470205 ],[0.32574016 0.34983552 0.31549862 0.2501669 ],[106.83123 208.37811 256.76895 280.33286],[ 94.962135 138.05174  113.39743   96.1797  ],[7.5927806 6.665105  5.9820232 5.6484356],[0.8443076 1.2643907 1.3520547 1.2588989],[8.246285 8.265709 8.252912 8.226303],[0.46850497 0.45464966 0.43810764 0.45476887]
DDK8,B,4e-07,36,True,False,TDD,vanilla,25,[0.44574696 0.75130713 0.9013454  0.9626471 ],[0.35656667 0.36955193 0.2781324  0.18487781],[103.073044 191.74301  247.45767  279.9951  ],[ 81.18086 104.59343 102.60099  95.06006],[7.2607713 6.348402  5.830771  5.458267 ],[0.95914006 1.3232388  1.2620339  1.1454728 ],[8.057566 8.079075 8.129921 8.168677],[0.40291405 0.39826265 0.40041897 0.40959847]
DDK8,B,4e-07,42,True,False,TDD,vanilla,25,[0.5957641  0.81976944 0.93818426 1.0084605 ],[0.49674562 0.39913225 0.290692   0.1759627 ],[143.5264  213.66888 253.83199 288.10632],[115.75206  114.16195   98.05882   88.618904],[7.0222807 6.298132  5.7872715 5.4776015],[1.2589349  1.3493104  1.2993816  0.95843387],[8.131211  8.1205845 8.131761  8.168282 ],[0.45830318 0.46788168 0.48357803 0.44281054]
DDK8,E,5e-08,3,True,False,TDD,vanilla,25,[0.00224673 0.0030447  0.00447059 0.0066943 ],[0.00114807 0.00157174 0.00257873 0.00459566],[0.65246475 0.88691187 1.2907474  1.9257011 ],[0.3273898  0.46887532 0.7273246  1.2904983 ],[8.273345 8.270769 8.267405 8.26353 ],[0.10744017 0.10814885 0.10920902 0.11091343],[8.275205 8.273342 8.271564 8.269935],[0.10735612 0.10797671 0.10877378 0.10978284]
DDK8,E,5e-08,6,True,False,TDD,vanilla,25,[0.00303139 0.00523083 0.00960948 0.01624289],[0.00158881 0.00369528 0.0087531  0.01683295],[0.8853989 1.5294712 2.810508  4.747995 ],[0.4447263 1.0911412 2.5893967 4.9377875],[8.273246 8.27152  8.267329 8.260454],[0.1132286  0.11515636 0.11756683 0.12110391],[8.276046 8.276881 8.277935 8.278976],[0.11304259 0.11515557 0.11746033 0.11958142]
DDK8,E,5e-08,9,True,False,TDD,vanilla,25,[0.00416084 0.00927868 0.01821185 0.03005537],[0.0022738  0.00808025 0.01933817 0.03292586],[1.2160608 2.7058346 5.336115  8.889383 ],[0.6661194 2.348373  5.6640067 9.737363 ],[8.290097  8.286542  8.2771225 8.262124 ],[0.12733388 0.129266   0.13293855 0.14309593],[8.294175 8.29685  8.298473 8.298301],[0.12703064 0.12796013 0.1290341  0.13212258]
DDK8,E,5e-08,12,True,False,TDD,vanilla,25,[0.00574863 0.01555079 0.02999729 0.04684348],[0.00344217 0.01218152 0.02525823 0.03853625],[ 1.6506755  4.4469333  8.601141  13.604049 ],[ 1.004129  3.579789  7.443138 11.687824],[8.240351 8.224721 8.200748 8.175857],[0.10879673 0.11224592 0.12213415 0.13430484],[8.245988  8.241977  8.236683  8.2317295],[0.10888108 0.11287002 0.11957742 0.12670901]
DDK8,E,5e-08,15,True,False,TDD,vanilla,25,[0.00739403 0.0225071  0.04427788 0.07026952],[0.00467511 0.02130892 0.04291477 0.0637904 ],[ 2.11104   6.467285 12.960088 21.044973],[ 1.2443305  5.9600554 12.751668  20.113691 ],[8.254679 8.233813 8.204645 8.17703 ],[0.13590218 0.14343117 0.15925947 0.17063059],[8.262611  8.2612095 8.260151  8.261041 ],[0.13493809 0.13911162 0.14343643 0.14577541]
DDK8,E,5e-08,18,True,False,TDD,vanilla,25,[0.01058235 0.03319155 0.05603619 0.08421639],[0.00844045 0.03277114 0.05493952 0.07108711],[ 3.0514657  9.781451  16.650635  25.339544 ],[ 2.5289376 10.159734  16.675236  22.094599 ],[8.270539 8.240807 8.209291 8.181546],[0.13534398 0.14898656 0.16754718 0.17685805],[8.281872 8.281912 8.279536 8.27891 ],[0.13541299 0.14105983 0.14464794 0.14809406]
DDK8,E,5e-08,21,True,False,TDD,vanilla,25,[0.01415252 0.04207144 0.06474339 0.09776013],[0.01036005 0.03459244 0.05142526 0.06614809],[ 4.255102 12.549683 19.370594 29.239862],[ 3.2293108 10.350736  16.12615   20.334318 ],[8.291176 8.248728 8.214576 8.181362],[0.14639546 0.15121348 0.16918452 0.18249738],[8.307358 8.301056 8.291944 8.288347],[0.14678083 0.14288229 0.1493194  0.15211837]
DDK8,E,5e-08,24,True,False,TDD,vanilla,25,[0.01977931 0.05194164 0.08314189 0.12018007],[0.01654866 0.04293625 0.0667164  0.08502774],[ 5.8061    15.4724865 24.67518   35.823864 ],[ 4.7659554 13.030924  20.508938  25.55187  ],[8.264902  8.21343   8.170945  8.1275015],[0.1341546  0.1509131  0.18088663 0.21601689],[8.2875   8.278505 8.268627 8.264957],[0.13044433 0.1344253  0.15097398 0.16351572]
DDK8,E,5e-08,27,True,False,TDD,vanilla,25,[0.01959208 0.04769511 0.07920581 0.11702594],[0.01554088 0.03864848 0.05629803 0.07521302],[ 5.779571 14.376189 23.788305 35.555473],[ 4.699104 11.99721  17.06107  23.16808 ],[8.256891 8.225426 8.200925 8.16218 ],[0.13032974 0.1534858  0.16239204 0.18543616],[8.279845  8.286421  8.2941885 8.295663 ],[0.12928064 0.14179233 0.13784619 0.14801458]
DDK8,E,5e-08,33,True,False,TDD,vanilla,25,[0.03595698 0.06817924 0.11176517 0.15608102],[0.03411215 0.04990823 0.07704525 0.09311029],[10.506029 20.191778 33.24332  46.434868],[ 9.335012 14.668536 23.132996 27.989233],[8.24114  8.203914 8.146023 8.102554],[0.15940526 0.15781501 0.1985941  0.21615826],[8.287059 8.28844  8.283365 8.28227 ],[0.14250225 0.14087309 0.1485409  0.15866236]
DDK8,E,5e-08,36,True,False,TDD,vanilla,25,[0.04096449 0.07495949 0.12223765 0.16482787],[0.03808111 0.04844173 0.07914443 0.09248684],[11.87704  22.224028 36.415268 50.368664],[10.8328905 14.530067  22.727577  29.638603 ],[8.229214 8.193792 8.144961 8.112655],[0.1810665  0.19657563 0.23190896 0.23502189],[8.281623 8.287588 8.29217  8.30194 ],[0.16172272 0.17149195 0.17695847 0.17350179]
DDK8,E,5e-08,42,True,False,TDD,vanilla,25,[0.04095821 0.08458629 0.13041839 0.17769012],[0.03427649 0.05582559 0.07647456 0.09756944],[11.964059 24.980862 38.647717 53.15567 ],[ 9.705614 16.574049 22.765203 29.840427],[8.2343645 8.173508  8.124528  8.086093 ],[0.16203135 0.1865828  0.19966528 0.20964466],[8.2850485 8.277092  8.275991  8.2751875],[0.15040708 0.15980272 0.16346732 0.16856034]
DDK8,E,2e-07,3,True,False,TDD,vanilla,25,[0.00706979 0.00796853 0.00940816 0.01182773],[0.00334812 0.00361858 0.00433354 0.00590842],[2.1201487 2.389021  2.8191586 3.5430117],[1.0037605 1.0826086 1.2889074 1.7464925],[8.27628   8.275599  8.2742195 8.272055 ],[0.04002469 0.04112028 0.0423849  0.04394499],[8.280581 8.280627 8.280685 8.280739],[0.0395242  0.04055545 0.04168786 0.04291362]
DDK8,E,2e-07,6,True,False,TDD,vanilla,25,[0.00722573 0.00966188 0.01358135 0.01899324],[0.00347421 0.00494261 0.00773648 0.01233499],[2.1775246 2.910047  4.087207  5.715509 ],[1.0333704 1.4706087 2.3010688 3.678581 ],[8.288733  8.286289  8.2815895 8.2749605],[0.04429578 0.04855124 0.05361946 0.05989761],[8.293882 8.294106 8.294251 8.294382],[0.04388142 0.04748659 0.05115881 0.05493952]
DDK8,E,2e-07,9,True,False,TDD,vanilla,25,[0.00838616 0.01247043 0.01874744 0.02700957],[0.00382554 0.00651864 0.01189992 0.02025621],[2.5381706 3.7695322 5.6589766 8.158313 ],[1.1612546 1.9885372 3.6272206 6.236328 ],[8.287764  8.2843895 8.277417  8.267874 ],[0.06008344 0.06652909 0.07429153 0.08324056],[8.294298 8.295323 8.296029 8.296503],[0.05927263 0.06526424 0.07138937 0.07772422]
DDK8,E,2e-07,12,True,False,TDD,vanilla,25,[0.00914661 0.01622622 0.02674023 0.03682616],[0.00356126 0.00863938 0.01839972 0.02664961],[ 2.7516832  4.884237   8.047962  11.064354 ],[1.0605344 2.6066124 5.5622253 7.9589567],[8.285389 8.278194 8.265629 8.253643],[0.06939679 0.0763316  0.08663403 0.09929006],[8.292669 8.293591 8.29417  8.294293],[0.06883647 0.07497934 0.08134437 0.08748709]
DDK8,E,2e-07,15,True,False,TDD,vanilla,25,[0.01164079 0.0228456  0.03598057 0.04994939],[0.00495893 0.01525585 0.02543175 0.03651385],[ 3.4907007  6.8461986 10.813294  15.013938 ],[ 1.5033481  4.602181   7.740318  10.906054 ],[8.268985 8.254568 8.238588 8.226803],[0.06625018 0.07468826 0.08468821 0.0982661 ],[8.278367 8.277282 8.276983 8.276869],[0.06547173 0.07076035 0.07667465 0.08393777]
DDK8,E,2e-07,18,True,False,TDD,vanilla,25,[0.01376751 0.02679403 0.0384769  0.05543523],[0.00766415 0.01827459 0.02333725 0.0346624 ],[ 4.087584   7.9098897 11.372484  16.499247 ],[ 2.21463    5.2921705  6.7433295 10.392545 ],[8.261016 8.244836 8.23333  8.220133],[0.0812628  0.09403821 0.10340717 0.11271855],[8.273221 8.273726 8.274927 8.276924],[0.07880081 0.08553309 0.09271665 0.09996614]
DDK8,E,2e-07,21,True,False,TDD,vanilla,25,[0.01555285 0.03264305 0.04713045 0.06532687],[0.00760837 0.01932618 0.02549223 0.03155039],[ 4.6481624  9.734508  14.075301  19.569813 ],[2.238077  5.6562533 7.4580603 9.386981 ],[8.276782 8.256455 8.243304 8.22833 ],[0.09331689 0.1069449  0.11701713 0.12755722],[8.2915325 8.292838  8.293352  8.293094 ],[0.09075397 0.09886748 0.10661584 0.11423081]
DDK8,E,2e-07,24,True,False,TDD,vanilla,25,[0.01940055 0.03900312 0.05686906 0.08216946],[0.01095587 0.02238169 0.03513969 0.04442307],[ 5.79311   11.5618105 16.818663  24.381006 ],[ 3.2875848  6.610872  10.332029  13.529846 ],[8.2654   8.236267 8.215756 8.188235],[0.09880267 0.11036786 0.12243465 0.13254583],[8.283634 8.277485 8.2726   8.268844],[0.0970543  0.10391299 0.1116889  0.11914234]
DDK8,E,2e-07,27,True,False,TDD,vanilla,25,[0.0219199  0.04101156 0.05885042 0.08284854],[0.01478024 0.02668517 0.03185985 0.04291446],[ 6.5402765 12.29547   17.743122  25.049892 ],[ 4.272145   7.8405156  9.562519  12.938531 ],[8.262485 8.244484 8.234043 8.217205],[0.09956957 0.11084342 0.11869772 0.12654155],[8.285105 8.289517 8.293083 8.295244],[0.09349079 0.10003035 0.1076677  0.11564252]
DDK8,E,2e-07,33,True,False,TDD,vanilla,25,[0.02933734 0.04756886 0.07115603 0.08987078],[0.01987096 0.02973659 0.04072817 0.04579525],[ 8.849515 14.450689 21.799908 27.67899 ],[ 6.0227523  9.181373  12.881612  14.973449 ],[8.261953  8.249262  8.2335205 8.227331 ],[0.11600789 0.12443625 0.13180694 0.13314642],[8.293463 8.300457 8.306935 8.31096 ],[0.1121941  0.1177948  0.12364822 0.1286118 ]
DDK8,E,2e-07,36,True,False,TDD,vanilla,25,[0.0288475  0.04861882 0.07181492 0.09499128],[0.0215381  0.02794501 0.03985774 0.04387475],[ 8.486478 14.220063 20.97527  27.944252],[ 6.417331  8.074483 11.289192 12.949883],[8.228914 8.205574 8.187485 8.175126],[0.10921106 0.12306544 0.1408321  0.15329725],[8.260142  8.257455  8.2576065 8.260585 ],[0.10467414 0.11562987 0.12960932 0.14268412]
DDK8,E,2e-07,42,True,False,TDD,vanilla,25,[0.03835012 0.0609877  0.08751111 0.10784875],[0.02543715 0.02876789 0.03727431 0.03716813],[11.543543 18.145014 26.141342 32.254715],[ 7.842114  8.530819 11.334632 11.493808],[8.242866  8.217648  8.1918955 8.178944 ],[0.10737889 0.12334193 0.13451022 0.1403134 ],[8.285831 8.281849 8.27859  8.276519],[0.10005278 0.10973753 0.12256967 0.13150124]
DDK8,E,4e-07,3,True,False,TDD,vanilla,25,[0.00963156 0.01065542 0.01199866 0.01426067],[0.0043626  0.00477307 0.00516588 0.00635592],[2.8852353 3.19163   3.5945296 4.273593 ],[1.3051039 1.4287072 1.5489144 1.9088078],[8.281917 8.280821 8.279235 8.277108],[0.03003074 0.03164654 0.03345249 0.0353392 ],[8.288958 8.288684 8.288403 8.288102],[0.02915174 0.03073189 0.03247377 0.03435929]
DDK8,E,4e-07,6,True,False,TDD,vanilla,25,[0.01148098 0.0137791  0.0171096  0.02109674],[0.00445697 0.00543516 0.00677884 0.00877672],[3.4393802 4.1261296 5.119897  6.3137136],[1.3471419 1.639811  2.0319853 2.6356945],[8.2759285 8.273489  8.269681  8.265074 ],[0.04002459 0.04425214 0.04865101 0.05306975],[8.284499 8.284238 8.283938 8.283622],[0.03912413 0.0432141  0.04740655 0.05164111]
DDK8,E,4e-07,9,True,False,TDD,vanilla,25,[0.01280372 0.01615871 0.02116011 0.0267041 ],[0.004259   0.00569971 0.00868175 0.01295205],[3.8266418 4.8308406 6.332127  8.000579 ],[1.2806101 1.732781  2.665274  4.0080996],[8.270652  8.266605  8.260617  8.2540245],[0.05271368 0.05883191 0.06491268 0.07137454],[8.280015 8.279101 8.278396 8.278026],[0.05211917 0.05833429 0.06446901 0.0706116 ]
DDK8,E,4e-07,12,True,False,TDD,vanilla,25,[0.01411471 0.02031295 0.0289163  0.0396575 ],[0.00617159 0.00984362 0.01470231 0.02105866],[ 4.2436466  6.113026   8.720109  11.974684 ],[1.881591  3.0052419 4.528424  6.4640036],[8.275155 8.269809 8.261536 8.254521],[0.06529315 0.07188839 0.07865823 0.08532356],[8.285689 8.28714  8.288548 8.289801],[0.06437866 0.07084928 0.07688569 0.08259344]
DDK8,E,4e-07,15,True,False,TDD,vanilla,25,[0.01498515 0.02431098 0.03510101 0.04512751],[0.00537678 0.01244142 0.01824197 0.02135831],[ 4.49663   7.281778 10.542384 13.588787],[1.6187415 3.6767013 5.4216623 6.3979397],[8.276595 8.26879  8.260022 8.255222],[0.07659037 0.08683378 0.09628659 0.10262632],[8.288774 8.291263 8.293829 8.296032],[0.07523514 0.08273138 0.09050899 0.09828036]
DDK8,E,4e-07,18,True,False,TDD,vanilla,25,[0.01644082 0.02840792 0.03993009 0.05201436],[0.00657589 0.01416192 0.02001703 0.023358  ],[ 4.907701  8.469096 11.905583 15.510983],[2.040651  4.287726  6.0320654 7.1380773],[8.265326 8.249795 8.23633  8.225582],[0.070383   0.07899427 0.08732925 0.09308919],[8.27856  8.276338 8.274124 8.272226],[0.06968126 0.07664183 0.08386724 0.09061535]
DDK8,E,4e-07,21,True,False,TDD,vanilla,25,[0.02085962 0.03594303 0.04660303 0.05998288],[0.00961429 0.01966099 0.02462708 0.02929049],[ 6.2416353 10.768536  13.907921  17.92457  ],[2.9780998 6.0849595 7.4515667 9.054832 ],[8.259198 8.241805 8.233616 8.222526],[0.09353223 0.10663202 0.11738349 0.12341443],[8.276323 8.276242 8.275361 8.274577],[0.09324113 0.10310401 0.11220799 0.12068646]
DDK8,E,4e-07,24,True,False,TDD,vanilla,25,[0.02307211 0.03890903 0.05293778 0.07143745],[0.01249131 0.02245932 0.03006424 0.03993617],[ 6.8906517 11.713775  16.046995  21.825096 ],[ 3.5944912  6.6630454  9.120291  12.58563  ],[8.266333 8.254753 8.248333 8.239445],[0.09920171 0.10935099 0.11525798 0.12346527],[8.286703 8.293116 8.298703 8.30418 ],[0.09379449 0.09931406 0.10363212 0.10734849]
DDK8,E,4e-07,27,True,False,TDD,vanilla,25,[0.02396465 0.03822702 0.05178569 0.06905728],[0.01339525 0.02085007 0.02687269 0.03478586],[ 7.0958004 11.394062  15.541693  20.856773 ],[ 3.7954888  6.1415358  8.121414  10.631345 ],[8.25469  8.242705 8.236761 8.22561 ],[0.09467977 0.09985447 0.10707492 0.11718318],[8.276787 8.280539 8.284522 8.288042],[0.08973086 0.09296609 0.09940286 0.10667291]
DDK8,E,4e-07,33,True,False,TDD,vanilla,25,[0.03278576 0.04730025 0.06864205 0.08325237],[0.02134095 0.02488871 0.03651371 0.03606071],[ 9.707481 14.067674 20.431675 24.845848],[ 6.2043934  7.406547  10.827594  10.760145 ],[8.243166 8.22665  8.207767 8.200622],[0.11840528 0.11594054 0.12083361 0.11625804],[8.277195 8.275805 8.276591 8.27708 ],[0.10656009 0.10650315 0.10475279 0.10291509]
DDK8,E,4e-07,36,True,False,TDD,vanilla,25,[0.03271134 0.04605624 0.06193382 0.07648445],[0.01910155 0.02059792 0.03030184 0.02787201],[ 9.869488  13.7804785 18.47769   22.773026 ],[5.895553 6.10315  9.039685 8.282234],[8.255421  8.240483  8.2219925 8.211996 ],[0.12015399 0.13123803 0.13886851 0.13822107],[8.287193 8.285667 8.282404 8.278148],[0.11921629 0.12636288 0.12809068 0.12669323]
DDK8,E,4e-07,42,True,False,TDD,vanilla,25,[0.03578214 0.05286374 0.06926744 0.08827247],[0.01892822 0.02431899 0.02999789 0.03132831],[10.725556 15.768017 20.665966 26.36759 ],[5.6836433 7.1758385 9.025611  9.778767 ],[8.247387 8.229126 8.215748 8.199883],[0.10631914 0.11591498 0.12313714 0.12984751],[8.284267 8.282584 8.279294 8.275064],[0.1008014  0.10741474 0.11493791 0.12366353]
