model,cm,ds,ms,is_gen,is_U2D,scenario,noise_type,noise_degree,nmse_mean,nmse_std,mse_mean,mse_std,se_mean,se_std,se0_mean,se0_std
DDK8,B,5e-08,3,True,False,TDD,vanilla,0,[0.04200472 0.05772354 0.08177863 0.11149141],[0.01387239 0.02026338 0.03554844 0.05491539],[ 7.9825926 11.046584  15.448486  21.230114 ],[ 2.126798   3.685764   6.6578617 11.271725 ],[8.2753725 8.262793  8.243797  8.21656  ],[0.28981945 0.3036585  0.31805998 0.33388332],[8.310017 8.311025 8.311322 8.311014],[0.28663874 0.29886186 0.31123886 0.32331756]
DDK8,B,5e-08,6,True,False,TDD,vanilla,0,[0.06386485 0.11481357 0.1868486  0.27935714],[0.02841935 0.06816881 0.11850531 0.18231638],[10.57432  19.37823  33.7384   55.022335],[ 3.5263374  9.7549925 21.674135  39.83953  ],[8.149547  8.106118  8.02637   7.8917327],[0.40337774 0.4269097  0.47439405 0.57943124],[8.200852 8.201836 8.201868 8.201473],[0.3916575  0.39977843 0.40850884 0.41598985]
DDK8,B,5e-08,9,True,False,TDD,vanilla,0,[0.07922379 0.17035961 0.29579583 0.43623707],[0.04203836 0.12130029 0.20698233 0.30061498],[13.77265  31.030357 59.845795 95.10602 ],[ 5.24084  21.102436 48.72351  75.2498  ],[8.187263  8.110676  7.9450226 7.663698 ],[0.45610347 0.4944521  0.60872936 0.9146476 ],[8.251503 8.261046 8.269067 8.268887],[0.43901262 0.44828582 0.46303815 0.4847499 ]
DDK8,B,5e-08,12,True,False,TDD,vanilla,0,[0.11346677 0.26591194 0.43834722 0.578459  ],[0.06373396 0.180141   0.26753774 0.29997507],[ 18.323479  48.063873  89.28837  131.73212 ],[ 8.800672 33.96236  62.96254  88.01196 ],[8.077076  7.9103565 7.587351  7.174813 ],[0.45106852 0.5781993  0.8845965  1.2056733 ],[8.1689005 8.177474  8.178661  8.1839   ],[0.42534223 0.456648   0.4968093  0.52424604]
DDK8,B,5e-08,15,True,False,TDD,vanilla,0,[0.14420077 0.3472568  0.5556378  0.68833405],[0.10101862 0.25067696 0.34277356 0.33286965],[ 26.843756  76.97248  134.90247  184.50204 ],[ 16.158031  60.86244   96.815025 120.79449 ],[8.175988  7.8556952 7.289343  6.790888 ],[0.5776584 0.8517262 1.3492976 1.5247035],[8.301512 8.301376 8.295099 8.286509],[0.5188588  0.5244441  0.5284308  0.55424315]
DDK8,B,5e-08,18,True,False,TDD,vanilla,0,[0.23435012 0.5897351  0.78871924 0.90173715],[0.15540794 0.40414855 0.41384637 0.3339746 ],[ 44.023857 126.157646 191.73401  240.9758  ],[ 33.788876  99.71501  130.98769  148.595   ],[7.9083104 7.1786137 6.448794  5.9347644],[0.624779  1.2375568 1.581404  1.6298006],[8.143847 8.165355 8.19014  8.226463],[0.5570067  0.5532856  0.5880717  0.64253396]
DDK8,B,5e-08,21,True,False,TDD,vanilla,0,[0.26794738 0.6150886  0.8213637  0.9241793 ],[0.20190586 0.37464273 0.39944422 0.31630403],[ 52.271446 138.76146  196.41985  239.77461 ],[ 44.19627 106.71784 122.24967 129.32718],[7.81938   7.0107937 6.2803755 5.7799144],[0.69857794 1.3178145  1.6074435  1.6122446 ],[8.123272 8.136701 8.135805 8.15118 ],[0.5637358  0.5555875  0.58310056 0.62311333]
DDK8,B,5e-08,24,True,False,TDD,vanilla,0,[0.3020171  0.63063073 0.8146492  0.92065275],[0.27001783 0.4248083  0.3936952  0.2812018 ],[ 61.034157 151.9862   210.81322  255.07492 ],[ 56.72152  123.735374 134.83348  144.73268 ],[7.946178 7.037292 6.467779 5.99586 ],[0.6951844 1.4485954 1.5291378 1.5213889],[8.270131 8.258452 8.255482 8.262504],[0.5118271  0.51376563 0.5234589  0.57083213]
DDK8,B,5e-08,27,True,False,TDD,vanilla,0,[0.34378758 0.70477134 0.8849103  0.9861447 ],[0.24739937 0.38768598 0.42813936 0.32292345],[ 66.648445 161.17072  214.97328  251.03755 ],[ 58.6101   117.67689  128.9017   126.823395],[7.7886295 6.751906  6.1859307 5.5379157],[0.71718025 1.547014   1.5948191  1.6213939 ],[8.164666 8.149782 8.144778 8.15001 ],[0.5907433 0.6523984 0.6741813 0.6614096]
DDK8,B,5e-08,33,True,False,TDD,vanilla,0,[0.5985368  0.97003126 1.1245031  1.2692926 ],[0.53881264 0.59138733 0.56986785 0.86294603],[112.025604 213.8691   266.52286  290.6065  ],[ 91.97068 148.49004 138.59114 137.1442 ],[7.5520725 6.5793633 5.939721  5.590025 ],[1.0035449 1.4653686 1.6197224 1.534705 ],[8.244222 8.21752  8.208188 8.190938],[0.59182024 0.6487663  0.6651303  0.6921988 ]
DDK8,B,5e-08,36,True,False,TDD,vanilla,0,[0.793717  1.1455952 1.2715544 1.2824843],[0.61229503 0.6794556  0.59934807 0.46604654],[157.71548 254.21735 293.79376 322.58252],[117.02825 143.72731 136.76433 145.31892],[7.2028637 5.9973335 5.5410824 5.0741034],[1.2929147 1.7056373 1.519458  1.5792389],[8.266978 8.223077 8.203336 8.203679],[0.6390856  0.63954604 0.61311203 0.6540083 ]
DDK8,B,5e-08,42,True,False,TDD,vanilla,0,[0.8915632 1.1051574 1.196204  1.1989688],[0.6721722  0.48683968 0.44993576 0.40313074],[174.29706 266.1936  304.32043 330.6479 ],[145.99403 166.3607  148.96718 153.22154],[6.702887  5.938886  5.5333796 5.1720233],[1.695207  1.6785047 1.4232492 1.4680077],[8.1687   8.187472 8.230034 8.259732],[0.55716753 0.59658355 0.6257369  0.63968194]
DDK8,B,2e-07,3,True,False,TDD,vanilla,0,[0.05385863 0.0701752  0.0909225  0.11819872],[0.0164858  0.02584053 0.03872218 0.05652158],[12.101676 15.67835  20.370607 26.744123],[ 3.765804  5.868137  8.91904  13.540872],[8.077196 8.061792 8.040256 8.009749],[0.40816963 0.41616616 0.42642957 0.44008836],[8.140387 8.142667 8.144901 8.14683 ],[0.4020315  0.40776485 0.41400665 0.42071086]
DDK8,B,2e-07,6,True,False,TDD,vanilla,0,[0.07801849 0.12442413 0.19004728 0.27151892],[0.02720224 0.05550773 0.09620702 0.14740665],[18.259619 29.138067 45.35466  66.81345 ],[ 5.422959 11.767807 22.276468 36.765472],[8.107917  8.056025  7.9707704 7.843854 ],[0.38820788 0.41140288 0.45321992 0.53130263],[8.200198 8.203735 8.207059 8.210534],[0.37354088 0.3805655  0.3896417  0.39972013]
DDK8,B,2e-07,9,True,False,TDD,vanilla,0,[0.09591592 0.17583327 0.290694   0.4186354 ],[0.02739466 0.06681562 0.12955908 0.18988559],[ 23.006948  43.04924   74.30497  111.50706 ],[ 7.875445 21.643394 46.008633 71.16633 ],[8.103235  8.00274   7.825902  7.5695906],[0.415703   0.42364067 0.45544925 0.5596226 ],[8.216351 8.215251 8.214624 8.214304],[0.40763524 0.41026485 0.41645423 0.42503932]
DDK8,B,2e-07,12,True,False,TDD,vanilla,0,[0.13326055 0.27330348 0.4428903  0.5824321 ],[0.06132197 0.16175595 0.25863376 0.28770092],[ 28.487005  59.82321  101.156876 140.80174 ],[10.922269 32.958378 57.70436  74.21421 ],[7.9596868 7.7296343 7.321834  6.873102 ],[0.49042323 0.65961957 1.0260633  1.3589877 ],[8.120098  8.1142645 8.112743  8.113856 ],[0.43833014 0.4555621  0.47286943 0.49387443]
DDK8,B,2e-07,15,True,False,TDD,vanilla,0,[0.15681337 0.32751864 0.50678897 0.6373999 ],[0.07384916 0.19215026 0.25363156 0.24359202],[ 35.744053  80.03192  133.90114  180.47063 ],[15.868878 50.424072 81.42178  98.20809 ],[8.009948  7.725645  7.2658715 6.821371 ],[0.53860354 0.7236315  1.0313324  1.2926388 ],[8.197627 8.204034 8.217083 8.230654],[0.48526046 0.50316983 0.5246719  0.5439685 ]
DDK8,B,2e-07,18,True,False,TDD,vanilla,0,[0.19088227 0.40175408 0.5774222  0.7050463 ],[0.10471846 0.25435743 0.2935712  0.25536206],[ 42.533813  96.80506  147.97742  193.12672 ],[ 25.691765  72.037506  94.8443   102.7509  ],[7.9376087 7.51699   7.008669  6.571365 ],[0.54606855 0.9123543  1.2929734  1.4021837 ],[8.1638975 8.175692  8.188434  8.202102 ],[0.48944053 0.50745434 0.51854205 0.5220388 ]
DDK8,B,2e-07,21,True,False,TDD,vanilla,0,[0.2573618  0.5586683  0.75071526 0.86586416],[0.14902952 0.31436908 0.33555374 0.29594672],[ 61.503174 142.16216  194.72935  230.22107 ],[ 36.64925  87.32106  99.08687 100.9463 ],[7.851891  7.1191115 6.3657875 5.9012012],[0.5464503 1.0210221 1.3867971 1.364918 ],[8.188612 8.176667 8.144227 8.140654],[0.44568112 0.44044286 0.4572289  0.47989473]
DDK8,B,2e-07,24,True,False,TDD,vanilla,0,[0.28529212 0.58207834 0.7683017  0.8653319 ],[0.19293167 0.34086704 0.32832706 0.2594067 ],[ 65.23245 142.51837 198.56235 243.76537],[ 42.072456  86.97965   97.6611   108.5346  ],[7.73437   6.905535  6.2600193 5.826555 ],[0.70611733 1.3885888  1.566856   1.5813661 ],[8.138821 8.121225 8.131564 8.179233],[0.5049219  0.5401905  0.55457497 0.5767097 ]
DDK8,B,2e-07,27,True,False,TDD,vanilla,0,[0.31781742 0.60821015 0.7870663  0.8742333 ],[0.23802754 0.33325672 0.3126505  0.23238584],[ 75.44376 156.62366 205.90834 239.76953],[ 56.576515 106.18594  108.80274  104.52208 ],[7.746736  6.94475   6.2903996 5.7519426],[0.79685074 1.3573965  1.549714   1.5745779 ],[8.195908 8.177614 8.161719 8.149493],[0.58492225 0.5956014  0.5773279  0.5629562 ]
DDK8,B,2e-07,33,True,False,TDD,vanilla,0,[0.47044262 0.7447069  0.93433553 0.9951935 ],[0.2979658  0.3228591  0.3313392  0.23626117],[105.37149 191.40291 245.10176 270.31387],[ 66.15445  106.66455  108.638535 115.677956],[7.3914843 6.4545207 5.676616  5.3278103],[0.85159266 1.3373173  1.4613398  1.379814  ],[8.113809 8.133947 8.133893 8.112729],[0.5259433  0.55339056 0.55033195 0.5765365 ]
DDK8,B,2e-07,36,True,False,TDD,vanilla,0,[0.4705827  0.79349166 0.97091955 1.047691  ],[0.3693406  0.49187675 0.51913863 0.3050215 ],[109.16339 193.0273  237.27422 263.60562],[ 79.96266  117.61934  107.160965 102.6483  ],[7.417732  6.522677  5.8989387 5.226708 ],[1.0314778 1.531561  1.399929  1.3698999],[8.202237 8.165164 8.124358 8.063301],[0.48082286 0.5317794  0.5752137  0.61029977]
DDK8,B,2e-07,42,True,False,TDD,vanilla,0,[0.6667071  0.91645515 1.0152856  1.0848781 ],[0.48390967 0.38657564 0.3081061  0.26448515],[151.00983 233.51527 269.25568 287.7488 ],[110.4659  124.87036 131.89214 119.8307 ],[6.963137  6.1109757 5.5223913 5.092717 ],[1.3092835 1.4373668 1.3092685 1.0829377],[8.116588  8.1407385 8.108494  8.074529 ],[0.5461969 0.5206076 0.5220433 0.5106325]
DDK8,B,4e-07,3,True,False,TDD,vanilla,0,[0.06889    0.08440328 0.10251446 0.12650226],[0.02019625 0.02721936 0.03572591 0.04756051],[17.500713 21.45604  26.178162 32.484886],[ 4.692812  6.339686  8.63199  11.691828],[8.119501 8.102318 8.081357 8.051961],[0.34591138 0.3545486  0.3629734  0.37618977],[8.20847  8.210395 8.212237 8.213969],[0.3344236  0.33968472 0.345037   0.3505006 ]
DDK8,B,4e-07,6,True,False,TDD,vanilla,0,[0.09656613 0.13916127 0.1954721  0.26383576],[0.02834013 0.04932077 0.08123753 0.11916932],[23.774317 34.74662  49.814735 69.09724 ],[ 7.4166384 13.25342   23.097816  36.358772 ],[8.061974 8.006444 7.924493 7.812577],[0.3352245  0.3508943  0.37775636 0.42610863],[8.184885 8.185724 8.186444 8.187491],[0.3219428  0.32802498 0.33519444 0.34295762]
DDK8,B,4e-07,9,True,False,TDD,vanilla,0,[0.1183375  0.19221935 0.2887233  0.39610806],[0.04262743 0.08429772 0.13794672 0.19283158],[ 29.105825  47.973812  74.434204 105.35526 ],[10.265624 20.984764 37.44906  57.165993],[8.040285  7.9352155 7.763844  7.512571 ],[0.35343385 0.37745532 0.45035213 0.6277165 ],[8.193824  8.191843  8.1865635 8.178488 ],[0.33316842 0.33920407 0.35002944 0.36504003]
DDK8,B,4e-07,12,True,False,TDD,vanilla,0,[0.13972841 0.24619956 0.38148367 0.5071726 ],[0.04659942 0.10795204 0.17999914 0.21969211],[ 34.177536  62.24714  100.49472  139.63637 ],[11.624743 29.36741  53.514668 72.15616 ],[7.973433  7.814276  7.5283513 7.172091 ],[0.35674787 0.42257577 0.6231429  0.8853498 ],[8.155842 8.160818 8.163987 8.167347],[0.32843766 0.33568707 0.35014966 0.36756453]
DDK8,B,4e-07,15,True,False,TDD,vanilla,0,[0.17980596 0.33867508 0.5059313  0.6290331 ],[0.0758564  0.18168479 0.2535082  0.2651566 ],[ 43.56362  85.58768 132.61143 170.86128],[17.540697 49.22918  73.89825  84.83352 ],[7.9140334 7.6113997 7.116072  6.649061 ],[0.46760514 0.6736153  1.068422   1.3511655 ],[8.153601 8.155079 8.152278 8.149134],[0.4101913  0.43171167 0.44939846 0.460384  ]
DDK8,B,4e-07,18,True,False,TDD,vanilla,0,[0.21973534 0.41737422 0.5939272  0.7095827 ],[0.10082655 0.2206319  0.27289376 0.24729075],[ 52.03575 106.62911 159.00722 197.38165],[24.300024 65.8631   88.9272   91.20091 ],[7.8270245 7.386364  6.830528  6.3619885],[0.51898056 0.81997234 1.1037505  1.2815903 ],[8.1320305 8.13783   8.141356  8.146609 ],[0.42991513 0.4332563  0.4316455  0.42852738]
DDK8,B,4e-07,21,True,False,TDD,vanilla,0,[0.22307308 0.43104666 0.6112735  0.75161827],[0.09762163 0.20298031 0.22728905 0.20908885],[ 56.230362 117.89702  173.01154  215.15596 ],[ 26.244818  72.1536    97.77354  106.98867 ],[7.852798  7.3652754 6.7860203 6.2115827],[0.47011712 0.7633769  1.0130364  1.1163925 ],[8.166336 8.156872 8.151517 8.130608],[0.39600894 0.41945392 0.43816084 0.45606455]
DDK8,B,4e-07,24,True,False,TDD,vanilla,0,[0.2670542  0.52559614 0.70829844 0.8263267 ],[0.12680203 0.2517258  0.26746413 0.22719403],[ 67.75851 147.93092 207.456   249.20126],[ 33.74011   86.80522  107.97105  110.209114],[7.821314  7.14672   6.426424  5.9644337],[0.50365174 0.9045051  1.2707535  1.2332367 ],[8.199759 8.205041 8.207555 8.21912 ],[0.404768   0.4265331  0.43737403 0.43781117]
DDK8,B,4e-07,27,True,False,TDD,vanilla,0,[0.30250064 0.57754314 0.7561164  0.86131346],[0.15976037 0.26759508 0.27635548 0.20774814],[ 75.037384 150.07428  200.91397  238.82385 ],[39.65874  77.240105 86.605194 82.63512 ],[7.682052  6.89104   6.1508293 5.632384 ],[0.57594603 1.062642   1.3190212  1.3260487 ],[8.149215 8.11694  8.104062 8.116798],[0.3806188  0.3709262  0.37762547 0.39070326]
DDK8,B,4e-07,33,True,False,TDD,vanilla,0,[0.44530937 0.73324275 0.9104137  0.9893532 ],[0.26613507 0.33205467 0.3203528  0.32325077],[120.129524 216.11615  269.0984   290.94418 ],[ 76.418    120.57668  108.154915  98.47542 ],[7.4680257 6.546976  5.9501634 5.446827 ],[0.8567803 1.2317518 1.2013277 1.2206297],[8.246285 8.265709 8.252912 8.226303],[0.46850497 0.45464966 0.43810764 0.45476887]
DDK8,B,4e-07,36,True,False,TDD,vanilla,0,[0.51226825 0.78786355 0.92961746 0.99043936],[0.3078281  0.3184331  0.2727307  0.20711195],[121.214226 201.70294  254.97888  287.4634  ],[73.591515 90.01406  89.83252  97.15024 ],[7.09761   6.158667  5.6082563 5.289099 ],[0.9569501 1.3205341 1.2528361 1.0948541],[8.057566 8.079075 8.129921 8.168677],[0.40291405 0.39826265 0.40041897 0.40959847]
DDK8,B,4e-07,42,True,False,TDD,vanilla,0,[1.2344626 0.8591025 0.9597724 1.0104119],[5.2456546  0.40529394 0.26805067 0.18160228],[416.39594 225.36937 260.23886 286.30334],[2431.1963    118.59736    99.85869    92.866875],[6.8823714 6.1468935 5.6911464 5.319619 ],[1.244643  1.3563007 1.1965404 1.090123 ],[8.131211  8.1205845 8.131761  8.168282 ],[0.45830318 0.46788168 0.48357803 0.44281054]
DDK8,E,5e-08,3,True,False,TDD,vanilla,0,[0.01573395 0.02041812 0.0266784  0.03313878],[0.00447694 0.0067426  0.00931203 0.01235467],[4.6144996 5.983422  7.7909546 9.660519 ],[1.4388986 2.1227086 2.8500602 3.685669 ],[8.256245 8.248037 8.238402 8.227726],[0.10719251 0.10801226 0.10974469 0.11205031],[8.275205 8.273342 8.271564 8.269935],[0.10735612 0.10797671 0.10877378 0.10978284]
DDK8,E,5e-08,6,True,False,TDD,vanilla,0,[0.02003221 0.02997969 0.04195527 0.05659411],[0.00531993 0.01079624 0.01749209 0.02739592],[ 5.8468304  8.752172  12.25113   16.601099 ],[1.6166238 3.212487  5.176206  8.168807 ],[8.251766 8.239645 8.22465  8.205033],[0.11300059 0.11503906 0.11738992 0.1227186 ],[8.276046 8.276881 8.277935 8.278976],[0.11304259 0.11515557 0.11746033 0.11958142]
DDK8,E,5e-08,9,True,False,TDD,vanilla,0,[0.02282015 0.03629191 0.0531404  0.07373097],[0.00604089 0.01376309 0.02457743 0.03760451],[ 6.6989317 10.686901  15.689384  21.840252 ],[ 1.7248386  3.9479415  7.162863  11.011529 ],[8.266133 8.251488 8.230035 8.201487],[0.12945521 0.13318221 0.14029182 0.15250848],[8.294175 8.29685  8.298473 8.298301],[0.12703064 0.12796013 0.1290341  0.13212258]
DDK8,E,5e-08,12,True,False,TDD,vanilla,0,[0.02698738 0.04578941 0.06868522 0.09270892],[0.00774087 0.01713641 0.0310576  0.04422124],[ 7.72226  13.112204 19.732603 26.655027],[ 2.205057   4.9930005  9.275541  13.115949 ],[8.212839 8.184197 8.147169 8.109812],[0.10938691 0.11499701 0.12779526 0.1473061 ],[8.245988  8.241977  8.236683  8.2317295],[0.10888108 0.11287002 0.11957742 0.12670901]
DDK8,E,5e-08,15,True,False,TDD,vanilla,0,[0.03209479 0.05580653 0.08333246 0.11431613],[0.00996849 0.021846   0.04011298 0.05558843],[ 9.232062 16.126152 24.252892 33.54506 ],[ 2.7530015  6.2383413 11.881619  17.111477 ],[8.223182 8.189282 8.148608 8.106876],[0.13832693 0.14728774 0.16307507 0.17306188],[8.262611  8.2612095 8.260151  8.261041 ],[0.13493809 0.13911162 0.14343643 0.14577541]
DDK8,E,5e-08,18,True,False,TDD,vanilla,0,[0.03592664 0.06476393 0.09605096 0.1323989 ],[0.01333284 0.0346921  0.05451804 0.06961845],[10.478052 19.15263  28.595057 39.58358 ],[ 3.8614771 10.623622  16.874983  21.695011 ],[8.237097 8.198864 8.154143 8.111343],[0.14001004 0.15545157 0.16977595 0.17956175],[8.281872 8.281912 8.279536 8.27891 ],[0.13541299 0.14105983 0.14464794 0.14809406]
DDK8,E,5e-08,21,True,False,TDD,vanilla,0,[0.03969905 0.07181892 0.09979959 0.14487904],[0.01645698 0.03327676 0.04442147 0.06815992],[11.782066 21.38042  29.615074 43.008022],[ 4.646838 10.145091 13.325454 20.48852 ],[8.257236  8.208126  8.162239  8.1059885],[0.15235697 0.15265521 0.1711041  0.18870185],[8.307358 8.301056 8.291944 8.288347],[0.14678083 0.14288229 0.1493194  0.15211837]
DDK8,E,5e-08,24,True,False,TDD,vanilla,0,[0.0459989  0.08154797 0.11733987 0.16098282],[0.01993399 0.04010316 0.06077261 0.08079597],[13.521758 24.01932  34.253513 47.329224],[ 5.6974573 11.979591  18.1328    24.220053 ],[8.230553 8.174734 8.12081  8.064567],[0.13790749 0.15132308 0.18357818 0.21797779],[8.2875   8.278505 8.268627 8.264957],[0.13044433 0.1344253  0.15097398 0.16351572]
DDK8,E,5e-08,27,True,False,TDD,vanilla,0,[0.04554815 0.07995809 0.12022392 0.167302  ],[0.01673436 0.03967086 0.05778733 0.08307639],[13.36445  23.898203 35.95079  50.34912 ],[ 5.064083 12.186484 17.8019   25.841112],[8.222722 8.182541 8.140929 8.083357],[0.13239816 0.1578845  0.16735727 0.19735669],[8.279845  8.286421  8.2941885 8.295663 ],[0.12928064 0.14179233 0.13784619 0.14801458]
DDK8,E,5e-08,33,True,False,TDD,vanilla,0,[0.06321782 0.10111877 0.14828146 0.19717748],[0.04066799 0.05545937 0.07991845 0.09976254],[18.460356 29.972937 43.996666 58.738247],[10.720311 16.55684  23.592571 30.76096 ],[8.204834 8.159057 8.093721 8.03858 ],[0.16994481 0.16260597 0.2045786  0.21073054],[8.287059 8.28844  8.283365 8.28227 ],[0.14250225 0.14087309 0.1485409  0.15866236]
DDK8,E,5e-08,36,True,False,TDD,vanilla,0,[0.06924386 0.10578146 0.15330721 0.19435152],[0.04432399 0.05316034 0.07457693 0.09241078],[19.990015 30.9513   45.541237 58.431705],[11.974018 14.581317 21.563717 28.212896],[8.192287 8.153141 8.096416 8.055792],[0.19283465 0.2110774  0.23246993 0.24933088],[8.281623 8.287588 8.29217  8.30194 ],[0.16172272 0.17149195 0.17695847 0.17350179]
DDK8,E,5e-08,42,True,False,TDD,vanilla,0,[0.07231345 0.11299412 0.15997878 0.20595855],[0.05191714 0.06140491 0.07157713 0.09198266],[21.043598 33.23784  46.972233 60.76458 ],[13.969784 17.82913  20.94681  26.958532],[8.192876 8.133468 8.075454 8.025801],[0.17602554 0.19325073 0.19986212 0.21722507],[8.2850485 8.277092  8.275991  8.2751875],[0.15040708 0.15980272 0.16346732 0.16856034]
DDK8,E,2e-07,3,True,False,TDD,vanilla,0,[0.02654073 0.03154189 0.03701574 0.04289639],[0.00814913 0.01058536 0.01263559 0.0159704 ],[ 7.9470024  9.443829  11.078426  12.83942  ],[2.4342046 3.1592996 3.758618  4.747347 ],[8.2558365 8.249636  8.242955  8.234873 ],[0.04155454 0.0438072  0.04601971 0.04958251],[8.280581 8.280627 8.280685 8.280739],[0.0395242  0.04055545 0.04168786 0.04291362]
DDK8,E,2e-07,6,True,False,TDD,vanilla,0,[0.02937484 0.04024813 0.05180014 0.06534862],[0.00811433 0.0130147  0.01764591 0.02537475],[ 8.841559 12.113844 15.592674 19.67084 ],[2.4429102 3.905533  5.307161  7.6148334],[8.263162 8.249612 8.23398  8.214926],[0.0450369  0.049918   0.05593846 0.06500197],[8.293882 8.294106 8.294251 8.294382],[0.04388142 0.04748659 0.05115881 0.05493952]
DDK8,E,2e-07,9,True,False,TDD,vanilla,0,[0.03405479 0.04735951 0.05961707 0.07394736],[0.0108353  0.01670274 0.02172947 0.02854985],[10.278194 14.302609 18.015736 22.364609],[3.2825837 5.061922  6.642157  8.804824 ],[8.258365 8.243799 8.228024 8.208905],[0.06307713 0.07142651 0.07986255 0.08895265],[8.294298 8.295323 8.296029 8.296503],[0.05927263 0.06526424 0.07138937 0.07772422]
DDK8,E,2e-07,12,True,False,TDD,vanilla,0,[0.03610765 0.05075815 0.06575187 0.08210686],[0.01061621 0.01661151 0.02433973 0.03352731],[10.847576 15.2627   19.772501 24.683006],[3.112987  4.9346294 7.2182584 9.9140005],[8.254525 8.237273 8.217594 8.195993],[0.07263063 0.08001155 0.09182344 0.10636894],[8.292669 8.293591 8.29417  8.294293],[0.06883647 0.07497934 0.08134437 0.08748709]
DDK8,E,2e-07,15,True,False,TDD,vanilla,0,[0.04509581 0.06317024 0.08039062 0.10078377],[0.0136449  0.02054434 0.02728802 0.03472697],[13.51344  18.924688 24.110641 30.256084],[ 4.165016   6.2137895  8.280861  10.531574 ],[8.231219 8.207335 8.183624 8.158667],[0.06977853 0.07902321 0.08872455 0.09987856],[8.278367 8.277282 8.276983 8.276869],[0.06547173 0.07076035 0.07667465 0.08393777]
DDK8,E,2e-07,18,True,False,TDD,vanilla,0,[0.04640059 0.06599598 0.08544326 0.11242764],[0.01457302 0.0238886  0.03157281 0.04559797],[13.793636 19.552803 25.3245   33.38203 ],[ 4.24811    6.6681323  8.913381  13.176482 ],[8.222808 8.198081 8.172639 8.14361 ],[0.08567601 0.101289   0.11312062 0.12735154],[8.273221 8.273726 8.274927 8.276924],[0.07880081 0.08553309 0.09271665 0.09996614]
DDK8,E,2e-07,21,True,False,TDD,vanilla,0,[0.04897883 0.07220591 0.09037035 0.11725837],[0.01332504 0.02149018 0.02614475 0.03693103],[14.680079 21.608183 27.061316 35.220974],[ 4.0682106  6.338705   7.7517357 11.358065 ],[8.236523 8.207451 8.184455 8.153917],[0.09607895 0.11065427 0.12272877 0.13306813],[8.2915325 8.292838  8.293352  8.293094 ],[0.09075397 0.09886748 0.10661584 0.11423081]
DDK8,E,2e-07,24,True,False,TDD,vanilla,0,[0.05286617 0.07703648 0.09949981 0.13018027],[0.01550026 0.0249582  0.03331929 0.0444083 ],[15.801748 22.862272 29.41222  38.52981 ],[ 4.740412   7.2405715  9.567694  13.158352 ],[8.225921  8.1892605 8.156402  8.116239 ],[0.10107939 0.11373477 0.1271313  0.13582139],[8.283634 8.277485 8.2726   8.268844],[0.0970543  0.10391299 0.1116889  0.11914234]
DDK8,E,2e-07,27,True,False,TDD,vanilla,0,[0.05743565 0.0815012  0.10587195 0.13289668],[0.02172838 0.03113942 0.04070774 0.05026601],[17.189516 24.479641 31.963638 40.242805],[ 6.2745175  9.121063  12.266574  15.502405 ],[8.221517 8.196667 8.171126 8.144719],[0.10375164 0.11529943 0.12698615 0.13990983],[8.285105 8.289517 8.293083 8.295244],[0.09349079 0.10003035 0.1076677  0.11564252]
DDK8,E,2e-07,33,True,False,TDD,vanilla,0,[0.0631871  0.08454008 0.11616679 0.14012572],[0.02734151 0.03152737 0.04128844 0.05039555],[19.033886 25.620762 35.35094  42.78103 ],[ 8.30444   9.90054  12.864448 15.813186],[8.221127 8.203101 8.172059 8.149951],[0.12053791 0.12860705 0.1387933  0.15067764],[8.293463 8.300457 8.306935 8.31096 ],[0.1121941  0.1177948  0.12364822 0.1286118 ]
DDK8,E,2e-07,36,True,False,TDD,vanilla,0,[0.06532744 0.08929276 0.11698971 0.14345556],[0.02561406 0.03560795 0.03991587 0.04625304],[19.145027 26.067375 34.238415 42.231342],[ 7.3030453 10.135094  11.486527  13.908067 ],[8.184394  8.153555  8.1238165 8.095129 ],[0.11667539 0.1342791  0.15026851 0.16322918],[8.260142  8.257455  8.2576065 8.260585 ],[0.10467414 0.11562987 0.12960932 0.14268412]
DDK8,E,2e-07,42,True,False,TDD,vanilla,0,[0.07257813 0.0966318  0.1251583  0.15006104],[0.02529176 0.02979408 0.03623427 0.04412777],[21.801516 28.769333 37.365818 44.863205],[ 7.79668   8.674969 11.100101 13.87343 ],[8.201538 8.170992 8.136526 8.107861],[0.11140788 0.1318065  0.14006183 0.14845875],[8.285831 8.281849 8.27859  8.276519],[0.10005278 0.10973753 0.12256967 0.13150124]
DDK8,E,4e-07,3,True,False,TDD,vanilla,0,[0.03146977 0.03646639 0.04148232 0.04704465],[0.0103124  0.01256838 0.01419833 0.01726997],[ 9.425438 10.919884 12.417009 14.083754],[3.1030095 3.7807329 4.2705817 5.199721 ],[8.258047 8.251383 8.244718 8.236652],[0.03269162 0.03559762 0.03845653 0.04245444],[8.288958 8.288684 8.288403 8.288102],[0.02915174 0.03073189 0.03247377 0.03435929]
DDK8,E,4e-07,6,True,False,TDD,vanilla,0,[0.03884148 0.04964603 0.0592376  0.06974228],[0.01054789 0.01518606 0.0181544  0.02246478],[11.624299 14.853893 17.719398 20.870363],[3.2193282 4.590246  5.4941597 6.8258657],[8.245238 8.231925 8.218908 8.203884],[0.04182915 0.04749777 0.05286442 0.05904607],[8.284499 8.284238 8.283938 8.283622],[0.03912413 0.0432141  0.04740655 0.05164111]
DDK8,E,4e-07,9,True,False,TDD,vanilla,0,[0.04332687 0.05617871 0.06674016 0.07889959],[0.01077641 0.01496331 0.01906728 0.02336676],[12.964145 16.817455 19.975208 23.620855],[3.321052 4.636766 5.91708  7.256613],[8.236744 8.220352 8.205762 8.188946],[0.05378446 0.06032083 0.06801587 0.07594261],[8.280015 8.279101 8.278396 8.278026],[0.05211917 0.05833429 0.06446901 0.0706116 ]
DDK8,E,4e-07,12,True,False,TDD,vanilla,0,[0.04813727 0.06352105 0.07707866 0.09343889],[0.01415689 0.01966742 0.02405118 0.03186892],[14.444806 19.079584 23.201052 28.148632],[4.3140283 5.981656  7.3750963 9.707623 ],[8.236731  8.2185545 8.2025    8.184392 ],[0.06834619 0.07764238 0.08411062 0.09324183],[8.285689 8.28714  8.288548 8.289801],[0.06437866 0.07084928 0.07688569 0.08259344]
DDK8,E,4e-07,15,True,False,TDD,vanilla,0,[0.0495997  0.06524208 0.07926817 0.09545053],[0.01175955 0.01625965 0.02025161 0.0266104 ],[14.868126 19.577194 23.832304 28.77306 ],[3.5164666 4.7920027 5.9840302 8.049076 ],[8.236474 8.219204 8.203157 8.186139],[0.07902648 0.09067871 0.10040402 0.11041187],[8.288774 8.291263 8.293829 8.296032],[0.07523514 0.08273138 0.09050899 0.09828036]
DDK8,E,4e-07,18,True,False,TDD,vanilla,0,[0.05354592 0.06910637 0.08345646 0.10160027],[0.01598059 0.0193629  0.02206931 0.02929104],[15.962863 20.553642 24.80309  30.169706],[4.8840594 5.8486295 6.705309  8.954786 ],[8.2219925 8.200108  8.17985   8.15662  ],[0.07496811 0.08348733 0.09045824 0.09978961],[8.27856  8.276338 8.274124 8.272226],[0.06968126 0.07664183 0.08386724 0.09061535]
DDK8,E,4e-07,21,True,False,TDD,vanilla,0,[0.05939035 0.07706556 0.09070243 0.11192609],[0.01846744 0.02412669 0.02723937 0.03726861],[17.702805 22.968132 27.004814 33.272106],[ 5.57855    7.2970304  8.183243  11.067479 ],[8.215113 8.192672 8.174522 8.150684],[0.09944934 0.11259831 0.12414791 0.13547054],[8.276323 8.276242 8.275361 8.274577],[0.09324113 0.10310401 0.11220799 0.12068646]
DDK8,E,4e-07,24,True,False,TDD,vanilla,0,[0.06235218 0.0803341  0.09565683 0.11623154],[0.02037075 0.02631997 0.03204242 0.03926855],[18.665226 24.181553 28.969976 35.458843],[ 5.781993  7.554093  9.565746 12.340889],[8.221489 8.206386 8.191767 8.173547],[0.10601319 0.11503036 0.12083746 0.12852523],[8.286703 8.293116 8.298703 8.30418 ],[0.09379449 0.09931406 0.10363212 0.10734849]
DDK8,E,4e-07,27,True,False,TDD,vanilla,0,[0.06160887 0.07844482 0.09587434 0.11989782],[0.01991452 0.02377948 0.02840621 0.0404795 ],[18.291504 23.382502 28.732079 36.086937],[ 5.7737412  6.9328613  8.432234  12.359986 ],[8.210461 8.193696 8.177949 8.154594],[0.09986952 0.10608244 0.11334127 0.12585713],[8.276787 8.280539 8.284522 8.288042],[0.08973086 0.09296609 0.09940286 0.10667291]
DDK8,E,4e-07,33,True,False,TDD,vanilla,0,[0.0673992  0.08508292 0.10793338 0.12933502],[0.02313875 0.02698692 0.03615459 0.04120054],[20.090012 25.286566 32.059303 38.475487],[ 7.004905   7.9481864 10.450182  12.093066 ],[8.203796 8.180497 8.152733 8.131708],[0.11787599 0.12083729 0.12759195 0.12695523],[8.277195 8.275805 8.276591 8.27708 ],[0.10656009 0.10650315 0.10475279 0.10291509]
DDK8,E,4e-07,36,True,False,TDD,vanilla,0,[0.06840213 0.08563033 0.10328494 0.12505078],[0.0206446  0.02336467 0.02761386 0.0321118 ],[20.510872 25.623466 30.758333 37.19088 ],[6.1257396 6.957976  8.003066  9.476023 ],[8.214249 8.191122 8.164881 8.137213],[0.12755074 0.137425   0.14438301 0.1448571 ],[8.287193 8.285667 8.282404 8.278148],[0.11921629 0.12636288 0.12809068 0.12669323]
DDK8,E,4e-07,42,True,False,TDD,vanilla,0,[0.07195075 0.09000877 0.10954967 0.13177282],[0.02268323 0.02666956 0.0330707  0.03764862],[21.530712 26.8178   32.594326 39.19813 ],[ 6.6687155  7.7217674  9.912768  11.648037 ],[8.206021 8.183025 8.157324 8.130771],[0.11233139 0.12142494 0.13041554 0.13770641],[8.284267 8.282584 8.279294 8.275064],[0.1008014  0.10741474 0.11493791 0.12366353]
DDK8,B,5e-08,3,True,False,TDD,vanilla,5,[0.02244684 0.03230776 0.04769925 0.0697611 ],[0.00737511 0.01223093 0.02577949 0.04148579],[ 4.454954   6.393211   9.1164055 13.5630245],[1.2441428 2.3161554 4.440135  8.121849 ],[8.29158  8.284627 8.273372 8.255105],[0.28834626 0.30134192 0.3144072  0.32804698],[8.310017 8.311025 8.311322 8.311014],[0.28663874 0.29886186 0.31123886 0.32331756]
DDK8,B,5e-08,6,True,False,TDD,vanilla,5,[0.03598761 0.07345578 0.13054137 0.21509023],[0.01674242 0.0515364  0.09895625 0.17083007],[ 6.036702 12.181963 23.282433 41.669945],[ 2.2070408  7.094977  17.392263  34.73116  ],[8.172768 8.144561 8.08855  7.985739],[0.39827198 0.4165831  0.4532471  0.53270227],[8.200852 8.201836 8.201868 8.201473],[0.3916575  0.39977843 0.40850884 0.41598985]
DDK8,B,5e-08,9,True,False,TDD,vanilla,5,[0.04814446 0.11892901 0.23156221 0.37118247],[0.03075347 0.09943098 0.18650961 0.28815028],[ 8.514031 22.116165 48.059566 82.15767 ],[ 3.9354084 18.612555  46.39526   74.0524   ],[8.214138  8.16201   8.029174  7.7886267],[0.44927788 0.47814247 0.5714388  0.824733  ],[8.251503 8.261046 8.269067 8.268887],[0.43901262 0.44828582 0.46303815 0.4847499 ]
DDK8,B,5e-08,12,True,False,TDD,vanilla,5,[0.07609886 0.21163824 0.3829937  0.52250487],[0.05123084 0.1714793  0.27564856 0.31251484],[ 12.441645  39.218254  78.99734  121.60867 ],[ 7.4844913 33.170586  63.335243  89.77514  ],[8.110398  7.9713635 7.675003  7.284949 ],[0.44097993 0.5535627  0.8605943  1.1820005 ],[8.1689005 8.177474  8.178661  8.1839   ],[0.42534223 0.456648   0.4968093  0.52424604]
DDK8,B,5e-08,15,True,False,TDD,vanilla,5,[0.11190192 0.30515444 0.5127056  0.6528801 ],[0.09885976 0.2516537  0.33749184 0.343939  ],[ 20.270082  68.4569   126.66665  176.24777 ],[ 15.31388   61.201736  97.9899   122.47145 ],[8.211147  7.9161143 7.3769283 6.89595  ],[0.5682499 0.8399211 1.328672  1.5230317],[8.301512 8.301376 8.295099 8.286509],[0.5188588  0.5244441  0.5284308  0.55424315]
DDK8,B,5e-08,18,True,False,TDD,vanilla,5,[0.1977518  0.5541561  0.751658   0.85847074],[0.16182128 0.4247059  0.42982364 0.3480331 ],[ 37.643753 119.47048  185.48439  234.26645 ],[ 34.428368 102.31899  134.21407  151.0801  ],[7.950025 7.244078 6.537195 6.054441],[0.6109291 1.223716  1.5926081 1.6503736],[8.143847 8.165355 8.19014  8.226463],[0.5570067  0.5532856  0.5880717  0.64253396]
DDK8,B,5e-08,21,True,False,TDD,vanilla,5,[0.23447227 0.5847777  0.79489714 0.9086941 ],[0.20567751 0.38912705 0.4035962  0.32793182],[ 46.29175 132.83693 191.28745 235.67856],[ 44.663227 109.29545  123.90636  130.34949 ],[7.860531  7.065876  6.3581724 5.834968 ],[0.6904907 1.3403591 1.6036546 1.6346107],[8.123272 8.136701 8.135805 8.15118 ],[0.5637358  0.5555875  0.58310056 0.62311333]
DDK8,B,5e-08,24,True,False,TDD,vanilla,5,[0.27015302 0.59799385 0.7737667  0.8845586 ],[0.2732382  0.44437444 0.4061413  0.28292286],[ 55.58058 146.36797 205.10695 249.7634 ],[ 58.65342  127.228645 137.83519  146.08856 ],[7.977962  7.0926433 6.541774  6.106459 ],[0.6882558 1.4371834 1.535679  1.5247041],[8.270131 8.258452 8.255482 8.262504],[0.5118271  0.51376563 0.5234589  0.57083213]
DDK8,B,5e-08,27,True,False,TDD,vanilla,5,[0.31357798 0.68229455 0.85908717 0.9707566 ],[0.25744054 0.39526063 0.4275712  0.35365504],[ 61.3084  156.69286 210.40613 247.3067 ],[ 60.408077 120.88055  132.88203  129.30162 ],[7.828291 6.795979 6.265182 5.643974],[0.7048465 1.5731982 1.5950323 1.6181238],[8.164666 8.149782 8.144778 8.15001 ],[0.5907433 0.6523984 0.6741813 0.6614096]
DDK8,B,5e-08,33,True,False,TDD,vanilla,5,[0.5689266 0.9489801 1.0943428 1.2396332],[0.5528859 0.6151368 0.5498165 0.810116 ],[106.86732 210.1324  261.37802 287.0245 ],[ 94.08702 152.2208  139.93796 138.3034 ],[7.5874305 6.6190434 5.9769855 5.6137695],[1.0065912 1.4740598 1.647958  1.581329 ],[8.244222 8.21752  8.208188 8.190938],[0.59182024 0.6487663  0.6651303  0.6921988 ]
DDK8,B,5e-08,36,True,False,TDD,vanilla,5,[0.77330697 1.1315916  1.2373582  1.262427  ],[0.6222834  0.6885634  0.55413306 0.4656418 ],[154.14731 251.1901  289.7896  319.86554],[119.83223 146.18193 137.81688 145.82538],[7.230086  6.029559  5.5697923 5.093805 ],[1.2908757 1.7119569 1.541008  1.5943733],[8.266978 8.223077 8.203336 8.203679],[0.6390856  0.63954604 0.61311203 0.6540083 ]
DDK8,B,5e-08,42,True,False,TDD,vanilla,5,[0.85949725 1.0838085  1.1949729  1.1896677 ],[0.66099095 0.4876278  0.46522865 0.3941764 ],[170.17218 263.18466 302.8623  329.69696],[148.04778 167.75574 149.09839 155.02077],[6.7371583 5.9742384 5.561449  5.1954894],[1.6932604 1.6819898 1.4507809 1.4894428],[8.1687   8.187472 8.230034 8.259732],[0.55716753 0.59658355 0.6257369  0.63968194]
DDK8,B,2e-07,3,True,False,TDD,vanilla,5,[0.03035254 0.04109948 0.05618741 0.07755017],[0.0100044  0.01651761 0.02759611 0.04322331],[ 6.8623047  9.209642  12.58381   17.5371   ],[ 2.1574764  3.6673422  6.284783  10.324582 ],[8.105465 8.096439 8.082556 8.06141 ],[0.4059399  0.41279423 0.4212535  0.43183976],[8.140387 8.142667 8.144901 8.14683 ],[0.4020315  0.40776485 0.41400665 0.42071086]
DDK8,B,2e-07,6,True,False,TDD,vanilla,5,[0.04553873 0.07886747 0.13230643 0.20727877],[0.01703475 0.0407768  0.07920299 0.13319828],[10.611628 18.283585 31.165413 50.65646 ],[ 3.411592  8.405484 17.652657 32.501972],[8.148541  8.116197  8.058275  7.9608545],[0.38171768 0.39848796 0.4289368  0.48983508],[8.200198 8.203735 8.207059 8.210534],[0.37354088 0.3805655  0.3896417  0.39972013]
DDK8,B,2e-07,9,True,False,TDD,vanilla,5,[0.05873269 0.12138173 0.22507545 0.35021028],[0.01894724 0.05696063 0.12201918 0.1864342 ],[14.10838  29.841343 58.138428 94.79395 ],[ 5.5389643 18.184027  42.666847  69.48243  ],[8.149143  8.075418  7.931802  7.7073565],[0.41045678 0.41386113 0.43570065 0.5197023 ],[8.216351 8.215251 8.214624 8.214304],[0.40763524 0.41026485 0.41645423 0.42503932]
DDK8,B,2e-07,12,True,False,TDD,vanilla,5,[0.08872421 0.21484496 0.3833902  0.52874523],[0.05103032 0.1589088  0.26750043 0.30889273],[ 18.749964  46.60272   87.08286  127.58764 ],[ 8.852338 32.178898 59.491188 77.50487 ],[8.018518 7.827818 7.464178 7.029164],[0.4745568  0.62557316 0.9671804  1.3319778 ],[8.120098  8.1142645 8.112743  8.113856 ],[0.43833014 0.4555621  0.47286943 0.49387443]
DDK8,B,2e-07,15,True,False,TDD,vanilla,5,[0.1110315  0.27487996 0.45737076 0.5968821 ],[0.0685498  0.19979025 0.269085   0.26543993],[ 25.11989  67.41049 121.96799 170.18918],[ 14.905843  52.42548   85.09336  102.34397 ],[8.071024  7.8150897 7.3903084 6.9609804],[0.5249158 0.7099771 1.0208416 1.3084369],[8.197627 8.204034 8.217083 8.230654],[0.48526046 0.50316983 0.5246719  0.5439685 ]
DDK8,B,2e-07,18,True,False,TDD,vanilla,5,[0.140773   0.34814075 0.5297658  0.6640178 ],[0.10001712 0.26480165 0.31658414 0.2818126 ],[ 31.4286    84.520065 136.55908  182.86665 ],[ 25.048374  74.563354  98.51358  107.37946 ],[8.005439  7.607673  7.1249375 6.7142406],[0.52940404 0.9134961  1.3001974  1.3862624 ],[8.1638975 8.175692  8.188434  8.202102 ],[0.48944053 0.50745434 0.51854205 0.5220388 ]
DDK8,B,2e-07,21,True,False,TDD,vanilla,5,[0.21570292 0.51974136 0.71434283 0.8356312 ],[0.1586927  0.3288865  0.34868297 0.3034483 ],[ 51.20511 132.73843 187.1386  223.86772],[ 38.158688  91.75711  103.58273  104.11869 ],[7.9161906 7.2049403 6.4602666 5.986937 ],[0.5293848 1.0039263 1.4172146 1.410968 ],[8.188612 8.176667 8.144227 8.140654],[0.44568112 0.44044286 0.4572289  0.47989473]
DDK8,B,2e-07,24,True,False,TDD,vanilla,5,[0.24418414 0.5469533  0.73801696 0.84236383],[0.2055667  0.36061218 0.35012922 0.27822912],[ 55.35874 133.62662 190.25044 236.7253 ],[ 44.61018  91.65492 101.40879 110.7606 ],[7.802719  6.9874153 6.3785496 5.9443355],[0.69444793 1.3917959  1.565149   1.632293  ],[8.138821 8.121225 8.131564 8.179233],[0.5049219  0.5401905  0.55457497 0.5767097 ]
DDK8,B,2e-07,27,True,False,TDD,vanilla,5,[0.2749705 0.5742848 0.7617586 0.8557107],[0.25525326 0.35167104 0.33168253 0.24121419],[ 64.74399 147.83478 199.21364 234.94797],[ 59.877254 110.22833  113.049    107.13299 ],[7.81504   7.019043  6.4181423 5.854939 ],[0.7903243 1.3637869 1.5196854 1.566422 ],[8.195908 8.177614 8.161719 8.149493],[0.58492225 0.5956014  0.5773279  0.5629562 ]
DDK8,B,2e-07,33,True,False,TDD,vanilla,5,[0.4422095  0.72765833 0.92361933 0.9909996 ],[0.31869063 0.34485948 0.34965834 0.25357744],[ 98.69183 186.67168 242.03271 269.12122],[ 70.96272  110.29545  112.22579  117.916565],[7.446409 6.504923 5.747656 5.366869],[0.8516784 1.3497199 1.4751527 1.409369 ],[8.113809 8.133947 8.133893 8.112729],[0.5259433  0.55339056 0.55033195 0.5765365 ]
DDK8,B,2e-07,36,True,False,TDD,vanilla,5,[0.43880403 0.77894205 0.9539454  1.0378913 ],[0.38281578 0.5040731  0.5142843  0.3006021 ],[101.78325 188.9909  234.51791 261.59143],[ 84.65151  121.603165 109.35947  102.6754  ],[7.47542   6.581244  5.983942  5.2794356],[1.0226486 1.527073  1.4081144 1.3643999],[8.202237 8.165164 8.124358 8.063301],[0.48082286 0.5317794  0.5752137  0.61029977]
DDK8,B,2e-07,42,True,False,TDD,vanilla,5,[0.64572936 0.90441483 1.0190922  1.0901122 ],[0.5078708  0.4114862  0.33326393 0.27830103],[145.2174  229.81133 269.85272 288.5128 ],[113.84905  128.71889  136.1438   121.528694],[6.996015  6.1583357 5.5785656 5.0933514],[1.358799  1.4596789 1.3059523 1.1169391],[8.116588  8.1407385 8.108494  8.074529 ],[0.5461969 0.5206076 0.5220433 0.5106325]
DDK8,B,4e-07,3,True,False,TDD,vanilla,5,[0.04349366 0.05349576 0.06640289 0.08436972],[0.0142492  0.01833824 0.02553731 0.03509258],[11.07044  13.630919 16.97541  21.679842],[3.2273703 4.197485  5.970073  8.448823 ],[8.153896 8.143969 8.130206 8.11017 ],[0.34240994 0.34937987 0.3572107  0.3674351 ],[8.20847  8.210395 8.212237 8.213969],[0.3344236  0.33968472 0.345037   0.3505006 ]
DDK8,B,4e-07,6,True,False,TDD,vanilla,5,[0.06144403 0.09097616 0.13618512 0.19768682],[0.02041999 0.03647184 0.06543675 0.10650599],[15.056008 22.597813 34.489162 51.596695],[ 5.247034  9.614179 18.146166 31.607164],[8.109106 8.073084 8.015271 7.928026],[0.3300291  0.34143555 0.35949036 0.39355385],[8.184885 8.185724 8.186444 8.187491],[0.3219428  0.32802498 0.33519444 0.34295762]
DDK8,B,4e-07,9,True,False,TDD,vanilla,5,[0.07706698 0.13463001 0.22138867 0.3257187 ],[0.03115156 0.06763876 0.12645683 0.1859827 ],[18.848816 33.53743  57.200207 87.27744 ],[ 7.394531 16.860096 34.34465  55.557896],[8.097642  8.020639  7.880619  7.6619153],[0.34528628 0.36010295 0.41665536 0.570931  ],[8.193824  8.191843  8.1865635 8.178488 ],[0.33316842 0.33920407 0.35002944 0.36504003]
DDK8,B,4e-07,12,True,False,TDD,vanilla,5,[0.09433757 0.18805912 0.32151172 0.4501565 ],[0.0357004  0.10273246 0.18730177 0.23493354],[ 22.95591  47.34646  84.74537 124.19786],[ 8.976061 27.733389 55.073452 75.42775 ],[8.038875 7.91291  7.659019 7.332896],[0.34529608 0.39710286 0.589722   0.8514661 ],[8.155842 8.160818 8.163987 8.167347],[0.32843766 0.33568707 0.35014966 0.36756453]
DDK8,B,4e-07,15,True,False,TDD,vanilla,5,[0.12862252 0.28377223 0.45665413 0.58583385],[0.06513313 0.18817538 0.27267984 0.28625348],[ 31.022556  71.73376  119.56836  158.97998 ],[15.581818 51.103554 78.10012  88.65774 ],[7.9910626 7.716167  7.240758  6.805873 ],[0.4484279 0.6489139 1.0684092 1.3437907],[8.153601 8.155079 8.152278 8.149134],[0.4101913  0.43171167 0.44939846 0.460384  ]
DDK8,B,4e-07,18,True,False,TDD,vanilla,5,[0.16422315 0.3671327  0.54686326 0.6711579 ],[0.09320969 0.23367715 0.2937486  0.26947954],[ 38.813015  94.04097  147.2491   187.2075  ],[22.995253 68.825745 94.19279  96.15751 ],[7.9178004 7.497864  6.962041  6.5210676],[0.49282616 0.7956646  1.1147252  1.2674431 ],[8.1320305 8.13783   8.141356  8.146609 ],[0.42991513 0.4332563  0.4316455  0.42852738]
DDK8,B,4e-07,21,True,False,TDD,vanilla,5,[0.1696065  0.38322243 0.5701063  0.72155225],[0.09408604 0.21809289 0.24796407 0.23130216],[ 42.73314 105.56418 162.18182 206.78831],[ 25.298882  75.28927  101.5421   110.01177 ],[7.939169  7.4642253 6.929561  6.354135 ],[0.4481626 0.7690726 0.9855088 1.1290611],[8.166336 8.156872 8.151517 8.130608],[0.39600894 0.41945392 0.43816084 0.45606455]
DDK8,B,4e-07,24,True,False,TDD,vanilla,5,[0.21793255 0.48657444 0.6745226  0.8026844 ],[0.13072789 0.27288136 0.2879867  0.24462608],[ 55.26984 137.75777 198.82011 242.85283],[ 34.987495  91.46521  112.833374 113.47198 ],[7.902921  7.2416406 6.562297  6.087805 ],[0.48643348 0.8976561  1.2409722  1.2337775 ],[8.199759 8.205041 8.207555 8.21912 ],[0.404768   0.4265331  0.43737403 0.43781117]
DDK8,B,4e-07,27,True,False,TDD,vanilla,5,[0.25640804 0.5466251  0.7305906  0.8398895 ],[0.16737577 0.29112947 0.2922901  0.2208217 ],[ 63.408775 141.91245  194.54137  233.69197 ],[41.49841 82.52593 91.29136 85.8342 ],[7.764844 6.985862 6.252158 5.747977],[0.57341397 1.0552509  1.3337204  1.344822  ],[8.149215 8.11694  8.104062 8.116798],[0.3806188  0.3709262  0.37762547 0.39070326]
DDK8,B,4e-07,33,True,False,TDD,vanilla,5,[0.41624406 0.7145591  0.89859086 0.9778649 ],[0.29054227 0.35200495 0.33524933 0.33132017],[111.63483 210.5202  265.22107 286.84192],[ 81.139565 126.49881  112.136475 100.16834 ],[7.5351105 6.6012597 6.018267  5.542368 ],[0.8518664 1.2580874 1.2257096 1.2405668],[8.246285 8.265709 8.252912 8.226303],[0.46850497 0.45464966 0.43810764 0.45476887]
DDK8,B,4e-07,36,True,False,TDD,vanilla,5,[0.48298967 0.77221304 0.9163359  0.98551416],[0.33485204 0.33851853 0.2846294  0.21920009],[113.03196 197.20575 251.00899 285.2595 ],[78.38478  93.90564  93.402695 98.42121 ],[7.1802974 6.2328753 5.714511  5.3663487],[0.9548674 1.3360156 1.2595085 1.112531 ],[8.057566 8.079075 8.129921 8.168677],[0.40291405 0.39826265 0.40041897 0.40959847]
DDK8,B,4e-07,42,True,False,TDD,vanilla,5,[0.6372473 0.8520943 0.9599631 1.0226756],[0.49599126 0.42819813 0.28376916 0.20501837],[157.16953 222.83914 259.4821  287.9042 ],[130.64185  123.63998  103.611916  95.45937 ],[6.980158  6.197658  5.7391887 5.391968 ],[1.1695213 1.3667376 1.2272135 1.0728254],[8.131211  8.1205845 8.131761  8.168282 ],[0.45830318 0.46788168 0.48357803 0.44281054]
DDK8,E,5e-08,3,True,False,TDD,vanilla,5,[0.00760662 0.01013188 0.0129312  0.01734371],[0.00217609 0.00332262 0.00446701 0.00668528],[2.228174  2.9619155 3.7712784 5.0496135],[0.690905  1.0295234 1.3631868 1.9882177],[8.266518 8.261469 8.256097 8.249175],[0.10731017 0.1080291  0.10924823 0.11084086],[8.275205 8.273342 8.271564 8.269935],[0.10735612 0.10797671 0.10877378 0.10978284]
DDK8,E,5e-08,6,True,False,TDD,vanilla,5,[0.00973256 0.0154504  0.02248956 0.0333212 ],[0.00271793 0.00598075 0.01120121 0.0201215 ],[2.837799  4.501609  6.5518737 9.75209  ],[0.7923061 1.742104  3.2591724 5.9021144],[8.2647085 8.258452  8.250782  8.238114 ],[0.11329348 0.11526076 0.1173897  0.12105112],[8.276046 8.276881 8.277935 8.278976],[0.11304259 0.11515557 0.11746033 0.11958142]
DDK8,E,5e-08,9,True,False,TDD,vanilla,5,[0.0116585  0.02049148 0.03194447 0.04771697],[0.00346899 0.00997517 0.02044221 0.03311317],[ 3.4207482  6.0004663  9.398748  14.1315365],[0.9922934 2.842723  6.08002   9.824505 ],[8.280544 8.272522 8.259337 8.239425],[0.12827528 0.13086858 0.13536121 0.1455178 ],[8.294175 8.29685  8.298473 8.298301],[0.12703064 0.12796013 0.1290341  0.13212258]
DDK8,E,5e-08,12,True,False,TDD,vanilla,5,[0.01422808 0.02720524 0.04435108 0.06465102],[0.00490516 0.01367323 0.02708034 0.04090663],[ 4.055311   7.7663593 12.745587  18.637253 ],[ 1.4052329  4.0324917  8.208002  12.383794 ],[8.229603  8.2096615 8.181802  8.151462 ],[0.10906342 0.11353208 0.1239835  0.1413816 ],[8.245988  8.241977  8.236683  8.2317295],[0.10888108 0.11287002 0.11957742 0.12670901]
DDK8,E,5e-08,15,True,False,TDD,vanilla,5,[0.01787361 0.03561318 0.05803901 0.08507309],[0.00652837 0.02025132 0.03962013 0.05759745],[ 5.1319637 10.250164  16.964481  25.049744 ],[ 1.7917621  5.714333  11.789217  17.79292  ],[8.241879 8.217234 8.18533  8.152023],[0.1366045  0.1451595  0.1603464  0.17348242],[8.262611  8.2612095 8.260151  8.261041 ],[0.13493809 0.13911162 0.14343643 0.14577541]
DDK8,E,5e-08,18,True,False,TDD,vanilla,5,[0.02071649 0.04398423 0.07005858 0.10284079],[0.00963478 0.03240131 0.05257848 0.06825099],[ 6.035147 13.022727 20.87358  30.73089 ],[ 2.853933  9.990318 16.211306 20.960577],[8.257768 8.228477 8.194016 8.161365],[0.13756286 0.15129766 0.16561444 0.17080006],[8.281872 8.281912 8.279536 8.27891 ],[0.13541299 0.14105983 0.14464794 0.14809406]
DDK8,E,5e-08,21,True,False,TDD,vanilla,5,[0.02435832 0.05149092 0.07599065 0.11717111],[0.01253531 0.03179719 0.04376946 0.06951404],[ 7.292658 15.370212 22.520153 34.716686],[ 3.798716  9.840107 13.11395  20.804596],[8.277874 8.236538 8.198143 8.150126],[0.148077   0.14789613 0.16851333 0.18746015],[8.307358 8.301056 8.291944 8.288347],[0.14678083 0.14288229 0.1493194  0.15211837]
DDK8,E,5e-08,24,True,False,TDD,vanilla,5,[0.03007109 0.06166174 0.09494346 0.13565359],[0.01773512 0.04142305 0.06315602 0.08463967],[ 8.866085 18.302654 27.860167 40.002514],[ 5.137521 12.575797 19.085056 25.393433],[8.2516575 8.20288   8.156576  8.108321 ],[0.136121   0.14992759 0.18150103 0.21824807],[8.2875   8.278505 8.268627 8.264957],[0.13044433 0.1344253  0.15097398 0.16351572]
DDK8,E,5e-08,27,True,False,TDD,vanilla,5,[0.02900416 0.05927211 0.09621854 0.14018497],[0.01440107 0.03735178 0.06039266 0.08596797],[ 8.5435   17.808058 28.841587 42.190132],[ 4.4774213 11.543615  18.594143  26.663591 ],[8.245324  8.212601  8.1792755 8.129433 ],[0.13037905 0.15569961 0.16763988 0.1972886 ],[8.279845  8.286421  8.2941885 8.295663 ],[0.12928064 0.14179233 0.13784619 0.14801458]
DDK8,E,5e-08,33,True,False,TDD,vanilla,5,[0.04724134 0.0818462  0.12438076 0.17166732],[0.03973145 0.05747592 0.08184708 0.10255877],[13.757732 24.288626 37.08867  51.287617],[10.477747 17.280046 24.70867  31.651081],[8.227394 8.187542 8.132873 8.083896],[0.16655344 0.15920483 0.19651292 0.2075449 ],[8.287059 8.28844  8.283365 8.28227 ],[0.14250225 0.14087309 0.1485409  0.15866236]
DDK8,E,5e-08,36,True,False,TDD,vanilla,5,[0.05189148 0.08547776 0.13073415 0.16935293],[0.04197    0.05189614 0.07694726 0.09722314],[15.005397 25.086388 38.929703 51.073696],[11.5267935 14.605125  22.378283  29.693947 ],[8.215967 8.18261  8.13121  8.099948],[0.18696913 0.20454006 0.22853816 0.24767458],[8.281623 8.287588 8.29217  8.30194 ],[0.16172272 0.17149195 0.17695847 0.17350179]
DDK8,E,5e-08,42,True,False,TDD,vanilla,5,[0.05578317 0.0936564  0.13783132 0.1807751 ],[0.04786642 0.05770892 0.07123872 0.09296814],[16.24299  27.646023 40.52706  53.40129 ],[12.975398 16.870163 21.012405 27.514591],[8.216569 8.162076 8.114317 8.072468],[0.1701792  0.18709806 0.1958181  0.2109145 ],[8.2850485 8.277092  8.275991  8.2751875],[0.15040708 0.15980272 0.16346732 0.16856034]
DDK8,E,2e-07,3,True,False,TDD,vanilla,5,[0.01575324 0.01864408 0.02111048 0.02547128],[0.00542736 0.0065917  0.0072108  0.00958243],[4.7147093 5.5785494 6.31562   7.6197267],[1.6209792 1.9667032 2.145082  2.844228 ],[8.267362 8.2641   8.260955 8.256004],[0.0408303  0.04220564 0.04350613 0.04574563],[8.280581 8.280627 8.280685 8.280739],[0.0395242  0.04055545 0.04168786 0.04291362]
DDK8,E,2e-07,6,True,False,TDD,vanilla,5,[0.0172279  0.02382081 0.0308483  0.04084219],[0.00534908 0.00831397 0.01181389 0.0167934 ],[ 5.184747  7.170536  9.289799 12.299328],[1.6025374 2.4980512 3.556722  5.0646214],[8.277538 8.269975 8.261151 8.248811],[0.04434073 0.04843868 0.05355288 0.05960515],[8.293882 8.294106 8.294251 8.294382],[0.04388142 0.04748659 0.05115881 0.05493952]
DDK8,E,2e-07,9,True,False,TDD,vanilla,5,[0.02055532 0.0296232  0.03838932 0.05087661],[0.0074173  0.01148354 0.01628723 0.02416947],[ 6.1985064  8.9358425 11.584506  15.366128 ],[2.2306225 3.451439  4.9399147 7.422285 ],[8.274593 8.265748 8.255774 8.241882],[0.06156499 0.06915785 0.07710715 0.08593091],[8.294298 8.295323 8.296029 8.296503],[0.05927263 0.06526424 0.07138937 0.07772422]
DDK8,E,2e-07,12,True,False,TDD,vanilla,5,[0.02257146 0.03305667 0.04487809 0.05873951],[0.00758549 0.01241093 0.02081951 0.03036071],[ 6.791968  9.956788 13.513803 17.686653],[2.2513378 3.7203948 6.2335477 9.038173 ],[8.271031 8.259635 8.245089 8.228588],[0.07085272 0.07811604 0.08925458 0.10239427],[8.292669 8.293591 8.29417  8.294293],[0.06883647 0.07497934 0.08134437 0.08748709]
DDK8,E,2e-07,15,True,False,TDD,vanilla,5,[0.02847382 0.04232933 0.05653495 0.07332502],[0.00937077 0.0165691  0.02563468 0.03407072],[ 8.537033 12.689526 16.972971 22.034584],[ 2.8732963  5.0317144  7.7539325 10.227448 ],[8.2517605 8.234342  8.217114  8.199406 ],[0.06784379 0.07625185 0.08608001 0.09925041],[8.278367 8.277282 8.276983 8.276869],[0.06547173 0.07076035 0.07667465 0.08393777]
DDK8,E,2e-07,18,True,False,TDD,vanilla,5,[0.02961398 0.04591255 0.06074904 0.08277933],[0.01084985 0.02228225 0.02882075 0.04123729],[ 8.80675  13.573579 17.986189 24.57808 ],[ 3.1712399  6.2433605  8.190898  12.04035  ],[8.243378 8.223999 8.207711 8.187357],[0.08324923 0.09911314 0.1092288  0.1208493 ],[8.273221 8.273726 8.274927 8.276924],[0.07880081 0.08553309 0.09271665 0.09996614]
DDK8,E,2e-07,21,True,False,TDD,vanilla,5,[0.03215423 0.05146647 0.06639145 0.08940826],[0.01062546 0.02052902 0.0262994  0.03488043],[ 9.631468 15.388342 19.881842 26.842474],[ 3.1902053  6.0425034  7.834394  10.622197 ],[8.257967 8.235577 8.218911 8.196163],[0.09433742 0.10858782 0.12044884 0.13113444],[8.2915325 8.292838  8.293352  8.293094 ],[0.09075397 0.09886748 0.10661584 0.11423081]
DDK8,E,2e-07,24,True,False,TDD,vanilla,5,[0.03572721 0.05668372 0.07607049 0.10314602],[0.01305249 0.02474334 0.0346034  0.05069431],[10.683164 16.805761 22.43857  30.522974],[ 3.9793696  7.1706986  9.90405   15.028373 ],[8.2477   8.216926 8.190662 8.156364],[0.10019635 0.11397125 0.1288338  0.14035732],[8.283634 8.277485 8.2726   8.268844],[0.0970543  0.10391299 0.1116889  0.11914234]
DDK8,E,2e-07,27,True,False,TDD,vanilla,5,[0.03926309 0.06011238 0.08117346 0.10393988],[0.01821586 0.02836157 0.03773927 0.0462258 ],[11.748753 18.04969  24.541527 31.524536],[ 5.2673326  8.362714  11.506998  14.313197 ],[8.244196 8.225487 8.207577 8.189487],[0.10108695 0.11252278 0.12221775 0.13304798],[8.285105 8.289517 8.293083 8.295244],[0.09349079 0.10003035 0.1076677  0.11564252]
DDK8,E,2e-07,33,True,False,TDD,vanilla,5,[0.04537796 0.06424795 0.09105214 0.10956784],[0.02664202 0.03073901 0.04087263 0.04799826],[13.66189  19.496859 27.743208 33.515785],[ 8.045407  9.688617 12.695666 15.152321],[8.2433   8.230328 8.208454 8.196342],[0.11964183 0.12532198 0.13403685 0.1421008 ],[8.293463 8.300457 8.306935 8.31096 ],[0.1121941  0.1177948  0.12364822 0.1286118 ]
DDK8,E,2e-07,36,True,False,TDD,vanilla,5,[0.04666679 0.06795433 0.09173575 0.11248136],[0.02210386 0.03370402 0.03822395 0.04098596],[13.698223 19.868425 26.864845 33.133457],[ 6.3908525  9.69361   11.0056095 12.299586 ],[8.208446 8.182676 8.160968 8.144902],[0.11238381 0.1285518  0.14446522 0.15618187],[8.260142  8.257455  8.2576065 8.260585 ],[0.10467414 0.11562987 0.12960932 0.14268412]
DDK8,E,2e-07,42,True,False,TDD,vanilla,5,[0.05413808 0.07672484 0.10167558 0.12252889],[0.02458663 0.03031192 0.03880205 0.04502099],[16.301992 22.876219 30.428522 36.715687],[ 7.6214776  8.974436  11.868859  14.142175 ],[8.224936 8.198231 8.17146  8.150189],[0.10889139 0.12722865 0.13689032 0.14302549],[8.285831 8.281849 8.27859  8.276519],[0.10005278 0.10973753 0.12256967 0.13150124]
DDK8,E,4e-07,3,True,False,TDD,vanilla,5,[0.02018017 0.02344694 0.02579954 0.03028773],[0.00714302 0.00853723 0.00901767 0.01118926],[6.0456257 7.0240526 7.729671  9.074685 ],[2.142887  2.5640056 2.715752  3.3761954],[8.270698 8.266627 8.263215 8.257803],[0.03093526 0.03301786 0.03486228 0.03742423],[8.288958 8.288684 8.288403 8.288102],[0.02915174 0.03073189 0.03247377 0.03435929]
DDK8,E,4e-07,6,True,False,TDD,vanilla,5,[0.02501468 0.03186536 0.03805448 0.04641214],[0.00754703 0.01026381 0.01272172 0.01595591],[ 7.4875765  9.5385    11.394833  13.904724 ],[2.2920763 3.1038005 3.8532078 4.861357 ],[8.261088  8.253086  8.245358  8.2352495],[0.04092669 0.04559346 0.05008857 0.05483031],[8.284499 8.284238 8.283938 8.283622],[0.03912413 0.0432141  0.04740655 0.05164111]
DDK8,E,4e-07,9,True,False,TDD,vanilla,5,[0.02850377 0.03730053 0.04502569 0.05457832],[0.0079422  0.01102766 0.0145266  0.01828093],[ 8.527574 11.164917 13.48631  16.351545],[2.426916  3.394301  4.5026484 5.688366 ],[8.254097 8.243551 8.233788 8.222706],[0.05307448 0.05919847 0.06605215 0.07331669],[8.280015 8.279101 8.278396 8.278026],[0.05211917 0.05833429 0.06446901 0.0706116 ]
DDK8,E,4e-07,12,True,False,TDD,vanilla,5,[0.03195586 0.04291702 0.05280589 0.06539664],[0.01072249 0.01472011 0.01888846 0.0244654 ],[ 9.596825  12.9118595 15.916793  19.742327 ],[3.2672236 4.5093584 5.8213525 7.5361032],[8.256024 8.244892 8.234783 8.223545],[0.06682414 0.07425211 0.08050738 0.08711912],[8.285689 8.28714  8.288548 8.289801],[0.06437866 0.07084928 0.07688569 0.08259344]
DDK8,E,4e-07,15,True,False,TDD,vanilla,5,[0.03321558 0.04553308 0.05634262 0.0692875 ],[0.00911325 0.01397671 0.01764235 0.02181382],[ 9.957797 13.664887 16.940912 20.919012],[2.749168  4.1749325 5.3010917 6.7817435],[8.256604 8.244934 8.234738 8.224088],[0.07779871 0.08821531 0.09693953 0.10470854],[8.288774 8.291263 8.293829 8.296032],[0.07523514 0.08273138 0.09050899 0.09828036]
DDK8,E,4e-07,18,True,False,TDD,vanilla,5,[0.03586727 0.04893629 0.05963564 0.07341596],[0.0113229  0.01633279 0.01904529 0.02353288],[10.706944 14.577758 17.738392 21.807302],[3.4942896 4.962966  5.770144  7.1767206],[8.2440605 8.226745  8.212379  8.197766 ],[0.07217792 0.08066057 0.08802146 0.09662595],[8.27856  8.276338 8.274124 8.272226],[0.06968126 0.07664183 0.08386724 0.09061535]
DDK8,E,4e-07,21,True,False,TDD,vanilla,5,[0.04120965 0.05577959 0.06607552 0.08254372],[0.01424391 0.02002737 0.02282826 0.03113922],[12.310265 16.677801 19.721344 24.622086],[4.3912554 6.1966567 7.0042496 9.484795 ],[8.237332 8.220358 8.208741 8.192556],[0.09588213 0.10757424 0.11852797 0.12825662],[8.276323 8.276242 8.275361 8.274577],[0.09324113 0.10310401 0.11220799 0.12068646]
DDK8,E,4e-07,24,True,False,TDD,vanilla,5,[0.04335185 0.0592391  0.0719934  0.08876913],[0.01657371 0.02470686 0.03113644 0.03891317],[12.979375 17.838787 21.842218 27.158499],[ 4.755232  7.180458  9.497753 12.49687 ],[8.244798 8.234041 8.225804 8.21467 ],[0.10220369 0.11149972 0.11671033 0.12296588],[8.286703 8.293116 8.298703 8.30418 ],[0.09379449 0.09931406 0.10363212 0.10734849]
DDK8,E,4e-07,27,True,False,TDD,vanilla,5,[0.04272362 0.05644128 0.07019212 0.08895861],[0.01549329 0.02022232 0.02559908 0.03411437],[12.699396 16.853281 21.06725  26.840578],[ 4.5341315  5.9743385  7.626501  10.390388 ],[8.234277 8.223316 8.214148 8.200161],[0.09600966 0.10007876 0.10818715 0.11818304],[8.276787 8.280539 8.284522 8.288042],[0.08973086 0.09296609 0.09940286 0.10667291]
DDK8,E,4e-07,33,True,False,TDD,vanilla,5,[0.0492693  0.06407966 0.08355833 0.09904973],[0.02091246 0.02483033 0.03520714 0.03679037],[14.676077 19.057005 24.825325 29.484272],[ 6.2907314  7.3592753 10.221401  10.822446 ],[8.225792 8.208179 8.187923 8.176533],[0.11652639 0.11793489 0.12393896 0.12228819],[8.277195 8.275805 8.276591 8.27708 ],[0.10656009 0.10650315 0.10475279 0.10291509]
DDK8,E,4e-07,36,True,False,TDD,vanilla,5,[0.05004937 0.06394835 0.07826585 0.09422884],[0.01824692 0.02042733 0.02561188 0.02635723],[15.034148 19.154776 23.339348 28.08006 ],[5.493594  6.0857816 7.5457253 7.861385 ],[8.2372675 8.220675  8.201572  8.185505 ],[0.1237177  0.13326631 0.14033778 0.1381754 ],[8.287193 8.285667 8.282404 8.278148],[0.11921629 0.12636288 0.12809068 0.12669323]
DDK8,E,4e-07,42,True,False,TDD,vanilla,5,[0.05334117 0.06831633 0.08375198 0.10035682],[0.02081018 0.02355047 0.02995831 0.03165299],[15.9783945 20.399546  24.955494  29.876413 ],[6.1944437 6.9622984 9.060993  9.595084 ],[8.22915  8.212292 8.195307 8.177891],[0.10930946 0.116889   0.12551302 0.13275954],[8.284267 8.282584 8.279294 8.275064],[0.1008014  0.10741474 0.11493791 0.12366353]
DDK8,B,5e-08,3,True,False,TDD,vanilla,10,[0.01376315 0.0202584  0.03220251 0.05073997],[0.00489681 0.00879985 0.02098414 0.03622168],[ 2.7939746  4.1307354  6.3318386 10.123807 ],[0.8647371 1.7402079 3.637651  7.1453614],[8.298604 8.294273 8.285746 8.27148 ],[0.2877049  0.30020428 0.31303206 0.3259275 ],[8.310017 8.311025 8.311322 8.311014],[0.28663874 0.29886186 0.31123886 0.32331756]
DDK8,B,5e-08,6,True,False,TDD,vanilla,10,[0.02330985 0.05089019 0.10215541 0.18133661],[0.01184493 0.04016411 0.08923475 0.1623245 ],[ 3.984182  8.732992 18.614393 35.848095],[ 1.6287632  5.8588123 15.446505  32.48653  ],[8.182432 8.161544 8.11479  8.023918],[0.39620954 0.41318262 0.44711936 0.5228678 ],[8.200852 8.201836 8.201868 8.201473],[0.3916575  0.39977843 0.40850884 0.41598985]
DDK8,B,5e-08,9,True,False,TDD,vanilla,10,[0.03462385 0.09568721 0.20294353 0.33738232],[0.02555594 0.09131544 0.18077411 0.2764563 ],[ 6.1179295 18.224817  43.274548  76.68986  ],[ 3.4631484 18.051878  46.182587  75.02824  ],[8.224812 8.181138 8.060932 7.834708],[0.44643468 0.4725818  0.55396664 0.79931784],[8.251503 8.261046 8.269067 8.268887],[0.43901262 0.44828582 0.46303815 0.4847499 ]
DDK8,B,5e-08,12,True,False,TDD,vanilla,10,[0.06081583 0.19041735 0.35642675 0.49471337],[0.04996547 0.17780492 0.28020164 0.32288665],[  9.866538  35.402645  74.508606 116.32575 ],[ 7.2675347 33.742107  64.61366   91.60031  ],[8.122649  7.9936695 7.713987  7.345736 ],[0.43838945 0.5486513  0.84532076 1.1687466 ],[8.1689005 8.177474  8.178661  8.1839   ],[0.42534223 0.456648   0.4968093  0.52424604]
DDK8,B,5e-08,15,True,False,TDD,vanilla,10,[0.09726899 0.2888175  0.4964854  0.6384684 ],[0.09762187 0.25577796 0.34345695 0.34782636],[ 17.379543  65.23959  123.70197  173.45395 ],[ 14.9670515  61.752125   99.08331   124.10908  ],[8.223054  7.931975  7.4081225 6.944433 ],[0.5646912  0.84207773 1.3166239  1.4955635 ],[8.301512 8.301376 8.295099 8.286509],[0.5188588  0.5244441  0.5284308  0.55424315]
DDK8,B,5e-08,18,True,False,TDD,vanilla,10,[0.18299559 0.54068744 0.7335535  0.84830344],[0.16366549 0.43266347 0.42464536 0.35607272],[ 35.33373 117.68639 183.44022 232.32599],[ 35.640213 105.194664 136.13774  152.7241  ],[7.9625893 7.2545958 6.562079  6.099849 ],[0.6046108 1.2401394 1.595309  1.642226 ],[8.143847 8.165355 8.19014  8.226463],[0.5570067  0.5532856  0.5880717  0.64253396]
DDK8,B,5e-08,21,True,False,TDD,vanilla,10,[0.21992098 0.5709117  0.7836332  0.89756507],[0.20854336 0.40035224 0.41778544 0.33188307],[ 43.59619 130.4631  189.97958 234.52711],[ 45.61545  111.63597  126.956055 132.52945 ],[7.87591   7.089112  6.3997    5.8751774],[0.6829125 1.3452315 1.5902504 1.6514843],[8.123272 8.136701 8.135805 8.15118 ],[0.5637358  0.5555875  0.58310056 0.62311333]
DDK8,B,5e-08,24,True,False,TDD,vanilla,10,[0.25757316 0.5877599  0.76605636 0.8779235 ],[0.27696824 0.451106   0.4176449  0.29121047],[ 53.12915 144.48125 203.52098 248.947  ],[ 59.633663 129.35025  140.18237  147.5823  ],[7.9910903 7.1161737 6.585903  6.1366224],[0.6841333 1.4223756 1.5276368 1.5519063],[8.270131 8.258452 8.255482 8.262504],[0.5118271  0.51376563 0.5234589  0.57083213]
DDK8,B,5e-08,27,True,False,TDD,vanilla,10,[0.30175254 0.6715112  0.84788203 0.9614083 ],[0.26519918 0.4135528  0.43518692 0.3612057 ],[ 58.90451 154.55663 208.5771  245.63312],[ 61.51323 122.68628 134.25685 129.13214],[7.841176  6.8145156 6.2789454 5.67913  ],[0.7004818 1.5870174 1.6126688 1.6105808],[8.164666 8.149782 8.144778 8.15001 ],[0.5907433 0.6523984 0.6741813 0.6614096]
DDK8,B,5e-08,33,True,False,TDD,vanilla,10,[0.56768644 0.95101774 1.1006324  1.2488421 ],[0.5671281 0.6258984 0.5675809 0.8321347],[105.57073 210.0473  261.40515 287.7166 ],[ 95.126205 154.05243  141.57399  139.26411 ],[7.597563  6.6293073 6.0049963 5.6135535],[0.9977276 1.4696015 1.6342988 1.5926471],[8.244222 8.21752  8.208188 8.190938],[0.59182024 0.6487663  0.6651303  0.6921988 ]
DDK8,B,5e-08,36,True,False,TDD,vanilla,10,[0.76958865 1.1283385  1.2317917  1.2599674 ],[0.62994987 0.6881841  0.55289906 0.46291682],[152.07256 250.41656 289.54916 320.20953],[119.275   146.9713  139.91812 147.35655],[7.242078  6.0376306 5.5913844 5.092331 ],[1.292814  1.725309  1.5509981 1.6171595],[8.266978 8.223077 8.203336 8.203679],[0.6390856  0.63954604 0.61311203 0.6540083 ]
DDK8,B,5e-08,42,True,False,TDD,vanilla,10,[0.8744791 1.0906398 1.1923987 1.1931189],[0.69691193 0.5048375  0.46266416 0.4015385 ],[172.62346 264.26962 302.94412 330.79358],[155.48639 169.86133 150.12253 156.2343 ],[6.7557397 5.9857354 5.5751624 5.1908937],[1.6649652 1.6802801 1.4310455 1.4905245],[8.1687   8.187472 8.230034 8.259732],[0.55716753 0.59658355 0.6257369  0.63968194]
DDK8,B,2e-07,3,True,False,TDD,vanilla,10,[0.01921294 0.0261571  0.03759783 0.05420797],[0.00636341 0.01091985 0.01985126 0.03294741],[ 4.429492   5.9599476  8.523432  12.438225 ],[1.3356972 2.3764517 4.4775257 7.933963 ],[8.118449 8.113437 8.104057 8.089131],[0.40460584 0.41093436 0.41881046 0.42817548],[8.140387 8.142667 8.144901 8.14683 ],[0.4020315  0.40776485 0.41400665 0.42071086]
DDK8,B,2e-07,6,True,False,TDD,vanilla,10,[0.02878698 0.05417176 0.10036884 0.17034622],[0.01162343 0.03153981 0.06880005 0.12562716],[ 6.749472 12.597665 23.583956 41.587296],[ 2.2402723  6.583174  15.461264  30.588392 ],[8.16837  8.145441 8.098688 8.016276],[0.3786842  0.3926223  0.41919976 0.4715709 ],[8.200198 8.203735 8.207059 8.210534],[0.37354088 0.3805655  0.3896417  0.39972013]
DDK8,B,2e-07,9,True,False,TDD,vanilla,10,[0.03834442 0.09090801 0.18875158 0.31254038],[0.01353494 0.05008274 0.11856777 0.18735728],[ 9.281327 22.552448 49.357384 85.543465],[ 3.9307575 15.660933  40.883045  68.86357  ],[8.173356  8.113747  7.9864216 7.7814846],[0.40920326 0.41101938 0.42790323 0.5008048 ],[8.216351 8.215251 8.214624 8.214304],[0.40763524 0.41026485 0.41645423 0.42503932]
DDK8,B,2e-07,12,True,False,TDD,vanilla,10,[0.06499663 0.18359397 0.35107735 0.49813202],[0.04467299 0.1575337  0.27324465 0.31850663],[ 13.597191  39.59679   79.7528   120.519455],[ 7.7172427 31.73719   60.461067  79.162834 ],[8.048018  7.8742747 7.524972  7.0880017],[0.46606112 0.60744226 0.9471589  1.3562031 ],[8.120098  8.1142645 8.112743  8.113856 ],[0.43833014 0.4555621  0.47286943 0.49387443]
DDK8,B,2e-07,15,True,False,TDD,vanilla,10,[0.08607003 0.24748279 0.43229598 0.574448  ],[0.06628082 0.20669077 0.28159502 0.28036472],[ 19.348055  60.775963 115.76932  164.02446 ],[ 14.4501295  53.56508    86.93268   104.61519  ],[8.103059  7.8593616 7.4468336 7.026868 ],[0.5167416  0.70097286 1.0165051  1.3252778 ],[8.197627 8.204034 8.217083 8.230654],[0.48526046 0.50316983 0.5246719  0.5439685 ]
DDK8,B,2e-07,18,True,False,TDD,vanilla,10,[0.11478561 0.31922618 0.50488436 0.64347184],[0.09892472 0.27129522 0.3269652  0.29336435],[ 25.577888  77.77255  130.07384  176.9421  ],[ 24.562412  75.87178  100.62088  109.65746 ],[8.038494  7.651359  7.175686  6.7748566],[0.52266103 0.9128876  1.3187456  1.4048756 ],[8.1638975 8.175692  8.188434  8.202102 ],[0.48944053 0.50745434 0.51854205 0.5220388 ]
DDK8,B,2e-07,21,True,False,TDD,vanilla,10,[0.19113465 0.50024486 0.698048   0.82467073],[0.16279551 0.3397835  0.36299998 0.31880108],[ 45.313324 128.08746  183.09604  221.08986 ],[ 38.774246  94.55277  106.12301  106.36544 ],[7.952005  7.24776   6.509266  6.0383935],[0.52231514 0.9930657  1.4302161  1.4236584 ],[8.188612 8.176667 8.144227 8.140654],[0.44568112 0.44044286 0.4572289  0.47989473]
DDK8,B,2e-07,24,True,False,TDD,vanilla,10,[0.22157878 0.5298817  0.7237114  0.82967305],[0.21163116 0.37375274 0.36420038 0.28893122],[ 50.239525 129.45798  186.33672  233.31682 ],[ 46.083035  94.75624  103.79961  112.332214],[7.8347535 7.022217  6.4313173 6.0099816],[0.6916949 1.3933209 1.5627184 1.6353416],[8.138821 8.121225 8.131564 8.179233],[0.5049219  0.5401905  0.55457497 0.5767097 ]
DDK8,B,2e-07,27,True,False,TDD,vanilla,10,[0.2515377  0.5552393  0.7486427  0.84588695],[0.2634484  0.35987037 0.33755663 0.24875721],[ 59.261192 143.46255  196.1204   232.52924 ],[ 61.82379  112.215355 114.58664  107.81474 ],[7.8483152 7.0523577 6.4434876 5.8941526],[0.7874921 1.3624545 1.5332063 1.5731832],[8.195908 8.177614 8.161719 8.149493],[0.58492225 0.5956014  0.5773279  0.5629562 ]
DDK8,B,2e-07,33,True,False,TDD,vanilla,10,[0.4391305  0.7210516  0.92114264 0.99682945],[0.34047    0.35611236 0.3617816  0.27205354],[101.48528 184.57135 240.87756 269.61957],[ 97.07351  111.72596  114.362656 118.84874 ],[7.458568  6.5247593 5.7977295 5.391497 ],[0.8442943 1.3582994 1.4658686 1.4331249],[8.113809 8.133947 8.133893 8.112729],[0.5259433  0.55339056 0.55033195 0.5765365 ]
DDK8,B,2e-07,36,True,False,TDD,vanilla,10,[0.4260535  0.77488154 0.9511827  1.038782  ],[0.3917744  0.5216812  0.5257646  0.31542185],[ 98.54939 187.21198 232.5617  261.1178 ],[ 88.102486 124.483086 109.54414  103.22433 ],[7.5012836 6.602385  6.028924  5.3010736],[1.0239902 1.5417917 1.404547  1.3666695],[8.202237 8.165164 8.124358 8.063301],[0.48082286 0.5317794  0.5752137  0.61029977]
DDK8,B,2e-07,42,True,False,TDD,vanilla,10,[0.6882202 0.9024148 1.0174568 1.0923393],[0.7865839  0.4234327  0.33850917 0.29285938],[154.96234 228.89188 269.45047 288.08896],[171.74583 131.48497 137.80144 121.31445],[7.0082927 6.179689  5.630029  5.1232185],[1.3819964 1.4646409 1.2836516 1.1311033],[8.116588  8.1407385 8.108494  8.074529 ],[0.5461969 0.5206076 0.5220433 0.5106325]
DDK8,B,4e-07,3,True,False,TDD,vanilla,10,[0.03138085 0.03778294 0.04796405 0.06174601],[0.01144808 0.01372949 0.01947892 0.02697308],[ 7.9872923  9.625634  12.233847  15.864318 ],[2.5170155 3.0262215 4.330387  6.3349905],[8.170002 8.164367 8.15433  8.140327],[0.34092796 0.3471982  0.35482967 0.36337155],[8.20847  8.210395 8.212237 8.213969],[0.3344236  0.33968472 0.345037   0.3505006 ]
DDK8,B,4e-07,6,True,False,TDD,vanilla,10,[0.04296039 0.06459823 0.10207432 0.15852341],[0.01512786 0.02699546 0.05282308 0.09500796],[10.557443 16.090134 25.914875 41.553905],[ 3.906911  7.143673 14.619848 28.00516 ],[8.133068  8.107328  8.062709  7.9894805],[0.3276454  0.3366083  0.350486   0.37790874],[8.184885 8.185724 8.186444 8.187491],[0.3219428  0.32802498 0.33519444 0.34295762]
DDK8,B,4e-07,9,True,False,TDD,vanilla,10,[0.05406285 0.10127965 0.18090117 0.28335586],[0.02328619 0.05668458 0.11860117 0.18450698],[13.189293 25.072351 46.57454  75.87031 ],[ 5.5168014 13.957169  31.95396   54.407227 ],[8.128354  8.067826  7.946638  7.7470613],[0.3412152  0.35145885 0.39785936 0.5419332 ],[8.193824  8.191843  8.1865635 8.178488 ],[0.33316842 0.33920407 0.35002944 0.36504003]
DDK8,B,4e-07,12,True,False,TDD,vanilla,10,[0.06894762 0.153673   0.28526133 0.4154805 ],[0.0295211  0.09926529 0.19055834 0.24452673],[ 16.814665  38.883827  75.70415  115.28138 ],[ 7.5429225 26.919416  55.8821    77.46853  ],[8.073096  7.964489  7.725445  7.4127088],[0.34009    0.38633853 0.57738006 0.84095   ],[8.155842 8.160818 8.163987 8.167347],[0.32843766 0.33568707 0.35014966 0.36756453]
DDK8,B,4e-07,15,True,False,TDD,vanilla,10,[0.10073783 0.25362012 0.42932788 0.5614005 ],[0.05876311 0.19208154 0.28295895 0.29910254],[ 24.345718  64.072464 112.3984   152.15532 ],[14.447446 51.89675  80.37249  90.974365],[8.030983  7.7692723 7.3040466 6.883689 ],[0.43806046 0.6358373  1.0598689  1.3448224 ],[8.153601 8.155079 8.152278 8.149134],[0.4101913  0.43171167 0.44939846 0.460384  ]
DDK8,B,4e-07,18,True,False,TDD,vanilla,10,[0.13438383 0.33911026 0.5225497  0.6475209 ],[0.09113029 0.2445178  0.30860415 0.2851579 ],[ 31.644947  86.81491  140.74861  180.99551 ],[ 22.374773  70.650406  97.386246 100.016106],[7.963316  7.555235  7.0313697 6.599115 ],[0.48183545 0.7933736  1.113208   1.2747153 ],[8.1320305 8.13783   8.141356  8.146609 ],[0.42991513 0.4332563  0.4316455  0.42852738]
DDK8,B,4e-07,21,True,False,TDD,vanilla,10,[0.14131983 0.35691562 0.54739386 0.7037602 ],[0.09372595 0.22712155 0.25974748 0.2446911 ],[ 35.718803  98.99868  156.69286  202.10979 ],[ 25.209833  77.13073  103.91405  112.07894 ],[7.982579  7.514696  6.9935765 6.4308844],[0.4372024  0.76973623 0.97950476 1.1270909 ],[8.166336 8.156872 8.151517 8.130608],[0.39600894 0.41945392 0.43816084 0.45606455]
DDK8,B,4e-07,24,True,False,TDD,vanilla,10,[0.19169992 0.46575367 0.65839803 0.7913308 ],[0.13254936 0.28189933 0.29719967 0.25307018],[ 48.67604 132.3537  194.60258 239.81534],[ 35.49785   93.420586 114.78257  115.65343 ],[7.9447346 7.29297   6.6155353 6.146371 ],[0.47526124 0.8890339  1.2384108  1.2307676 ],[8.199759 8.205041 8.207555 8.21912 ],[0.404768   0.4265331  0.43737403 0.43781117]
DDK8,B,4e-07,27,True,False,TDD,vanilla,10,[0.23314151 0.5320591  0.71738905 0.8303084 ],[0.17487752 0.30484203 0.30037394 0.22773379],[ 57.498398 138.3642   191.37846  231.37344 ],[43.136776 85.52647  93.506996 87.73198 ],[7.8064885 7.02493   6.305222  5.808502 ],[0.5641565 1.0489783 1.3333905 1.340912 ],[8.149215 8.11694  8.104062 8.116798],[0.3806188  0.3709262  0.37762547 0.39070326]
DDK8,B,4e-07,33,True,False,TDD,vanilla,10,[0.40781528 0.70712745 0.8940446  0.9773446 ],[0.3103616  0.3652723  0.3433125  0.34239832],[108.701775 208.58582  263.48932  286.5252  ],[ 85.45129  130.21149  113.560646 101.75588 ],[7.562069  6.6384673 6.0514216 5.579814 ],[0.85465366 1.2485763  1.241182   1.2382233 ],[8.246285 8.265709 8.252912 8.226303],[0.46850497 0.45464966 0.43810764 0.45476887]
DDK8,B,4e-07,36,True,False,TDD,vanilla,10,[0.4726526  0.76936066 0.91359854 0.9870696 ],[0.3551486  0.35579664 0.29376423 0.2305514 ],[109.97118 195.93701 250.06294 285.18283],[82.30079  96.58262  95.164764 99.02739 ],[7.2139854 6.254143  5.7631    5.401331 ],[0.9597025 1.3549706 1.2474651 1.1213785],[8.057566 8.079075 8.129921 8.168677],[0.40291405 0.39826265 0.40041897 0.40959847]
DDK8,B,4e-07,42,True,False,TDD,vanilla,10,[0.6364739  0.8506873  0.95933497 1.0268811 ],[0.51983446 0.44281405 0.28593576 0.2142871 ],[154.9843  222.00887 259.45895 288.44952],[130.57932 126.40253 105.16063  97.07059],[7.007828  6.231502  5.7683625 5.421176 ],[1.1830466 1.3548257 1.225448  1.0561472],[8.131211  8.1205845 8.131761  8.168282 ],[0.45830318 0.46788168 0.48357803 0.44281054]
DDK8,E,5e-08,3,True,False,TDD,vanilla,10,[0.0041427  0.00563503 0.00732612 0.01048475],[0.00131904 0.0020106  0.00295043 0.00478982],[1.2099658 1.6388805 2.1267817 3.0419455],[0.3976198 0.584755  0.8647882 1.400321 ],[8.270688 8.267126 8.263398 8.258392],[0.10746285 0.1081933  0.10928094 0.11059702],[8.275205 8.273342 8.271564 8.269935],[0.10735612 0.10797671 0.10877378 0.10978284]
DDK8,E,5e-08,6,True,False,TDD,vanilla,10,[0.00553517 0.00891426 0.01407287 0.02265527],[0.00162668 0.00386499 0.00851549 0.01610093],[1.6111412 2.5970538 4.111336  6.6494503],[0.47756124 1.1399846  2.542443   4.833145  ],[8.269855 8.266686 8.261637 8.252819],[0.1132569  0.11512394 0.11721001 0.11993153],[8.276046 8.276881 8.277935 8.278976],[0.11304259 0.11515557 0.11746033 0.11958142]
DDK8,E,5e-08,9,True,False,TDD,vanilla,10,[0.00696215 0.01302342 0.02302264 0.03711234],[0.00254684 0.00822693 0.01848625 0.03168404],[ 2.043596   3.8170686  6.787676  11.0412655],[0.74390537 2.4003894  5.5460567  9.498644  ],[8.286347  8.281957  8.2715225 8.254921 ],[0.12768878 0.12938057 0.13295713 0.14186817],[8.294175 8.29685  8.298473 8.298301],[0.12703064 0.12796013 0.1290341  0.13212258]
DDK8,E,5e-08,12,True,False,TDD,vanilla,10,[0.00925267 0.01956334 0.03546066 0.05431195],[0.00397077 0.01214144 0.02580909 0.04041589],[ 2.636712   5.5914707 10.229046  15.7564945],[ 1.1351156  3.571479   7.846454  12.326942 ],[8.23597   8.2198515 8.195105  8.168441 ],[0.10880987 0.11270055 0.12229672 0.13820972],[8.245988  8.241977  8.236683  8.2317295],[0.10888108 0.11287002 0.11957742 0.12670901]
DDK8,E,5e-08,15,True,False,TDD,vanilla,10,[0.01218792 0.02783456 0.04968303 0.07446584],[0.00608466 0.02126139 0.04160834 0.06013578],[ 3.4799213  7.981348  14.536929  22.065157 ],[ 1.6600697  5.967892  12.305051  18.801754 ],[8.248848 8.227542 8.197576 8.168077],[0.13625988 0.14471611 0.1607701  0.17356606],[8.262611  8.2612095 8.260151  8.261041 ],[0.13493809 0.13911162 0.14343643 0.14577541]
DDK8,E,5e-08,18,True,False,TDD,vanilla,10,[0.0147215  0.03625038 0.06126343 0.09299453],[0.00862215 0.0323493  0.05324411 0.07190538],[ 4.287582 10.789925 18.361864 27.909761],[ 2.580074 10.04605  16.50864  22.129232],[8.265079 8.238513 8.206522 8.177606],[0.13673486 0.15068823 0.16597544 0.17057538],[8.281872 8.281912 8.279536 8.27891 ],[0.13541299 0.14105983 0.14464794 0.14809406]
DDK8,E,5e-08,21,True,False,TDD,vanilla,10,[0.01838405 0.04398048 0.06830624 0.10758647],[0.01159754 0.03184256 0.04479669 0.0701733 ],[ 5.510962 13.178234 20.34602  31.975225],[ 3.5365527  9.886143  13.625192  21.321505 ],[8.285221 8.246485 8.209969 8.166651],[0.14718471 0.14634949 0.16649641 0.18585552],[8.307358 8.301056 8.291944 8.288347],[0.14678083 0.14288229 0.1493194  0.15211837]
DDK8,E,5e-08,24,True,False,TDD,vanilla,10,[0.0242335  0.05470666 0.08826073 0.12929375],[0.01752387 0.04277937 0.06502799 0.08880009],[ 7.135134 16.278385 26.025398 38.297016],[ 5.058046 12.925571 19.632183 26.618847],[8.258976 8.213114 8.169209 8.12283 ],[0.13509817 0.14889416 0.18055612 0.21798553],[8.2875   8.278505 8.268627 8.264957],[0.13044433 0.1344253  0.15097398 0.16351572]
DDK8,E,5e-08,27,True,False,TDD,vanilla,10,[0.02282253 0.05195804 0.08749598 0.13292748],[0.01374545 0.03758564 0.06018487 0.08873432],[ 6.746488 15.680292 26.253635 39.9914  ],[ 4.2966075 11.647092  18.357672  27.2588   ],[8.252729 8.222196 8.193872 8.144079],[0.12956221 0.15540384 0.16785286 0.2017145 ],[8.279845  8.286421  8.2941885 8.295663 ],[0.12928064 0.14179233 0.13784619 0.14801458]
DDK8,E,5e-08,33,True,False,TDD,vanilla,10,[0.0417887  0.07613401 0.11816636 0.16577464],[0.03964079 0.05802261 0.08204093 0.1038739 ],[12.143703 22.586018 35.25403  49.596523],[10.481516 17.460743 24.797972 32.17613 ],[8.234054  8.1953945 8.142731  8.094789 ],[0.16629341 0.15872158 0.19603154 0.20509095],[8.287059 8.28844  8.283365 8.28227 ],[0.14250225 0.14087309 0.1485409  0.15866236]
DDK8,E,5e-08,36,True,False,TDD,vanilla,10,[0.04557598 0.07841533 0.12310974 0.16065297],[0.04256713 0.05258838 0.07709023 0.09753861],[13.110876 22.9934   36.755512 48.55558 ],[11.600046 14.642705 22.463936 30.034744],[8.223672 8.192309 8.143238 8.116434],[0.18704176 0.20455888 0.22685887 0.2433568 ],[8.281623 8.287588 8.29217  8.30194 ],[0.16172272 0.17149195 0.17695847 0.17350179]
DDK8,E,5e-08,42,True,False,TDD,vanilla,10,[0.0498295  0.08762114 0.13110292 0.17333779],[0.04802456 0.05961988 0.07369714 0.09469911],[14.521832 25.844603 38.636425 51.33811 ],[13.107378 17.46935  21.918158 28.4665  ],[8.223608 8.170392 8.123875 8.085046],[0.16988413 0.18847129 0.19847053 0.21161386],[8.2850485 8.277092  8.275991  8.2751875],[0.15040708 0.15980272 0.16346732 0.16856034]
DDK8,E,2e-07,3,True,False,TDD,vanilla,10,[0.01051386 0.01228398 0.01394742 0.01734274],[0.00400259 0.00463811 0.00524414 0.00690989],[3.1487632 3.678726  4.1757603 5.192201 ],[1.1967642 1.3848706 1.5591973 2.0489712],[8.272677 8.270914 8.26909  8.265778],[0.04032717 0.04149843 0.04278221 0.04445291],[8.280581 8.280627 8.280685 8.280739],[0.0395242  0.04055545 0.04168786 0.04291362]
DDK8,E,2e-07,6,True,False,TDD,vanilla,10,[0.01137825 0.01571514 0.02124991 0.02927106],[0.00436045 0.00635013 0.00967506 0.01418855],[3.425116  4.7317505 6.3997493 8.819742 ],[1.2949126 1.8928757 2.892951  4.2756724],[8.2839365 8.279289  8.272864  8.263608 ],[0.04436731 0.04837184 0.05323155 0.0586475 ],[8.293882 8.294106 8.294251 8.294382],[0.04388142 0.04748659 0.05115881 0.05493952]
DDK8,E,2e-07,9,True,False,TDD,vanilla,10,[0.01385976 0.02017484 0.02798632 0.03916684],[0.00547886 0.00858196 0.01371794 0.02272708],[ 4.1794353  6.086193   8.443704  11.835685 ],[1.6425853 2.5852938 4.167284  7.021718 ],[8.281929 8.276112 8.267869 8.25691 ],[0.06083195 0.06787378 0.07565622 0.08432985],[8.294298 8.295323 8.296029 8.296503],[0.05927263 0.06526424 0.07138937 0.07772422]
DDK8,E,2e-07,12,True,False,TDD,vanilla,10,[0.01558845 0.02409753 0.03516215 0.0479878 ],[0.00582464 0.01048207 0.01948951 0.02854832],[ 4.6893907  7.2613964 10.585601  14.447488 ],[1.7353948 3.1815767 5.8852577 8.560488 ],[8.278518 8.269713 8.256927 8.243022],[0.07002977 0.0765916  0.08763351 0.09978043],[8.292669 8.293591 8.29417  8.294293],[0.06883647 0.07497934 0.08134437 0.08748709]
DDK8,E,2e-07,15,True,False,TDD,vanilla,10,[0.01988052 0.03188937 0.04604917 0.06161816],[0.00759059 0.01572498 0.02570324 0.03454963],[ 5.9624825  9.5702505 13.837545  18.529633 ],[ 2.313249   4.7713137  7.799086  10.364619 ],[8.260926 8.246112 8.230197 8.215284],[0.06686075 0.07486431 0.08449546 0.09834244],[8.278367 8.277282 8.276983 8.276869],[0.06547173 0.07076035 0.07667465 0.08393777]
DDK8,E,2e-07,18,True,False,TDD,vanilla,10,[0.02126555 0.03612894 0.05020587 0.07113016],[0.00893693 0.02148695 0.02837594 0.04188143],[ 6.3185816 10.662428  14.854296  21.133228 ],[ 2.597093  6.026066  8.094052 12.327953],[8.25275  8.235595 8.221521 8.204037],[0.08227568 0.09770975 0.10725525 0.11804836],[8.273221 8.273726 8.274927 8.276924],[0.07880081 0.08553309 0.09271665 0.09996614]
DDK8,E,2e-07,21,True,False,TDD,vanilla,10,[0.02437392 0.04295323 0.05688648 0.07862836],[0.00943033 0.02088037 0.02584761 0.03470156],[ 7.292577 12.82573  17.023504 23.611555],[ 2.8208458  6.1156554  7.696866  10.562102 ],[8.266704 8.245846 8.231828 8.212634],[0.09392399 0.10856    0.11945516 0.12974754],[8.2915325 8.292838  8.293352  8.293094 ],[0.09075397 0.09886748 0.10661584 0.11423081]
DDK8,E,2e-07,24,True,False,TDD,vanilla,10,[0.02721819 0.04717202 0.06534184 0.09125736],[0.01237385 0.02520334 0.0348705  0.0529483 ],[ 8.140089 13.982164 19.283367 27.020855],[ 3.743724   7.3601913 10.090608  15.70056  ],[8.256991 8.227984 8.204933 8.173936],[0.09956368 0.11279697 0.12706508 0.14022353],[8.283634 8.277485 8.2726   8.268844],[0.0970543  0.10391299 0.1116889  0.11914234]
DDK8,E,2e-07,27,True,False,TDD,vanilla,10,[0.03042626 0.05007486 0.07026888 0.09134575],[0.01711231 0.02755233 0.03688191 0.04527735],[ 9.0884495 15.016092  21.239897  27.700642 ],[ 4.936425  8.103715 11.232052 13.964419],[8.253368 8.236389 8.221124 8.206833],[0.10050366 0.11154979 0.12028856 0.13126306],[8.285105 8.289517 8.293083 8.295244],[0.09349079 0.10003035 0.1076677  0.11564252]
DDK8,E,2e-07,33,True,False,TDD,vanilla,10,[0.03746241 0.05546372 0.08142903 0.09946652],[0.02633616 0.0312286  0.04233158 0.05032558],[11.2716675 16.851461  24.84977   30.48543  ],[ 7.9263005  9.822434  13.082768  15.809519 ],[8.251888 8.240478 8.22071  8.21111 ],[0.11944898 0.12475626 0.13347921 0.14165333],[8.293463 8.300457 8.306935 8.31096 ],[0.1121941  0.1177948  0.12364822 0.1286118 ]
DDK8,E,2e-07,36,True,False,TDD,vanilla,10,[0.03823981 0.05867117 0.08116461 0.10177993],[0.02200425 0.03345879 0.03801265 0.04143114],[11.215107 17.16479  23.790993 30.009092],[ 6.3730655  9.697078  11.076296  12.505346 ],[8.217637 8.193615 8.174963 8.16111 ],[0.11179201 0.12675184 0.14233719 0.15440169],[8.260142  8.257455  8.2576065 8.260585 ],[0.10467414 0.11562987 0.12960932 0.14268412]
DDK8,E,2e-07,42,True,False,TDD,vanilla,10,[0.04600543 0.06842943 0.09228332 0.1119487 ],[0.02493437 0.0309351  0.04034281 0.04453939],[13.847556 20.388826 27.654373 33.594154],[ 7.6646233  9.165985  12.361582  13.97814  ],[8.233506 8.20793  8.183911 8.165558],[0.10861418 0.12652291 0.1357446  0.14104818],[8.285831 8.281849 8.27859  8.276519],[0.10005278 0.10973753 0.12256967 0.13150124]
DDK8,E,4e-07,3,True,False,TDD,vanilla,10,[0.0141836  0.01634849 0.01820177 0.02190803],[0.00548037 0.00627487 0.00703181 0.00862886],[4.2484875 4.8967357 5.4526362 6.563075 ],[1.6417377 1.8819978 2.1138206 2.5967498],[8.277064 8.274555 8.272313 8.268486],[0.03036073 0.03217237 0.03401997 0.03623462],[8.288958 8.288684 8.288403 8.288102],[0.02915174 0.03073189 0.03247377 0.03435929]
DDK8,E,4e-07,6,True,False,TDD,vanilla,10,[0.01771025 0.02244299 0.02766705 0.03472105],[0.00596019 0.00793029 0.01053073 0.01338633],[ 5.3020153  6.716574   8.283523  10.398794 ],[1.8023633 2.382585  3.1657884 4.0424266],[8.269161 8.26393  8.257971 8.250199],[0.04050263 0.04505013 0.04960701 0.05434055],[8.284499 8.284238 8.283938 8.283622],[0.03912413 0.0432141  0.04740655 0.05164111]
DDK8,E,4e-07,9,True,False,TDD,vanilla,10,[0.02046667 0.02683984 0.03400179 0.042414  ],[0.00650145 0.00912147 0.01279393 0.01638597],[ 6.119067  8.030597 10.182152 12.711887],[1.9654049 2.7861254 3.9440212 5.1063204],[8.262701 8.255159 8.246759 8.237903],[0.05276828 0.05862743 0.06516454 0.07159727],[8.280015 8.279101 8.278396 8.278026],[0.05211917 0.05833429 0.06446901 0.0706116 ]
DDK8,E,4e-07,12,True,False,TDD,vanilla,10,[0.02347372 0.03241595 0.0418334  0.05391881],[0.00868553 0.01281528 0.01716737 0.02346311],[ 7.048061  9.748883 12.607619 16.28929 ],[2.6367166 3.9035282 5.2693915 7.203493 ],[8.265177 8.256703 8.248067 8.239269],[0.06617432 0.07337357 0.07942871 0.08552753],[8.285689 8.28714  8.288548 8.289801],[0.06437866 0.07084928 0.07688569 0.08259344]
DDK8,E,4e-07,15,True,False,TDD,vanilla,10,[0.02462761 0.03534099 0.0459285  0.0578729 ],[0.00766218 0.01307779 0.01724833 0.02109655],[ 7.3783436 10.595201  13.803702  17.479206 ],[2.2986841 3.8757234 5.152941  6.520484 ],[8.266121 8.256838 8.247939 8.240573],[0.0774182  0.08772283 0.09643611 0.10385732],[8.288774 8.291263 8.293829 8.296032],[0.07523514 0.08273138 0.09050899 0.09828036]
DDK8,E,4e-07,18,True,False,TDD,vanilla,10,[0.02687871 0.03901669 0.04954074 0.06252541],[0.00943563 0.01549287 0.01879738 0.0236687 ],[ 8.024808 11.629294 14.755881 18.59694 ],[2.9088707 4.706771  5.7066836 7.1751924],[8.254204 8.238471 8.225107 8.212635],[0.07140852 0.07992639 0.08713138 0.09610424],[8.27856  8.276338 8.274124 8.272226],[0.06968126 0.07664183 0.08386724 0.09061535]
DDK8,E,4e-07,21,True,False,TDD,vanilla,10,[0.03178591 0.04607606 0.05588233 0.07122733],[0.01212688 0.01978643 0.02303553 0.03081934],[ 9.503383 13.793851 16.694006 21.255186],[3.7614443 6.128601  7.056     9.327247 ],[8.247738 8.231713 8.222028 8.208828],[0.09467466 0.10666924 0.11792841 0.12700564],[8.276323 8.276242 8.275361 8.274577],[0.09324113 0.10310401 0.11220799 0.12068646]
DDK8,E,4e-07,24,True,False,TDD,vanilla,10,[0.03354987 0.04918469 0.0614686  0.07818899],[0.0144611  0.02355218 0.03039162 0.03931854],[10.028889 14.800991 18.66733  23.950249],[ 4.1310534  6.8902783  9.344236  12.704967 ],[8.255636 8.245506 8.239634 8.230034],[0.10071513 0.11060707 0.11568959 0.12263199],[8.286703 8.293116 8.298703 8.30418 ],[0.09379449 0.09931406 0.10363212 0.10734849]
DDK8,E,4e-07,27,True,False,TDD,vanilla,10,[0.03365869 0.04724838 0.06045796 0.07830443],[0.01370979 0.01981102 0.02539318 0.03365096],[ 9.990801 14.110487 18.161541 23.659779],[ 3.9865031  5.8443804  7.581749  10.236546 ],[8.244023  8.233897  8.2264185 8.215528 ],[0.09520489 0.09913038 0.10705249 0.11697607],[8.276787 8.280539 8.284522 8.288042],[0.08973086 0.09296609 0.09940286 0.10667291]
DDK8,E,4e-07,33,True,False,TDD,vanilla,10,[0.04065721 0.05552733 0.07479661 0.08939075],[0.02116248 0.02570255 0.03640751 0.03753263],[12.083904 16.50067  22.214045 26.601877],[ 6.2662244  7.590122  10.516143  10.98681  ],[8.234437 8.2177   8.199272 8.191074],[0.11749333 0.11808132 0.12493488 0.12182167],[8.277195 8.275805 8.276591 8.27708 ],[0.10656009 0.10650315 0.10475279 0.10291509]
DDK8,E,4e-07,36,True,False,TDD,vanilla,10,[0.04189545 0.05501754 0.06854292 0.08240433],[0.01870289 0.02042159 0.02517102 0.02517198],[12.606525 16.490316 20.471716 24.585154],[5.720206 6.103325 7.561138 7.56326 ],[8.245371 8.230776 8.214446 8.202902],[0.12179393 0.13150164 0.13756707 0.13616215],[8.287193 8.285667 8.282404 8.278148],[0.11921629 0.12636288 0.12809068 0.12669323]
DDK8,E,4e-07,42,True,False,TDD,vanilla,10,[0.04541809 0.06112771 0.07648257 0.09145799],[0.02126273 0.02579481 0.03151389 0.03224299],[13.59388  18.220802 22.809233 27.268126],[6.2673697 7.4654655 9.615592  9.826735 ],[8.237027 8.220873 8.205702 8.192024],[0.10944825 0.11807147 0.12491019 0.13155748],[8.284267 8.282584 8.279294 8.275064],[0.1008014  0.10741474 0.11493791 0.12366353]
DDK8,B,5e-08,3,True,False,TDD,vanilla,15,[0.00948784 0.01450611 0.02510674 0.04220689],[0.00324656 0.00679815 0.01853254 0.03316688],[2.0045476 3.0480747 5.0060444 8.465409 ],[0.66486233 1.4454912  3.219483   6.619357  ],[8.301999 8.298778 8.291479 8.278631],[0.28737655 0.29973435 0.31249094 0.32527772],[8.310017 8.311025 8.311322 8.311014],[0.28663874 0.29886186 0.31123886 0.32331756]
DDK8,B,5e-08,6,True,False,TDD,vanilla,15,[0.01690561 0.04039635 0.08878008 0.16717224],[0.0092694  0.03389248 0.08142989 0.15973197],[ 2.9411557  7.042544  16.338425  33.008762 ],[ 1.2638422  5.1474075 14.5301075 31.565964 ],[8.187309 8.169462 8.126736 8.041893],[0.39522186 0.4111793  0.44193327 0.5110805 ],[8.200852 8.201836 8.201868 8.201473],[0.3916575  0.39977843 0.40850884 0.41598985]
DDK8,B,5e-08,9,True,False,TDD,vanilla,15,[0.02785433 0.08503619 0.19097479 0.32540768],[0.02442791 0.08996291 0.18065819 0.280456  ],[ 4.8382716 16.165653  40.79901   73.973724 ],[ 3.2046006 17.706228  45.85423   74.80476  ],[8.230377 8.190412 8.073729 7.855286],[0.44524026 0.47004607 0.55131584 0.77978826],[8.251503 8.261046 8.269067 8.268887],[0.43901262 0.44828582 0.46303815 0.4847499 ]
DDK8,B,5e-08,12,True,False,TDD,vanilla,15,[0.05263684 0.17995794 0.3475301  0.48684275],[0.04779428 0.1779308  0.28422147 0.3303772 ],[  8.510914  33.453377  72.5841   114.60459 ],[ 6.9706426 33.469944  64.74658   92.236046 ],[8.128846  8.003278  7.7246304 7.3574257],[0.436838   0.54825073 0.8566239  1.1763215 ],[8.1689005 8.177474  8.178661  8.1839   ],[0.42534223 0.456648   0.4968093  0.52424604]
DDK8,B,5e-08,15,True,False,TDD,vanilla,15,[0.09054872 0.28220662 0.49206543 0.6340856 ],[0.09764852 0.2570117  0.34747642 0.35445312],[ 15.805386  63.44857  122.28884  172.16158 ],[ 14.668308  61.887043  99.72184  124.963524],[8.229877  7.9421687 7.416295  6.9528356],[0.56104714 0.83326644 1.3214421  1.507618  ],[8.301512 8.301376 8.295099 8.286509],[0.5188588  0.5244441  0.5284308  0.55424315]
DDK8,B,5e-08,18,True,False,TDD,vanilla,15,[0.17705998 0.53942466 0.73272216 0.84802437],[0.16621764 0.446591   0.43518832 0.3660315 ],[ 34.041954 116.9577   183.06894  232.16016 ],[ 35.720833 105.89974  137.02795  153.657   ],[7.969385  7.2599254 6.5713367 6.1171303],[0.6028636 1.2366204 1.5919814 1.6331642],[8.143847 8.165355 8.19014  8.226463],[0.5570067  0.5532856  0.5880717  0.64253396]
DDK8,B,5e-08,21,True,False,TDD,vanilla,15,[0.21406874 0.5657684  0.7799851  0.89362806],[0.21210796 0.40525544 0.42672822 0.33773294],[ 42.263683 129.20615  188.94096  233.33609 ],[ 45.794308 112.50506  128.42583  133.55853 ],[7.881492  7.093425  6.4031787 5.8942504],[0.6838906 1.3517246 1.5973005 1.6407679],[8.123272 8.136701 8.135805 8.15118 ],[0.5637358  0.5555875  0.58310056 0.62311333]
DDK8,B,5e-08,24,True,False,TDD,vanilla,15,[0.2523823  0.58603567 0.76472807 0.87513626],[0.28213623 0.4584508  0.42503506 0.2966194 ],[ 51.8401  143.8416  202.77455 248.13605],[ 60.286987 130.71379  141.33904  148.59174 ],[7.9975266 7.119064  6.610219  6.150199 ],[0.68295914 1.4313916  1.5027893  1.5533667 ],[8.270131 8.258452 8.255482 8.262504],[0.5118271  0.51376563 0.5234589  0.57083213]
DDK8,B,5e-08,27,True,False,TDD,vanilla,15,[0.2971856  0.6666802  0.8475994  0.96303904],[0.27290502 0.4122002  0.4420658  0.3689689 ],[ 57.673374 154.01964  207.6506   245.1037  ],[ 62.327343 123.490486 134.73207  128.95944 ],[7.8477917 6.8293524 6.294455  5.695035 ],[0.6990689 1.5704323 1.6069237 1.599815 ],[8.164666 8.149782 8.144778 8.15001 ],[0.5907433 0.6523984 0.6741813 0.6614096]
DDK8,B,5e-08,33,True,False,TDD,vanilla,15,[0.5718536 0.9605489 1.1072626 1.2594299],[0.5792328 0.6543789 0.5840802 0.8621594],[105.57341 209.90176 261.2797  288.02994],[ 96.968834 154.75298  141.82823  139.65234 ],[7.5999293 6.6374974 6.022149  5.6242933],[1.0013453 1.4660755 1.6309838 1.5784187],[8.244222 8.21752  8.208188 8.190938],[0.59182024 0.6487663  0.6651303  0.6921988 ]
DDK8,B,5e-08,36,True,False,TDD,vanilla,15,[0.78240824 1.136317   1.238878   1.2680022 ],[0.6572507  0.7060582  0.5675824  0.47369054],[152.82727 250.88774 289.99936 320.8431 ],[122.54989 147.98904 140.52234 149.00446],[7.2434816 6.045098  5.5997553 5.0974507],[1.2997361 1.7133433 1.5599675 1.6168245],[8.266978 8.223077 8.203336 8.203679],[0.6390856  0.63954604 0.61311203 0.6540083 ]
DDK8,B,5e-08,42,True,False,TDD,vanilla,15,[0.86868316 1.0981461  1.2036599  1.1968472 ],[0.684881   0.5124013  0.46835908 0.4012718 ],[170.10596 265.02557 304.12085 331.40997],[150.90323 170.59671 150.63374 156.98949],[6.7534027 5.9930644 5.5762258 5.192981 ],[1.684163  1.6679829 1.4264637 1.4981976],[8.1687   8.187472 8.230034 8.259732],[0.55716753 0.59658355 0.6257369  0.63968194]
DDK8,B,2e-07,3,True,False,TDD,vanilla,15,[0.01409777 0.0190642  0.02840868 0.04244854],[0.00457092 0.00785373 0.01522633 0.02688624],[3.3290799 4.435713  6.521909  9.842935 ],[0.9619761 1.7089134 3.4251578 6.4908314],[8.124429 8.121428 8.11451  8.102746],[0.40392116 0.40994653 0.41733423 0.4258913 ],[8.140387 8.142667 8.144901 8.14683 ],[0.4020315  0.40776485 0.41400665 0.42071086]
DDK8,B,2e-07,6,True,False,TDD,vanilla,15,[0.02054284 0.04089666 0.08186837 0.14795107],[0.00874527 0.02612166 0.06171545 0.11874697],[ 4.848966  9.520012 19.229685 36.189102],[ 1.5894748  5.3416176 13.776924  28.847975 ],[8.178066 8.160827 8.121437 8.047251],[0.377554   0.39019057 0.41399956 0.46197563],[8.200198 8.203735 8.207059 8.210534],[0.37354088 0.3805655  0.3896417  0.39972013]
DDK8,B,2e-07,9,True,False,TDD,vanilla,15,[0.02807311 0.07418656 0.16823107 0.29154083],[0.01057901 0.0454568  0.11544939 0.18791066],[ 6.9063125 18.653479  44.44379   80.39953  ],[ 3.077371 14.216146 39.60931  68.42135 ],[8.18511   8.133444  8.015148  7.8190947],[0.40862155 0.4091572  0.42292383 0.4923507 ],[8.216351 8.215251 8.214624 8.214304],[0.40763524 0.41026485 0.41645423 0.42503932]
DDK8,B,2e-07,12,True,False,TDD,vanilla,15,[0.05301838 0.16772896 0.33490545 0.4834698 ],[0.04151179 0.15826875 0.27846736 0.32659304],[ 11.057965  35.98431   75.968636 117.03302 ],[ 7.184789 31.755478 61.460743 80.71512 ],[8.062386  7.897683  7.557394  7.1251335],[0.46196344 0.5990174  0.9339248  1.3414176 ],[8.120098  8.1142645 8.112743  8.113856 ],[0.43833014 0.4555621  0.47286943 0.49387443]
DDK8,B,2e-07,15,True,False,TDD,vanilla,15,[0.07401771 0.23377547 0.4202247  0.563864  ],[0.06523801 0.21021879 0.28724945 0.28682026],[ 16.603765  57.51608  112.866905 161.67157 ],[ 14.359723  54.55249   88.707085 106.72349 ],[8.117896  7.879284  7.4684606 7.0518537],[0.5133552 0.6988344 1.0178363 1.3233358],[8.197627 8.204034 8.217083 8.230654],[0.48526046 0.50316983 0.5246719  0.5439685 ]
DDK8,B,2e-07,18,True,False,TDD,vanilla,15,[0.10206333 0.3052049  0.492253   0.6320757 ],[0.09911449 0.27464265 0.33290634 0.3006621 ],[ 22.834534  74.65656  127.14864  174.2195  ],[ 24.754526  76.881256 101.93773  111.117035],[8.054194  7.67249   7.2006025 6.804781 ],[0.5186479  0.90807277 1.3110772  1.3928531 ],[8.1638975 8.175692  8.188434  8.202102 ],[0.48944053 0.50745434 0.51854205 0.5220388 ]
DDK8,B,2e-07,21,True,False,TDD,vanilla,15,[0.17983523 0.48967475 0.68873125 0.81625336],[0.16581145 0.3441183  0.36780447 0.32344505],[ 42.807316 126.01936  181.30202  219.33795 ],[ 39.448067  96.0525   108.055534 108.20361 ],[7.9675245 7.2628365 6.5283465 6.0589986],[0.51907843 0.9962189  1.4376917  1.4350744 ],[8.188612 8.176667 8.144227 8.140654],[0.44568112 0.44044286 0.4572289  0.47989473]
DDK8,B,2e-07,24,True,False,TDD,vanilla,15,[0.21126452 0.52157205 0.7146904  0.8245114 ],[0.21383704 0.37910077 0.36742857 0.2940572 ],[ 47.864105 127.19337  184.43102  232.14825 ],[ 46.712048  95.342804 104.64313  113.24137 ],[7.8503175 7.0354156 6.4521084 6.0227637],[0.68902045 1.3991442  1.5644691  1.6464788 ],[8.138821 8.121225 8.131564 8.179233],[0.5049219  0.5401905  0.55457497 0.5767097 ]
DDK8,B,2e-07,27,True,False,TDD,vanilla,15,[0.2409237  0.5469435  0.74169266 0.8417007 ],[0.2689174  0.36409023 0.34222558 0.25365204],[ 56.79316 141.57198 194.51    231.25531],[ 62.965942 113.59198  115.81765  108.099724],[7.8630123 7.0669684 6.461941  5.9129224],[0.7862247 1.3657471 1.5350206 1.5727022],[8.195908 8.177614 8.161719 8.149493],[0.58492225 0.5956014  0.5773279  0.5629562 ]
DDK8,B,2e-07,33,True,False,TDD,vanilla,15,[0.4261047  0.71619767 0.9197516  0.9918788 ],[0.34750432 0.36060354 0.3670346  0.2684111 ],[ 94.96174 183.30115 240.23192 268.6487 ],[ 76.82783  112.34644  115.210945 118.86663 ],[7.4828057 6.542008  5.8246684 5.4239516],[0.85173094 1.3563335  1.4584328  1.4122458 ],[8.113809 8.133947 8.133893 8.112729],[0.5259433  0.55339056 0.55033195 0.5765365 ]
DDK8,B,2e-07,36,True,False,TDD,vanilla,15,[0.41915742 0.769592   0.9479357  1.0395485 ],[0.39542735 0.5234577  0.51625866 0.32612062],[ 97.91373 185.92503 231.69972 260.83423],[ 90.322296 125.49062  109.977295 103.66767 ],[7.512     6.6162395 6.043854  5.304799 ],[1.0228357 1.5430163 1.4098425 1.3696562],[8.202237 8.165164 8.124358 8.063301],[0.48082286 0.5317794  0.5752137  0.61029977]
DDK8,B,2e-07,42,True,False,TDD,vanilla,15,[0.63530207 0.8987136  1.0163862  1.0899079 ],[0.53520274 0.42508674 0.34282592 0.2961122 ],[143.61699 227.79463 268.68848 287.16028],[123.77561 132.6373  137.70702 120.15414],[7.0236187 6.1935344 5.6473427 5.1493382],[1.3499748 1.4693029 1.2863568 1.1421089],[8.116588  8.1407385 8.108494  8.074529 ],[0.5461969 0.5206076 0.5220433 0.5106325]
DDK8,B,4e-07,3,True,False,TDD,vanilla,15,[0.02624947 0.0305796  0.03869668 0.04974868],[0.01047907 0.01197738 0.0163129  0.02223197],[ 6.677499   7.7892365  9.863498  12.788539 ],[2.281512  2.583486  3.5239344 5.131762 ],[8.176991 8.173805 8.166345 8.155948],[0.34051242 0.34657606 0.35376802 0.3613657 ],[8.20847  8.210395 8.212237 8.213969],[0.3344236  0.33968472 0.345037   0.3505006 ]
DDK8,B,4e-07,6,True,False,TDD,vanilla,15,[0.03433071 0.050688   0.08274113 0.13580565],[0.01247347 0.02097849 0.04431794 0.08737355],[ 8.456296 12.66136  21.092873 35.737247],[ 3.2469945  5.6780844 12.533059  26.007977 ],[8.144371 8.125467 8.088831 8.023323],[0.32648757 0.33388314 0.34488028 0.36822978],[8.184885 8.185724 8.186444 8.187491],[0.3219428  0.32802498 0.33519444 0.34295762]
DDK8,B,4e-07,9,True,False,TDD,vanilla,15,[0.04302023 0.0831627  0.15860353 0.25980413],[0.02002814 0.05070243 0.11420085 0.18413109],[10.498133 20.597097 40.963413 69.77762 ],[ 4.74314   12.3868685 30.736933  53.94551  ],[8.142948  8.092746  7.9816895 7.7916985],[0.33984107 0.34713414 0.38728687 0.5263572 ],[8.193824  8.191843  8.1865635 8.178488 ],[0.33316842 0.33920407 0.35002944 0.36504003]
DDK8,B,4e-07,12,True,False,TDD,vanilla,15,[0.05663069 0.13561131 0.26549864 0.39619282],[0.02639382 0.09762316 0.19294791 0.24969377],[ 13.860682  34.4045    70.64564  110.15914 ],[ 6.784297 26.437683 56.39917  78.47207 ],[8.089378  7.990154  7.7596197 7.4542418],[0.3373375  0.38102135 0.57215416 0.8388507 ],[8.155842 8.160818 8.163987 8.167347],[0.32843766 0.33568707 0.35014966 0.36756453]
DDK8,B,4e-07,15,True,False,TDD,vanilla,15,[0.08754777 0.23784655 0.4132391  0.54704124],[0.05708577 0.19559821 0.29017338 0.30844924],[ 21.167234  60.170265 108.306114 148.32706 ],[14.256824 52.828384 82.034325 92.8632  ],[8.049277  7.794455  7.3378687 6.914381 ],[0.43419653 0.6336795  1.0601932  1.3587557 ],[8.153601 8.155079 8.152278 8.149134],[0.4101913  0.43171167 0.44939846 0.460384  ]
DDK8,B,4e-07,18,True,False,TDD,vanilla,15,[0.12017155 0.32486415 0.5089933  0.63546395],[0.09084549 0.24986823 0.3169134  0.29396355],[ 28.33774  83.38141 137.49878 177.93918],[ 22.163404  71.69024   99.45317  102.1721  ],[7.9832106 7.5784163 7.0647783 6.634491 ],[0.4780643 0.8007193 1.1145746 1.2801746],[8.1320305 8.13783   8.141356  8.146609 ],[0.42991513 0.4332563  0.4316455  0.42852738]
DDK8,B,4e-07,21,True,False,TDD,vanilla,15,[0.12795964 0.34358987 0.53566307 0.69342184],[0.09431712 0.23247975 0.26661792 0.25167885],[ 32.557438  95.84853  153.95776  199.63    ],[ 25.464735  78.34433  105.45653  113.33744 ],[8.002237  7.538478  7.021911  6.4540257],[0.43204153 0.7704114  0.98715335 1.1455281 ],[8.166336 8.156872 8.151517 8.130608],[0.39600894 0.41945392 0.43816084 0.45606455]
DDK8,B,4e-07,24,True,False,TDD,vanilla,15,[0.1798537  0.45584023 0.6485844  0.78473586],[0.13445981 0.28888887 0.30359155 0.25878507],[ 45.79534 129.9593  192.21779 238.00172],[ 35.8663   94.81467 116.36362 116.9139 ],[7.962548  7.3092895 6.6464405 6.176659 ],[0.47151375 0.8975369  1.2371736  1.233449  ],[8.199759 8.205041 8.207555 8.21912 ],[0.404768   0.4265331  0.43737403 0.43781117]
DDK8,B,4e-07,27,True,False,TDD,vanilla,15,[0.22094153 0.523697   0.71196276 0.825642  ],[0.17865878 0.31111392 0.30617765 0.23223019],[ 54.45448 136.32358 190.01201 230.21715],[43.79176 86.74102 94.94978 88.80683],[7.8252034 7.0454793 6.3197246 5.834475 ],[0.568109  1.0512162 1.3440262 1.3381165],[8.149215 8.11694  8.104062 8.116798],[0.3806188  0.3709262  0.37762547 0.39070326]
DDK8,B,4e-07,33,True,False,TDD,vanilla,15,[0.40256375 0.70283455 0.8925887  0.9783222 ],[0.3180601  0.37153268 0.34832913 0.35309458],[106.8346  207.25983 262.9243  286.45618],[ 87.079384 131.31862  114.834625 103.14031 ],[7.577948  6.6542335 6.077348  5.5993977],[0.8539573 1.2472212 1.2359571 1.2432815],[8.246285 8.265709 8.252912 8.226303],[0.46850497 0.45464966 0.43810764 0.45476887]
DDK8,B,4e-07,36,True,False,TDD,vanilla,15,[0.46696374 0.7663403  0.91113067 0.9869816 ],[0.3654939  0.36236694 0.2976147  0.23470896],[108.61548 195.12756 249.34528 285.04453],[84.32921  97.823326 95.92607  99.537674],[7.228167  6.2693563 5.785657  5.4179826],[0.9648874 1.3587831 1.2442558 1.1215913],[8.057566 8.079075 8.129921 8.168677],[0.40291405 0.39826265 0.40041897 0.40959847]
DDK8,B,4e-07,42,True,False,TDD,vanilla,15,[0.62533474 0.84897095 0.9571518  1.02607   ],[0.5233307  0.44817448 0.2878502  0.21890761],[151.80061 221.38747 258.81415 288.1194 ],[131.57182  127.80926  105.49355   97.285835],[7.031863  6.2399135 5.786022  5.438804 ],[1.186563  1.3626242 1.2265154 1.0565075],[8.131211  8.1205845 8.131761  8.168282 ],[0.45830318 0.46788168 0.48357803 0.44281054]
DDK8,E,5e-08,3,True,False,TDD,vanilla,15,[0.00275991 0.00385088 0.0051425  0.00803849],[0.00100894 0.00150655 0.00234161 0.00419357],[0.8060115 1.1195347 1.4901435 2.3299768],[0.29946622 0.43240124 0.6717592  1.2059512 ],[8.272511 8.269518 8.266354 8.262088],[0.1074222  0.10806287 0.10908184 0.11038283],[8.275205 8.273342 8.271564 8.269935],[0.10735612 0.10797671 0.10877378 0.10978284]
DDK8,E,5e-08,6,True,False,TDD,vanilla,15,[0.00377646 0.0063627  0.01077859 0.01831992],[0.00130531 0.00338522 0.00786869 0.01508477],[1.1007053 1.8569809 3.1507816 5.3808413],[0.38121247 1.005015   2.3568096  4.518747  ],[8.272137 8.269893 8.265789 8.258484],[0.1132056  0.11517035 0.11741631 0.12011816],[8.276046 8.276881 8.277935 8.278976],[0.11304259 0.11515557 0.11746033 0.11958142]
DDK8,E,5e-08,9,True,False,TDD,vanilla,15,[0.00496659 0.00997743 0.0192571  0.03215674],[0.00218566 0.00789842 0.01786009 0.03124287],[1.4549252 2.9098916 5.6676455 9.569166 ],[0.6447678 2.3038285 5.370286  9.382415 ],[8.288867  8.2856045 8.275989  8.26121  ],[0.127491   0.1291472  0.13280417 0.14203   ],[8.294175 8.29685  8.298473 8.298301],[0.12703064 0.12796013 0.1290341  0.13212258]
DDK8,E,5e-08,12,True,False,TDD,vanilla,15,[0.00693974 0.01623484 0.03132641 0.04991253],[0.00362198 0.01187494 0.02533055 0.04041867],[ 1.9745978  4.6337185  9.046316  14.499493 ],[ 1.0309608  3.474969   7.6919804 12.336624 ],[8.238659 8.22361  8.200059 8.174587],[0.1086459  0.11256589 0.12172993 0.1369511 ],[8.245988  8.241977  8.236683  8.2317295],[0.10888108 0.11287002 0.11957742 0.12670901]
DDK8,E,5e-08,15,True,False,TDD,vanilla,15,[0.00953933 0.02454071 0.0460364  0.07096148],[0.00576402 0.02110758 0.04179065 0.06113492],[ 2.7218943  7.0318794 13.4875    21.057589 ],[ 1.5802677  5.892511  12.33208   19.017864 ],[8.251753 8.231204 8.202047 8.173744],[0.13596027 0.14421798 0.1606371  0.1739988 ],[8.262611  8.2612095 8.260151  8.261041 ],[0.13493809 0.13911162 0.14343643 0.14577541]
DDK8,E,5e-08,18,True,False,TDD,vanilla,15,[0.01213609 0.03310067 0.05809636 0.08918903],[0.00826397 0.0319945  0.05335812 0.07261334],[ 3.5184379  9.848013  17.451797  26.879894 ],[ 2.4469364  9.87161   16.561445  22.411673 ],[8.268223 8.242191 8.210799 8.183996],[0.13646284 0.1502693  0.16497402 0.16889665],[8.281872 8.281912 8.279536 8.27891 ],[0.13541299 0.14105983 0.14464794 0.14809406]
DDK8,E,5e-08,21,True,False,TDD,vanilla,15,[0.01581175 0.04118403 0.06536631 0.10433925],[0.01123882 0.03202939 0.0453276  0.07041968],[ 4.743022 12.310036 19.45384  31.019915],[ 3.4314666  9.873438  13.771943  21.464544 ],[8.288196  8.249747  8.2138405 8.171326 ],[0.1468974  0.14590715 0.16592503 0.18530053],[8.307358 8.301056 8.291944 8.288347],[0.14678083 0.14288229 0.1493194  0.15211837]
DDK8,E,5e-08,24,True,False,TDD,vanilla,15,[0.02156466 0.05172604 0.08539006 0.12649411],[0.01735192 0.04293929 0.06559811 0.08940941],[ 6.339198 15.389307 25.169077 37.496002],[ 5.0239153 12.973272  19.725008  26.859745 ],[8.2619915 8.216037  8.172379  8.1270685],[0.13458365 0.14885147 0.18057781 0.21809144],[8.2875   8.278505 8.268627 8.264957],[0.13044433 0.1344253  0.15097398 0.16351572]
DDK8,E,5e-08,27,True,False,TDD,vanilla,15,[0.02028655 0.04922953 0.08453571 0.12942171],[0.01384734 0.03823897 0.06126671 0.09030747],[ 6.001427 14.861469 25.362574 38.97263 ],[ 4.3019953 11.826113  18.71346   27.762    ],[8.255545 8.225288 8.197772 8.150047],[0.1293055  0.1548599  0.166869   0.20201187],[8.279845  8.286421  8.2941885 8.295663 ],[0.12928064 0.14179233 0.13784619 0.14801458]
DDK8,E,5e-08,33,True,False,TDD,vanilla,15,[0.03969773 0.07367566 0.11565106 0.16357066],[0.04132414 0.05946597 0.08396136 0.10584036],[11.4827   21.878132 34.468475 48.970913],[10.832944 17.945347 25.26193  32.75718 ],[8.236236 8.198082 8.14566  8.099093],[0.16752267 0.15861967 0.19606347 0.2055411 ],[8.287059 8.28844  8.283365 8.28227 ],[0.14250225 0.14087309 0.1485409  0.15866236]
DDK8,E,5e-08,36,True,False,TDD,vanilla,15,[0.04347855 0.07618828 0.12090546 0.15871182],[0.04325926 0.05345806 0.07829344 0.09822056],[12.470878 22.340017 36.080418 48.046776],[11.814598 14.951812 22.755575 30.348534],[8.225887 8.194677 8.145768 8.119747],[0.18660578 0.20364863 0.22722015 0.24213712],[8.281623 8.287588 8.29217  8.30194 ],[0.16172272 0.17149195 0.17695847 0.17350179]
DDK8,E,5e-08,42,True,False,TDD,vanilla,15,[0.0483619  0.08589286 0.12901264 0.17107622],[0.05015058 0.06135299 0.0748986  0.09578515],[14.041995 25.331264 38.013485 50.67754 ],[13.655063 17.973366 22.289787 28.743202],[8.225263 8.172646 8.126951 8.089797],[0.17020115 0.18853615 0.19910035 0.21191306],[8.2850485 8.277092  8.275991  8.2751875],[0.15040708 0.15980272 0.16346732 0.16856034]
DDK8,E,2e-07,3,True,False,TDD,vanilla,15,[0.0081466  0.00946317 0.01089822 0.0138169 ],[0.0034479  0.00385989 0.00447616 0.00601812],[2.4404802 2.8344617 3.2626579 4.1348743],[1.031656  1.1517236 1.3292725 1.7808139],[8.275118 8.273942 8.272597 8.270141],[0.04009913 0.04117902 0.04248353 0.04399109],[8.280581 8.280627 8.280685 8.280739],[0.0395242  0.04055545 0.04168786 0.04291362]
DDK8,E,2e-07,6,True,False,TDD,vanilla,15,[0.0085979  0.01195676 0.01668224 0.02368093],[0.00372092 0.00528728 0.00850164 0.01333987],[2.588306  3.6001892 5.0230927 7.1337266],[1.1043123 1.5769283 2.5429752 4.0211916],[8.287071 8.283558 8.278097 8.270202],[0.0442461  0.04827151 0.05319512 0.05863586],[8.293882 8.294106 8.294251 8.294382],[0.04388142 0.04748659 0.05115881 0.05493952]
DDK8,E,2e-07,9,True,False,TDD,vanilla,15,[0.01036492 0.01532907 0.02251058 0.03316846],[0.00444484 0.00706908 0.01213353 0.02187501],[ 3.128525   4.6270213  6.7942767 10.027018 ],[1.3390099 2.1405466 3.7014942 6.781507 ],[8.285701 8.281105 8.273469 8.263652],[0.06029452 0.0670007  0.07464306 0.0834576 ],[8.294298 8.295323 8.296029 8.296503],[0.05927263 0.06526424 0.07138937 0.07772422]
DDK8,E,2e-07,12,True,False,TDD,vanilla,15,[0.0117168  0.01912883 0.02995608 0.04232003],[0.0046166  0.00946012 0.01915214 0.02824176],[ 3.5254104  5.7682776  9.018577  12.736554 ],[1.3780107 2.8910398 5.7964897 8.480612 ],[8.282554 8.27466  8.262134 8.249145],[0.06954187 0.07597861 0.08736312 0.09983031],[8.292669 8.293591 8.29417  8.294293],[0.06883647 0.07497934 0.08134437 0.08748709]
DDK8,E,2e-07,15,True,False,TDD,vanilla,15,[0.01533036 0.02647826 0.04038723 0.0552999 ],[0.00662607 0.01559788 0.02598158 0.03504429],[ 4.5960217  7.9398766 12.124739  16.615776 ],[ 2.00418    4.7078657  7.8404546 10.471255 ],[8.265473 8.251259 8.235814 8.221903],[0.06658896 0.07496303 0.08486743 0.09896466],[8.278367 8.277282 8.276983 8.276869],[0.06547173 0.07076035 0.07667465 0.08393777]
DDK8,E,2e-07,18,True,False,TDD,vanilla,15,[0.0168877  0.03116485 0.04490216 0.06575685],[0.007866   0.02091643 0.02811796 0.04237541],[ 5.012517  9.178904 13.262564 19.509348],[ 2.2834296  5.8588867  7.9953074 12.424103 ],[8.257374 8.240617 8.227674 8.211496],[0.08167566 0.09702771 0.10609408 0.11678702],[8.273221 8.273726 8.274927 8.276924],[0.07880081 0.08553309 0.09271665 0.09996614]
DDK8,E,2e-07,21,True,False,TDD,vanilla,15,[0.01978086 0.03821899 0.05178932 0.07392839],[0.00875855 0.02113676 0.02521074 0.034539  ],[ 5.9133496 11.399301  15.495523  22.199451 ],[ 2.606338   6.1741395  7.4958296 10.467987 ],[8.271597  8.250577  8.2376175 8.218943 ],[0.0934992  0.10841004 0.11895562 0.12991115],[8.2915325 8.292838  8.293352  8.293094 ],[0.09075397 0.09886748 0.10661584 0.11423081]
DDK8,E,2e-07,24,True,False,TDD,vanilla,15,[0.02274005 0.04263672 0.06067191 0.08658797],[0.01190297 0.02581947 0.03548528 0.0543772 ],[ 6.7957783 12.633058  17.896402  25.640448 ],[ 3.5882921  7.574433  10.307902  16.159672 ],[8.261428 8.232153 8.209925 8.179814],[0.09908976 0.11261432 0.12679999 0.14066909],[8.283634 8.277485 8.2726   8.268844],[0.0970543  0.10391299 0.1116889  0.11914234]
DDK8,E,2e-07,27,True,False,TDD,vanilla,15,[0.02557003 0.04520348 0.06521173 0.08671113],[0.0167676  0.0277684  0.03724823 0.04597532],[ 7.6302705 13.550074  19.701096  26.308437 ],[ 4.8385243  8.180644  11.341263  14.191522 ],[8.258093 8.240675 8.226182 8.212814],[0.10028365 0.11165484 0.1201309  0.13043627],[8.285105 8.289517 8.293083 8.295244],[0.09349079 0.10003035 0.1076677  0.11564252]
DDK8,E,2e-07,33,True,False,TDD,vanilla,15,[0.03342801 0.05140759 0.07738249 0.09559784],[0.02639397 0.03156487 0.04238751 0.05028144],[10.060495 15.626486 23.62668  29.305836],[ 7.953402  9.921192 13.080595 15.766623],[8.256011 8.244462 8.225097 8.216016],[0.1192219  0.1244979  0.13277236 0.14076744],[8.293463 8.300457 8.306935 8.31096 ],[0.1121941  0.1177948  0.12364822 0.1286118 ]
DDK8,E,2e-07,36,True,False,TDD,vanilla,15,[0.03370744 0.05396745 0.07636131 0.09709564],[0.02263985 0.03406652 0.03790805 0.04114433],[ 9.88683  15.794436 22.403835 28.650253],[ 6.576755  9.891043 11.141065 12.51474 ],[8.222283  8.198397  8.180532  8.1678915],[0.11151856 0.12631264 0.14112093 0.1533627 ],[8.260142  8.257455  8.2576065 8.260585 ],[0.10467414 0.11562987 0.12960932 0.14268412]
DDK8,E,2e-07,42,True,False,TDD,vanilla,15,[0.041963   0.06449266 0.08847291 0.10817086],[0.02568316 0.03148219 0.04103617 0.04458155],[12.629923 19.195847 26.494413 32.44702 ],[ 7.8811975  9.333849  12.515807  13.979103 ],[8.237334 8.211771 8.188083 8.171059],[0.10844277 0.12625445 0.13512242 0.1402519 ],[8.285831 8.281849 8.27859  8.276519],[0.10005278 0.10973753 0.12256967 0.13150124]
DDK8,E,4e-07,3,True,False,TDD,vanilla,15,[0.01140532 0.01305574 0.01481567 0.01828118],[0.00472739 0.00522181 0.00598644 0.00749913],[3.4166522 3.9107265 4.43934   5.4789495],[1.4144254 1.5638894 1.7957379 2.256336 ],[8.280086 8.27828  8.276388 8.273372],[0.03011939 0.03181844 0.03362527 0.03558063],[8.288958 8.288684 8.288403 8.288102],[0.02915174 0.03073189 0.03247377 0.03435929]
DDK8,E,4e-07,6,True,False,TDD,vanilla,15,[0.01403824 0.01777196 0.02220272 0.02859898],[0.00511322 0.00668639 0.00890308 0.01159287],[4.2026076 5.3167357 6.642934  8.558967 ],[1.5445594 2.0055177 2.6688054 3.4861524],[8.273174  8.269146  8.2641945 8.257649 ],[0.04028933 0.04472232 0.04925624 0.0538796 ],[8.284499 8.284238 8.283938 8.283622],[0.03912413 0.0432141  0.04740655 0.05164111]
DDK8,E,4e-07,9,True,False,TDD,vanilla,15,[0.01607686 0.0211514  0.02762106 0.0356306 ],[0.00545482 0.00764895 0.01144001 0.01567326],[ 4.803896   6.3258486  8.266711  10.680926 ],[1.6383835 2.326327  3.5093372 4.8724847],[8.267374 8.261199 8.253583 8.245701],[0.05267927 0.05856396 0.06487039 0.07119033],[8.280015 8.279101 8.278396 8.278026],[0.05211917 0.05833429 0.06446901 0.0706116 ]
DDK8,E,4e-07,12,True,False,TDD,vanilla,15,[0.01827075 0.02610805 0.03539126 0.04775738],[0.00720645 0.01119389 0.01608616 0.02314881],[ 5.486565   7.8523536 10.666347  14.434369 ],[2.190177  3.4104156 4.9391866 7.089306 ],[8.270605 8.263348 8.255077 8.246808],[0.06565691 0.07269851 0.07894611 0.08509374],[8.285689 8.28714  8.288548 8.289801],[0.06437866 0.07084928 0.07688569 0.08259344]
DDK8,E,4e-07,15,True,False,TDD,vanilla,15,[0.01946579 0.0293903  0.04021623 0.05234547],[0.00674445 0.01262827 0.01740959 0.02146723],[ 5.8337774  8.810258  12.087447  15.824089 ],[2.0247536 3.7379804 5.1951017 6.634147 ],[8.271673 8.263106 8.254492 8.247623],[0.07689523 0.08710279 0.09599317 0.10326783],[8.288774 8.291263 8.293829 8.296032],[0.07523514 0.08273138 0.09050899 0.09828036]
DDK8,E,4e-07,18,True,False,TDD,vanilla,15,[0.02141909 0.03309055 0.04416418 0.05697206],[0.00795239 0.01474042 0.01868032 0.02382085],[ 6.396658  9.86716  13.16817  16.969994],[2.4640007 4.4734087 5.681845  7.2520194],[8.260187 8.244892 8.231271 8.219472],[0.07071376 0.07932831 0.08624892 0.09513642],[8.27856  8.276338 8.274124 8.272226],[0.06968126 0.07664183 0.08386724 0.09061535]
DDK8,E,4e-07,21,True,False,TDD,vanilla,15,[0.02605019 0.04068634 0.05116587 0.06612912],[0.01102038 0.01995785 0.02401869 0.03175532],[ 7.7873406 12.186898  15.286125  19.736036 ],[3.4083784 6.187041  7.346251  9.592654 ],[8.253957 8.237411 8.227828 8.215831],[0.09427773 0.10638096 0.11749877 0.12634553],[8.276323 8.276242 8.275361 8.274577],[0.09324113 0.10310401 0.11220799 0.12068646]
DDK8,E,4e-07,24,True,False,TDD,vanilla,15,[0.02785386 0.04379617 0.05640006 0.07343882],[0.01332206 0.02331324 0.03088483 0.04138276],[ 8.318476  13.1728325 17.140324  22.516481 ],[ 3.8074763  6.8257565  9.530842  13.403131 ],[8.261642 8.251071 8.245113 8.235785],[0.09975238 0.11017772 0.11570722 0.12406267],[8.286703 8.293116 8.298703 8.30418 ],[0.09379449 0.09931406 0.10363212 0.10734849]
DDK8,E,4e-07,27,True,False,TDD,vanilla,15,[0.02808814 0.04219927 0.05538202 0.07382438],[0.01266346 0.01998012 0.0258246  0.03429888],[ 8.325979 12.592108 16.622553 22.312439],[ 3.6560624  5.8652864  7.6805863 10.419666 ],[8.249914 8.239001 8.232152 8.221557],[0.09457851 0.09885097 0.10670308 0.11644763],[8.276787 8.280539 8.284522 8.288042],[0.08973086 0.09296609 0.09940286 0.10667291]
DDK8,E,4e-07,33,True,False,TDD,vanilla,15,[0.03628366 0.05160514 0.07110946 0.08606104],[0.02237565 0.02746507 0.03747796 0.03887496],[10.761683 15.317474 21.112299 25.616238],[ 6.570657  8.055426 10.83847  11.379909],[8.238494 8.221574 8.203535 8.195827],[0.1184898  0.11901032 0.12496156 0.12235303],[8.277195 8.275805 8.276591 8.27708 ],[0.10656009 0.10650315 0.10475279 0.10291509]
DDK8,E,4e-07,36,True,False,TDD,vanilla,15,[0.03764221 0.05108653 0.06484296 0.0789005 ],[0.0201235  0.02171317 0.02604001 0.02563713],[11.336631 15.304004 19.362858 23.528292],[6.170975  6.4700575 7.8261027 7.6485524],[8.249324 8.234466 8.218478 8.207838],[0.12115636 0.13143437 0.13739136 0.13619253],[8.287193 8.285667 8.282404 8.278148],[0.11921629 0.12636288 0.12809068 0.12669323]
DDK8,E,4e-07,42,True,False,TDD,vanilla,15,[0.04126269 0.05793235 0.07357433 0.0893065 ],[0.02250423 0.02748205 0.03167857 0.03301665],[12.331307 17.248726 21.955069 26.643293],[ 6.54356   7.888305  9.676681 10.028514],[8.240915 8.223878 8.208689 8.195288],[0.11032046 0.11914264 0.12544258 0.1330331 ],[8.284267 8.282584 8.279294 8.275064],[0.1008014  0.10741474 0.11493791 0.12366353]
DDK8,B,5e-08,3,True,False,TDD,vanilla,20,[0.00757106 0.01191224 0.02185467 0.03782905],[0.00269533 0.00611481 0.01789963 0.03199883],[1.6511081 2.5469477 4.3717484 7.5965266],[0.57354134 1.3094019  3.0138423  6.3263464 ],[8.303519 8.300817 8.294049 8.282013],[0.28724548 0.29960436 0.3123986  0.32498252],[8.310017 8.311025 8.311322 8.311014],[0.28663874 0.29886186 0.31123886 0.32331756]
DDK8,B,5e-08,6,True,False,TDD,vanilla,20,[0.01353549 0.03535188 0.08222341 0.15915376],[0.00772738 0.03177219 0.07922163 0.15701066],[ 2.417763   6.1977453 15.154281  31.568245 ],[ 1.0877291  4.8013887 14.095909  31.21217  ],[8.189787 8.173172 8.131893 8.048646],[0.39461055 0.41001743 0.44005445 0.5080717 ],[8.200852 8.201836 8.201868 8.201473],[0.3916575  0.39977843 0.40850884 0.41598985]
DDK8,B,5e-08,9,True,False,TDD,vanilla,20,[0.02453939 0.08007482 0.18400703 0.31882602],[0.024091   0.08917891 0.1794639  0.2800167 ],[ 4.2165  15.12475 39.48924 72.68592],[ 3.071763 17.476515 45.876293 75.2081  ],[8.233039  8.194374  8.079038  7.8584294],[0.4446298  0.46893945 0.5494211  0.78682953],[8.251503 8.261046 8.269067 8.268887],[0.43901262 0.44828582 0.46303815 0.4847499 ]
DDK8,B,5e-08,12,True,False,TDD,vanilla,20,[0.04843416 0.174848   0.3423849  0.48330563],[0.04671966 0.1786871  0.28570104 0.3330125 ],[  7.8365192  32.501648   71.48482   113.47654  ],[ 6.8524494 33.508743  65.011284  92.56386  ],[8.131779 8.006981 7.728682 7.36399 ],[0.43613052 0.54708016 0.85659474 1.1735421 ],[8.1689005 8.177474  8.178661  8.1839   ],[0.42534223 0.456648   0.4968093  0.52424604]
DDK8,B,5e-08,15,True,False,TDD,vanilla,20,[0.0864848  0.27892745 0.4887427  0.63018465],[0.09551116 0.25918484 0.349223   0.35472253],[ 15.025754  62.516094 121.3494   171.28389 ],[ 14.5248375  61.82091    99.715065  125.14361  ],[8.232756  7.945651  7.4238462 6.9600163],[0.5613563  0.83516324 1.3151487  1.5031352 ],[8.301512 8.301376 8.295099 8.286509],[0.5188588  0.5244441  0.5284308  0.55424315]
DDK8,B,5e-08,18,True,False,TDD,vanilla,20,[0.17304789 0.5367338  0.7296763  0.8433249 ],[0.16669725 0.449089   0.4385742  0.36606503],[ 33.330673 116.457275 182.5736   231.4855  ],[ 35.829945 106.677536 137.71466  154.10994 ],[7.973122  7.262602  6.577806  6.1270204],[0.6007359 1.2365891 1.5906154 1.6313866],[8.143847 8.165355 8.19014  8.226463],[0.5570067  0.5532856  0.5880717  0.64253396]
DDK8,B,5e-08,21,True,False,TDD,vanilla,20,[0.21051095 0.5627354  0.7778825  0.89279205],[0.21321163 0.40739754 0.42878625 0.34101394],[ 41.57655 128.61159 188.55309 232.97293],[ 45.904972 112.745026 128.64638  133.88463 ],[7.8852024 7.100221  6.405079  5.906256 ],[0.68258965 1.3444195  1.6027128  1.6340803 ],[8.123272 8.136701 8.135805 8.15118 ],[0.5637358  0.5555875  0.58310056 0.62311333]
DDK8,B,5e-08,24,True,False,TDD,vanilla,20,[0.24996835 0.5852812  0.7616804  0.873136  ],[0.28533465 0.4620313  0.4251711  0.297467  ],[ 51.187305 143.39247  202.30344  247.79152 ],[ 60.5885  131.34105 141.89882 148.9648 ],[8.000552  7.1216197 6.6231556 6.155609 ],[0.6820389 1.4336983 1.4931781 1.5577674],[8.270131 8.258452 8.255482 8.262504],[0.5118271  0.51376563 0.5234589  0.57083213]
DDK8,B,5e-08,27,True,False,TDD,vanilla,20,[0.2938018 0.6671994 0.8478744 0.9624282],[0.27641934 0.4164813  0.44366753 0.36838597],[ 57.033466 153.67796  207.58385  245.15971 ],[ 62.723564 123.88712  135.08289  129.6703  ],[7.8514075 6.833014  6.297138  5.695647 ],[0.6971495 1.5697731 1.601637  1.5941445],[8.164666 8.149782 8.144778 8.15001 ],[0.5907433 0.6523984 0.6741813 0.6614096]
DDK8,B,5e-08,33,True,False,TDD,vanilla,20,[0.5669059 0.9628372 1.110264  1.2637557],[0.5774566  0.65737736 0.5893403  0.87211394],[105.06177 209.8853  261.55325 288.32468],[ 97.67656 155.38777 142.50224 140.21594],[7.6009502 6.6434364 6.027109  5.6253123],[1.0063192 1.4618168 1.6284679 1.5764612],[8.244222 8.21752  8.208188 8.190938],[0.59182024 0.6487663  0.6651303  0.6921988 ]
DDK8,B,5e-08,36,True,False,TDD,vanilla,20,[0.78449464 1.1401398  1.2415997  1.268407  ],[0.6674931  0.71178436 0.57576233 0.47788274],[152.63495 250.92767 289.95825 320.99347],[123.34871 148.62152 140.88133 148.96922],[7.245035 6.052862 5.611192 5.095025],[1.3007199 1.7090527 1.5616331 1.6235404],[8.266978 8.223077 8.203336 8.203679],[0.6390856  0.63954604 0.61311203 0.6540083 ]
DDK8,B,5e-08,42,True,False,TDD,vanilla,20,[0.8701968 1.1014447 1.2042072 1.19882  ],[0.69049805 0.51684713 0.4671937  0.40323284],[169.83043 265.36346 304.32977 331.8075 ],[151.38681 171.50719 150.81357 157.3003 ],[6.7569213 5.9946094 5.5748925 5.1860228],[1.6873964 1.667922  1.4294678 1.5096703],[8.1687   8.187472 8.230034 8.259732],[0.55716753 0.59658355 0.6257369  0.63968194]
DDK8,B,2e-07,3,True,False,TDD,vanilla,20,[0.01198325 0.0159311  0.02399425 0.03659664],[0.00392231 0.00645396 0.01275239 0.02346451],[2.8711069 3.7624118 5.570898  8.563902 ],[0.82002425 1.4059093  2.8786428  5.677906  ],[8.1268835 8.125023  8.119466  8.109524 ],[0.40379044 0.40973476 0.41699335 0.42524147],[8.140387 8.142667 8.144901 8.14683 ],[0.4020315  0.40776485 0.41400665 0.42071086]
DDK8,B,2e-07,6,True,False,TDD,vanilla,20,[0.016926   0.03441305 0.07252228 0.13635744],[0.00744353 0.02335663 0.05819771 0.11545918],[ 4.0358844  8.036962  17.018375  33.33593  ],[ 1.3289127  4.730952  12.927436  27.902048 ],[8.182209 8.16808  8.132544 8.063044],[0.37699887 0.38892162 0.41129044 0.4563147 ],[8.200198 8.203735 8.207059 8.210534],[0.37354088 0.3805655  0.3896417  0.39972013]
DDK8,B,2e-07,9,True,False,TDD,vanilla,20,[0.02370002 0.06623869 0.1579793  0.28062907],[0.00936603 0.0435605  0.11452404 0.18885994],[ 5.8774786 16.71301   41.90471   77.74006  ],[ 2.7487645 13.565667  39.120907  68.537834 ],[8.190217  8.143209  8.030139  7.8382063],[0.40831336 0.4078482  0.41919577 0.4859696 ],[8.216351 8.215251 8.214624 8.214304],[0.40763524 0.41026485 0.41645423 0.42503932]
DDK8,B,2e-07,12,True,False,TDD,vanilla,20,[0.04768736 0.15942183 0.32597175 0.4746368 ],[0.04015619 0.15821783 0.28070888 0.33139443],[  9.9574375  34.258213   74.05989   115.04203  ],[ 7.013514 31.900146 62.0264   81.49949 ],[8.068499  7.908244  7.570752  7.1382647],[0.4600041  0.5951442  0.93179154 1.3490448 ],[8.120098  8.1142645 8.112743  8.113856 ],[0.43833014 0.4555621  0.47286943 0.49387443]
DDK8,B,2e-07,15,True,False,TDD,vanilla,20,[0.06891136 0.22696234 0.41284585 0.55703133],[0.0657694  0.21362747 0.2922188  0.2920469 ],[ 15.47896  55.90642 111.19747 159.9393 ],[ 14.44521   55.044716  89.5486   107.571014],[8.123747  7.888011  7.481555  7.0664244],[0.5124195 0.6998982 1.0186011 1.3287812],[8.197627 8.204034 8.217083 8.230654],[0.48526046 0.50316983 0.5246719  0.5439685 ]
DDK8,B,2e-07,18,True,False,TDD,vanilla,20,[0.09670735 0.2990347  0.48570594 0.62506   ],[0.09963752 0.27827224 0.3372659  0.30518585],[ 21.681114  73.21813  125.733086 172.56892 ],[ 24.799063  77.5339   102.883446 112.01596 ],[8.060297  7.6810036 7.2079635 6.819176 ],[0.5177076 0.909539  1.3200634 1.3954163],[8.1638975 8.175692  8.188434  8.202102 ],[0.48944053 0.50745434 0.51854205 0.5220388 ]
DDK8,B,2e-07,21,True,False,TDD,vanilla,20,[0.17470825 0.48481023 0.6846066  0.8129078 ],[0.16631584 0.3473598  0.37270728 0.32885724],[ 41.665646 124.97834  180.33905  218.43448 ],[ 39.5325    96.626495 108.756035 108.84417 ],[7.974062  7.2722497 6.539903  6.077561 ],[0.51768553 0.9940395  1.4395553  1.4338529 ],[8.188612 8.176667 8.144227 8.140654],[0.44568112 0.44044286 0.4572289  0.47989473]
DDK8,B,2e-07,24,True,False,TDD,vanilla,20,[0.20679496 0.51828283 0.7112683  0.8218018 ],[0.21472739 0.3808741  0.370425   0.29749545],[ 46.898663 126.37866  183.6969   231.45377 ],[ 47.001007  95.76146  105.294876 113.682434],[7.8563805 7.0423994 6.461681  6.0311894],[0.6882162 1.3972508 1.5621849 1.6453711],[8.138821 8.121225 8.131564 8.179233],[0.5049219  0.5401905  0.55457497 0.5767097 ]
DDK8,B,2e-07,27,True,False,TDD,vanilla,20,[0.2360502  0.5427094  0.73899233 0.8396561 ],[0.27000323 0.36636442 0.34365118 0.25442496],[ 55.745956 140.6712   193.83614  230.79643 ],[ 63.226326 114.079796 116.17429  108.2748  ],[7.869429 7.07658  6.469557 5.92567 ],[0.78490806 1.3641638  1.5364549  1.5728936 ],[8.195908 8.177614 8.161719 8.149493],[0.58492225 0.5956014  0.5773279  0.5629562 ]
DDK8,B,2e-07,33,True,False,TDD,vanilla,20,[0.42343932 0.71453613 0.9183457  0.99158204],[0.35101053 0.36286882 0.36888844 0.2714896 ],[ 94.0656  182.7987  239.8872  268.40256],[ 76.96525  112.70113  115.533264 119.268906],[7.4887056 6.546714  5.833237  5.4319715],[0.8531134 1.3572942 1.4589591 1.4155878],[8.113809 8.133947 8.133893 8.112729],[0.5259433  0.55339056 0.55033195 0.5765365 ]
DDK8,B,2e-07,36,True,False,TDD,vanilla,20,[0.4140083 0.7666359 0.9478434 1.0408334],[0.39835066 0.5184275  0.51878047 0.32809755],[ 95.94203 185.48468 231.64314 261.09964],[ 90.21768 125.93778 110.3157  103.74574],[7.5226808 6.6197124 6.0492306 5.3073163],[1.0207262 1.5461589 1.4114501 1.3632929],[8.202237 8.165164 8.124358 8.063301],[0.48082286 0.5317794  0.5752137  0.61029977]
DDK8,B,2e-07,42,True,False,TDD,vanilla,20,[0.63661337 0.8963536  1.014737   1.0882576 ],[0.5444048  0.42646906 0.3428995  0.29324237],[143.81807 227.25803 268.36813 286.85052],[125.91868 133.2496  137.81544 120.01715],[7.023191  6.2035913 5.654271  5.154171 ],[1.3697292 1.4678708 1.2865502 1.1447428],[8.116588  8.1407385 8.108494  8.074529 ],[0.5461969 0.5206076 0.5220433 0.5106325]
DDK8,B,4e-07,3,True,False,TDD,vanilla,20,[0.02436745 0.02768488 0.03450829 0.04431061],[0.0102159  0.01135559 0.01467117 0.01985322],[ 6.1987696  7.054765   8.802625  11.403717 ],[2.214948  2.420775  3.1353283 4.5471816],[8.17968  8.177735 8.171973 8.16344 ],[0.34032553 0.34632128 0.3530947  0.3604043 ],[8.20847  8.210395 8.212237 8.213969],[0.3344236  0.33968472 0.345037   0.3505006 ]
DDK8,B,4e-07,6,True,False,TDD,vanilla,20,[0.03065175 0.04382586 0.07249671 0.12287854],[0.01151535 0.01810304 0.03975786 0.08218468],[ 7.5676208 10.983515  18.541183  32.435352 ],[ 2.993296  4.925858 11.306183 24.485737],[8.149142 8.134272 8.102569 8.04266 ],[0.3262376  0.33312663 0.34285066 0.36411655],[8.184885 8.185724 8.186444 8.187491],[0.3219428  0.32802498 0.33519444 0.34295762]
DDK8,B,4e-07,9,True,False,TDD,vanilla,20,[0.03811232 0.07409726 0.14681712 0.24686402],[0.01834762 0.0477785  0.11187702 0.1836938 ],[ 9.322027 18.363855 37.955154 66.38967 ],[ 4.3823566 11.576559  29.926363  53.528877 ],[8.149217  8.104834  8.000036  7.8160386],[0.3393587  0.34572077 0.38312638 0.51940113],[8.193824  8.191843  8.1865635 8.178488 ],[0.33316842 0.33920407 0.35002944 0.36504003]
DDK8,B,4e-07,12,True,False,TDD,vanilla,20,[0.0514292  0.12749918 0.25627297 0.3867874 ],[0.02517137 0.09752265 0.19482104 0.25338346],[ 12.61631  32.40504  68.34777 107.71837],[ 6.484031 26.372183 56.883034 79.326645],[8.09631   8.002179  7.7759004 7.4719224],[0.33627084 0.37892583 0.57138646 0.8427206 ],[8.155842 8.160818 8.163987 8.167347],[0.32843766 0.33568707 0.35014966 0.36756453]
DDK8,B,4e-07,15,True,False,TDD,vanilla,20,[0.08236906 0.23132229 0.4069088  0.5410078 ],[0.05654946 0.19775732 0.29307258 0.31197008],[ 19.95261   58.504486 106.70273  146.66649 ],[14.162645 53.20291  82.79091  93.692   ],[8.056343  7.8047786 7.3515654 6.9321446],[0.4327822 0.6339668 1.0615379 1.3584577],[8.153601 8.155079 8.152278 8.149134],[0.4101913  0.43171167 0.44939846 0.460384  ]
DDK8,B,4e-07,18,True,False,TDD,vanilla,20,[0.11472735 0.3188392  0.50401    0.63056874],[0.09170842 0.2525367  0.32082367 0.29785427],[ 27.07125   81.941315 136.27495  176.69064 ],[ 22.274044  72.180084 100.28577  103.020775],[7.9911346 7.588141  7.0746675 6.6465807],[0.47694096 0.8042268  1.1197416  1.2884669 ],[8.1320305 8.13783   8.141356  8.146609 ],[0.42991513 0.4332563  0.4316455  0.42852738]
DDK8,B,4e-07,21,True,False,TDD,vanilla,20,[0.12264434 0.3382638  0.53151053 0.69029945],[0.09520987 0.23557766 0.2702259  0.25496837],[ 31.27703  94.54401 152.93922 198.80301],[ 25.647648  78.984566 106.18737  113.90572 ],[8.009372  7.546532  7.029787  6.4659505],[0.43083623 0.7724856  0.99264055 1.148953  ],[8.166336 8.156872 8.151517 8.130608],[0.39600894 0.41945392 0.43816084 0.45606455]
DDK8,B,4e-07,24,True,False,TDD,vanilla,20,[0.17517124 0.45205265 0.6457236  0.78308547],[0.1351806  0.29142267 0.30618855 0.26122153],[ 44.709423 129.0682   191.52534  237.53061 ],[ 36.112072  95.4218   116.91235  117.39434 ],[7.9698286 7.318006  6.6563    6.185076 ],[0.46970543 0.8973612  1.236306   1.2355593 ],[8.199759 8.205041 8.207555 8.21912 ],[0.404768   0.4265331  0.43737403 0.43781117]
DDK8,B,4e-07,27,True,False,TDD,vanilla,20,[0.21655121 0.5211412  0.7100787  0.8242597 ],[0.17987965 0.31379837 0.30849424 0.23424105],[ 53.3732  135.67047 189.43288 229.82022],[44.108112 87.348    95.43095  89.221756],[7.83318   7.052235  6.3272185 5.8421965],[0.56455755 1.0509421  1.3459107  1.3410492 ],[8.149215 8.11694  8.104062 8.116798],[0.3806188  0.3709262  0.37762547 0.39070326]
DDK8,B,4e-07,33,True,False,TDD,vanilla,20,[0.3977797  0.70131296 0.89105695 0.9783448 ],[0.31755427 0.37468594 0.34962332 0.35415697],[105.82459 206.85248 262.46008 286.42502],[ 87.62286  131.96918  115.11596  103.486824],[7.5856996 6.659265  6.085816  5.60228  ],[0.8529101 1.2484401 1.2366314 1.2463173],[8.246285 8.265709 8.252912 8.226303],[0.46850497 0.45464966 0.43810764 0.45476887]
DDK8,B,4e-07,36,True,False,TDD,vanilla,20,[0.464742   0.7650089  0.91045946 0.98679715],[0.36964327 0.3658084  0.2985221  0.23792022],[107.90882 194.75475 249.15298 284.7978 ],[84.97062 98.35295 96.1949  99.73049],[7.236259  6.2763743 5.7891192 5.43027  ],[0.9648214 1.358179  1.2470276 1.1195955],[8.057566 8.079075 8.129921 8.168677],[0.40291405 0.39826265 0.40041897 0.40959847]
DDK8,B,4e-07,42,True,False,TDD,vanilla,20,[0.622603   0.84662217 0.95658493 1.0245072 ],[0.5248652  0.44913396 0.28853098 0.21816635],[151.20972 220.80093 258.6068  287.94626],[132.07253 128.15166 105.49814  97.43335],[7.037741  6.2481227 5.793751  5.4387445],[1.1852851 1.3612245 1.2261603 1.0595373],[8.131211  8.1205845 8.131761  8.168282 ],[0.45830318 0.46788168 0.48357803 0.44281054]
DDK8,E,5e-08,3,True,False,TDD,vanilla,20,[0.00223076 0.00322027 0.00432247 0.00703962],[0.00094371 0.00141848 0.00221766 0.00404966],[0.6505849 0.9337101 1.2501119 2.0359278],[0.27442873 0.40030605 0.6295224  1.1457778 ],[8.2733555 8.270572  8.267603  8.2636595],[0.10741655 0.10809206 0.10910287 0.11042198],[8.275205 8.273342 8.271564 8.269935],[0.10735612 0.10797671 0.10877378 0.10978284]
DDK8,E,5e-08,6,True,False,TDD,vanilla,20,[0.00300335 0.00534867 0.00940022 0.0164372 ],[0.00113505 0.00306697 0.00732391 0.01400945],[0.8754999 1.5612057 2.7478411 4.819668 ],[0.32709315 0.90753114 2.19339    4.1902885 ],[8.273271  8.2713785 8.267534  8.260877 ],[0.1131861  0.1151161  0.11739203 0.12018604],[8.276046 8.276881 8.277935 8.278976],[0.11304259 0.11515557 0.11746033 0.11958142]
DDK8,E,5e-08,9,True,False,TDD,vanilla,20,[0.00405384 0.00866989 0.01747217 0.02983612],[0.00193358 0.00727097 0.01697826 0.03012129],[1.188573  2.5264027 5.1356764 8.859431 ],[0.57125604 2.1378355  5.1190257  9.044198  ],[8.290162 8.287348 8.278072 8.263961],[0.12736772 0.12893878 0.13245165 0.14126916],[8.294175 8.29685  8.298473 8.298301],[0.12703064 0.12796013 0.1290341  0.13212258]
DDK8,E,5e-08,12,True,False,TDD,vanilla,20,[0.00577401 0.01461348 0.02946407 0.04771692],[0.0034464  0.01144108 0.02500988 0.04013067],[ 1.6427723  4.1740966  8.506749  13.8528185],[ 0.9808668  3.3509457  7.5941944 12.254375 ],[8.240011 8.2253   8.201908 8.176848],[0.10854411 0.11232913 0.12139977 0.13638082],[8.245988  8.241977  8.236683  8.2317295],[0.10888108 0.11287002 0.11957742 0.12670901]
DDK8,E,5e-08,15,True,False,TDD,vanilla,20,[0.00807389 0.02253686 0.04373074 0.06802722],[0.00544953 0.02075285 0.04183747 0.06109272],[ 2.3008568  6.447693  12.802599  20.207342 ],[ 1.4892663  5.755285  12.281139  18.99459  ],[8.253446  8.233168  8.2040205 8.176172 ],[0.13580263 0.14433837 0.16094089 0.17388916],[8.262611  8.2612095 8.260151  8.261041 ],[0.13493809 0.13911162 0.14343643 0.14577541]
DDK8,E,5e-08,18,True,False,TDD,vanilla,20,[0.01087552 0.03169641 0.05641984 0.08689379],[0.00809234 0.03174408 0.05341501 0.07271912],[ 3.1444073  9.414258  16.930773  26.169628 ],[ 2.3838232  9.76436   16.549486  22.449593 ],[8.269803 8.243782 8.212465 8.186158],[0.13633534 0.14990002 0.16476107 0.16865566],[8.281872 8.281912 8.279536 8.27891 ],[0.13541299 0.14105983 0.14464794 0.14809406]
DDK8,E,5e-08,21,True,False,TDD,vanilla,20,[0.01460919 0.03995543 0.06380466 0.10247223],[0.01129452 0.03219078 0.04580118 0.0711643 ],[ 4.376921 11.913693 18.983475 30.434492],[ 3.4287908  9.8728485 13.898121  21.647026 ],[8.289661 8.251033 8.215193 8.173142],[0.14701885 0.14619116 0.1664392  0.18652663],[8.307358 8.301056 8.291944 8.288347],[0.14678083 0.14288229 0.1493194  0.15211837]
DDK8,E,5e-08,24,True,False,TDD,vanilla,20,[0.02020125 0.05003048 0.08353284 0.12471122],[0.01719917 0.04252042 0.06532785 0.08907982],[ 5.9174266 14.855155  24.606041  36.95645  ],[ 4.9472165 12.813567  19.616055  26.731882 ],[8.263627 8.217591 8.174052 8.12893 ],[0.13447978 0.14857617 0.17997994 0.21757568],[8.2875   8.278505 8.268627 8.264957],[0.13044433 0.1344253  0.15097398 0.16351572]
DDK8,E,5e-08,27,True,False,TDD,vanilla,20,[0.01888805 0.04781321 0.08266392 0.12744993],[0.01369902 0.03851376 0.06187591 0.09092423],[ 5.578362  14.4136305 24.780622  38.37413  ],[ 4.228338 11.856521 18.907032 27.993433],[8.257221 8.226464 8.199258 8.15146 ],[0.12921199 0.15510185 0.1668672  0.20209396],[8.279845  8.286421  8.2941885 8.295663 ],[0.12928064 0.14179233 0.13784619 0.14801458]
DDK8,E,5e-08,33,True,False,TDD,vanilla,20,[0.0388202  0.0727994  0.11468062 0.16235204],[0.04236158 0.05967512 0.08493255 0.1060985 ],[11.197687 21.577402 34.15317  48.554565],[11.040815 17.906921 25.529068 32.76856 ],[8.237343 8.199045 8.146148 8.101199],[0.16851398 0.15911946 0.1972567  0.20564075],[8.287059 8.28844  8.283365 8.28227 ],[0.14250225 0.14087309 0.1485409  0.15866236]
DDK8,E,5e-08,36,True,False,TDD,vanilla,20,[0.0425965  0.07506554 0.11963094 0.15727596],[0.04447708 0.05413843 0.07904197 0.098956  ],[12.169107 21.968046 35.663822 47.573326],[12.094465 15.099346 22.943392 30.582045],[8.227296 8.195904 8.146498 8.12118 ],[0.18659265 0.20381965 0.22738113 0.24235363],[8.281623 8.287588 8.29217  8.30194 ],[0.16172272 0.17149195 0.17695847 0.17350179]
DDK8,E,5e-08,42,True,False,TDD,vanilla,20,[0.04786323 0.08559518 0.12880245 0.1711209 ],[0.05153973 0.06230431 0.07556988 0.0968556 ],[13.855949 25.215727 37.925705 50.678722],[13.992201 18.231735 22.436932 29.023655],[8.225941 8.172784 8.126763 8.089412],[0.17074324 0.18918642 0.19923632 0.21233492],[8.2850485 8.277092  8.275991  8.2751875],[0.15040708 0.15980272 0.16346732 0.16856034]
DDK8,E,2e-07,3,True,False,TDD,vanilla,20,[0.00713752 0.00823457 0.0095964  0.01228773],[0.00321315 0.00352719 0.00409712 0.00559035],[2.139221  2.4673102 2.87359   3.677594 ],[0.9626307 1.0528897 1.2168267 1.6535332],[8.276259 8.275348 8.274165 8.272069],[0.04001468 0.04108525 0.04236025 0.04382947],[8.280581 8.280627 8.280685 8.280739],[0.0395242  0.04055545 0.04168786 0.04291362]
DDK8,E,2e-07,6,True,False,TDD,vanilla,20,[0.00724324 0.01023882 0.0144185  0.02094086],[0.00335935 0.00479468 0.00800175 0.01322783],[2.1806629 3.0822031 4.3391466 6.303827 ],[0.996034  1.4282478 2.3915792 3.9854324],[8.288677 8.285606 8.280607 8.273304],[0.04418199 0.04820869 0.05313182 0.05875377],[8.293882 8.294106 8.294251 8.294382],[0.04388142 0.04748659 0.05115881 0.05493952]
DDK8,E,2e-07,9,True,False,TDD,vanilla,20,[0.00865234 0.01291311 0.01948531 0.02963671],[0.0039668  0.00636771 0.01134798 0.02129129],[2.613864  3.8990314 5.8810744 8.95829  ],[1.1956414 1.9265763 3.460508  6.595219 ],[8.287649 8.283681 8.276423 8.267036],[0.06018315 0.06688402 0.07440121 0.08327472],[8.294298 8.295323 8.296029 8.296503],[0.05927263 0.06526424 0.07138937 0.07772422]
DDK8,E,2e-07,12,True,False,TDD,vanilla,20,[0.00976763 0.01643641 0.02686401 0.03910819],[0.00405018 0.00884025 0.01867923 0.02807546],[ 2.939309   4.9575057  8.084563  11.763719 ],[1.2073994 2.6982222 5.648165  8.416402 ],[8.28471  8.277439 8.26515  8.25218 ],[0.06939159 0.07583034 0.0872879  0.10017177],[8.292669 8.293591 8.29417  8.294293],[0.06883647 0.07497934 0.08134437 0.08748709]
DDK8,E,2e-07,15,True,False,TDD,vanilla,20,[0.01281853 0.02336881 0.03678698 0.05142074],[0.0059716  0.0152578  0.02623724 0.03557754],[ 3.8424714  7.004411  11.039253  15.442597 ],[ 1.7984556  4.5929527  7.9058814 10.609184 ],[8.268066 8.254192 8.238688 8.224935],[0.06647572 0.0748586  0.08496507 0.09948727],[8.278367 8.277282 8.276983 8.276869],[0.06547173 0.07076035 0.07667465 0.08393777]
DDK8,E,2e-07,18,True,False,TDD,vanilla,20,[0.0145159  0.02845386 0.04157832 0.06211464],[0.00730647 0.02107712 0.02786888 0.04221817],[ 4.3040414  8.366226  12.263325  18.409914 ],[ 2.1135092  5.8896804  7.9058146 12.359278 ],[8.259976 8.243241 8.2304   8.214444],[0.08145576 0.09720677 0.10651677 0.117208  ],[8.273221 8.273726 8.274927 8.276924],[0.07880081 0.08553309 0.09271665 0.09996614]
DDK8,E,2e-07,21,True,False,TDD,vanilla,20,[0.01735755 0.03550985 0.04870847 0.07062059],[0.0085966  0.02154722 0.02513784 0.03431747],[ 5.188705 10.583256 14.562006 21.188936],[ 2.5626318  6.2998877  7.461098  10.367297 ],[8.274328 8.253198 8.240421 8.222101],[0.0932481  0.10827102 0.11863621 0.12951513],[8.2915325 8.292838  8.293352  8.293094 ],[0.09075397 0.09886748 0.10661584 0.11423081]
DDK8,E,2e-07,24,True,False,TDD,vanilla,20,[0.02032795 0.04028443 0.05807556 0.08439777],[0.01150607 0.0259849  0.03582655 0.05498344],[ 6.076252 11.93334  17.121859 24.993658],[ 3.4661813  7.634879  10.405716  16.351646 ],[8.264015 8.234284 8.212288 8.181884],[0.0988513  0.11249179 0.12679207 0.14061603],[8.283634 8.277485 8.2726   8.268844],[0.0970543  0.10391299 0.1116889  0.11914234]
DDK8,E,2e-07,27,True,False,TDD,vanilla,20,[0.02304707 0.04254578 0.06213178 0.08403215],[0.01671562 0.02801564 0.03719174 0.04633312],[ 6.8750563 12.741054  18.757288  25.480103 ],[ 4.827081  8.234344 11.301651 14.254452],[8.260666  8.243017  8.228761  8.2149935],[0.10011771 0.11177124 0.1199687  0.13056278],[8.285105 8.289517 8.293083 8.295244],[0.09349079 0.10003035 0.1076677  0.11564252]
DDK8,E,2e-07,33,True,False,TDD,vanilla,20,[0.03143476 0.04936198 0.07528177 0.09353076],[0.02729284 0.03196194 0.04267982 0.05071333],[ 9.459476 15.004891 22.985271 28.685583],[ 8.218449 10.033541 13.160297 15.944607],[8.258179  8.246341  8.226865  8.2177925],[0.11955525 0.12443695 0.13282062 0.14045107],[8.293463 8.300457 8.306935 8.31096 ],[0.1121941  0.1177948  0.12364822 0.1286118 ]
DDK8,E,2e-07,36,True,False,TDD,vanilla,20,[0.03162269 0.05173827 0.07411771 0.0952124 ],[0.02351991 0.0349462  0.03863414 0.04161146],[ 9.272607 15.144583 21.74673  28.103647],[ 6.836711 10.155209 11.367748 12.671852],[8.224608 8.200689 8.182638 8.169919],[0.11163055 0.12628704 0.14095499 0.15294014],[8.260142  8.257455  8.2576065 8.260585 ],[0.10467414 0.11562987 0.12960932 0.14268412]
DDK8,E,2e-07,42,True,False,TDD,vanilla,20,[0.04004062 0.06251612 0.08645511 0.10654595],[0.0266915  0.0319756  0.04146402 0.04446473],[12.046863 18.594872 25.873947 31.938688],[ 8.169632  9.48834  12.619297 13.893414],[8.239267 8.213563 8.189871 8.172824],[0.10895418 0.12653132 0.135248   0.14025144],[8.285831 8.281849 8.27859  8.276519],[0.10005278 0.10973753 0.12256967 0.13150124]
DDK8,E,4e-07,3,True,False,TDD,vanilla,20,[0.0100956  0.01144724 0.01310814 0.01632807],[0.00438158 0.00473701 0.00549935 0.00702973],[3.024247  3.4285243 3.926697  4.891864 ],[1.3095077 1.4169508 1.6465527 2.1106172],[8.28158  8.280186 8.278523 8.276018],[0.03001944 0.0317038  0.03352734 0.03542786],[8.288958 8.288684 8.288403 8.288102],[0.02915174 0.03073189 0.03247377 0.03435929]
DDK8,E,4e-07,6,True,False,TDD,vanilla,20,[0.0121599  0.01522429 0.01888329 0.02482573],[0.00463864 0.00580212 0.00771137 0.0104842 ],[3.6409864 4.554984  5.6491    7.426684 ],[1.4011549 1.7410004 2.3085475 3.1395667],[8.275298 8.272059 8.267857 8.262002],[0.04018594 0.04449663 0.04898034 0.05352855],[8.284499 8.284238 8.283938 8.283622],[0.03912413 0.0432141  0.04740655 0.05164111]
DDK8,E,4e-07,9,True,False,TDD,vanilla,20,[0.01377094 0.01798185 0.02366685 0.03118203],[0.00484033 0.00657347 0.01029603 0.01479637],[4.115618  5.3785944 7.0825386 9.349898 ],[1.453226  1.998023  3.1509516 4.5853057],[8.269831 8.264645 8.257815 8.250485],[0.0526205  0.05848286 0.06464828 0.07086109],[8.280015 8.279101 8.278396 8.278026],[0.05211917 0.05833429 0.06446901 0.0706116 ]
DDK8,E,4e-07,12,True,False,TDD,vanilla,20,[0.01540217 0.022361   0.03148889 0.04407891],[0.00641426 0.01019362 0.01559477 0.02323997],[ 4.626769  6.726396  9.489598 13.317338],[1.9515613 3.1052175 4.783497  7.093509 ],[8.273652 8.267294 8.259213 8.25111 ],[0.06544036 0.07234858 0.078894   0.0852255 ],[8.285689 8.28714  8.288548 8.289801],[0.06437866 0.07084928 0.07688569 0.08259344]
DDK8,E,4e-07,15,True,False,TDD,vanilla,20,[0.01662523 0.02588371 0.03652879 0.04878722],[0.00613303 0.01224298 0.01756601 0.02190959],[ 4.9844737  7.7545667 10.97398   14.745466 ],[1.8483263 3.623388  5.236659  6.7388344],[8.274836 8.266899 8.258338 8.251412],[0.07662606 0.08683328 0.09574483 0.10295133],[8.288774 8.291263 8.293829 8.296032],[0.07523514 0.08273138 0.09050899 0.09828036]
DDK8,E,4e-07,18,True,False,TDD,vanilla,20,[0.01832214 0.02976363 0.0407583  0.05403524],[0.00725664 0.01460289 0.01888768 0.02453421],[ 5.4744606  8.874665  12.15523   16.100533 ],[2.2609348 4.422357  5.734841  7.45824  ],[8.26351  8.248415 8.234647 8.222616],[0.07039146 0.07915065 0.08598762 0.094819  ],[8.27856  8.276338 8.274124 8.272226],[0.06968126 0.07664183 0.08386724 0.09061535]
DDK8,E,4e-07,21,True,False,TDD,vanilla,20,[0.0230024  0.03772606 0.04850164 0.06368535],[0.01051562 0.02033856 0.02493905 0.03286201],[ 6.8799953 11.308019  14.494824  19.00283  ],[3.2502851 6.3076177 7.623678  9.8920145],[8.257206 8.240438 8.230559 8.21844 ],[0.09398019 0.10615148 0.11762703 0.12690017],[8.276323 8.276242 8.275361 8.274577],[0.09324113 0.10310401 0.11220799 0.12068646]
DDK8,E,4e-07,24,True,False,TDD,vanilla,20,[0.02486622 0.04082888 0.05361856 0.07146768],[0.01285591 0.02314161 0.03101911 0.04249537],[ 7.4194307 12.273984  16.290129  21.91925  ],[ 3.677724  6.776306  9.554294 13.757634],[8.264904 8.254267 8.248028 8.238131],[0.09936883 0.10976887 0.11551542 0.12426001],[8.286703 8.293116 8.298703 8.30418 ],[0.09379449 0.09931406 0.10363212 0.10734849]
DDK8,E,4e-07,27,True,False,TDD,vanilla,20,[0.02503578 0.03942083 0.05242615 0.07134762],[0.01225601 0.02033499 0.02620636 0.0344235 ],[ 7.4192367 11.757886  15.729428  21.55822  ],[ 3.5296347  5.964723   7.7928023 10.446965 ],[8.25317  8.24164  8.23495  8.224062],[0.09424356 0.09872207 0.10641385 0.11634003],[8.276787 8.280539 8.284522 8.288042],[0.08973086 0.09296609 0.09940286 0.10667291]
DDK8,E,4e-07,33,True,False,TDD,vanilla,20,[0.03414055 0.04968942 0.06929287 0.084257  ],[0.02315652 0.02830763 0.03818753 0.03935761],[10.112953 14.735535 20.564924 25.07611 ],[ 6.763876  8.277306 11.040548 11.536613],[8.2406435 8.223366  8.20503   8.19744  ],[0.11937558 0.11980156 0.12530763 0.12260279],[8.277195 8.275805 8.276591 8.27708 ],[0.10656009 0.10650315 0.10475279 0.10291509]
DDK8,E,4e-07,36,True,False,TDD,vanilla,20,[0.03528    0.04879981 0.06322167 0.07770682],[0.02135105 0.02249775 0.0270921  0.02641247],[10.631217 14.622837 18.878574 23.167625],[6.5313644 6.7181687 8.153359  7.8676214],[8.251555 8.236497 8.220002 8.20907 ],[0.12108865 0.13127817 0.13732861 0.13622731],[8.287193 8.285667 8.282404 8.278148],[0.11921629 0.12636288 0.12809068 0.12669323]
DDK8,E,4e-07,42,True,False,TDD,vanilla,20,[0.03905032 0.05608954 0.07188931 0.08825683],[0.02301088 0.02784987 0.03184209 0.03372724],[11.659881 16.701593 21.455069 26.3281  ],[ 6.6598277  8.059439   9.766108  10.234548 ],[8.243227 8.225686 8.210254 8.196418],[0.1105322  0.11875902 0.12529495 0.13343655],[8.284267 8.282584 8.279294 8.275064],[0.1008014  0.10741474 0.11493791 0.12366353]
DDK8,B,5e-08,3,True,False,TDD,vanilla,25,[0.00672928 0.01071147 0.02018104 0.03554546],[0.00246328 0.00560124 0.01664492 0.03067071],[1.5041587 2.3356733 4.072993  7.1679964],[0.5306489 1.2228123 2.851951  6.0862455],[8.304165 8.301716 8.295335 8.283814],[0.2872175  0.29955703 0.3123117  0.32490224],[8.310017 8.311025 8.311322 8.311014],[0.28663874 0.29886186 0.31123886 0.32331756]
DDK8,B,5e-08,6,True,False,TDD,vanilla,25,[0.0120943  0.03314    0.07905152 0.15578367],[0.00714349 0.03066382 0.07769483 0.15663552],[ 2.1858723  5.7627435 14.458064  30.69245  ],[ 1.0064769  4.575779  13.701579  30.74267  ],[8.190888 8.175041 8.134943 8.053178],[0.3943686  0.40951824 0.4389892  0.5052978 ],[8.200852 8.201836 8.201868 8.201473],[0.3916575  0.39977843 0.40850884 0.41598985]
DDK8,B,5e-08,9,True,False,TDD,vanilla,25,[0.02290423 0.07726692 0.18021727 0.3147514 ],[0.0235354  0.08888188 0.17887689 0.27887267],[ 3.9350302 14.567491  38.664093  71.70713  ],[ 3.0085742 17.307205  45.74734   75.128555 ],[8.234261 8.196568 8.082769 7.863814],[0.44431323 0.46816495 0.547218   0.7826731 ],[8.251503 8.261046 8.269067 8.268887],[0.43901262 0.44828582 0.46303815 0.4847499 ]
DDK8,B,5e-08,12,True,False,TDD,vanilla,25,[0.04652458 0.17207615 0.3390984  0.48099288],[0.04687024 0.17916411 0.28636    0.33474106],[  7.505371  31.972256  70.91355  112.95379 ],[ 6.79565  33.486202 65.092575 92.71296 ],[8.133171  8.0090065 7.731574  7.3675194],[0.43596983 0.5469614  0.85635835 1.1729375 ],[8.1689005 8.177474  8.178661  8.1839   ],[0.42534223 0.456648   0.4968093  0.52424604]
DDK8,B,5e-08,15,True,False,TDD,vanilla,25,[0.08457195 0.27664438 0.48671433 0.6284778 ],[0.09534869 0.2594366  0.35015932 0.3559221 ],[ 14.660375  61.96678  120.81801  170.741   ],[ 14.51762   61.893402  99.92109  125.41438 ],[8.234228  7.948196  7.4269414 6.9612617],[0.56075424 0.8336494  1.3133739  1.5076618 ],[8.301512 8.301376 8.295099 8.286509],[0.5188588  0.5244441  0.5284308  0.55424315]
DDK8,B,5e-08,18,True,False,TDD,vanilla,25,[0.17109777 0.535578   0.7287346  0.84171546],[0.16697653 0.4512945  0.43994057 0.36615548],[ 32.981346 116.12852  182.33167  231.2346  ],[ 35.87282 106.90295 138.03047 154.30838],[7.974853  7.264232  6.5775123 6.1266246],[0.60036933 1.2363337  1.5933815  1.6337905 ],[8.143847 8.165355 8.19014  8.226463],[0.5570067  0.5532856  0.5880717  0.64253396]
DDK8,B,5e-08,21,True,False,TDD,vanilla,25,[0.20859121 0.5613882  0.7765888  0.89181   ],[0.21355627 0.4088896  0.43075192 0.34243786],[ 41.21863 128.25    188.24908 232.7117 ],[ 45.955727 112.9507   128.86903  134.04887 ],[7.887259  7.1038427 6.4085207 5.9086676],[0.68172926 1.3437762  1.6020148  1.6355033 ],[8.123272 8.136701 8.135805 8.15118 ],[0.5637358  0.5555875  0.58310056 0.62311333]
DDK8,B,5e-08,24,True,False,TDD,vanilla,25,[0.24825518 0.58447987 0.76046443 0.87206703],[0.28624415 0.46544704 0.42735654 0.29849938],[ 50.82783 143.14224 202.07483 247.53154],[ 60.587772 131.58728  142.07826  149.0925  ],[8.00176   7.12213   6.628158  6.1587873],[0.68300223 1.4357864  1.489407   1.5562658 ],[8.270131 8.258452 8.255482 8.262504],[0.5118271  0.51376563 0.5234589  0.57083213]
DDK8,B,5e-08,27,True,False,TDD,vanilla,25,[0.29264578 0.66748893 0.8466194  0.96184546],[0.27874017 0.41812    0.44208592 0.3711471 ],[ 56.74522 153.71353 207.27126 245.0088 ],[ 62.98714 124.07424 135.28665 129.81522],[7.8526573 6.8314056 6.2973204 5.697166 ],[0.6975681 1.5723182 1.6050321 1.5969833],[8.164666 8.149782 8.144778 8.15001 ],[0.5907433 0.6523984 0.6741813 0.6614096]
DDK8,B,5e-08,33,True,False,TDD,vanilla,25,[0.56752604 0.9623919  1.1098686  1.2636698 ],[0.5811737 0.6596974 0.5902753 0.8718651],[105.00038 209.79738 261.43652 288.34937],[ 98.003494 155.67566  142.4978   140.43033 ],[7.6020293 6.6450152 6.028871  5.6299357],[1.006122  1.4620655 1.6292096 1.5707473],[8.244222 8.21752  8.208188 8.190938],[0.59182024 0.6487663  0.6651303  0.6921988 ]
DDK8,B,5e-08,36,True,False,TDD,vanilla,25,[0.78958327 1.1411006  1.244022   1.270875  ],[0.6810215  0.7128746  0.5774091  0.47963288],[152.99203 251.09494 290.15906 321.0899 ],[125.16043 148.67993 140.78334 148.79524],[7.245232  6.0535865 5.60738   5.0947876],[1.301964  1.7069418 1.5676041 1.6220033],[8.266978 8.223077 8.203336 8.203679],[0.6390856  0.63954604 0.61311203 0.6540083 ]
DDK8,B,5e-08,42,True,False,TDD,vanilla,25,[0.8687916 1.102163  1.2051497 1.1992998],[0.69247735 0.5183904  0.46764183 0.40371868],[169.66196 265.31024 304.1756  331.79266],[151.5244  171.7656  150.62051 157.3415 ],[6.7590857 6.000798  5.574031  5.184026 ],[1.6848305 1.6617305 1.4333652 1.5174245],[8.1687   8.187472 8.230034 8.259732],[0.55716753 0.59658355 0.6257369  0.63968194]
DDK8,B,2e-07,3,True,False,TDD,vanilla,25,[0.01120681 0.0146863  0.02202936 0.03404121],[0.00369125 0.00592052 0.01158853 0.02183007],[2.7028375 3.4924946 5.140777  8.005096 ],[0.7657287 1.2741824 2.5972774 5.2887483],[8.127799 8.126459 8.121686 8.1125  ],[0.40373307 0.4096514  0.41679826 0.42494476],[8.140387 8.142667 8.144901 8.14683 ],[0.4020315  0.40776485 0.41400665 0.42071086]
DDK8,B,2e-07,6,True,False,TDD,vanilla,25,[0.01551382 0.03146392 0.06775898 0.13032858],[0.00689248 0.02196935 0.05614882 0.11346713],[ 3.7208471  7.382725  15.939519  31.8973   ],[ 1.231647  4.471082 12.486289 27.388842],[8.183865 8.171392 8.138132 8.071289],[0.37683815 0.3884385  0.41013753 0.45400533],[8.200198 8.203735 8.207059 8.210534],[0.37354088 0.3805655  0.3896417  0.39972013]
DDK8,B,2e-07,9,True,False,TDD,vanilla,25,[0.02190667 0.06247827 0.15245919 0.27451342],[0.00895988 0.04257314 0.11337688 0.18855526],[ 5.4797015 15.858367  40.63263   76.327805 ],[ 2.6500158 13.289953  38.777515  68.38241  ],[8.192196  8.147366  8.037312  7.8478584],[0.4081055  0.4072908  0.41763836 0.48309296],[8.216351 8.215251 8.214624 8.214304],[0.40763524 0.41026485 0.41645423 0.42503932]
DDK8,B,2e-07,12,True,False,TDD,vanilla,25,[0.04547748 0.15569603 0.32150647 0.46978298],[0.03987955 0.15859252 0.2822225  0.33333182],[  9.510545  33.46096   73.078804 114.002975],[ 6.9595556 31.896158  62.197914  81.77713  ],[8.0709915 7.913011  7.578042  7.149035 ],[0.45941845 0.5946932  0.93209726 1.3458132 ],[8.120098  8.1142645 8.112743  8.113856 ],[0.43833014 0.4555621  0.47286943 0.49387443]
DDK8,B,2e-07,15,True,False,TDD,vanilla,25,[0.06674799 0.22373894 0.41003892 0.55450535],[0.06553779 0.21416736 0.29345924 0.2938326 ],[ 14.997829  55.122906 110.43798  159.29274 ],[ 14.399477  55.119156  89.764854 107.934456],[8.12628   7.8926325 7.486928  7.0705857],[0.51177   0.6986058 1.0186533 1.3307973],[8.197627 8.204034 8.217083 8.230654],[0.48526046 0.50316983 0.5246719  0.5439685 ]
DDK8,B,2e-07,18,True,False,TDD,vanilla,25,[0.09438287 0.29590997 0.48296773 0.622061  ],[0.09955125 0.27883843 0.33877546 0.30694413],[ 21.2136   72.55636 125.15516 171.97893],[ 24.80751   77.75086  103.2395   112.453705],[8.062862  7.6849303 7.2122583 6.824396 ],[0.5169955  0.90904856 1.321607   1.3971075 ],[8.1638975 8.175692  8.188434  8.202102 ],[0.48944053 0.50745434 0.51854205 0.5220388 ]
DDK8,B,2e-07,21,True,False,TDD,vanilla,25,[0.1729737  0.48299202 0.68270326 0.81103975],[0.16699746 0.3486016  0.3736274  0.32937995],[ 41.282574 124.54336  179.95662  218.12222 ],[ 39.63859   96.84223  109.061966 109.20416 ],[7.9762893 7.2754574 6.543661  6.0807037],[0.5170239  0.99437785 1.4403377  1.4362928 ],[8.188612 8.176667 8.144227 8.140654],[0.44568112 0.44044286 0.4572289  0.47989473]
DDK8,B,2e-07,24,True,False,TDD,vanilla,25,[0.20531745 0.5172853  0.7103656  0.82114375],[0.21569218 0.38264793 0.3715435  0.29821882],[ 46.558548 126.08276  183.45975  231.241   ],[ 47.126698  96.04508  105.55873  113.81234 ],[7.8584266 7.0449157 6.4655895 6.031996 ],[0.68830466 1.397541   1.5625172  1.6499294 ],[8.138821 8.121225 8.131564 8.179233],[0.5049219  0.5401905  0.55457497 0.5767097 ]
DDK8,B,2e-07,27,True,False,TDD,vanilla,25,[0.23448524 0.54143643 0.7383865  0.83912396],[0.27108765 0.36758864 0.34521005 0.25514954],[ 55.381973 140.37411  193.71057  230.70688 ],[ 63.424736 114.31777  116.41369  108.39528 ],[7.8714557 7.078964  6.4722385 5.9254847],[0.78506047 1.3642491  1.5362523  1.5747828 ],[8.195908 8.177614 8.161719 8.149493],[0.58492225 0.5956014  0.5773279  0.5629562 ]
DDK8,B,2e-07,33,True,False,TDD,vanilla,25,[0.4221156  0.71384794 0.9180558  0.9918862 ],[0.35165122 0.36351648 0.369318   0.27271736],[ 93.67138 182.68297 239.79166 268.38806],[ 76.81243  112.884    115.583916 119.27301 ],[7.4914455 6.547876  5.834919  5.438368 ],[0.85306984 1.3570691  1.4602911  1.4129189 ],[8.113809 8.133947 8.133893 8.112729],[0.5259433  0.55339056 0.55033195 0.5765365 ]
DDK8,B,2e-07,36,True,False,TDD,vanilla,25,[0.4132261 0.765753  0.9476861 1.041286 ],[0.399657   0.51965714 0.51960295 0.3295564 ],[ 95.64679 185.24738 231.56523 261.4708 ],[ 90.35451  126.09268  110.395256 103.78635 ],[7.523827  6.6201673 6.0498567 5.304677 ],[1.0227103 1.5482632 1.4118651 1.3668628],[8.202237 8.165164 8.124358 8.063301],[0.48082286 0.5317794  0.5752137  0.61029977]
DDK8,B,2e-07,42,True,False,TDD,vanilla,25,[0.63132745 0.89543223 1.0143188  1.0878905 ],[0.5383441  0.4263266  0.34339154 0.2928646 ],[142.29564 227.06116 268.22974 286.72537],[123.59602 133.47787 137.86243 119.97321],[7.032373 6.207277 5.657615 5.160174],[1.3631926 1.4677374 1.2867787 1.1450026],[8.116588  8.1407385 8.108494  8.074529 ],[0.5461969 0.5206076 0.5220433 0.5106325]
DDK8,B,4e-07,3,True,False,TDD,vanilla,25,[0.02379575 0.02667899 0.03278416 0.04231175],[0.01031126 0.01133493 0.01413667 0.0191308 ],[ 6.05089    6.7981443  8.374703  10.905018 ],[2.227248  2.4033494 3.000939  4.3380594],[8.180606 8.179266 8.174395 8.166491],[0.3403558  0.34633997 0.3529174  0.3602097 ],[8.20847  8.210395 8.212237 8.213969],[0.3344236  0.33968472 0.345037   0.3505006 ]
DDK8,B,4e-07,6,True,False,TDD,vanilla,25,[0.02942837 0.04119587 0.06830189 0.11754741],[0.01121071 0.01701207 0.03802302 0.0801191 ],[ 7.2649426 10.333587  17.488323  31.068884 ],[ 2.8952606  4.630175  10.826816  23.888039 ],[8.150806  8.137737  8.108293  8.0509615],[0.326177   0.3328746  0.34204724 0.36241907],[8.184885 8.185724 8.186444 8.187491],[0.3219428  0.32802498 0.33519444 0.34295762]
DDK8,B,4e-07,9,True,False,TDD,vanilla,25,[0.03613629 0.07010173 0.14169072 0.24108694],[0.01753779 0.04603119 0.11031325 0.18313225],[ 8.864346 17.440369 36.732582 64.938576],[ 4.2151885 11.2374525 29.613602  53.333797 ],[8.15164  8.109815 8.007793 7.82704 ],[0.33919767 0.34511676 0.3810267  0.5158715 ],[8.193824  8.191843  8.1865635 8.178488 ],[0.33316842 0.33920407 0.35002944 0.36504003]
DDK8,B,4e-07,12,True,False,TDD,vanilla,25,[0.04945171 0.12409659 0.25248355 0.3829045 ],[0.02471408 0.09725115 0.19532819 0.2545856 ],[ 12.144768  31.586775  67.429375 106.73302 ],[ 6.3599114 26.331154  57.069145  79.638916 ],[8.098851  8.007031  7.782882  7.4803624],[0.33593735 0.37785992 0.5694212  0.84131056],[8.155842 8.160818 8.163987 8.167347],[0.32843766 0.33568707 0.35014966 0.36756453]
DDK8,B,4e-07,15,True,False,TDD,vanilla,25,[0.08036921 0.22839974 0.40370262 0.53777266],[0.05655049 0.19856918 0.29435572 0.3138106 ],[ 19.493242  57.787033 105.93042  145.85202 ],[14.211611 53.389328 83.06473  94.06688 ],[8.05896   7.809442  7.358824  6.9420424],[0.43213362 0.63369876 1.0617963  1.3583524 ],[8.153601 8.155079 8.152278 8.149134],[0.4101913  0.43171167 0.44939846 0.460384  ]
DDK8,B,4e-07,18,True,False,TDD,vanilla,25,[0.11245891 0.3163789  0.5017121  0.6284604 ],[0.09161737 0.25363088 0.3226961  0.29990202],[ 26.555986  81.3446   135.7332   176.17941 ],[ 22.255783  72.363556 100.64265  103.448875],[7.9942675 7.592466  7.079337  6.651445 ],[0.4763362 0.8039427 1.1220976 1.2914073],[8.1320305 8.13783   8.141356  8.146609 ],[0.42991513 0.4332563  0.4316455  0.42852738]
DDK8,B,4e-07,21,True,False,TDD,vanilla,25,[0.12058602 0.3360895  0.5301054  0.6889463 ],[0.09527225 0.23635748 0.27141622 0.25643098],[ 30.802994  94.05238  152.63287  198.49179 ],[ 25.698765  79.217514 106.4387   114.21129 ],[8.012289  7.550497  7.0352044 6.468992 ],[0.4299375  0.7719404  0.99115986 1.1515802 ],[8.166336 8.156872 8.151517 8.130608],[0.39600894 0.41945392 0.43816084 0.45606455]
DDK8,B,4e-07,24,True,False,TDD,vanilla,25,[0.17347366 0.4504771  0.644235   0.7819909 ],[0.13562974 0.29250613 0.30738032 0.26251754],[ 44.31949 128.71689 191.17395 237.21445],[ 36.241665  95.67014  117.19639  117.68492 ],[7.9724684 7.3209233 6.661124  6.19109  ],[0.4688568  0.89821947 1.236529   1.2377188 ],[8.199759 8.205041 8.207555 8.21912 ],[0.404768   0.4265331  0.43737403 0.43781117]
DDK8,B,4e-07,27,True,False,TDD,vanilla,25,[0.21517162 0.52033925 0.7092342  0.8234289 ],[0.18081872 0.3148657  0.30908015 0.23499313],[ 53.006332 135.46605  189.23322  229.62941 ],[44.28365  87.54628  95.552765 89.33198 ],[7.835054  7.0542183 6.3270397 5.845892 ],[0.5659463 1.0508242 1.3491282 1.3422753],[8.149215 8.11694  8.104062 8.116798],[0.3806188  0.3709262  0.37762547 0.39070326]
DDK8,B,4e-07,33,True,False,TDD,vanilla,25,[0.39605567 0.7010219  0.8905697  0.9789345 ],[0.3176077  0.37566933 0.34971955 0.35589147],[105.39257 206.73708 262.3498  286.56345],[ 87.67948  132.13931  115.172195 103.73765 ],[7.588397  6.6612096 6.087591  5.6028743],[0.8536354 1.2474625 1.2380514 1.2471272],[8.246285 8.265709 8.252912 8.226303],[0.46850497 0.45464966 0.43810764 0.45476887]
DDK8,B,4e-07,36,True,False,TDD,vanilla,25,[0.462992   0.7643196  0.9097812  0.98680043],[0.37044674 0.3662496  0.2984756  0.23826206],[107.50147 194.60468 249.03249 284.82303],[85.06662  98.461815 96.213974 99.71833 ],[7.239725  6.279077  5.794231  5.4341097],[0.9656912 1.3572998 1.2442173 1.1186563],[8.057566 8.079075 8.129921 8.168677],[0.40291405 0.39826265 0.40041897 0.40959847]
DDK8,B,4e-07,42,True,False,TDD,vanilla,25,[0.6200425  0.84603846 0.9546684  1.0246049 ],[0.5215208  0.44937545 0.28868702 0.21861315],[150.79584 220.6856  258.2878  287.99677],[131.97183 128.26303 105.49925  97.40363],[7.0396447 6.249014  5.7987056 5.441875 ],[1.1838152 1.3615801 1.2233053 1.0561737],[8.131211  8.1205845 8.131761  8.168282 ],[0.45830318 0.46788168 0.48357803 0.44281054]
DDK8,E,5e-08,3,True,False,TDD,vanilla,25,[0.00203361 0.00301004 0.0040681  0.00669696],[0.00095003 0.00140699 0.00218667 0.00404783],[0.5924592  0.87276053 1.1764449  1.9381241 ],[0.27237603 0.39678094 0.61842746 1.1447304 ],[8.273737  8.271043  8.2681265 8.264325 ],[0.10742375 0.10808232 0.1091053  0.11040895],[8.275205 8.273342 8.271564 8.269935],[0.10735612 0.10797671 0.10877378 0.10978284]
DDK8,E,5e-08,6,True,False,TDD,vanilla,25,[0.00263558 0.00487255 0.00869377 0.01547124],[0.00105457 0.00287619 0.00692545 0.01359191],[0.7691876 1.4235394 2.540709  4.5329638],[0.30307397 0.84786177 2.0713725  4.068814  ],[8.2738285 8.272144  8.268521  8.26218  ],[0.1131822  0.11509511 0.11736532 0.12015032],[8.276046 8.276881 8.277935 8.278976],[0.11304259 0.11515557 0.11746033 0.11958142]
DDK8,E,5e-08,9,True,False,TDD,vanilla,25,[0.00363853 0.00818589 0.01673309 0.02890863],[0.00185188 0.00707441 0.01668722 0.02990188],[1.0665208 2.3808012 4.9093304 8.568561 ],[0.5422197 2.0717115 5.018092  8.949419 ],[8.290794  8.288124  8.2790165 8.2650385],[0.12734208 0.12889425 0.13241762 0.14130586],[8.294175 8.29685  8.298473 8.298301],[0.12703064 0.12796013 0.1290341  0.13212258]
DDK8,E,5e-08,12,True,False,TDD,vanilla,25,[0.00527121 0.01388971 0.0285552  0.04643586],[0.00333244 0.01110758 0.02469691 0.039715  ],[ 1.498137  3.960783  8.236184 13.479488],[ 0.94646096  3.2453735   7.500579   12.144785  ],[8.240724 8.226163 8.202831 8.177885],[0.1085296  0.1122027  0.12123164 0.13601004],[8.245988  8.241977  8.236683  8.2317295],[0.10888108 0.11287002 0.11957742 0.12670901]
DDK8,E,5e-08,15,True,False,TDD,vanilla,25,[0.0074773  0.02173277 0.04269402 0.06646292],[0.00532136 0.02061933 0.0420925  0.06142754],[ 2.1291099  6.215855  12.491     19.732014 ],[ 1.4622197  5.7146597 12.327864  19.074999 ],[8.25431  8.234114 8.204792 8.177194],[0.13569348 0.14419177 0.1610804  0.17402685],[8.262611  8.2612095 8.260151  8.261041 ],[0.13493809 0.13911162 0.14343643 0.14577541]
DDK8,E,5e-08,18,True,False,TDD,vanilla,25,[0.01032227 0.03097675 0.05544077 0.08542044],[0.00805651 0.03151633 0.05327895 0.0725402 ],[ 2.98242   9.193366 16.624641 25.72966 ],[ 2.369943  9.680704 16.479477 22.384214],[8.27057  8.24459  8.213203 8.186867],[0.1362254  0.1497025  0.1646651  0.16872902],[8.281872 8.281912 8.279536 8.27891 ],[0.13541299 0.14105983 0.14464794 0.14809406]
DDK8,E,5e-08,21,True,False,TDD,vanilla,25,[0.01396177 0.03940221 0.06307915 0.10173436],[0.01109615 0.03214414 0.04583094 0.07129944],[ 4.183273 11.73779  18.76016  30.213404],[ 3.3659754  9.844455  13.907033  21.70153  ],[8.290557 8.251697 8.215709 8.173663],[0.1468595  0.1460865  0.16647765 0.18621181],[8.307358 8.301056 8.291944 8.288347],[0.14678083 0.14288229 0.1493194  0.15211837]
DDK8,E,5e-08,24,True,False,TDD,vanilla,25,[0.01958702 0.04934282 0.08264747 0.12379189],[0.01708159 0.0425809  0.06580126 0.08985531],[ 5.7346754 14.635406  24.319792  36.675922 ],[ 4.9241233 12.802617  19.723333  26.934212 ],[8.264495 8.2184   8.174792 8.129734],[0.13427635 0.14843856 0.18016802 0.21776031],[8.2875   8.278505 8.268627 8.264957],[0.13044433 0.1344253  0.15097398 0.16351572]
DDK8,E,5e-08,27,True,False,TDD,vanilla,25,[0.01836746 0.04718028 0.08171265 0.12614813],[0.01374378 0.03875339 0.06211922 0.09112255],[ 5.417918 14.203602 24.474182 37.98219 ],[ 4.222601 11.886518 18.937101 28.099468],[8.2580385 8.227311  8.200317  8.152795 ],[0.12913688 0.15515862 0.16689765 0.20132783],[8.279845  8.286421  8.2941885 8.295663 ],[0.12928064 0.14179233 0.13784619 0.14801458]
DDK8,E,5e-08,33,True,False,TDD,vanilla,25,[0.03829129 0.07228815 0.11419199 0.16150127],[0.04269203 0.05980535 0.08542208 0.10639932],[11.02676  21.418842 33.970615 48.271473],[11.066328 17.960579 25.630167 32.820213],[8.238197 8.199634 8.146564 8.101958],[0.16853777 0.15890983 0.19711782 0.20534134],[8.287059 8.28844  8.283365 8.28227 ],[0.14250225 0.14087309 0.1485409  0.15866236]
DDK8,E,5e-08,36,True,False,TDD,vanilla,25,[0.04226794 0.07470632 0.11924376 0.15699512],[0.04491261 0.05447029 0.07898542 0.09890553],[12.055792 21.838833 35.52151  47.457714],[12.200292 15.181848 22.917576 30.565962],[8.228022 8.196319 8.146835 8.121098],[0.18645948 0.20376386 0.22729686 0.2418234 ],[8.281623 8.287588 8.29217  8.30194 ],[0.16172272 0.17149195 0.17695847 0.17350179]
DDK8,E,5e-08,42,True,False,TDD,vanilla,25,[0.0476779  0.0854857  0.1286539  0.17070785],[0.05243673 0.06299769 0.07601364 0.09742533],[13.790523 25.177036 37.853188 50.52049 ],[14.225876 18.426937 22.53838  29.165487],[8.226409 8.172922 8.126889 8.089723],[0.17095695 0.18934421 0.1991935  0.21215382],[8.2850485 8.277092  8.275991  8.2751875],[0.15040708 0.15980272 0.16346732 0.16856034]
DDK8,E,2e-07,3,True,False,TDD,vanilla,25,[0.00676402 0.00773852 0.00905897 0.01164602],[0.00315391 0.00341882 0.00396839 0.00546535],[2.0281096 2.3196683 2.713699  3.4864187],[0.9455345 1.0212749 1.1792594 1.6172624],[8.276746 8.275989 8.274914 8.273022],[0.03998371 0.04103573 0.04226901 0.04369662],[8.280581 8.280627 8.280685 8.280739],[0.0395242  0.04055545 0.04168786 0.04291362]
DDK8,E,2e-07,6,True,False,TDD,vanilla,25,[0.00669632 0.0094791  0.01324599 0.01960207],[0.00322133 0.00448105 0.00747602 0.01271217],[2.0162191 2.8536313 3.9861617 5.900461 ],[0.9545248 1.333455  2.232355  3.830573 ],[8.289412 8.286674 8.282118 8.275122],[0.04418388 0.04814868 0.05297306 0.05848052],[8.293882 8.294106 8.294251 8.294382],[0.04388142 0.04748659 0.05115881 0.05493952]
DDK8,E,2e-07,9,True,False,TDD,vanilla,25,[0.0079497  0.01178936 0.01793892 0.02790453],[0.00385428 0.00596869 0.01073715 0.0206223 ],[2.4029539 3.5610504 5.414788  8.435636 ],[1.1633167 1.8084414 3.2746732 6.3892035],[8.288544 8.285067 8.278187 8.268957],[0.06008386 0.06667369 0.07411274 0.08290491],[8.294298 8.295323 8.296029 8.296503],[0.05927263 0.06526424 0.07138937 0.07772422]
DDK8,E,2e-07,12,True,False,TDD,vanilla,25,[0.0089381  0.01521668 0.02524108 0.03730112],[0.00380421 0.00849012 0.01823387 0.02779153],[ 2.690555   4.590321   7.5956745 11.219233 ],[1.1352956 2.589956  5.514693  8.337227 ],[8.285717  8.2788725 8.266936  8.254022 ],[0.06932151 0.07575666 0.08697274 0.09981121],[8.292669 8.293591 8.29417  8.294293],[0.06883647 0.07497934 0.08134437 0.08748709]
DDK8,E,2e-07,15,True,False,TDD,vanilla,25,[0.01175783 0.02196189 0.03493319 0.04926779],[0.00573811 0.01508096 0.02618378 0.03562024],[ 3.5253272  6.5827394 10.481224  14.793567 ],[ 1.7267636  4.5412107  7.892548  10.621861 ],[8.2692795 8.255764  8.240329  8.226719 ],[0.06639015 0.07470184 0.08469957 0.09926627],[8.278367 8.277282 8.276983 8.276869],[0.06547173 0.07076035 0.07667465 0.08393777]
DDK8,E,2e-07,18,True,False,TDD,vanilla,25,[0.01342687 0.02727862 0.04005353 0.0602872 ],[0.00697519 0.02108166 0.02796068 0.04234641],[ 3.981681  8.017163 11.803398 17.858435],[ 2.0173059  5.8939986  7.922461  12.387328 ],[8.2612705 8.244665  8.23186   8.216197 ],[0.08125361 0.0969715  0.10648482 0.11707713],[8.273221 8.273726 8.274927 8.276924],[0.07880081 0.08553309 0.09271665 0.09996614]
DDK8,E,2e-07,21,True,False,TDD,vanilla,25,[0.01626518 0.03434838 0.04723063 0.06891965],[0.00851586 0.02183041 0.02547894 0.03440879],[ 4.8627443 10.231838  14.114437  20.675478 ],[ 2.5399578  6.386503   7.561837  10.382588 ],[8.275661 8.254396 8.241747 8.223522],[0.09318558 0.10836466 0.11862763 0.12946118],[8.2915325 8.292838  8.293352  8.293094 ],[0.09075397 0.09886748 0.10661584 0.11423081]
DDK8,E,2e-07,24,True,False,TDD,vanilla,25,[0.01925153 0.0392243  0.05682075 0.08318935],[0.01136477 0.02615843 0.03611124 0.05523081],[ 5.7558007 11.618237  16.749096  24.632027 ],[ 3.425997  7.696844 10.501069 16.424175],[8.265213 8.235296 8.213404 8.182888],[0.09867033 0.11245192 0.12676221 0.14042062],[8.283634 8.277485 8.2726   8.268844],[0.0970543  0.10391299 0.1116889  0.11914234]
DDK8,E,2e-07,27,True,False,TDD,vanilla,25,[0.02192815 0.04136343 0.06086151 0.08302096],[0.01668441 0.028006   0.03745725 0.04687515],[ 6.5406413 12.385998  18.36949   25.166327 ],[ 4.819507  8.232252 11.377076 14.404981],[8.261951 8.244259 8.229862 8.215798],[0.10008994 0.11173884 0.12008404 0.13079588],[8.285105 8.289517 8.293083 8.295244],[0.09349079 0.10003035 0.1076677  0.11564252]
DDK8,E,2e-07,33,True,False,TDD,vanilla,25,[0.03058251 0.04848249 0.07452103 0.09264173],[0.02772032 0.03219474 0.04315906 0.05093848],[ 9.203056 14.740543 22.75261  28.416344],[ 8.347308 10.104813 13.295266 16.008263],[8.259222 8.247326 8.227625 8.218569],[0.11966024 0.124345   0.13301498 0.14034018],[8.293463 8.300457 8.306935 8.31096 ],[0.1121941  0.1177948  0.12364822 0.1286118 ]
DDK8,E,2e-07,36,True,False,TDD,vanilla,25,[0.03058446 0.05075068 0.07311976 0.09414655],[0.02387205 0.03531926 0.03912778 0.04155259],[ 8.967823 14.855395 21.45805  27.791847],[ 6.9347467 10.255967  11.493033  12.633708 ],[8.225806  8.2016945 8.183561  8.170868 ],[0.11178812 0.1264775  0.14103554 0.15307093],[8.260142  8.257455  8.2576065 8.260585 ],[0.10467414 0.11562987 0.12960932 0.14268412]
DDK8,E,2e-07,42,True,False,TDD,vanilla,25,[0.03914243 0.06170653 0.08576755 0.1059258 ],[0.02705817 0.03215639 0.04167286 0.04435796],[11.774584 18.347715 25.662186 31.748713],[ 8.275188  9.546717 12.6888   13.872204],[8.2402935 8.214441  8.190573  8.1734495],[0.10906494 0.1265291  0.13502963 0.13991489],[8.285831 8.281849 8.27859  8.276519],[0.10005278 0.10973753 0.12256967 0.13150124]
DDK8,E,4e-07,3,True,False,TDD,vanilla,25,[0.0096102  0.01082178 0.01237717 0.01543961],[0.00428082 0.00457173 0.00532734 0.00683939],[2.8791704 3.2417452 3.7080696 4.6261177],[1.2795222 1.3673166 1.5946469 2.0528514],[8.282176 8.280996 8.279502 8.277286],[0.02999062 0.03165301 0.03347534 0.0353483 ],[8.288958 8.288684 8.288403 8.288102],[0.02915174 0.03073189 0.03247377 0.03435929]
DDK8,E,4e-07,6,True,False,TDD,vanilla,25,[0.01139276 0.01403559 0.01717016 0.02284937],[0.00449047 0.0053687  0.00691857 0.00958339],[3.412131  4.200428  5.1375303 6.835687 ],[1.3574237 1.6136451 2.074273  2.8713377],[8.276231 8.273533 8.269873 8.264518],[0.04016736 0.04444254 0.04883598 0.05329508],[8.284499 8.284238 8.283938 8.283622],[0.03912413 0.0432141  0.04740655 0.05164111]
DDK8,E,4e-07,9,True,False,TDD,vanilla,25,[0.01280209 0.01643745 0.02158619 0.02888921],[0.00456454 0.00593022 0.00941443 0.01399613],[3.8264294 4.9166784 6.4579506 8.660586 ],[1.3714024 1.8035957 2.8805077 4.333349 ],[8.270929 8.266446 8.260183 8.253178],[0.05262076 0.05848573 0.06463426 0.07074289],[8.280015 8.279101 8.278396 8.278026],[0.05211917 0.05833429 0.06446901 0.0706116 ]
DDK8,E,4e-07,12,True,False,TDD,vanilla,25,[0.01408007 0.02051566 0.02946844 0.04200661],[0.00607443 0.00972249 0.01543422 0.02335571],[ 4.231046   6.1718526  8.881416  12.688554 ],[1.8507682 2.9624314 4.7306914 7.111971 ],[8.275046 8.269289 8.261262 8.253232],[0.06532146 0.07223364 0.07896031 0.08556921],[8.285689 8.28714  8.288548 8.289801],[0.06437866 0.07084928 0.07688569 0.08259344]
DDK8,E,4e-07,15,True,False,TDD,vanilla,25,[0.0152716  0.02396327 0.03435111 0.0466375 ],[0.00582917 0.01195614 0.01760743 0.02197443],[ 4.5806856  7.179457  10.320431  14.099473 ],[1.7628267 3.540655  5.252957  6.7579265],[8.276368 8.269054 8.260673 8.25373 ],[0.0764999  0.08663971 0.09551951 0.1027187 ],[8.288774 8.291263 8.293829 8.296032],[0.07523514 0.08273138 0.09050899 0.09828036]
DDK8,E,4e-07,18,True,False,TDD,vanilla,25,[0.01693966 0.02815539 0.03892381 0.05227467],[0.00697758 0.01458692 0.0191033  0.02459781],[ 5.064181  8.396455 11.614191 15.580858],[2.1799238 4.4128957 5.797821  7.475649 ],[8.265022 8.250268 8.236573 8.224488],[0.07023466 0.07909147 0.08590963 0.09469375],[8.27856  8.276338 8.274124 8.272226],[0.06968126 0.07664183 0.08386724 0.09061535]
DDK8,E,4e-07,21,True,False,TDD,vanilla,25,[0.02163413 0.03626496 0.04703118 0.06236314],[0.01033383 0.02053059 0.02545293 0.033711  ],[ 6.472366 10.873471 14.057369 18.603613],[ 3.1882007  6.3643484  7.7765565 10.120806 ],[8.258712 8.241997 8.23204  8.219831],[0.09392261 0.10610612 0.11770147 0.12722889],[8.276323 8.276242 8.275361 8.274577],[0.09324113 0.10310401 0.11220799 0.12068646]
DDK8,E,4e-07,24,True,False,TDD,vanilla,25,[0.02359155 0.03953232 0.05228941 0.07057042],[0.01273223 0.02313777 0.03129794 0.04330983],[ 7.03758  11.883936 15.887379 21.646496],[ 3.6483564  6.7803917  9.638335  14.020441 ],[8.266269 8.255604 8.249257 8.238898],[0.09931181 0.10971216 0.11554606 0.12493549],[8.286703 8.293116 8.298703 8.30418 ],[0.09379449 0.09931406 0.10363212 0.10734849]
DDK8,E,4e-07,27,True,False,TDD,vanilla,25,[0.02374112 0.03819976 0.05109116 0.07024507],[0.01222392 0.02066641 0.02669114 0.03480337],[ 7.033399 11.393771 15.324981 21.221912],[ 3.5084982  6.0624075  7.925899  10.547061 ],[8.254645 8.242834 8.236262 8.225001],[0.09419324 0.09870163 0.10652466 0.11655696],[8.276787 8.280539 8.284522 8.288042],[0.08973086 0.09296609 0.09940286 0.10667291]
DDK8,E,4e-07,33,True,False,TDD,vanilla,25,[0.03370942 0.04879143 0.06838513 0.08348779],[0.0247113  0.02864971 0.03867875 0.03969348],[ 9.952653 14.463341 20.292793 24.847506],[ 7.0928597  8.3687    11.19246   11.650722 ],[8.240995 8.224351 8.205979 8.198306],[0.12139396 0.12016787 0.12551907 0.12258287],[8.277195 8.275805 8.276591 8.27708 ],[0.10656009 0.10650315 0.10475279 0.10291509]
DDK8,E,4e-07,36,True,False,TDD,vanilla,25,[0.03424739 0.04763599 0.06228612 0.07684722],[0.02196986 0.02288623 0.02764513 0.02686335],[10.325852 14.277233 18.601442 22.906458],[6.7132487 6.846483  8.330647  7.9967895],[8.252636 8.237673 8.221001 8.209992],[0.12105624 0.1312255  0.13736597 0.1363129 ],[8.287193 8.285667 8.282404 8.278148],[0.11921629 0.12636288 0.12809068 0.12669323]
DDK8,E,4e-07,42,True,False,TDD,vanilla,25,[0.03798367 0.05517059 0.0710596  0.08773163],[0.02323538 0.02782259 0.03167176 0.03385574],[11.337933 16.432608 21.210577 26.16814 ],[ 6.7141576  8.086669   9.717395  10.25946  ],[8.244452 8.226822 8.211308 8.197168],[0.11048925 0.11838768 0.12495343 0.13335617],[8.284267 8.282584 8.279294 8.275064],[0.1008014  0.10741474 0.11493791 0.12366353]
