model,cm,ds,ms,is_gen,is_U2D,scenario,noise_type,noise_degree,nmse_mean,nmse_std,mse_mean,mse_std,se_mean,se_std,se0_mean,se0_std
LSGAINS,B,5e-08,3,True,False,TDD,vanilla,0,[0.7073874  0.8257431  0.93927974 1.0686601 ],[0.2183804  0.27889583 0.38777366 0.4602801 ],[145.07439 198.52237 253.12823 290.5022 ],[ 44.830204  83.31502  123.905785 146.25497 ],[7.661964  7.6152754 7.7815924 7.7653413],[0.37225813 0.42549697 0.42178875 0.45304143],[8.310017 8.311025 8.311322 8.311014],[0.28663874 0.29886186 0.31123886 0.32331756]
LSGAINS,B,5e-08,6,True,False,TDD,vanilla,0,[0.88172483 1.0677099  1.1871364  1.3057027 ],[0.3077602  0.34220433 0.355421   0.39511514],[170.01192 243.81894 307.61304 340.65335],[ 53.317875  90.824455 121.08276  133.15683 ],[7.301436  6.93307   6.771049  6.6973443],[0.5576714 0.75595   1.0213073 1.0657167],[8.200852 8.201836 8.201868 8.201473],[0.3916575  0.39977843 0.40850884 0.41598985]
LSGAINS,B,5e-08,9,True,False,TDD,vanilla,0,[0.95772815 1.2034361  1.2977501  1.3475057 ],[0.33946013 0.30892435 0.270672   0.30695528],[207.5699  303.0973  360.34433 375.36325],[ 54.858482  89.494606 110.823616 123.942184],[7.233001  6.6038365 5.8751125 6.0765014],[0.6996064 0.9523505 1.4528457 1.32097  ],[8.251503 8.261046 8.269067 8.268887],[0.43901262 0.44828582 0.46303815 0.4847499 ]
LSGAINS,B,5e-08,12,True,False,TDD,vanilla,0,[1.1969515 1.4505771 1.3652898 1.352822 ],[0.53861785 0.6412027  0.3130576  0.33907712],[237.5628  331.9301  350.49023 349.09338],[108.5718  147.47345 129.91786 135.84988],[7.094053 6.48672  5.821629 5.501852],[0.71842605 1.0665737  1.3065788  1.4013131 ],[8.1689005 8.177474  8.178661  8.1839   ],[0.42534223 0.456648   0.4968093  0.52424604]
LSGAINS,B,5e-08,15,True,False,TDD,vanilla,0,[1.3592741 1.5889404 1.2926407 1.1945733],[0.5602011  0.53439146 0.29110017 0.30947852],[330.50388 429.7387  366.95956 339.05624],[165.21753 194.77797 132.96112 127.30456],[7.250967 6.677868 5.836432 5.219677],[0.82912856 1.0707538  1.3461317  1.4226146 ],[8.301512 8.301376 8.295099 8.286509],[0.5188588  0.5244441  0.5284308  0.55424315]
LSGAINS,B,5e-08,18,True,False,TDD,vanilla,0,[1.4415675 1.6443412 1.3062525 1.2735251],[0.50143415 0.48928005 0.3045877  0.37882623],[310.8159  390.44196 343.06836 347.11374],[146.07855 163.35976 134.58618 155.19168],[6.7788386 5.9137034 5.2557707 4.9751263],[0.96671766 1.4102072  1.5099596  1.4276481 ],[8.143847 8.165355 8.19014  8.226463],[0.5570067  0.5532856  0.5880717  0.64253396]
LSGAINS,B,5e-08,21,True,False,TDD,vanilla,0,[1.577762  1.6689824 1.3087945 1.2890135],[0.59251505 0.4486912  0.2840558  0.31580073],[343.55878 389.1954  329.3531  339.40808],[157.08034 147.61705 131.9206  134.36018],[6.641722  5.850337  5.1762333 4.8093476],[1.0370338 1.2727945 1.242041  1.3263575],[8.123272 8.136701 8.135805 8.15118 ],[0.5637358  0.5555875  0.58310056 0.62311333]
LSGAINS,B,5e-08,24,True,False,TDD,vanilla,0,[1.5722556 1.5891411 1.2933356 1.2194269],[0.5714766  0.44255397 0.20645602 0.21361253],[385.19476 415.53043 361.88538 351.8285 ],[189.99954 169.45079 128.39749 138.70401],[6.6733828 6.020409  5.200863  4.9714694],[1.1695888 1.330219  1.2789844 1.2074339],[8.270131 8.258452 8.255482 8.262504],[0.5118271  0.51376563 0.5234589  0.57083213]
LSGAINS,B,5e-08,27,True,False,TDD,vanilla,0,[1.7984658 1.6412902 1.3030199 1.239849 ],[0.73762625 0.62840635 0.34214112 0.26382452],[393.807   374.54938 337.92072 328.0469 ],[188.255   163.156   148.0696  143.17589],[6.383197  5.7907057 4.9201174 4.7600083],[1.1025964 1.3937786 1.4746226 1.4097344],[8.164666 8.149782 8.144778 8.15001 ],[0.5907433 0.6523984 0.6741813 0.6614096]
LSGAINS,B,5e-08,33,True,False,TDD,vanilla,0,[1.8272505 1.6312958 1.3256749 1.2578596],[0.6096063  0.5777031  0.2901125  0.28991362],[447.39648 392.9012  351.73767 338.6005 ],[203.5158  191.16429 144.77701 147.8811 ],[6.2340465 5.718195  4.911162  4.7736616],[1.3015758 1.4908116 1.339929  1.3816288],[8.244222 8.21752  8.208188 8.190938],[0.59182024 0.6487663  0.6651303  0.6921988 ]
LSGAINS,B,5e-08,36,True,False,TDD,vanilla,0,[1.8589668 1.6449193 1.2806244 1.2632276],[0.7563038  0.59021074 0.2649972  0.26669714],[441.2461  390.58905 346.8133  346.59747],[196.04799 160.08478 152.53967 144.40495],[6.035723  5.388167  4.850082  4.5603595],[1.4434543 1.5285759 1.343055  1.2743903],[8.266978 8.223077 8.203336 8.203679],[0.6390856  0.63954604 0.61311203 0.6540083 ]
LSGAINS,B,5e-08,42,True,False,TDD,vanilla,0,[1.9676813 1.630342  1.2307796 1.18414  ],[0.5268957  0.4698055  0.25093302 0.23903625],[466.90866 404.0791  340.09372 343.4439 ],[222.80124 195.3689  136.41692 148.40474],[5.8372493 5.373894  4.6608896 4.592279 ],[1.4877757 1.4579191 1.4566005 1.2563473],[8.1687   8.187472 8.230034 8.259732],[0.55716753 0.59658355 0.6257369  0.63968194]
LSGAINS,B,2e-07,3,True,False,TDD,vanilla,0,[0.55458856 0.6848545  0.8079791  0.9142449 ],[0.16606495 0.28250873 0.41325638 0.48380408],[131.05609 175.1397  219.5519  251.5875 ],[ 52.456974  93.76202  137.40952  161.50873 ],[7.459121  7.3978558 7.548794  7.5206017],[0.4733672 0.5295027 0.5543626 0.6041212],[8.140387 8.142667 8.144901 8.14683 ],[0.4020315  0.40776485 0.41400665 0.42071086]
LSGAINS,B,2e-07,6,True,False,TDD,vanilla,0,[0.68149   0.9061411 1.0966337 1.2134227],[0.15816352 0.23527232 0.30881336 0.3397613 ],[170.7692  243.44295 308.2535  342.5742 ],[ 56.133812  93.54858  124.52642  135.12039 ],[7.300616  6.9620595 6.81328   6.7021027],[0.49938387 0.66291076 0.88012767 0.9837643 ],[8.200198 8.203735 8.207059 8.210534],[0.37354088 0.3805655  0.3896417  0.39972013]
LSGAINS,B,2e-07,9,True,False,TDD,vanilla,0,[0.7601408 1.0368729 1.2043045 1.276066 ],[0.16837482 0.22036992 0.23004976 0.26071414],[197.8806 287.8529 348.7112 371.1598],[ 60.812626  98.201744 123.241516 135.55942 ],[7.221534  6.6557326 5.97674   5.9531145],[0.51771814 0.66348433 1.1746372  1.1343851 ],[8.216351 8.215251 8.214624 8.214304],[0.40763524 0.41026485 0.41645423 0.42503932]
LSGAINS,B,2e-07,12,True,False,TDD,vanilla,0,[0.9311418 1.2210361 1.2734817 1.2656531],[0.2843371  0.32989705 0.22840664 0.24164538],[225.7566  315.03964 339.24246 339.12598],[ 99.25006 139.98438 124.85904 124.37492],[6.999328  6.3263187 5.5578017 5.3342366],[0.71292484 0.9882065  1.3423458  1.3267888 ],[8.120098  8.1142645 8.112743  8.113856 ],[0.43833014 0.4555621  0.47286943 0.49387443]
LSGAINS,B,2e-07,15,True,False,TDD,vanilla,0,[1.1740104 1.4365494 1.2170559 1.1605172],[0.48714462 0.48052275 0.22461532 0.23932558],[306.4226  397.0314  354.74457 344.6823 ],[150.67265 170.6804  131.09802 134.59589],[7.0446424 6.4485383 5.715819  5.2211895],[0.765687  1.0031888 1.2670636 1.3681991],[8.197627 8.204034 8.217083 8.230654],[0.48526046 0.50316983 0.5246719  0.5439685 ]
LSGAINS,B,2e-07,18,True,False,TDD,vanilla,0,[1.2413427 1.477127  1.2298331 1.1797546],[0.5013223  0.46756732 0.19594167 0.1995211 ],[327.87265 413.72256 357.37265 345.63446],[183.25023 202.5757  139.379   133.14795],[6.87829   6.204542  5.599592  5.1053658],[0.84534615 1.1719911  1.2106668  1.2797137 ],[8.1638975 8.175692  8.188434  8.202102 ],[0.48944053 0.50745434 0.51854205 0.5220388 ]
LSGAINS,B,2e-07,21,True,False,TDD,vanilla,0,[1.3776511 1.4963179 1.205854  1.2118038],[0.499409   0.3545217  0.22974108 0.22046472],[367.66058 410.29047 330.17984 331.88507],[168.676    151.67014  111.64989  102.989395],[6.718085  5.955699  5.233954  4.7991185],[0.79991597 1.0402322  1.0538781  1.0574154 ],[8.188612 8.176667 8.144227 8.140654],[0.44568112 0.44044286 0.4572289  0.47989473]
LSGAINS,B,2e-07,24,True,False,TDD,vanilla,0,[1.4338492 1.5134584 1.2072475 1.1898336],[0.50408083 0.38691407 0.20634344 0.197005  ],[374.45978 402.7917  333.98608 344.97015],[189.03789 172.02007 125.47951 133.39429],[6.556116  5.8112354 5.063276  4.8691697],[0.9717356 1.2209861 1.2346736 1.1456053],[8.138821 8.121225 8.131564 8.179233],[0.5049219  0.5401905  0.55457497 0.5767097 ]
LSGAINS,B,2e-07,27,True,False,TDD,vanilla,0,[1.5500252 1.5210081 1.2221488 1.1713128],[0.5101418  0.4426787  0.20547739 0.19319913],[431.0956  420.82104 350.31882 332.84247],[225.06386 182.97762 131.06529 128.40561],[6.387662  5.77444   4.9175982 4.7346807],[1.1437356 1.3811179 1.153618  1.1209006],[8.195908 8.177614 8.161719 8.149493],[0.58492225 0.5956014  0.5773279  0.5629562 ]
LSGAINS,B,2e-07,33,True,False,TDD,vanilla,0,[1.6884612 1.4142737 1.201364  1.161715 ],[0.4429382  0.39216214 0.1601279  0.167914  ],[443.0354  378.28882 333.62393 324.49792],[198.7047   172.00629  113.5997   124.341484],[5.915823  5.53118   4.810093  4.6243863],[1.1148043 1.2097609 1.1272521 1.1970899],[8.113809 8.133947 8.133893 8.112729],[0.5259433  0.55339056 0.55033195 0.5765365 ]
LSGAINS,B,2e-07,36,True,False,TDD,vanilla,0,[1.6252453 1.443326  1.1907405 1.1783416],[0.48399022 0.39509112 0.21686116 0.21495993],[445.63043 385.3816  324.6779  314.7319 ],[197.85764 167.46364 130.33235 126.55833],[6.079191 5.678209 4.749938 4.568158],[1.297577  1.3387954 1.2853343 1.2018645],[8.202237 8.165164 8.124358 8.063301],[0.48082286 0.5317794  0.5752137  0.61029977]
LSGAINS,B,2e-07,42,True,False,TDD,vanilla,0,[1.7017794 1.4981712 1.1722081 1.1677152],[0.4825661  0.3790762  0.19683588 0.23516554],[440.3789  396.05426 317.2044  309.77036],[190.77795  153.67534  119.161934 110.46527 ],[5.9010363 5.351268  4.75766   4.3537602],[1.3282634 1.2732464 1.0024824 0.9145914],[8.116588  8.1407385 8.108494  8.074529 ],[0.5461969 0.5206076 0.5220433 0.5106325]
LSGAINS,B,4e-07,3,True,False,TDD,vanilla,0,[0.5253968  0.67862916 0.83033705 0.9477402 ],[0.14502473 0.2714842  0.40571994 0.4792037 ],[143.89742 195.56133 247.9159  284.51144],[ 51.412308  92.895546 136.31436  160.49995 ],[7.509438  7.4679174 7.657587  7.649826 ],[0.39154097 0.43907073 0.44044748 0.46591976],[8.20847  8.210395 8.212237 8.213969],[0.3344236  0.33968472 0.345037   0.3505006 ]
LSGAINS,B,4e-07,6,True,False,TDD,vanilla,0,[0.6561569 0.9100349 1.1264777 1.2486881],[0.12083799 0.20710815 0.27140304 0.29328927],[177.22581 258.06528 329.0379  366.0792 ],[ 50.096043  85.04441  113.095375 124.4638  ],[7.2708144 6.9261804 6.790042  6.723518 ],[0.4197697  0.58440953 0.8032401  0.8532162 ],[8.184885 8.185724 8.186444 8.187491],[0.3219428  0.32802498 0.33519444 0.34295762]
LSGAINS,B,4e-07,9,True,False,TDD,vanilla,0,[0.7585151 1.0555423 1.2256831 1.2746634],[0.14767814 0.20737247 0.21473028 0.24003354],[206.16628 297.91153 354.55466 368.9643 ],[ 54.808044  88.77718  106.64514  114.02095 ],[7.1360884 6.539579  5.910634  5.9755163],[0.44752863 0.6240566  1.1322742  1.0038935 ],[8.193824  8.191843  8.1865635 8.178488 ],[0.33316842 0.33920407 0.35002944 0.36504003]
LSGAINS,B,4e-07,12,True,False,TDD,vanilla,0,[0.87597966 1.1893919  1.2507166  1.2397373 ],[0.30144203 0.36955225 0.2166401  0.21760821],[236.68303 335.74884 362.98776 363.1784 ],[ 91.044785 123.55867  102.38563  107.325005],[7.0943475 6.52906   5.8575263 5.5005407],[0.5067371 0.7224609 1.0903114 1.1921004],[8.155842 8.160818 8.163987 8.167347],[0.32843766 0.33568707 0.35014966 0.36756453]
LSGAINS,B,4e-07,15,True,False,TDD,vanilla,0,[1.1125429 1.417367  1.2434138 1.1795001],[0.45200786 0.4481661  0.19443463 0.21259208],[303.60074 398.7886  359.05524 342.7707 ],[149.34135 166.37839 118.54748 126.71754],[6.955121  6.315393  5.665776  5.2107873],[0.645314   0.95133865 1.1820302  1.2592548 ],[8.153601 8.155079 8.152278 8.149134],[0.4101913  0.43171167 0.44939846 0.460384  ]
LSGAINS,B,4e-07,18,True,False,TDD,vanilla,0,[1.2095312 1.433815  1.1940099 1.1693883],[0.49135786 0.4129855  0.19067906 0.17862943],[321.03702 396.81503 345.36227 342.0841 ],[147.66594 144.07368 118.32226 121.55649],[6.77436   6.0512524 5.4003816 4.9268007],[0.71148956 0.9103877  0.9966975  1.1185595 ],[8.1320305 8.13783   8.141356  8.146609 ],[0.42991513 0.4332563  0.4316455  0.42852738]
LSGAINS,B,4e-07,21,True,False,TDD,vanilla,0,[1.3066008 1.4244591 1.1393713 1.144218 ],[0.53603953 0.39387408 0.1941812  0.15386821],[367.1745  407.02454 328.91437 328.5652 ],[190.15396  165.86226  110.1616   111.856834],[6.796492 6.051583 5.299133 4.795853],[0.63035107 0.8700582  0.9071772  0.907542  ],[8.166336 8.156872 8.151517 8.130608],[0.39600894 0.41945392 0.43816084 0.45606455]
LSGAINS,B,4e-07,24,True,False,TDD,vanilla,0,[1.4053926 1.4014353 1.1710297 1.1811435],[0.531461   0.31524947 0.16578528 0.1535575 ],[396.66333 407.23843 354.51385 360.2618 ],[175.85631  131.0617   113.83099  105.500595],[6.5837126 5.8842163 5.1610255 4.9891973],[0.783646  0.994853  0.9961431 1.0449682],[8.199759 8.205041 8.207555 8.21912 ],[0.404768   0.4265331  0.43737403 0.43781117]
LSGAINS,B,4e-07,27,True,False,TDD,vanilla,0,[1.50863   1.3369033 1.1542943 1.1180525],[0.46297044 0.34884056 0.13281798 0.12179215],[418.5437  363.8821  323.63828 315.77316],[164.63434  119.34776   92.05446   81.996956],[6.154611  5.6758723 4.667005  4.7161307],[0.9032902 1.0285933 0.8029076 0.8543091],[8.149215 8.11694  8.104062 8.116798],[0.3806188  0.3709262  0.37762547 0.39070326]
LSGAINS,B,4e-07,33,True,False,TDD,vanilla,0,[1.5157013 1.2732956 1.1551507 1.1038638],[0.43313423 0.32597214 0.13432537 0.13456409],[452.99442 393.29254 358.9844  341.65546],[188.69008 157.91652 107.34279 111.4743 ],[6.047943  5.6685853 4.8682814 4.7911825],[1.1610872 1.051111  1.042853  0.9423615],[8.246285 8.265709 8.252912 8.226303],[0.46850497 0.45464966 0.43810764 0.45476887]
LSGAINS,B,4e-07,36,True,False,TDD,vanilla,0,[1.6202109 1.3683189 1.1598524 1.131689 ],[0.47199252 0.3098114  0.13313964 0.10236158],[425.05164 367.94452 329.84534 334.99222],[173.18192 132.32501  93.64742 101.13585],[5.726004  5.1590724 4.6281157 4.447024 ],[1.105583   1.1539197  0.987086   0.86089796],[8.057566 8.079075 8.129921 8.168677],[0.40291405 0.39826265 0.40041897 0.40959847]
LSGAINS,B,4e-07,42,True,False,TDD,vanilla,0,[1.7912029 1.4984448 1.1504439 1.1133045],[0.3489291  0.38961497 0.16843954 0.1404475 ],[492.05902 409.7545  329.48474 323.27158],[157.75296  153.64142  115.29671   96.114334],[5.7687945 5.3853374 4.7508216 4.5321803],[1.1479309 1.2022027 1.0795908 0.8439198],[8.131211  8.1205845 8.131761  8.168282 ],[0.45830318 0.46788168 0.48357803 0.44281054]
LSGAINS,E,5e-08,3,True,False,TDD,vanilla,0,[0.46073604 0.6256828  0.79284334 0.90479136],[0.15890825 0.29007342 0.42271784 0.49381974],[135.94519 185.5795  235.87856 269.1813 ],[ 50.272278  90.45834  130.98982  152.93985 ],[7.6841774 7.698251  7.959495  8.001612 ],[0.22140661 0.29415488 0.19208223 0.15728825],[8.275205 8.273342 8.271564 8.269935],[0.10735612 0.10797671 0.10877378 0.10978284]
LSGAINS,E,5e-08,6,True,False,TDD,vanilla,0,[0.5707642 0.8147842 1.0237969 1.1272544],[0.18218882 0.3219347  0.4347749  0.4760934 ],[168.29027 241.5828  304.54715 335.60922],[ 56.020325  97.76714  130.89984  142.7386  ],[7.4956803 7.2795653 7.4503784 7.5880346],[0.29846764 0.5813122  0.7381399  0.59672356],[8.276046 8.276881 8.277935 8.278976],[0.11304259 0.11515557 0.11746033 0.11958142]
LSGAINS,E,5e-08,9,True,False,TDD,vanilla,0,[0.6728993  0.97145706 1.1509987  1.1941968 ],[0.18108192 0.2938372  0.34389666 0.36670858],[200.42159 290.95895 345.79077 358.76846],[ 55.0525    89.82017  105.194786 111.62924 ],[7.4085383 6.9795322 6.8660264 7.2170753],[0.31268156 0.6236575  1.0667523  0.70511526],[8.294175 8.29685  8.298473 8.298301],[0.12703064 0.12796013 0.1290341  0.13212258]
LSGAINS,E,5e-08,12,True,False,TDD,vanilla,0,[0.82805926 1.1639755  1.2228131  1.1932743 ],[0.36303693 0.48327827 0.35190776 0.36834157],[239.58687 336.9966  353.30856 343.0879 ],[104.07197 139.57689 103.05145 105.44407],[7.378078  6.9913306 6.766809  6.748562 ],[0.29760572 0.6073846  1.0463283  1.0704962 ],[8.245988  8.241977  8.236683  8.2317295],[0.10888108 0.11287002 0.11957742 0.12670901]
LSGAINS,E,5e-08,15,True,False,TDD,vanilla,0,[0.9877532 1.329081  1.2828462 1.2593491],[0.50359124 0.53820807 0.23479967 0.27374476],[288.92548 389.59412 377.16992 370.81778],[146.39989 154.53885  73.14447  85.9749 ],[7.356933  7.059126  6.9716825 6.7045155],[0.24848488 0.47967592 0.80259466 1.0511756 ],[8.262611  8.2612095 8.260151  8.261041 ],[0.13493809 0.13911162 0.14343643 0.14577541]
LSGAINS,E,5e-08,18,True,False,TDD,vanilla,0,[1.0970784 1.3338318 1.146913  1.1540166],[0.59834856 0.55849373 0.34766215 0.3469232 ],[323.25497 396.05423 342.28793 344.26114],[173.70183 166.39346 107.76451 108.48365],[7.344726  7.0516148 6.8553877 6.662706 ],[0.31903103 0.5599199  0.9992356  0.9792498 ],[8.281872 8.281912 8.279536 8.27891 ],[0.13541299 0.14105983 0.14464794 0.14809406]
LSGAINS,E,5e-08,21,True,False,TDD,vanilla,0,[1.1542933 1.3116081 1.1173949 1.1488484],[0.6380241 0.5232129 0.3120859 0.3214317],[344.72055 392.68893 337.12823 346.98422],[186.34966 147.8787  102.68027 109.33236],[7.3384495 7.056546  6.8877687 6.758464 ],[0.30732873 0.45934364 0.97331136 0.8776013 ],[8.307358 8.301056 8.291944 8.288347],[0.14678083 0.14288229 0.1493194  0.15211837]
LSGAINS,E,5e-08,24,True,False,TDD,vanilla,0,[1.303002  1.3412036 1.0867804 1.0956076],[0.6547621  0.56640255 0.3292368  0.30180413],[388.51132 397.60532 321.1973  323.57794],[199.19344  168.74799   99.617714  92.880745],[7.2426667 7.0856366 6.672836  6.4712005],[0.49601558 0.51885843 1.1305571  0.99480665],[8.2875   8.278505 8.268627 8.264957],[0.13044433 0.1344253  0.15097398 0.16351572]
LSGAINS,E,5e-08,27,True,False,TDD,vanilla,0,[1.3645473 1.2381021 1.1417809 1.1350826],[0.58440965 0.42688096 0.22981583 0.25589547],[402.7552  369.70108 342.68155 341.21167],[170.23938  133.277     72.282875  80.011826],[6.870947  6.9565063 6.291517  6.4432926],[0.8902223  0.4403378  1.1917216  0.74102014],[8.279845  8.286421  8.2941885 8.295663 ],[0.12928064 0.14179233 0.13784619 0.14801458]
LSGAINS,E,5e-08,33,True,False,TDD,vanilla,0,[1.4100354 1.2466885 1.1145016 1.060865 ],[0.6156421  0.5779977  0.313709   0.27641982],[422.22433 370.9573  332.6232  317.98914],[190.02635 169.07169  96.50167  89.95725],[6.958054  7.0979533 6.480212  6.4816265],[0.8053868  0.49985158 1.1313839  0.8871556 ],[8.287059 8.28844  8.283365 8.28227 ],[0.14250225 0.14087309 0.1485409  0.15866236]
LSGAINS,E,5e-08,36,True,False,TDD,vanilla,0,[1.5113361 1.2387073 1.1383533 1.0979702],[0.5609782  0.51675665 0.28168324 0.25172147],[448.23956 366.0165  341.4693  333.22208],[172.33769  148.00832   91.81866   87.944954],[6.7542524 7.00636   6.1841335 6.3511786],[0.92514503 0.45289248 1.2255554  0.7990495 ],[8.281623 8.287588 8.29217  8.30194 ],[0.16172272 0.17149195 0.17695847 0.17350179]
LSGAINS,E,5e-08,42,True,False,TDD,vanilla,0,[1.4860678 1.300883  1.1113203 1.0609736],[0.5914188  0.6065591  0.31630558 0.2890138 ],[441.6165  386.40973 331.02997 315.6192 ],[176.08112 185.85538 101.06283  89.42463],[6.775826  7.0872316 6.274078  6.4123836],[0.9960835 0.4392023 1.3803015 0.7384507],[8.2850485 8.277092  8.275991  8.2751875],[0.15040708 0.15980272 0.16346732 0.16856034]
LSGAINS,E,2e-07,3,True,False,TDD,vanilla,0,[0.43125993 0.57699823 0.7241292  0.82650536],[0.16996418 0.3094846  0.45186925 0.5252574 ],[128.98888 172.77524 216.99716 247.70015],[ 50.938084  92.77612  135.4738   157.47882 ],[7.7072225 7.7234864 7.9751368 8.016632 ],[0.22434096 0.30662858 0.19499938 0.15118705],[8.280581 8.280627 8.280685 8.280739],[0.0395242  0.04055545 0.04168786 0.04291362]
LSGAINS,E,2e-07,6,True,False,TDD,vanilla,0,[0.5654982  0.81787837 1.0403507  1.1488156 ],[0.17545964 0.31294173 0.42584416 0.46638137],[170.03734 246.19362 313.38095 346.10837],[ 52.908733  94.50025  128.79843  141.23584 ],[7.5063343 7.2789617 7.4926386 7.617716 ],[0.27872312 0.5640721  0.65574324 0.5348159 ],[8.293882 8.294106 8.294251 8.294382],[0.04388142 0.04748659 0.05115881 0.05493952]
LSGAINS,E,2e-07,9,True,False,TDD,vanilla,0,[0.6545503 0.9291496 1.0598629 1.0784504],[0.21116468 0.33709612 0.3823284  0.40095314],[197.30638 280.76953 321.0481  327.2341 ],[ 63.967434 102.53925  117.79672  125.12857 ],[7.4535437 7.0421295 6.7150574 7.2274675],[0.2735325 0.6301026 1.3582528 0.7341672],[8.294298 8.295323 8.296029 8.296503],[0.05927263 0.06526424 0.07138937 0.07772422]
LSGAINS,E,2e-07,12,True,False,TDD,vanilla,0,[0.74093163 1.0476274  1.1380504  1.127685  ],[0.29961786 0.41713935 0.35073236 0.3632705 ],[222.85187 315.48392 343.10403 340.1646 ],[ 90.331955 125.957375 106.13057  110.22416 ],[7.4754314 7.1285877 6.8497686 6.978223 ],[0.27543914 0.6057562  1.1873589  1.0596586 ],[8.292669 8.293591 8.29417  8.294293],[0.06883647 0.07497934 0.08134437 0.08748709]
LSGAINS,E,2e-07,15,True,False,TDD,vanilla,0,[1.0041944 1.3078305 1.1695459 1.122749 ],[0.51402116 0.5368411  0.31118703 0.3451435 ],[300.82187 391.96555 350.1943  335.92303],[155.25388 163.0853   94.24801 102.79251],[7.3757534 7.0369043 6.7580276 6.6890297],[0.24116266 0.53133965 1.0393176  0.93201625],[8.278367 8.277282 8.276983 8.276869],[0.06547173 0.07076035 0.07667465 0.08393777]
LSGAINS,E,2e-07,18,True,False,TDD,vanilla,0,[1.0614445 1.2943847 1.1248908 1.1525724],[0.59704244 0.5436181  0.34533387 0.36892328],[315.5138  385.0998  335.52423 343.8778 ],[177.13039 161.75665 105.24184 111.45212],[7.307165  7.0589705 7.007741  6.760647 ],[0.28932092 0.493118   0.8020508  0.9171288 ],[8.273221 8.273726 8.274927 8.276924],[0.07880081 0.08553309 0.09271665 0.09996614]
LSGAINS,E,2e-07,21,True,False,TDD,vanilla,0,[1.1217933 1.3155574 1.1548842 1.1521276],[0.58433807 0.5142431  0.3089038  0.28634313],[337.2584  396.0183  347.32047 347.0954 ],[179.18329 160.48732  95.60533  90.46195],[7.341435  7.0371704 6.752474  6.542339 ],[0.32463378 0.5793545  1.0940914  1.0117593 ],[8.2915325 8.292838  8.293352  8.293094 ],[0.09075397 0.09886748 0.10661584 0.11423081]
LSGAINS,E,2e-07,24,True,False,TDD,vanilla,0,[1.2761272 1.3632951 1.1560593 1.136647 ],[0.5935478  0.4509425  0.2896825  0.28152737],[382.59616 407.12875 344.05988 337.50833],[180.85727 139.57457  90.38719  86.97671],[7.276987  6.980419  6.4506054 6.3509884],[0.31029657 0.4860331  1.1861556  0.88279784],[8.283634 8.277485 8.2726   8.268844],[0.0970543  0.10391299 0.1116889  0.11914234]
LSGAINS,E,2e-07,27,True,False,TDD,vanilla,0,[1.2819188 1.253935  1.0337591 1.0644119],[0.64384276 0.51407546 0.33125442 0.30333737],[385.1923  378.96326 314.10724 324.17462],[193.5393  155.79964 104.59023  98.49851],[7.123753  7.0498853 6.633598  6.5177135],[0.63803875 0.47053003 1.0353711  0.87944156],[8.285105 8.289517 8.293083 8.295244],[0.09349079 0.10003035 0.1076677  0.11564252]
LSGAINS,E,2e-07,33,True,False,TDD,vanilla,0,[1.427155  1.1942725 1.1212097 1.1069398],[0.5680681  0.46907154 0.2737729  0.27819622],[431.9955  362.552   340.3446  337.33896],[178.12596  148.00008   83.124954  82.90669 ],[6.753609  7.021887  6.2509303 6.4120083],[0.9662177 0.4346783 1.2220901 0.7524778],[8.293463 8.300457 8.306935 8.31096 ],[0.1121941  0.1177948  0.12364822 0.1286118 ]
LSGAINS,E,2e-07,36,True,False,TDD,vanilla,0,[1.3732959 1.2950337 1.1336262 1.1296219],[0.6145028  0.5168526  0.28711525 0.27889457],[402.41226 378.2174  332.56332 334.36548],[178.978    143.92085   84.51338   90.847275],[6.950968 6.945349 6.451704 6.381112],[0.79639524 0.44127202 1.1639981  0.86678225],[8.260142  8.257455  8.2576065 8.260585 ],[0.10467414 0.11562987 0.12960932 0.14268412]
LSGAINS,E,2e-07,42,True,False,TDD,vanilla,0,[1.4504799 1.3684217 1.07307   1.0674918],[0.5910004 0.5208849 0.2851322 0.2584948],[433.96048 407.5766  319.40424 318.44507],[176.11728 151.44954  84.3351   81.22979],[6.9872766 6.974416  6.4202924 6.3444405],[0.71831787 0.47134617 1.1639615  0.7724895 ],[8.285831 8.281849 8.27859  8.276519],[0.10005278 0.10973753 0.12256967 0.13150124]
LSGAINS,E,4e-07,3,True,False,TDD,vanilla,0,[0.44350007 0.599618   0.7571689  0.8657621 ],[0.17200871 0.3130585  0.45775527 0.5338056 ],[132.64667 179.45667 226.70033 259.1875 ],[ 51.386562  93.58291  136.83904  159.52148 ],[7.705116  7.7219605 7.980743  8.023678 ],[0.2271542  0.30096152 0.18743485 0.1440751 ],[8.288958 8.288684 8.288403 8.288102],[0.02915174 0.03073189 0.03247377 0.03435929]
LSGAINS,E,4e-07,6,True,False,TDD,vanilla,0,[0.5782846  0.83658594 1.0593543  1.1645128 ],[0.16877283 0.29924974 0.4011708  0.4356017 ],[172.84244 250.23402 316.9754  348.421  ],[ 50.929127  90.328865 121.2426   131.88634 ],[7.484955  7.242296  7.424742  7.5580306],[0.27176276 0.57142955 0.71114725 0.58334506],[8.284499 8.284238 8.283938 8.283622],[0.03912413 0.0432141  0.04740655 0.05164111]
LSGAINS,E,4e-07,9,True,False,TDD,vanilla,0,[0.674602   0.97296065 1.1454412  1.1871436 ],[0.1800115  0.28833836 0.33837694 0.37270865],[201.80429 291.35272 343.30954 355.92426],[ 54.27838   87.26426  103.289116 114.18578 ],[7.39331  6.973681 6.769859 7.207217],[0.23907763 0.5649451  1.2405887  0.6803969 ],[8.280015 8.279101 8.278396 8.278026],[0.05211917 0.05833429 0.06446901 0.0706116 ]
LSGAINS,E,4e-07,12,True,False,TDD,vanilla,0,[0.86838907 1.2105994  1.22748    1.1902214 ],[0.4501465  0.5720674  0.36147973 0.36597365],[260.12317 363.13242 368.9979  358.3774 ],[135.06084 171.7925  110.33172 112.78856],[7.43845   7.090189  6.891403  6.8101697],[0.26458457 0.5724955  1.0354242  1.0393535 ],[8.285689 8.28714  8.288548 8.289801],[0.06437866 0.07084928 0.07688569 0.08259344]
LSGAINS,E,4e-07,15,True,False,TDD,vanilla,0,[0.91770273 1.2198238  1.1785489  1.170125  ],[0.505729   0.54168147 0.32850882 0.34062818],[275.50452 366.9883  355.3618  353.7105 ],[153.45409 165.16959 101.62834 106.1211 ],[7.4139576 7.1078014 6.9651513 6.812315 ],[0.27094698 0.5638957  0.93261606 1.0028555 ],[8.288774 8.291263 8.293829 8.296032],[0.07523514 0.08273138 0.09050899 0.09828036]
LSGAINS,E,4e-07,18,True,False,TDD,vanilla,0,[1.1041155 1.3286213 1.119099  1.1261983],[0.5763407  0.5130301  0.3497147  0.34995934],[328.6523  394.83817 331.83026 333.42126],[171.90862 151.22896 103.09148 102.48047],[7.3200507 7.035365  6.8324957 6.5886884],[0.26984766 0.4577318  0.90552276 0.92453605],[8.27856  8.276338 8.274124 8.272226],[0.06968126 0.07664183 0.08386724 0.09061535]
LSGAINS,E,4e-07,21,True,False,TDD,vanilla,0,[1.1405885 1.3049729 1.0925872 1.103225 ],[0.62162477 0.52497894 0.32457617 0.3045899 ],[337.35114 386.6364  325.7274  329.13425],[180.41153  150.82559   98.134964  95.19344 ],[7.3150096 7.017083  6.7480626 6.5862246],[0.31034568 0.5176631  1.0005251  0.94186115],[8.276323 8.276242 8.275361 8.274577],[0.09324113 0.10310401 0.11220799 0.12068646]
LSGAINS,E,4e-07,24,True,False,TDD,vanilla,0,[1.2309717 1.2746189 1.1062901 1.1220227],[0.6471132  0.50560254 0.30234176 0.29075176],[368.84482 384.57593 335.97418 342.77097],[192.42393  151.16885   93.270485  92.38701 ],[7.265884  7.0547113 6.660958  6.622571 ],[0.37614188 0.50760716 1.1544199  0.9053476 ],[8.286703 8.293116 8.298703 8.30418 ],[0.09379449 0.09931406 0.10363212 0.10734849]
LSGAINS,E,4e-07,27,True,False,TDD,vanilla,0,[1.338378  1.2306134 1.1092814 1.0941052],[0.6044088 0.4980286 0.2913282 0.2826126],[397.43484 366.20322 332.80298 329.72235],[180.50018  148.49811   91.394394  90.285965],[6.9380608 7.0070815 6.3771405 6.4442143],[0.83006155 0.47792274 1.210633   0.869667  ],[8.276787 8.280539 8.284522 8.288042],[0.08973086 0.09296609 0.09940286 0.10667291]
LSGAINS,E,4e-07,33,True,False,TDD,vanilla,0,[1.4040167 1.2752262 1.1632638 1.1180855],[0.5605136  0.4905272  0.22929293 0.23255223],[418.61157 380.44348 345.81894 332.8613 ],[169.8133  151.13716  68.23027  70.34487],[6.876847  6.9612207 6.2273626 6.3290687],[0.84878653 0.50644755 1.1733812  0.76892823],[8.277195 8.275805 8.276591 8.27708 ],[0.10656009 0.10650315 0.10475279 0.10291509]
LSGAINS,E,4e-07,36,True,False,TDD,vanilla,0,[1.4091395 1.2793031 1.1484913 1.1403272],[0.60048074 0.4994838  0.2644164  0.24924956],[424.14215 383.41263 344.41208 342.04636],[186.20149  150.37378   86.190704  84.97001 ],[6.993249  6.9883904 6.40974   6.3557544],[0.764161   0.46232462 1.151948   0.82860786],[8.287193 8.285667 8.282404 8.278148],[0.11921629 0.12636288 0.12809068 0.12669323]
LSGAINS,E,4e-07,42,True,False,TDD,vanilla,0,[1.4937711 1.3214607 1.0753164 1.0681472],[0.59823114 0.51399684 0.3031905  0.2658748 ],[445.39267 394.925   320.99722 318.4028 ],[176.38095 154.9378   93.44444  84.14271],[6.980665  7.0288506 6.402738  6.400342 ],[0.7519079 0.4294644 1.1593006 0.7707465],[8.284267 8.282584 8.279294 8.275064],[0.1008014  0.10741474 0.11493791 0.12366353]
LSGAINS,B,5e-08,3,True,False,TDD,vanilla,5,[0.41046792 0.62815994 0.8606134  1.0022597 ],[0.14126936 0.2552993  0.38275668 0.45700458],[ 99.117004 168.07703  241.30858  280.6799  ],[ 42.138035  81.98829  123.33996  145.9519  ],[8.0434885 7.9763055 7.9725776 7.928026 ],[0.31852755 0.35492057 0.39837614 0.43902785],[8.310017 8.311025 8.311322 8.311014],[0.28663874 0.29886186 0.31123886 0.32331756]
LSGAINS,B,5e-08,6,True,False,TDD,vanilla,5,[0.542721   0.84006953 1.1010861  1.233873  ],[0.16695504 0.26237255 0.3357874  0.37631372],[124.87982 213.91177 295.9706  330.8661 ],[ 48.27497  88.03526 120.13558 132.5772 ],[7.7891264 7.4827604 7.160123  7.031603 ],[0.48944616 0.6569084  0.9697886  1.0383525 ],[8.200852 8.201836 8.201868 8.201473],[0.3916575  0.39977843 0.40850884 0.41598985]
LSGAINS,B,5e-08,9,True,False,TDD,vanilla,5,[0.64010835 0.99202466 1.2153637  1.2780447 ],[0.17292596 0.22537133 0.24588767 0.28970036],[162.65599 273.38953 348.74042 365.63757],[ 52.445423  88.14461  110.32114  123.53735 ],[7.776777 7.300206 6.451508 6.572577],[0.5907377  0.83756626 1.3585665  1.3055522 ],[8.251503 8.261046 8.269067 8.268887],[0.43901262 0.44828582 0.46303815 0.4847499 ]
LSGAINS,B,5e-08,12,True,False,TDD,vanilla,5,[0.82376665 1.1919194  1.2695014  1.2761319 ],[0.4078473  0.4951295  0.28392884 0.32441187],[191.30554 301.36478 338.64313 339.1621 ],[106.174385 146.32425  129.66457  135.69637 ],[7.6221614 7.0991316 6.3446593 5.950037 ],[0.6133651 1.0298554 1.2784225 1.4040171],[8.1689005 8.177474  8.178661  8.1839   ],[0.42534223 0.456648   0.4968093  0.52424604]
LSGAINS,B,5e-08,15,True,False,TDD,vanilla,5,[1.0472636 1.3873292 1.2145466 1.1284633],[0.48273137 0.5040711  0.2749387  0.29439187],[285.74774 400.14508 355.40106 329.42087],[163.08603 194.22885 133.4094  127.80409],[7.747812  7.260086  6.403452  5.8149214],[0.7171279 0.9859521 1.3460337 1.438931 ],[8.301512 8.301376 8.295099 8.286509],[0.5188588  0.5244441  0.5284308  0.55424315]
LSGAINS,B,5e-08,18,True,False,TDD,vanilla,5,[1.1009037 1.4096211 1.2155714 1.1955733],[0.43801787 0.42978433 0.27668175 0.34706834],[265.59473 360.46664 331.55063 337.5491 ],[147.67427 164.49767 135.14511 155.7195 ],[7.322127  6.4743867 5.752737  5.4776745],[0.8435457 1.4119992 1.5641085 1.484595 ],[8.143847 8.165355 8.19014  8.226463],[0.5570067  0.5532856  0.5880717  0.64253396]
LSGAINS,B,5e-08,21,True,False,TDD,vanilla,5,[1.2485672 1.435135  1.2129414 1.2110199],[0.52882636 0.38844702 0.2564265  0.2931666 ],[298.61612 359.3581  317.85046 329.77554],[157.63867 148.9077  132.66524 134.93411],[7.2096276 6.434913  5.7054896 5.324436 ],[0.9299554 1.2875764 1.2959383 1.3967699],[8.123272 8.136701 8.135805 8.15118 ],[0.5637358  0.5555875  0.58310056 0.62311333]
LSGAINS,B,5e-08,24,True,False,TDD,vanilla,5,[1.2517619 1.3681374 1.2076541 1.1490617],[0.51040745 0.38246998 0.18507178 0.19937402],[340.22083 385.79593 350.45917 342.19708],[190.4741  170.27884 128.7618  139.26509],[7.2453265 6.61623   5.7967205 5.546177 ],[1.0633461 1.3437735 1.3164145 1.2660185],[8.270131 8.258452 8.255482 8.262504],[0.5118271  0.51376563 0.5234589  0.57083213]
LSGAINS,B,5e-08,27,True,False,TDD,vanilla,5,[1.4162362 1.3824649 1.2047188 1.1589528],[0.5752273  0.5058497  0.2891043  0.24172857],[347.89633 344.31952 326.15433 318.24463],[188.52559 165.03984 148.80566 143.92192],[7.0143175 6.3916345 5.5057592 5.3268743],[0.98481584 1.3672972  1.5322715  1.4692895 ],[8.164666 8.149782 8.144778 8.15001 ],[0.5907433 0.6523984 0.6741813 0.6614096]
LSGAINS,B,5e-08,33,True,False,TDD,vanilla,5,[1.4796807 1.384086  1.2284883 1.1785165],[0.46636358 0.46824145 0.26064166 0.26250297],[402.4579  363.23285 340.07993 328.97867],[206.1072  192.74335 145.69313 148.27357],[6.8808513 6.282587  5.524349  5.3544745],[1.2408053 1.5136698 1.40323   1.4774183],[8.244222 8.21752  8.208188 8.190938],[0.59182024 0.6487663  0.6651303  0.6921988 ]
LSGAINS,B,5e-08,36,True,False,TDD,vanilla,5,[1.4970623 1.3988063 1.1827332 1.1814203],[0.57972944 0.45135567 0.2329594  0.23767352],[395.09305 360.0911  334.74158 336.69168],[197.94566 161.5896  153.01912 145.20662],[6.653563  5.933413  5.410601  5.0849113],[1.3784256 1.5689358 1.4196798 1.3800688],[8.266978 8.223077 8.203336 8.203679],[0.6390856  0.63954604 0.61311203 0.6540083 ]
LSGAINS,B,5e-08,42,True,False,TDD,vanilla,5,[1.5979953 1.3977258 1.1387298 1.1094271],[0.42988715 0.41593486 0.22316663 0.21658552],[421.4365  373.73285 328.35477 333.7462 ],[224.23672 196.8843  137.6038  148.97278],[6.473329  5.947678  5.1949596 5.2002325],[1.4998053 1.49288   1.5909976 1.3823847],[8.1687   8.187472 8.230034 8.259732],[0.55716753 0.59658355 0.6257369  0.63968194]
LSGAINS,B,2e-07,3,True,False,TDD,vanilla,5,[0.34158465 0.5441216  0.7537957  0.86902374],[0.14423151 0.2771978  0.4127183  0.48395243],[ 87.43547 146.27153 208.41559 242.27663],[ 47.561043  91.34834  136.52878  160.90973 ],[7.8516083 7.770083  7.751576  7.6940236],[0.43168163 0.4721129  0.5384904  0.5972806 ],[8.140387 8.142667 8.144901 8.14683 ],[0.4020315  0.40776485 0.41400665 0.42071086]
LSGAINS,B,2e-07,6,True,False,TDD,vanilla,5,[0.462439   0.76111245 1.0405915  1.1657627 ],[0.12641495 0.22505069 0.30602115 0.33638838],[124.38994 212.79361 296.45615 332.66647],[ 49.60086   89.866425 123.14662  134.03761 ],[7.780202  7.482049  7.1691585 7.004661 ],[0.4420151 0.5649744 0.8187961 0.9630763],[8.200198 8.203735 8.207059 8.210534],[0.37354088 0.3805655  0.3896417  0.39972013]
LSGAINS,B,2e-07,9,True,False,TDD,vanilla,5,[0.5440579 0.8917373 1.1479981 1.228467 ],[0.13004883 0.2018121  0.22380139 0.2541937 ],[151.98907 257.23935 336.87262 361.17303],[ 54.396442  94.31536  121.86609  134.5044  ],[7.736047  7.26913   6.4368243 6.3518476],[0.46770996 0.59033406 1.1151934  1.1278793 ],[8.216351 8.215251 8.214624 8.214304],[0.40763524 0.41026485 0.41645423 0.42503932]
LSGAINS,B,2e-07,12,True,False,TDD,vanilla,5,[0.68377966 1.0549443  1.2082057  1.210165  ],[0.25796378 0.32529345 0.22425935 0.23631556],[179.1919  284.44714 327.5204  329.1579 ],[ 97.85929  139.88158  124.959694 124.57454 ],[7.538602  6.9621315 6.0684223 5.771325 ],[0.6365893 0.9323949 1.3478793 1.345582 ],[8.120098  8.1142645 8.112743  8.113856 ],[0.43833014 0.4555621  0.47286943 0.49387443]
LSGAINS,B,2e-07,15,True,False,TDD,vanilla,5,[0.9314321 1.2751341 1.1544031 1.1077423],[0.46033874 0.4635762  0.21311888 0.22997384],[258.96857 365.756   342.7254  334.54062],[149.21838 169.62833 130.55415 133.9543 ],[7.578049  7.049035  6.266239  5.7761426],[0.67819065 0.95185196 1.2380757  1.349977  ],[8.197627 8.204034 8.217083 8.230654],[0.48526046 0.50316983 0.5246719  0.5439685 ]
LSGAINS,B,2e-07,18,True,False,TDD,vanilla,5,[0.99475724 1.3126026  1.1662525  1.1265838 ],[0.4794776  0.4540535  0.19112791 0.19585897],[280.94022 382.42664 345.12317 335.34387],[180.77655 201.25876 139.42097 133.30853],[7.4372206 6.8100395 6.140895  5.643847 ],[0.7489813 1.154834  1.2415384 1.3137271],[8.1638975 8.175692  8.188434  8.202102 ],[0.48944053 0.50745434 0.51854205 0.5220388 ]
LSGAINS,B,2e-07,21,True,False,TDD,vanilla,5,[1.1481675 1.3394438 1.1440252 1.1595014],[0.49038392 0.3420537  0.21943434 0.21214204],[322.29242 380.09296 318.6146  322.25333],[167.04414 150.38495 111.49906 103.05437],[7.288563  6.5568976 5.760228  5.3450775],[0.7180446 1.0394392 1.1330172 1.1102122],[8.188612 8.176667 8.144227 8.140654],[0.44568112 0.44044286 0.4572289  0.47989473]
LSGAINS,B,2e-07,24,True,False,TDD,vanilla,5,[1.1969967 1.3535705 1.1455039 1.1393209],[0.4836375  0.3572401  0.1952495  0.19071114],[329.7239  373.34753 322.6605  335.4358 ],[187.22919  171.32578  125.718636 133.48149 ],[7.1281834 6.405677  5.597669  5.405505 ],[0.9164874 1.2412215 1.3110607 1.197044 ],[8.138821 8.121225 8.131564 8.179233],[0.5049219  0.5401905  0.55457497 0.5767097 ]
LSGAINS,B,2e-07,27,True,False,TDD,vanilla,5,[1.2893224 1.3466586 1.1546763 1.1142077],[0.4649252  0.40010417 0.1948666  0.18240839],[382.22598 388.71875 337.8126  322.40695],[223.88535 182.58842 131.52835 128.67894],[7.006277  6.3590307 5.522895  5.3139577],[1.0492463 1.4033384 1.1969035 1.1916238],[8.195908 8.177614 8.161719 8.149493],[0.58492225 0.5956014  0.5773279  0.5629562 ]
LSGAINS,B,2e-07,33,True,False,TDD,vanilla,5,[1.4357976 1.2497926 1.1357535 1.106168 ],[0.41130915 0.36683527 0.15212788 0.15792985],[396.66238 347.7282  321.62286 314.3293 ],[197.45296  171.68246  113.89296  124.454575],[6.594059  6.1107183 5.3912373 5.1672597],[1.0439277 1.2333152 1.1754305 1.2713721],[8.113809 8.133947 8.133893 8.112729],[0.5259433  0.55339056 0.55033195 0.5765365 ]
LSGAINS,B,2e-07,36,True,False,TDD,vanilla,5,[1.3815013 1.2715524 1.1198214 1.1178238],[0.45621753 0.35286602 0.19539756 0.19496714],[397.9781  353.99762 312.2857  304.41687],[197.19087 167.26094 130.63953 126.74972],[6.721203 6.272718 5.295357 5.135681],[1.2557368 1.3512454 1.3433199 1.2547878],[8.202237 8.165164 8.124358 8.063301],[0.48082286 0.5317794  0.5752137  0.61029977]
LSGAINS,B,2e-07,42,True,False,TDD,vanilla,5,[1.4508075 1.3319976 1.1073024 1.1133171],[0.44754192 0.35505888 0.18402012 0.22412342],[394.30444 365.46063 305.16696 299.8829 ],[189.85664 154.23776 119.21969 110.65122],[6.526102  5.8939934 5.297036  4.8976345],[1.2963073 1.311571  1.0303481 0.9580596],[8.116588  8.1407385 8.108494  8.074529 ],[0.5461969 0.5206076 0.5220433 0.5106325]
LSGAINS,B,4e-07,3,True,False,TDD,vanilla,5,[0.3386892 0.5545745 0.7817383 0.9069754],[0.13835937 0.2698786  0.40545818 0.47872528],[ 97.724495 164.8554   235.922    274.46716 ],[ 47.274136  90.62524  135.45018  159.71953 ],[7.9178176 7.8549957 7.8676023 7.82978  ],[0.3545942  0.3842331  0.42196864 0.45523432],[8.20847  8.210395 8.212237 8.213969],[0.3344236  0.33968472 0.345037   0.3505006 ]
LSGAINS,B,4e-07,6,True,False,TDD,vanilla,5,[0.46527496 0.7836017  1.0769917  1.206826  ],[0.11233564 0.20615694 0.27151093 0.29303938],[132.11134 228.19615 317.3878  356.22156],[ 45.321827  82.37878  112.14425  123.62883 ],[7.770549 7.48167  7.18129  7.052676],[0.36246878 0.46491522 0.695676   0.7998571 ],[8.184885 8.185724 8.186444 8.187491],[0.3219428  0.32802498 0.33519444 0.34295762]
LSGAINS,B,4e-07,9,True,False,TDD,vanilla,5,[0.5611281 0.923491  1.1739969 1.2308768],[0.12536158 0.19401532 0.21026643 0.23595193],[159.4915  267.0992  342.48007 358.78833],[ 50.707817  86.63858  105.79832  113.37024 ],[7.6982794 7.2334137 6.4553905 6.448499 ],[0.3872259  0.53026754 1.0414288  0.98833376],[8.193824  8.191843  8.1865635 8.178488 ],[0.33316842 0.33920407 0.35002944 0.36504003]
LSGAINS,B,4e-07,12,True,False,TDD,vanilla,5,[0.6805118 1.059951  1.2003878 1.1973232],[0.29065838 0.3641936  0.21161313 0.21312337],[191.75493 305.96497 351.43875 353.32483],[ 90.40058 123.27693 101.97286 107.02831],[7.621479  7.1512737 6.391115  5.9590797],[0.43500265 0.65506196 1.0358341  1.1474293 ],[8.155842 8.160818 8.163987 8.167347],[0.32843766 0.33568707 0.35014966 0.36756453]
LSGAINS,B,4e-07,15,True,False,TDD,vanilla,5,[0.91464376 1.2848042  1.190919   1.1346477 ],[0.4369344  0.43832707 0.187973   0.20957933],[258.5093  368.91074 347.39548 332.86923],[146.3603  164.50586 118.0032  126.42989],[7.4968824 6.9264307 6.2284365 5.7576118],[0.5821883 0.9352633 1.1515417 1.2418777],[8.153601 8.155079 8.152278 8.149134],[0.4101913  0.43171167 0.44939846 0.460384  ]
LSGAINS,B,4e-07,18,True,False,TDD,vanilla,5,[0.99731064 1.292992   1.1392139  1.1234546 ],[0.47295058 0.39758232 0.18452986 0.17514591],[274.52313 365.90567 333.2334  331.85785],[146.48901  143.1338   117.90454  121.167595],[7.346491  6.677677  5.9516015 5.4589143],[0.6524839  0.91488636 1.0334566  1.1414269 ],[8.1320305 8.13783   8.141356  8.146609 ],[0.42991513 0.4332563  0.4316455  0.42852738]
LSGAINS,B,4e-07,21,True,False,TDD,vanilla,5,[1.1016368 1.2885833 1.0867783 1.1001315],[0.52670276 0.38540903 0.19008715 0.14980985],[321.00003 376.76675 317.25647 318.96426],[187.95674  164.69688  109.911026 111.85337 ],[7.3658977 6.6545367 5.832208  5.349594 ],[0.55664563 0.87287813 0.920368   0.90120804],[8.166336 8.156872 8.151517 8.130608],[0.39600894 0.41945392 0.43816084 0.45606455]
LSGAINS,B,4e-07,24,True,False,TDD,vanilla,5,[1.2092272 1.270637  1.1198517 1.1376865],[0.51984847 0.30238268 0.16148362 0.14833672],[352.06714 377.30304 342.75363 350.3997 ],[175.37831  130.39969  113.3552   105.509796],[7.1788507 6.4908247 5.720006  5.554431 ],[0.71886915 1.0326114  1.0511924  1.0698469 ],[8.199759 8.205041 8.207555 8.21912 ],[0.404768   0.4265331  0.43737403 0.43781117]
LSGAINS,B,4e-07,27,True,False,TDD,vanilla,5,[1.3084291 1.1999307 1.1014742 1.0739048],[0.4556137  0.34168053 0.13034135 0.11859451],[373.01437 333.21332 311.89703 305.89462],[163.21146  119.431145  91.93176   81.92994 ],[6.817267  6.2729726 5.267757  5.281091 ],[0.83385056 1.0884347  0.86861664 0.9405277 ],[8.149215 8.11694  8.104062 8.116798],[0.3806188  0.3709262  0.37762547 0.39070326]
LSGAINS,B,4e-07,33,True,False,TDD,vanilla,5,[1.3230684 1.1467007 1.1052625 1.0614876],[0.41671383 0.3236012  0.1297598  0.1296978 ],[406.69043 362.71384 347.0836  331.70563],[187.80916 157.72325 107.32163 111.40486],[6.7032247 6.239009  5.464416  5.3404675],[1.0735841 1.0674094 1.0750319 0.9922308],[8.246285 8.265709 8.252912 8.226303],[0.46850497 0.45464966 0.43810764 0.45476887]
LSGAINS,B,4e-07,36,True,False,TDD,vanilla,5,[1.3960897 1.2234622 1.103489  1.086538 ],[0.43415016 0.29662395 0.125333   0.09861557],[378.35733 337.4622  317.80847 324.93073],[169.87354 132.15146  93.75778 101.41161],[6.369594  5.731748  5.1926026 4.997023 ],[1.0831331 1.2007443 1.0721701 0.9303873],[8.057566 8.079075 8.129921 8.168677],[0.40291405 0.39826265 0.40041897 0.40959847]
LSGAINS,B,4e-07,42,True,False,TDD,vanilla,5,[1.5737273 1.354021  1.0955063 1.067381 ],[0.32058397 0.37282848 0.16170657 0.13476016],[445.90277 378.95792 317.70337 313.19702],[157.0949   153.12395  115.207886  96.19147 ],[6.432222  5.9439344 5.3195176 5.148508 ],[1.165602  1.2511382 1.1399556 0.898958 ],[8.131211  8.1205845 8.131761  8.168282 ],[0.45830318 0.46788168 0.48357803 0.44281054]
LSGAINS,E,5e-08,3,True,False,TDD,vanilla,5,[0.3134997  0.5279553  0.75479525 0.87302345],[0.14922306 0.28390032 0.42061278 0.49204308],[ 93.13681 157.19995 224.85716 259.99115],[ 46.5188   88.04752 130.17194 152.24332],[8.053571 8.05109  8.150894 8.16417 ],[0.12904064 0.15357044 0.11987732 0.11449141],[8.275205 8.273342 8.271564 8.269935],[0.10735612 0.10797671 0.10877378 0.10978284]
LSGAINS,E,5e-08,6,True,False,TDD,vanilla,5,[0.41787267 0.7129331  0.9839932  1.0938841 ],[0.1723049  0.315304   0.43181807 0.4736231 ],[123.938065 212.01299  292.98895  325.93088 ],[ 52.573288  95.54836  130.0035   142.01488 ],[7.970525  7.8411217 7.887902  7.961796 ],[0.1656741  0.30590215 0.4036875  0.31439635],[8.276046 8.276881 8.277935 8.278976],[0.11304259 0.11515557 0.11746033 0.11958142]
LSGAINS,E,5e-08,9,True,False,TDD,vanilla,5,[0.52008176 0.8703837  1.1121374  1.161339  ],[0.17445867 0.28939825 0.34184277 0.36452258],[155.56168 261.29126 334.376   349.1479 ],[ 53.347748  88.75008  104.73849  111.13899 ],[7.942189  7.695454  7.531891  7.7804394],[0.19437769 0.35314843 0.75001556 0.39052668],[8.294175 8.29685  8.298473 8.298301],[0.12703064 0.12796013 0.1290341  0.13212258]
LSGAINS,E,5e-08,12,True,False,TDD,vanilla,5,[0.66980517 1.0577412  1.1808994  1.1581353 ],[0.36226898 0.48022708 0.34950513 0.36620662],[194.56122 306.88422 341.49255 333.21762],[103.836716 138.81058  102.49535  105.0005  ],[7.8980103 7.671056  7.4472175 7.4220757],[0.17260975 0.34001297 0.7587265  0.7244664 ],[8.245988  8.241977  8.236683  8.2317295],[0.10888108 0.11287002 0.11957742 0.12670901]
LSGAINS,E,5e-08,15,True,False,TDD,vanilla,5,[0.82873815 1.2230512  1.2415212  1.225098  ],[0.5018151  0.53570217 0.23337804 0.27297452],[243.30875 359.33255 365.4223  361.08417],[145.91267 154.03815  72.89382  85.84183],[7.8965416 7.7212505 7.6116047 7.412687 ],[0.16612515 0.2726459  0.5497651  0.7346511 ],[8.262611  8.2612095 8.260151  8.261041 ],[0.13493809 0.13911162 0.14343643 0.14577541]
LSGAINS,E,5e-08,18,True,False,TDD,vanilla,5,[0.94138914 1.2301607  1.1070896  1.1201711 ],[0.5962521  0.55525583 0.3465774  0.3458812 ],[278.11484 365.9916  330.756   334.52856],[173.5889  165.66139 107.5054  108.24431],[7.8976097 7.7196174 7.512408  7.4118996],[0.20212232 0.33244488 0.76446074 0.632457  ],[8.281872 8.281912 8.279536 8.27891 ],[0.13541299 0.14105983 0.14464794 0.14809406]
LSGAINS,E,5e-08,21,True,False,TDD,vanilla,5,[0.9992141 1.209145  1.077746  1.1159415],[0.63058406 0.5181487  0.31196612 0.32201847],[299.06064 362.70734 325.5679  337.41077],[185.1344   147.19981  102.5112   109.244484],[7.9024835 7.730251  7.529352  7.4825025],[0.20348531 0.2628745  0.79335856 0.54378164],[8.307358 8.301056 8.291944 8.288347],[0.14678083 0.14288229 0.1493194  0.15211837]
LSGAINS,E,5e-08,24,True,False,TDD,vanilla,5,[1.148416  1.2363471 1.0461447 1.0615602],[0.6532772  0.5642182  0.32744092 0.30085167],[343.27548 367.2655  309.56937 313.83563],[198.858    168.28682   99.237206  92.69998 ],[7.8289995 7.7262597 7.35037   7.276272 ],[0.32006145 0.31276897 0.94335014 0.67974705],[8.2875   8.278505 8.268627 8.264957],[0.13044433 0.1344253  0.15097398 0.16351572]
LSGAINS,E,5e-08,27,True,False,TDD,vanilla,5,[1.2070183 1.1334796 1.1015439 1.1015996],[0.5836531  0.4256396  0.22878714 0.25512227],[357.0707  339.34097 330.94177 331.5248 ],[170.6748  133.2025   72.06216  80.00827],[7.5803924 7.6768217 7.104128  7.3036113],[0.64502937 0.28718296 1.0080947  0.50064814],[8.279845  8.286421  8.2941885 8.295663 ],[0.12928064 0.14179233 0.13784619 0.14801458]
LSGAINS,E,5e-08,33,True,False,TDD,vanilla,5,[1.2560833 1.1429502 1.0740513 1.0274789],[0.61545146 0.5748859  0.31223905 0.27604863],[377.40845 340.71936 320.9099  308.34058],[189.78557 168.52992  96.2069   89.84278],[7.6376367 7.73818   7.246853  7.2999854],[0.5471809  0.30267948 0.8820853  0.59134024],[8.287059 8.28844  8.283365 8.28227 ],[0.14250225 0.14087309 0.1485409  0.15866236]
LSGAINS,E,5e-08,36,True,False,TDD,vanilla,5,[1.3531809 1.1334953 1.0975633 1.0645466],[0.55868196 0.50992167 0.2802023  0.25052035],[402.68085 335.63416 329.672   323.52826],[171.93974 146.91727  91.69429  87.83852],[7.4979515 7.694064  7.0030274 7.2339907],[0.66817904 0.30396765 1.0786983  0.58260465],[8.281623 8.287588 8.29217  8.30194 ],[0.16172272 0.17149195 0.17695847 0.17350179]
LSGAINS,E,5e-08,42,True,False,TDD,vanilla,5,[1.3286415 1.196272  1.0702573 1.0274956],[0.58792025 0.6047695  0.3157247  0.28790826],[396.05078 356.293   319.2276  305.97366],[175.5084  185.31126 100.86897  89.20411],[7.500174  7.735382  7.0304303 7.2835603],[0.7173511  0.27679327 1.2171081  0.47962895],[8.2850485 8.277092  8.275991  8.2751875],[0.15040708 0.15980272 0.16346732 0.16856034]
LSGAINS,E,2e-07,3,True,False,TDD,vanilla,5,[0.28870755 0.48251733 0.6876346  0.7961973 ],[0.15806474 0.301266   0.448349   0.52265507],[ 86.45146 144.57716 206.10101 238.6568 ],[ 47.399128  90.341095 134.42754  156.71465 ],[8.065494 8.064165 8.160793 8.174553],[0.10453573 0.14282112 0.08978543 0.07543067],[8.280581 8.280627 8.280685 8.280739],[0.0395242  0.04055545 0.04168786 0.04291362]
LSGAINS,E,2e-07,6,True,False,TDD,vanilla,5,[0.4186574 0.7204413 1.0021292 1.1165596],[0.1667062  0.30727747 0.42344517 0.4642188 ],[126.02678 216.98773 301.92215 336.43973],[ 50.31117  92.81497 128.08643 140.57986],[7.9829473 7.847444  7.9227343 7.985815 ],[0.12949683 0.28595608 0.3503193  0.27510238],[8.293882 8.294106 8.294251 8.294382],[0.04388142 0.04748659 0.05115881 0.05493952]
LSGAINS,E,2e-07,9,True,False,TDD,vanilla,5,[0.50612456 0.830917   1.0222431  1.0466204 ],[0.20396532 0.33211407 0.38046703 0.39924726],[152.74527 251.25371 309.74213 317.67984],[ 61.691593 100.90084  117.15996  124.56888 ],[7.961426  7.7237678 7.3556185 7.777727 ],[0.1343204  0.32665765 1.0651045  0.38615602],[8.294298 8.295323 8.296029 8.296503],[0.05927263 0.06526424 0.07138937 0.07772422]
LSGAINS,E,2e-07,12,True,False,TDD,vanilla,5,[0.5915228  0.94877386 1.0998049  1.0953109 ],[0.29442787 0.41301486 0.34896132 0.36221015],[178.07657 285.86667 331.65344 330.47083],[ 89.00207 124.92649 105.73982 110.01121],[7.9674873 7.7625    7.475756  7.5835176],[0.14597915 0.33490285 0.91640276 0.6980305 ],[8.292669 8.293591 8.29417  8.294293],[0.06883647 0.07497934 0.08134437 0.08748709]
LSGAINS,E,2e-07,15,True,False,TDD,vanilla,5,[0.8521851 1.2072839 1.1308548 1.0896244],[0.51257145 0.5361003  0.3095837  0.343721  ],[255.57828 362.05774 338.6934  326.08563],[154.71431 162.78401  93.80918 102.46794],[7.913607  7.7140956 7.4550295 7.429069 ],[0.12661953 0.29176    0.75620896 0.6079293 ],[8.278367 8.277282 8.276983 8.276869],[0.06547173 0.07076035 0.07667465 0.08393777]
LSGAINS,E,2e-07,18,True,False,TDD,vanilla,5,[0.9083944 1.1942489 1.0857227 1.1196808],[0.5932887  0.5420658  0.34367865 0.36781782],[270.17517 355.46057 323.9454  334.1615 ],[176.21059  161.4679   104.852516 111.286316],[7.87049   7.7147517 7.619939  7.4640937],[0.1645781  0.28491506 0.59833044 0.57283944],[8.273221 8.273726 8.274927 8.276924],[0.07880081 0.08553309 0.09271665 0.09996614]
LSGAINS,E,2e-07,21,True,False,TDD,vanilla,5,[0.96943283 1.2140794  1.1159658  1.1195346 ],[0.5834931  0.5121989  0.30790225 0.28625253],[291.86932 365.78043 335.73288 337.39178],[178.79887 159.8658   95.44596  90.48666],[7.8974543 7.711895  7.435283  7.3261776],[0.18582922 0.3428249  0.874918   0.6791252 ],[8.2915325 8.292838  8.293352  8.293094 ],[0.09075397 0.09886748 0.10661584 0.11423081]
LSGAINS,E,2e-07,24,True,False,TDD,vanilla,5,[1.1223413 1.2615999 1.1162076 1.102973 ],[0.5931943  0.4509201  0.28893554 0.28096518],[336.9873  377.1353  332.36765 327.65533],[180.6102   139.50006   90.24951   86.853615],[7.856847  7.6760716 7.2021403 7.211726 ],[0.18068539 0.29954726 1.0273957  0.62115735],[8.283634 8.277485 8.2726   8.268844],[0.0970543  0.10391299 0.1116889  0.11914234]
LSGAINS,E,2e-07,27,True,False,TDD,vanilla,5,[1.1289276  1.1526527  0.99423116 1.031718  ],[0.63919246 0.5106601  0.32962814 0.302318  ],[339.4975  348.6159  302.2309  314.35657],[192.28456 154.8215  104.06793  98.15584],[7.75107   7.7171354 7.364495  7.3290143],[0.43098396 0.26981166 0.8208596  0.5602567 ],[8.285105 8.289517 8.293083 8.295244],[0.09349079 0.10003035 0.1076677  0.11564252]
LSGAINS,E,2e-07,33,True,False,TDD,vanilla,5,[1.2740786 1.0936404 1.0821242 1.0748014],[0.5694251  0.46807748 0.27220476 0.27707234],[386.3568  332.37527 328.57385 327.63824],[178.06409  147.59818   82.87346   82.743416],[7.497744  7.7102413 7.0591555 7.275524 ],[0.69802594 0.2714109  1.0472255  0.52395844],[8.293463 8.300457 8.306935 8.31096 ],[0.1121941  0.1177948  0.12364822 0.1286118 ]
LSGAINS,E,2e-07,36,True,False,TDD,vanilla,5,[1.2153836 1.1921747 1.0931872 1.095976 ],[0.60990673 0.51314604 0.28566992 0.27890998],[356.37112 348.32434 320.84113 324.57782],[178.22241  143.44666   84.459076  90.882614],[7.6187024 7.640654  7.195044  7.235013 ],[0.6026686 0.2681591 0.9876795 0.5952166],[8.260142  8.257455  8.2576065 8.260585 ],[0.10467414 0.11562987 0.12960932 0.14268412]
LSGAINS,E,2e-07,42,True,False,TDD,vanilla,5,[1.2965612 1.2656189 1.0332282 1.0337131],[0.58685946 0.5165846  0.28355768 0.2571581 ],[388.19626 377.1304  307.62802 308.4818 ],[175.54341 151.01456  84.12526  80.89273],[7.657165  7.664659  7.1788096 7.2362385],[0.52203214 0.2993972  1.0000921  0.5031915 ],[8.285831 8.281849 8.27859  8.276519],[0.10005278 0.10973753 0.12256967 0.13150124]
LSGAINS,E,4e-07,3,True,False,TDD,vanilla,5,[0.30071402 0.50485504 0.7207172  0.8350332 ],[0.16089645 0.3062203  0.45548648 0.5317743 ],[ 90.01101 151.16199 215.81355 250.01485],[ 48.110416  91.559074 136.16655  158.91475 ],[8.0703745 8.070149  8.169365  8.183222 ],[0.10309155 0.13827033 0.08475481 0.07029517],[8.288958 8.288684 8.288403 8.288102],[0.02915174 0.03073189 0.03247377 0.03435929]
LSGAINS,E,4e-07,6,True,False,TDD,vanilla,5,[0.42912742 0.7371823  1.0209205  1.1325245 ],[0.16108036 0.29410973 0.3993222  0.43400842],[128.40402 220.63277 305.54294 338.91327],[ 48.588936  88.753975 120.683395 131.40784 ],[7.9687943 7.824263  7.878394  7.9484205],[0.12508976 0.28825763 0.3816946  0.29787672],[8.284499 8.284238 8.283938 8.283622],[0.03912413 0.0432141  0.04740655 0.05164111]
LSGAINS,E,4e-07,9,True,False,TDD,vanilla,5,[0.522808   0.87206846 1.1066537  1.1549523 ],[0.17492944 0.28494444 0.33703336 0.3717769 ],[156.56802 261.2896  331.75113 346.3393 ],[ 52.65582  86.11114 102.80464 113.83285],[7.9253387 7.683227  7.402797  7.7644787],[0.11645199 0.29204136 1.0145167  0.35723153],[8.280015 8.279101 8.278396 8.278026],[0.05211917 0.05833429 0.06446901 0.0706116 ]
LSGAINS,E,4e-07,12,True,False,TDD,vanilla,5,[0.71656054 1.1092353  1.1878531  1.1580422 ],[0.44867474 0.5685425  0.35898116 0.36481234],[214.78036 332.84866 357.1641  348.76227],[134.74579 170.85823 109.67609 112.44787],[7.947204  7.7439446 7.528519  7.487625 ],[0.13462868 0.3029901  0.80074483 0.6834109 ],[8.285689 8.28714  8.288548 8.289801],[0.06437866 0.07084928 0.07688569 0.08259344]
LSGAINS,E,4e-07,15,True,False,TDD,vanilla,5,[0.76639575 1.1202886  1.1399965  1.1374136 ],[0.50255543 0.53940064 0.3268943  0.33982947],[230.3743  337.25665 343.8242  343.9177 ],[152.54333  164.57088  101.204185 105.94686 ],[7.93478  7.751075 7.593975 7.489158],[0.15002413 0.31931356 0.67468286 0.66881126],[8.288774 8.291263 8.293829 8.296032],[0.07523514 0.08273138 0.09050899 0.09828036]
LSGAINS,E,4e-07,18,True,False,TDD,vanilla,5,[0.95016813 1.226032   1.0793495  1.0930114 ],[0.5741679  0.50946057 0.34800518 0.34810618],[283.0815  364.51685 320.111   323.6503 ],[171.36563 150.24577 102.69932 102.0489 ],[7.882814  7.7123885 7.5079975 7.35876  ],[0.14044847 0.24692819 0.71850854 0.59942484],[8.27856  8.276338 8.274124 8.272226],[0.06968126 0.07664183 0.08386724 0.09061535]
LSGAINS,E,4e-07,21,True,False,TDD,vanilla,5,[0.9860608 1.2032139 1.0532349 1.0704699],[0.613794   0.518432   0.32323757 0.30375054],[291.62228 356.56528 314.1201  319.47583],[179.00558 149.72336  97.93467  95.0007 ],[7.8730454 7.6930785 7.441317  7.3656073],[0.18061148 0.2914682  0.7730458  0.61883163],[8.276323 8.276242 8.275361 8.274577],[0.09324113 0.10310401 0.11220799 0.12068646]
LSGAINS,E,4e-07,24,True,False,TDD,vanilla,5,[1.0792826 1.1747234 1.0674245 1.0900245],[0.6413858  0.50281316 0.3012278  0.29002437],[323.5164  354.57425 324.26883 333.08304],[191.34718  150.6866    93.045364  92.19009 ],[7.848668 7.721665 7.357295 7.399468],[0.22456528 0.29802185 0.94605803 0.5816826 ],[8.286703 8.293116 8.298703 8.30418 ],[0.09379449 0.09931406 0.10363212 0.10734849]
LSGAINS,E,4e-07,27,True,False,TDD,vanilla,5,[1.1850972 1.130356  1.0698676 1.0618397],[0.6006691  0.4951989  0.29076207 0.2820343 ],[352.18954 336.496   321.07874 320.11926],[179.71349 148.08842  91.31005  90.22117],[7.618597  7.6896987 7.149807  7.2877336],[0.58834356 0.2936153  1.0318178  0.5884011 ],[8.276787 8.280539 8.284522 8.288042],[0.08973086 0.09296609 0.09940286 0.10667291]
LSGAINS,E,4e-07,33,True,False,TDD,vanilla,5,[1.2481173 1.1717594 1.1231443 1.0849282],[0.56031364 0.49003795 0.22837345 0.23146184],[372.50125 349.9016  333.98648 323.058  ],[169.84267  150.9516    68.248375  70.14195 ],[7.581079  7.6575413 7.0486846 7.20177  ],[0.60658646 0.32898843 0.9661966  0.55662274],[8.277195 8.275805 8.276591 8.27708 ],[0.10656009 0.10650315 0.10475279 0.10291509]
LSGAINS,E,4e-07,36,True,False,TDD,vanilla,5,[1.2564884 1.1774372 1.1086069 1.107561 ],[0.5993939  0.49722645 0.26374388 0.24945629],[378.7476  353.17075 332.606   332.38   ],[186.09628 150.15718  86.13849  84.92079],[7.667218  7.6804895 7.1826625 7.225642 ],[0.5499746 0.2875323 0.9855468 0.5694966],[8.287193 8.285667 8.282404 8.278148],[0.11921629 0.12636288 0.12809068 0.12669323]
LSGAINS,E,4e-07,42,True,False,TDD,vanilla,5,[1.3416013 1.2208173 1.0359346 1.0353428],[0.5928749  0.51215637 0.30197766 0.2654339 ],[400.18707 365.05905 309.36282 308.719  ],[175.65329  154.66995   93.287735  84.06139 ],[7.65392   7.6995173 7.174866  7.2608643],[0.54707986 0.26221952 0.9803917  0.51260567],[8.284267 8.282584 8.279294 8.275064],[0.1008014  0.10741474 0.11493791 0.12366353]
LSGAINS,B,5e-08,3,True,False,TDD,vanilla,10,[0.3159104 0.5650747 0.8359629 0.9816853],[0.12970461 0.2522703  0.3820557  0.45648354],[ 84.70163 158.54486 237.64514 277.66348],[ 41.66777   81.73753  123.309746 145.99373 ],[8.190415 8.115719 8.039946 7.984031],[0.30163372 0.3361703  0.39319897 0.43564892],[8.310017 8.311025 8.311322 8.311014],[0.28663874 0.29886186 0.31123886 0.32331756]
LSGAINS,B,5e-08,6,True,False,TDD,vanilla,10,[0.43559977 0.7673836  1.0739245  1.211041  ],[0.1367258  0.24421443 0.33018363 0.37018684],[110.48714 204.36174 292.30356 327.85034],[ 46.93651  87.23691 119.81188 132.31522],[7.991285  7.7322526 7.3335752 7.172507 ],[0.46376726 0.63388    0.96763134 1.0396913 ],[8.200852 8.201836 8.201868 8.201473],[0.3916575  0.39977843 0.40850884 0.41598985]
LSGAINS,B,5e-08,9,True,False,TDD,vanilla,10,[0.53850037 0.9246445  1.1890262  1.2554269 ],[0.13523546 0.20719141 0.23860736 0.2844063 ],[148.26773 263.9242  345.09567 362.56125],[ 51.744972  87.88468  110.19805  123.48416 ],[8.012231  7.649791  6.7772913 6.8066406],[0.53414315 0.78237957 1.2958246  1.3161775 ],[8.251503 8.261046 8.269067 8.268887],[0.43901262 0.44828582 0.46303815 0.4847499 ]
LSGAINS,B,5e-08,12,True,False,TDD,vanilla,10,[0.7086132 1.1110846 1.2399124 1.2529567],[0.38063806 0.46039984 0.27650106 0.32057956],[176.81104 291.77634 334.9985  336.16348],[105.666145 146.04227  129.64145  135.72122 ],[7.845572 7.384923 6.612529 6.180485],[0.56268674 1.0185916  1.266407   1.4090254 ],[8.1689005 8.177474  8.178661  8.1839   ],[0.42534223 0.456648   0.4968093  0.52424604]
LSGAINS,B,5e-08,15,True,False,TDD,vanilla,10,[0.9499942 1.3242933 1.190624  1.1074315],[0.47286373 0.49953932 0.2715154  0.29005468],[271.5158  390.81696 351.85535 326.39062],[162.5469  194.21059 133.50806 127.89909],[7.953683  7.5204487 6.680845  6.134232 ],[0.6651045 0.9498148 1.3590103 1.4550303],[8.301512 8.301376 8.295099 8.286509],[0.5188588  0.5244441  0.5284308  0.55424315]
LSGAINS,B,5e-08,18,True,False,TDD,vanilla,10,[0.9942821 1.3353889 1.1862301 1.1711473],[0.43261328 0.41718662 0.269587   0.33942848],[251.5506  351.1449  327.94034 334.6084 ],[148.36691 165.08229 135.38847 155.87643],[7.5586677 6.740817  6.0074806 5.75128  ],[0.77699566 1.4049766  1.5814826  1.5109633 ],[8.143847 8.165355 8.19014  8.226463],[0.5570067  0.5532856  0.5880717  0.64253396]
LSGAINS,B,5e-08,21,True,False,TDD,vanilla,10,[1.1443665 1.3622301 1.1838013 1.1870631],[0.51643884 0.3742186  0.2504045  0.2880845 ],[284.38947 349.99188 314.28882 326.86942],[157.85088 149.42834 132.92406 135.25618],[7.461317  6.7116942 5.973685  5.626757 ],[0.8779358 1.2960069 1.3120519 1.4262841],[8.123272 8.136701 8.135805 8.15118 ],[0.5637358  0.5555875  0.58310056 0.62311333]
LSGAINS,B,5e-08,24,True,False,TDD,vanilla,10,[1.1504834 1.2985241 1.1805569 1.126466 ],[0.5011527  0.3755     0.180255   0.19552882],[325.67487 376.2384  346.70972 339.0753 ],[190.39645 170.49146 128.8751  139.31975],[7.5050907 6.8959093 6.1180663 5.848318 ],[0.9960635 1.3453664 1.3118554 1.3049623],[8.270131 8.258452 8.255482 8.262504],[0.5118271  0.51376563 0.5234589  0.57083213]
LSGAINS,B,5e-08,27,True,False,TDD,vanilla,10,[1.294066  1.3005931 1.1731443 1.1336379],[0.53513294 0.4763995  0.27415502 0.23614141],[333.3079  334.67273 322.2904  315.0803 ],[188.71713 165.48505 148.9821  144.14665],[7.3166933 6.6861744 5.824155  5.640473 ],[0.91605633 1.3346517  1.5688396  1.4938982 ],[8.164666 8.149782 8.144778 8.15001 ],[0.5907433 0.6523984 0.6741813 0.6614096]
LSGAINS,B,5e-08,33,True,False,TDD,vanilla,10,[1.3706613 1.3048656 1.1992226 1.1531006],[0.44768006 0.44373655 0.25450283 0.2557461 ],[388.33173 353.78198 336.4819  325.90945],[206.7635  193.32646 145.72948 148.50233],[7.1955485 6.540465  5.8667827 5.664551 ],[1.2221757 1.5089988 1.4326017 1.5189546],[8.244222 8.21752  8.208188 8.190938],[0.59182024 0.6487663  0.6651303  0.6921988 ]
LSGAINS,B,5e-08,36,True,False,TDD,vanilla,10,[1.3813084 1.3190471 1.1524787 1.1558417],[0.5337393  0.41418943 0.22810933 0.23103485],[380.47882 350.40527 331.04874 333.63104],[198.44911 161.95265 153.29181 145.35605],[6.950731  6.1927404 5.707825  5.3748755],[1.3214643 1.5703268 1.4339834 1.4197997],[8.266978 8.223077 8.203336 8.203679],[0.6390856  0.63954604 0.61311203 0.6540083 ]
LSGAINS,B,5e-08,42,True,False,TDD,vanilla,10,[1.4801621 1.3255383 1.110279  1.0856665],[0.4146131  0.40450853 0.2196262  0.21362446],[406.81827 364.39954 324.64157 330.6318 ],[224.10114 197.20702 137.80174 149.1417 ],[6.7977867 6.217279  5.505655  5.5635815],[1.4773805 1.50759   1.63005   1.4246019],[8.1687   8.187472 8.230034 8.259732],[0.55716753 0.59658355 0.6257369  0.63968194]
LSGAINS,B,2e-07,3,True,False,TDD,vanilla,10,[0.274391  0.4996488 0.7364719 0.8547157],[0.14201723 0.27670884 0.41268265 0.48409957],[ 73.675545 137.166    204.8976   239.34935 ],[ 46.47498  90.79968 136.38898 160.84462],[8.006931  7.9188056 7.824449  7.755179 ],[0.4202007  0.4585059  0.53665257 0.5960139 ],[8.140387 8.142667 8.144901 8.14683 ],[0.4020315  0.40776485 0.41400665 0.42071086]
LSGAINS,B,2e-07,6,True,False,TDD,vanilla,10,[0.39297038 0.7150276  1.0223427  1.1503036 ],[0.12214836 0.224147   0.30563223 0.3356252 ],[109.78232 203.1573  292.66293 329.47214],[ 48.118523  89.06373  122.84677  133.7373  ],[7.9791102 7.7138643 7.3194566 7.1270475],[0.42503625 0.54887986 0.82609844 0.97572595],[8.200198 8.203735 8.207059 8.210534],[0.37354088 0.3805655  0.3896417  0.39972013]
LSGAINS,B,2e-07,9,True,False,TDD,vanilla,10,[0.4751579 0.8452327 1.1298143 1.2131053],[0.12375002 0.19844586 0.2217259  0.25179416],[137.32442 247.48997 333.1436  358.0629 ],[ 52.819443  93.400185 121.52033  134.22588 ],[7.95535   7.562687  6.669604  6.5331697],[0.44660828 0.5749277  1.0901767  1.1449883 ],[8.216351 8.215251 8.214624 8.214304],[0.40763524 0.41026485 0.41645423 0.42503932]
LSGAINS,B,2e-07,12,True,False,TDD,vanilla,10,[0.6048829 1.0012271 1.1866477 1.1922927],[0.26046184 0.32784322 0.22416712 0.23585036],[164.289   274.43832 323.58795 325.9709 ],[ 97.91776 139.9795  125.02811 124.70797],[7.76976   7.2672663 6.327861  5.993975 ],[0.597294   0.91107684 1.3482176  1.3480043 ],[8.120098  8.1142645 8.112743  8.113856 ],[0.43833014 0.4555621  0.47286943 0.49387443]
LSGAINS,B,2e-07,15,True,False,TDD,vanilla,10,[0.85540736 1.2247069  1.1345766  1.0910282 ],[0.45625472 0.46098566 0.2106122  0.2282749 ],[244.2089  356.0609  338.927   331.31628],[148.80821 169.53668 130.4431  133.87306],[7.805823  7.326032  6.5425305 6.082184 ],[0.6337573 0.9273794 1.2135414 1.3412771],[8.197627 8.204034 8.217083 8.230654],[0.48526046 0.50316983 0.5246719  0.5439685 ]
LSGAINS,B,2e-07,18,True,False,TDD,vanilla,10,[0.9162473 1.2616445 1.1464782 1.1097623],[0.47604424 0.4524629  0.19075115 0.19539374],[265.96613 372.7944  341.39978 332.1539 ],[179.86247 201.03629 139.38582 133.39531],[7.6838255 7.101416  6.40897   5.934296 ],[0.6945457 1.1356139 1.2582123 1.3332376],[8.1638975 8.175692  8.188434  8.202102 ],[0.48944053 0.50745434 0.51854205 0.5220388 ]
LSGAINS,B,2e-07,21,True,False,TDD,vanilla,10,[1.0750362 1.2898445 1.1243361 1.1430613],[0.49188453 0.34217003 0.2172453  0.20947272],[307.71643 370.34875 314.91174 319.21146],[166.80739  149.88354  111.453224 103.09864 ],[7.539501  6.841303  6.023084  5.6491966],[0.6778536 1.0450935 1.1739441 1.1445374],[8.188612 8.176667 8.144227 8.140654],[0.44568112 0.44044286 0.4572289  0.47989473]
LSGAINS,B,2e-07,24,True,False,TDD,vanilla,10,[1.1221416 1.3022685 1.1261166 1.1231018],[0.48086244 0.35016978 0.19326408 0.18921053],[315.37192 363.93427 319.02374 332.3599 ],[186.29352  171.13744  125.771904 133.61255 ],[7.381628  6.680858  5.8684597 5.707136 ],[0.88650346 1.2488245  1.351603   1.2175577 ],[8.138821 8.121225 8.131564 8.179233],[0.5049219  0.5401905  0.55457497 0.5767097 ]
LSGAINS,B,2e-07,27,True,False,TDD,vanilla,10,[1.2072793 1.2911795 1.1334107 1.0960835],[0.45849115 0.3917224  0.19279568 0.18005948],[366.90253 378.6042  333.94    319.05255],[223.67323 182.7697  131.78159 128.75752],[7.302948  6.645254  5.8410172 5.6316023],[0.9907731 1.3910782 1.2192203 1.2392628],[8.195908 8.177614 8.161719 8.149493],[0.58492225 0.5956014  0.5773279  0.5629562 ]
LSGAINS,B,2e-07,33,True,False,TDD,vanilla,10,[1.3556653 1.1972393 1.1147152 1.088809 ],[0.40651193 0.36054647 0.1508207  0.15575193],[382.1253  338.05847 317.80444 311.2634 ],[197.26831  171.6365   113.948524 124.54738 ],[6.9388103 6.391207  5.731739  5.4871435],[0.9927393 1.2351913 1.1801077 1.2959379],[8.113809 8.133947 8.133893 8.112729],[0.5259433  0.55339056 0.55033195 0.5765365 ]
LSGAINS,B,2e-07,36,True,False,TDD,vanilla,10,[1.3055294 1.2169888 1.0978278 1.0987896],[0.45264086 0.3436284  0.18944204 0.1894749 ],[383.15833 343.92664 308.3965  301.19067],[197.24336  167.19348  130.70837  126.820335],[7.046232  6.5507827 5.614688  5.470149 ],[1.2124197 1.354846  1.349913  1.2754756],[8.202237 8.165164 8.124358 8.063301],[0.48082286 0.5317794  0.5752137  0.61029977]
LSGAINS,B,2e-07,42,True,False,TDD,vanilla,10,[1.3718182 1.2792891 1.0867313 1.0964378],[0.44158408 0.34971362 0.18095803 0.22056697],[379.86047 355.70242 301.43054 296.83057],[189.79391  154.0855   119.30393  110.790504],[6.833152  6.150427  5.588584  5.2152486],[1.2719864 1.3085233 1.0078195 0.9686909],[8.116588  8.1407385 8.108494  8.074529 ],[0.5461969 0.5206076 0.5220433 0.5106325]
LSGAINS,B,4e-07,3,True,False,TDD,vanilla,10,[0.27949756 0.5152178  0.76645327 0.8943064 ],[0.13753147 0.26960632 0.40541664 0.47872975],[ 83.014626 155.02493  232.09422  271.29108 ],[ 46.126305  89.91492  135.23357  159.55191 ],[8.080157 8.008425 7.942869 7.892986],[0.34536391 0.372051   0.41921958 0.45366237],[8.20847  8.210395 8.212237 8.213969],[0.3344236  0.33968472 0.345037   0.3505006 ]
LSGAINS,B,4e-07,6,True,False,TDD,vanilla,10,[0.40521395 0.7438254  1.0616257  1.1939179 ],[0.11243934 0.20659895 0.27182826 0.29336968],[117.823555 218.74693  313.7878   353.2204  ],[ 44.04257   81.71198  111.968155 123.522835],[7.9789405 7.733316  7.3535695 7.191782 ],[0.34380215 0.42848766 0.67114764 0.79123044],[8.184885 8.185724 8.186444 8.187491],[0.3219428  0.32802498 0.33519444 0.34295762]
LSGAINS,B,4e-07,9,True,False,TDD,vanilla,10,[0.49768388 0.8808252  1.1574106  1.2171386 ],[0.12161721 0.19119722 0.20916188 0.23514338],[144.55136 257.1834  338.67587 355.64053],[ 49.823334  86.20394  105.73115  113.317764],[7.945737  7.582389  6.7496724 6.671189 ],[0.36148968 0.50227624 0.9825909  1.0011413 ],[8.193824  8.191843  8.1865635 8.178488 ],[0.33316842 0.33920407 0.35002944 0.36504003]
LSGAINS,B,4e-07,12,True,False,TDD,vanilla,10,[0.61774766 1.0181875  1.1843241  1.1843307 ],[0.2885429  0.3622275  0.20991045 0.21167175],[177.32968 296.4053  347.72073 350.30228],[ 90.18742 123.03132 101.86379 106.95376],[7.848903 7.446272 6.659936 6.190961],[0.40671363 0.64381367 1.0257688  1.1277914 ],[8.155842 8.160818 8.163987 8.167347],[0.32843766 0.33568707 0.35014966 0.36756453]
LSGAINS,B,4e-07,15,True,False,TDD,vanilla,10,[0.85284454 1.2427195  1.1740516  1.1205916 ],[0.43369433 0.43553504 0.18613529 0.2092384 ],[244.38416 359.44415 343.67072 329.82242],[145.412   163.86296 117.80697 126.46707],[7.7327137 7.21689   6.503486  6.0461736],[0.55206317 0.9279051  1.1408639  1.2384087 ],[8.153601 8.155079 8.152278 8.149134],[0.4101913  0.43171167 0.44939846 0.460384  ]
LSGAINS,B,4e-07,18,True,False,TDD,vanilla,10,[0.92889214 1.248218   1.1223975  1.1094711 ],[0.46947595 0.39408946 0.1827108  0.1747349 ],[259.62558 356.08466 329.52878 328.7613 ],[146.3263   143.03441  117.648155 120.97299 ],[7.6004515 6.9733205 6.223157  5.7456737],[0.62404037 0.9322094  1.0637909  1.1685554 ],[8.1320305 8.13783   8.141356  8.146609 ],[0.42991513 0.4332563  0.4316455  0.42852738]
LSGAINS,B,4e-07,21,True,False,TDD,vanilla,10,[1.037824  1.2450198 1.0695895 1.085579 ],[0.5269939  0.38444197 0.18904808 0.14902267],[306.64874 367.1176  313.46167 315.80566],[187.54695  164.24298  109.77905  111.786285],[7.6198688 6.9453325 6.094184  5.667393 ],[0.5213427  0.87273926 0.942727   0.92048556],[8.166336 8.156872 8.151517 8.130608],[0.39600894 0.41945392 0.43816084 0.45606455]
LSGAINS,B,4e-07,24,True,False,TDD,vanilla,10,[1.1459583 1.2286747 1.1035897 1.124213 ],[0.5181801  0.298876   0.16045344 0.14774434],[337.55527 367.72415 339.13132 347.42715],[175.19818 130.33817 113.47828 105.62178],[7.4481244 6.779861  6.0069194 5.864188 ],[0.6825287 1.0426583 1.0770282 1.0678589],[8.199759 8.205041 8.207555 8.21912 ],[0.404768   0.4265331  0.43737403 0.43781117]
LSGAINS,B,4e-07,27,True,False,TDD,vanilla,10,[1.2446312 1.1568139 1.083733  1.0604367],[0.4544656  0.34052154 0.12980632 0.1182268 ],[358.23587 323.52457 308.0003  302.7787 ],[162.55408 119.28213  91.75227  81.86242],[7.1516    6.5609713 5.6173286 5.596281 ],[0.78848517 1.1077582  0.90879625 0.97892237],[8.149215 8.11694  8.104062 8.116798],[0.3806188  0.3709262  0.37762547 0.39070326]
LSGAINS,B,4e-07,33,True,False,TDD,vanilla,10,[1.2619613 1.1063716 1.0896653 1.0481136],[0.4129074  0.32394916 0.12829405 0.12888873],[392.0007  352.99484 343.38083 328.65692],[187.26591 157.64758 107.23693 111.48881],[7.0344415 6.5158677 5.809186  5.6442347],[1.0211405 1.0650477 1.0803252 1.002961 ],[8.246285 8.265709 8.252912 8.226303],[0.46850497 0.45464966 0.43810764 0.45476887]
LSGAINS,B,4e-07,36,True,False,TDD,vanilla,10,[1.3254129 1.1768417 1.0852021 1.0724735],[0.42821482 0.29523626 0.12356225 0.09769844],[363.683   327.50003 313.94247 321.73083],[169.25285  131.82986   93.7959   101.360466],[6.69654   6.0188336 5.495549  5.31596  ],[1.0625674  1.2090312  1.1158766  0.96125007],[8.057566 8.079075 8.129921 8.168677],[0.40291405 0.39826265 0.40041897 0.40959847]
LSGAINS,B,4e-07,42,True,False,TDD,vanilla,10,[1.5050246 1.3087023 1.0777379 1.053265 ],[0.31730342 0.36929467 0.15980442 0.133206  ],[431.07312 369.28317 313.90378 310.03564],[156.46873 152.88202 115.26317  96.01967],[6.7672496 6.208985  5.651265  5.5071697],[1.165186   1.2592279  1.1462959  0.92658997],[8.131211  8.1205845 8.131761  8.168282 ],[0.45830318 0.46788168 0.48357803 0.44281054]
LSGAINS,E,5e-08,3,True,False,TDD,vanilla,10,[0.26652548 0.49659044 0.7426805  0.8628835 ],[0.14559151 0.2810835  0.41938606 0.49085343],[ 79.444954 148.06451  221.33308  257.05292 ],[ 45.164814  87.039986 129.75056  151.8622  ],[8.198406 8.19167  8.220219 8.221321],[0.10679524 0.11023185 0.10882309 0.11059318],[8.275205 8.273342 8.271564 8.269935],[0.10735612 0.10797671 0.10877378 0.10978284]
LSGAINS,E,5e-08,6,True,False,TDD,vanilla,10,[0.37000164 0.6813599  0.9719314  1.0837145 ],[0.16967078 0.31357747 0.4314449  0.47311178],[110.08241 202.89488 289.51038 322.98828],[ 51.62405  94.95066 129.855   141.84781],[8.16739  8.104692 8.09736  8.128542],[0.12144287 0.16274656 0.21638948 0.18249293],[8.276046 8.276881 8.277935 8.278976],[0.11304259 0.11515557 0.11746033 0.11958142]
LSGAINS,E,5e-08,9,True,False,TDD,vanilla,10,[0.4720148  0.83855104 1.0995706  1.1508952 ],[0.17213294 0.2876204  0.3409999  0.36388448],[141.47473 251.96503 330.70206 346.0878 ],[ 52.721153  88.292145 104.52751  110.98351 ],[8.166698 8.052281 7.911686 8.053329],[0.14762302 0.2060429  0.4776898  0.23481253],[8.294175 8.29685  8.298473 8.298301],[0.12703064 0.12796013 0.1290341  0.13212258]
LSGAINS,E,5e-08,12,True,False,TDD,vanilla,10,[0.61911726 1.0244935  1.1679705  1.1474142 ],[0.36034593 0.47901943 0.34863332 0.3654508 ],[180.14183 297.4609  337.8422  330.19995],[103.28786 138.49907 102.31043 104.86368],[8.118355  8.007007  7.8302174 7.8068976],[0.12362558 0.18439776 0.526067   0.43868268],[8.245988  8.241977  8.236683  8.2317295],[0.10888108 0.11287002 0.11957742 0.12670901]
LSGAINS,E,5e-08,15,True,False,TDD,vanilla,10,[0.77887994 1.189874   1.2285073  1.2140397 ],[0.5012796  0.53556585 0.23313439 0.2725603 ],[229.01239 349.8015  361.69336 357.90048],[145.78181 154.0283   72.92835  85.75921],[8.125423 8.036369 7.938538 7.810264],[0.14172652 0.17062    0.36791903 0.47798666],[8.262611  8.2612095 8.260151  8.261041 ],[0.13493809 0.13911162 0.14343643 0.14577541]
LSGAINS,E,5e-08,18,True,False,TDD,vanilla,10,[0.8926964 1.1979219 1.094297  1.1091528],[0.59500885 0.5550432  0.34595713 0.34513566],[263.98907 356.66125 327.04846 331.30624],[173.44522 165.7414  107.30735 107.99876],[8.133625 8.038847 7.868562 7.833241],[0.15433781 0.2068196  0.54307103 0.37952274],[8.281872 8.281912 8.279536 8.27891 ],[0.13541299 0.14105983 0.14464794 0.14809406]
LSGAINS,E,5e-08,21,True,False,TDD,vanilla,10,[0.95026857 1.1759878  1.0645919  1.1052228 ],[0.62916577 0.51632607 0.3117341  0.32183564],[284.65292 352.9661  321.7079  334.2999 ],[184.9998   146.78198  102.345764 109.112305],[8.146832 8.050643 7.868494 7.875913],[0.16320062 0.17316352 0.61653423 0.32598928],[8.307358 8.301056 8.291944 8.288347],[0.14678083 0.14288229 0.1493194  0.15211837]
LSGAINS,E,5e-08,24,True,False,TDD,vanilla,10,[1.0996193 1.2040616 1.0335437 1.0508939],[0.6522702  0.5638871  0.32717267 0.30048913],[329.0234  357.901   305.9539  310.80536],[198.55371  168.18341   99.234634  92.7038  ],[8.094517 8.030037 7.735668 7.739319],[0.20884278 0.20031965 0.71590126 0.44436067],[8.2875   8.278505 8.268627 8.264957],[0.13044433 0.1344253  0.15097398 0.16351572]
LSGAINS,E,5e-08,27,True,False,TDD,vanilla,10,[1.1573858 1.1006137 1.0889711 1.0909412],[0.5832343  0.42574888 0.2286953  0.2554056 ],[342.65372 329.80762 327.2873  328.41638],[170.68446  133.31319   72.06694   80.108795],[7.960761  8.020847  7.6144695 7.788479 ],[0.374803   0.20110089 0.74177796 0.31955427],[8.279845  8.286421  8.2941885 8.295663 ],[0.12928064 0.14179233 0.13784619 0.14801458]
LSGAINS,E,5e-08,33,True,False,TDD,vanilla,10,[1.206914  1.1104242 1.0618025 1.0163145],[0.61492836 0.5741543  0.31203294 0.2756562 ],[363.11353 331.27383 317.37372 305.10907],[189.60612 168.53511  96.22626  89.74337],[7.9899416 8.039982  7.7194543 7.7612376],[0.31858417 0.19646403 0.58760995 0.38934729],[8.287059 8.28844  8.283365 8.28227 ],[0.14250225 0.14087309 0.1485409  0.15866236]
LSGAINS,E,5e-08,36,True,False,TDD,vanilla,10,[1.3032291 1.1005851 1.0846257 1.0539973],[0.5575151  0.5089693  0.27999187 0.25076225],[388.2768  326.1064  325.9181  320.44556],[171.7129  146.88171  91.72251  87.88483],[7.914226 8.020153 7.534371 7.738261],[0.3969077  0.22515504 0.8179598  0.41535306],[8.281623 8.287588 8.29217  8.30194 ],[0.16172272 0.17149195 0.17695847 0.17350179]
LSGAINS,E,5e-08,42,True,False,TDD,vanilla,10,[1.2790548 1.1632348 1.0574107 1.0169984],[0.5874136  0.604004   0.31543213 0.2877979 ],[381.65976 346.76837 315.53552 302.97214],[175.40704  185.13153  100.785995  89.20564 ],[7.906332  8.034231  7.5074925 7.7675586],[0.42722407 0.19778788 0.9630587  0.3023379 ],[8.2850485 8.277092  8.275991  8.2751875],[0.15040708 0.15980272 0.16346732 0.16856034]
LSGAINS,E,2e-07,3,True,False,TDD,vanilla,10,[0.24404281 0.45300066 0.6762636  0.7864981 ],[0.15465933 0.29910815 0.44766724 0.5219356 ],[ 73.12681 135.7745  202.71165 235.76634],[ 46.379753  89.69423  134.22462  156.50325 ],[8.205403 8.199518 8.227608 8.229799],[0.05407405 0.06756365 0.05629203 0.05549194],[8.280581 8.280627 8.280685 8.280739],[0.0395242  0.04055545 0.04168786 0.04291362]
LSGAINS,E,2e-07,6,True,False,TDD,vanilla,10,[0.37182948 0.68910736 0.9900079  1.1065482 ],[0.16378033 0.30513903 0.42263877 0.46358317],[111.984314 207.59305  298.28687  333.43903 ],[ 49.437897  92.1798   127.85023  140.39622 ],[8.182476  8.1160965 8.121857  8.145893 ],[0.06383721 0.1303808  0.18675834 0.15343161],[8.293882 8.294106 8.294251 8.294382],[0.04388142 0.04748659 0.05115881 0.05493952]
LSGAINS,E,2e-07,9,True,False,TDD,vanilla,10,[0.45925507 0.7999159  1.0099242  1.0363946 ],[0.2020256  0.33058852 0.3798423  0.3988359 ],[138.68808 241.95694 306.04556 314.6085 ],[ 61.088943 100.439514 116.95852  124.41581 ],[8.174534 8.064856 7.764054 8.049546],[0.07565966 0.14905997 0.7714818  0.20017192],[8.294298 8.295323 8.296029 8.296503],[0.05927263 0.06526424 0.07138937 0.07772422]
LSGAINS,E,2e-07,12,True,False,TDD,vanilla,10,[0.5446112  0.91808164 1.0878971  1.0853168 ],[0.29271868 0.41187283 0.34839404 0.3619384 ],[164.00941 276.65125 328.0737  327.47534],[ 88.55114  124.62838  105.583855 109.960754],[8.172191  8.070453  7.83595   7.9206457],[0.09028906 0.17355753 0.6881447  0.41140985],[8.292669 8.293591 8.29417  8.294293],[0.06883647 0.07497934 0.08134437 0.08748709]
LSGAINS,E,2e-07,15,True,False,TDD,vanilla,10,[0.80424994 1.1755319  1.1183525  1.0791678 ],[0.51274234 0.535908   0.3090954  0.34336767],[241.31514 352.6268  334.98328 322.98282],[154.71745 162.71155  93.73149 102.43264],[8.142529  8.041581  7.839859  7.8386354],[0.08064234 0.15054636 0.5278524  0.37324527],[8.278367 8.277282 8.276983 8.276869],[0.06547173 0.07076035 0.07667465 0.08393777]
LSGAINS,E,2e-07,18,True,False,TDD,vanilla,10,[0.860093  1.1618878 1.0733404 1.1093764],[0.5921703  0.54064626 0.34331256 0.36742967],[255.8868  345.8813  320.27698 331.11484],[176.01622 161.17188 104.79317 111.22196],[8.114272 8.026622 7.923682 7.848818],[0.11116705 0.17020597 0.4739622  0.34312835],[8.273221 8.273726 8.274927 8.276924],[0.07880081 0.08553309 0.09271665 0.09996614]
LSGAINS,E,2e-07,21,True,False,TDD,vanilla,10,[0.92150056 1.1819319  1.1032094  1.108946  ],[0.5838044  0.51164675 0.30722663 0.28583032],[277.58765 356.18936 331.9268  334.239  ],[178.8433  159.67564  95.29412  90.40288],[8.136787  8.037455  7.8155327 7.785191 ],[0.12270138 0.20453493 0.6424172  0.41539943],[8.2915325 8.292838  8.293352  8.293094 ],[0.09075397 0.09886748 0.10661584 0.11423081]
LSGAINS,E,2e-07,24,True,False,TDD,vanilla,10,[1.0739582 1.2292776 1.1036072 1.0928452],[0.5941982  0.45088816 0.28910714 0.2810292 ],[322.62167 367.56567 328.65662 324.6753 ],[180.84164 139.41003  90.25534  86.84393],[8.113008  8.013438  7.6415257 7.713638 ],[0.12123539 0.18844455 0.8128251  0.39089188],[8.283634 8.277485 8.2726   8.268844],[0.0970543  0.10391299 0.1116889  0.11914234]
LSGAINS,E,2e-07,27,True,False,TDD,vanilla,10,[1.0821589  1.1219541  0.98249346 1.0219393 ],[0.63848025 0.5101046  0.32971585 0.30252004],[325.52277 339.4201  298.7144  311.41446],[192.07175 154.6804  104.07904  98.20776],[8.05313   8.034752  7.7699995 7.7907352],[0.25254592 0.16139698 0.6666534  0.3328071 ],[8.285105 8.289517 8.293083 8.295244],[0.09349079 0.10003035 0.1076677  0.11564252]
LSGAINS,E,2e-07,33,True,False,TDD,vanilla,10,[1.2259307 1.0621186 1.0700012 1.0645658],[0.5701849  0.46846908 0.27181312 0.27676436],[372.00436 322.94974 324.93265 324.5592 ],[178.0894   147.73384   82.879036  82.77426 ],[7.915416  8.034529  7.57103   7.7640033],[0.40986428 0.18283114 0.7874959  0.35724336],[8.293463 8.300457 8.306935 8.31096 ],[0.1121941  0.1177948  0.12364822 0.1286118 ]
LSGAINS,E,2e-07,36,True,False,TDD,vanilla,10,[1.1658757 1.1585943 1.0801519 1.0853586],[0.6091026  0.5120934  0.28529376 0.27873322],[341.91324 338.55478 317.0386  321.48703],[178.14798 143.29906  84.37078  90.83066],[7.9673963 7.975038  7.6405516 7.726948 ],[0.36615852 0.17418677 0.75569355 0.3863895 ],[8.260142  8.257455  8.2576065 8.260585 ],[0.10467414 0.11562987 0.12960932 0.14268412]
LSGAINS,E,2e-07,42,True,False,TDD,vanilla,10,[1.2482932 1.2332711 1.0209413 1.0233935],[0.586426   0.51526755 0.2829112  0.25709012],[373.83533 367.559   304.00485 305.44644],[175.5552   150.82516   84.04206   80.921844],[7.992852  7.99464   7.6345863 7.7461767],[0.32943705 0.19855422 0.7716626  0.31517887],[8.285831 8.281849 8.27859  8.276519],[0.10005278 0.10973753 0.12256967 0.13150124]
LSGAINS,E,4e-07,3,True,False,TDD,vanilla,10,[0.2551218  0.47465375 0.70886594 0.82522863],[0.15673147 0.30319813 0.4542132  0.5306703 ],[ 76.405365 142.15614  212.28448  247.09303 ],[ 46.88401  90.67148 135.79228 158.59236],[8.21306  8.207675 8.236593 8.238854],[0.04877898 0.06275439 0.05000594 0.04841529],[8.288958 8.288684 8.288403 8.288102],[0.02915174 0.03073189 0.03247377 0.03435929]
LSGAINS,E,4e-07,6,True,False,TDD,vanilla,10,[0.38239983 0.7062969  1.0089768  1.1222626 ],[0.15874612 0.29273146 0.39869705 0.4333222 ],[114.475235 211.42862  301.9821   335.8523  ],[ 47.86777  88.33001 120.49416 131.20403],[8.171589 8.101247 8.095392 8.122097],[0.05830172 0.12522873 0.19146955 0.15527086],[8.284499 8.284238 8.283938 8.283622],[0.03912413 0.0432141  0.04740655 0.05164111]
LSGAINS,E,4e-07,9,True,False,TDD,vanilla,10,[0.47471827 0.8403317  1.0943089  1.1446049 ],[0.17351748 0.28405988 0.33663404 0.3713472 ],[142.243   251.84198 328.07684 343.26047],[ 52.194225  85.79509  102.65094  113.674416],[8.152287 8.038349 7.788644 8.033744],[0.06482244 0.13123412 0.7604276  0.1847155 ],[8.280015 8.279101 8.278396 8.278026],[0.05211917 0.05833429 0.06446901 0.0706116 ]
LSGAINS,E,4e-07,12,True,False,TDD,vanilla,10,[0.6694025 1.078111  1.176049  1.1478333],[0.44686717 0.567395   0.35859132 0.36409798],[200.70361 323.56073 353.63425 345.70496],[134.25316 170.5691  109.5694  112.25218],[8.159451  8.059687  7.8786755 7.8664184],[0.08198058 0.14813896 0.6103188  0.418271  ],[8.285689 8.28714  8.288548 8.289801],[0.06437866 0.07084928 0.07688569 0.08259344]
LSGAINS,E,4e-07,15,True,False,TDD,vanilla,10,[0.71861434 1.0887319  1.128115   1.1276097 ],[0.50173706 0.5385885  0.3266222  0.33957648],[216.09924 327.80762 340.26358 340.97433],[152.27385 164.29288 101.11219 105.81923],[8.155238  8.062291  7.9264436 7.8671217],[0.09856153 0.17550893 0.47954732 0.42369574],[8.288774 8.291263 8.293829 8.296032],[0.07523514 0.08273138 0.09050899 0.09828036]
LSGAINS,E,4e-07,18,True,False,TDD,vanilla,10,[0.901843  1.1939509 1.0667404 1.0823264],[0.57386446 0.5092986  0.34750262 0.34776387],[268.77948 355.03925 316.39603 320.50314],[171.26462  150.19902  102.5813   101.957275],[8.126623  8.0356045 7.865472  7.800992 ],[0.08638895 0.13263412 0.536335   0.34697226],[8.27856  8.276338 8.274124 8.272226],[0.06968126 0.07664183 0.08386724 0.09061535]
LSGAINS,E,4e-07,21,True,False,TDD,vanilla,10,[0.9391304 1.1714103 1.0407135 1.0602139],[0.6126822  0.5172067  0.32282165 0.30364737],[277.71777 347.147   310.4209  316.45496],[178.88983 149.48247  97.83223  95.00867],[8.11548   8.019274  7.8225026 7.805984 ],[0.12076422 0.16895896 0.5680509  0.39080802],[8.276323 8.276242 8.275361 8.274577],[0.09324113 0.10310401 0.11220799 0.12068646]
LSGAINS,E,4e-07,24,True,False,TDD,vanilla,10,[1.0312133 1.143372  1.0555722 1.0796765],[0.63981116 0.502397   0.3006469  0.2894468 ],[309.13135 345.1689  320.6948  329.96573],[190.95482 150.60107  92.88705  92.06214],[8.1081705 8.039826  7.753084  7.826917 ],[0.14105918 0.17901222 0.7174784  0.36627287],[8.286703 8.293116 8.298703 8.30418 ],[0.09379449 0.09931406 0.10363212 0.10734849]
LSGAINS,E,4e-07,27,True,False,TDD,vanilla,10,[1.1363897 1.0980496 1.0579785 1.0513397],[0.59981334 0.49441063 0.29027435 0.2817975 ],[337.81305 326.9492  317.55646 316.98428],[179.49753 147.98471  91.20414  90.14186],[7.974803  8.018517  7.6232924 7.772031 ],[0.34889266 0.18171379 0.80557585 0.3668558 ],[8.276787 8.280539 8.284522 8.288042],[0.08973086 0.09296609 0.09940286 0.10667291]
LSGAINS,E,4e-07,33,True,False,TDD,vanilla,10,[1.1995772 1.1395719 1.1107751 1.0740482],[0.56059486 0.49075267 0.2278988  0.23140948],[358.15265 340.4005  330.33298 319.84433],[169.97041 151.1605   68.19811  70.18455],[7.9562626 7.9908834 7.5747137 7.7056603],[0.35322142 0.21626131 0.6706517  0.3745652 ],[8.277195 8.275805 8.276591 8.27708 ],[0.10656009 0.10650315 0.10475279 0.10291509]
LSGAINS,E,4e-07,36,True,False,TDD,vanilla,10,[1.2080673 1.1450437 1.0955417 1.0969745],[0.59984785 0.49688363 0.26384473 0.24954075],[364.33575 343.5663  328.74542 329.24988],[186.23816 150.21371  86.18511  84.87476],[8.009218  8.01493   7.653642  7.7220716],[0.34311205 0.18727693 0.76009196 0.370019  ],[8.287193 8.285667 8.282404 8.278148],[0.11921629 0.12636288 0.12809068 0.12669323]
LSGAINS,E,4e-07,42,True,False,TDD,vanilla,10,[1.2934254 1.1890061 1.0235177 1.0245357],[0.59132624 0.51237065 0.30169818 0.2654025 ],[385.8327  355.61145 305.67728 305.53876],[175.37135  154.77034   93.22262   84.087006],[7.994662  8.014858  7.6383443 7.7477393],[0.3377708  0.1670075  0.73161143 0.32116264],[8.284267 8.282584 8.279294 8.275064],[0.1008014  0.10741474 0.11493791 0.12366353]
LSGAINS,B,5e-08,3,True,False,TDD,vanilla,15,[0.28616482 0.54538363 0.82810557 0.97489524],[0.12845983 0.25216946 0.38187417 0.4562374 ],[ 80.128876 155.51585  236.4555   276.66638 ],[ 41.520622  81.66479  123.24591  145.91118 ],[8.240795  8.1635065 8.062022  8.0023   ],[0.29696047 0.33182505 0.3918781  0.43476337],[8.310017 8.311025 8.311322 8.311014],[0.28663874 0.29886186 0.31123886 0.32331756]
LSGAINS,B,5e-08,6,True,False,TDD,vanilla,15,[0.40149862 0.74427813 1.0651554  1.2038472 ],[0.13050063 0.23997286 0.32851228 0.368587  ],[106.00793 201.43393 291.17316 326.90475],[ 46.57293   87.040276 119.768456 132.2753  ],[8.062497  7.82566   7.3979487 7.223106 ],[0.45648372 0.6339736  0.97470593 1.0454515 ],[8.200852 8.201836 8.201868 8.201473],[0.3916575  0.39977843 0.40850884 0.41598985]
LSGAINS,B,5e-08,9,True,False,TDD,vanilla,15,[0.5061462 0.9030083 1.1806968 1.2485703],[0.12744059 0.20272687 0.23656748 0.2827361 ],[143.65776 260.82538 343.89426 361.60196],[ 51.48839  87.6648  110.09909 123.42634],[8.096733 7.786826 6.917468 6.895129],[0.5119363  0.76408154 1.275139   1.3273672 ],[8.251503 8.261046 8.269067 8.268887],[0.43901262 0.44828582 0.46303815 0.4847499 ]
LSGAINS,B,5e-08,12,True,False,TDD,vanilla,15,[0.6715769 1.0856748 1.2305185 1.2452822],[0.37375823 0.45268223 0.2750327  0.3195287 ],[172.19177 288.72833 333.79935 335.14233],[105.46188 145.92497 129.59697 135.71204],[7.925731  7.495149  6.71698   6.2671766],[0.54348195 1.0123098  1.2665097  1.4146044 ],[8.1689005 8.177474  8.178661  8.1839   ],[0.42534223 0.456648   0.4968093  0.52424604]
LSGAINS,B,5e-08,15,True,False,TDD,vanilla,15,[0.91881156 1.303359   1.1825883  1.1009374 ],[0.47128245 0.49761194 0.26989958 0.28834692],[267.07663 387.8542  350.69867 325.49683],[162.40353 194.11609 133.50606 127.92898],[8.027126  7.618315  6.7891583 6.2658606],[0.64417684 0.93572384 1.3730202  1.4709052 ],[8.301512 8.301376 8.295099 8.286509],[0.5188588  0.5244441  0.5284308  0.55424315]
LSGAINS,B,5e-08,18,True,False,TDD,vanilla,15,[0.9595703 1.3127338 1.1775316 1.1636319],[0.43218893 0.41517764 0.26751414 0.33720168],[246.97412 348.2074  326.76108 333.6017 ],[148.58257 165.24591 135.34323 155.86507],[7.645296  6.842697  6.1081696 5.859721 ],[0.750787  1.4039778 1.5912174 1.5262525],[8.143847 8.165355 8.19014  8.226463],[0.5570067  0.5532856  0.5880717  0.64253396]
LSGAINS,B,5e-08,21,True,False,TDD,vanilla,15,[1.1120583 1.339355  1.1741419 1.1789495],[0.51358825 0.3710275  0.24834329 0.28612742],[279.8847  347.06897 313.13318 325.82077],[157.94489 149.57458 132.96811 135.28746],[7.5535455 6.8144054 6.078289  5.755515 ],[0.85505235 1.3016951  1.3218184  1.4392213 ],[8.123272 8.136701 8.135805 8.15118 ],[0.5637358  0.5555875  0.58310056 0.62311333]
LSGAINS,B,5e-08,24,True,False,TDD,vanilla,15,[1.1183686 1.2763733 1.1719563 1.1196716],[0.50033    0.3745535  0.17931011 0.19477214],[321.1278  373.28186 345.56625 338.1592 ],[190.40973 170.58891 128.96994 139.42743],[7.6032653 7.00569   6.2510195 5.974275 ],[0.9698049 1.3438869 1.312625  1.321744 ],[8.270131 8.258452 8.255482 8.262504],[0.5118271  0.51376563 0.5234589  0.57083213]
LSGAINS,B,5e-08,27,True,False,TDD,vanilla,15,[1.2559739 1.2750313 1.1635593 1.1257735],[0.5253247  0.46809798 0.27142456 0.23471737],[328.77444 331.73672 321.13977 314.1068 ],[188.90216 165.73993 149.09154 144.20558],[7.433212 6.793608 5.959242 5.767302],[0.8940819 1.3259768 1.5821948 1.5103548],[8.164666 8.149782 8.144778 8.15001 ],[0.5907433 0.6523984 0.6741813 0.6614096]
LSGAINS,B,5e-08,33,True,False,TDD,vanilla,15,[1.3359544 1.2800995 1.1892006 1.1447799],[0.44490987 0.43850327 0.25209412 0.25330362],[383.92538 350.787   335.3125  324.8993 ],[207.04549 193.5505  145.87987 148.51718],[7.3198957 6.6410704 6.0189934 5.7974615],[1.2192452 1.5037954 1.442712  1.5334166],[8.244222 8.21752  8.208188 8.190938],[0.59182024 0.6487663  0.6651303  0.6921988 ]
LSGAINS,B,5e-08,36,True,False,TDD,vanilla,15,[1.344615  1.2939882 1.142818  1.147381 ],[0.522797   0.40359524 0.22612256 0.22889642],[375.85355 347.32147 329.87012 332.60388],[198.58754 162.07529 153.45529 145.48445],[7.065069 6.287863 5.827992 5.498058],[1.2955772 1.5719398 1.4386457 1.4363458],[8.266978 8.223077 8.203336 8.203679],[0.6390856  0.63954604 0.61311203 0.6540083 ]
LSGAINS,B,5e-08,42,True,False,TDD,vanilla,15,[1.4420786 1.3011711 1.1008788 1.0783516],[0.41205686 0.40054968 0.21777582 0.21252856],[402.15808 361.31876 323.44803 329.67706],[224.32239 197.26646 137.92102 149.21663],[6.931706  6.326091  5.6355414 5.7145276],[1.4591259 1.5057558 1.6490263 1.4481335],[8.1687   8.187472 8.230034 8.259732],[0.55716753 0.59658355 0.6257369  0.63968194]
LSGAINS,B,2e-07,3,True,False,TDD,vanilla,15,[0.25300398 0.4855097  0.7310763  0.8501175 ],[0.14178814 0.27668312 0.41276905 0.48393342],[ 69.33755 134.30424 203.77504 238.39047],[ 46.25493  90.67599 136.34605 160.75441],[8.060825  7.970829  7.8487196 7.775194 ],[0.417372   0.45655113 0.5365503  0.5960595 ],[8.140387 8.142667 8.144901 8.14683 ],[0.4020315  0.40776485 0.41400665 0.42071086]
LSGAINS,B,2e-07,6,True,False,TDD,vanilla,15,[0.3706444  0.69994295 1.0164031  1.145334  ],[0.12101206 0.22344159 0.30520967 0.33526576],[105.07147 200.038   291.4653  328.47617],[ 47.461445  88.658676 122.67012  133.59659 ],[8.049585  7.8007555 7.374847  7.1709275],[0.42123017 0.55311966 0.83567715 0.9836241 ],[8.200198 8.203735 8.207059 8.210534],[0.37354088 0.3805655  0.3896417  0.39972013]
LSGAINS,B,2e-07,9,True,False,TDD,vanilla,15,[0.45360637 0.8306555  1.1240923  1.2082912 ],[0.1222919  0.19735247 0.22124523 0.25128174],[132.72353 244.40697 331.9421  357.05484],[ 52.290688  93.0192   121.362686 134.13234 ],[8.033312  7.674556  6.7649384 6.5994587],[0.44054303 0.5803525  1.084745   1.1584549 ],[8.216351 8.215251 8.214624 8.214304],[0.40763524 0.41026485 0.41645423 0.42503932]
LSGAINS,B,2e-07,12,True,False,TDD,vanilla,15,[0.5804517  0.98497725 1.1802411  1.1869012 ],[0.2619309  0.32904792 0.22402331 0.23515324],[159.72131 271.48288 322.46515 325.0036 ],[ 97.94621  140.054    125.060135 124.66775 ],[7.8530254 7.3847027 6.4303493 6.0813932],[0.5829535 0.9070147 1.3562697 1.3537501],[8.120098  8.1142645 8.112743  8.113856 ],[0.43833014 0.4555621  0.47286943 0.49387443]
LSGAINS,B,2e-07,15,True,False,TDD,vanilla,15,[0.8311632 1.2085012 1.1280028 1.085677 ],[0.45548218 0.4604716  0.20972808 0.22741432],[239.56195 352.97003 337.68167 330.27496],[148.83894 169.65816 130.44865 133.80743],[7.887307  7.4302874 6.6504674 6.2075152],[0.6184807  0.91965675 1.2125026  1.3476872 ],[8.197627 8.204034 8.217083 8.230654],[0.48526046 0.50316983 0.5246719  0.5439685 ]
LSGAINS,B,2e-07,18,True,False,TDD,vanilla,15,[0.8915942 1.2448617 1.1400586 1.104537 ],[0.47598812 0.45195323 0.19069383 0.19509156],[261.25833 369.53903 340.16388 331.15167],[179.67522 200.8145  139.38881 133.43622],[7.7740397 7.214408  6.51898   6.057101 ],[0.67419255 1.1301597  1.2633585  1.3397806 ],[8.1638975 8.175692  8.188434  8.202102 ],[0.48944053 0.50745434 0.51854205 0.5220388 ]
LSGAINS,B,2e-07,21,True,False,TDD,vanilla,15,[1.0519345 1.2744662 1.1180855 1.1374927],[0.49237093 0.342028   0.21649289 0.20857511],[303.1466 367.3957 313.717  318.1748],[166.69235  149.82892  111.39912  103.095314],[7.6318536 6.947952  6.1220045 5.7755833],[0.663025  1.0469472 1.192563  1.1614758],[8.188612 8.176667 8.144227 8.140654],[0.44568112 0.44044286 0.4572289  0.47989473]
LSGAINS,B,2e-07,24,True,False,TDD,vanilla,15,[1.098652  1.2865207 1.1199331 1.1180792],[0.48073944 0.34860384 0.19261687 0.18884052],[310.9378  360.91953 317.84726 331.45038],[186.27296 170.93239 125.72809 133.66458],[7.4755945 6.7857137 5.9722505 5.8310533],[0.8746555 1.2525302 1.3717124 1.2359699],[8.138821 8.121225 8.131564 8.179233],[0.5049219  0.5401905  0.55457497 0.5767097 ]
LSGAINS,B,2e-07,27,True,False,TDD,vanilla,15,[1.181546  1.2735488 1.1267246 1.0900999],[0.45795146 0.38974145 0.19179548 0.17913295],[362.12    375.37317 332.6461  317.96423],[223.67003 182.7883  131.82135 128.79031],[7.4175816 6.756361  5.9773617 5.7639337],[0.96857417 1.3843789  1.2256176  1.2605069 ],[8.195908 8.177614 8.161719 8.149493],[0.58492225 0.5956014  0.5773279  0.5629562 ]
LSGAINS,B,2e-07,33,True,False,TDD,vanilla,15,[1.3304139 1.1807953 1.1086923 1.0833213],[0.4050759  0.3598092  0.15054318 0.15529478],[377.45227 334.94055 316.71088 310.24496],[197.27559  171.5996   114.01416  124.566315],[7.0782557 6.4964867 5.877262  5.614319 ],[0.9733059 1.2368182 1.1766118 1.3025997],[8.113809 8.133947 8.133893 8.112729],[0.5259433  0.55339056 0.55033195 0.5765365 ]
LSGAINS,B,2e-07,36,True,False,TDD,vanilla,15,[1.2815733 1.2000545 1.0909978 1.0930098],[0.45166743 0.3417385  0.18810856 0.18854359],[378.4763  340.8971  307.26813 300.19086],[197.10007 167.24599 130.89185 126.86686],[7.1772704 6.657608  5.744974  5.611199 ],[1.1922061 1.354183  1.3541843 1.2898906],[8.202237 8.165164 8.124358 8.063301],[0.48082286 0.5317794  0.5752137  0.61029977]
LSGAINS,B,2e-07,42,True,False,TDD,vanilla,15,[1.3467354 1.2629976 1.080454  1.091068 ],[0.44076452 0.34894398 0.18008105 0.219555  ],[375.21396 352.6595  300.2702  295.81497],[189.6158   154.05257  119.31893  110.745544],[6.9575458 6.254604  5.7071686 5.339857 ],[1.259001   1.3011919  0.99295104 0.9808367 ],[8.116588  8.1407385 8.108494  8.074529 ],[0.5461969 0.5206076 0.5220433 0.5106325]
LSGAINS,B,4e-07,3,True,False,TDD,vanilla,15,[0.2609143  0.50306225 0.76179975 0.89027923],[0.1374894  0.26968783 0.4054507  0.47879913],[ 78.41091 152.0085  230.945   270.30927],[ 45.802643  89.73531  135.17671  159.53476 ],[8.136826 8.061958 7.967575 7.913299],[0.3433953  0.37023494 0.4192838  0.45386568],[8.20847  8.210395 8.212237 8.213969],[0.3344236  0.33968472 0.345037   0.3505006 ]
LSGAINS,B,4e-07,6,True,False,TDD,vanilla,15,[0.38621366 0.73112625 1.0566711  1.1896508 ],[0.11275668 0.20684536 0.27193207 0.29341513],[113.328545 215.73694  312.61255  352.21005 ],[ 43.673164  81.454445 111.84813  123.38992 ],[8.05361   7.827978  7.4172955 7.2413707],[0.33891925 0.4255395  0.672679   0.79384094],[8.184885 8.185724 8.186444 8.187491],[0.3219428  0.32802498 0.33519444 0.34295762]
LSGAINS,B,4e-07,9,True,False,TDD,vanilla,15,[0.47773698 0.8675825  1.1522446  1.2128437 ],[0.12045044 0.1900825  0.20863675 0.2346584 ],[139.88055 254.10399 337.46637 354.62933],[ 49.500618  85.935    105.5898   113.174446],[8.034879  7.718643  6.8739076 6.754909 ],[0.353124   0.50189525 0.965257   1.0127468 ],[8.193824  8.191843  8.1865635 8.178488 ],[0.33316842 0.33920407 0.35002944 0.36504003]
LSGAINS,B,4e-07,12,True,False,TDD,vanilla,15,[0.59843856 1.0055217  1.1793454  1.1801039 ],[0.2883921  0.36211243 0.20972621 0.2114177 ],[172.87254 293.46893 346.5794  349.34167],[ 90.21169  123.00755  101.856224 106.93832 ],[7.9309416 7.5602055 6.769415  6.285011 ],[0.39724663 0.6471288  1.0317483  1.1221542 ],[8.155842 8.160818 8.163987 8.167347],[0.32843766 0.33568707 0.35014966 0.36756453]
LSGAINS,B,4e-07,15,True,False,TDD,vanilla,15,[0.8330613 1.2296323 1.1689451 1.116278 ],[0.43243468 0.4345694  0.18573025 0.2090456 ],[239.85419 356.4669  342.53485 328.85974],[144.98557 163.62415 117.78779 126.42405],[7.815735  7.324761  6.6145267 6.168732 ],[0.54337823 0.9296441  1.1362972  1.2382443 ],[8.153601 8.155079 8.152278 8.149134],[0.4101913  0.43171167 0.44939846 0.460384  ]
LSGAINS,B,4e-07,18,True,False,TDD,vanilla,15,[0.90809333 1.2344419  1.1171957  1.1053171 ],[0.46898443 0.39345825 0.18274517 0.17463689],[255.09718 353.0755  328.37552 327.8121 ],[146.30359 142.90175 117.69707 120.92552],[7.6933613 7.0884533 6.3324184 5.8674498],[0.6128423 0.9363985 1.0761623 1.1849185],[8.1320305 8.13783   8.141356  8.146609 ],[0.42991513 0.4332563  0.4316455  0.42852738]
LSGAINS,B,4e-07,21,True,False,TDD,vanilla,15,[1.0170366 1.2313602 1.0640674 1.0810145],[0.5263908  0.38449508 0.18867394 0.14865772],[301.9104  364.03595 312.28308 314.82675],[187.17012 164.18745 109.83189 111.80919],[7.713157  7.0566196 6.2003703 5.803609 ],[0.5098166  0.87471145 0.9534847  0.9367797 ],[8.166336 8.156872 8.151517 8.130608],[0.39600894 0.41945392 0.43816084 0.45606455]
LSGAINS,B,4e-07,24,True,False,TDD,vanilla,15,[1.1255537 1.2155752 1.0984269 1.1200134],[0.51705587 0.29847363 0.16044675 0.14730905],[333.00693 364.78183 337.93903 346.46915],[175.07631 130.38786 113.46839 105.61753],[7.547681 6.892002 6.123206 5.989825],[0.67100024 1.049381   1.0925441  1.0762864 ],[8.199759 8.205041 8.207555 8.21912 ],[0.404768   0.4265331  0.43737403 0.43781117]
LSGAINS,B,4e-07,27,True,False,TDD,vanilla,15,[1.224922  1.1431711 1.0786426 1.055499 ],[0.45407298 0.3404376  0.12952457 0.11802373],[353.78458 320.5111  306.859   301.66675],[162.37973  119.43751   91.772446  81.84676 ],[7.2828736 6.6690063 5.767038  5.725636 ],[0.7800299  1.1185707  0.93496746 1.0020801 ],[8.149215 8.11694  8.104062 8.116798],[0.3806188  0.3709262  0.37762547 0.39070326]
LSGAINS,B,4e-07,33,True,False,TDD,vanilla,15,[1.2427977 1.0937514 1.0843444 1.0439361],[0.4124779  0.3244427  0.12806797 0.1285687 ],[387.38654 349.9336  342.0961  327.66837],[187.22789  157.66777  107.23983  111.539116],[7.173989  6.6234593 5.9619756 5.765332 ],[0.9971018 1.0619414 1.0804695 1.0122344],[8.246285 8.265709 8.252912 8.226303],[0.46850497 0.45464966 0.43810764 0.45476887]
LSGAINS,B,4e-07,36,True,False,TDD,vanilla,15,[1.3027399 1.1618174 1.0798091 1.06795  ],[0.42583996 0.29489118 0.12338399 0.09778242],[358.97458 324.3508  312.79462 320.74588],[168.98021  131.8311    93.866745 101.442276],[6.8283663 6.132919  5.6235805 5.459098 ],[1.053947  1.2099668 1.1318305 0.9705065],[8.057566 8.079075 8.129921 8.168677],[0.40291405 0.39826265 0.40041897 0.40959847]
LSGAINS,B,4e-07,42,True,False,TDD,vanilla,15,[1.4832577 1.2942328 1.0721611 1.048568 ],[0.31634846 0.3687181  0.15921453 0.13253716],[426.36575 366.18918 312.68655 309.0084 ],[156.2899   152.8903   115.25552   96.020836],[6.8990283 6.3146324 5.7855864 5.6617765],[1.1721896 1.2571299 1.1539783 0.9360097],[8.131211  8.1205845 8.131761  8.168282 ],[0.45830318 0.46788168 0.48357803 0.44281054]
LSGAINS,E,5e-08,3,True,False,TDD,vanilla,15,[0.2517999  0.48683396 0.73876107 0.85954964],[0.1443942  0.28035292 0.41899922 0.49059793],[ 75.16665 145.23946 220.19649 256.08255],[ 44.7431    86.783585 129.6149   151.75735 ],[8.247978 8.240309 8.243133 8.239981],[0.10616854 0.1067566  0.10940135 0.11154784],[8.275205 8.273342 8.271564 8.269935],[0.10735612 0.10797671 0.10877378 0.10978284]
LSGAINS,E,5e-08,6,True,False,TDD,vanilla,15,[0.35486847 0.6713017  0.9680987  1.0804946 ],[0.16873182 0.31298947 0.4312132  0.47298446],[105.69274 199.97226 288.39352 322.0502 ],[ 51.310078  94.75566  129.78094  141.8061  ],[8.2370825 8.206003  8.180956  8.190773 ],[0.11442038 0.12485535 0.15307303 0.14633895],[8.276046 8.276881 8.277935 8.278976],[0.11304259 0.11515557 0.11746033 0.11958142]
LSGAINS,E,5e-08,9,True,False,TDD,vanilla,15,[0.45702022 0.8283664  1.0955997  1.147564  ],[0.17185543 0.28726566 0.34074256 0.36371216],[137.08907 248.99168 329.54626 345.11472],[ 52.64728  88.21205 104.47643 110.95817],[8.247409 8.194631 8.084304 8.158285],[0.13464117 0.15896098 0.3159287  0.18828456],[8.294175 8.29685  8.298473 8.298301],[0.12703064 0.12796013 0.1290341  0.13212258]
LSGAINS,E,5e-08,12,True,False,TDD,vanilla,15,[0.60360616 1.0142494  1.1640756  1.1439232 ],[0.3602656  0.47887978 0.34844354 0.36512595],[175.72842 294.55682 336.7389  329.2186 ],[103.252174 138.45844  102.27026  104.80677 ],[8.197141 8.140404 8.011476 7.982215],[0.11241633 0.13281922 0.3604238  0.2846872 ],[8.245988  8.241977  8.236683  8.2317295],[0.10888108 0.11287002 0.11957742 0.12670901]
LSGAINS,E,5e-08,15,True,False,TDD,vanilla,15,[0.7630713 1.1795217 1.2245879 1.21077  ],[0.50097877 0.53512657 0.23303081 0.27251616],[224.49947 346.8714  360.57697 356.96014],[145.69972 153.92516  72.87413  85.7389 ],[8.206967  8.157884  8.074044  7.9905663],[0.13786633 0.14759754 0.27668172 0.33457142],[8.262611  8.2612095 8.260151  8.261041 ],[0.13493809 0.13911162 0.14343643 0.14577541]
LSGAINS,E,5e-08,18,True,False,TDD,vanilla,15,[0.8768494 1.1878244 1.0903138 1.1058239],[0.594413   0.55493593 0.34592503 0.3452576 ],[259.39398 353.72726 325.89627 330.34964],[173.29854 165.692   107.30912 108.049  ],[8.219207 8.16436  8.026714 8.021097],[0.14098074 0.16370079 0.4074479  0.25830048],[8.281872 8.281912 8.279536 8.27891 ],[0.13541299 0.14105983 0.14464794 0.14809406]
LSGAINS,E,5e-08,21,True,False,TDD,vanilla,15,[0.9348042 1.1657594 1.0606526 1.1018885],[0.62834483 0.5159017  0.31172958 0.3220041 ],[280.10837 349.97946 320.56564 333.33636],[184.86066  146.6749   102.31819  109.127754],[8.234927 8.17378  8.018652 8.042859],[0.15361305 0.15511382 0.49909204 0.24021408],[8.307358 8.301056 8.291944 8.288347],[0.14678083 0.14288229 0.1493194  0.15211837]
LSGAINS,E,5e-08,24,True,False,TDD,vanilla,15,[1.0837258 1.193518  1.0293071 1.0473945],[0.651927   0.56373435 0.32699627 0.30035937],[324.3671  354.8472  304.73132 309.79932],[198.45941 168.14162  99.17684  92.6604 ],[8.193875 8.145547 7.916353 7.946871],[0.16626067 0.16575101 0.55534023 0.32608208],[8.2875   8.278505 8.268627 8.264957],[0.13044433 0.1344253  0.15097398 0.16351572]
LSGAINS,E,5e-08,27,True,False,TDD,vanilla,15,[1.1417145 1.0900954 1.0849423 1.0876355],[0.5830327  0.42515773 0.22875008 0.25539345],[338.1087  326.77255 326.11288 327.44952],[170.67625 133.14328  72.0989   80.10422],[8.133005  8.153287  7.873788  7.9964695],[0.20906487 0.17073883 0.539941   0.23864153],[8.279845  8.286421  8.2941885 8.295663 ],[0.12928064 0.14179233 0.13784619 0.14801458]
LSGAINS,E,5e-08,33,True,False,TDD,vanilla,15,[1.191159  1.099694  1.0576413 1.0131638],[0.61445874 0.5732251  0.3116602  0.27564758],[358.5434  328.15106 316.1671  304.2006 ],[189.44911 168.28366  96.12464  89.75125],[8.142033  8.154859  7.945112  7.9632444],[0.20133355 0.16419826 0.3956558  0.29393578],[8.287059 8.28844  8.283365 8.28227 ],[0.14250225 0.14087309 0.1485409  0.15866236]
LSGAINS,E,5e-08,36,True,False,TDD,vanilla,15,[1.2876668 1.090166  1.0806971 1.0505283],[0.55761194 0.5086506  0.27998868 0.25075844],[383.7792  323.0882  324.76434 319.44604],[171.76622 146.89313  91.67483  87.90062],[8.102482  8.144215  7.8039904 7.9588737],[0.24838632 0.20209035 0.6268726  0.33695203],[8.281623 8.287588 8.29217  8.30194 ],[0.16172272 0.17149195 0.17695847 0.17350179]
LSGAINS,E,5e-08,42,True,False,TDD,vanilla,15,[1.2633889 1.1527531 1.0532503 1.0135169],[0.58711904 0.60400707 0.31544006 0.28751174],[377.1476  343.75253 314.34305 301.97922],[175.35686 185.16661 100.79719  89.14005],[8.094074  8.147243  7.7644935 7.977003 ],[0.25567713 0.17451942 0.7563884  0.22712064],[8.2850485 8.277092  8.275991  8.2751875],[0.15040708 0.15980272 0.16346732 0.16856034]
LSGAINS,E,2e-07,3,True,False,TDD,vanilla,15,[0.22972012 0.44338554 0.67252123 0.7834268 ],[0.15353474 0.29837862 0.44738176 0.52169406],[ 68.8509  132.90236 201.59108 234.84659],[ 46.04464  89.47658 134.13756 156.42804],[8.253397  8.246671  8.2499075 8.248111 ],[0.04227711 0.04721388 0.04963952 0.05172469],[8.280581 8.280627 8.280685 8.280739],[0.0395242  0.04055545 0.04168786 0.04291362]
LSGAINS,E,2e-07,6,True,False,TDD,vanilla,15,[0.3572918  0.67952967 0.98630935 1.103393  ],[0.16309474 0.3046944  0.42245987 0.46343106],[107.62995 204.72525 297.18152 332.4954 ],[ 49.231064  92.04287  127.79298  140.34639 ],[8.252865 8.218619 8.198813 8.2048  ],[0.04900408 0.07902691 0.1320641  0.11810716],[8.293882 8.294106 8.294251 8.294382],[0.04388142 0.04748659 0.05115881 0.05493952]
LSGAINS,E,2e-07,9,True,False,TDD,vanilla,15,[0.44415352 0.78976583 1.0060401  1.0332509 ],[0.20116492 0.32992902 0.37965626 0.3988088 ],[134.15372 238.90518 304.87476 313.6597 ],[ 60.809677 100.21718  116.88661  124.39367 ],[8.25025  8.200316 7.979176 8.155076],[0.06202364 0.08530185 0.5283507  0.13630906],[8.294298 8.295323 8.296029 8.296503],[0.05927263 0.06526424 0.07138937 0.07772422]
LSGAINS,E,2e-07,12,True,False,TDD,vanilla,15,[0.5295113 0.9079789 1.0839481 1.0821218],[0.29236683 0.41146305 0.34814546 0.3615881 ],[159.49069 273.62625 326.8893  326.51407],[ 88.4621  124.51614 105.51842 109.85852],[8.244841 8.191022 8.005503 8.071308],[0.07489464 0.11309532 0.5274713  0.25847015],[8.292669 8.293591 8.29417  8.294293],[0.06883647 0.07497934 0.08134437 0.08748709]
LSGAINS,E,2e-07,15,True,False,TDD,vanilla,15,[0.7889154 1.1653037 1.1143738 1.0759575],[0.5129534  0.5357864  0.30901566 0.34323233],[236.73953 349.57227 333.79504 322.0266 ],[154.75989 162.65268  93.69956 102.39769],[8.224035 8.169049 8.013712 8.017498],[0.07079128 0.10156761 0.3841264  0.25589117],[8.278367 8.277282 8.276983 8.276869],[0.06547173 0.07076035 0.07667465 0.08393777]
LSGAINS,E,2e-07,18,True,False,TDD,vanilla,15,[0.8448141 1.1516777 1.0692638 1.1060221],[0.59225726 0.54052913 0.3430512  0.3671605 ],[251.3669  342.8732  319.07327 330.11996],[176.04996 161.15758 104.72796 111.15363],[8.202486 8.146251 8.047105 8.016217],[0.09622879 0.13287203 0.40425372 0.2387547 ],[8.273221 8.273726 8.274927 8.276924],[0.07880081 0.08553309 0.09271665 0.09996614]
LSGAINS,E,2e-07,21,True,False,TDD,vanilla,15,[0.90628695 1.1719501  1.0994292  1.1056737 ],[0.58371735 0.5117363  0.3073502  0.2856832 ],[273.0702  353.2229  330.80402 333.26306],[178.8002   159.7066    95.34567   90.368515],[8.223477  8.164315  7.9906063 7.9906287],[0.10469878 0.15340073 0.48588306 0.28827327],[8.2915325 8.292838  8.293352  8.293094 ],[0.09075397 0.09886748 0.10661584 0.11423081]
LSGAINS,E,2e-07,24,True,False,TDD,vanilla,15,[1.058676  1.2190748 1.0995793 1.0894427],[0.59419596 0.45107034 0.28903174 0.28095475],[318.08957 364.56525 327.4734  323.67917],[180.80263 139.47134  90.25017  86.83042],[8.205688  8.143581  7.8563757 7.9392757],[0.10530458 0.1481154  0.6331921  0.2688129 ],[8.283634 8.277485 8.2726   8.268844],[0.0970543  0.10391299 0.1116889  0.11914234]
LSGAINS,E,2e-07,27,True,False,TDD,vanilla,15,[1.066949   1.1116171  0.97857493 1.0187316 ],[0.6381806  0.50967205 0.32962543 0.30240223],[320.98557 336.32947 297.5425  310.4593 ],[192.00504  154.549    104.067856  98.18204 ],[8.175601 8.157217 7.960516 7.992698],[0.15101865 0.1296271  0.5530024  0.23045504],[8.285105 8.289517 8.293083 8.295244],[0.09349079 0.10003035 0.1076677  0.11564252]
LSGAINS,E,2e-07,33,True,False,TDD,vanilla,15,[1.2104088 1.0523045 1.0661727 1.0613289],[0.56979465 0.46828806 0.27166557 0.27674636],[367.35687 320.00058 323.77042 323.5724 ],[177.89154 147.64302  82.83058  82.75061],[8.108406  8.157255  7.8417964 7.9739404],[0.23363152 0.15180078 0.56680405 0.29079646],[8.293463 8.300457 8.306935 8.31096 ],[0.1121941  0.1177948  0.12364822 0.1286118 ]
LSGAINS,E,2e-07,36,True,False,TDD,vanilla,15,[1.150498  1.1482422 1.0759715 1.0819333],[0.60885954 0.51188004 0.28511968 0.278688  ],[337.42462 335.55035 315.82397 320.48755],[178.12047  143.29765   84.3476    90.808266],[8.118011  8.1043215 7.8650417 7.9448195],[0.22424993 0.1457431  0.5624578  0.28552213],[8.260142  8.257455  8.2576065 8.260585 ],[0.10467414 0.11562987 0.12960932 0.14268412]
LSGAINS,E,2e-07,42,True,False,TDD,vanilla,15,[1.2326436 1.2232419 1.0166913 1.020109 ],[0.58650714 0.51506925 0.2826932  0.25686818],[369.1829  364.5823  302.75128 304.48062],[175.6207   150.81317   84.01751   80.871124],[8.132221  8.121788  7.8538084 7.967951 ],[0.22136614 0.16311009 0.6007179  0.2353049 ],[8.285831 8.281849 8.27859  8.276519],[0.10005278 0.10973753 0.12256967 0.13150124]
LSGAINS,E,4e-07,3,True,False,TDD,vanilla,15,[0.24091244 0.4650793  0.70519465 0.8221523 ],[0.15566985 0.30247375 0.45391425 0.53043365],[ 72.15914 139.29283 211.18687 246.17262],[ 46.5665    90.456215 135.70387  158.52278 ],[8.2617445 8.255215  8.258962  8.257132 ],[0.03380079 0.04010108 0.04191077 0.04365109],[8.288958 8.288684 8.288403 8.288102],[0.02915174 0.03073189 0.03247377 0.03435929]
LSGAINS,E,4e-07,6,True,False,TDD,vanilla,15,[0.36738938 0.6962905  1.005051   1.1190585 ],[0.15808052 0.2922886  0.39844444 0.4331131 ],[110.00081 208.44875 300.81665 334.90314],[ 47.65623  88.19129 120.42184 131.14554],[8.24319  8.207437 8.180076 8.186527],[0.04297164 0.06909035 0.1204645  0.1096174 ],[8.284499 8.284238 8.283938 8.283622],[0.03912413 0.0432141  0.04740655 0.05164111]
LSGAINS,E,4e-07,9,True,False,TDD,vanilla,15,[0.45979708 0.83038855 1.0903641  1.1412568 ],[0.17288373 0.28366908 0.33652267 0.3712684 ],[137.79836 248.88695 326.9079  342.26675],[ 51.99075  85.67873 102.62229 113.65069],[8.232616 8.17808  7.989691 8.138402],[0.05444778 0.07811521 0.5166655  0.1275582 ],[8.280015 8.279101 8.278396 8.278026],[0.05211917 0.05833429 0.06446901 0.0706116 ]
LSGAINS,E,4e-07,12,True,False,TDD,vanilla,15,[0.654252  1.0682878 1.1722709 1.1446445],[0.44643548 0.56743836 0.358564   0.36410207],[196.17981 320.62656 352.50595 344.75153],[134.13937 170.5991  109.56517 112.24882],[8.234959 8.183128 8.035419 8.03634 ],[0.06905666 0.09368561 0.5013535  0.28017235],[8.285689 8.28714  8.288548 8.289801],[0.06437866 0.07084928 0.07688569 0.08259344]
LSGAINS,E,4e-07,15,True,False,TDD,vanilla,15,[0.70356834 1.0787833  1.1242217  1.1243777 ],[0.5015584  0.5383538  0.32653493 0.3395385 ],[211.61371 324.85034 339.10388 340.01147],[152.2182  164.25447 101.10241 105.84074],[8.233857 8.182631 8.071341 8.033246],[0.08477736 0.12671393 0.36700398 0.3010681 ],[8.288774 8.291263 8.293829 8.296032],[0.07523514 0.08273138 0.09050899 0.09828036]
LSGAINS,E,4e-07,18,True,False,TDD,vanilla,15,[0.88636833 1.1836836  1.0627875  1.0790317 ],[0.5732971  0.5088089  0.34721005 0.3476586 ],[264.195   352.00827 315.22794 319.53503],[171.1011  150.07127 102.49675 101.93901],[8.214857  8.159906  8.017633  7.9936748],[0.07425585 0.09762242 0.43230474 0.22854279],[8.27856  8.276338 8.274124 8.272226],[0.06968126 0.07664183 0.08386724 0.09061535]
LSGAINS,E,4e-07,21,True,False,TDD,vanilla,15,[0.92360556 1.1610785  1.0366526  1.0568099 ],[0.61194    0.51662916 0.3224469  0.30360207],[273.12872 344.0898  309.2209  315.45065],[178.78587  149.40944   97.74225   95.009346],[8.203204  8.145868  7.998723  7.9988966],[0.10440339 0.13147564 0.4049158  0.2802185 ],[8.276323 8.276242 8.275361 8.274577],[0.09324113 0.10310401 0.11220799 0.12068646]
LSGAINS,E,4e-07,24,True,False,TDD,vanilla,15,[1.0160393 1.133696  1.0517359 1.07646  ],[0.6391668  0.50215375 0.30073848 0.28955644],[304.5978  342.2677  319.53986 328.99384],[190.81282  150.59117   92.949265  92.10184 ],[8.203985 8.16296  7.939505 8.012389],[0.11533251 0.13879849 0.5591418  0.27001607],[8.286703 8.293116 8.298703 8.30418 ],[0.09379449 0.09931406 0.10363212 0.10734849]
LSGAINS,E,4e-07,27,True,False,TDD,vanilla,15,[1.120694  1.0879407 1.0537577 1.0480131],[0.598988   0.49371776 0.29004875 0.28174335],[333.1801  323.9519  316.29553 315.99548],[179.28673  147.80524   91.14101   90.144966],[8.127454 8.143988 7.858416 7.988269],[0.2123799  0.14108595 0.62783605 0.24815243],[8.276787 8.280539 8.284522 8.288042],[0.08973086 0.09296609 0.09940286 0.10667291]
LSGAINS,E,4e-07,33,True,False,TDD,vanilla,15,[1.1832658 1.1291596 1.1066906 1.0707754],[0.56017894 0.49063933 0.22782779 0.23129027],[353.32202 337.32645 329.11996 318.87375],[169.82956 151.10709  68.1664   70.15592],[8.119815 8.120312 7.840713 7.925762],[0.21082519 0.16879737 0.4565116  0.28568417],[8.277195 8.275805 8.276591 8.27708 ],[0.10656009 0.10650315 0.10475279 0.10291509]
LSGAINS,E,4e-07,36,True,False,TDD,vanilla,15,[1.1929034 1.1346009 1.0919287 1.0937135],[0.5996847  0.49651992 0.26386532 0.24950957],[359.81595 340.46277 327.6746  328.29483],[186.1841  150.1467   86.2054   84.87289],[8.151969  8.142995  7.8782063 7.9404006],[0.22594532 0.15560468 0.6007988  0.26832247],[8.287193 8.285667 8.282404 8.278148],[0.11921629 0.12636288 0.12809068 0.12669323]
LSGAINS,E,4e-07,42,True,False,TDD,vanilla,15,[1.2778633 1.1781304 1.0194267 1.0212743],[0.5908753  0.5118232  0.30149493 0.2650573 ],[381.2135  352.39496 304.46423 304.57648],[175.33702 154.66422  93.16892  83.98437],[8.137997  8.134015  7.869276  7.9582133],[0.20888983 0.13562837 0.5323771  0.23452604],[8.284267 8.282584 8.279294 8.275064],[0.1008014  0.10741474 0.11493791 0.12366353]
LSGAINS,B,5e-08,3,True,False,TDD,vanilla,20,[0.27679792 0.53905565 0.825639   0.97282326],[0.12812087 0.25189385 0.38177696 0.4561848 ],[ 78.676575 154.53577  236.09262  276.3557  ],[ 41.44117  81.5987  123.24192 145.91518],[8.2570915 8.179087  8.069208  8.008286 ],[0.2955076 0.3305144 0.391377  0.4343099],[8.310017 8.311025 8.311322 8.311014],[0.28663874 0.29886186 0.31123886 0.32331756]
LSGAINS,B,5e-08,6,True,False,TDD,vanilla,20,[0.39087707 0.7369845  1.062447   1.2015834 ],[0.12914145 0.23881142 0.3281364  0.36815387],[104.57942 200.46027 290.8002  326.57416],[ 46.502193  86.988464 119.74406  132.22807 ],[8.086025  7.8573194 7.4187584 7.2392406],[0.4538595  0.63380677 0.97816193 1.047391  ],[8.200852 8.201836 8.201868 8.201473],[0.3916575  0.39977843 0.40850884 0.41598985]
LSGAINS,B,5e-08,9,True,False,TDD,vanilla,20,[0.49620685 0.8963162  1.1780502  1.2463334 ],[0.1253562  0.20113343 0.2359739  0.28227234],[142.27998 259.92517 343.5475  361.28165],[ 51.477436  87.67274  110.09973  123.400406],[8.124796  7.833935  6.9699183 6.925799 ],[0.50450104 0.75963366 1.2707487  1.3325979 ],[8.251503 8.261046 8.269067 8.268887],[0.43901262 0.44828582 0.46303815 0.4847499 ]
LSGAINS,B,5e-08,12,True,False,TDD,vanilla,20,[0.660172  1.0774896 1.2274084 1.2428054],[0.37267005 0.4505114  0.27445385 0.31909645],[170.76328 287.78497 333.44376 334.84268],[105.53041 145.98521 129.61621 135.71188],[7.9524994 7.5329223 6.753631  6.2977815],[0.5369924 1.009632  1.2665235 1.4162674],[8.1689005 8.177474  8.178661  8.1839   ],[0.42534223 0.456648   0.4968093  0.52424604]
LSGAINS,B,5e-08,15,True,False,TDD,vanilla,20,[0.90911585 1.2969688  1.1800902  1.0985405 ],[0.47118205 0.49758598 0.26965538 0.28776884],[265.66937 386.91626 350.32816 325.1514 ],[162.38087 194.18834 133.52951 127.91326],[8.0512295 7.651144  6.829071  6.317425 ],[0.63773626 0.93181056 1.3768338  1.4758269 ],[8.301512 8.301376 8.295099 8.286509],[0.5188588  0.5244441  0.5284308  0.55424315]
LSGAINS,B,5e-08,18,True,False,TDD,vanilla,20,[0.94902056 1.3053409  1.1747422  1.1613533 ],[0.43245924 0.4145393  0.26680422 0.33714357],[245.55132 347.22903 326.40674 333.30524],[148.5986  165.31026 135.38062 155.87355],[7.673976  6.8775053 6.1450624 5.898115 ],[0.74230003 1.404786   1.5935335  1.5300561 ],[8.143847 8.165355 8.19014  8.226463],[0.5570067  0.5532856  0.5880717  0.64253396]
LSGAINS,B,5e-08,21,True,False,TDD,vanilla,20,[1.1017016 1.3317238 1.1709597 1.1764767],[0.5130988  0.37020287 0.24763703 0.28571826],[278.51962 346.10934 312.74872 325.50778],[158.0177  149.59908 132.97232 135.30751],[7.5843663 6.849491  6.114718  5.8003364],[0.84695745 1.302337   1.3243304  1.4438978 ],[8.123272 8.136701 8.135805 8.15118 ],[0.5637358  0.5555875  0.58310056 0.62311333]
LSGAINS,B,5e-08,24,True,False,TDD,vanilla,20,[1.1081547 1.2694455 1.1695228 1.1174722],[0.49987853 0.37453344 0.1790977  0.19452628],[319.6887  372.3389  345.23645 337.84302],[190.44412 170.60294 128.97314 139.42981],[7.636084  7.0433326 6.2992625 6.019235 ],[0.96068025 1.3424177  1.3142228  1.3267677 ],[8.270131 8.258452 8.255482 8.262504],[0.5118271  0.51376563 0.5234589  0.57083213]
LSGAINS,B,5e-08,27,True,False,TDD,vanilla,20,[1.2439553 1.2665982 1.160303  1.1233661],[0.52257484 0.46547216 0.26947308 0.23427343],[327.32697 330.75992 320.7765  313.8327 ],[188.96533 165.71368 149.13206 144.2101 ],[7.472543  6.8312273 6.006685  5.8136864],[0.8865746 1.3208677 1.5905906 1.5128177],[8.164666 8.149782 8.144778 8.15001 ],[0.5907433 0.6523984 0.6741813 0.6614096]
LSGAINS,B,5e-08,33,True,False,TDD,vanilla,20,[1.3252641 1.2724319 1.1862422 1.1424342],[0.4442589  0.4365268  0.25163555 0.25317475],[382.5094  349.88892 334.96887 324.60855],[207.00264 193.53922 145.86479 148.54755],[7.3623867 6.6734266 6.0718164 5.8437233],[1.2204859 1.5034964 1.4490142 1.5378507],[8.244222 8.21752  8.208188 8.190938],[0.59182024 0.6487663  0.6651303  0.6921988 ]
LSGAINS,B,5e-08,36,True,False,TDD,vanilla,20,[1.3330971 1.2863355 1.1397166 1.1447477],[0.5198186  0.40154654 0.2257646  0.22852005],[374.34045 346.3624  329.4868  332.2871 ],[198.6199  162.1665  153.47444 145.48058],[7.1059246 6.3209257 5.870542  5.542851 ],[1.2863655 1.5723307 1.4394841 1.44385  ],[8.266978 8.223077 8.203336 8.203679],[0.6390856  0.63954604 0.61311203 0.6540083 ]
LSGAINS,B,5e-08,42,True,False,TDD,vanilla,20,[1.4304501 1.2935508 1.0979105 1.0756791],[0.41187295 0.39972854 0.21691895 0.21232687],[400.7261  360.32587 323.0825  329.35446],[224.38086 197.29625 137.96223 149.25873],[6.9796057 6.360797  5.6807995 5.770609 ],[1.4522803 1.505958  1.6549035 1.4539922],[8.1687   8.187472 8.230034 8.259732],[0.55716753 0.59658355 0.6257369  0.63968194]
LSGAINS,B,2e-07,3,True,False,TDD,vanilla,20,[0.24624625 0.48107597 0.7293779  0.8487508 ],[0.14167136 0.27662972 0.4127785  0.48400617],[ 67.953445 133.39078  203.42313  238.0991  ],[ 46.12699   90.579475 136.29295  160.7102  ],[8.078387  7.987773  7.8564324 7.7815337],[0.41665086 0.45627415 0.53681517 0.5964156 ],[8.140387 8.142667 8.144901 8.14683 ],[0.4020315  0.40776485 0.41400665 0.42071086]
LSGAINS,B,2e-07,6,True,False,TDD,vanilla,20,[0.3638111  0.69548094 1.014586   1.143804  ],[0.12098077 0.2235279  0.3052512  0.33522558],[103.615585 199.0865   291.08466  328.17365 ],[ 47.332302  88.59222  122.651054 133.59436 ],[8.072937  7.829975  7.39369   7.1855903],[0.42002982 0.55606186 0.8393033  0.98687875],[8.200198 8.203735 8.207059 8.210534],[0.37354088 0.3805655  0.3896417  0.39972013]
LSGAINS,B,2e-07,9,True,False,TDD,vanilla,20,[0.44662464 0.82599264 1.1222732  1.2066854 ],[0.12190475 0.19696416 0.22102687 0.25095305],[131.2616  243.45158 331.56485 356.71802],[ 52.13154   92.920074 121.338295 134.10475 ],[8.0591545 7.7127743 6.7982836 6.621844 ],[0.43881083 0.58447653 1.0856469  1.163149  ],[8.216351 8.215251 8.214624 8.214304],[0.40763524 0.41026485 0.41645423 0.42503932]
LSGAINS,B,2e-07,12,True,False,TDD,vanilla,20,[0.5726147 0.9797977 1.1782582 1.1851379],[0.26212913 0.32916853 0.22388162 0.23505257],[158.23157 270.51892 322.1125  324.69556],[ 97.901955 140.03412  125.07571  124.71006 ],[7.880471  7.42429   6.466671  6.1116896],[0.5781938  0.90679055 1.3575357  1.3553462 ],[8.120098  8.1142645 8.112743  8.113856 ],[0.43833014 0.4555621  0.47286943 0.49387443]
LSGAINS,B,2e-07,15,True,False,TDD,vanilla,20,[0.8238244 1.2034378 1.125981  1.0840151],[0.455694   0.46032268 0.20951916 0.22714975],[238.09312 351.98526 337.30664 329.96613],[148.835   169.58372 130.42668 133.78436],[7.9147835 7.466311  6.6883345 6.2529783],[0.6129988 0.9185624 1.2123952 1.3516514],[8.197627 8.204034 8.217083 8.230654],[0.48526046 0.50316983 0.5246719  0.5439685 ]
LSGAINS,B,2e-07,18,True,False,TDD,vanilla,20,[0.8832552 1.2395462 1.137968  1.1028277],[0.47569388 0.45195785 0.19065928 0.19497633],[259.62036 368.53207 339.78165 330.81143],[179.48402 200.81621 139.42783 133.44675],[7.8040833 7.25164   6.5527477 6.098349 ],[0.66726613 1.1310745  1.2709343  1.3441195 ],[8.1638975 8.175692  8.188434  8.202102 ],[0.48944053 0.50745434 0.51854205 0.5220388 ]
LSGAINS,B,2e-07,21,True,False,TDD,vanilla,20,[1.0447325 1.2693835 1.1161636 1.1359848],[0.49264836 0.34204653 0.21631065 0.20848405],[301.69946 366.4169  313.34488 317.88947],[166.62299 149.81961 111.41316 103.09035],[7.662531  6.9852543 6.155753  5.8157625],[0.6576514 1.0470676 1.1999513 1.1742904],[8.188612 8.176667 8.144227 8.140654],[0.44568112 0.44044286 0.4572289  0.47989473]
LSGAINS,B,2e-07,24,True,False,TDD,vanilla,20,[1.0911975 1.2814085 1.1177738 1.1163754],[0.48067015 0.34788916 0.19239777 0.18868719],[309.52054 360.01044 317.4667  331.11743],[186.23341  170.92717  125.762596 133.67767 ],[7.5062666 6.8207655 6.0091305 5.873529 ],[0.87231463 1.2540586  1.380171   1.2446927 ],[8.138821 8.121225 8.131564 8.179233],[0.5049219  0.5401905  0.55457497 0.5767097 ]
LSGAINS,B,2e-07,27,True,False,TDD,vanilla,20,[1.1730397 1.2678112 1.124486  1.0882921],[0.45749024 0.38849837 0.1915912  0.17885894],[360.4802  374.31198 332.25256 317.63086],[223.54758 182.6835  131.80898 128.76778],[7.45767  6.79366  6.027501 5.81211 ],[0.9595095 1.3836893 1.2288402 1.2684397],[8.195908 8.177614 8.161719 8.149493],[0.58492225 0.5956014  0.5773279  0.5629562 ]
LSGAINS,B,2e-07,33,True,False,TDD,vanilla,20,[1.3226857 1.1756095 1.1065879 1.0815052],[0.40521765 0.3593972  0.15058279 0.155051  ],[376.05637 333.9911  316.33823 309.91736],[197.21692  171.59818  114.039215 124.54612 ],[7.127684  6.530988  5.930105  5.6620884],[0.9690269 1.237746  1.1770153 1.3044993],[8.113809 8.133947 8.133893 8.112729],[0.5259433  0.55339056 0.55033195 0.5765365 ]
LSGAINS,B,2e-07,36,True,False,TDD,vanilla,20,[1.2736195 1.1946957 1.0888884 1.0910856],[0.45158997 0.34100723 0.18762608 0.18811548],[376.90613 339.86816 306.88962 299.86536],[197.05112 167.17523 130.8565  126.88927],[7.220594  6.6924663 5.7915254 5.659099 ],[1.1874211 1.3541751 1.3545619 1.2945781],[8.202237 8.165164 8.124358 8.063301],[0.48082286 0.5317794  0.5752137  0.61029977]
LSGAINS,B,2e-07,42,True,False,TDD,vanilla,20,[1.338974  1.2576412 1.0781448 1.0893003],[0.44050807 0.34838265 0.17965512 0.2191084 ],[373.79587 351.68317 299.8586  295.4948 ],[189.58038 154.09619 119.32713 110.73041],[6.999189  6.2878914 5.7516522 5.389464 ],[1.2559503  1.3007479  0.9891184  0.98346585],[8.116588  8.1407385 8.108494  8.074529 ],[0.5461969 0.5206076 0.5220433 0.5106325]
LSGAINS,B,4e-07,3,True,False,TDD,vanilla,20,[0.25505677 0.49918553 0.7603413  0.8890955 ],[0.13752435 0.26964548 0.40544862 0.47879812],[ 76.974075 151.06218  230.5946   270.01462 ],[ 45.698784  89.64323  135.13646  159.49643 ],[8.155335  8.079493  7.9755845 7.9199824],[0.34292483 0.36988497 0.41908288 0.4536044 ],[8.20847  8.210395 8.212237 8.213969],[0.3344236  0.33968472 0.345037   0.3505006 ]
LSGAINS,B,4e-07,6,True,False,TDD,vanilla,20,[0.3802324  0.72716665 1.0550618  1.1883005 ],[0.11280661 0.20679452 0.27185953 0.29339492],[111.92016 214.81625 312.24933 351.90628],[ 43.558372  81.384544 111.801704 123.36356 ],[8.078106 7.859798 7.438672 7.257625],[0.33745047 0.4261502  0.67485183 0.79578424],[8.184885 8.185724 8.186444 8.187491],[0.3219428  0.32802498 0.33519444 0.34295762]
LSGAINS,B,4e-07,9,True,False,TDD,vanilla,20,[0.4713865  0.86328346 1.1506692  1.2115344 ],[0.12010483 0.18990844 0.20866263 0.23464641],[138.377   253.09262 337.09607 354.32516],[ 49.378326  85.87302  105.60046  113.19202 ],[8.06467  7.76586  6.921661 6.783962],[0.35073304 0.5038313  0.9582017  1.017568  ],[8.193824  8.191843  8.1865635 8.178488 ],[0.33316842 0.33920407 0.35002944 0.36504003]
LSGAINS,B,4e-07,12,True,False,TDD,vanilla,20,[0.5920799 1.0012352 1.177711  1.1788193],[0.28801003 0.36197585 0.2095414  0.21123601],[171.4439  292.50946 346.20328 349.02948],[ 90.176895 123.01691  101.84411  106.90047 ],[7.9582496 7.599281  6.8085785 6.318243 ],[0.3947704 0.6501408 1.034349  1.1202828],[8.155842 8.160818 8.163987 8.167347],[0.32843766 0.33568707 0.35014966 0.36756453]
LSGAINS,B,4e-07,15,True,False,TDD,vanilla,20,[0.8267421 1.2253087 1.1673228 1.1148918],[0.43214896 0.43423617 0.18552274 0.20896244],[238.39891 355.4692  342.16504 328.55444],[144.97568  163.5349   117.740776 126.39662 ],[7.8439326 7.361551  6.6530156 6.2119145],[0.53965914 0.9300817  1.1359806  1.2395    ],[8.153601 8.155079 8.152278 8.149134],[0.4101913  0.43171167 0.44939846 0.460384  ]
LSGAINS,B,4e-07,18,True,False,TDD,vanilla,20,[0.9013994 1.2300743 1.1153404 1.1037422],[0.4688127  0.39323092 0.18257213 0.17470904],[253.62436 352.13116 327.96362 327.4576 ],[146.25198 142.93355 117.67084 120.92113],[7.723973  7.126929  6.3691955 5.912    ],[0.6104521 0.9404832 1.0821977 1.1924793],[8.1320305 8.13783   8.141356  8.146609 ],[0.42991513 0.4332563  0.4316455  0.42852738]
LSGAINS,B,4e-07,21,True,False,TDD,vanilla,20,[1.0106745 1.2271361 1.0624267 1.0796105],[0.5264288  0.38454068 0.18870443 0.14859301],[300.4806  363.08694 311.9191  314.53003],[187.13898 164.09143 109.82982 111.81757],[7.7442784 7.092351  6.2376823 5.8557215],[0.5058468 0.8775479 0.9575846 0.9448594],[8.166336 8.156872 8.151517 8.130608],[0.39600894 0.41945392 0.43816084 0.45606455]
LSGAINS,B,4e-07,24,True,False,TDD,vanilla,20,[1.119185  1.2113147 1.096764  1.1185919],[0.5170983  0.298408   0.16026962 0.14715284],[331.5202  363.7779  337.56964 346.15057],[175.0669   130.32811  113.451904 105.64118 ],[7.581648  6.9300666 6.163213  6.035951 ],[0.6668404 1.0514864 1.0967463 1.0782313],[8.199759 8.205041 8.207555 8.21912 ],[0.404768   0.4265331  0.43737403 0.43781117]
LSGAINS,B,4e-07,27,True,False,TDD,vanilla,20,[1.2183366 1.1389717 1.0768777 1.0541793],[0.45401224 0.34063542 0.1293649  0.11796381],[352.2853  319.55655 306.47375 301.37277],[162.315    119.46269   91.74103   81.860146],[7.329655  6.7065363 5.821758  5.7732496],[0.77620345 1.1208261  0.9448184  1.0057828 ],[8.149215 8.11694  8.104062 8.116798],[0.3806188  0.3709262  0.37762547 0.39070326]
LSGAINS,B,4e-07,33,True,False,TDD,vanilla,20,[1.2366188 1.0898962 1.0829281 1.0424563],[0.412059   0.32479197 0.12796062 0.12844647],[385.92072 349.02557 341.76572 327.3238 ],[187.23305 157.69847 107.26686 111.54268],[7.2229834 6.658158  6.0181427 5.809584 ],[0.990521  1.0625173 1.0848138 1.013149 ],[8.246285 8.265709 8.252912 8.226303],[0.46850497 0.45464966 0.43810764 0.45476887]
LSGAINS,B,4e-07,36,True,False,TDD,vanilla,20,[1.2959164 1.157523  1.0780175 1.0666176],[0.4253276  0.29502165 0.1233739  0.09781811],[357.53918 323.50598 312.39667 320.44812],[168.81805  131.90088   93.86961  101.419136],[6.8745213 6.1707845 5.669566  5.511145 ],[1.0498227 1.2101774 1.1371806 0.9746872],[8.057566 8.079075 8.129921 8.168677],[0.40291405 0.39826265 0.40041897 0.40959847]
LSGAINS,B,4e-07,42,True,False,TDD,vanilla,20,[1.4764801 1.2896076 1.0704011 1.0472147],[0.3166804  0.36841434 0.159056   0.13239239],[424.93683 365.21497 312.3222  308.7177 ],[156.24565  152.85716  115.23458   96.026535],[6.948395  6.348295  5.8360853 5.7177258],[1.1711353  1.2587852  1.1592504  0.93694717],[8.131211  8.1205845 8.131761  8.168282 ],[0.45830318 0.46788168 0.48357803 0.44281054]
LSGAINS,E,5e-08,3,True,False,TDD,vanilla,20,[0.24708661 0.48366347 0.7375293  0.8585394 ],[0.14418782 0.28026703 0.4190253  0.49060127],[ 73.79427 144.31584 219.83983 255.7894 ],[ 44.6484   86.73494 129.61447 151.7526 ],[8.264141 8.256243 8.250525 8.245996],[0.10697287 0.10769798 0.1100206  0.11203309],[8.275205 8.273342 8.271564 8.269935],[0.10735612 0.10797671 0.10877378 0.10978284]
LSGAINS,E,5e-08,6,True,False,TDD,vanilla,20,[0.34997165 0.66806746 0.96677727 1.0794787 ],[0.16840376 0.31275287 0.43103942 0.47289702],[104.27233 199.03137 288.00696 321.75644],[ 51.200027  94.67418  129.72588  141.78288 ],[8.260018  8.240511  8.2099085 8.211661 ],[0.11370321 0.1194423  0.13975832 0.13918802],[8.276046 8.276881 8.277935 8.278976],[0.11304259 0.11515557 0.11746033 0.11958142]
LSGAINS,E,5e-08,9,True,False,TDD,vanilla,20,[0.45206946 0.8252155  1.0943873  1.1465809 ],[0.17147861 0.28706565 0.34069207 0.36367774],[135.63411 248.05922 329.18942 344.82907],[ 52.525475  88.13628  104.461395 110.956535],[8.27394  8.243771 8.15255  8.194252],[0.13137497 0.14830042 0.23935547 0.17673013],[8.294175 8.29685  8.298473 8.298301],[0.12703064 0.12796013 0.1290341  0.13212258]
LSGAINS,E,5e-08,12,True,False,TDD,vanilla,20,[0.59852827 1.0108249  1.1627101  1.142823  ],[0.36021897 0.47866642 0.3483356  0.36513388],[174.28311 293.58374 336.35532 328.90845],[103.23217  138.39845  102.24555  104.814865],[8.223139 8.186418 8.081637 8.048757],[0.10990954 0.12098803 0.28613883 0.22764286],[8.245988  8.241977  8.236683  8.2317295],[0.10888108 0.11287002 0.11957742 0.12670901]
LSGAINS,E,5e-08,15,True,False,TDD,vanilla,20,[0.75792915 1.1762356  1.2232605  1.2096713 ],[0.5007658  0.53517455 0.23301718 0.27252504],[223.02943 345.92657 360.19815 356.64862],[145.65053  153.94371   72.873566  85.740746],[8.2339   8.199184 8.122947 8.059878],[0.1375097  0.14523213 0.23967743 0.27617267],[8.262611  8.2612095 8.260151  8.261041 ],[0.13493809 0.13911162 0.14343643 0.14577541]
LSGAINS,E,5e-08,18,True,False,TDD,vanilla,20,[0.87191755 1.1845297  1.0889554  1.1047131 ],[0.5943514  0.55480695 0.34577966 0.34508598],[257.96475 352.77695 325.503   330.0291 ],[173.31575 165.6644  107.25962 108.01143],[8.247263 8.2071   8.086575 8.089987],[0.13747185 0.15273483 0.34404168 0.21794501],[8.281872 8.281912 8.279536 8.27891 ],[0.13541299 0.14105983 0.14464794 0.14809406]
LSGAINS,E,5e-08,21,True,False,TDD,vanilla,20,[0.9300643 1.1623807 1.0593783 1.100784 ],[0.6284139  0.51570207 0.3116791  0.32191217],[278.70593 348.99664 320.1956  333.0135 ],[184.9191   146.6606   102.30551  109.081604],[8.263861 8.215374 8.074353 8.102314],[0.15155414 0.15382996 0.44901597 0.21705186],[8.307358 8.301056 8.291944 8.288347],[0.14678083 0.14288229 0.1493194  0.15211837]
LSGAINS,E,5e-08,24,True,False,TDD,vanilla,20,[1.0790516 1.1902114 1.0279342 1.0462751],[0.6520449  0.5638224  0.3269505  0.30026722],[323.0044  353.89032 304.33887 309.48526],[198.49194  168.18361   99.17934   92.645454],[8.227687  8.184671  7.9913545 8.024491 ],[0.15321161 0.1573666  0.46631792 0.28007433],[8.2875   8.278505 8.268627 8.264957],[0.13044433 0.1344253  0.15097398 0.16351572]
LSGAINS,E,5e-08,27,True,False,TDD,vanilla,20,[1.1366668 1.0869621 1.0837768 1.0866895],[0.5828003  0.4249664  0.2286787  0.25538614],[336.6576  325.86148 325.78018 327.17545],[170.6436  133.10449  72.08727  80.11972],[8.200742 8.198571 7.986027 8.072729],[0.1503079  0.16223907 0.43592504 0.21149647],[8.279845  8.286421  8.2941885 8.295663 ],[0.12928064 0.14179233 0.13784619 0.14801458]
LSGAINS,E,5e-08,33,True,False,TDD,vanilla,20,[1.1859632 1.0963463 1.056486  1.0120112],[0.61439085 0.5731207  0.31162623 0.27557802],[357.02954 327.1758  315.83572 303.87476],[189.43039  168.25716   96.13579   89.730255],[8.19908  8.194091 8.038999 8.037041],[0.16687384 0.15694554 0.30361596 0.26367846],[8.287059 8.28844  8.283365 8.28227 ],[0.14250225 0.14087309 0.1485409  0.15866236]
LSGAINS,E,5e-08,36,True,False,TDD,vanilla,20,[1.2824779 1.0867848 1.0793674 1.0495225],[0.5574836  0.508277   0.27991247 0.25076348],[382.28943 322.12225 324.38577 319.14267],[171.74284 146.8484   91.66773  87.88357],[8.174851 8.186313 7.921337 8.038147],[0.2008461 0.1964281 0.5192805 0.3129275],[8.281623 8.287588 8.29217  8.30194 ],[0.16172272 0.17149195 0.17695847 0.17350179]
LSGAINS,E,5e-08,42,True,False,TDD,vanilla,20,[1.2584473 1.1494336 1.0519936 1.0124229],[0.587096   0.6040709  0.31539285 0.28753555],[375.72116 342.79056 313.97723 301.66153],[175.37221 185.16626 100.77166  89.14118],[8.168561 8.185016 7.879584 8.052433],[0.19218116 0.16938895 0.63607264 0.20678535],[8.2850485 8.277092  8.275991  8.2751875],[0.15040708 0.15980272 0.16346732 0.16856034]
LSGAINS,E,2e-07,3,True,False,TDD,vanilla,20,[0.22528866 0.44055095 0.6713614  0.7824879 ],[0.15321757 0.2982141  0.44723788 0.52162147],[ 67.52777 132.05563 201.24483 234.56593],[ 45.949127  89.42668  134.09505  156.40627 ],[8.269033 8.262051 8.257041 8.253893],[0.04048944 0.04395346 0.04851612 0.05106698],[8.280581 8.280627 8.280685 8.280739],[0.0395242  0.04055545 0.04168786 0.04291362]
LSGAINS,E,2e-07,6,True,False,TDD,vanilla,20,[0.35269555 0.67650414 0.98510575 1.1023866 ],[0.16279685 0.30448112 0.42235616 0.46331105],[106.24913 203.81529 296.8186  332.1922 ],[ 49.138084  91.97659  127.760605 140.30978 ],[8.276066 8.253274 8.22494  8.224213],[0.04719068 0.0694562  0.12039848 0.11093432],[8.293882 8.294106 8.294251 8.294382],[0.04388142 0.04748659 0.05115881 0.05493952]
LSGAINS,E,2e-07,9,True,False,TDD,vanilla,20,[0.43950787 0.78680974 1.0049465  1.0322714 ],[0.20094787 0.3298918  0.3796235  0.39872816],[132.76132 238.0182  304.54593 313.36615],[ 60.74005  100.196976 116.86918  124.3664  ],[8.275209 8.247327 8.076122 8.191776],[0.05964849 0.0716674  0.38129723 0.11969438],[8.294298 8.295323 8.296029 8.296503],[0.05927263 0.06526424 0.07138937 0.07772422]
LSGAINS,E,2e-07,12,True,False,TDD,vanilla,20,[0.5249123 0.9049416 1.0827392 1.0810348],[0.2920884  0.41130656 0.34805396 0.36148858],[158.1082  272.7143  326.5291  326.19318],[ 88.375275 124.46823  105.4955   109.83976 ],[8.26867   8.232238  8.0737705 8.128242 ],[0.07091859 0.09602886 0.43752664 0.2002005 ],[8.292669 8.293591 8.29417  8.294293],[0.06883647 0.07497934 0.08134437 0.08748709]
LSGAINS,E,2e-07,15,True,False,TDD,vanilla,20,[0.78419685 1.1621639  1.1131929  1.0749754 ],[0.512714   0.5355382  0.30902487 0.34325087],[235.33896 348.64163 333.44522 321.73395],[154.69324 162.59082  93.70765 102.40627],[8.251056 8.212766 8.078175 8.083885],[0.06911186 0.09083843 0.33156836 0.21376996],[8.278367 8.277282 8.276983 8.276869],[0.06547173 0.07076035 0.07667465 0.08393777]
LSGAINS,E,2e-07,18,True,False,TDD,vanilla,20,[0.83978105 1.148457   1.0679998  1.104898  ],[0.5920281  0.54047495 0.3429582  0.36702904],[249.87479 341.9136  318.69757 329.7872 ],[175.99364 161.13855 104.69965 111.1185 ],[8.231677 8.187089 8.090781 8.077385],[0.09237244 0.12344331 0.37925014 0.20513548],[8.273221 8.273726 8.274927 8.276924],[0.07880081 0.08553309 0.09271665 0.09996614]
LSGAINS,E,2e-07,21,True,False,TDD,vanilla,20,[0.90159774 1.1686856  1.0980945  1.1046271 ],[0.5838336  0.5116614  0.30706966 0.28558236],[271.66586 352.24945 330.40805 332.95038],[178.82277 159.68341  95.27163  90.33266],[8.252119 8.207951 8.05872  8.068556],[0.10059732 0.13913454 0.41259298 0.2414935 ],[8.2915325 8.292838  8.293352  8.293094 ],[0.09075397 0.09886748 0.10661584 0.11423081]
LSGAINS,E,2e-07,24,True,False,TDD,vanilla,20,[1.0537403 1.2157834 1.0984607 1.0884084],[0.59404796 0.45083806 0.28902397 0.28099474],[316.6249  363.59335 327.14377 323.3735 ],[180.75961  139.40262   90.23512   86.829735],[8.236591 8.187629 7.942104 8.022968],[0.10179587 0.13739653 0.54935557 0.22451767],[8.283634 8.277485 8.2726   8.268844],[0.0970543  0.10391299 0.1116889  0.11914234]
LSGAINS,E,2e-07,27,True,False,TDD,vanilla,20,[1.0621548  1.108456   0.97748125 1.0177253 ],[0.6377945  0.50930125 0.32962108 0.3024174 ],[319.55032 335.3802  297.2125  310.1535 ],[191.87924  154.4381   104.05917   98.170494],[8.219895 8.1987   8.034658 8.067025],[0.11839778 0.12294784 0.5000756  0.19615859],[8.285105 8.289517 8.293083 8.295244],[0.09349079 0.10003035 0.1076677  0.11564252]
LSGAINS,E,2e-07,33,True,False,TDD,vanilla,20,[1.2056693 1.0491877 1.0649132 1.0602591],[0.5698989  0.46825314 0.27160546 0.2766687 ],[365.9478  319.06848 323.3926  323.2487 ],[177.91966 147.64209  82.82591  82.73476],[8.184935 8.199225 7.959131 8.050648],[0.16621456 0.14342894 0.46043602 0.27225184],[8.293463 8.300457 8.306935 8.31096 ],[0.1121941  0.1177948  0.12364822 0.1286118 ]
LSGAINS,E,2e-07,36,True,False,TDD,vanilla,20,[1.1454235 1.1449096 1.0747368 1.0808978],[0.6087209  0.511538   0.28504872 0.27855763],[335.94977 334.58505 315.46426 320.18872],[178.11084  143.21976   84.33811   90.774826],[8.175412  8.1483755 7.959227  8.02492  ],[0.16302599 0.13930252 0.46187326 0.25171044],[8.260142  8.257455  8.2576065 8.260585 ],[0.10467414 0.11562987 0.12960932 0.14268412]
LSGAINS,E,2e-07,42,True,False,TDD,vanilla,20,[1.2277622 1.2199106 1.015491  1.0190972],[0.5864154  0.5150864  0.28270334 0.25684547],[367.73077 363.5943  302.3931  304.18155],[175.61217  150.83763   84.014496  80.87237 ],[8.183804  8.165169  7.9446807 8.049214 ],[0.18042015 0.15315388 0.51404643 0.21029015],[8.285831 8.281849 8.27859  8.276519],[0.10005278 0.10973753 0.12256967 0.13150124]
LSGAINS,E,4e-07,3,True,False,TDD,vanilla,20,[0.23632488 0.46203977 0.70398337 0.82117254],[0.1552481  0.302208   0.45375687 0.5303551 ],[ 70.79067 138.3877  210.82751 245.88239],[ 46.44114  90.37734 135.6581  158.50047],[8.277612 8.270771 8.266139 8.262996],[0.03080286 0.03536983 0.04016053 0.04255611],[8.288958 8.288684 8.288403 8.288102],[0.02915174 0.03073189 0.03247377 0.03435929]
LSGAINS,E,4e-07,6,True,False,TDD,vanilla,20,[0.36255574 0.6930577  1.0038278  1.1180191 ],[0.15771076 0.29198626 0.39832705 0.43300232],[108.55814 207.4831  300.44992 334.5918 ],[ 47.542057  88.09742  120.384766 131.10976 ],[8.266921  8.2439575 8.209487  8.208133 ],[0.04123712 0.05776498 0.10135241 0.09816425],[8.284499 8.284238 8.283938 8.283622],[0.03912413 0.0432141  0.04740655 0.05164111]
LSGAINS,E,4e-07,9,True,False,TDD,vanilla,20,[0.45497102 0.8272778  1.0891806  1.1402884 ],[0.17279005 0.28356165 0.33651057 0.3712497 ],[136.36157 247.95943 326.55457 341.97656],[ 51.962837  85.64423  102.61597  113.643005],[8.259226 8.226455 8.077902 8.174029],[0.0530506  0.06895597 0.3759913  0.11415733],[8.280015 8.279101 8.278396 8.278026],[0.05211917 0.05833429 0.06446901 0.0706116 ]
LSGAINS,E,4e-07,12,True,False,TDD,vanilla,20,[0.64958864 1.0650963  1.1709539  1.1435375 ],[0.44638467 0.5673145  0.3584541  0.3640509 ],[194.78531 319.67136 352.11157 344.42053],[134.12485 170.5625  109.53317 112.23469],[8.259985 8.225619 8.096157 8.09866 ],[0.06662707 0.0820244  0.4404951  0.23179014],[8.285689 8.28714  8.288548 8.289801],[0.06437866 0.07084928 0.07688569 0.08259344]
LSGAINS,E,4e-07,15,True,False,TDD,vanilla,20,[0.69866323 1.0753762  1.1228195  1.1232799 ],[0.5015638  0.53825426 0.32639384 0.33944693],[210.14767 323.82617 338.6829  339.68204],[152.22083 164.21962 101.05978 105.81129],[8.259797  8.2239895 8.124142  8.096116 ],[0.08156054 0.11439369 0.3240403  0.2579317 ],[8.288774 8.291263 8.293829 8.296032],[0.07523514 0.08273138 0.09050899 0.09828036]
LSGAINS,E,4e-07,18,True,False,TDD,vanilla,20,[0.8815518 1.1802641 1.0614672 1.0779693],[0.57358754 0.50874174 0.34722555 0.3476003 ],[262.77103 350.9943  314.83633 319.2204 ],[171.19246  150.0526   102.49618  101.918015],[8.244131 8.202441 8.074801 8.065066],[0.07226309 0.09046367 0.38178003 0.18708514],[8.27856  8.276338 8.274124 8.272226],[0.06968126 0.07664183 0.08386724 0.09061535]
LSGAINS,E,4e-07,21,True,False,TDD,vanilla,20,[0.9188631 1.1580683 1.0354484 1.0558269],[0.6117584  0.5164434  0.32246384 0.30347657],[271.72443 343.20428 308.86826 315.16562],[178.74905 149.37733  97.75332  94.98335],[8.232386 8.189325 8.065289 8.068758],[0.10051803 0.12350702 0.33332604 0.24383804],[8.276323 8.276242 8.275361 8.274577],[0.09324113 0.10310401 0.11220799 0.12068646]
LSGAINS,E,4e-07,24,True,False,TDD,vanilla,20,[1.0113376 1.1304193 1.0504335 1.0754107],[0.6392784  0.50212896 0.30068052 0.28952894],[303.19287 341.27786 319.14304 328.67358],[190.87941 150.59085  92.91195  92.07975],[8.235994 8.205021 8.016414 8.080502],[0.1093157  0.12813587 0.47038078 0.2381855 ],[8.286703 8.293116 8.298703 8.30418 ],[0.09379449 0.09931406 0.10363212 0.10734849]
LSGAINS,E,4e-07,27,True,False,TDD,vanilla,20,[1.1161386 1.0847378 1.0525727 1.0470887],[0.59927154 0.49382442 0.29014677 0.28184566],[331.82968 322.99658 315.94547 315.71915],[179.38068 147.84236  91.17721  90.17068],[8.185371  8.187074  7.9569173 8.068225 ],[0.15971175 0.12827575 0.54010445 0.20527537],[8.276787 8.280539 8.284522 8.288042],[0.08973086 0.09296609 0.09940286 0.10667291]
LSGAINS,E,4e-07,33,True,False,TDD,vanilla,20,[1.178501  1.1260579 1.1054463 1.0696905],[0.5602134  0.49064982 0.22782698 0.23130484],[351.9135  336.41788 328.75632 318.5533 ],[169.83844 151.12772  68.18977  70.15985],[8.182575  8.1644    7.9547687 8.006495 ],[0.155221   0.15382588 0.3473199  0.2538983 ],[8.277195 8.275805 8.276591 8.27708 ],[0.10656009 0.10650315 0.10475279 0.10291509]
LSGAINS,E,4e-07,36,True,False,TDD,vanilla,20,[1.1879953 1.1315317 1.0904872 1.0925331],[0.5995645  0.49656808 0.26384228 0.24955237],[358.35153 339.5504  327.24893 327.9457 ],[186.13638  150.17545   86.200165  84.87396 ],[8.204788 8.187079 7.969571 8.020556],[0.18034591 0.14678134 0.52425253 0.23367657],[8.287193 8.285667 8.282404 8.278148],[0.11921629 0.12636288 0.12809068 0.12669323]
LSGAINS,E,4e-07,42,True,False,TDD,vanilla,20,[1.2729725 1.1748939 1.0182413 1.0203309],[0.5906128  0.5115374  0.30145106 0.26509655],[379.75647 351.43417 304.11722 304.2967 ],[175.2617  154.57849  93.17019  83.99627],[8.191247 8.174572 7.966732 8.035533],[0.15652817 0.12773456 0.4300872  0.20550613],[8.284267 8.282584 8.279294 8.275064],[0.1008014  0.10741474 0.11493791 0.12366353]
LSGAINS,B,5e-08,3,True,False,TDD,vanilla,25,[0.27373645 0.5369796  0.82476586 0.97209924],[0.12810394 0.25191566 0.38177148 0.45620865],[ 78.21713 154.23027 235.95927 276.24792],[ 41.44512   81.602844 123.23154  145.91223 ],[8.262315 8.184057 8.071454 8.01015 ],[0.29512593 0.33019596 0.3912606  0.43420154],[8.310017 8.311025 8.311322 8.311014],[0.28663874 0.29886186 0.31123886 0.32331756]
LSGAINS,B,5e-08,6,True,False,TDD,vanilla,25,[0.3876073  0.73476183 1.0616002  1.2008704 ],[0.1287811  0.23845014 0.32797626 0.36790004],[104.13687 200.1713  290.68466 326.4902 ],[ 46.461224  86.96929  119.7438   132.24138 ],[8.093444  7.8674126 7.4261217 7.244862 ],[0.45332304 0.6348856  0.9787796  1.0481522 ],[8.200852 8.201836 8.201868 8.201473],[0.3916575  0.39977843 0.40850884 0.41598985]
LSGAINS,B,5e-08,9,True,False,TDD,vanilla,25,[0.4930578 0.8942287 1.1772329 1.2456149],[0.12479479 0.20085363 0.23574822 0.2820404 ],[141.84064 259.6348  343.43903 361.18985],[ 51.471844  87.66137  110.11251  123.41302 ],[8.133808  7.84938   6.9877415 6.935846 ],[0.5020889  0.75799036 1.2700279  1.3339589 ],[8.251503 8.261046 8.269067 8.268887],[0.43901262 0.44828582 0.46303815 0.4847499 ]
LSGAINS,B,5e-08,12,True,False,TDD,vanilla,25,[0.65656084 1.0750595  1.226392   1.2419298 ],[0.37211263 0.4497344  0.27416456 0.31883675],[170.30766 287.50842 333.33243 334.74173],[105.499214 145.98212  129.62732  135.72192 ],[7.961095  7.5449357 6.7671967 6.307427 ],[0.53494257 1.0100317  1.2647259  1.4174608 ],[8.1689005 8.177474  8.178661  8.1839   ],[0.42534223 0.456648   0.4968093  0.52424604]
LSGAINS,B,5e-08,15,True,False,TDD,vanilla,25,[0.9059735 1.2949247 1.1792318 1.0979264],[0.47103143 0.4976114  0.26939562 0.28764498],[265.2031  386.59222 350.19293 325.04852],[162.36298 194.16917 133.53531 127.92787],[8.0591345 7.662246  6.8410964 6.332247 ],[0.63519645 0.9296404  1.3788668  1.478596  ],[8.301512 8.301376 8.295099 8.286509],[0.5188588  0.5244441  0.5284308  0.55424315]
LSGAINS,B,5e-08,18,True,False,TDD,vanilla,25,[0.94557935 1.302967   1.1737481  1.1604887 ],[0.4326816  0.4142861  0.26667595 0.33650154],[245.10281 346.91614 326.27615 333.2122 ],[148.63344 165.32541 135.38913 155.88312],[7.683363  6.8897014 6.1563854 5.9109077],[0.7390609 1.4028594 1.5955973 1.5324011],[8.143847 8.165355 8.19014  8.226463],[0.5570067  0.5532856  0.5880717  0.64253396]
LSGAINS,B,5e-08,21,True,False,TDD,vanilla,25,[1.0982565 1.3292722 1.16983   1.1756883],[0.512924   0.3698354  0.24743615 0.28543845],[278.04767 345.7772  312.6092  325.42606],[158.02512 149.60141 132.98427 135.31587],[7.5941463 6.860446  6.1261144 5.8148932],[0.8446865 1.3038394 1.3258448 1.4456841],[8.123272 8.136701 8.135805 8.15118 ],[0.5637358  0.5555875  0.58310056 0.62311333]
LSGAINS,B,5e-08,24,True,False,TDD,vanilla,25,[1.1050647 1.2672234 1.1686296 1.1167487],[0.49977815 0.37423038 0.17893064 0.19449313],[319.26337 372.0247  345.10672 337.74527],[190.432   170.5799  128.97552 139.44579],[7.6465974 7.055766  6.314427  6.0350366],[0.9582679 1.3418018 1.3146452 1.3278868],[8.270131 8.258452 8.255482 8.262504],[0.5118271  0.51376563 0.5234589  0.57083213]
LSGAINS,B,5e-08,27,True,False,TDD,vanilla,25,[1.2399855 1.2641232 1.1593049 1.1224613],[0.5216508  0.4650097  0.2691149  0.23402171],[326.87338 330.46194 320.65182 313.71594],[188.9668  165.75159 149.12549 144.23476],[7.485507  6.8437624 6.0221367 5.8286414],[0.88418376 1.318513   1.5922122  1.5150174 ],[8.164666 8.149782 8.144778 8.15001 ],[0.5907433 0.6523984 0.6741813 0.6614096]
LSGAINS,B,5e-08,33,True,False,TDD,vanilla,25,[1.3216224 1.2697052 1.1852527 1.1416513],[0.44389856 0.43590632 0.25141105 0.25280413],[382.02136 349.54572 334.84708 324.51358],[207.032   193.57709 145.87978 148.54347],[7.3762665 6.6848817 6.0897717 5.8579936],[1.22129   1.5020068 1.4509614 1.5398833],[8.244222 8.21752  8.208188 8.190938],[0.59182024 0.6487663  0.6651303  0.6921988 ]
LSGAINS,B,5e-08,36,True,False,TDD,vanilla,25,[1.3292973 1.2839106 1.1387837 1.1439897],[0.51834124 0.40095028 0.22575869 0.22834119],[373.87665 346.02753 329.3671  332.19443],[198.65065 162.17847 153.48198 145.49342],[7.1191063 6.3328733 5.8841558 5.5577617],[1.2826543 1.5697101 1.4402978 1.443953 ],[8.266978 8.223077 8.203336 8.203679],[0.6390856  0.63954604 0.61311203 0.6540083 ]
LSGAINS,B,5e-08,42,True,False,TDD,vanilla,25,[1.4267681 1.2914319 1.0971354 1.0750412],[0.4116447  0.39953697 0.21705715 0.2125153 ],[400.28214 360.05704 322.97742 329.26572],[224.3917  197.36748 137.9739  149.26721],[6.9952235 6.371859  5.69707   5.787854 ],[1.449878  1.5073047 1.6561728 1.4564118],[8.1687   8.187472 8.230034 8.259732],[0.55716753 0.59658355 0.6257369  0.63968194]
LSGAINS,B,2e-07,3,True,False,TDD,vanilla,25,[0.24412543 0.47968826 0.7288413  0.8482876 ],[0.14169317 0.2766498  0.4127579  0.4839868 ],[ 67.52005 133.10486 203.31718 238.00629],[ 46.105396  90.56845  136.29427  160.7136  ],[8.08397   7.9931765 7.8588476 7.7835174],[0.41646248 0.45621562 0.5368328  0.59640425],[8.140387 8.142667 8.144901 8.14683 ],[0.4020315  0.40776485 0.41400665 0.42071086]
LSGAINS,B,2e-07,6,True,False,TDD,vanilla,25,[0.361544   0.69394404 1.0139899  1.1433077 ],[0.12091648 0.22350305 0.3052646  0.33522597],[103.15432 198.77394 290.9568  328.0664 ],[ 47.30404  88.57388 122.64606 133.58438],[8.0803995 7.8394833 7.3996935 7.1902714],[0.4197416  0.5571509  0.84091544 0.9875817 ],[8.200198 8.203735 8.207059 8.210534],[0.37354088 0.3805655  0.3896417  0.39972013]
LSGAINS,B,2e-07,9,True,False,TDD,vanilla,25,[0.4444934  0.82453054 1.1217251  1.2062167 ],[0.12191481 0.19696605 0.22105817 0.25095564],[130.80588 243.14102 331.45844 356.63242],[ 52.10039   92.90328  121.343414 134.11049 ],[8.0675335 7.7253017 6.809329  6.6293545],[0.43829447 0.58573544 1.0853444  1.1646501 ],[8.216351 8.215251 8.214624 8.214304],[0.40763524 0.41026485 0.41645423 0.42503932]
LSGAINS,B,2e-07,12,True,False,TDD,vanilla,25,[0.5702275 0.9781298 1.1775154 1.1844988],[0.26248616 0.3294225  0.22402    0.2351629 ],[157.78996 270.20178 321.97018 324.58017],[ 97.94345  140.01369  125.045746 124.69556 ],[7.8891997 7.4369807 6.477266  6.1206274],[0.5768358 0.9071769 1.3591952 1.3559108],[8.120098  8.1142645 8.112743  8.113856 ],[0.43833014 0.4555621  0.47286943 0.49387443]
LSGAINS,B,2e-07,15,True,False,TDD,vanilla,25,[0.82141167 1.2018496  1.1253905  1.0834962 ],[0.45562926 0.46025088 0.20944388 0.22711338],[237.63446 351.6935  337.19055 329.85147],[148.85115 169.61865 130.42125 133.77573],[7.9233675 7.4775057 6.7016478 6.2670827],[0.61130404 0.91807055 1.2109706  1.3533236 ],[8.197627 8.204034 8.217083 8.230654],[0.48526046 0.50316983 0.5246719  0.5439685 ]
LSGAINS,B,2e-07,18,True,False,TDD,vanilla,25,[0.88091606 1.2379911  1.137378   1.1022563 ],[0.4757753  0.45203826 0.1906553  0.19502668],[259.1911  368.24005 339.66522 330.7079 ],[179.50026 200.79977 139.41814 133.46962],[7.813589  7.2640724 6.5656285 6.1131096],[0.66516817 1.1309038  1.27163    1.3455544 ],[8.1638975 8.175692  8.188434  8.202102 ],[0.48944053 0.50745434 0.51854205 0.5220388 ]
LSGAINS,B,2e-07,21,True,False,TDD,vanilla,25,[1.0424814 1.267733  1.1155181 1.13545  ],[0.49278843 0.3419978  0.21618208 0.20830867],[301.24292 366.11374 313.22626 317.7778 ],[166.62007  149.82591  111.404724 103.06161 ],[7.672535  6.996879  6.167633  5.8316016],[0.655797  1.0477446 1.2013371 1.1761954],[8.188612 8.176667 8.144227 8.140654],[0.44568112 0.44044286 0.4572289  0.47989473]
LSGAINS,B,2e-07,24,True,False,TDD,vanilla,25,[1.088776  1.2795744 1.1170775 1.1158623],[0.4807344  0.34776166 0.19227318 0.18860199],[309.07364 359.67496 317.3351  331.01837],[186.24878 170.93443 125.78097 133.67902],[7.516743  6.83288   6.0214    5.8888564],[0.8707818 1.2537589 1.3828579 1.2456625],[8.138821 8.121225 8.131564 8.179233],[0.5049219  0.5401905  0.55457497 0.5767097 ]
LSGAINS,B,2e-07,27,True,False,TDD,vanilla,25,[1.1704264 1.2661173 1.1238438 1.0876521],[0.45743755 0.38847354 0.19156434 0.17882375],[359.98553 374.01535 332.11234 317.5103 ],[223.53918 182.74542 131.81302 128.7896 ],[7.4699483 6.806165  6.042238  5.82765  ],[0.9580919 1.3821887 1.2330582 1.2709607],[8.195908 8.177614 8.161719 8.149493],[0.58492225 0.5956014  0.5773279  0.5629562 ]
LSGAINS,B,2e-07,33,True,False,TDD,vanilla,25,[1.3201332 1.1739684 1.10591   1.0808783],[0.40501484 0.35930347 0.15056379 0.15497169],[375.5652  333.69125 316.21173 309.81177],[197.15974  171.59148  114.032036 124.56421 ],[7.1441145 6.543181  5.949267  5.6772957],[0.9665177 1.2368821 1.1755289 1.3056349],[8.113809 8.133947 8.133893 8.112729],[0.5259433  0.55339056 0.55033195 0.5765365 ]
LSGAINS,B,2e-07,36,True,False,TDD,vanilla,25,[1.2710167 1.1929458 1.0880809 1.0905436],[0.4513145  0.3406786  0.18740945 0.18799421],[376.37552 339.57208 306.75388 299.77414],[196.99622 167.19826 130.86809 126.88593],[7.235252  6.704352  5.80656   5.6766567],[1.1852056 1.3539096 1.3557996 1.2971355],[8.202237 8.165164 8.124358 8.063301],[0.48082286 0.5317794  0.5752137  0.61029977]
LSGAINS,B,2e-07,42,True,False,TDD,vanilla,25,[1.3363949 1.2560799 1.0775673 1.0887389],[0.44045922 0.348288   0.17952739 0.21897331],[373.31583 351.3782  299.743   295.40118],[189.60133  154.07256  119.30528  110.723145],[7.013598 6.298754 5.765989 5.402795],[1.2542404  1.3001117  0.98626405 0.9864824 ],[8.116588  8.1407385 8.108494  8.074529 ],[0.5461969 0.5206076 0.5220433 0.5106325]
LSGAINS,B,4e-07,3,True,False,TDD,vanilla,25,[0.2532038  0.4979657  0.75988215 0.8886877 ],[0.13745187 0.26958305 0.40540305 0.47875577],[ 76.5175  150.7631  230.47733 269.91348],[ 45.65725   89.613365 135.11089  159.47598 ],[8.1612215 8.08512   7.9781256 7.922085 ],[0.3428416  0.36989272 0.4190804  0.45360124],[8.20847  8.210395 8.212237 8.213969],[0.3344236  0.33968472 0.345037   0.3505006 ]
LSGAINS,B,4e-07,6,True,False,TDD,vanilla,25,[0.37829602 0.72586405 1.0545738  1.187878  ],[0.11287721 0.20683694 0.2718598  0.29336548],[111.45613 214.49988 312.12717 351.80814],[ 43.51513   81.347916 111.79659  123.36151 ],[8.086093  7.870299  7.4458866 7.2629213],[0.3370018  0.42631024 0.6749654  0.7960128 ],[8.184885 8.185724 8.186444 8.187491],[0.3219428  0.32802498 0.33519444 0.34295762]
LSGAINS,B,4e-07,9,True,False,TDD,vanilla,25,[0.46939903 0.86198616 1.1501354  1.2111207 ],[0.12016296 0.18995988 0.20866783 0.23469192],[137.89946 252.79309 336.97256 354.2284 ],[ 49.37737   85.8859   105.585434 113.19744 ],[8.074339  7.781549  6.9377217 6.793283 ],[0.34980458 0.50432616 0.95663613 1.0191689 ],[8.193824  8.191843  8.1865635 8.178488 ],[0.33316842 0.33920407 0.35002944 0.36504003]
LSGAINS,B,4e-07,12,True,False,TDD,vanilla,25,[0.5900354 0.9998355 1.1771765 1.1783911],[0.28798768 0.36181593 0.20948182 0.2112215 ],[170.95187 292.17728 346.07935 348.93503],[ 90.143005 122.97573  101.834366 106.90614 ],[7.967058  7.6118298 6.821031  6.3290057],[0.3937728 0.6510131 1.0358759 1.1204493],[8.155842 8.160818 8.163987 8.167347],[0.32843766 0.33568707 0.35014966 0.36756453]
LSGAINS,B,4e-07,15,True,False,TDD,vanilla,25,[0.8245995 1.2239046 1.166763  1.114443 ],[0.4320156  0.4342487  0.18553665 0.20899548],[237.9162  355.1603  342.04553 328.46024],[144.9227  163.50511 117.74525 126.40519],[7.8529606 7.373684  6.665581  6.226332 ],[0.53878653 0.93095964 1.1363169  1.2399954 ],[8.153601 8.155079 8.152278 8.149134],[0.4101913  0.43171167 0.44939846 0.460384  ]
LSGAINS,B,4e-07,18,True,False,TDD,vanilla,25,[0.8992114 1.228757  1.1148944 1.1033275],[0.4686378  0.3931502  0.18255247 0.17466658],[253.14111 351.82153 327.85913 327.36865],[146.21548 142.88977 117.6681  120.9232 ],[7.7340593 7.13937   6.3809657 5.925843 ],[0.60879934 0.941535   1.084499   1.1943976 ],[8.1320305 8.13783   8.141356  8.146609 ],[0.42991513 0.4332563  0.4316455  0.42852738]
LSGAINS,B,4e-07,21,True,False,TDD,vanilla,25,[1.0086192 1.2257429 1.0619637 1.0791979],[0.52635556 0.38444552 0.18868223 0.1486234 ],[300.01804 362.79044 311.82727 314.44028],[187.07773 164.10884 109.8209  111.80625],[7.7542377 7.103917  6.2490654 5.8719773],[0.50463265 0.8791147  0.9600872  0.9476279 ],[8.166336 8.156872 8.151517 8.130608],[0.39600894 0.41945392 0.43816084 0.45606455]
LSGAINS,B,4e-07,24,True,False,TDD,vanilla,25,[1.1172527 1.20999   1.0962026 1.1181282],[0.51714516 0.29841173 0.16021977 0.14715242],[331.08273 363.4748  337.4533  346.04663],[175.07957  130.34804  113.46883  105.634674],[7.5925093 6.941894  6.1769347 6.051418 ],[0.66520405 1.05309    1.0988374  1.0792221 ],[8.199759 8.205041 8.207555 8.21912 ],[0.404768   0.4265331  0.43737403 0.43781117]
LSGAINS,B,4e-07,27,True,False,TDD,vanilla,25,[1.2163155 1.1376418 1.0764034 1.0537632],[0.45398343 0.34062505 0.12934473 0.1178997 ],[351.829   319.25876 306.36887 301.2822 ],[162.30345  119.439095  91.75582   81.85518 ],[7.3452454 6.718514  5.839587  5.789442 ],[0.77549803 1.1219666  0.9494742  1.007596  ],[8.149215 8.11694  8.104062 8.116798],[0.3806188  0.3709262  0.37762547 0.39070326]
LSGAINS,B,4e-07,33,True,False,TDD,vanilla,25,[1.234693  1.088652  1.0824172 1.042096 ],[0.41208586 0.32474458 0.12797073 0.12841527],[385.47406 348.71298 341.65308 327.2362 ],[187.25256  157.68364  107.26984  111.531525],[7.239155  6.6702466 6.0368037 5.82368  ],[0.9892164 1.0617981 1.0851614 1.015314 ],[8.246285 8.265709 8.252912 8.226303],[0.46850497 0.45464966 0.43810764 0.45476887]
LSGAINS,B,4e-07,36,True,False,TDD,vanilla,25,[1.2938555 1.1560161 1.0774579 1.0662383],[0.42533222 0.29511872 0.12333959 0.09778483],[357.13223 323.1692  312.29327 320.36652],[168.82707 131.90138  93.89948 101.45023],[6.8890233 6.183958  5.685429  5.5265307],[1.0500373  1.2104315  1.1390556  0.97683185],[8.057566 8.079075 8.129921 8.168677],[0.40291405 0.39826265 0.40041897 0.40959847]
LSGAINS,B,4e-07,42,True,False,TDD,vanilla,25,[1.4742002 1.2881459 1.0698409 1.0467339],[0.3166216  0.36825585 0.15892193 0.13224135],[424.45325 364.91617 312.19833 308.61255],[156.27597  152.85278  115.21858   96.024414],[6.963082 6.35964  5.851979 5.733915],[1.1722142  1.2583839  1.1600726  0.94022965],[8.131211  8.1205845 8.131761  8.168282 ],[0.45830318 0.46788168 0.48357803 0.44281054]
LSGAINS,E,5e-08,3,True,False,TDD,vanilla,25,[0.24560948 0.4827242  0.7371809  0.8582707 ],[0.14403148 0.280178   0.41897434 0.4905869 ],[ 73.36486 144.04399 219.7387  255.71252],[ 44.59656  86.70457 129.5985  151.74828],[8.269306 8.26134  8.252861 8.247868],[0.10735432 0.10825256 0.11029219 0.1122262 ],[8.275205 8.273342 8.271564 8.269935],[0.10735612 0.10797671 0.10877378 0.10978284]
LSGAINS,E,5e-08,6,True,False,TDD,vanilla,25,[0.3484274 0.6670147 0.9663939 1.0791355],[0.16824657 0.31260535 0.43100235 0.47283337],[103.82548 198.72739 287.89844 321.65866],[ 51.143936  94.62702  129.71535  141.76453 ],[8.267374  8.251738  8.2194395 8.218482 ],[0.11361194 0.11879797 0.13686891 0.13754985],[8.276046 8.276881 8.277935 8.278976],[0.11304259 0.11515557 0.11746033 0.11958142]
LSGAINS,E,5e-08,9,True,False,TDD,vanilla,25,[0.45062092 0.824242   1.0939977  1.1462371 ],[0.17147069 0.28705353 0.34066972 0.36365408],[135.21309 247.77716 329.07324 344.72534],[ 52.53185   88.1417   104.455536 110.95034 ],[8.282453  8.259748  8.1765785 8.205966 ],[0.13037749 0.14558306 0.21393168 0.17367847],[8.294175 8.29685  8.298473 8.298301],[0.12703064 0.12796013 0.1290341  0.13212258]
LSGAINS,E,5e-08,12,True,False,TDD,vanilla,25,[0.5969236 1.0098368 1.1623468 1.142542 ],[0.36019742 0.47873613 0.34831598 0.3651109 ],[173.83209 293.3084  336.25156 328.82947],[103.233185 138.42123  102.23737  104.80697 ],[8.231502 8.201549 8.10677  8.07165 ],[0.10925512 0.11813561 0.25745043 0.20929046],[8.245988  8.241977  8.236683  8.2317295],[0.10888108 0.11287002 0.11957742 0.12670901]
LSGAINS,E,5e-08,15,True,False,TDD,vanilla,25,[0.7562778 1.1751261 1.2228172 1.209283 ],[0.5006886  0.53525466 0.23299432 0.27250418],[222.55229 345.61038 360.0723  356.5377 ],[145.62378  153.96747   72.878685  85.74072 ],[8.242579 8.212656 8.139508 8.083336],[0.13744919 0.14502758 0.22657317 0.25838655],[8.262611  8.2612095 8.260151  8.261041 ],[0.13493809 0.13911162 0.14343643 0.14577541]
LSGAINS,E,5e-08,18,True,False,TDD,vanilla,25,[0.8703281 1.1835179 1.0886145 1.1044323],[0.5942838  0.55475813 0.34582505 0.34514165],[257.50568 352.48105 325.40186 329.94504],[173.30254 165.65364 107.27243 108.01315],[8.256336 8.221099 8.107069 8.113494],[0.13643485 0.14981093 0.32268903 0.20571823],[8.281872 8.281912 8.279536 8.27891 ],[0.13541299 0.14105983 0.14464794 0.14809406]
LSGAINS,E,5e-08,21,True,False,TDD,vanilla,25,[0.92848945 1.1614782  1.0590283  1.10051   ],[0.62830406 0.51569444 0.31167483 0.32195902],[278.24634 348.7294  320.0954  332.9372 ],[184.90303 146.65858 102.30513 109.10107],[8.273212 8.228869 8.093995 8.122216],[0.15101086 0.15386501 0.43029258 0.21095648],[8.307358 8.301056 8.291944 8.288347],[0.14678083 0.14288229 0.1493194  0.15211837]
LSGAINS,E,5e-08,24,True,False,TDD,vanilla,25,[1.0774622 1.1892563 1.0275719 1.0459447],[0.65196824 0.5637751  0.32690266 0.30028462],[322.53897 353.61417 304.23267 309.3889 ],[198.47133  168.16838   99.156815  92.64347 ],[8.2386265 8.197348  8.017616  8.050535 ],[0.14960545 0.15513618 0.43715212 0.26561555],[8.2875   8.278505 8.268627 8.264957],[0.13044433 0.1344253  0.15097398 0.16351572]
LSGAINS,E,5e-08,27,True,False,TDD,vanilla,25,[1.1351434 1.0859547 1.0833248 1.0862902],[0.5827864  0.4251905  0.22866228 0.2554162 ],[336.2125  325.57086 325.64938 327.05762],[170.63367  133.17604   72.08787   80.124725],[8.224323 8.213166 8.027054 8.097759],[0.13804753 0.15976423 0.39868227 0.2040714 ],[8.279845  8.286421  8.2941885 8.295663 ],[0.12928064 0.14179233 0.13784619 0.14801458]
LSGAINS,E,5e-08,33,True,False,TDD,vanilla,25,[1.1844795 1.0953157 1.0560478 1.0116558],[0.61449575 0.5731653  0.31160477 0.27558064],[356.60284 326.87546 315.7075  303.7671 ],[189.46127 168.27379  96.12387  89.73454],[8.218546 8.206771 8.0721   8.06239 ],[0.15970527 0.1551295  0.27091482 0.25324175],[8.287059 8.28844  8.283365 8.28227 ],[0.14250225 0.14087309 0.1485409  0.15866236]
LSGAINS,E,5e-08,36,True,False,TDD,vanilla,25,[1.2809744 1.0857364 1.0789219 1.0491902],[0.55751276 0.5082419  0.2798835  0.25073802],[381.84848 321.8118  324.25812 319.04858],[171.73972 146.83035  91.6735   87.8798 ],[8.200191 8.200077 7.965909 8.066045],[0.18928145 0.19475655 0.4728189  0.30269635],[8.281623 8.287588 8.29217  8.30194 ],[0.16172272 0.17149195 0.17695847 0.17350179]
LSGAINS,E,5e-08,42,True,False,TDD,vanilla,25,[1.2568053 1.1484194 1.0516073 1.0121452],[0.58690447 0.6038756  0.3153809  0.28749797],[375.23923 342.49918 313.86615 301.58136],[175.31432  185.10626  100.768295  89.13027 ],[8.194267  8.197365  7.9213347 8.077558 ],[0.17558263 0.16798072 0.591308   0.20129691],[8.2850485 8.277092  8.275991  8.2751875],[0.15040708 0.15980272 0.16346732 0.16856034]
LSGAINS,E,2e-07,3,True,False,TDD,vanilla,25,[0.22383963 0.43957746 0.67103463 0.78220475],[0.15306439 0.29809988 0.44723338 0.52160114],[ 67.09628 131.7662  201.14821 234.48213],[ 45.90392  89.39361 134.09511 156.40128],[8.274008 8.266955 8.259309 8.255744],[0.04018875 0.04342439 0.0482736  0.05088841],[8.280581 8.280627 8.280685 8.280739],[0.0395242  0.04055545 0.04168786 0.04291362]
LSGAINS,E,2e-07,6,True,False,TDD,vanilla,25,[0.35119018 0.6755156  0.98473185 1.1021091 ],[0.1627342  0.30444503 0.4223684  0.46334925],[105.798065 203.51808  296.7065   332.1099  ],[ 49.11986   91.965126 127.76667  140.32341 ],[8.28352  8.264634 8.233606 8.230685],[0.04701319 0.06772813 0.11768586 0.10894562],[8.293882 8.294106 8.294251 8.294382],[0.04388142 0.04748659 0.05115881 0.05493952]
LSGAINS,E,2e-07,9,True,False,TDD,vanilla,25,[0.43807912 0.7858606  1.004586   1.0319669 ],[0.20086183 0.32980385 0.37959206 0.39870852],[132.33134 237.733   304.43823 313.27466],[ 60.710606 100.169556 116.86143  124.35963 ],[8.283194 8.26262  8.112108 8.203664],[0.0591645  0.06926589 0.32131132 0.11525207],[8.294298 8.295323 8.296029 8.296503],[0.05927263 0.06526424 0.07138937 0.07772422]
LSGAINS,E,2e-07,12,True,False,TDD,vanilla,25,[0.5232958 0.903888  1.0823592 1.0807147],[0.29201114 0.41130304 0.34804025 0.36148185],[157.62582 272.3998  326.4144  326.09485],[ 88.361244 124.474434 105.49293  109.834206],[8.276308 8.245635 8.098572 8.14736 ],[0.06990776 0.09166647 0.39983338 0.18273851],[8.292669 8.293591 8.29417  8.294293],[0.06883647 0.07497934 0.08134437 0.08748709]
LSGAINS,E,2e-07,15,True,False,TDD,vanilla,25,[0.7825718 1.1611366 1.1128136 1.0746357],[0.5126405  0.5355229  0.30897734 0.34321612],[234.85547 348.33734 333.33188 321.63223],[154.6678   162.58768   93.6935   102.393654],[8.259746 8.227061 8.101111 8.106444],[0.06872669 0.08854306 0.30753222 0.20072077],[8.278367 8.277282 8.276983 8.276869],[0.06547173 0.07076035 0.07667465 0.08393777]
LSGAINS,E,2e-07,18,True,False,TDD,vanilla,25,[0.8382247 1.1474203 1.0675724 1.104546 ],[0.5920245  0.54050887 0.34296    0.3670346 ],[249.41557 341.60852 318.57196 329.68362],[175.9943   161.15503  104.702705 111.12368 ],[8.241069 8.200287 8.105205 8.09782 ],[0.09135255 0.12133402 0.37007993 0.1950638 ],[8.273221 8.273726 8.274927 8.276924],[0.07880081 0.08553309 0.09271665 0.09996614]
LSGAINS,E,2e-07,21,True,False,TDD,vanilla,25,[0.89993787 1.1677362  1.0977817  1.1043602 ],[0.583669   0.5116287  0.30712548 0.28559896],[271.17126 351.96753 330.31598 332.8746 ],[178.76595 159.66562  95.28988  90.34768],[8.261393  8.222163  8.082974  8.0948515],[0.09945185 0.13505538 0.38397282 0.22782299],[8.2915325 8.292838  8.293352  8.293094 ],[0.09075397 0.09886748 0.10661584 0.11423081]
LSGAINS,E,2e-07,24,True,False,TDD,vanilla,25,[1.0520169 1.2147229 1.0980891 1.0881209],[0.59391975 0.45078382 0.2890326  0.28092495],[316.11276 363.2794  327.03406 323.28937],[180.71753 139.38213  90.24317  86.81544],[8.246486  8.202009  7.9729424 8.051622 ],[0.10091174 0.1342899  0.5160603  0.21016929],[8.283634 8.277485 8.2726   8.268844],[0.0970543  0.10391299 0.1116889  0.11914234]
LSGAINS,E,2e-07,27,True,False,TDD,vanilla,25,[1.0605483 1.1073836 0.9770783 1.0173815],[0.63774556 0.50930303 0.32955065 0.30240053],[319.07153 335.06165 297.0917  310.05032],[191.86842  154.43991  104.039375  98.16419 ],[8.234615 8.212111 8.062496 8.091475],[0.11122123 0.12135859 0.46231434 0.18670316],[8.285105 8.289517 8.293083 8.295244],[0.09349079 0.10003035 0.1076677  0.11564252]
LSGAINS,E,2e-07,33,True,False,TDD,vanilla,25,[1.204186  1.0481634 1.0644995 1.0600051],[0.57001615 0.46824673 0.2716018  0.2767051 ],[365.5075  318.7594  323.26895 323.17142],[177.95879 147.63326  82.83267  82.74426],[8.211721 8.212874 8.002032 8.0767  ],[0.1484455  0.14095761 0.42426255 0.26585293],[8.293463 8.300457 8.306935 8.31096 ],[0.1121941  0.1177948  0.12364822 0.1286118 ]
LSGAINS,E,2e-07,36,True,False,TDD,vanilla,25,[1.1439424 1.1438845 1.0743858 1.0805544],[0.60866475 0.5115347  0.2850638  0.2786228 ],[335.51227 334.2839  315.3623  320.0881 ],[178.08475 143.21896  84.34136  90.79005],[8.195654 8.162553 7.994046 8.05205 ],[0.14235613 0.13813356 0.41956532 0.23925771],[8.260142  8.257455  8.2576065 8.260585 ],[0.10467414 0.11562987 0.12960932 0.14268412]
LSGAINS,E,2e-07,42,True,False,TDD,vanilla,25,[1.2262063 1.2188933 1.0150669 1.0187442],[0.586384   0.51506066 0.28265873 0.25682652],[367.26614 363.29483 302.2694  304.07626],[175.60043 150.84724  84.0138   80.8621 ],[8.200974 8.179174 7.977    8.076182],[0.16930452 0.15021008 0.48178062 0.20307969],[8.285831 8.281849 8.27859  8.276519],[0.10005278 0.10973753 0.12256967 0.13150124]
LSGAINS,E,4e-07,3,True,False,TDD,vanilla,25,[0.23491435 0.46115538 0.7036736  0.8209217 ],[0.15514305 0.30215716 0.45377156 0.530356  ],[ 70.36915 138.12303 210.73445 245.80704],[ 46.410145  90.36123  135.66206  158.50037 ],[8.282705 8.275785 8.268445 8.26487 ],[0.03013972 0.03436552 0.03970448 0.04227069],[8.288958 8.288684 8.288403 8.288102],[0.02915174 0.03073189 0.03247377 0.03435929]
LSGAINS,E,4e-07,6,True,False,TDD,vanilla,25,[0.36117867 0.69219023 1.0034521  1.1177053 ],[0.15767986 0.29200763 0.39833412 0.4330185 ],[108.14937 207.22621 300.33862 334.49893],[ 47.533203  88.1042   120.38682  131.11595 ],[8.274489 8.255765 8.219017 8.215135],[0.04116192 0.05619232 0.09691468 0.09528528],[8.284499 8.284238 8.283938 8.283622],[0.03912413 0.0432141  0.04740655 0.05164111]
LSGAINS,E,4e-07,9,True,False,TDD,vanilla,25,[0.45349258 0.82624114 1.0887647  1.1399747 ],[0.17270145 0.28348365 0.3364852  0.37125155],[135.9213  247.6508  326.43152 341.88486],[ 51.933945  85.61714  102.60806  113.64517 ],[8.267789 8.242311 8.111999 8.18565 ],[0.05290748 0.06797948 0.31526634 0.11105505],[8.280015 8.279101 8.278396 8.278026],[0.05211917 0.05833429 0.06446901 0.0706116 ]
LSGAINS,E,4e-07,12,True,False,TDD,vanilla,25,[0.64810365 1.0641472  1.1705978  1.1432055 ],[0.44639823 0.5673169  0.3584212  0.36398286],[194.34254 319.3871  352.00446 344.321  ],[134.13016 170.56236 109.52262 112.21834],[8.267947 8.239377 8.116697 8.119663],[0.06607533 0.07958448 0.4214644  0.21623628],[8.285689 8.28714  8.288548 8.289801],[0.06437866 0.07084928 0.07688569 0.08259344]
LSGAINS,E,4e-07,15,True,False,TDD,vanilla,25,[0.69718146 1.0744065  1.1224473  1.122986  ],[0.5015467  0.5381731  0.32636043 0.33943105],[209.70506 323.53546 338.57117 339.59348],[152.21295  164.18912  101.045944 105.8038  ],[8.268128 8.237557 8.142636 8.116934],[0.08060264 0.11114769 0.30645528 0.24708052],[8.288774 8.291263 8.293829 8.296032],[0.07523514 0.08273138 0.09050899 0.09828036]
LSGAINS,E,4e-07,18,True,False,TDD,vanilla,25,[0.87997246 1.179328   1.0611058  1.0776829 ],[0.57341695 0.5087632  0.34723443 0.3475974 ],[262.30527 350.72067 314.7308  319.13736],[171.14    150.05382 102.49308 101.92031],[8.253467 8.216057 8.094398 8.088993],[0.07195378 0.08933577 0.36189818 0.1747647 ],[8.27856  8.276338 8.274124 8.272226],[0.06968126 0.07664183 0.08386724 0.09061535]
LSGAINS,E,4e-07,21,True,False,TDD,vanilla,25,[0.91736555 1.1569917  1.0350318  1.055477  ],[0.6118053  0.51644266 0.32241967 0.3034401 ],[271.2785  342.88245 308.7444  315.061  ],[178.76775  149.3708    97.73917   94.965775],[8.241715 8.203375 8.089101 8.092891],[0.09943301 0.12171097 0.30535835 0.23168822],[8.276323 8.276242 8.275361 8.274577],[0.09324113 0.10310401 0.11220799 0.12068646]
LSGAINS,E,4e-07,24,True,False,TDD,vanilla,25,[1.0098228 1.1294564 1.0500723 1.0750953],[0.6392505  0.5021193  0.30064335 0.28953326],[302.73596 340.99106 319.03745 328.5797 ],[190.86742  150.59407   92.91492   92.089485],[8.2464285 8.218616  8.043522  8.103208 ],[0.10768182 0.12537082 0.43775216 0.22820689],[8.286703 8.293116 8.298703 8.30418 ],[0.09379449 0.09931406 0.10363212 0.10734849]
LSGAINS,E,4e-07,27,True,False,TDD,vanilla,25,[1.11458   1.0837935 1.0521781 1.0467668],[0.5992553  0.49378753 0.29011396 0.2817869 ],[331.37476 322.71802 315.827   315.62222],[179.3828  147.83391  91.16334  90.15442],[8.205231  8.200987  7.9924984 8.095106 ],[0.14414026 0.12483636 0.5055848  0.19117321],[8.276787 8.280539 8.284522 8.288042],[0.08973086 0.09296609 0.09940286 0.10667291]
LSGAINS,E,4e-07,33,True,False,TDD,vanilla,25,[1.1769571 1.1250764 1.1050515 1.0693582],[0.5601916  0.49074638 0.22782697 0.23130874],[351.45728 336.12686 328.6384  318.45547],[169.83728 151.15158  68.18969  70.16383],[8.204241  8.17871   7.9957776 8.032931 ],[0.13944532 0.1492505  0.3098632  0.24507533],[8.277195 8.275805 8.276591 8.27708 ],[0.10656009 0.10650315 0.10475279 0.10291509]
LSGAINS,E,4e-07,36,True,False,TDD,vanilla,25,[1.1863872 1.1304506 1.0900913 1.0922488],[0.5997299  0.4965379  0.26379916 0.24958117],[357.8778  339.22855 327.13104 327.8626 ],[186.19604 150.16124  86.19287  84.88795],[8.222414 8.20133  8.002295 8.048234],[0.16693895 0.1443672  0.49413055 0.22312874],[8.287193 8.285667 8.282404 8.278148],[0.11921629 0.12636288 0.12809068 0.12669323]
LSGAINS,E,4e-07,42,True,False,TDD,vanilla,25,[1.2716208 1.173921  1.0178084 1.0200146],[0.59068096 0.5114671  0.30147472 0.26512685],[379.35236 351.14667 303.98798 304.2054 ],[175.29193 154.5558   93.17516  84.01032],[8.209341 8.187801 8.002573 8.061172],[0.14033762 0.1255622  0.38923743 0.19721685],[8.284267 8.282584 8.279294 8.275064],[0.1008014  0.10741474 0.11493791 0.12366353]
