model,cm,ds,ms,is_gen,is_U2D,scenario,noise_type,noise_degree,nmse_mean,nmse_std,mse_mean,mse_std,se_mean,se_std,se0_mean,se0_std
DDK8,A,5e-08,3,True,False,TDD,vanilla,0,[0.04687751 0.06928757 0.10052028 0.14222977],[0.02494276 0.03785018 0.05775763 0.08902831],[ 8.645441 13.342225 20.250694 29.626802],[ 3.1401732  6.189145  11.108641  18.428629 ],[8.209757 8.199445 8.181416 8.15377 ],[0.3683014  0.38663334 0.40947402 0.44009587],[8.233838 8.237641 8.241822 8.246357],[0.36562672 0.3805851  0.39700893 0.4147793 ]
DDK8,A,5e-08,6,True,False,TDD,vanilla,0,[0.06074046 0.09722952 0.14216523 0.19918917],[0.02950473 0.05377541 0.07799082 0.11582724],[11.594896 18.421974 27.954351 40.529724],[ 3.8853018  7.1143894 13.308289  22.914322 ],[8.249459 8.227874 8.194689 8.15173 ],[0.4485817  0.49069452 0.53627545 0.58632725],[8.28204  8.2848   8.287399 8.290143],[0.44220755 0.47809482 0.5148415  0.55173457]
DDK8,A,5e-08,9,True,False,TDD,vanilla,0,[0.08815889 0.15587436 0.22048377 0.28182736],[0.07509954 0.18075947 0.17082104 0.20136216],[13.05119 22.05408 34.5464  49.15997],[ 4.4046497  9.359978  17.138926  27.3169   ],[8.191253 8.141613 8.077381 8.002305],[0.56106293 0.6283688  0.7043976  0.7922824 ],[8.232175 8.218963 8.206256 8.19461 ],[0.5494946  0.6048245  0.66238713 0.7200331 ]
DDK8,A,5e-08,12,True,False,TDD,vanilla,0,[0.08889604 0.16323239 0.2435155  0.3639214 ],[0.06152315 0.12462532 0.1829201  0.31593356],[14.712831 27.36924  43.239887 67.37508 ],[ 4.8830805 11.846519  22.87541   41.978977 ],[8.120849  8.069693  8.004743  7.9001527],[0.58236134 0.6653542  0.75761056 0.8576032 ],[8.1713705 8.169162  8.165635  8.1618185],[0.5680532  0.6353437  0.7046337  0.77285534]
DDK8,A,5e-08,15,True,False,TDD,vanilla,0,[0.09998392 0.18428484 0.2875823  0.4356801 ],[0.08066083 0.13468751 0.23703596 0.3541273 ],[17.852747 34.682922 57.475624 90.05075 ],[ 7.369857 18.603363 38.675697 72.174614],[8.167499  8.103215  8.030667  7.9125133],[0.7478191  0.84697574 0.9539752  1.0711393 ],[8.229278 8.228537 8.234898 8.246084],[0.716445   0.7802941  0.83712816 0.889672  ]
DDK8,A,5e-08,18,True,False,TDD,vanilla,0,[0.14520946 0.30968472 0.4518949  0.68152106],[0.14602979 0.53590655 0.57534415 0.88616884],[ 19.413239  37.53639   64.196884 102.26954 ],[ 7.210356 18.46301  39.749653 74.094376],[8.088166  8.012675  7.9029408 7.721243 ],[0.86580557 0.96501434 1.0994492  1.2772733 ],[8.165414 8.166351 8.164887 8.15692 ],[0.8150258 0.8670547 0.9366969 1.025056 ]
DDK8,A,5e-08,21,True,False,TDD,vanilla,0,[0.14706321 0.2633649  0.4065492  0.5666021 ],[0.12484422 0.2373735  0.3326692  0.41260993],[ 21.546265  41.568882  70.70556  113.24138 ],[ 9.605231 22.73662  44.52899  84.21802 ],[8.00952   7.896875  7.7459035 7.5114617],[0.94542086 1.033265   1.1426214  1.2672545 ],[8.097888  8.0776415 8.057297  8.0439825],[0.8918794  0.9238005  0.95249516 0.97904676]
DDK8,A,5e-08,24,True,False,TDD,vanilla,0,[0.13839664 0.26943457 0.43618336 0.5922248 ],[0.10489973 0.3317456  0.39016497 0.4671678 ],[ 23.950508  44.65082   83.34529  129.13919 ],[ 11.081325  30.323746  66.25591  102.36784 ],[8.163658 8.060977 7.862229 7.560189],[0.8188264 0.9097337 1.0847903 1.3862952],[8.248478 8.227171 8.202078 8.1868  ],[0.7698817  0.82811874 0.88698286 0.9156224 ]
DDK8,A,5e-08,27,True,False,TDD,vanilla,0,[0.16870159 0.30969274 0.5740883  0.8297217 ],[0.15481767 0.24636139 0.9223806  0.84425443],[ 24.275629  48.70633   91.253555 146.45096 ],[  9.927624  29.0679    66.73979  117.96852 ],[7.972247 7.847767 7.62893  7.231866],[0.8681417  0.96662265 1.1121329  1.4328744 ],[8.073305 8.057036 8.035699 8.017298],[0.81447893 0.87702554 0.95565355 1.0139018 ]
DDK8,A,5e-08,33,True,False,TDD,vanilla,0,[0.24084264 0.46606645 0.68444335 0.85602427],[0.2629573  0.5841287  0.65766436 0.6092305 ],[ 31.54788   67.765305 130.7309   189.12772 ],[ 15.364222  48.67068  100.90395  154.64368 ],[8.056613  7.895999  7.5157294 7.068591 ],[1.033009  1.1771907 1.3920722 1.492008 ],[8.180847  8.193614  8.203002  8.1704445],[0.9456215  0.95782167 0.92753166 0.9645922 ]
DDK8,A,5e-08,36,True,False,TDD,vanilla,0,[0.26944602 0.47336805 0.84790176 1.0475098 ],[0.3497963  0.40924078 0.88731265 0.97264117],[ 32.545307  70.796715 138.96912  203.8559  ],[ 15.065637  45.18022  101.336754 144.27316 ],[7.949642  7.7447376 7.289363  6.8571377],[0.9307052 1.1054288 1.5038359 1.7207989],[8.093336 8.087319 8.075918 8.088953],[0.84122604 0.8823591  0.96047276 0.99210644]
DDK8,A,5e-08,42,True,False,TDD,vanilla,0,[0.32505184 0.5664846  0.7883538  1.0998347 ],[0.29728583 0.45235702 0.46903127 0.8481521 ],[ 37.345688  89.01664  153.66095  219.15373 ],[ 21.584797  62.221703 108.139015 159.33704 ],[7.619975  7.3640003 6.9700823 6.3908176],[1.1920552 1.3444489 1.4909375 1.708556 ],[7.833758 7.885902 7.919857 7.917343],[1.0413706 1.023846  1.0217247 1.0423343]
DDK8,A,2e-07,3,True,False,TDD,vanilla,0,[0.04901217 0.06789139 0.09473817 0.13054451],[0.01985412 0.03079074 0.04847555 0.07556859],[ 9.592718 13.735241 19.872784 28.533386],[ 2.9287155  5.9495707 11.293517  19.764992 ],[8.089716 8.078204 8.060238 8.034102],[0.6342678 0.6395472 0.6465131 0.6575271],[8.130689 8.134304 8.138219 8.142409],[0.6257091 0.6282687 0.6312905 0.6347323]
DDK8,A,2e-07,6,True,False,TDD,vanilla,0,[0.05689223 0.08448111 0.12000949 0.1621632 ],[0.02549025 0.04193608 0.06122029 0.08603597],[11.79435  17.680113 26.099566 36.65098 ],[ 3.785107   7.0220814 12.338129  19.436853 ],[8.228382  8.211451  8.185408  8.1521225],[0.6128009  0.63610154 0.66557765 0.7031758 ],[8.274826 8.279523 8.284403 8.289545],[0.6015826  0.61828643 0.63822275 0.6610321 ]
DDK8,A,2e-07,9,True,False,TDD,vanilla,0,[0.06967922 0.10640186 0.15664576 0.21504308],[0.03569108 0.05530502 0.082125   0.11217757],[13.503772 21.087479 32.41954  46.966114],[ 3.8283088  7.3463273 13.988047  24.268385 ],[8.155456 8.13512  8.098396 8.049863],[0.6909489  0.7191651  0.7550089  0.79493725],[8.212872 8.222125 8.22945  8.234579],[0.6716166  0.6904289  0.7124399  0.73767006]
DDK8,A,2e-07,12,True,False,TDD,vanilla,0,[0.09118424 0.14520654 0.20872436 0.29655117],[0.05576367 0.09117169 0.1344886  0.21417826],[15.659479 25.328974 37.671906 54.874596],[ 4.709975 10.188866 18.935537 34.361637],[8.040058  7.9727    7.8943524 7.7937794],[0.762398  0.821002  0.8870524 0.9667701],[8.118894 8.099322 8.080267 8.061373],[0.72288525 0.7593847  0.79724795 0.8372211 ]
DDK8,A,2e-07,15,True,False,TDD,vanilla,0,[0.10769513 0.18277207 0.27173352 0.38234684],[0.0640508  0.1234736  0.1845861  0.26341587],[17.261135 30.464052 49.26533  75.4835  ],[ 5.4882607 13.510746  29.16295   53.179333 ],[7.8659563 7.7909803 7.7016163 7.565342 ],[0.8537399 0.9323606 1.0233314 1.1353247],[7.960368 7.953955 7.952423 7.9545  ],[0.8137213 0.856927  0.8997762 0.942242 ]
DDK8,A,2e-07,18,True,False,TDD,vanilla,0,[0.10481726 0.17543474 0.28057975 0.42429408],[0.05444599 0.09074873 0.15294735 0.26035982],[19.883606 34.216927 56.56599  85.463455],[ 7.8218274 15.838302  31.682343  53.89451  ],[8.032881  7.9464626 7.8175488 7.62719  ],[0.8498658  0.92522013 1.0311631  1.1769856 ],[8.126295 8.107923 8.089695 8.074124],[0.8090824  0.8441579  0.88169974 0.92264533]
DDK8,A,2e-07,21,True,False,TDD,vanilla,0,[0.13696958 0.22422205 0.34682232 0.49072993],[0.09835238 0.14838226 0.21420777 0.2726682 ],[ 23.347912  40.49701   69.93917  105.32925 ],[ 7.8439493 16.590029  34.209618  59.110767 ],[7.983877  7.8914557 7.7431355 7.5203547],[0.9280234 1.0099757 1.1234715 1.2554843],[8.111541 8.108097 8.098149 8.079145],[0.84507656 0.87269056 0.9155379  0.9743686 ]
DDK8,A,2e-07,24,True,False,TDD,vanilla,0,[0.15190208 0.24985108 0.3848024  0.54265624],[0.12946719 0.20732987 0.29835644 0.3677593 ],[ 25.224365  43.996883  76.545906 118.09073 ],[ 8.310502 20.843428 42.517105 72.052925],[7.9679317 7.835356  7.640957  7.3714795],[0.9109903 1.0633137 1.240638  1.4399744],[8.102798 8.079458 8.073869 8.082761],[0.8285165 0.893055  0.9226012 0.9377865]
DDK8,A,2e-07,27,True,False,TDD,vanilla,0,[0.13571547 0.23716728 0.3861515  0.57983714],[0.09184356 0.1587853  0.24017149 0.3658066 ],[ 24.304245  44.959076  80.40207  127.54707 ],[  9.229078  27.076147  65.69016  114.35633 ],[7.984094  7.8543587 7.6246357 7.3028016],[0.85847276 0.9697104  1.1370814  1.3480375 ],[8.11104  8.084653 8.048851 8.015041],[0.78864    0.83198315 0.884727   0.9329143 ]
DDK8,A,2e-07,33,True,False,TDD,vanilla,0,[0.17090796 0.32694188 0.54134065 0.75034696],[0.12782735 0.2285366  0.32825688 0.39143547],[ 31.238045  67.89175  128.08138  182.64316 ],[ 12.046824  45.25365   94.97264  141.0232  ],[8.067699  7.9094224 7.5728345 7.006252 ],[0.90456074 1.0205324  1.2084646  1.5479883 ],[8.216682  8.2085085 8.163704  8.084707 ],[0.8136454 0.8615523 0.9495743 1.0525955]
DDK8,A,2e-07,36,True,False,TDD,vanilla,0,[0.185993   0.39178988 0.64179283 0.8752464 ],[0.14059834 0.36491948 0.58022845 0.539506  ],[ 31.396345  69.759964 131.97865  204.09628 ],[ 12.138859  43.69789   95.85717  146.78519 ],[7.9030113 7.660074  7.2419033 6.894485 ],[0.9409522 1.1380011 1.5060061 1.5613679],[8.077505 8.06925  8.089985 8.128924],[0.82759804 0.8323908  0.8334932  0.87066954]
DDK8,A,2e-07,42,True,False,TDD,vanilla,0,[0.22691749 0.47043553 0.73620397 0.9678871 ],[0.17298912 0.42014858 0.48574018 0.55926245],[ 35.047222  78.45294  145.45242  211.2177  ],[ 17.111767  61.609196 122.748566 177.01054 ],[7.717442  7.389437  6.894992  6.4723706],[1.0847386 1.3624071 1.5477232 1.6334426],[7.927911  7.910005  7.917583  7.9121513],[0.96075475 0.9710648  0.9386558  0.9704687 ]
DDK8,A,4e-07,3,True,False,TDD,vanilla,0,[0.04934594 0.0640488  0.08390746 0.11021044],[0.01371675 0.02261616 0.03802482 0.06095236],[12.236427 16.048115 21.395866 28.708233],[ 3.2700775  6.247229  11.551353  19.294514 ],[8.082812  8.063275  8.038925  8.0111265],[0.34437627 0.35341012 0.36424166 0.3781733 ],[8.140506 8.137633 8.134504 8.131127],[0.34248444 0.35056454 0.35972664 0.36985973]
DDK8,A,4e-07,6,True,False,TDD,vanilla,0,[0.06634606 0.09050047 0.12574224 0.16374697],[0.02244677 0.03355931 0.05213809 0.0714312 ],[15.658889 21.418943 30.273804 40.268   ],[ 4.210535   6.8607206 12.461404  19.032852 ],[8.105635 8.08438  8.056164 8.023106],[0.3964189  0.42989925 0.46745163 0.5097551 ],[8.176272 8.178738 8.180604 8.181811],[0.39123917 0.4205529  0.45303023 0.4878832 ]
DDK8,A,4e-07,9,True,False,TDD,vanilla,0,[0.07720077 0.10761248 0.1536017  0.20414318],[0.0328103  0.04917318 0.07118244 0.09753327],[17.836275 24.927681 36.18346  49.383125],[ 4.1676884  6.7421775 12.107116  19.59936  ],[8.102084  8.071131  8.02609   7.9742084],[0.49328426 0.5394823  0.5903225  0.64513296],[8.184002 8.182483 8.180069 8.177103],[0.4719663  0.5057804  0.54053843 0.5759417 ]
DDK8,A,4e-07,12,True,False,TDD,vanilla,0,[0.09275759 0.14279085 0.20041011 0.26777562],[0.05453578 0.08168    0.10719398 0.1278469 ],[20.641094 32.832954 47.777744 68.34181 ],[ 5.1562996 11.5167675 17.766968  28.889051 ],[8.053891  8.003037  7.9474444 7.8644032],[0.60301423 0.6691681  0.7330925  0.8092101 ],[8.15235  8.154115 8.15547  8.156445],[0.5726108  0.6156969  0.65478444 0.68982166]
DDK8,A,4e-07,15,True,False,TDD,vanilla,0,[0.1115632  0.1776489  0.25473407 0.35054222],[0.07027166 0.09607887 0.12857583 0.15663518],[23.11668  39.124348 58.38955  85.201775],[ 7.5050783 17.018574  28.082878  47.34741  ],[7.9531536 7.8952904 7.827162  7.7175083],[0.61198753 0.672781   0.7499011  0.84054   ],[8.066401 8.071935 8.077987 8.082911],[0.5711157  0.6151953  0.66565377 0.7195561 ]
DDK8,A,4e-07,18,True,False,TDD,vanilla,0,[0.12804343 0.20678917 0.30061617 0.40281406],[0.06229321 0.09358815 0.12665592 0.15530242],[ 27.251066  49.1793    79.54833  117.49545 ],[ 7.0907464 20.335318  42.47374   69.25757  ],[7.960292  7.915893  7.853106  7.7454658],[0.66579384 0.74519926 0.8450618  0.96520364],[8.09442  8.127554 8.160606 8.190095],[0.6232103  0.6795312  0.74975705 0.8271956 ]
DDK8,A,4e-07,21,True,False,TDD,vanilla,0,[0.14923829 0.23635347 0.3475777  0.4606582 ],[0.08832879 0.12583578 0.17176792 0.19710793],[ 29.326117  51.20935   84.76346  125.30369 ],[ 7.410617 20.331648 50.608707 84.14775 ],[7.858133  7.8021092 7.685419  7.5028715],[0.74838305 0.8370807  0.96623075 1.1065322 ],[8.028134 8.068816 8.101429 8.12289 ],[0.67326814 0.7159541  0.7663214  0.81699765]
DDK8,A,4e-07,24,True,False,TDD,vanilla,0,[0.17357722 0.27301592 0.42327088 0.56539243],[0.11884161 0.13904956 0.20626928 0.2604778 ],[ 29.850958  50.35687   81.76052  117.19459 ],[ 8.965358 20.379734 41.94328  69.897736],[7.7388    7.577598  7.3337336 7.0532985],[0.8329384 0.9617475 1.13452   1.3728863],[7.927203  7.8822603 7.847619  7.832544 ],[0.74526685 0.8172085  0.8804765  0.9221472 ]
DDK8,A,4e-07,27,True,False,TDD,vanilla,0,[0.1688608  0.2818349  0.43424106 0.5914036 ],[0.11358832 0.17669183 0.25485697 0.3115195 ],[ 32.251278  59.16355  101.081276 150.74762 ],[  9.71536   31.910498  67.38262  110.82158 ],[7.797623  7.6531134 7.422584  7.1475196],[0.79573286 0.906813   1.0541933  1.1546474 ],[7.9919696 7.989279  7.998762  8.014314 ],[0.70994437 0.749423   0.7883426  0.81563747]
DDK8,A,4e-07,33,True,False,TDD,vanilla,0,[0.20527579 0.37700793 0.6014044  0.7540888 ],[0.14052995 0.24832866 0.41406363 0.38975015],[ 36.867687  73.33829  130.09024  183.1576  ],[ 10.947118  42.1814    86.046326 127.07472 ],[7.782156  7.5529656 7.1750374 6.766045 ],[0.8003713 0.9807951 1.2564027 1.4913907],[7.995203  7.9802413 7.973531  7.9859047],[0.70891154 0.7746805  0.8564755  0.92781574]
DDK8,A,4e-07,36,True,False,TDD,vanilla,0,[0.19272062 0.33003032 0.53565913 0.76112455],[0.12877211 0.1784645  0.31754428 0.52359575],[ 39.07303  74.2689  126.07642 180.15741],[ 11.332992  36.02179   72.96314  114.39392 ],[7.888646  7.685698  7.2842536 6.7276115],[0.9596796 1.0446931 1.2353286 1.4834287],[8.108352 8.090845 8.035079 7.95603 ],[0.8385771  0.8493455  0.87210375 0.9073687 ]
DDK8,A,4e-07,42,True,False,TDD,vanilla,0,[0.2602737  0.4637764  0.69089836 0.8825901 ],[0.17178282 0.22474776 0.27669823 0.33324063],[ 44.68633 104.34937 187.64447 261.57608],[ 14.294803  60.97885  129.42725  172.08543 ],[7.6356244 7.432801  7.033522  6.5701723],[0.96849465 1.071411   1.1973329  1.4370745 ],[7.9211125 8.026638  8.094642  8.118456 ],[0.81548744 0.8076006  0.8508136  0.89531356]
DDK8,C,5e-08,3,True,False,TDD,vanilla,0,[0.05690773 0.08583508 0.12549165 0.1760376 ],[0.02291625 0.03758158 0.05861514 0.08733065],[10.580631 16.5054   25.289593 37.460228],[ 3.1101158  7.0379553 13.040486  21.652102 ],[8.29321  8.273411 8.242169 8.195435],[0.20103982 0.2128822  0.22850662 0.2516316 ],[8.326575 8.326315 8.326018 8.325577],[0.19877578 0.20899162 0.22026956 0.2324996 ]
DDK8,C,5e-08,6,True,False,TDD,vanilla,0,[0.07508871 0.12415439 0.1933458  0.2776101 ],[0.03196177 0.0609722  0.10533501 0.1579933 ],[12.610212 21.73306  35.705887 53.9116  ],[ 3.5627754  8.667826  18.81182   33.577454 ],[8.1841    8.13804   8.067434  7.9698305],[0.3071482  0.33544934 0.3720348  0.4260606 ],[8.230418 8.22319  8.218066 8.215206],[0.29918042 0.32049295 0.3425427  0.3658508 ]
DDK8,C,5e-08,9,True,False,TDD,vanilla,0,[0.0931497  0.19001094 0.29724482 0.40896222],[0.04724576 0.15477599 0.21522492 0.23701884],[15.391811 29.296913 53.01275  82.020294],[ 4.5927067 13.40344   29.583555  49.048954 ],[8.196708 8.132055 8.008485 7.829174],[0.4089647 0.4694667 0.5571685 0.6768412],[8.254384 8.254124 8.254158 8.25498 ],[0.39488202 0.43240994 0.46764877 0.49863467]
DDK8,C,5e-08,12,True,False,TDD,vanilla,0,[0.10648176 0.20526417 0.3318687  0.47094795],[0.05548919 0.11477026 0.1881821  0.24576087],[ 18.333813  38.726204  70.36482  107.852776],[ 5.9876475 20.620775  45.83618   70.81295  ],[8.22078   8.116698  7.9362597 7.6636553],[0.4233995  0.474266   0.57455486 0.75668013],[8.288876  8.277489  8.269999  8.2660885],[0.40042427 0.41886386 0.44892526 0.4908567 ]
DDK8,C,5e-08,15,True,False,TDD,vanilla,0,[0.13129424 0.27537364 0.45247978 0.58400613],[0.06538371 0.16578005 0.28633806 0.31931448],[ 21.988462  52.13511   94.01196  138.83434 ],[ 9.49553 34.04865 64.51568 92.733  ],[8.204245  8.080471  7.831331  7.4955773],[0.41741714 0.49293715 0.71737134 1.0759852 ],[8.284434 8.291013 8.302465 8.324361],[0.4031638  0.44232005 0.4866336  0.5346952 ]
DDK8,C,5e-08,18,True,False,TDD,vanilla,0,[0.20075142 0.43077186 0.6375518  0.7788006 ],[0.16285321 0.30095088 0.38025838 0.38091394],[ 29.62156  77.4498  130.52579 173.81148],[ 14.251293  51.449913  84.46215  103.38723 ],[8.069245  7.7834606 7.296076  6.830168 ],[0.58825034 0.7955288  1.1865859  1.29204   ],[8.200162 8.199213 8.199512 8.190836],[0.5350562  0.57275265 0.58666337 0.60950494]
DDK8,C,5e-08,21,True,False,TDD,vanilla,0,[0.20031536 0.43615603 0.6208694  0.80130804],[0.12714963 0.29888612 0.34541294 0.3579448 ],[ 34.304405  87.80451  141.52315  193.36552 ],[ 17.894033  64.79628   94.1668   115.30336 ],[8.12926   7.796744  7.3412724 6.8051844],[0.54650027 0.84878147 1.2052513  1.4955676 ],[8.273708 8.270968 8.278294 8.289778],[0.4893335 0.5536807 0.6028044 0.6329883]
DDK8,C,5e-08,24,True,False,TDD,vanilla,0,[0.23381054 0.48037773 0.6677089  0.79272944],[0.16703649 0.32785612 0.37747854 0.3524949 ],[ 39.703613  95.40489  148.5018   193.29678 ],[ 24.822515  65.38646   91.19885  114.28149 ],[8.051014  7.6403565 7.21339   6.717791 ],[0.6372652 1.0046004 1.2186434 1.5668364],[8.232507 8.229933 8.229175 8.226252],[0.56549513 0.60039735 0.6194327  0.6659933 ]
DDK8,C,5e-08,27,True,False,TDD,vanilla,0,[0.3099598  0.557422   0.79074156 0.92428124],[0.33325785 0.34726346 0.52265084 0.5319279 ],[ 46.45372 109.02337 159.34033 205.3104 ],[ 29.942144  73.64894   90.54574  105.74255 ],[7.924111  7.4235897 6.8958516 6.449696 ],[0.7309488 1.1507518 1.4535083 1.5835735],[8.173424 8.189116 8.193333 8.201783],[0.5681614  0.57618004 0.5760544  0.6105042 ]
DDK8,C,5e-08,33,True,False,TDD,vanilla,0,[0.37129223 0.7174152  0.9181695  1.0561088 ],[0.319803   0.54912984 0.54158366 0.58773416],[ 63.453648 140.61644  199.98961  248.42924 ],[ 46.811405  92.859055 115.725716 142.10236 ],[7.834273  7.168783  6.6996703 6.205296 ],[0.71929264 1.215429   1.2179683  1.5219307 ],[8.163975 8.166744 8.197453 8.228497],[0.55520767 0.59197205 0.6344895  0.69245917]
DDK8,C,5e-08,36,True,False,TDD,vanilla,0,[0.53815573 0.969132   1.0735145  1.2539593 ],[0.39679185 0.6187014  0.5701151  0.7978717 ],[ 92.75662 188.23145 234.31578 276.50372],[ 69.72809  121.609375 132.7728   146.42188 ],[7.671807  6.7968793 6.26734   5.8479095],[0.8583928 1.4274362 1.4651184 1.5831407],[8.201372 8.212413 8.186459 8.202197],[0.5879251 0.6015146 0.5885965 0.6164567]
DDK8,C,5e-08,42,True,False,TDD,vanilla,0,[0.7805355  0.96963096 1.168558   1.1667305 ],[1.142601  0.7268497 0.6038537 0.5221611],[125.41793 180.40993 224.08543 267.5009 ],[112.94225 112.15849 115.99128 152.81935],[7.2155757 6.6059513 5.778198  5.3419404],[1.366349  1.5039546 1.8580955 1.9483362],[8.154698 8.128567 8.085518 8.078484],[0.6038881  0.6198292  0.71537834 0.8178851 ]
DDK8,C,2e-07,3,True,False,TDD,vanilla,0,[0.04547073 0.06591951 0.09488006 0.13440052],[0.01356838 0.0251     0.0429952  0.0688735 ],[10.880078 16.189074 23.807287 34.652435],[ 2.7693698  6.142868  11.317018  19.229837 ],[8.228603 8.208819 8.178832 8.135741],[0.16726078 0.18050794 0.19732107 0.22190465],[8.269406 8.268143 8.26673  8.265156],[0.16525045 0.17695566 0.18965855 0.20317249]
DDK8,C,2e-07,6,True,False,TDD,vanilla,0,[0.06128604 0.09897689 0.15362489 0.21638566],[0.01895195 0.03836488 0.0687404  0.10058873],[14.6186075 24.045889  38.262062  55.233334 ],[ 3.5541275  8.424579  16.628822  25.965357 ],[8.231324 8.185673 8.114475 8.021329],[0.24857311 0.2832754  0.33169344 0.39598295],[8.289013 8.28343  8.278104 8.273454],[0.23840481 0.2612574  0.2851649  0.3086477 ]
DDK8,C,2e-07,9,True,False,TDD,vanilla,0,[0.07425211 0.12819485 0.20838895 0.30090213],[0.02392378 0.0514556  0.09208785 0.13620198],[17.422722 30.982555 52.543476 79.11378 ],[ 4.245911 11.264217 23.775518 39.43504 ],[8.19463  8.138477 8.041825 7.901593],[0.3153711  0.36744976 0.4354108  0.52906317],[8.265249 8.267987 8.272074 8.276913],[0.30145794 0.33881113 0.3764504  0.4147206 ]
DDK8,C,2e-07,12,True,False,TDD,vanilla,0,[0.08605742 0.16792347 0.28093567 0.39753222],[0.03181006 0.08548459 0.16101247 0.20996906],[ 20.190634  40.8221    70.89069  105.17805 ],[ 6.3948274 19.67595   39.61105   59.595818 ],[8.191929  8.095864  7.932802  7.7218733],[0.36646762 0.4466604  0.57231617 0.7427583 ],[8.275466 8.271283 8.26691  8.262678],[0.34935436 0.39719546 0.44388452 0.48593506]
DDK8,C,2e-07,15,True,False,TDD,vanilla,0,[0.10854378 0.22905853 0.37041375 0.51331556],[0.04383323 0.11525104 0.18463446 0.23060384],[ 24.914274  55.36605   95.80458  138.9833  ],[ 9.240496 28.685453 52.62977  74.77187 ],[8.094953  7.9410896 7.676124  7.3153105],[0.48014727 0.56829816 0.7519001  0.98978287],[8.207965 8.210038 8.215867 8.224112],[0.45113933 0.4856871  0.5191998  0.54643935]
DDK8,C,2e-07,18,True,False,TDD,vanilla,0,[0.12627047 0.2670791  0.41733363 0.5517401 ],[0.06559377 0.14653623 0.20498332 0.21722078],[ 29.302141  68.984406 116.478935 163.59486 ],[ 12.648329  44.97071   81.34332  110.69495 ],[8.128473  7.9419603 7.649432  7.30451  ],[0.5393608  0.65981627 0.84265435 1.0244356 ],[8.257838 8.261139 8.260707 8.264115],[0.49564663 0.5484521  0.60611343 0.6623807 ]
DDK8,C,2e-07,21,True,False,TDD,vanilla,0,[0.14342356 0.3063876  0.45799178 0.5936633 ],[0.07738713 0.19538422 0.23970827 0.23336741],[ 34.46774  81.29361 130.48778 176.18288],[ 18.60061   61.58178   91.427414 100.74292 ],[8.0767145 7.8205585 7.4518614 7.0297046],[0.53532976 0.7513316  1.0492902  1.3028269 ],[8.236614 8.255446 8.269096 8.275333],[0.48349896 0.5265164  0.5651753  0.60599506]
DDK8,C,2e-07,24,True,False,TDD,vanilla,0,[0.18176594 0.40255183 0.58394796 0.74567735],[0.08848442 0.19897576 0.23738782 0.23754108],[ 40.40875 100.00313 153.71571 203.6197 ],[20.612473 62.838226 84.60607  99.25572 ],[7.9317837 7.559581  7.118619  6.5006657],[0.6426563  0.84039426 1.0794842  1.4534042 ],[8.131182 8.132619 8.148181 8.162027],[0.5804273  0.61564034 0.6213094  0.64173055]
DDK8,C,2e-07,27,True,False,TDD,vanilla,0,[0.18674828 0.4060387  0.60333884 0.74103194],[0.09167328 0.20541146 0.26296178 0.25818634],[ 43.376488 101.020355 154.12549  195.00797 ],[21.388891 60.66969  81.364975 94.146255],[7.947611  7.5338106 6.9929786 6.442738 ],[0.6263951 0.8823496 1.2529316 1.4668623],[8.16426  8.148859 8.14116  8.125651],[0.5455145  0.57448643 0.5996173  0.65095395]
DDK8,C,2e-07,33,True,False,TDD,vanilla,0,[0.27020904 0.5448146  0.69756407 0.81063324],[0.1855106  0.32298303 0.32307246 0.26321155],[ 58.67629 128.7759  173.41098 218.41629],[ 36.788532  84.0322    89.92014  110.01808 ],[7.796448  7.138452  6.7546864 6.3849044],[0.8011822 1.2162062 1.3915315 1.2652754],[8.134128 8.123875 8.132454 8.157437],[0.62713987 0.62046474 0.62091714 0.6189508 ]
DDK8,C,2e-07,36,True,False,TDD,vanilla,0,[0.26532033 0.5453981  0.6926787  0.83259153],[0.2084841  0.4226374  0.33059892 0.3513475 ],[ 63.409332 135.10542  182.4057   226.64697 ],[ 50.41763  95.02791  96.53461 114.25748],[7.9037957 7.332707  6.829029  6.439274 ],[0.7136631 1.1651963 1.4148906 1.3737781],[8.223166 8.203659 8.193959 8.197771],[0.5721486  0.62228054 0.6435787  0.6443599 ]
DDK8,C,2e-07,42,True,False,TDD,vanilla,0,[0.37725726 0.6575711  0.80544204 0.97835326],[0.35119033 0.37890986 0.2849362  0.4044933 ],[ 91.480644 165.08511  221.92046  275.6775  ],[116.42764  94.1407  116.05106 148.05347],[7.634605  7.015291  6.4942336 6.0885925],[1.1001357 1.4536965 1.3237559 1.197579 ],[8.202137 8.208331 8.213117 8.186108],[0.62006235 0.64596266 0.66607225 0.7035478 ]
DDK8,C,4e-07,3,True,False,TDD,vanilla,0,[0.05070231 0.06837448 0.09189337 0.123693  ],[0.01273903 0.02174075 0.03558949 0.05560252],[13.317798 18.154478 24.735197 33.80836 ],[ 3.1852174  6.006967  10.424164  16.797651 ],[8.26199  8.24516  8.221198 8.190681],[0.18564121 0.20092043 0.21922407 0.24060103],[8.31983  8.321709 8.323363 8.324781],[0.1824369  0.19586535 0.21045375 0.22601187]
DDK8,C,4e-07,6,True,False,TDD,vanilla,0,[0.06745295 0.09888356 0.14499383 0.19475694],[0.01750199 0.02994079 0.05019951 0.06997829],[16.870472 25.135279 37.59441  51.24044 ],[ 4.6471615  8.80109   15.84097   23.300985 ],[8.180233  8.146226  8.0961275 8.037708 ],[0.27215165 0.29625878 0.3230149  0.35534665],[8.259438 8.260148 8.261916 8.265042],[0.26467186 0.2839932  0.30338576 0.3230583 ]
DDK8,C,4e-07,9,True,False,TDD,vanilla,0,[0.08513744 0.13195121 0.20108128 0.27999097],[0.02805047 0.05084828 0.08273673 0.11984257],[20.59377  32.552223 51.150024 73.007614],[ 5.03242  11.405067 22.167858 34.87969 ],[8.201858 8.138527 8.043613 7.922305],[0.3592043  0.41265595 0.47473457 0.55550444],[8.299542  8.2919655 8.284302  8.276176 ],[0.3363756  0.3739166  0.41209707 0.44999707]
DDK8,C,4e-07,12,True,False,TDD,vanilla,0,[0.09870795 0.1690079  0.2644866  0.3722006 ],[0.02995969 0.06671868 0.11002923 0.14950022],[ 24.27037   42.899765  69.59203  100.75069 ],[ 6.69282  18.310188 35.17272  53.383812],[8.136691  8.046645  7.9038725 7.709857 ],[0.38591975 0.43890122 0.5109012  0.6129451 ],[8.254019 8.249561 8.239468 8.22615 ],[0.36668321 0.40296978 0.44160876 0.48203832]
DDK8,C,4e-07,15,True,False,TDD,vanilla,0,[0.11323594 0.21432881 0.33755577 0.46212783],[0.03515468 0.08169879 0.13685982 0.18418238],[ 28.956238  57.325512  94.88335  135.50977 ],[ 7.979773 23.643736 46.71595  71.38314 ],[8.161387  8.040199  7.8643694 7.620766 ],[0.39417696 0.47304395 0.58243525 0.7511726 ],[8.300738 8.310435 8.318503 8.321449],[0.36233523 0.4033232  0.448278   0.4995451 ]
DDK8,C,4e-07,18,True,False,TDD,vanilla,0,[0.13796885 0.26934794 0.41394708 0.548189  ],[0.0596177  0.1315502  0.19095916 0.21208706],[ 33.720406  70.4735   115.38967  162.153   ],[11.2706   32.861    59.151722 85.56758 ],[8.07478   7.8972626 7.6344433 7.318483 ],[0.5683517  0.7095941  0.92441076 1.1504132 ],[8.245845 8.256775 8.268593 8.282536],[0.5129303  0.5608195  0.60647964 0.64250934]
DDK8,C,4e-07,21,True,False,TDD,vanilla,0,[0.16869935 0.33106187 0.48905814 0.6313269 ],[0.07678304 0.16442584 0.2091994  0.2263207 ],[ 39.405376  85.24414  135.90556  187.47975 ],[15.40857  46.624107 73.61751  97.33258 ],[7.9981117 7.7538953 7.415154  6.961923 ],[0.556584   0.7061308  0.93563414 1.2587179 ],[8.208268 8.233376 8.263854 8.301309],[0.48909435 0.49843127 0.5081799  0.52443814]
DDK8,C,4e-07,24,True,False,TDD,vanilla,0,[0.18041793 0.35232282 0.5185608  0.6482383 ],[0.08008813 0.1701027  0.21775731 0.2131856 ],[ 42.931564  91.06819  140.26324  182.97467 ],[18.291973 54.831875 80.28795  96.70991 ],[8.002412 7.717044 7.291161 6.856609],[0.55826557 0.6969774  0.9796513  1.2162907 ],[8.224326 8.216809 8.205311 8.196901],[0.5019927  0.53854054 0.5763094  0.6127203 ]
DDK8,C,4e-07,27,True,False,TDD,vanilla,0,[0.19048084 0.36621663 0.5271873  0.6723249 ],[0.08266025 0.17282566 0.20108952 0.21525057],[ 47.14987  96.2128  143.425   187.11804],[26.006895 62.11158  79.87156  97.23236 ],[7.9691987 7.6502514 7.313815  6.867562 ],[0.5858513 0.775397  0.9379392 1.180679 ],[8.212278 8.205426 8.209401 8.201062],[0.52702165 0.5741107  0.6127436  0.64407486]
DDK8,C,4e-07,33,True,False,TDD,vanilla,0,[0.25048596 0.45211124 0.6084491  0.7268748 ],[0.13867338 0.2324047  0.2502436  0.24763814],[ 58.125908 113.81114  158.69312  195.55324 ],[30.636637 62.8787   79.63634  98.17302 ],[7.856555  7.430518  7.0763054 6.665989 ],[0.787969  1.081092  1.2227031 1.4174336],[8.183739 8.192224 8.175432 8.147135],[0.6432265  0.66101295 0.6978664  0.7402622 ]
DDK8,C,4e-07,36,True,False,TDD,vanilla,0,[0.27809978 0.5103446  0.6998833  0.78638816],[0.17697851 0.2588831  0.2902078  0.2570813 ],[ 66.979774 137.1232   194.33592  230.61327 ],[ 34.35916   72.3462    93.617424 113.19863 ],[7.9020367 7.384293  6.7837477 6.444101 ],[0.80105954 1.1655643  1.5007211  1.5629592 ],[8.265757  8.2690735 8.257155  8.252183 ],[0.6276491  0.67769957 0.705928   0.7128718 ]
DDK8,C,4e-07,42,True,False,TDD,vanilla,0,[0.32689282 0.5942497  0.77273935 0.91631484],[0.18909821 0.27746713 0.28713617 0.24324529],[ 81.25944 158.80997 210.17267 260.84393],[ 59.70788 101.63111 100.92677 116.71448],[7.7397404 7.1625404 6.6326036 6.023219 ],[0.7613559 1.0275013 1.3058696 1.3635943],[8.192731 8.206451 8.21126  8.215601],[0.59920657 0.60754186 0.64400005 0.6513544 ]
DDK8,D,5e-08,3,True,False,TDD,vanilla,0,[0.01591488 0.02970814 0.0492387  0.07515625],[0.00693483 0.01935527 0.03992734 0.0707619 ],[ 4.6824594  8.760623  14.52898   22.19408  ],[ 2.0709033  5.8077846 11.948188  21.181185 ],[8.28189  8.269935 8.253528 8.229442],[0.07678999 0.08418533 0.09583804 0.11911283],[8.299658 8.29858  8.297538 8.29653 ],[0.07468852 0.07996947 0.08556426 0.0913942 ]
DDK8,D,5e-08,6,True,False,TDD,vanilla,0,[0.01898683 0.03346227 0.05208618 0.07446475],[0.00687141 0.0163754  0.03290847 0.05760942],[ 5.619864  9.91189  15.363631 21.92284 ],[ 1.9303093  4.491729   8.766517  15.338064 ],[8.289283 8.274972 8.256477 8.233348],[0.12137408 0.13542974 0.15394814 0.18210651],[8.311767 8.311415 8.310966 8.310436],[0.12025459 0.13231722 0.14488111 0.15781623]
DDK8,D,5e-08,9,True,False,TDD,vanilla,0,[0.02097001 0.03724121 0.0568729  0.08194247],[0.00549423 0.01316998 0.02519728 0.04529246],[ 6.140529 10.879456 16.576048 23.897202],[ 1.5128477  3.6984298  7.143358  13.051161 ],[8.272112 8.251269 8.225517 8.19556 ],[0.13447398 0.15756465 0.18284093 0.2108611 ],[8.297676 8.293371 8.288761 8.283954],[0.1321482  0.15266456 0.17479543 0.19807528]
DDK8,D,5e-08,12,True,False,TDD,vanilla,0,[0.02604791 0.04619401 0.06891654 0.10231832],[0.00999953 0.01867309 0.03470738 0.06027461],[ 7.461336 13.304028 19.836737 29.682207],[ 2.70481    5.2485394  9.760031  17.626192 ],[8.251626 8.226934 8.19876  8.15937 ],[0.19177721 0.21836564 0.24781798 0.27987266],[8.282729 8.280233 8.277586 8.274747],[0.18684064 0.21076299 0.2355141  0.26066127]
DDK8,D,5e-08,15,True,False,TDD,vanilla,0,[0.02844599 0.05413508 0.08218952 0.12161054],[0.01192022 0.02579402 0.04718619 0.07149506],[ 8.020665  15.3176155 23.31606   34.931725 ],[ 2.794029  6.629742 12.778812 20.666891],[8.235263 8.207381 8.176792 8.138772],[0.21718152 0.24122337 0.2676586  0.29507428],[8.270022 8.268729 8.268344 8.268918],[0.2086949  0.22577141 0.24269079 0.25992864]
DDK8,D,5e-08,18,True,False,TDD,vanilla,0,[0.0326717  0.06044148 0.09304511 0.13902383],[0.01256969 0.02439236 0.04307999 0.07288264],[ 9.206615 17.035612 26.0128   39.10726 ],[ 2.8282747  6.074485  10.900008  19.822872 ],[8.228638 8.185313 8.140307 8.09046 ],[0.2430823  0.27877504 0.31880915 0.35641375],[8.267819  8.256482  8.2475815 8.242658 ],[0.2351493 0.2640463 0.2919402 0.3160511]
DDK8,D,5e-08,21,True,False,TDD,vanilla,0,[0.03499378 0.06615338 0.10594212 0.1559943 ],[0.01287661 0.02930728 0.05502422 0.08989768],[10.020355 19.074791 30.57714  45.874474],[ 3.4428377  8.249805  14.79549   26.828636 ],[8.236173 8.207315 8.170117 8.11854 ],[0.2582401  0.2976548  0.35213125 0.41866654],[8.27719   8.282884  8.2891655 8.295584 ],[0.25249338 0.2854534  0.32003936 0.35299757]
DDK8,D,5e-08,24,True,False,TDD,vanilla,0,[0.03603806 0.06770212 0.11299736 0.15181243],[0.01289693 0.02912811 0.05594359 0.08012699],[10.305885 19.572788 32.455296 43.91881 ],[ 3.1259766  8.563355  16.141714  24.980434 ],[8.236688 8.196391 8.139561 8.089286],[0.25443518 0.287468   0.330641   0.36707056],[8.280112  8.273623  8.264235  8.2512455],[0.24701582 0.27596948 0.30649292 0.3357034 ]
DDK8,D,5e-08,27,True,False,TDD,vanilla,0,[0.0378024  0.07353118 0.11276522 0.1595791 ],[0.01498575 0.0426106  0.0638648  0.09982802],[10.716704 20.467098 32.087006 45.67455 ],[ 4.2084813 11.012793  17.479137  27.054773 ],[8.21697  8.178675 8.138095 8.099543],[0.30615672 0.3362283  0.367686   0.40584671],[8.262777 8.265217 8.269065 8.273772],[0.2979555  0.3138878  0.33165452 0.3518799 ]
DDK8,D,5e-08,33,True,False,TDD,vanilla,0,[0.04407071 0.08655345 0.13485324 0.19403417],[0.01875331 0.04388355 0.06881174 0.09801712],[12.064437 23.524178 37.527393 55.21643 ],[ 4.1012974  9.915166  18.475668  28.071775 ],[8.18382  8.135327 8.088386 8.040511],[0.3248448  0.3508973  0.36707544 0.38469252],[8.235228 8.229521 8.229554 8.238303],[0.31300098 0.32693157 0.3373971  0.34345612]
DDK8,D,5e-08,36,True,False,TDD,vanilla,0,[0.04526854 0.08604568 0.13863139 0.18813582],[0.02001049 0.04610785 0.07551178 0.1012841 ],[13.255826 25.488613 41.854748 57.759308],[ 4.704455 13.006892 23.402435 33.77179 ],[8.282597  8.239537  8.185663  8.1310005],[0.29278937 0.31833947 0.3439515  0.37178713],[8.336734 8.337908 8.336387 8.332141],[0.27704263 0.29162735 0.30735877 0.3248851 ]
DDK8,D,5e-08,42,True,False,TDD,vanilla,0,[0.05471633 0.11090767 0.17849924 0.25195304],[0.02632777 0.05775576 0.09418854 0.13489226],[15.646418 32.570538 54.438168 77.92669 ],[ 6.377382 15.71956  29.855656 47.517776],[8.228348 8.203319 8.169996 8.095857],[0.3178873  0.33886573 0.3542033  0.4037187 ],[8.291798 8.319096 8.342037 8.351114],[0.29859725 0.30620685 0.31966177 0.34217647]
DDK8,D,2e-07,3,True,False,TDD,vanilla,0,[0.02215107 0.03471297 0.05299823 0.07662222],[0.00858123 0.0174908  0.03349742 0.05765086],[ 6.546141 10.292041 15.745174 22.793617],[ 2.4777238  5.0963874  9.754142  16.799208 ],[8.279663 8.26986  8.255591 8.23569 ],[0.057421   0.0659783  0.07899223 0.10177461],[8.30472  8.305355 8.306001 8.306659],[0.05492547 0.06174164 0.06871933 0.07579485]
DDK8,D,2e-07,6,True,False,TDD,vanilla,0,[0.02603065 0.04048129 0.05988706 0.08201922],[0.00763579 0.01585034 0.0302493  0.05340907],[ 7.6838813 11.949293  17.678904  24.160284 ],[ 2.178496  4.533596  8.632791 15.185259],[8.275435 8.261212 8.242154 8.220013],[0.0859062  0.09785728 0.11182275 0.13084808],[8.304998 8.30393  8.302717 8.301365],[0.08359402 0.0947236  0.10591125 0.1170879 ]
DDK8,D,2e-07,9,True,False,TDD,vanilla,0,[0.03058904 0.04508439 0.06266413 0.0845283 ],[0.0081442  0.01146156 0.01651084 0.02709674],[ 8.980654 13.286708 18.546349 25.108147],[2.0445194 3.0375705 4.7550573 8.476082 ],[8.269293 8.253587 8.233426 8.211033],[0.13311216 0.14914806 0.16583365 0.18393846],[8.304958 8.305161 8.30541  8.30564 ],[0.12817776 0.14271183 0.15739685 0.17246187]
DDK8,D,2e-07,12,True,False,TDD,vanilla,0,[0.03128749 0.0479107  0.06585107 0.09340719],[0.00907862 0.01545523 0.02507943 0.0465464 ],[ 9.28308  14.255864 19.623884 27.956537],[ 2.652609   4.6682043  7.7990656 14.464822 ],[8.277159  8.258797  8.2379055 8.2078   ],[0.1463104  0.17008321 0.1953422  0.22319436],[8.313007 8.312093 8.310837 8.309354],[0.14296053 0.16523613 0.1881396  0.2113783 ]
DDK8,D,2e-07,15,True,False,TDD,vanilla,0,[0.03637511 0.05920167 0.08440997 0.12653472],[0.01070475 0.01935404 0.03604473 0.06478962],[10.653648 17.424728 24.918491 37.47343 ],[ 3.108068   5.8086987 11.186665  19.977116 ],[8.2518835 8.226418  8.2002945 8.160144 ],[0.1901554  0.21358301 0.24150717 0.27626953],[8.293565  8.2920685 8.2905855 8.289156 ],[0.18703032 0.20940296 0.23131841 0.25235698]
DDK8,D,2e-07,18,True,False,TDD,vanilla,0,[0.04059451 0.06380969 0.08534291 0.12638779],[0.01538884 0.02747101 0.03776949 0.06708905],[11.827354 18.597025 25.085938 37.665882],[ 3.8411415  6.6902094 10.453109  20.619938 ],[8.259406 8.239292 8.219445 8.181053],[0.23026541 0.25395778 0.2768251  0.30239588],[8.305725 8.309488 8.312395 8.314784],[0.22037174 0.2390583  0.25812885 0.27720353]
DDK8,D,2e-07,21,True,False,TDD,vanilla,0,[0.04374223 0.07005788 0.10528813 0.15433069],[0.01688355 0.02941334 0.05712739 0.09977125],[12.38539  19.899353 30.278    44.288033],[ 4.064578   7.0080943 14.738998  25.817484 ],[8.215448 8.191239 8.162403 8.112336],[0.2549811  0.28182206 0.3096078  0.3801665 ],[8.264703 8.267769 8.272947 8.279535],[0.24443386 0.26372743 0.2798239  0.2931526 ]
DDK8,D,2e-07,24,True,False,TDD,vanilla,0,[0.04641138 0.07651596 0.11161751 0.15823115],[0.01579951 0.02921923 0.05105299 0.07665977],[13.194802 21.680458 31.97855  46.327038],[ 3.6057231  6.368653  12.349732  21.5446   ],[8.225572 8.199477 8.172001 8.131552],[0.2526949  0.27568755 0.30314532 0.33911505],[8.277871 8.283131 8.289918 8.296556],[0.24175097 0.25661522 0.27360883 0.29408902]
DDK8,D,2e-07,27,True,False,TDD,vanilla,0,[0.04810037 0.07544211 0.11602006 0.16465929],[0.01763892 0.03023056 0.05212718 0.08507163],[13.474663 21.0828   33.041283 47.533726],[ 4.1428113  6.953519  14.414419  24.867743 ],[8.1991825 8.168661  8.132221  8.089248 ],[0.27690026 0.3056374  0.34369797 0.39029995],[8.2537155 8.252774  8.254282  8.257275 ],[0.26518136 0.28589198 0.31270012 0.34290448]
DDK8,D,2e-07,33,True,False,TDD,vanilla,0,[0.04870519 0.08181881 0.13122067 0.17672125],[0.01974544 0.04250043 0.0808104  0.10520867],[14.0039425 23.465088  38.158253  53.2415   ],[ 4.606988  9.997954 21.45916  33.486324],[8.23976  8.208376 8.165725 8.135183],[0.30656272 0.31998697 0.3456484  0.36147115],[8.294483 8.296839 8.303677 8.315007],[0.29260948 0.29500195 0.30127394 0.31653824]
DDK8,D,2e-07,36,True,False,TDD,vanilla,0,[0.0525754  0.08903112 0.13825971 0.18605486],[0.01884918 0.03867341 0.06812381 0.09507559],[14.66948  24.461103 37.975224 52.070786],[ 4.4902916  9.105771  17.74045   28.956392 ],[8.195138 8.136077 8.073261 8.017077],[0.32082635 0.35327256 0.38490248 0.40749738],[8.254462  8.231821  8.213254  8.2022705],[0.30821246 0.33105987 0.3529215  0.36922216]
DDK8,D,2e-07,42,True,False,TDD,vanilla,0,[0.05844821 0.10587157 0.16183412 0.22473143],[0.02147692 0.04566734 0.07236478 0.10040956],[16.722942 30.714104 47.190693 66.998314],[ 5.612161 14.22805  22.50676  33.851856],[8.211191  8.1583805 8.097576  8.044692 ],[0.32605702 0.34787098 0.36890355 0.37811613],[8.275828 8.271634 8.268322 8.26755 ],[0.31351313 0.32876962 0.3366903  0.34487548]
DDK8,D,4e-07,3,True,False,TDD,vanilla,0,[0.02888995 0.04149512 0.05964486 0.08207621],[0.00952045 0.01756037 0.0327301  0.05611117],[ 8.459365 12.163662 17.50371  24.085037],[ 2.7391565  5.081647   9.504686  16.290691 ],[8.262403  8.249653  8.2329855 8.211348 ],[0.05666267 0.06561524 0.07685352 0.09497331],[8.293405 8.290766 8.28805  8.285257],[0.05372701 0.06171242 0.06978194 0.07790729]
DDK8,D,4e-07,6,True,False,TDD,vanilla,0,[0.03351977 0.04657977 0.06339295 0.08354603],[0.01044006 0.01587937 0.02558955 0.0426746 ],[ 9.861553 13.740309 18.762793 24.81229 ],[ 2.9238715  4.5070877  7.3747253 12.422501 ],[8.265626 8.254131 8.238842 8.221368],[0.10185232 0.11638319 0.1321221  0.15187825],[8.302427 8.303819 8.305447 8.30732 ],[0.09781612 0.11133109 0.12449647 0.1372722 ]
DDK8,D,4e-07,9,True,False,TDD,vanilla,0,[0.03697493 0.05122923 0.06819891 0.08944968],[0.01065555 0.01475063 0.02255371 0.03707641],[10.984398 15.296706 20.453287 26.956366],[ 3.1629193  4.57487    7.271625  12.291301 ],[8.269603 8.257041 8.240293 8.220611],[0.12665273 0.14562501 0.16496529 0.18488643],[8.310682 8.313534 8.316418 8.319339],[0.1229313  0.14134116 0.15957414 0.17754117]
DDK8,D,4e-07,12,True,False,TDD,vanilla,0,[0.03832815 0.05294722 0.06950894 0.09562182],[0.01245421 0.01683051 0.02523993 0.04325467],[11.352312 15.735474 20.716368 28.657959],[ 3.5810177  4.8872147  7.1190634 12.399515 ],[8.272998 8.258239 8.24216  8.217215],[0.1606726  0.183087   0.20648779 0.23237285],[8.314311 8.315415 8.316559 8.31765 ],[0.15571669 0.17662454 0.19755578 0.21827404]
DDK8,D,4e-07,15,True,False,TDD,vanilla,0,[0.0447704  0.06374204 0.08511393 0.11740924],[0.01679824 0.02376049 0.03665033 0.06030538],[13.332708 19.097351 25.625412 35.53483 ],[ 4.533312   6.5504045 10.361995  17.158993 ],[8.282757 8.267521 8.251503 8.224671],[0.18326347 0.2055253  0.22714227 0.25423193],[8.331775 8.336437 8.340626 8.344339],[0.17464425 0.1934692  0.21228619 0.23092636]
DDK8,D,4e-07,18,True,False,TDD,vanilla,0,[0.04735022 0.0667376  0.08867718 0.12411033],[0.0154003  0.02282754 0.0358612  0.06462188],[13.80708  19.426535 25.689302 36.057888],[ 4.3652368  6.595892   9.573035  17.72784  ],[8.236008 8.212569 8.187828 8.15542 ],[0.19519463 0.21729739 0.24585655 0.28310487],[8.286208 8.283078 8.280533 8.278921],[0.19004631 0.20961969 0.23211282 0.2563469 ]
DDK8,D,4e-07,21,True,False,TDD,vanilla,0,[0.04874129 0.07063221 0.09496325 0.1338508 ],[0.01777073 0.02514356 0.03678913 0.06223863],[14.35776  20.84709  28.27489  40.018616],[ 4.7825584  6.963445  11.410249  20.642012 ],[8.264312 8.239001 8.211108 8.172652],[0.21704651 0.25883475 0.30412358 0.3512556 ],[8.315765 8.314188 8.310797 8.306976],[0.20739509 0.2451768  0.28654093 0.3257228 ]
DDK8,D,4e-07,24,True,False,TDD,vanilla,0,[0.05099029 0.07454728 0.10855845 0.1411973 ],[0.01968928 0.03204337 0.05016814 0.06198052],[14.668743 21.222961 31.277477 40.987885],[ 4.9899597  6.892633  12.422516  16.63326  ],[8.238282 8.214349 8.181899 8.150997],[0.25467238 0.28787458 0.3230686  0.3547306 ],[8.2942295 8.294001  8.29249   8.29053  ],[0.24053971 0.2657455  0.29513124 0.32629207]
DDK8,D,4e-07,27,True,False,TDD,vanilla,0,[0.05207378 0.0759854  0.11008964 0.15540384],[0.02013564 0.02851635 0.04775618 0.07970851],[14.906708 21.992132 32.14743  45.655636],[ 4.524822  7.291045 13.010467 22.838823],[8.227633 8.206529 8.175624 8.129955],[0.25832728 0.27107602 0.29235366 0.33858603],[8.284804 8.288184 8.289756 8.287945],[0.24599674 0.25614992 0.27404147 0.30254942]
DDK8,D,4e-07,33,True,False,TDD,vanilla,0,[0.05941772 0.08718041 0.13541564 0.18044928],[0.0244098  0.04228791 0.07236995 0.11354172],[16.80728  24.641577 39.09017  52.23849 ],[ 5.3519015  9.740532  18.455648  27.257238 ],[8.220926 8.197333 8.162015 8.131253],[0.3110194  0.33968526 0.3758894  0.40521082],[8.283479 8.285306 8.291762 8.302665],[0.29424185 0.31225926 0.32923257 0.3390499 ]
DDK8,D,4e-07,36,True,False,TDD,vanilla,0,[0.06367386 0.09709776 0.1503133  0.20213394],[0.02618586 0.05124451 0.08241469 0.11992737],[17.21336  26.378578 41.968754 58.20712 ],[ 5.568671 11.943828 22.140347 37.872837],[8.155273 8.128401 8.091153 8.048954],[0.32244995 0.358164   0.39678127 0.42972857],[8.223469 8.229465 8.240253 8.252065],[0.30499366 0.32756943 0.34636486 0.3621993 ]
DDK8,D,4e-07,42,True,False,TDD,vanilla,0,[0.06006774 0.0974132  0.14617693 0.19574903],[0.02129943 0.04217896 0.07020437 0.09429847],[17.35004  27.969004 41.897617 56.356308],[ 5.2088213 11.47592   19.540335  27.815113 ],[8.229358  8.1797695 8.115669  8.067127 ],[0.27346212 0.30300453 0.33218563 0.3492527 ],[8.293684 8.277752 8.263025 8.253034],[0.2600928  0.2811057  0.29591087 0.3149146 ]
DDK8,A,5e-08,3,True,False,TDD,vanilla,5,[0.02664515 0.04409141 0.07085047 0.11091664],[0.01286724 0.02337007 0.04152757 0.0760793 ],[ 5.1458507  8.840748  14.570674  23.391665 ],[ 1.9687902  4.610588   8.903305  16.510946 ],[8.2223215 8.218083  8.208351  8.190513 ],[0.3667924  0.38308015 0.40252337 0.42657956],[8.233838 8.237641 8.241822 8.246357],[0.36562672 0.3805851  0.39700893 0.4147793 ]
DDK8,A,5e-08,6,True,False,TDD,vanilla,5,[0.03528722 0.06244655 0.10303848 0.15920879],[0.01709672 0.03601686 0.06579079 0.11175791],[ 6.925445 11.978626 20.32978  32.621124],[ 2.5315406  5.249188  11.024695  21.104734 ],[8.266067  8.253786  8.23137   8.1967945],[0.4453915 0.4851783 0.5282473 0.5765506],[8.28204  8.2848   8.287399 8.290143],[0.44220755 0.47809482 0.5148415  0.55173457]
DDK8,A,5e-08,9,True,False,TDD,vanilla,5,[0.05092384 0.10041592 0.16862595 0.24082008],[0.03833461 0.09691267 0.13597946 0.19458742],[ 8.179012 15.184881 26.406065 40.22206 ],[ 2.9912744  6.968477  14.059493  24.07277  ],[8.210343 8.171946 8.118685 8.053638],[0.5563808  0.6203732  0.69372904 0.7805008 ],[8.232175 8.218963 8.206256 8.19461 ],[0.5494946  0.6048245  0.66238713 0.7200331 ]
DDK8,A,5e-08,12,True,False,TDD,vanilla,5,[0.05450872 0.11624131 0.19787714 0.30549154],[0.03823946 0.09588317 0.18149212 0.26995808],[ 9.291135 19.542892 33.395523 55.818016],[ 3.5945227  9.92279   19.977861  36.6716   ],[8.143499 8.106063 8.056728 7.97379 ],[0.57602346 0.654573   0.7407435  0.8371339 ],[8.1713705 8.169162  8.165635  8.1618185],[0.5680532  0.6353437  0.7046337  0.77285534]
DDK8,A,5e-08,15,True,False,TDD,vanilla,5,[0.0681794  0.1376528  0.23496708 0.37901604],[0.05966367 0.1161634  0.20338699 0.33495712],[11.975342 25.992422 47.289745 78.64866 ],[ 5.997245 17.14075  37.814747 70.763435],[8.1920805 8.144046  8.086028  7.9795814],[0.736585   0.82829255 0.929      1.0385771 ],[8.229278 8.228537 8.234898 8.246084],[0.716445   0.7802941  0.83712816 0.889672  ]
DDK8,A,5e-08,18,True,False,TDD,vanilla,5,[0.101181   0.21869165 0.3677227  0.6100304 ],[0.11467911 0.33324054 0.43845564 0.77191263],[13.119654 28.545242 53.26978  90.96452 ],[ 5.7183084 16.982096  37.899418  72.3986   ],[8.116596 8.060936 7.972967 7.813365],[0.8510712 0.9410216 1.0624607 1.2230469],[8.165414 8.166351 8.164887 8.15692 ],[0.8150258 0.8670547 0.9366969 1.025056 ]
DDK8,A,5e-08,21,True,False,TDD,vanilla,5,[0.09779238 0.21213982 0.32578442 0.47278458],[0.0823735  0.23853439 0.26717252 0.3248626 ],[14.574165 31.992168 58.304394 99.59344 ],[ 7.533454 21.06684  41.870186 80.95234 ],[8.043022  7.952655  7.8287106 7.621907 ],[0.92528415 1.0009295  1.0920218  1.2007703 ],[8.097888  8.0776415 8.057297  8.0439825],[0.8918794  0.9238005  0.95249516 0.97904676]
DDK8,A,5e-08,24,True,False,TDD,vanilla,5,[0.09909187 0.20420404 0.38750732 0.5307384 ],[0.08182318 0.19448617 0.37266615 0.42928407],[ 17.146717  35.148544  72.66454  117.76733 ],[ 9.22478  26.697884 61.831932 97.71567 ],[8.192916  8.110867  7.939989  7.6729207],[0.8016242 0.8859265 1.0436715 1.3160659],[8.248478 8.227171 8.202078 8.1868  ],[0.7698817  0.82811874 0.88698286 0.9156224 ]
DDK8,A,5e-08,27,True,False,TDD,vanilla,5,[0.12071306 0.24248247 0.43031457 0.7279047 ],[0.12471654 0.19780125 0.39144748 0.6719553 ],[ 17.206566  39.34323   79.90534  134.89888 ],[  8.48392   27.364273  65.25127  117.81023 ],[8.007974  7.9068384 7.722179  7.393893 ],[0.8479454  0.93618405 1.0687824  1.3197274 ],[8.073305 8.057036 8.035699 8.017298],[0.81447893 0.87702554 0.95565355 1.0139018 ]
DDK8,A,5e-08,33,True,False,TDD,vanilla,5,[0.17546959 0.36989152 0.6212733  0.813261  ],[0.18090639 0.42867994 0.5892049  0.7841897 ],[ 23.76638   57.682816 120.24073  179.00719 ],[ 13.534291  47.02341  100.927155 153.66856 ],[8.095482 7.969722 7.642549 7.188376],[1.0026766 1.1108994 1.281577  1.4451132],[8.180847  8.193614  8.203002  8.1704445],[0.9456215  0.95782167 0.92753166 0.9645922 ]
DDK8,A,5e-08,36,True,False,TDD,vanilla,5,[0.20192455 0.42677608 0.8309708  1.0646607 ],[0.24295656 0.39947608 1.0035459  1.2227175 ],[ 25.166536  61.536133 129.84004  194.24875 ],[ 13.883303  43.56545  100.68067  142.22859 ],[7.9894185 7.814769  7.385546  6.9027057],[0.906262  1.0572238 1.4591222 1.8064586],[8.093336 8.087319 8.075918 8.088953],[0.84122604 0.8823591  0.96047276 0.99210644]
DDK8,A,5e-08,42,True,False,TDD,vanilla,5,[0.25553414 0.4879381  0.7497619  1.040953  ],[0.23825894 0.41772804 0.5225594  0.77051646],[ 29.769648  78.6187   145.5544   212.10143 ],[ 19.538328  59.262672 106.24021  158.26797 ],[7.6779222 7.467697  7.1173267 6.4986854],[1.1555005 1.3036395 1.3993493 1.734458 ],[7.833758 7.885902 7.919857 7.917343],[1.0413706 1.023846  1.0217247 1.0423343]
DDK8,A,2e-07,3,True,False,TDD,vanilla,5,[0.0285643  0.0429008  0.06462324 0.09597345],[0.01262634 0.02209605 0.03886021 0.06522834],[ 5.659962  8.87746  13.907375 21.497515],[ 1.7663698  4.4913826  9.310411  17.596485 ],[8.109714  8.104308  8.0950985 8.079543 ],[0.6317502  0.6363297  0.64208066 0.6497329 ],[8.130689 8.134304 8.138219 8.142409],[0.6257091 0.6282687 0.6312905 0.6347323]
DDK8,A,2e-07,6,True,False,TDD,vanilla,5,[0.03245964 0.05195948 0.08099962 0.1168188 ],[0.01475682 0.02729427 0.0469549  0.0712745 ],[ 6.759447 10.921759 17.629614 26.706196],[ 1.9984027  4.5155873  9.606603  17.785368 ],[8.250847  8.2417145 8.225831  8.202322 ],[0.6085122  0.6288964  0.65440327 0.68570936],[8.274826 8.279523 8.284403 8.289545],[0.6015826  0.61828643 0.63822275 0.6610321 ]
DDK8,A,2e-07,9,True,False,TDD,vanilla,5,[0.04075454 0.06907712 0.11222439 0.16536878],[0.02062466 0.03945528 0.06728479 0.10311299],[ 7.944989 13.383021 22.484705 34.91603 ],[ 2.1133935  4.9468136 11.068422  21.05607  ],[8.18279  8.1724   8.149099 8.115521],[0.6828851  0.70817304 0.7402621  0.77676505],[8.212872 8.222125 8.22945  8.234579],[0.6716166  0.6904289  0.7124399  0.73767006]
DDK8,A,2e-07,12,True,False,TDD,vanilla,5,[0.05514335 0.09781399 0.15483283 0.23201086],[0.03488451 0.06709433 0.11287291 0.1724411 ],[ 9.400176 16.41945  26.561209 42.05421 ],[ 2.912121  6.967513 14.973753 29.514156],[8.074745  8.022933  7.960642  7.8770013],[0.7485698 0.7984123 0.8568869 0.9331058],[8.118894 8.099322 8.080267 8.061373],[0.72288525 0.7593847  0.79724795 0.8372211 ]
DDK8,A,2e-07,15,True,False,TDD,vanilla,5,[0.06761181 0.12858304 0.20978096 0.3166058 ],[0.04044264 0.08867715 0.14482026 0.20733117],[10.613855 20.348383 36.73418  61.123642],[ 3.5671818  9.559999  24.449482  46.925053 ],[7.9066095 7.8524327 7.784126  7.6658387],[0.8380685  0.90607077 0.98197925 1.0914305 ],[7.960368 7.953955 7.952423 7.9545  ],[0.8137213 0.856927  0.8997762 0.942242 ]
DDK8,A,2e-07,18,True,False,TDD,vanilla,5,[0.0684441  0.12625639 0.21961403 0.35949826],[0.04110743 0.07720491 0.13910063 0.23564032],[12.207821 23.269087 43.008263 71.49823 ],[ 4.412519 11.308119 27.74857  49.95534 ],[8.072458  8.005471  7.9046955 7.738527 ],[0.835808  0.9007177 0.9906248 1.1189957],[8.126295 8.107923 8.089695 8.074124],[0.8090824  0.8441579  0.88169974 0.92264533]
DDK8,A,2e-07,21,True,False,TDD,vanilla,5,[0.08798701 0.16213839 0.28210917 0.4347253 ],[0.0650811  0.11584722 0.20221162 0.2769242 ],[14.406724 28.069313 54.919334 89.86272 ],[ 4.459966 12.499236 29.044252 53.75273 ],[8.038878  7.9730663 7.8581133 7.6501684],[0.8930997  0.95433414 1.0488621  1.2001222 ],[8.111541 8.108097 8.098149 8.079145],[0.84507656 0.87269056 0.9155379  0.9743686 ]
DDK8,A,2e-07,24,True,False,TDD,vanilla,5,[0.0970786  0.18001732 0.31183085 0.49590605],[0.07935514 0.1424777  0.23073171 0.43211463],[ 15.730311  30.968882  61.360123 102.1747  ],[ 5.1887236 16.681337  38.459503  68.663574 ],[8.02302   7.919774  7.7611217 7.5015264],[0.8814511 1.009444  1.157644  1.3948514],[8.102798 8.079458 8.073869 8.082761],[0.8285165 0.893055  0.9226012 0.9377865]
DDK8,A,2e-07,27,True,False,TDD,vanilla,5,[0.08860864 0.17960712 0.32566577 0.530674  ],[0.06184009 0.13285717 0.2323982  0.3823145 ],[ 15.292778  33.42523   66.42817  114.46787 ],[  5.8586974  23.710066   61.42968   110.73403  ],[8.037164 7.928864 7.726019 7.424038],[0.8301694 0.9282529 1.0920242 1.3119606],[8.11104  8.084653 8.048851 8.015041],[0.78864    0.83198315 0.884727   0.9329143 ]
DDK8,A,2e-07,33,True,False,TDD,vanilla,5,[0.11965224 0.26664054 0.48039734 0.7016855 ],[0.09124452 0.2082049  0.34120727 0.39894772],[ 21.25769   54.074272 112.9743   170.59053 ],[  9.77496  40.5309   92.11007 138.67845],[8.124019  7.9959936 7.7077456 7.170315 ],[0.86891645 0.9747105  1.1376075  1.476356  ],[8.216682  8.2085085 8.163704  8.084707 ],[0.8136454 0.8615523 0.9495743 1.0525955]
DDK8,A,2e-07,36,True,False,TDD,vanilla,5,[0.13690701 0.31866303 0.5800014  0.8367261 ],[0.11477197 0.30099574 0.5625045  0.53898984],[ 21.955093  56.564404 117.88502  193.08148 ],[ 10.200859  41.209827  93.87159  146.79355 ],[7.9635563 7.7666755 7.382198  7.041851 ],[0.9058333 1.0602472 1.4246184 1.5341417],[8.077505 8.06925  8.089985 8.128924],[0.82759804 0.8323908  0.8334932  0.87066954]
DDK8,A,2e-07,42,True,False,TDD,vanilla,5,[0.17061219 0.4126696  0.68646896 0.9166008 ],[0.14455286 0.43153718 0.49412125 0.5374675 ],[ 25.372654  66.48023  133.98416  202.24681 ],[ 15.498476  62.91167  126.75762  181.03215 ],[7.7875547 7.5029893 7.0491357 6.6440105],[1.0462109 1.2986302 1.4830731 1.5743947],[7.927911  7.910005  7.917583  7.9121513],[0.96075475 0.9710648  0.9386558  0.9704687 ]
DDK8,A,4e-07,3,True,False,TDD,vanilla,5,[0.02900662 0.03973072 0.05466435 0.07419107],[0.00772115 0.01376278 0.02485089 0.04236357],[ 7.4549146 10.251191  14.25303   19.746733 ],[ 1.848412   3.8468404  7.5824594 13.7404375],[8.110232 8.096486 8.079693 8.059425],[0.34329912 0.3522145  0.36275196 0.3748426 ],[8.140506 8.137633 8.134504 8.131127],[0.34248444 0.35056454 0.35972664 0.36985973]
DDK8,A,4e-07,6,True,False,TDD,vanilla,5,[0.03950172 0.05781761 0.08417954 0.11438854],[0.01313072 0.02209149 0.03740374 0.0562823 ],[ 9.568601 13.880136 20.306992 28.048077],[ 2.4705853  4.3459687  8.138865  13.9494095],[8.138485 8.123956 8.104312 8.078804],[0.39375266 0.42615256 0.46194807 0.5016084 ],[8.176272 8.178738 8.180604 8.181811],[0.39123917 0.4205529  0.45303023 0.4878832 ]
DDK8,A,4e-07,9,True,False,TDD,vanilla,5,[0.04562458 0.06823166 0.10303558 0.14495368],[0.01648055 0.02781633 0.04773273 0.07482284],[11.00212  16.22747  24.337044 34.65081 ],[ 2.5868075  4.2016993  8.174973  14.445477 ],[8.13926  8.11628  8.083729 8.042974],[0.48319638 0.525914   0.5725329  0.62403923],[8.184002 8.182483 8.180069 8.177103],[0.4719663  0.5057804  0.54053843 0.5759417 ]
DDK8,A,4e-07,12,True,False,TDD,vanilla,5,[0.05500679 0.08823875 0.13106154 0.19095115],[0.02899896 0.0507833  0.07444903 0.10460404],[12.705423 20.5534   31.242243 48.076153],[ 3.2753134  6.914304  12.856606  22.59319  ],[8.09956   8.066662  8.026462  7.9627166],[0.5881845  0.6467576  0.70521736 0.77066857],[8.15235  8.154115 8.15547  8.156445],[0.5726108  0.6156969  0.65478444 0.68982166]
DDK8,A,4e-07,15,True,False,TDD,vanilla,5,[0.06532142 0.11294348 0.17556967 0.26593438],[0.03164684 0.05495483 0.08268994 0.12700926],[14.145324 25.078533 40.741722 64.700134],[ 5.016854 10.92492  21.628828 39.958683],[8.005501  7.969977  7.9222493 7.83414  ],[0.5902398  0.6455287  0.71460605 0.7987017 ],[8.066401 8.071935 8.077987 8.082911],[0.5711157  0.6151953  0.66565377 0.7195561 ]
DDK8,A,4e-07,18,True,False,TDD,vanilla,5,[0.07587267 0.1361051  0.22000715 0.32534957],[0.03500395 0.07153475 0.10918746 0.15063903],[16.41302  31.82571  57.038975 92.30824 ],[ 4.307541 13.841324 33.322586 58.699223],[8.022192 8.002463 7.960685 7.868018],[0.64479417 0.72034657 0.8181372  0.94127804],[8.09442  8.127554 8.160606 8.190095],[0.6232103  0.6795312  0.74975705 0.8271956 ]
DDK8,A,4e-07,21,True,False,TDD,vanilla,5,[0.08924133 0.15702006 0.25889573 0.37465408],[0.05315457 0.09294311 0.14612448 0.18802734],[17.68048  32.863007 61.16313  99.126945],[ 4.870818 13.957022 41.218273 74.32257 ],[7.9346786 7.9129486 7.8385186 7.693114 ],[0.7147056 0.7871279 0.8975865 1.0195441],[8.028134 8.068816 8.101429 8.12289 ],[0.67326814 0.7159541  0.7663214  0.81699765]
DDK8,A,4e-07,24,True,False,TDD,vanilla,5,[0.10137573 0.18534033 0.3260381  0.48643178],[0.06613998 0.1046268  0.17698109 0.26109895],[17.628218 33.161057 61.712452 97.61174 ],[ 5.2109995 14.228319  34.722393  63.43003  ],[7.8279805 7.7028866 7.5025425 7.234192 ],[0.7918376 0.9061407 1.0613265 1.2885771],[7.927203  7.8822603 7.847619  7.832544 ],[0.74526685 0.8172085  0.8804765  0.9221472 ]
DDK8,A,4e-07,27,True,False,TDD,vanilla,5,[0.10337408 0.20214134 0.34915635 0.5226057 ],[0.06789935 0.14538004 0.24463163 0.30901277],[ 19.912989  41.6885    79.78745  131.02223 ],[  7.0777965  27.709225   63.229446  108.17143  ],[7.8816447 7.7789555 7.5982804 7.325904 ],[0.7581255  0.850566   0.98264414 1.1367345 ],[7.9919696 7.989279  7.998762  8.014314 ],[0.70994437 0.749423   0.7883426  0.81563747]
DDK8,A,4e-07,33,True,False,TDD,vanilla,5,[0.13208595 0.29254514 0.52683496 0.68831927],[0.1013168  0.21824168 0.45814264 0.3798752 ],[ 23.410015  55.256557 110.06285  166.1372  ],[  8.063382  37.92236   83.1121   125.001076],[7.8732457 7.685854  7.3551173 6.951361 ],[0.7639806 0.9226457 1.1980939 1.4159794],[7.995203  7.9802413 7.973531  7.9859047],[0.70891154 0.7746805  0.8564755  0.92781574]
DDK8,A,4e-07,36,True,False,TDD,vanilla,5,[0.11996169 0.24804734 0.4511326  0.7015865 ],[0.07757102 0.14783452 0.29077467 0.51166254],[ 24.440462  54.207718 104.573425 163.54448 ],[  7.485611  29.080704  66.09419  110.8891  ],[7.984626  7.8277526 7.486086  6.938608 ],[0.9010785 0.9708948 1.1462936 1.4158616],[8.108352 8.090845 8.035079 7.95603 ],[0.8385771  0.8493455  0.87210375 0.9073687 ]
DDK8,A,4e-07,42,True,False,TDD,vanilla,5,[0.18113777 0.386257   0.6317904  0.84231895],[0.1390215  0.21986382 0.30602276 0.36154938],[ 30.31457  85.69825 169.2407  248.3415 ],[ 12.291936  58.115314 127.52854  171.17377 ],[7.7506695 7.5943837 7.2517457 6.7644997],[0.90313214 0.9892138  1.1148262  1.4239726 ],[7.9211125 8.026638  8.094642  8.118456 ],[0.81548744 0.8076006  0.8508136  0.89531356]
DDK8,C,5e-08,3,True,False,TDD,vanilla,5,[0.03305637 0.05388251 0.08564871 0.13072069],[0.012905   0.02561877 0.04390995 0.07118201],[ 6.38789  10.951495 18.047861 29.161467],[ 2.1473572  5.4641347 10.513355  18.785187 ],[8.309017 8.296761 8.275149 8.239668],[0.20006236 0.21107003 0.22480506 0.24307325],[8.326575 8.326315 8.326018 8.325577],[0.19877578 0.20899162 0.22026956 0.2324996 ]
DDK8,C,5e-08,6,True,False,TDD,vanilla,5,[0.0448845  0.08310477 0.14248428 0.21970536],[0.0179782  0.0490871  0.09096617 0.14133936],[ 7.7226353 14.585746  26.650774  43.977673 ],[ 2.4375207  6.7404094 16.220638  31.644726 ],[8.205158 8.17297  8.118976 8.036802],[0.3031426  0.32868844 0.36176422 0.41072637],[8.230418 8.22319  8.218066 8.215206],[0.29918042 0.32049295 0.3425427  0.3658508 ]
DDK8,C,5e-08,9,True,False,TDD,vanilla,5,[0.0570786  0.13283397 0.22858006 0.33594245],[0.03370193 0.13473114 0.19802354 0.20984209],[ 9.654904 20.425282 41.115356 68.384926],[ 3.1997793 11.070377  26.758509  47.658443 ],[8.222074  8.1776085 8.085288  7.9401774],[0.40206784 0.45352176 0.52293044 0.62108344],[8.254384 8.254124 8.254158 8.25498 ],[0.39488202 0.43240994 0.46764877 0.49863467]
DDK8,C,5e-08,12,True,False,TDD,vanilla,5,[0.07017305 0.15366462 0.27234307 0.41305852],[0.04828363 0.10365389 0.18498133 0.2534033 ],[11.983279 28.905146 58.031044 94.75873 ],[ 4.9556785 18.66763   43.299343  69.16067  ],[8.248263 8.167132 8.01656  7.779378],[0.41441968 0.45697328 0.548592   0.70913786],[8.288876  8.277489  8.269999  8.2660885],[0.40042427 0.41886386 0.44892526 0.4908567 ]
DDK8,C,5e-08,15,True,False,TDD,vanilla,5,[0.08716543 0.21473219 0.3860217  0.52063936],[0.04909758 0.15448979 0.27174777 0.31247842],[ 14.932495  41.5961    82.14018  126.594215],[ 8.255611 33.051754 64.420395 93.01334 ],[8.235378  8.138639  7.9233284 7.6308093],[0.41043904 0.4766438  0.67560774 0.99512047],[8.284434 8.291013 8.302465 8.324361],[0.4031638  0.44232005 0.4866336  0.5346952 ]
DDK8,C,5e-08,18,True,False,TDD,vanilla,5,[0.14956123 0.36190057 0.57803637 0.7289881 ],[0.12574132 0.28500712 0.39351788 0.41907322],[ 21.747381  66.50819  118.79501  163.88185 ],[ 12.965419  50.625484  85.089615 104.80037 ],[8.108585  7.861328  7.4117374 6.976181 ],[0.57623154 0.76563525 1.1658225  1.2704029 ],[8.200162 8.199213 8.199512 8.190836],[0.5350562  0.57275265 0.58666337 0.60950494]
DDK8,C,5e-08,21,True,False,TDD,vanilla,5,[0.1552236  0.38208964 0.57226074 0.7593978 ],[0.11630814 0.29461923 0.3553554  0.36892414],[ 26.10683  76.59252 130.71088 183.35692],[ 17.339321  65.03065   96.1006   117.40853 ],[8.167989  7.8722467 7.4635735 6.9290247],[0.5327642  0.81445175 1.1306683  1.4640169 ],[8.273708 8.270968 8.278294 8.289778],[0.4893335 0.5536807 0.6028044 0.6329883]
DDK8,C,5e-08,24,True,False,TDD,vanilla,5,[0.18808514 0.43515548 0.63702184 0.76272446],[0.15857448 0.33287972 0.4164877  0.37454957],[ 31.66073  85.707   138.2948  184.41545],[ 24.296387  65.81965   92.90242  117.01946 ],[8.093891  7.7122884 7.309598  6.8384385],[0.61838144 0.99749285 1.205888   1.5713933 ],[8.232507 8.229933 8.229175 8.226252],[0.56549513 0.60039735 0.6194327  0.6659933 ]
DDK8,C,5e-08,27,True,False,TDD,vanilla,5,[0.26206973 0.5194175  0.75951934 0.88926226],[0.30239317 0.3621085  0.54015666 0.49662417],[ 38.110226 100.30137  151.38565  197.0312  ],[ 29.798403  75.17252   93.97193  107.24095 ],[7.9693327 7.4814687 6.9625425 6.52956  ],[0.7085761 1.1497399 1.4672331 1.5958595],[8.173424 8.189116 8.193333 8.201783],[0.5681614  0.57618004 0.5760544  0.6105042 ]
DDK8,C,5e-08,33,True,False,TDD,vanilla,5,[0.33214486 0.6820247  0.89731073 1.0180277 ],[0.3394038  0.58249587 0.565036   0.5737895 ],[ 55.63531 131.94415 191.97125 239.68234],[ 47.764397  94.85557  116.89822  142.2113  ],[7.8762336 7.2296324 6.8058257 6.332149 ],[0.7112968 1.234319  1.2151235 1.5227622],[8.163975 8.166744 8.197453 8.228497],[0.55520767 0.59197205 0.6344895  0.69245917]
DDK8,C,5e-08,36,True,False,TDD,vanilla,5,[0.503687   0.95593756 1.0592898  1.2561148 ],[0.40407953 0.66402763 0.59542686 0.90844   ],[ 85.15806 182.95265 230.26987 270.83658],[ 69.3796  124.75846 135.24469 146.83412],[7.7228823 6.841128  6.3327184 5.9494143],[0.84228224 1.4550455  1.4589021  1.5528301 ],[8.201372 8.212413 8.186459 8.202197],[0.5879251 0.6015146 0.5885965 0.6164567]
DDK8,C,5e-08,42,True,False,TDD,vanilla,5,[0.7385353 0.9500639 1.1321374 1.1600343],[1.0544909  0.73894095 0.5868731  0.5322357 ],[118.37764 174.77121 219.70726 263.4997 ],[112.483986 113.90942  119.04241  151.83388 ],[7.270965  6.6627584 5.864796  5.4177427],[1.3375752 1.5065738 1.8565986 1.9040935],[8.154698 8.128567 8.085518 8.078484],[0.6038881  0.6198292  0.71537834 0.8178851 ]
DDK8,C,2e-07,3,True,False,TDD,vanilla,5,[0.02690742 0.04220884 0.06590453 0.09987674],[0.00819852 0.01709122 0.03336898 0.0589051 ],[ 6.5886827 10.688116  17.03844   26.341225 ],[ 1.8577176  4.5621896  9.207994  16.635698 ],[8.247808 8.234934 8.213985 8.182251],[0.16650109 0.17994511 0.1967197  0.21911362],[8.269406 8.268143 8.26673  8.265156],[0.16525045 0.17695566 0.18965855 0.20317249]
DDK8,C,2e-07,6,True,False,TDD,vanilla,5,[0.03550502 0.06290989 0.10825413 0.16690215],[0.0106785  0.0255539  0.05408535 0.09014204],[ 8.6325655 15.533835  27.38454   43.160843 ],[ 2.1584198  5.8059697 13.370215  23.337317 ],[8.257927  8.226528  8.173947  8.0971155],[0.24353226 0.2739319  0.3152072  0.37369823],[8.289013 8.28343  8.278104 8.273454],[0.23840481 0.2612574  0.2851649  0.3086477 ]
DDK8,C,2e-07,9,True,False,TDD,vanilla,5,[0.04429182 0.08308677 0.14917529 0.23558857],[0.01502635 0.03649415 0.07434729 0.12137053],[10.482214 20.332474 37.92538  62.420677],[ 2.825243  8.66837  20.344662 35.889782],[8.22587  8.190444 8.124711 8.020038],[0.30834854 0.3533099  0.40869772 0.4850649 ],[8.265249 8.267987 8.272074 8.276913],[0.30145794 0.33881113 0.3764504  0.4147206 ]
DDK8,C,2e-07,12,True,False,TDD,vanilla,5,[0.05341253 0.12018976 0.22324112 0.3362883 ],[0.02285713 0.07734816 0.15526968 0.20234253],[12.574895 29.085272 56.27336  89.539215],[ 4.6303906 16.9247    36.938755  57.603897 ],[8.226329 8.154488 8.024943 7.847694],[0.35837713 0.42782706 0.53344023 0.6767068 ],[8.275466 8.271283 8.26691  8.262678],[0.34935436 0.39719546 0.44388452 0.48593506]
DDK8,C,2e-07,15,True,False,TDD,vanilla,5,[0.07120624 0.17537765 0.31172228 0.45778835],[0.03468166 0.10820886 0.18537037 0.23818274],[ 16.489103  42.758965  81.08689  124.831955],[ 8.023205 27.345055 52.1244   75.39709 ],[8.13662  8.01248  7.787695 7.462222],[0.46712792 0.54536355 0.7001335  0.9169932 ],[8.207965 8.210038 8.215867 8.224112],[0.45113933 0.4856871  0.5191998  0.54643935]
DDK8,C,2e-07,18,True,False,TDD,vanilla,5,[0.08745719 0.21762125 0.36731023 0.5044465 ],[0.05436308 0.14654961 0.21264666 0.22860469],[ 20.324173  56.42691  102.746895 150.3151  ],[ 11.27395   43.876575  81.210526 111.153534],[8.172807 8.012023 7.74637  7.428968],[0.52442807 0.64943564 0.85399646 1.0310484 ],[8.257838 8.261139 8.260707 8.264115],[0.49564663 0.5484521  0.60611343 0.6623807 ]
DDK8,C,2e-07,21,True,False,TDD,vanilla,5,[0.10256375 0.25664666 0.4097257  0.5496007 ],[0.07022565 0.19797988 0.24993302 0.25231743],[ 24.928818  68.83794  117.734695 164.69495 ],[ 17.820705  61.377213  91.70285  103.302345],[8.128488  7.902455  7.560917  7.1690493],[0.51555294 0.70922226 1.0265371  1.2738358 ],[8.236614 8.255446 8.269096 8.275333],[0.48349896 0.5265164  0.5651753  0.60599506]
DDK8,C,2e-07,24,True,False,TDD,vanilla,5,[0.13817757 0.3501944  0.5335676  0.705877  ],[0.08459852 0.2037107  0.25441    0.25446534],[ 30.866377  88.03432  141.21313  193.80322 ],[ 20.178719  62.768875  85.270065 100.857315],[7.987192  7.6551957 7.27155   6.6900063],[0.62240106 0.80241495 1.0133845  1.3715719 ],[8.131182 8.132619 8.148181 8.162027],[0.5804273  0.61564034 0.6213094  0.64173055]
DDK8,C,2e-07,27,True,False,TDD,vanilla,5,[0.14331503 0.35858586 0.5570015  0.70285606],[0.08636516 0.21085513 0.27196723 0.26946968],[ 33.238564  89.7091   143.13019  185.62984 ],[20.175823 61.3102   83.95497  95.85509 ],[8.004973  7.6238365 7.115444  6.589009 ],[0.604513  0.8508993 1.2096567 1.4043149],[8.16426  8.148859 8.14116  8.125651],[0.5455145  0.57448643 0.5996173  0.65095395]
DDK8,C,2e-07,33,True,False,TDD,vanilla,5,[0.23186944 0.5172511  0.6730807  0.7997722 ],[0.1845128  0.34628925 0.33736658 0.2875687 ],[ 49.507294 121.07011  166.66864  214.59381 ],[ 36.146473  86.62541   91.689285 113.637375],[7.8535547 7.214944  6.8385363 6.476843 ],[0.7773368 1.2103432 1.3911709 1.2462037],[8.134128 8.123875 8.132454 8.157437],[0.62713987 0.62046474 0.62091714 0.6189508 ]
DDK8,C,2e-07,36,True,False,TDD,vanilla,5,[0.22634786 0.51250297 0.6636975  0.80608124],[0.2154949  0.43816373 0.34852415 0.36567986],[ 53.59016  126.213806 173.36089  219.08699 ],[ 51.000828  97.81715   99.274536 115.93662 ],[7.9610424 7.408456  6.9390287 6.554554 ],[0.68787533 1.1360348  1.3829106  1.372761  ],[8.223166 8.203659 8.193959 8.197771],[0.5721486  0.62228054 0.6435787  0.6443599 ]
DDK8,C,2e-07,42,True,False,TDD,vanilla,5,[0.34391937 0.628952   0.7880878  0.96869844],[0.36511555 0.40174928 0.31254536 0.41475943],[ 83.36185 157.19934 214.75838 271.65503],[120.851906  99.07289  116.14388  147.98717 ],[7.691978  7.0778136 6.5737376 6.1935945],[1.0823257 1.484702  1.3815018 1.211759 ],[8.202137 8.208331 8.213117 8.186108],[0.62006235 0.64596266 0.66607225 0.7035478 ]
DDK8,C,4e-07,3,True,False,TDD,vanilla,5,[0.02949235 0.04293671 0.06243262 0.08969681],[0.00733817 0.0150444  0.02839807 0.04853424],[ 7.9028864 11.71394   17.324688  25.358767 ],[ 2.0419338  4.586555   8.847814  15.224667 ],[8.288075 8.277269 8.260011 8.235778],[0.18369724 0.1981065  0.21538287 0.23612656],[8.31983  8.321709 8.323363 8.324781],[0.1824369  0.19586535 0.21045375 0.22601187]
DDK8,C,4e-07,6,True,False,TDD,vanilla,5,[0.03909311 0.06252493 0.09784191 0.14065652],[0.00986253 0.02010532 0.03740683 0.05973892],[ 9.903868 16.171926 25.825073 37.78382 ],[ 2.7106042  6.0407467 12.08224   20.162527 ],[8.21602  8.192843 8.157839 8.11201 ],[0.2683647  0.29013017 0.31389883 0.34139597],[8.259438 8.260148 8.261916 8.265042],[0.26467186 0.2839932  0.30338576 0.3230583 ]
DDK8,C,4e-07,9,True,False,TDD,vanilla,5,[0.04961802 0.0834014  0.13769865 0.20755169],[0.01679577 0.03582766 0.0668568  0.10686551],[12.058804 20.560753 34.814243 53.85477 ],[ 3.0667384  8.024033  17.684063  30.531935 ],[8.245259 8.199818 8.131016 8.035625],[0.34848145 0.39710107 0.4526267  0.52168906],[8.299542  8.2919655 8.284302  8.276176 ],[0.3363756  0.3739166  0.41209707 0.44999707]
DDK8,C,4e-07,12,True,False,TDD,vanilla,5,[0.05847237 0.1109181  0.19133376 0.29167125],[0.01925849 0.05249139 0.09892035 0.14391011],[14.387688 27.896519 49.826332 78.02958 ],[ 4.4348803 14.107489  29.943235  48.076393 ],[8.188092  8.124611  8.015773  7.8595676],[0.37672237 0.4240437  0.49001366 0.58292335],[8.254019 8.249561 8.239468 8.22615 ],[0.36668321 0.40296978 0.44160876 0.48203832]
DDK8,C,4e-07,15,True,False,TDD,vanilla,5,[0.06799357 0.14757924 0.26005164 0.38509068],[0.02328889 0.0688781  0.12797247 0.1806199 ],[ 17.477747  39.41724   72.93413  112.74172 ],[ 5.5186   19.058573 41.47227  66.79168 ],[8.220027  8.1344    7.9985833 7.793152 ],[0.38112855 0.4529435  0.55301005 0.6958937 ],[8.300738 8.310435 8.318503 8.321449],[0.36233523 0.4033232  0.448278   0.4995451 ]
DDK8,C,4e-07,18,True,False,TDD,vanilla,5,[0.08654213 0.20004402 0.33769503 0.47989038],[0.04293286 0.12115417 0.1897437  0.22093314],[ 21.130268  51.81096   93.570496 141.42221 ],[ 8.373636 28.984531 54.832516 82.15125 ],[8.145678  8.011416  7.797008  7.5057616],[0.5430716  0.66419625 0.8634891  1.1019497 ],[8.245845 8.256775 8.268593 8.282536],[0.5129303  0.5608195  0.60647964 0.64250934]
DDK8,C,4e-07,21,True,False,TDD,vanilla,5,[0.10904362 0.25706092 0.41620559 0.5617449 ],[0.06278378 0.15871984 0.2125979  0.23894514],[ 25.35756   65.776985 115.31752  165.84575 ],[13.006236 44.02307  71.01955  95.28387 ],[8.081347  7.891565  7.6068773 7.2025228],[0.5295749 0.6456998 0.8648179 1.1908079],[8.208268 8.233376 8.263854 8.301309],[0.48909435 0.49843127 0.5081799  0.52443814]
DDK8,C,4e-07,24,True,False,TDD,vanilla,5,[0.11937407 0.28232992 0.450638   0.5913346 ],[0.06205285 0.16726847 0.22693595 0.23238355],[ 28.604834  73.51642  122.42727  166.79683 ],[15.580196 53.22507  80.47274  98.3324  ],[8.089246  7.8464704 7.467976  7.045994 ],[0.53347486 0.65625364 0.92691326 1.2005854 ],[8.224326 8.216809 8.205311 8.196901],[0.5019927  0.53854054 0.5763094  0.6127203 ]
DDK8,C,4e-07,27,True,False,TDD,vanilla,5,[0.13126439 0.29672202 0.45355323 0.60966736],[0.0726112  0.17231648 0.20889363 0.22239129],[ 33.00253  78.64918 123.78449 169.99017],[24.361486 59.250977 77.74989  94.34724 ],[8.054665  7.7879705 7.510376  7.0994587],[0.55673146 0.7253856  0.86675316 1.0878258 ],[8.212278 8.205426 8.209401 8.201062],[0.52702165 0.5741107  0.6127436  0.64407486]
DDK8,C,4e-07,33,True,False,TDD,vanilla,5,[0.1845065 0.3850275 0.542459  0.6729891],[0.12314048 0.23808305 0.260766   0.2547588 ],[ 42.856422  96.01664  139.89029  179.8633  ],[28.179426 62.440754 77.58974  94.106606],[7.956598 7.588362 7.27381  6.866871],[0.7494517 1.0316243 1.1603281 1.4067719],[8.183739 8.192224 8.175432 8.147135],[0.6432265  0.66101295 0.6978664  0.7402622 ]
DDK8,C,4e-07,36,True,False,TDD,vanilla,5,[0.21145275 0.44725704 0.64686674 0.74764687],[0.15333427 0.25932807 0.30704227 0.28288364],[ 51.730667 119.850525 178.06487  216.23346 ],[ 33.718204  71.80012   92.74979  110.96384 ],[8.004551  7.5368013 6.9755287 6.632547 ],[0.7464728 1.1097937 1.4723378 1.5684544],[8.265757  8.2690735 8.257155  8.252183 ],[0.6276491  0.67769957 0.705928   0.7128718 ]
DDK8,C,4e-07,42,True,False,TDD,vanilla,5,[0.261674   0.52572536 0.71495557 0.8637845 ],[0.1883314  0.2900919  0.31055167 0.2331618 ],[ 65.71795 140.1183  193.06042 244.59381],[ 59.739975 101.25722  102.542114 110.45834 ],[7.854446  7.343331  6.8560123 6.288036 ],[0.7145963 0.9815756 1.2881336 1.3299826],[8.192731 8.206451 8.21126  8.215601],[0.59920657 0.60754186 0.64400005 0.6513544 ]
DDK8,D,5e-08,3,True,False,TDD,vanilla,5,[0.00935391 0.02039104 0.03781425 0.06218155],[0.00452835 0.01464653 0.03058105 0.05893549],[ 2.7528534  6.031584  11.192448  18.426521 ],[ 1.3466681  4.3723264  9.118809  17.62274  ],[8.291244 8.284751 8.275151 8.260972],[0.0757583  0.0820659  0.09025884 0.10327072],[8.299658 8.29858  8.297538 8.29653 ],[0.07468852 0.07996947 0.08556426 0.0913942 ]
DDK8,D,5e-08,6,True,False,TDD,vanilla,5,[0.01077334 0.02116731 0.03618538 0.05731065],[0.00399152 0.01078673 0.0226553  0.04489667],[ 3.1855454  6.2805724 10.729071  16.976473 ],[ 1.1231166  3.0479815  6.3902416 12.648808 ],[8.301119 8.293125 8.281811 8.265843],[0.1206347  0.13326441 0.1471449  0.16460109],[8.311767 8.311415 8.310966 8.310436],[0.12025459 0.13231722 0.14488111 0.15781623]
DDK8,D,5e-08,9,True,False,TDD,vanilla,5,[0.01180532 0.02274578 0.03787624 0.06036193],[0.0034311  0.00939182 0.01959114 0.03791493],[ 3.4535956  6.6467533 11.033363  17.57891  ],[ 0.9534615  2.704025   5.695046  11.148254 ],[8.285425 8.271619 8.253704 8.231316],[0.13323465 0.15492672 0.1788181  0.20517257],[8.297676 8.293371 8.288761 8.283954],[0.1321482  0.15266456 0.17479543 0.19807528]
DDK8,D,5e-08,12,True,False,TDD,vanilla,5,[0.01454021 0.02809083 0.04640709 0.07810482],[0.00658578 0.01355935 0.02996133 0.05459176],[ 4.168326  8.115641 13.429985 22.757622],[ 1.823724   3.8088975  8.507846  16.129766 ],[8.267913 8.252854 8.232545 8.204187],[0.18893175 0.21392432 0.24124826 0.2708833 ],[8.282729 8.280233 8.277586 8.274747],[0.18684064 0.21076299 0.2355141  0.26066127]
DDK8,D,5e-08,15,True,False,TDD,vanilla,5,[0.01647547 0.032724   0.05766722 0.09316777],[0.00793527 0.01786418 0.03895017 0.06380975],[ 4.631105  9.274733 16.396038 26.739466],[ 1.9255211  4.756351  10.791828  18.233599 ],[8.252535 8.235678 8.213327 8.184893],[0.212778   0.23366576 0.256315   0.28050292],[8.270022 8.268729 8.268344 8.268918],[0.2086949  0.22577141 0.24269079 0.25992864]
DDK8,D,5e-08,18,True,False,TDD,vanilla,5,[0.01943396 0.03892215 0.06672457 0.11239975],[0.00888236 0.02061357 0.0446916  0.07898569],[ 5.485086 10.973599 18.595549 31.537544],[ 2.1846857  5.4966254 11.387072  20.903948 ],[8.247074 8.21517  8.178312 8.136487],[0.23918676 0.2716945  0.30889252 0.34545356],[8.267819  8.256482  8.2475815 8.242658 ],[0.2351493 0.2640463 0.2919402 0.3160511]
DDK8,D,5e-08,21,True,False,TDD,vanilla,5,[0.02104088 0.04342297 0.07811938 0.1234214 ],[0.00899669 0.02359713 0.04792695 0.08314658],[ 6.047262 12.652782 22.928444 36.87484 ],[ 2.5592299  7.2795153 14.573234  27.083345 ],[8.255601  8.238624  8.213272  8.1752205],[0.25479716 0.29004538 0.3360047  0.38810548],[8.27719   8.282884  8.2891655 8.295584 ],[0.25249338 0.2854534  0.32003936 0.35299757]
DDK8,D,5e-08,24,True,False,TDD,vanilla,5,[0.02132789 0.04487806 0.08498605 0.12103248],[0.00881257 0.02223629 0.04921398 0.07295774],[ 6.1079464 13.078848  24.590471  35.166065 ],[ 2.2675266  6.874144  14.6311655 22.699484 ],[8.257156 8.228976 8.186197 8.143525],[0.25064498 0.28080562 0.3186587  0.35471982],[8.280112  8.273623  8.264235  8.2512455],[0.24701582 0.27596948 0.30649292 0.3357034 ]
DDK8,D,5e-08,27,True,False,TDD,vanilla,5,[0.02357679 0.05053897 0.08624202 0.13014764],[0.01239435 0.0347624  0.05998224 0.09595008],[ 6.7343636 14.131532  24.75462   37.168102 ],[ 3.672322  9.492574 16.861435 25.714165],[8.236935 8.20977  8.17918  8.147221],[0.30180097 0.32674158 0.35444415 0.39646873],[8.262777 8.265217 8.269065 8.273772],[0.2979555  0.3138878  0.33165452 0.3518799 ]
DDK8,D,5e-08,33,True,False,TDD,vanilla,5,[0.02789352 0.06306046 0.10533459 0.16455604],[0.01399694 0.03816151 0.06190562 0.09698381],[ 7.681774 17.175552 29.570005 47.259956],[ 3.4277537  9.185719  17.347166  28.802265 ],[8.205451 8.168195 8.132172 8.09079 ],[0.3190084  0.34114692 0.35558188 0.37119842],[8.235228 8.229521 8.229554 8.238303],[0.31300098 0.32693157 0.3373971  0.34345612]
DDK8,D,5e-08,36,True,False,TDD,vanilla,5,[0.03023326 0.06286768 0.11165385 0.15716824],[0.01713602 0.04098993 0.06868006 0.0989858 ],[ 8.839336 18.773281 33.864048 48.52515 ],[ 4.241062 12.338717 21.579134 33.30558 ],[8.30386  8.272725 8.229237 8.183237],[0.2867164  0.3075137  0.33359838 0.3613553 ],[8.336734 8.337908 8.336387 8.332141],[0.27704263 0.29162735 0.30735877 0.3248851 ]
DDK8,D,5e-08,42,True,False,TDD,vanilla,5,[0.03817809 0.08592439 0.15457244 0.22095485],[0.02235329 0.05279715 0.09548784 0.137833  ],[10.964746 25.380398 47.113136 68.51911 ],[ 5.9818106 14.94152   29.626852  47.73834  ],[8.251956 8.239167 8.213964 8.154189],[0.30923024 0.32566234 0.34450278 0.4006022 ],[8.291798 8.319096 8.342037 8.351114],[0.29859725 0.30620685 0.31966177 0.34217647]
DDK8,D,2e-07,3,True,False,TDD,vanilla,5,[0.01291848 0.02265676 0.03827334 0.05981839],[0.00516419 0.01310461 0.02719794 0.05293898],[ 3.8222382  6.7270527 11.377918  17.80082  ],[ 1.4968579  3.8743439  8.06598   15.697526 ],[8.291177 8.286167 8.277828 8.265254],[0.05626589 0.06387778 0.07315318 0.08731579],[8.30472  8.305355 8.306001 8.306659],[0.05492547 0.06174164 0.06871933 0.07579485]
DDK8,D,2e-07,6,True,False,TDD,vanilla,5,[0.01532534 0.02569748 0.04167031 0.06246562],[0.00437705 0.01104024 0.02318746 0.04506497],[ 4.527229   7.6018887 12.326483  18.466148 ],[ 1.23808    3.1720726  6.676817  12.991529 ],[8.288586  8.279723  8.266607  8.2502365],[0.08490507 0.09633496 0.10885365 0.12329988],[8.304998 8.30393  8.302717 8.301365],[0.08359402 0.0947236  0.10591125 0.1170879 ]
DDK8,D,2e-07,9,True,False,TDD,vanilla,5,[0.01789141 0.02783725 0.04152841 0.06174207],[0.00529679 0.00884457 0.01542654 0.02779541],[ 5.239332  8.191052 12.306715 18.45727 ],[1.3114719 2.3597    4.5616193 8.734316 ],[8.28532  8.276133 8.262963 8.245911],[0.13131194 0.14714544 0.16335067 0.18030083],[8.304958 8.305161 8.30541  8.30564 ],[0.12817776 0.14271183 0.15739685 0.17246187]
DDK8,D,2e-07,12,True,False,TDD,vanilla,5,[0.01831319 0.02968787 0.0433399  0.06676588],[0.00620924 0.0108534  0.02001565 0.04089941],[ 5.419488  8.798767 12.850576 19.835884],[ 1.8056521  3.0887983  5.674961  11.833981 ],[8.293525 8.283311 8.269977 8.251136],[0.1450052  0.16801053 0.1924887  0.21733288],[8.313007 8.312093 8.310837 8.309354],[0.14296053 0.16523613 0.1881396  0.2113783 ]
DDK8,D,2e-07,15,True,False,TDD,vanilla,5,[0.0222796  0.03556632 0.05610862 0.0927454 ],[0.00768446 0.0120699  0.02486833 0.05067775],[ 6.514539 10.420657 16.57463  27.592379],[ 2.2181826  3.4019516  7.5741887 15.477768 ],[8.270326 8.255756 8.237639 8.2094  ],[0.1889816  0.21170627 0.23610401 0.26310226],[8.293565  8.2920685 8.2905855 8.289156 ],[0.18703032 0.20940296 0.23131841 0.25235698]
DDK8,D,2e-07,18,True,False,TDD,vanilla,5,[0.02443614 0.03983412 0.05913516 0.09218755],[0.01011154 0.01884061 0.02820756 0.05231905],[ 7.12138  11.572443 17.417309 27.648998],[ 2.5590951  4.4496474  7.7607384 16.408096 ],[8.279641 8.270145 8.256142 8.22914 ],[0.22584172 0.24784666 0.27015662 0.29165617],[8.305725 8.309488 8.312395 8.314784],[0.22037174 0.2390583  0.25812885 0.27720353]
DDK8,D,2e-07,21,True,False,TDD,vanilla,5,[0.02704676 0.0453412  0.0755143  0.1186555 ],[0.01108481 0.02133219 0.04508981 0.0826322 ],[ 7.645056 12.836803 21.675694 33.822895],[ 2.6303477  5.048077  11.583032  20.479824 ],[8.236534 8.222876 8.204757 8.169572],[0.2510399  0.2752568  0.298874   0.35242543],[8.264703 8.267769 8.272947 8.279535],[0.24443386 0.26372743 0.2798239  0.2931526 ]
DDK8,D,2e-07,24,True,False,TDD,vanilla,5,[0.02932853 0.05024613 0.08233178 0.12513253],[0.01186128 0.02180584 0.0454015  0.0696482 ],[ 8.337166 14.268313 23.64217  36.90633 ],[ 2.8733616  5.078352  11.633043  20.672382 ],[8.247832 8.234074 8.216223 8.187651],[0.24819358 0.26764366 0.29095548 0.3214567 ],[8.277871 8.283131 8.289918 8.296556],[0.24175097 0.25661522 0.27360883 0.29408902]
DDK8,D,2e-07,27,True,False,TDD,vanilla,5,[0.03171486 0.05145558 0.0864803  0.12924181],[0.01315668 0.02595092 0.0477673  0.0787769 ],[ 8.91293  14.379123 24.688871 37.46464 ],[ 3.3501344  6.3366947 13.263829  23.25164  ],[8.221206 8.201787 8.175926 8.149326],[0.2714374  0.2979062  0.33283225 0.3738581 ],[8.2537155 8.252774  8.254282  8.257275 ],[0.26518136 0.28589198 0.31270012 0.34290448]
DDK8,D,2e-07,33,True,False,TDD,vanilla,5,[0.03248224 0.05965103 0.10381576 0.14790723],[0.0152826  0.03338766 0.07608573 0.10282334],[ 9.3431425 17.190735  30.409039  44.901737 ],[ 3.7435305  8.320247  21.068289  33.35223  ],[8.260801 8.239782 8.210516 8.189918],[0.30102974 0.31047252 0.329978   0.34455952],[8.294483 8.296839 8.303677 8.315007],[0.29260948 0.29500195 0.30127394 0.31653824]
DDK8,D,2e-07,36,True,False,TDD,vanilla,5,[0.03507266 0.06541827 0.11245737 0.15557085],[0.01442244 0.03476965 0.07003747 0.10179409],[ 9.793861 18.00243  30.836739 43.45136 ],[ 3.6278512  8.836079  18.1114    28.778185 ],[8.217469  8.1680765 8.11429   8.068806 ],[0.31523326 0.34450337 0.3759044  0.4034263 ],[8.254462  8.231821  8.213254  8.2022705],[0.30821246 0.33105987 0.3529215  0.36922216]
DDK8,D,2e-07,42,True,False,TDD,vanilla,5,[0.04205519 0.08341388 0.13796352 0.20121643],[0.01815083 0.04538282 0.0739742  0.1081491 ],[12.022329 24.144348 40.155945 60.0324  ],[ 4.870155 13.695383 22.260786 35.51231 ],[8.232353 8.190882 8.138956 8.096064],[0.32171828 0.34322175 0.36492544 0.3762971 ],[8.275828 8.271634 8.268322 8.26755 ],[0.31351313 0.32876962 0.3366903  0.34487548]
DDK8,D,4e-07,3,True,False,TDD,vanilla,5,[0.01807201 0.02766082 0.04308004 0.06220265],[0.00596055 0.01238447 0.02403418 0.04398239],[ 5.297592  8.135486 12.696707 18.342014],[ 1.7155408  3.615958   7.058793  12.937083 ],[8.275112 8.266622 8.254884 8.240228],[0.05528465 0.06363779 0.07270426 0.08395794],[8.293405 8.290766 8.28805  8.285257],[0.05372701 0.06171242 0.06978194 0.07790729]
DDK8,D,4e-07,6,True,False,TDD,vanilla,5,[0.02130009 0.03049232 0.04415789 0.06234963],[0.00650811 0.01061192 0.01888619 0.03487455],[ 6.2712135  9.006834  13.082551  18.562044 ],[1.8446362 2.9546754 5.266759  9.946765 ],[8.280476 8.274795 8.266115 8.255353],[0.10000612 0.11402504 0.12857108 0.14366099],[8.302427 8.303819 8.305447 8.30732 ],[0.09781612 0.11133109 0.12449647 0.1372722 ]
DDK8,D,4e-07,9,True,False,TDD,vanilla,5,[0.02324519 0.0330452  0.04613116 0.06379545],[0.00745012 0.01201669 0.02117268 0.03864329],[ 6.897774  9.854027 13.813011 19.246529],[ 2.1677032  3.631804   6.53009   12.267038 ],[8.286312  8.280603  8.2715645 8.259982 ],[0.12581447 0.14490105 0.1648097  0.18434945],[8.310682 8.313534 8.316418 8.319339],[0.1229313  0.14134116 0.15957414 0.17754117]
DDK8,D,4e-07,12,True,False,TDD,vanilla,5,[0.02518253 0.03531436 0.04909058 0.07185095],[0.00867467 0.01163708 0.02034648 0.03820551],[ 7.447908 10.49057  14.571838 21.44607 ],[ 2.4686701  3.2969782  5.584379  10.767245 ],[8.289272 8.280894 8.269994 8.252674],[0.15913735 0.18122414 0.20412025 0.22847614],[8.314311 8.315415 8.316559 8.31765 ],[0.15571669 0.17662454 0.19755578 0.21827404]
DDK8,D,4e-07,15,True,False,TDD,vanilla,5,[0.02982125 0.04237249 0.05981128 0.08677855],[0.01273117 0.01752997 0.0285433  0.04869938],[ 8.879383 12.694481 18.014275 26.357643],[ 3.4561381  4.7057548  7.7257504 13.941221 ],[8.301857 8.295057 8.285386 8.267301],[0.17998816 0.20102632 0.22260232 0.24569887],[8.331775 8.336437 8.340626 8.344339],[0.17464425 0.1934692  0.21228619 0.23092636]
DDK8,D,4e-07,18,True,False,TDD,vanilla,5,[0.03154497 0.04402648 0.06394207 0.09498136],[0.01053814 0.01625725 0.02899977 0.05466715],[ 9.18758  12.795223 18.435583 27.457783],[ 3.0218465  4.644602   7.654216  15.277906 ],[8.255372 8.241028 8.223118 8.200811],[0.1928842  0.21431412 0.2398637  0.27087742],[8.286208 8.283078 8.280533 8.278921],[0.19004631 0.20961969 0.23211282 0.2563469 ]
DDK8,D,4e-07,21,True,False,TDD,vanilla,5,[0.03308295 0.04863949 0.07046839 0.10593858],[0.01249899 0.01820835 0.02912298 0.05594074],[ 9.756826 14.391685 21.0544   31.894053],[ 3.5174544  5.273893   9.453799  19.666998 ],[8.283687 8.267625 8.246112 8.217733],[0.21316694 0.2530547  0.29687867 0.34144783],[8.315765 8.314188 8.310797 8.306976],[0.20739509 0.2451768  0.28654093 0.3257228 ]
DDK8,D,4e-07,24,True,False,TDD,vanilla,5,[0.03430799 0.05202022 0.08227272 0.11411767],[0.01415226 0.02245516 0.04191414 0.05417059],[ 9.914016 14.969242 23.929354 33.353607],[ 3.692984  5.398965 11.171828 14.763823],[8.259622 8.243521 8.221987 8.197563],[0.24876888 0.278345   0.30955285 0.34184062],[8.2942295 8.294001  8.29249   8.29053  ],[0.24053971 0.2657455  0.29513124 0.32629207]
DDK8,D,4e-07,27,True,False,TDD,vanilla,5,[0.03511022 0.05341194 0.08250306 0.12610278],[0.01596738 0.02215166 0.03836869 0.06795534],[ 9.988867 15.462838 24.173677 37.18644 ],[ 3.1437275  5.7366242 10.804507  19.848022 ],[8.249247 8.235925 8.21561  8.177113],[0.25466996 0.26577145 0.2845237  0.3235344 ],[8.284804 8.288184 8.289756 8.287945],[0.24599674 0.25614992 0.27404147 0.30254942]
DDK8,D,4e-07,33,True,False,TDD,vanilla,5,[0.04126713 0.06491604 0.10737316 0.14955093],[0.01715287 0.03253722 0.06233956 0.09904208],[11.729881 18.38131  31.147917 43.340023],[ 4.11228   8.069047 16.996115 25.176735],[8.242871 8.227094 8.203993 8.182811],[0.3042868  0.32897967 0.35821137 0.38032058],[8.283479 8.285306 8.291762 8.302665],[0.29424185 0.31225926 0.32923257 0.3390499 ]
DDK8,D,4e-07,36,True,False,TDD,vanilla,5,[0.04398683 0.07202584 0.1205245  0.17535982],[0.01975394 0.04089231 0.07225249 0.11371587],[11.904798 19.563265 33.863068 50.200195],[ 4.512925   9.8406725 19.185877  33.54452  ],[8.17976  8.160903 8.138364 8.103294],[0.31647077 0.35002398 0.38543046 0.4186343 ],[8.223469 8.229465 8.240253 8.252065],[0.30499366 0.32756943 0.34636486 0.3621993 ]
DDK8,D,4e-07,42,True,False,TDD,vanilla,5,[0.04245301 0.0771606  0.12150969 0.17013225],[0.01654324 0.03811089 0.06855738 0.09181857],[12.272243 22.175999 34.75296  49.215893],[ 4.1094284 10.459252  19.284239  27.685373 ],[8.251895 8.210357 8.157648 8.115929],[0.26908824 0.2970843  0.32305905 0.33764923],[8.293684 8.277752 8.263025 8.253034],[0.2600928  0.2811057  0.29591087 0.3149146 ]
DDK8,A,5e-08,3,True,False,TDD,vanilla,10,[0.01741973 0.0313863  0.05530916 0.09311507],[0.0077955  0.01705319 0.03512436 0.06974269],[ 3.6720438  6.8408275 12.0009165 20.502739 ],[ 1.5861945  4.204874   8.468275  16.09624  ],[8.227638 8.225957 8.220198 8.208342],[0.36627537 0.38184038 0.39990497 0.42088345],[8.233838 8.237641 8.241822 8.246357],[0.36562672 0.3805851  0.39700893 0.4147793 ]
DDK8,A,5e-08,6,True,False,TDD,vanilla,10,[0.02292231 0.04548382 0.08491819 0.14095853],[0.0116766  0.02786687 0.05802374 0.10697423],[ 4.6508155  8.7783575 16.48027   28.166664 ],[ 1.8072889  4.185602   9.552154  19.471357 ],[8.273023 8.264793 8.247358 8.218971],[0.44418803 0.48357525 0.5264419  0.57410127],[8.28204  8.2848   8.287399 8.290143],[0.44220755 0.47809482 0.5148415  0.55173457]
DDK8,A,5e-08,9,True,False,TDD,vanilla,10,[0.03372382 0.07891515 0.14666313 0.21760973],[0.02393781 0.09268498 0.13387065 0.18871011],[ 5.7148175 11.8164015 22.269499  36.000954 ],[ 2.265527   6.1619153 13.085749  22.9849   ],[8.21878  8.185551 8.138805 8.078935],[0.553626   0.61556196 0.6883967  0.77610356],[8.232175 8.218963 8.206256 8.19461 ],[0.5494946  0.6048245  0.66238713 0.7200331 ]
DDK8,A,5e-08,12,True,False,TDD,vanilla,10,[0.03893825 0.09571265 0.1717791  0.2722842 ],[0.02473618 0.08106565 0.16652752 0.25235987],[ 6.74171  15.828928 28.901915 50.435703],[ 2.900353  8.828702 18.83027  35.38496 ],[8.152571 8.12156  8.079847 8.007791],[0.5736447  0.6506823  0.73385483 0.82574594],[8.1713705 8.169162  8.165635  8.1618185],[0.5680532  0.6353437  0.7046337  0.77285534]
DDK8,A,5e-08,15,True,False,TDD,vanilla,10,[0.05230748 0.11944935 0.21794736 0.35645387],[0.04848908 0.10472483 0.19736716 0.32423505],[ 9.125102 22.281227 43.203    73.57495 ],[ 5.259264 16.011324 36.44911  68.552505],[8.202144 8.159624 8.108523 8.012797],[0.73150957 0.8200994  0.91588837 1.0153544 ],[8.229278 8.228537 8.234898 8.246084],[0.716445   0.7802941  0.83712816 0.889672  ]
DDK8,A,5e-08,18,True,False,TDD,vanilla,10,[0.07984439 0.187081   0.3266175  0.57617855],[0.09232586 0.24977016 0.3507102  0.7426861 ],[10.177292 24.892145 49.051376 87.10954 ],[ 5.1293845 16.382221  36.508945  71.20082  ],[8.128595  8.079693  8.0010605 7.8457575],[0.84070677 0.9225432  1.0329627  1.1957341 ],[8.165414 8.166351 8.164887 8.15692 ],[0.8150258 0.8670547 0.9366969 1.025056 ]
DDK8,A,5e-08,21,True,False,TDD,vanilla,10,[0.07817081 0.18675537 0.30252162 0.45483503],[0.07086869 0.22355272 0.2824085  0.33104575],[11.432255 27.985168 53.965992 95.63162 ],[ 6.647032 20.594423 41.004982 81.30433 ],[8.055738  7.973042  7.858469  7.6641665],[0.91845345 0.9932081  1.0889417  1.1970592 ],[8.097888  8.0776415 8.057297  8.0439825],[0.8918794  0.9238005  0.95249516 0.97904676]
DDK8,A,5e-08,24,True,False,TDD,vanilla,10,[0.08122835 0.18206032 0.35536423 0.49526525],[0.0705537  0.177495   0.34843865 0.40820324],[ 13.863648  30.826572  67.391556 111.49505 ],[ 8.254992 25.361845 60.402172 95.92889 ],[8.204372 8.129662 7.968342 7.717808],[0.79621595 0.87569076 1.0296481  1.2927495 ],[8.248478 8.227171 8.202078 8.1868  ],[0.7698817  0.82811874 0.88698286 0.9156224 ]
DDK8,A,5e-08,27,True,False,TDD,vanilla,10,[0.10129061 0.22051153 0.40478352 0.69531935],[0.10119075 0.19432755 0.38820517 0.6618629 ],[ 14.057333  35.48607   75.6709   131.04112 ],[  7.901321  26.654139  64.69943  117.11669 ],[8.020915  7.925609  7.7492743 7.425193 ],[0.8407678 0.9298944 1.0653443 1.3155053],[8.073305 8.057036 8.035699 8.017298],[0.81447893 0.87702554 0.95565355 1.0139018 ]
DDK8,A,5e-08,33,True,False,TDD,vanilla,10,[0.1484601  0.33613697 0.5921708  0.76473105],[0.15133224 0.3698699  0.57485646 0.6069959 ],[ 20.05108  53.29812 116.53458 177.479  ],[ 12.401989  46.10844  101.379486 155.67873 ],[8.110004  7.996684  7.6881776 7.250263 ],[0.99149805 1.085247   1.2319853  1.39186   ],[8.180847  8.193614  8.203002  8.1704445],[0.9456215  0.95782167 0.92753166 0.9645922 ]
DDK8,A,5e-08,36,True,False,TDD,vanilla,10,[0.17676243 0.3980793  0.8091761  1.0296197 ],[0.21121562 0.4019294  1.009073   1.1137254 ],[ 21.347864  56.824223 126.316315 190.97156 ],[ 12.608082  42.38056  101.13528  141.90292 ],[8.005569  7.8404517 7.4028125 6.9433904],[0.89683944 1.0417155  1.4770674  1.7868018 ],[8.093336 8.087319 8.075918 8.088953],[0.84122604 0.8823591  0.96047276 0.99210644]
DDK8,A,5e-08,42,True,False,TDD,vanilla,10,[0.23505735 0.47019455 0.7180672  1.0240414 ],[0.23693442 0.41759923 0.5340681  0.78861684],[ 26.216637  74.974434 141.57535  209.5583  ],[ 18.67056  58.83901 106.66516 159.65807],[7.6989503 7.501326  7.178955  6.5911536],[1.1406137 1.2808312 1.3665755 1.6591074],[7.833758 7.885902 7.919857 7.917343],[1.0413706 1.023846  1.0217247 1.0423343]
DDK8,A,2e-07,3,True,False,TDD,vanilla,10,[0.01937285 0.03096901 0.05056758 0.07908359],[0.00845774 0.01620272 0.03123036 0.05556884],[ 4.026979  6.869947 11.728645 19.11858 ],[ 1.1833278  3.6500313  8.152141  16.014082 ],[8.117992 8.115152 8.108233 8.095704],[0.630449   0.6343565  0.63951355 0.64637786],[8.130689 8.134304 8.138219 8.142409],[0.6257091 0.6282687 0.6312905 0.6347323]
DDK8,A,2e-07,6,True,False,TDD,vanilla,10,[0.02171975 0.03753294 0.06410945 0.09815665],[0.0098758  0.02047764 0.03828016 0.06388123],[ 4.619495  8.046969 14.208231 22.77726 ],[ 1.2338612  3.398805   7.894607  16.062582 ],[8.260824 8.255413 8.243937 8.224842],[0.6065471  0.62640995 0.6509932  0.6817099 ],[8.274826 8.279523 8.284403 8.289545],[0.6015826  0.61828643 0.63822275 0.6610321 ]
DDK8,A,2e-07,9,True,False,TDD,vanilla,10,[0.02816199 0.05204149 0.09121594 0.14214666],[0.01504002 0.03206116 0.05944024 0.09638866],[ 5.5104113  9.997656  17.870106  29.21084  ],[ 1.467986   3.9398067  9.491453  18.919634 ],[8.194357 8.187987 8.169746 8.141445],[0.6792173  0.70302594 0.7337681  0.76871514],[8.212872 8.222125 8.22945  8.234579],[0.6716166  0.6904289  0.7124399  0.73767006]
DDK8,A,2e-07,12,True,False,TDD,vanilla,10,[0.03909574 0.07662975 0.13087387 0.20094912],[0.02519619 0.0556545  0.10960292 0.15515243],[ 6.696601  12.4871645 21.625633  36.382156 ],[ 2.1878684  5.9520774 14.296685  28.950556 ],[8.090479  8.044718  7.9890027 7.9146123],[0.7397751  0.7865531  0.84147877 0.9101425 ],[8.118894 8.099322 8.080267 8.061373],[0.72288525 0.7593847  0.79724795 0.8372211 ]
DDK8,A,2e-07,15,True,False,TDD,vanilla,10,[0.0501139  0.10175414 0.17800188 0.28025016],[0.03014857 0.07008276 0.12613465 0.1854354 ],[ 7.859527 15.81499  30.62005  53.676735],[ 3.0234873  8.283349  22.266647  44.59665  ],[7.924365  7.8797193 7.822687  7.7187986],[0.82981765 0.890848   0.9573506  1.0527321 ],[7.960368 7.953955 7.952423 7.9545  ],[0.8137213 0.856927  0.8997762 0.942242 ]
DDK8,A,2e-07,18,True,False,TDD,vanilla,10,[0.05079086 0.10277885 0.19358307 0.32861823],[0.03158337 0.07019073 0.13866358 0.23100445],[ 8.99464  18.237406 36.274666 63.770924],[ 3.353755  9.185632 24.430166 45.784363],[8.089346  8.029501  7.9402466 7.788055 ],[0.82936656 0.8902023  0.97442555 1.0973816 ],[8.126295 8.107923 8.089695 8.074124],[0.8090824  0.8441579  0.88169974 0.92264533]
DDK8,A,2e-07,21,True,False,TDD,vanilla,10,[0.06645117 0.13526616 0.2551492  0.4125301 ],[0.05070731 0.10654036 0.21234874 0.30235094],[10.635359 22.32564  47.583622 81.52452 ],[ 3.6428702 11.047038  27.095058  51.934753 ],[8.062094  8.005606  7.9052796 7.7048054],[0.8789257  0.93574893 1.0238286  1.1825849 ],[8.111541 8.108097 8.098149 8.079145],[0.84507656 0.87269056 0.9155379  0.9743686 ]
DDK8,A,2e-07,24,True,False,TDD,vanilla,10,[0.07299238 0.14883883 0.27289307 0.4541137 ],[0.06240901 0.1268724  0.20771176 0.36292186],[11.612471 24.684004 52.993458 94.11276 ],[ 4.0851107 14.090784  35.774136  66.67471  ],[8.046157  7.9545484 7.8091383 7.559895 ],[0.8701036 0.9899109 1.1364862 1.3686801],[8.102798 8.079458 8.073869 8.082761],[0.8285165 0.893055  0.9226012 0.9377865]
DDK8,A,2e-07,27,True,False,TDD,vanilla,10,[0.06791187 0.15240833 0.29139704 0.4984275 ],[0.05054025 0.12300895 0.21122105 0.34958848],[ 11.571042  28.126072  59.62033  107.72583 ],[  4.621428  22.063316  59.157825 108.212036],[8.058318  7.9609356 7.7714567 7.480598 ],[0.8189743 0.9104872 1.066903  1.265504 ],[8.11104  8.084653 8.048851 8.015041],[0.78864    0.83198315 0.884727   0.9329143 ]
DDK8,A,2e-07,33,True,False,TDD,vanilla,10,[0.09400311 0.23177038 0.44704795 0.67750436],[0.07184725 0.18984012 0.3303259  0.39533576],[ 16.856504  46.93084  104.706154 163.89449 ],[  8.845038  39.177395  90.52822  138.21419 ],[8.149106  8.035801  7.7675753 7.237409 ],[0.8522468 0.9469777 1.1043252 1.4472404],[8.216682  8.2085085 8.163704  8.084707 ],[0.8136454 0.8615523 0.9495743 1.0525955]
DDK8,A,2e-07,36,True,False,TDD,vanilla,10,[0.11248221 0.28675404 0.54817754 0.8260283 ],[0.10087249 0.28957966 0.5383885  0.5795403 ],[ 17.494543  49.87257  110.16585  187.31073 ],[  9.337017  39.069492  91.97277  146.50305 ],[7.9922695 7.8143406 7.470952  7.105853 ],[0.88685775 1.0272465  1.354613   1.5363021 ],[8.077505 8.06925  8.089985 8.128924],[0.82759804 0.8323908  0.8334932  0.87066954]
DDK8,A,2e-07,42,True,False,TDD,vanilla,10,[0.14509685 0.3743563  0.6571161  0.8991863 ],[0.1299199  0.39905927 0.49534848 0.55942434],[ 21.21187  60.62734 127.23644 197.39766],[ 15.00417   63.465424 125.5745   181.1636  ],[7.817706  7.5512238 7.1232276 6.720797 ],[1.0305797 1.2730491 1.4506681 1.5545131],[7.927911  7.910005  7.917583  7.9121513],[0.96075475 0.9710648  0.9386558  0.9704687 ]
DDK8,A,4e-07,3,True,False,TDD,vanilla,10,[0.02039673 0.02896894 0.04231666 0.06077039],[0.0051531  0.00927453 0.01769197 0.03306108],[ 5.5087385  7.8282256 11.469159  16.702747 ],[ 1.4177988  2.9747498  5.9864907 11.651224 ],[8.122159 8.112685 8.100202 8.083634],[0.3424464  0.35135302 0.36194578 0.37396738],[8.140506 8.137633 8.134504 8.131127],[0.34248444 0.35056454 0.35972664 0.36985973]
DDK8,A,4e-07,6,True,False,TDD,vanilla,10,[0.02722746 0.04203309 0.06496852 0.09389945],[0.00918237 0.01640435 0.03052854 0.04990948],[ 6.93004  10.454327 15.935566 23.230036],[ 1.9450822  3.3208237  6.2547874 11.76592  ],[8.153679 8.143695 8.127912 8.105454],[0.39215064 0.42392823 0.45939654 0.49892995],[8.176272 8.178738 8.180604 8.181811],[0.39123917 0.4205529  0.45303023 0.4878832 ]
DDK8,A,4e-07,9,True,False,TDD,vanilla,10,[0.03134687 0.04999073 0.07980084 0.11819886],[0.01098028 0.02151672 0.04354052 0.07374706],[ 7.909934 12.158755 18.876385 28.084003],[ 2.2455697  3.5958004  7.1247935 13.12168  ],[8.156769 8.138654 8.111894 8.076616],[0.47788396 0.51867545 0.56419414 0.6151271 ],[8.184002 8.182483 8.180069 8.177103],[0.4719663  0.5057804  0.54053843 0.5759417 ]
DDK8,A,4e-07,12,True,False,TDD,vanilla,10,[0.03794808 0.06353708 0.1001978  0.15670294],[0.01682646 0.03374317 0.05977392 0.0928269 ],[ 9.171974 14.950513 23.463177 38.551582],[ 2.6894748  5.1711483  9.960474  18.99105  ],[8.120907 8.096469 8.064123 8.0108  ],[0.5815473  0.6362264  0.69269913 0.7551318 ],[8.15235  8.154115 8.15547  8.156445],[0.5726108  0.6156969  0.65478444 0.68982166]
DDK8,A,4e-07,15,True,False,TDD,vanilla,10,[0.0450101  0.08150657 0.13403557 0.21965867],[0.0192454  0.03713617 0.06375816 0.10490038],[10.207342 18.51481  31.453615 53.92331 ],[ 4.2330046  8.72978   18.663807  36.892418 ],[8.028713  8.003375  7.9664283 7.8893785],[0.58124083 0.6334062  0.69918174 0.78194135],[8.066401 8.071935 8.077987 8.082911],[0.5711157  0.6151953  0.66565377 0.7195561 ]
DDK8,A,4e-07,18,True,False,TDD,vanilla,10,[0.05331244 0.10239335 0.17861542 0.28292018],[0.0258174  0.06315915 0.10347173 0.14538911],[11.765329 23.552135 45.507446 79.11081 ],[ 3.503356 11.137257 29.33245  53.55893 ],[8.049075  8.041444  8.012713  7.9295406],[0.6375589  0.70949817 0.8027425  0.9287198 ],[8.09442  8.127554 8.160606 8.190095],[0.6232103  0.6795312  0.74975705 0.8271956 ]
DDK8,A,4e-07,21,True,False,TDD,vanilla,10,[0.06170799 0.11663925 0.21147437 0.32593483],[0.03637332 0.07365231 0.13353536 0.17894028],[12.552851 24.259466 49.214546 85.58893 ],[ 4.119253 10.897512 35.080936 68.14938 ],[7.9688478 7.960911  7.9080615 7.7804637],[0.6983508  0.76577735 0.8668324  0.98338896],[8.028134 8.068816 8.101429 8.12289 ],[0.67326814 0.7159541  0.7663214  0.81699765]
DDK8,A,4e-07,24,True,False,TDD,vanilla,10,[0.06987099 0.14195631 0.27131265 0.43946522],[0.04582252 0.08682773 0.1570882  0.25337654],[12.624786 25.285616 51.40845  87.17572 ],[ 4.440056 12.167346 32.212727 60.981697],[7.8664527 7.7578187 7.584867  7.329913 ],[0.7723101  0.87890357 1.0192783  1.2337149 ],[7.927203  7.8822603 7.847619  7.832544 ],[0.74526685 0.8172085  0.8804765  0.9221472 ]
DDK8,A,4e-07,27,True,False,TDD,vanilla,10,[0.07532124 0.16250534 0.30377015 0.48375762],[0.0491835  0.12706083 0.23419853 0.3099403 ],[ 14.719093  33.38596   69.48424  120.83907 ],[  6.269768  25.70878   61.79861  108.32086 ],[7.9189687 7.8347945 7.6752205 7.419883 ],[0.7423663  0.82521045 0.9483176  1.0931331 ],[7.9919696 7.989279  7.998762  8.014314 ],[0.70994437 0.749423   0.7883426  0.81563747]
DDK8,A,4e-07,33,True,False,TDD,vanilla,10,[0.1025973  0.2549493  0.4907635  0.65586907],[0.09348254 0.21797183 0.4977192  0.392391  ],[ 17.741753  46.935913 100.01581  156.95306 ],[  7.510152  36.79506   82.63006  124.50837 ],[7.912149 7.746211 7.444645 7.056113],[0.7461392  0.89557797 1.1795108  1.3916155 ],[7.995203  7.9802413 7.973531  7.9859047],[0.70891154 0.7746805  0.8564755  0.92781574]
DDK8,A,4e-07,36,True,False,TDD,vanilla,10,[0.08815578 0.20579425 0.40743455 0.6721333 ],[0.05391515 0.13099879 0.28410614 0.5314824 ],[ 18.308138  44.58263   93.72554  154.15205 ],[  6.3289127  25.957582   62.329098  107.31928  ],[8.026444  7.8940935 7.5864134 7.0627527],[0.8759947 0.9366173 1.0968431 1.3569558],[8.108352 8.090845 8.035079 7.95603 ],[0.8385771  0.8493455  0.87210375 0.9073687 ]
DDK8,A,4e-07,42,True,False,TDD,vanilla,10,[0.14380184 0.34762886 0.59713984 0.826764  ],[0.12311078 0.21109766 0.31161588 0.37276235],[ 24.131887  76.78112  159.35138  241.78452 ],[ 11.811043  56.336502 126.600555 170.7348  ],[7.79926   7.6677556 7.3568487 6.8628416],[0.87657624 0.9547527  1.0772061  1.4259652 ],[7.9211125 8.026638  8.094642  8.118456 ],[0.81548744 0.8076006  0.8508136  0.89531356]
DDK8,C,5e-08,3,True,False,TDD,vanilla,10,[0.02160221 0.03810842 0.06620624 0.10851772],[0.00813643 0.01821516 0.03612319 0.06346728],[ 4.478945  8.296257 14.525498 24.728045],[ 1.6364694  4.4938116  8.923985  16.5788   ],[8.316165 8.307418 8.290915 8.262949],[0.1996356  0.2106008  0.2241558  0.24071343],[8.326575 8.326315 8.326018 8.325577],[0.19877578 0.20899162 0.22026956 0.2324996 ]
DDK8,C,5e-08,6,True,False,TDD,vanilla,10,[0.02984326 0.06127572 0.1162357  0.18948555],[0.01373373 0.0410751  0.08183961 0.13190478],[ 5.3495874 11.178363  22.333105  39.073166 ],[ 1.839291  5.902222 15.36726  31.424276],[8.214378 8.187633 8.141583 8.067851],[0.3015733  0.32536787 0.35451669 0.39714044],[8.230418 8.22319  8.218066 8.215206],[0.29918042 0.32049295 0.3425427  0.3658508 ]
DDK8,C,5e-08,9,True,False,TDD,vanilla,10,[0.03893908 0.10359283 0.19160789 0.30112672],[0.02199604 0.11277379 0.1578654  0.20064306],[ 6.878333 16.524086 36.30523  63.56288 ],[ 2.5777488 10.415293  26.695314  48.722984 ],[8.2328   8.195828 8.11499  7.983141],[0.39874205 0.44569856 0.5057928  0.5855272 ],[8.254384 8.254124 8.254158 8.25498 ],[0.39488202 0.43240994 0.46764877 0.49863467]
DDK8,C,5e-08,12,True,False,TDD,vanilla,10,[0.05116849 0.12729974 0.24446158 0.38164988],[0.04105103 0.09591417 0.18253006 0.24624677],[ 8.843409 24.405798 52.849686 89.151054],[ 4.1279807 17.4365    42.525333  68.83435  ],[8.260307  8.188884  8.049814  7.8264446],[0.41048735 0.4476333  0.5296469  0.6823556 ],[8.288876  8.277489  8.269999  8.2660885],[0.40042427 0.41886386 0.44892526 0.4908567 ]
DDK8,C,5e-08,15,True,False,TDD,vanilla,10,[0.06800108 0.19098836 0.3568711  0.4889875 ],[0.04729721 0.16029729 0.27378744 0.31335256],[ 11.709542  36.958954  76.664825 121.34292 ],[ 7.920268 32.847927 64.542    93.611015],[8.247561  8.1606655 7.960199  7.670414 ],[0.40818533 0.471157   0.6631851  1.0039338 ],[8.284434 8.291013 8.302465 8.324361],[0.4031638  0.44232005 0.4866336  0.5346952 ]
DDK8,C,5e-08,18,True,False,TDD,vanilla,10,[0.13046136 0.33756694 0.55594426 0.70252055],[0.13608705 0.2855796  0.40709764 0.37932405],[ 18.311794  61.90563  114.22223  159.8298  ],[ 12.6059885  49.81191    84.83159   104.603714 ],[8.123811  7.889743  7.4569097 7.030814 ],[0.5705454 0.7563041 1.154342  1.2515507],[8.200162 8.199213 8.199512 8.190836],[0.5350562  0.57275265 0.58666337 0.60950494]
DDK8,C,5e-08,21,True,False,TDD,vanilla,10,[0.13572697 0.36261833 0.55520666 0.7476825 ],[0.11521976 0.30024794 0.3577745  0.3856492 ],[ 22.500751  71.681    126.09506  178.77649 ],[ 17.258068  65.19781   96.647766 116.95392 ],[8.18262   7.898313  7.5027924 6.971991 ],[0.5270276 0.8123853 1.1219305 1.465586 ],[8.273708 8.270968 8.278294 8.289778],[0.4893335 0.5536807 0.6028044 0.6329883]
DDK8,C,5e-08,24,True,False,TDD,vanilla,10,[0.16662875 0.41366085 0.6122121  0.7416971 ],[0.15326145 0.32790706 0.4176527  0.37364143],[ 27.954922  81.474396 133.82634  180.98973 ],[ 24.165424  65.85654   93.30116  118.541664],[8.110701  7.7378497 7.3620067 6.891831 ],[0.61081165 0.9910829  1.1693681  1.5580848 ],[8.232507 8.229933 8.229175 8.226252],[0.56549513 0.60039735 0.6194327  0.6659933 ]
DDK8,C,5e-08,27,True,False,TDD,vanilla,10,[0.24928579 0.5002869  0.72599715 0.8823202 ],[0.34463173 0.36569294 0.5019764  0.543178  ],[ 34.827282  96.256424 147.47508  193.75337 ],[ 29.863935  76.04004   94.42941  106.93541 ],[7.9872894 7.507862  7.021907  6.5564137],[0.69519913 1.1431532  1.4132452  1.6080027 ],[8.173424 8.189116 8.193333 8.201783],[0.5681614  0.57618004 0.5760544  0.6105042 ]
DDK8,C,5e-08,33,True,False,TDD,vanilla,10,[0.31823173 0.6715714  0.8848326  1.003687  ],[0.36380148 0.6214235  0.62258655 0.59452325],[ 52.46845 129.60838 188.16386 237.02875],[ 49.486572  97.523766 117.31396  141.6418  ],[7.893976  7.2572327 6.844223  6.3873267],[0.7068742 1.2119472 1.2293695 1.5031602],[8.163975 8.166744 8.197453 8.228497],[0.55520767 0.59197205 0.6344895  0.69245917]
DDK8,C,5e-08,36,True,False,TDD,vanilla,10,[0.4859189  0.95900285 1.0617231  1.250771  ],[0.403468   0.6917286  0.61289525 0.88792104],[ 81.9316  180.81076 228.5834  269.94995],[ 69.84245  126.139305 136.15074  146.72958 ],[7.7458935 6.8693542 6.342019  5.9722075],[0.82706743 1.4494189  1.4853883  1.557268  ],[8.201372 8.212413 8.186459 8.202197],[0.5879251 0.6015146 0.5885965 0.6164567]
DDK8,C,5e-08,42,True,False,TDD,vanilla,10,[0.73306555 0.9368035  1.1232734  1.14817   ],[1.134813   0.72752106 0.60532737 0.5420678 ],[115.38881 171.38507 216.52824 261.2127 ],[114.11759  113.543884 119.49522  150.46452 ],[7.2782564 6.70659   5.9246473 5.466646 ],[1.3685755 1.4995785 1.8316133 1.8600074],[8.154698 8.128567 8.085518 8.078484],[0.6038881  0.6198292  0.71537834 0.8178851 ]
DDK8,C,2e-07,3,True,False,TDD,vanilla,10,[0.01860433 0.03039143 0.05007071 0.07935134],[0.00567302 0.01368407 0.02829014 0.05224144],[ 4.6485553  7.8001776 13.037654  20.969328 ],[ 1.3108846  3.6299613  7.549542  14.169519 ],[8.256238 8.246911 8.230871 8.205891],[0.16611403 0.17919217 0.19534713 0.21648249],[8.269406 8.268143 8.26673  8.265156],[0.16525045 0.17695566 0.18965855 0.20317249]
DDK8,C,2e-07,6,True,False,TDD,vanilla,10,[0.02333147 0.04454626 0.08422161 0.13985002],[0.00652525 0.019146   0.04616505 0.0843865 ],[ 5.7958198 11.16814   21.46789   36.376534 ],[ 1.3122679  4.2463145 11.06075   21.281845 ],[8.270084 8.245239 8.201419 8.133069],[0.24188185 0.27079126 0.30902112 0.36346996],[8.289013 8.28343  8.278104 8.273454],[0.23840481 0.2612574  0.2851649  0.3086477 ]
DDK8,C,2e-07,9,True,False,TDD,vanilla,10,[0.0300158  0.0623657  0.12154139 0.20403033],[0.01038331 0.03065657 0.06842913 0.11629267],[ 7.20992  15.417231 31.188766 54.587807],[ 2.0946574  7.5604386 19.408081  34.937332 ],[8.240268 8.212491 8.159093 8.070783],[0.30516478 0.34811524 0.3989458  0.4670116 ],[8.265249 8.267987 8.272074 8.276913],[0.30145794 0.33881113 0.3764504  0.4147206 ]
DDK8,C,2e-07,12,True,False,TDD,vanilla,10,[0.03800103 0.09670946 0.19479102 0.3041875 ],[0.01800393 0.06993213 0.15160552 0.19831137],[ 9.0203085 23.400352  49.038353  81.1665   ],[ 3.8955333 15.458801  35.555195  55.97576  ],[8.242038  8.1805525 8.065831  7.9042745],[0.3548689  0.41975746 0.51675785 0.6510959 ],[8.275466 8.271283 8.26691  8.262678],[0.34935436 0.39719546 0.44388452 0.48593506]
DDK8,C,2e-07,15,True,False,TDD,vanilla,10,[0.05361415 0.15064651 0.28314182 0.4304641 ],[0.03091171 0.10658211 0.18672657 0.24500528],[ 12.488367  36.72442   73.71442  117.560104],[ 7.467732 26.665903 51.952175 76.21398 ],[8.155752  8.045394  7.8402834 7.5315995],[0.46117547 0.5337816  0.67779136 0.89231247],[8.207965 8.210038 8.215867 8.224112],[0.45113933 0.4856871  0.5191998  0.54643935]
DDK8,C,2e-07,18,True,False,TDD,vanilla,10,[0.0685922  0.19270933 0.34040016 0.48036015],[0.04940063 0.14491749 0.21387386 0.23176482],[ 15.887507  50.134953  95.73178  143.83676 ],[ 10.239958  42.6749    80.354004 110.26114 ],[8.193506  8.043242  7.792884  7.4884505],[0.5171728  0.63991565 0.84979504 1.034622  ],[8.257838 8.261139 8.260707 8.264115],[0.49564663 0.5484521  0.60611343 0.6623807 ]
DDK8,C,2e-07,21,True,False,TDD,vanilla,10,[0.08374081 0.23271626 0.3846661  0.5263548 ],[0.0683822  0.20101228 0.25726599 0.26252452],[ 20.391464  62.697334 111.12794  158.19096 ],[ 17.703917  61.566326  92.59777  104.42361 ],[8.151608  7.9349947 7.614436  7.251441 ],[0.5069425 0.7072175 0.9923787 1.2074201],[8.236614 8.255446 8.269096 8.275333],[0.48349896 0.5265164  0.5651753  0.60599506]
DDK8,C,2e-07,24,True,False,TDD,vanilla,10,[0.11647523 0.32639316 0.5120264  0.68921983],[0.08079365 0.20653132 0.25732186 0.26278272],[ 25.976091  82.30776  135.93257  189.19495 ],[ 19.371181  62.607807  85.64016  101.172   ],[8.014263  7.6951604 7.3257074 6.7555504],[0.6101333 0.7878027 1.0033929 1.3433644],[8.131182 8.132619 8.148181 8.162027],[0.5804273  0.61564034 0.6213094  0.64173055]
DDK8,C,2e-07,27,True,False,TDD,vanilla,10,[0.12378183 0.33832043 0.5374259  0.6877853 ],[0.08375378 0.21520695 0.2795846  0.27541596],[ 28.569624  84.45031  138.04358  181.5651  ],[19.577518 61.77525  85.430084 96.08502 ],[8.029706  7.660907  7.167665  6.6443396],[0.59609556 0.83565354 1.1840307  1.3881803 ],[8.16426  8.148859 8.14116  8.125651],[0.5455145  0.57448643 0.5996173  0.65095395]
DDK8,C,2e-07,33,True,False,TDD,vanilla,10,[0.21304075 0.49976295 0.6559832  0.78733057],[0.1849062  0.3516629  0.3427726  0.30014762],[ 45.279953 116.75157  162.21838  211.42877 ],[ 36.49506   87.66604   93.295364 115.61702 ],[7.8787837 7.248974  6.894836  6.5441637],[0.7669488 1.2142439 1.3796731 1.2196319],[8.134128 8.123875 8.132454 8.157437],[0.62713987 0.62046474 0.62091714 0.6189508 ]
DDK8,C,2e-07,36,True,False,TDD,vanilla,10,[0.20841196 0.49752986 0.65239805 0.80025566],[0.21999317 0.45206323 0.36310694 0.38339278],[ 49.394165 121.78093  169.80899  216.33237 ],[ 51.91524   99.992584 100.05551  116.69092 ],[7.9855638 7.4432726 6.981175  6.6100893],[0.6777497 1.1354051 1.3773643 1.3680034],[8.223166 8.203659 8.193959 8.197771],[0.5721486  0.62228054 0.6435787  0.6443599 ]
DDK8,C,2e-07,42,True,False,TDD,vanilla,10,[0.32911885 0.6163338  0.7800854  0.9700183 ],[0.3775337  0.41754282 0.32523483 0.44269264],[ 79.67595 153.19617 211.99834 270.51224],[124.37228 100.61432 116.57504 148.6851 ],[7.71337   7.1130543 6.6141343 6.239894 ],[1.0987053 1.4832734 1.3829546 1.204725 ],[8.202137 8.208331 8.213117 8.186108],[0.62006235 0.64596266 0.66607225 0.7035478 ]
DDK8,C,4e-07,3,True,False,TDD,vanilla,10,[0.02034724 0.03121918 0.04920244 0.07493918],[0.00496863 0.0120181  0.0255219  0.04607137],[ 5.578531  8.691505 13.845199 21.360096],[ 1.4918985  3.7943084  8.042818  14.569    ],[8.299496 8.29281  8.279543 8.258369],[0.18307927 0.19731227 0.21431921 0.23614216],[8.31983  8.321709 8.323363 8.324781],[0.1824369  0.19586535 0.21045375 0.22601187]
DDK8,C,4e-07,6,True,False,TDD,vanilla,10,[0.0259012  0.04402044 0.07355449 0.11430202],[0.00640611 0.01470019 0.03070003 0.05532843],[ 6.694    11.551969 19.622309 31.113121],[ 1.8480254  4.4341674  9.784514  18.328703 ],[8.232532 8.21681  8.190317 8.151376],[0.2668473  0.2879252  0.3107859  0.33734712],[8.259438 8.260148 8.261916 8.265042],[0.26467186 0.2839932  0.30338576 0.3230583 ]
DDK8,C,4e-07,9,True,False,TDD,vanilla,10,[0.03216058 0.05845649 0.10430758 0.17043881],[0.01008091 0.02579261 0.05519403 0.0965967 ],[ 7.9886427 14.503855  26.463978  44.40181  ],[ 2.0490391  5.8886333 14.725788  27.998795 ],[8.266125 8.231141 8.175254 8.091233],[0.3434726  0.38880756 0.44005919 0.50411046],[8.299542  8.2919655 8.284302  8.276176 ],[0.3363756  0.3739166  0.41209707 0.44999707]
DDK8,C,4e-07,12,True,False,TDD,vanilla,10,[0.03947905 0.08241235 0.15510073 0.25184742],[0.01412622 0.04569816 0.09437929 0.14244321],[ 9.798347 20.689106 40.19594  67.24647 ],[ 3.3251982 11.94853   27.440672  46.19971  ],[8.2119465 8.161934  8.068062  7.9288354],[0.3732667  0.41948664 0.48391324 0.57132506],[8.254019 8.249561 8.239468 8.22615 ],[0.36668321 0.40296978 0.44160876 0.48203832]
DDK8,C,4e-07,15,True,False,TDD,vanilla,10,[0.04765835 0.11533603 0.21837673 0.3388921 ],[0.0191064  0.06522216 0.12556289 0.17926785],[12.347899 30.940784 61.610817 99.96665 ],[ 4.699092 17.829443 39.778397 65.31631 ],[8.246803  8.177465  8.060272  7.8769903],[0.3747533 0.4428502 0.535862  0.6649559],[8.300738 8.310435 8.318503 8.321449],[0.36233523 0.4033232  0.448278   0.4995451 ]
DDK8,C,4e-07,18,True,False,TDD,vanilla,10,[0.06229348 0.16553342 0.29681075 0.44203055],[0.03530945 0.11733581 0.1884128  0.22601576],[ 15.341322  42.64371   82.053734 129.98444 ],[ 7.1904197 27.482695  52.5581    79.95087  ],[8.1775675 8.06297   7.876068  7.606917 ],[0.5329896  0.6475456  0.83023405 1.0524021 ],[8.245845 8.256775 8.268593 8.282536],[0.5129303  0.5608195  0.60647964 0.64250934]
DDK8,C,4e-07,21,True,False,TDD,vanilla,10,[0.08264978 0.22318207 0.38231128 0.52772737],[0.05569248 0.15769725 0.21640652 0.24772535],[ 19.272913  56.90355  105.75546  155.60315 ],[11.904918 43.019066 70.42992  95.351326],[8.116609  7.949428  7.6899986 7.305792 ],[0.51880836 0.62818706 0.83385223 1.1751437 ],[8.208268 8.233376 8.263854 8.301309],[0.48909435 0.49843127 0.5081799  0.52443814]
DDK8,C,4e-07,24,True,False,TDD,vanilla,10,[0.09227929 0.25046638 0.4174177  0.56478655],[0.05571755 0.16715251 0.23377614 0.2408704 ],[ 22.426453  65.52052  113.75655  158.9783  ],[14.643808 53.038906 81.4901   98.97307 ],[8.124614  7.9007936 7.54643   7.1343575],[0.52329224 0.63976353 0.9106366  1.1702176 ],[8.224326 8.216809 8.205311 8.196901],[0.5019927  0.53854054 0.5763094  0.6127203 ]
DDK8,C,4e-07,27,True,False,TDD,vanilla,10,[0.10503668 0.26582947 0.41795754 0.5812317 ],[0.0684762  0.17600374 0.21408474 0.23097897],[ 27.101059  71.02443  114.29897  162.0463  ],[23.770369 59.553215 77.52379  94.0784  ],[8.090505  7.842898  7.591729  7.1954265],[0.5441579 0.7017646 0.8411967 1.064921 ],[8.212278 8.205426 8.209401 8.201062],[0.52702165 0.5741107  0.6127436  0.64407486]
DDK8,C,4e-07,33,True,False,TDD,vanilla,10,[0.15635686 0.34996977 0.5095356  0.6476857 ],[0.118813   0.23651402 0.26362956 0.26059166],[ 36.477406  87.47088  130.99612  172.13983 ],[27.523876 62.80985  77.58049  92.5695  ],[7.998093  7.6587315 7.3590474 6.972269 ],[0.73041826 0.9998151  1.1381857  1.382484  ],[8.183739 8.192224 8.175432 8.147135],[0.6432265  0.66101295 0.6978664  0.7402622 ]
DDK8,C,4e-07,36,True,False,TDD,vanilla,10,[0.18359601 0.41635555 0.6204049  0.72408015],[0.14688356 0.25739238 0.3162781  0.29169858],[ 45.420376 111.78798  169.98358  208.40855 ],[ 33.470226  71.404755  92.751686 109.31574 ],[8.045117  7.600905  7.060111  6.7333503],[0.722681  1.0764905 1.4457245 1.5558513],[8.265757  8.2690735 8.257155  8.252183 ],[0.6276491  0.67769957 0.705928   0.7128718 ]
DDK8,C,4e-07,42,True,False,TDD,vanilla,10,[0.23482352 0.4985745  0.69088125 0.84269136],[0.19016922 0.2990554  0.33926412 0.2470186 ],[ 59.61288 132.63535 185.0516  237.48463],[ 59.93901 102.30979 103.66352 109.06599],[7.896984  7.4170012 6.954583  6.419675 ],[0.69737643 0.9484638  1.2819229  1.3076838 ],[8.192731 8.206451 8.21126  8.215601],[0.59920657 0.60754186 0.64400005 0.6513544 ]
DDK8,D,5e-08,3,True,False,TDD,vanilla,10,[0.00615351 0.01606964 0.03231695 0.05522465],[0.00336126 0.01233148 0.02648897 0.04987814],[ 1.8065456  4.744006   9.538371  16.328142 ],[ 0.9636259  3.5936317  7.7167344 14.656067 ],[8.2952    8.29103   8.2847185 8.275351 ],[0.07531339 0.08123879 0.08813262 0.09716433],[8.299658 8.29858  8.297538 8.29653 ],[0.07468852 0.07996947 0.08556426 0.0913942 ]
DDK8,D,5e-08,6,True,False,TDD,vanilla,10,[0.00688512 0.01586542 0.02993171 0.05028718],[0.00260646 0.00872236 0.01909391 0.03794305],[ 2.038368   4.7293496  8.933072  15.002938 ],[ 0.77679396  2.670024    5.8681793  11.586191  ],[8.305767  8.300188  8.2915945 8.278448 ],[0.12053862 0.1333368  0.14707132 0.16366008],[8.311767 8.311415 8.310966 8.310436],[0.12025459 0.13231722 0.14488111 0.15781623]
DDK8,D,5e-08,9,True,False,TDD,vanilla,10,[0.00733956 0.01655103 0.03065966 0.05300523],[0.00236872 0.0079009  0.01754581 0.03386732],[ 2.1516619  4.856542   8.964687  15.49521  ],[0.64624405 2.2495813  5.0677314  9.923704  ],[8.290668 8.279622 8.264349 8.243689],[0.1330203  0.15482159 0.17935559 0.20683458],[8.297676 8.293371 8.288761 8.283954],[0.1321482  0.15266456 0.17479543 0.19807528]
DDK8,D,5e-08,12,True,False,TDD,vanilla,10,[0.00936538 0.0205575  0.03678155 0.06589197],[0.00463666 0.01053299 0.02392808 0.04334344],[ 2.6923804  5.953016  10.666143  19.215366 ],[ 1.2987856  2.9605393  6.857069  13.041992 ],[8.273796 8.261921 8.244936 8.22263 ],[0.18806231 0.21311533 0.23978063 0.267648  ],[8.282729 8.280233 8.277586 8.274747],[0.18684064 0.21076299 0.2355141  0.26066127]
DDK8,D,5e-08,15,True,False,TDD,vanilla,10,[0.01147645 0.02526476 0.04967559 0.08245575],[0.00672169 0.01623069 0.036011   0.05966393],[ 3.2161627  7.1662045 14.155429  23.79112  ],[ 1.6834053  4.350194  10.069034  17.249409 ],[8.259012 8.246072 8.2272   8.204126],[0.21141393 0.23125702 0.25226274 0.27306   ],[8.270022 8.268729 8.268344 8.268918],[0.2086949  0.22577141 0.24269079 0.25992864]
DDK8,D,5e-08,18,True,False,TDD,vanilla,10,[0.01380249 0.03107472 0.05772839 0.10282169],[0.00740582 0.0192815  0.04157418 0.075503  ],[ 3.9090936  8.818966  16.211302  29.129084 ],[ 1.8848683  5.3122106 10.90796   20.85082  ],[8.253969 8.226089 8.192929 8.154677],[0.23763402 0.26920837 0.3032442  0.33434504],[8.267819  8.256482  8.2475815 8.242658 ],[0.2351493 0.2640463 0.2919402 0.3160511]
DDK8,D,5e-08,21,True,False,TDD,vanilla,10,[0.01561173 0.03513567 0.06773271 0.1104194 ],[0.00827668 0.02188423 0.04541986 0.07789811],[ 4.5175242 10.354735  20.09629   33.278236 ],[ 2.4726565  7.0830226 14.523687  26.53132  ],[8.262448 8.249896 8.22992  8.198756],[0.2534203  0.28693298 0.3289475  0.37451524],[8.27719   8.282884  8.2891655 8.295584 ],[0.25249338 0.2854534  0.32003936 0.35299757]
DDK8,D,5e-08,24,True,False,TDD,vanilla,10,[0.0158585  0.0369624  0.07580958 0.10940108],[0.00811511 0.02074834 0.04819508 0.06990604],[ 4.569875 10.872911 22.127302 32.010574],[ 2.2125618  6.584854  14.578044  22.051584 ],[8.263864 8.23928  8.201814 8.163735],[0.24897563 0.2782664  0.31398442 0.34840974],[8.280112  8.273623  8.264235  8.2512455],[0.24701582 0.27596948 0.30649292 0.3357034 ]
DDK8,D,5e-08,27,True,False,TDD,vanilla,10,[0.01865942 0.04256077 0.07777384 0.1213766 ],[0.01202209 0.03220781 0.05672637 0.09668244],[ 5.3659453 11.96218   22.445486  34.75205  ],[ 3.6785614  8.989674  16.245562  26.117897 ],[8.243318 8.220881 8.193678 8.164277],[0.3002455  0.32230058 0.348767   0.39297187],[8.262777 8.265217 8.269065 8.273772],[0.2979555  0.3138878  0.33165452 0.3518799 ]
DDK8,D,5e-08,33,True,False,TDD,vanilla,10,[0.02205117 0.05545841 0.09635186 0.15529181],[0.01237001 0.03739152 0.0598999  0.0971569 ],[ 6.129784 15.101682 27.11185  44.701656],[ 3.2693284  8.944546  16.85186   29.119673 ],[8.212276 8.178531 8.145814 8.107283],[0.3169375  0.33919123 0.35351297 0.36883897],[8.235228 8.229521 8.229554 8.238303],[0.31300098 0.32693157 0.3373971  0.34345612]
DDK8,D,5e-08,36,True,False,TDD,vanilla,10,[0.02546469 0.05630719 0.10250892 0.14777131],[0.01729093 0.04001473 0.06855287 0.09748903],[ 7.432474 16.828402 31.183846 45.64232 ],[ 4.4207387 12.17438   21.864899  32.76099  ],[8.309587  8.2816725 8.243087  8.199203 ],[0.28580305 0.3070054  0.33230484 0.36186087],[8.336734 8.337908 8.336387 8.332141],[0.27704263 0.29162735 0.30735877 0.3248851 ]
DDK8,D,5e-08,42,True,False,TDD,vanilla,10,[0.03258562 0.07688748 0.14425218 0.20895426],[0.02189684 0.05024832 0.09113984 0.1337638 ],[ 9.420414 22.79916  44.04872  64.925026],[ 5.9978523 14.517879  28.445124  46.38961  ],[8.25862  8.251022 8.230267 8.173992],[0.30725574 0.3224645  0.34298813 0.40220192],[8.291798 8.319096 8.342037 8.351114],[0.29859725 0.30620685 0.31966177 0.34217647]
DDK8,D,2e-07,3,True,False,TDD,vanilla,10,[0.00864699 0.01700897 0.03119905 0.05193709],[0.00380232 0.01139993 0.02488967 0.04870079],[ 2.5653422  5.067017   9.31101   15.508832 ],[ 1.1077905  3.3886733  7.417826  14.542092 ],[8.296577  8.2937765 8.2882595 8.279895 ],[0.05593108 0.06358993 0.07234418 0.08348754],[8.30472  8.305355 8.306001 8.306659],[0.05492547 0.06174164 0.06871933 0.07579485]
DDK8,D,2e-07,6,True,False,TDD,vanilla,10,[0.00995528 0.01869395 0.03308936 0.05342714],[0.00315857 0.00959935 0.02098025 0.04047448],[ 2.942475   5.5414257  9.797291  15.815586 ],[ 0.8994565  2.762968   6.0485234 11.777193 ],[8.294971 8.28836  8.27825  8.26509 ],[0.08436126 0.09558489 0.10755773 0.1203713 ],[8.304998 8.30393  8.302717 8.301365],[0.08359402 0.0947236  0.10591125 0.1170879 ]
DDK8,D,2e-07,9,True,False,TDD,vanilla,10,[0.01131613 0.01971305 0.03287121 0.05362103],[0.00371224 0.00870524 0.01819204 0.0344564 ],[ 3.3203835  5.8255525  9.802202  16.174818 ],[ 0.94010776  2.4212785   5.4194226  10.6210575 ],[8.293113 8.286775 8.276667 8.261697],[0.12993266 0.14535901 0.16126245 0.17847027],[8.304958 8.305161 8.30541  8.30564 ],[0.12817776 0.14271183 0.15739685 0.17246187]
DDK8,D,2e-07,12,True,False,TDD,vanilla,10,[0.01200933 0.02143721 0.03434644 0.05575882],[0.00496769 0.00884754 0.01686028 0.03415176],[ 3.5486636  6.340246  10.142906  16.56291  ],[1.4115832 2.4137614 4.5292068 9.694135 ],[8.3009205 8.293175  8.282019  8.266993 ],[0.14444396 0.16733792 0.19143778 0.21508963],[8.313007 8.312093 8.310837 8.309354],[0.14296053 0.16523613 0.1881396  0.2113783 ]
DDK8,D,2e-07,15,True,False,TDD,vanilla,10,[0.01559391 0.02664433 0.04604717 0.07986443],[0.00638425 0.01120843 0.02340177 0.04805305],[ 4.575369   7.8192244 13.637842  23.796997 ],[ 1.857917   3.1359859  6.997446  14.471717 ],[8.278169  8.266666  8.2510605 8.2281275],[0.18842617 0.21153405 0.23557112 0.2603743 ],[8.293565  8.2920685 8.2905855 8.289156 ],[0.18703032 0.20940296 0.23131841 0.25235698]
DDK8,D,2e-07,18,True,False,TDD,vanilla,10,[0.01702986 0.03061266 0.05098022 0.08190539],[0.00813064 0.01557846 0.02719315 0.04960167],[ 4.953049  8.875217 15.05066  24.610449],[ 2.1223152  3.7704768  7.817901  15.736632 ],[8.288624 8.28122  8.269012 8.245872],[0.2239704  0.24573933 0.2670527  0.28973168],[8.305725 8.309488 8.312395 8.314784],[0.22037174 0.2390583  0.25812885 0.27720353]
DDK8,D,2e-07,21,True,False,TDD,vanilla,10,[0.01953656 0.03521784 0.06396993 0.10502943],[0.00945698 0.01838111 0.04003597 0.07311118],[ 5.5212593  9.961975  18.459131  30.120394 ],[ 2.3271716  4.400839  10.993919  18.9015   ],[8.245203 8.23549  8.222252 8.19495 ],[0.24905442 0.27243093 0.2928481  0.3315735 ],[8.264703 8.267769 8.272947 8.279535],[0.24443386 0.26372743 0.2798239  0.2931526 ]
DDK8,D,2e-07,24,True,False,TDD,vanilla,10,[0.02131783 0.0407921  0.07247818 0.11627705],[0.00958454 0.01964097 0.04368571 0.07174021],[ 6.081305 11.581374 20.807207 34.268673],[ 2.4973125  4.7629094 11.304656  21.092001 ],[8.256798 8.245558 8.232007 8.206561],[0.24611354 0.26518816 0.2863213  0.31333923],[8.277871 8.283131 8.289918 8.296556],[0.24175097 0.25661522 0.27360883 0.29408902]
DDK8,D,2e-07,27,True,False,TDD,vanilla,10,[0.02398999 0.04211763 0.07518391 0.11688917],[0.0115214  0.0230209  0.04240825 0.07170057],[ 6.7826843 11.845924  21.641731  34.190697 ],[ 3.1348343  5.8216057 12.05143   21.88037  ],[8.230249 8.213474 8.191667 8.168582],[0.26937002 0.29406995 0.32799327 0.36957756],[8.2537155 8.252774  8.254282  8.257275 ],[0.26518136 0.28589198 0.31270012 0.34290448]
DDK8,D,2e-07,33,True,False,TDD,vanilla,10,[0.02541408 0.05053412 0.09430874 0.13729817],[0.01346976 0.02957141 0.07476843 0.1036853 ],[ 7.3640666 14.671486  27.823925  41.91732  ],[ 3.5078256  7.871881  21.431137  34.216526 ],[8.269425 8.251959 8.227634 8.208503],[0.298312   0.30488548 0.32293314 0.337744  ],[8.294483 8.296839 8.303677 8.315007],[0.29260948 0.29500195 0.30127394 0.31653824]
DDK8,D,2e-07,36,True,False,TDD,vanilla,10,[0.02739402 0.05555597 0.10195003 0.146938  ],[0.01317752 0.03300457 0.06902766 0.10467328],[ 7.690327 15.424547 28.130495 41.263096],[ 3.494845  8.746824 18.146038 29.95512 ],[8.226568 8.180447 8.130178 8.083288],[0.31321982 0.34064263 0.37043586 0.3990987 ],[8.254462  8.231821  8.213254  8.2022705],[0.30821246 0.33105987 0.3529215  0.36922216]
DDK8,D,2e-07,42,True,False,TDD,vanilla,10,[0.03503785 0.07435876 0.12789702 0.19091573],[0.01791264 0.04408481 0.07127834 0.10617314],[10.004849 21.560833 37.4018   57.164196],[ 4.8039894 13.583842  22.05313   35.432644 ],[8.240467 8.203014 8.157722 8.116147],[0.32030284 0.3404689  0.35854584 0.37286833],[8.275828 8.271634 8.268322 8.26755 ],[0.31351313 0.32876962 0.3366903  0.34487548]
DDK8,D,4e-07,3,True,False,TDD,vanilla,10,[0.01290755 0.02155212 0.03618345 0.05550952],[0.00451342 0.01114556 0.02293292 0.04195734],[ 3.7935696  6.3610997 10.701695  16.42741  ],[ 1.3039038  3.3129275  6.8576617 12.561628 ],[8.281334 8.274537 8.264815 8.252282],[0.05494287 0.06347821 0.07290125 0.0843675 ],[8.293405 8.290766 8.28805  8.285257],[0.05372701 0.06171242 0.06978194 0.07790729]
DDK8,D,4e-07,6,True,False,TDD,vanilla,10,[0.01477051 0.02308769 0.0366911  0.05570143],[0.00486536 0.0100867  0.01975742 0.03620704],[ 4.3428836  6.81299   10.863839  16.586681 ],[ 1.3697792  2.810534   5.566824  10.502402 ],[8.287974 8.284301 8.277897 8.268903],[0.09945688 0.11373266 0.1281761  0.14299071],[8.302427 8.303819 8.305447 8.30732 ],[0.09781612 0.11133109 0.12449647 0.1372722 ]
DDK8,D,4e-07,9,True,False,TDD,vanilla,10,[0.01593556 0.02395714 0.03604824 0.05272993],[0.0053143  0.00972163 0.01909191 0.03567243],[ 4.728855   7.1245966 10.730665  15.797063 ],[ 1.5152639  2.7769487  5.4357576 10.570459 ],[8.294559 8.291343 8.285675 8.277461],[0.1249582  0.14408602 0.16386949 0.18388642],[8.310682 8.313534 8.316418 8.319339],[0.1229313  0.14134116 0.15957414 0.17754117]
DDK8,D,4e-07,12,True,False,TDD,vanilla,10,[0.01804279 0.02735232 0.04093679 0.06384546],[0.00709671 0.01013638 0.01996885 0.0393128 ],[ 5.3353233  8.123166  12.117894  19.0031   ],[ 2.0019393  2.8432174  5.4288526 10.980821 ],[8.29734   8.291483  8.28296   8.2689905],[0.15811782 0.17979929 0.20215045 0.2253647 ],[8.314311 8.315415 8.316559 8.31765 ],[0.15571669 0.17662454 0.19755578 0.21827404]
DDK8,D,4e-07,15,True,False,TDD,vanilla,10,[0.02197335 0.03351166 0.05064487 0.07547154],[0.0104712  0.01719726 0.03010984 0.05185945],[ 6.549975  10.050299  15.2510195 22.970232 ],[ 2.9005837  4.579494   7.916034  14.490486 ],[8.310766  8.305826  8.298195  8.2839155],[0.17812343 0.19875926 0.21993387 0.2421702 ],[8.331775 8.336437 8.340626 8.344339],[0.17464425 0.1934692  0.21228619 0.23092636]
DDK8,D,4e-07,18,True,False,TDD,vanilla,10,[0.02291503 0.03417218 0.05429091 0.08342672],[0.00878827 0.01440132 0.02794325 0.05032052],[ 6.664194  9.951458 15.705227 24.203152],[ 2.534265   4.2599983  7.63869   14.538797 ],[8.26483  8.25294  8.237582 8.218692],[0.19197424 0.21241604 0.23637831 0.26562667],[8.286208 8.283078 8.280533 8.278921],[0.19004631 0.20961969 0.23211282 0.2563469 ]
DDK8,D,4e-07,21,True,False,TDD,vanilla,10,[0.02523675 0.03940535 0.06125345 0.09553669],[0.01034319 0.01614823 0.02792873 0.05407577],[ 7.438643 11.692183 18.408257 28.983427],[ 2.9562278  4.876593   9.12777   19.457947 ],[8.292385 8.278825 8.259668 8.235528],[0.2116443  0.25052816 0.2944591  0.33646613],[8.315765 8.314188 8.310797 8.306976],[0.20739509 0.2451768  0.28654093 0.3257228 ]
DDK8,D,4e-07,24,True,False,TDD,vanilla,10,[0.02547229 0.04112437 0.07029117 0.10214556],[0.01146026 0.01800113 0.03784146 0.04944646],[ 7.3668838 11.884724  20.58423   30.041147 ],[ 3.086863  4.647097 10.795038 14.498427],[8.269541 8.256669 8.238125 8.216396],[0.24621853 0.27429116 0.30510882 0.33840775],[8.2942295 8.294001  8.29249   8.29053  ],[0.24053971 0.2657455  0.29513124 0.32629207]
DDK8,D,4e-07,27,True,False,TDD,vanilla,10,[0.02644862 0.04438641 0.07243684 0.11650947],[0.01381767 0.0210057  0.03765294 0.06656816],[ 7.4905195 12.825556  21.30821   34.436974 ],[ 2.6746473  5.407279  10.5269375 19.11856  ],[8.259022 8.247887 8.231745 8.197546],[0.25301215 0.26462832 0.28208008 0.31643677],[8.284804 8.288184 8.289756 8.287945],[0.24599674 0.25614992 0.27404147 0.30254942]
DDK8,D,4e-07,33,True,False,TDD,vanilla,10,[0.0324756  0.05652189 0.09692748 0.14117709],[0.01436671 0.03104234 0.06046892 0.09506847],[ 9.241463 16.034195 28.155725 41.0251  ],[ 3.67472   8.101553 16.99826  25.074623],[8.25269  8.237459 8.217564 8.197109],[0.3013993  0.3253055  0.35342395 0.37591672],[8.283479 8.285306 8.291762 8.302665],[0.29424185 0.31225926 0.32923257 0.3390499 ]
DDK8,D,4e-07,36,True,False,TDD,vanilla,10,[0.03522312 0.06217749 0.10902335 0.16517082],[0.0176326  0.03928921 0.07182333 0.11865901],[ 9.48714  16.82822  30.5233   47.152714],[ 4.0474224  9.407478  18.493872  33.925076 ],[8.189718 8.174877 8.156728 8.128695],[0.31408247 0.34598765 0.38113025 0.41058296],[8.223469 8.229465 8.240253 8.252065],[0.30499366 0.32756943 0.34636486 0.3621993 ]
DDK8,D,4e-07,42,True,False,TDD,vanilla,10,[0.0341527  0.06868275 0.11432774 0.16109644],[0.01395698 0.03636968 0.06866549 0.0881437 ],[ 9.882244 19.701504 32.594494 46.726254],[ 3.533219  9.762289 18.828173 27.055662],[8.261571 8.221579 8.170997 8.131757],[0.26688182 0.29659867 0.3230018  0.33941752],[8.293684 8.277752 8.263025 8.253034],[0.2600928  0.2811057  0.29591087 0.3149146 ]
DDK8,A,5e-08,3,True,False,TDD,vanilla,15,[0.01310633 0.02578663 0.0480439  0.08389687],[0.0055038  0.0143635  0.03060345 0.06094468],[ 3.065432  6.202733 11.329686 19.907463],[ 1.4040263  4.075641   8.20149   15.683958 ],[8.229877 8.229274 8.225224 8.215905],[0.366108   0.38139188 0.39882258 0.41854578],[8.233838 8.237641 8.241822 8.246357],[0.36562672 0.3805851  0.39700893 0.4147793 ]
DDK8,A,5e-08,6,True,False,TDD,vanilla,15,[0.01679488 0.03623834 0.07359084 0.12945397],[0.00850798 0.02252848 0.05330792 0.11085206],[ 3.6875448  7.5387664 14.815732  26.34335  ],[ 1.5795528  4.037853   9.303853  19.348722 ],[8.276063  8.269369  8.254033  8.2277975],[0.44363922 0.48269242 0.5253281  0.57243574],[8.28204  8.2848   8.287399 8.290143],[0.44220755 0.47809482 0.5148415  0.55173457]
DDK8,A,5e-08,9,True,False,TDD,vanilla,15,[0.02497067 0.06567235 0.12744012 0.20134334],[0.01569258 0.07423721 0.11087237 0.18004426],[ 4.5964117 10.407288  20.474796  34.05972  ],[ 1.9365599  5.8751774 12.864763  23.02704  ],[8.222431  8.1908865 8.146179  8.089056 ],[0.5523457  0.6130982  0.68352145 0.76597756],[8.232175 8.218963 8.206256 8.19461 ],[0.5494946  0.6048245  0.66238713 0.7200331 ]
DDK8,A,5e-08,12,True,False,TDD,vanilla,15,[0.03229091 0.08731729 0.15903164 0.26377615],[0.02373584 0.08241829 0.1535181  0.25578246],[ 5.4633904 14.020504  26.550503  47.818047 ],[ 2.5631235  8.335042  18.02912   34.730217 ],[8.156503 8.127335 8.087889 8.018301],[0.5727854  0.6493512  0.73184174 0.8233435 ],[8.1713705 8.169162  8.165635  8.1618185],[0.5680532  0.6353437  0.7046337  0.77285534]
DDK8,A,5e-08,15,True,False,TDD,vanilla,15,[0.04485525 0.10880481 0.20218845 0.34447074],[0.0435637  0.09883909 0.18503626 0.3233336 ],[ 7.719859 20.039532 40.215282 70.23207 ],[ 4.8630652 15.17017   35.139423  67.118645 ],[8.206393 8.166659 8.119291 8.025651],[0.72933763 0.8166214  0.91016537 1.0148236 ],[8.229278 8.228537 8.234898 8.246084],[0.716445   0.7802941  0.83712816 0.889672  ]
DDK8,A,5e-08,18,True,False,TDD,vanilla,15,[0.06989456 0.17586921 0.3108816  0.5514114 ],[0.08395784 0.23898342 0.34505272 0.6843652 ],[ 8.761918 23.023443 46.417862 84.18069 ],[ 4.8766255 15.961832  35.815254  70.45421  ],[8.133328 8.085791 8.012977 7.860421],[0.83840835 0.9201487  1.0248774  1.1860039 ],[8.165414 8.166351 8.164887 8.15692 ],[0.8150258 0.8670547 0.9366969 1.025056 ]
DDK8,A,5e-08,21,True,False,TDD,vanilla,15,[0.06965587 0.17940015 0.28394538 0.44172132],[0.06493868 0.24551325 0.24410358 0.32236344],[10.111858 26.383257 51.96169  93.68545 ],[ 6.416181 20.294268 40.596462 80.576996],[8.062028  7.982185  7.8737464 7.672842 ],[0.91366994 0.9859593  1.0736809  1.1985854 ],[8.097888  8.0776415 8.057297  8.0439825],[0.8918794  0.9238005  0.95249516 0.97904676]
DDK8,A,5e-08,24,True,False,TDD,vanilla,15,[0.07318787 0.17721272 0.34800485 0.49241093],[0.06586587 0.20291576 0.3568177  0.43249807],[ 12.34739  28.58091  64.75718 108.84573],[ 7.771703 24.078089 59.516857 95.71705 ],[8.209414  8.137981  7.9806294 7.7348433],[0.7931212  0.87050045 1.0211699  1.2917114 ],[8.248478 8.227171 8.202078 8.1868  ],[0.7698817  0.82811874 0.88698286 0.9156224 ]
DDK8,A,5e-08,27,True,False,TDD,vanilla,15,[0.08915193 0.20868963 0.392648   0.6762394 ],[0.09211939 0.19733576 0.37205818 0.6289029 ],[ 12.437774  33.2505    72.90836  128.14365 ],[  7.3472776  25.581312   63.357178  116.20391  ],[8.026994  7.9343495 7.76404   7.4480286],[0.8371861  0.92365396 1.0560185  1.29604   ],[8.073305 8.057036 8.035699 8.017298],[0.81447893 0.87702554 0.95565355 1.0139018 ]
DDK8,A,5e-08,33,True,False,TDD,vanilla,15,[0.13743508 0.30932713 0.5804631  0.77559423],[0.14121649 0.3112114  0.5760671  0.77293146],[ 18.100359  50.631226 114.00826  175.66763 ],[ 11.54918  45.21928 101.80422 156.37903],[8.117206 8.010065 7.712433 7.279936],[0.9861807 1.0735844 1.2010818 1.3645837],[8.180847  8.193614  8.203002  8.1704445],[0.9456215  0.95782167 0.92753166 0.9645922 ]
DDK8,A,5e-08,36,True,False,TDD,vanilla,15,[0.1636405  0.38618383 0.7899857  1.0229801 ],[0.21104014 0.39461407 0.968618   1.1197252 ],[ 19.422491  54.424774 123.980995 189.49245 ],[ 12.047247  41.695953 101.12946  142.54509 ],[8.014233  7.855011  7.4274015 6.9614015],[0.8908709 1.0280219 1.445448  1.8006139],[8.093336 8.087319 8.075918 8.088953],[0.84122604 0.8823591  0.96047276 0.99210644]
DDK8,A,5e-08,42,True,False,TDD,vanilla,15,[0.22142796 0.46022677 0.70604926 1.0085617 ],[0.22856465 0.42103657 0.51794755 0.7344953 ],[ 24.442732  73.11097  140.43167  208.55055 ],[ 18.008913  58.66234  107.35086  159.73653 ],[7.7079973 7.5119653 7.191772  6.5928235],[1.1363187 1.2763143 1.3618217 1.6762004],[7.833758 7.885902 7.919857 7.917343],[1.0413706 1.023846  1.0217247 1.0423343]
DDK8,A,2e-07,3,True,False,TDD,vanilla,15,[0.01570425 0.02699918 0.04729337 0.07732555],[0.00646638 0.01345316 0.02816769 0.05248502],[ 3.417471   6.4283686 11.785345  19.97319  ],[ 1.0512009  3.757363   8.752849  17.130527 ],[8.121659 8.120384 8.115238 8.104818],[0.62985307 0.63340944 0.63812315 0.6443171 ],[8.130689 8.134304 8.138219 8.142409],[0.6257091 0.6282687 0.6312905 0.6347323]
DDK8,A,2e-07,6,True,False,TDD,vanilla,15,[0.01697542 0.03135767 0.05712397 0.09158782],[0.00767166 0.016001   0.03247165 0.05830896],[ 3.75903    7.0917144 13.259208  22.07134  ],[ 0.96105605  3.1637545   7.764535   16.279192  ],[8.265163 8.261539 8.25209  8.235712],[0.6055864  0.62498695 0.6497164  0.68024355],[8.274826 8.279523 8.284403 8.289545],[0.6015826  0.61828643 0.63822275 0.6610321 ]
DDK8,A,2e-07,9,True,False,TDD,vanilla,15,[0.02226756 0.04425407 0.08066214 0.12949793],[0.01187334 0.02861839 0.05731029 0.09361908],[ 4.4626327  8.568894  15.88286   26.837713 ],[ 1.3095468  3.686722   9.221592  18.463978 ],[8.199706 8.195417 8.179921 8.154082],[0.67768645 0.7010038  0.73067546 0.765679  ],[8.212872 8.222125 8.22945  8.234579],[0.6716166  0.6904289  0.7124399  0.73767006]
DDK8,A,2e-07,12,True,False,TDD,vanilla,15,[0.03164429 0.06454118 0.11335256 0.18211956],[0.02083464 0.04576892 0.08494485 0.13283668],[ 5.599924 10.780216 19.35397  33.825787],[ 2.2685907  5.5271535 13.505142  27.912012 ],[8.097876  8.054366  8.001733  7.9313774],[0.73552465 0.7819384  0.83495414 0.9007682 ],[8.118894 8.099322 8.080267 8.061373],[0.72288525 0.7593847  0.79724795 0.8372211 ]
DDK8,A,2e-07,15,True,False,TDD,vanilla,15,[0.04130378 0.08800707 0.15859465 0.2592127 ],[0.02489085 0.05988821 0.10870019 0.16838185],[ 6.6008973 13.661304  27.498838  49.845707 ],[ 2.7689173  7.3543825 20.623802  42.589977 ],[7.932244  7.890775  7.8385186 7.742824 ],[0.82664645 0.8853858  0.94793636 1.0355864 ],[7.960368 7.953955 7.952423 7.9545  ],[0.8137213 0.856927  0.8997762 0.942242 ]
DDK8,A,2e-07,18,True,False,TDD,vanilla,15,[0.04258464 0.08985836 0.17697442 0.3129089 ],[0.02797403 0.06383435 0.12975186 0.23523937],[ 7.5547967 15.781467  32.84433   59.79623  ],[ 3.0040722  8.280206  23.276842  44.651566 ],[8.0975065 8.041882  7.959552  7.8132544],[0.82605064 0.88448614 0.964284   1.0815895 ],[8.126295 8.107923 8.089695 8.074124],[0.8090824  0.8441579  0.88169974 0.92264533]
DDK8,A,2e-07,21,True,False,TDD,vanilla,15,[0.05714662 0.12296425 0.24101132 0.39884967],[0.04484876 0.10225653 0.2196777  0.30839837],[ 9.09603  19.777521 43.97769  77.42696 ],[ 3.4991448 10.356831  25.512993  50.163284 ],[8.072073  8.019568  7.9259663 7.7285767],[0.8720802 0.9263456 1.0106821 1.1734176],[8.111541 8.108097 8.098149 8.079145],[0.84507656 0.87269056 0.9155379  0.9743686 ]
DDK8,A,2e-07,24,True,False,TDD,vanilla,15,[0.06337678 0.13370529 0.2582749  0.44351032],[0.05573988 0.1168356  0.20238489 0.3605495 ],[ 9.975068 21.929253 49.177624 89.99509 ],[ 3.8841698 12.822521  33.852337  64.69791  ],[8.056606  7.9694753 7.829752  7.5849886],[0.8631401  0.97946364 1.124914   1.3543763 ],[8.102798 8.079458 8.073869 8.082761],[0.8285165 0.893055  0.9226012 0.9377865]
DDK8,A,2e-07,27,True,False,TDD,vanilla,15,[0.05849488 0.14081861 0.27426857 0.4804222 ],[0.04478197 0.12133425 0.20660909 0.34723896],[  9.9380245  25.623997   56.015305  103.52752  ],[  4.2208157  21.212612   57.949398  106.37915  ],[8.067888  7.973691  7.7903013 7.498768 ],[0.81363785 0.90433973 1.0569507  1.2702179 ],[8.11104  8.084653 8.048851 8.015041],[0.78864    0.83198315 0.884727   0.9329143 ]
DDK8,A,2e-07,33,True,False,TDD,vanilla,15,[0.08338859 0.21839112 0.4316818  0.6655198 ],[0.06606855 0.18684961 0.32405272 0.39923605],[ 14.838375  43.823536 101.23454  160.88129 ],[  8.435708  38.082294  89.23046  137.65913 ],[8.160741  8.053548  7.793053  7.2675667],[0.8441816  0.93537134 1.0911772  1.4310883 ],[8.216682  8.2085085 8.163704  8.084707 ],[0.8136454 0.8615523 0.9495743 1.0525955]
DDK8,A,2e-07,36,True,False,TDD,vanilla,15,[0.10377631 0.27166417 0.5365034  0.8217508 ],[0.10044242 0.2743721  0.5364949  0.5888887 ],[ 15.722343  46.71499  106.49514  183.64378 ],[  9.118029  38.107548  91.29615  144.78978 ],[8.002986  7.833023  7.4989696 7.136549 ],[0.8812814 1.0197877 1.3420665 1.5353473],[8.077505 8.06925  8.089985 8.128924],[0.82759804 0.8323908  0.8334932  0.87066954]
DDK8,A,2e-07,42,True,False,TDD,vanilla,15,[0.13276897 0.35834315 0.6491278  0.8998857 ],[0.12047429 0.39946976 0.4980627  0.5885881 ],[ 19.52966   57.92738  124.559906 195.20908 ],[ 15.326555  64.46172  126.44111  182.62878 ],[7.8302503 7.5735784 7.1537757 6.7475066],[1.0240098 1.2585148 1.421854  1.5621351],[7.927911  7.910005  7.917583  7.9121513],[0.96075475 0.9710648  0.9386558  0.9704687 ]
DDK8,A,4e-07,3,True,False,TDD,vanilla,15,[0.01663735 0.02413184 0.03706119 0.05553352],[0.00434231 0.00795624 0.01655554 0.03227454],[ 4.6461625  6.668841  10.090251  15.2096615],[ 1.2512082  2.4992876  5.1675243 10.582944 ],[8.127605 8.120465 8.110304 8.096031],[0.3421532  0.35097286 0.3613407  0.37304682],[8.140506 8.137633 8.134504 8.131127],[0.34248444 0.35056454 0.35972664 0.36985973]
DDK8,A,4e-07,6,True,False,TDD,vanilla,15,[0.02172038 0.03429779 0.05599228 0.08519824],[0.0076454  0.01341773 0.0268532  0.04747746],[ 5.76255    8.7894125 13.992432  21.354477 ],[ 1.7643622  2.8173242  5.5385785 11.138064 ],[8.160633 8.153463 8.139854 8.119138],[0.39113495 0.42277095 0.45834944 0.4975178 ],[8.176272 8.178738 8.180604 8.181811],[0.39123917 0.4205529  0.45303023 0.4878832 ]
DDK8,A,4e-07,9,True,False,TDD,vanilla,15,[0.02454568 0.04091956 0.06830706 0.10701878],[0.00822352 0.01727291 0.03857026 0.07280362],[ 6.4856243 10.212913  16.39136   25.445105 ],[ 2.1629877  3.4247296  6.7455406 12.819838 ],[8.165114 8.149925 8.126519 8.094807],[0.47550082 0.51485825 0.55897194 0.60796463],[8.184002 8.182483 8.180069 8.177103],[0.4719663  0.5057804  0.54053843 0.5759417 ]
DDK8,A,4e-07,12,True,False,TDD,vanilla,15,[0.0305408  0.05221334 0.08545602 0.13832149],[0.01344388 0.02757831 0.05341342 0.08451001],[ 7.636186 12.503592 20.000078 34.05623 ],[ 2.5788562  4.697871   9.021236  17.521896 ],[8.13047  8.110234 8.082022 8.034835],[0.5785617  0.63108885 0.685977   0.7457181 ],[8.15235  8.154115 8.15547  8.156445],[0.5726108  0.6156969  0.65478444 0.68982166]
DDK8,A,4e-07,15,True,False,TDD,vanilla,15,[0.03647429 0.06761771 0.11465211 0.19758019],[0.01581689 0.03277886 0.0586338  0.1002612 ],[ 8.512576 15.594531 27.254961 49.113827],[ 3.8943114  7.939967  17.700535  36.15993  ],[8.038937  8.018827  7.9885607 7.9197607],[0.5778554  0.62761956 0.6886863  0.7654074 ],[8.066401 8.071935 8.077987 8.082911],[0.5711157  0.6151953  0.66565377 0.7195561 ]
DDK8,A,4e-07,18,True,False,TDD,vanilla,15,[0.0443824  0.08732543 0.15725724 0.26092488],[0.02296074 0.05952031 0.09814631 0.14077275],[ 9.956174 20.091211 39.94674  72.52819 ],[ 3.3614326 10.269064  27.008324  50.550236 ],[8.060383  8.058351  8.036963  7.9629602],[0.6336809  0.7023682  0.7914468  0.90582764],[8.09442  8.127554 8.160606 8.190095],[0.6232103  0.6795312  0.74975705 0.8271956 ]
DDK8,A,4e-07,21,True,False,TDD,vanilla,15,[0.05057609 0.09939992 0.1871924  0.3025698 ],[0.02989822 0.06643428 0.12502843 0.1782022 ],[10.518109 20.537476 43.50624  78.81472 ],[ 3.9650126 10.136163  33.14712   65.19123  ],[7.9829407 7.9818516 7.939911  7.8201666],[0.6923612 0.7576863 0.8544976 0.9732453],[8.028134 8.068816 8.101429 8.12289 ],[0.67326814 0.7159541  0.7663214  0.81699765]
DDK8,A,4e-07,24,True,False,TDD,vanilla,15,[0.05907165 0.12574494 0.25117984 0.42289817],[0.04185539 0.08285116 0.15927646 0.26176527],[10.796578 22.196594 46.973618 82.97552 ],[ 4.2857957 11.681658  31.3769    60.286648 ],[7.880602 7.779461 7.620306 7.372208],[0.76620126 0.8689223  1.0035399  1.2026923 ],[7.927203  7.8822603 7.847619  7.832544 ],[0.74526685 0.8172085  0.8804765  0.9221472 ]
DDK8,A,4e-07,27,True,False,TDD,vanilla,15,[0.06440065 0.14647779 0.28121573 0.4633564 ],[0.04384805 0.12429071 0.22985159 0.31239617],[ 12.677738  29.902016  64.51078  115.89024 ],[  6.107476  25.108957  61.073322 108.58114 ],[7.933757  7.8586254 7.7156897 7.4712977],[0.73524827 0.81433344 0.92350024 1.0692017 ],[7.9919696 7.989279  7.998762  8.014314 ],[0.70994437 0.749423   0.7883426  0.81563747]
DDK8,A,4e-07,33,True,False,TDD,vanilla,15,[0.08929662 0.23478496 0.469046   0.6323423 ],[0.08552221 0.21062165 0.5102626  0.38514268],[ 15.621302  43.27016   95.1063   151.90118 ],[  7.4392395  36.172302   82.06292   123.824684 ],[7.9275203 7.7751446 7.485171  7.117737 ],[0.73865575 0.873903   1.1675826  1.3492149 ],[7.995203  7.9802413 7.973531  7.9859047],[0.70891154 0.7746805  0.8564755  0.92781574]
DDK8,A,4e-07,36,True,False,TDD,vanilla,15,[0.07515816 0.18499327 0.38309562 0.64334315],[0.04595799 0.11863751 0.2611401  0.47701254],[ 15.915417  40.322704  88.84906  148.81213 ],[  6.1006875  24.940496   61.48595   106.076    ],[8.042965  7.923185  7.635722  7.1290855],[0.86623853 0.9217447  1.0708447  1.3236281 ],[8.108352 8.090845 8.035079 7.95603 ],[0.8385771  0.8493455  0.87210375 0.9073687 ]
DDK8,A,4e-07,42,True,False,TDD,vanilla,15,[0.12935913 0.331449   0.58204716 0.8122165 ],[0.11879253 0.21385719 0.3159247  0.37756133],[ 21.775076  72.69197  155.47404  238.41272 ],[ 11.690157  55.411617 126.44398  170.83003 ],[7.8169465 7.6960554 7.393712  6.910638 ],[0.86690503 0.9455402  1.0686928  1.4184496 ],[7.9211125 8.026638  8.094642  8.118456 ],[0.81548744 0.8076006  0.8508136  0.89531356]
DDK8,C,5e-08,3,True,False,TDD,vanilla,15,[0.01648085 0.03152274 0.05770511 0.09824491],[0.00616105 0.01594502 0.03225312 0.05827136],[ 3.687749  7.313603 13.255807 23.304897],[ 1.4239972  4.2742004  8.482186  15.845127 ],[8.319195 8.312034 8.298003 8.273637],[0.19946513 0.21024509 0.22331232 0.23877043],[8.326575 8.326315 8.326018 8.325577],[0.19877578 0.20899162 0.22026956 0.2324996 ]
DDK8,C,5e-08,6,True,False,TDD,vanilla,15,[0.02207451 0.04977562 0.10174337 0.17373358],[0.00926164 0.03253315 0.07205875 0.12436912],[ 4.192911  9.450622 19.926468 36.359005],[ 1.4501882  5.200205  14.25633   30.203335 ],[8.218817 8.19452  8.152042 8.082606],[0.30118656 0.3251129  0.35430458 0.3957049 ],[8.230418 8.22319  8.218066 8.215206],[0.29918042 0.32049295 0.3425427  0.3658508 ]
DDK8,C,5e-08,9,True,False,TDD,vanilla,15,[0.0308961  0.09049568 0.17633002 0.28150567],[0.01821046 0.10391317 0.15089335 0.19408312],[ 5.58868  14.60322  33.506786 60.30399 ],[ 2.2601917  9.803235  25.976469  48.095345 ],[8.237644  8.2034645 8.127245  8.001852 ],[0.3978465  0.44449535 0.5051647  0.5839751 ],[8.254384 8.254124 8.254158 8.25498 ],[0.39488202 0.43240994 0.46764877 0.49863467]
DDK8,C,5e-08,12,True,False,TDD,vanilla,15,[0.04207586 0.11409923 0.22863422 0.36529022],[0.03664132 0.09122559 0.17854041 0.24635622],[ 7.3734627 22.241613  49.948296  85.676735 ],[ 3.7241852 16.976042  41.862526  68.12638  ],[8.265748 8.197973 8.064858 7.851303],[0.40815842 0.44398427 0.5244893  0.6710442 ],[8.288876  8.277489  8.269999  8.2660885],[0.40042427 0.41886386 0.44892526 0.4908567 ]
DDK8,C,5e-08,15,True,False,TDD,vanilla,15,[0.0579165  0.18033867 0.34727857 0.4779336 ],[0.04474407 0.1646441  0.2876708  0.31926543],[ 10.1082535  34.767574   74.03013   119.128975 ],[ 7.642441 32.474323 64.53254  94.33457 ],[8.252639  8.16814   7.9754066 7.6812367],[0.40683383 0.4697024  0.6566759  1.0161114 ],[8.284434 8.291013 8.302465 8.324361],[0.4031638  0.44232005 0.4866336  0.5346952 ]
DDK8,C,5e-08,18,True,False,TDD,vanilla,15,[0.12020187 0.3258944  0.5403139  0.68875104],[0.13137811 0.28558093 0.4025867  0.38496822],[ 16.818483  60.106514 112.052246 157.63115 ],[ 12.654168  49.96876   84.80609  105.441124],[8.129747  7.8987794 7.4795427 7.0383368],[0.56906176 0.7552321  1.1256344  1.2734494 ],[8.200162 8.199213 8.199512 8.190836],[0.5350562  0.57275265 0.58666337 0.60950494]
DDK8,C,5e-08,21,True,False,TDD,vanilla,15,[0.12469431 0.3524313  0.54248464 0.7276988 ],[0.11200722 0.30741477 0.36163396 0.37668416],[ 20.771797  69.67274  123.466125 176.16216 ],[ 17.27858  65.43968  96.69296 116.49146],[8.189068  7.908025  7.5314355 7.0114684],[0.5266932 0.8131274 1.1032596 1.4553796],[8.273708 8.270968 8.278294 8.289778],[0.4893335 0.5536807 0.6028044 0.6329883]
DDK8,C,5e-08,24,True,False,TDD,vanilla,15,[0.15745948 0.40343466 0.6020826  0.733123  ],[0.15381932 0.33033594 0.41857854 0.37302125],[ 26.29869   79.472855 131.57556  178.53946 ],[ 24.372896  66.36619   93.548195 117.812904],[8.117431  7.749426  7.3834076 6.9126267],[0.60926884 0.9850928  1.159043   1.5655283 ],[8.232507 8.229933 8.229175 8.226252],[0.56549513 0.60039735 0.6194327  0.6659933 ]
DDK8,C,5e-08,27,True,False,TDD,vanilla,15,[0.23885278 0.49050906 0.7168486  0.8787232 ],[0.33252352 0.3710695  0.51201326 0.57683265],[ 33.049812  94.03321  145.44421  191.34285 ],[ 30.05074  76.63052  95.55914 107.28174],[7.9960833 7.519792  7.0348077 6.592152 ],[0.69244826 1.1429605  1.4295207  1.5975151 ],[8.173424 8.189116 8.193333 8.201783],[0.5681614  0.57618004 0.5760544  0.6105042 ]
DDK8,C,5e-08,33,True,False,TDD,vanilla,15,[0.30984345 0.6653955  0.8818498  1.0021164 ],[0.3712155  0.62141657 0.63261783 0.6059574 ],[ 51.07488 127.48866 186.2007  235.57971],[ 49.962868  97.826096 117.781494 141.86697 ],[7.900875  7.2746    6.859569  6.4017572],[0.70625407 1.1995525  1.2268784  1.5171531 ],[8.163975 8.166744 8.197453 8.228497],[0.55520767 0.59197205 0.6344895  0.69245917]
DDK8,C,5e-08,36,True,False,TDD,vanilla,15,[0.48380658 0.95924985 1.051684   1.2564881 ],[0.41368738 0.697672   0.6188594  0.9614591 ],[ 80.71764 179.74768 226.74672 268.27737],[ 70.51558 127.51129 136.62729 147.25404],[7.7547784 6.8794928 6.367342  6.002167 ],[0.8234562 1.4498694 1.4887855 1.5436254],[8.201372 8.212413 8.186459 8.202197],[0.5879251 0.6015146 0.5885965 0.6164567]
DDK8,C,5e-08,42,True,False,TDD,vanilla,15,[0.7351091 0.9371412 1.1200032 1.1469588],[1.1845312  0.7464521  0.60739666 0.5488698 ],[114.287315 170.06538  215.41655  260.3103  ],[114.78085  113.63385  119.379135 151.62004 ],[7.287321  6.715404  5.952486  5.4904566],[1.3600268 1.5080045 1.8190317 1.8603147],[8.154698 8.128567 8.085518 8.078484],[0.6038881  0.6198292  0.71537834 0.8178851 ]
DDK8,C,2e-07,3,True,False,TDD,vanilla,15,[0.01478264 0.02516422 0.04366297 0.07186718],[0.00426365 0.01139997 0.02442229 0.04629101],[ 3.7865229  6.637204  11.625567  19.387178 ],[ 1.0347155  3.102446   6.604265  12.724246 ],[8.260265  8.2528715 8.239383  8.217725 ],[0.16582142 0.17849256 0.19390263 0.21277529],[8.269406 8.268143 8.26673  8.265156],[0.16525045 0.17695566 0.18965855 0.20317249]
DDK8,C,2e-07,6,True,False,TDD,vanilla,15,[0.01806667 0.03631132 0.07293476 0.12766929],[0.00488172 0.01561988 0.0408091  0.07928287],[ 4.569756  9.219613 18.694908 33.416237],[ 1.0213226  3.5242083  9.870839  20.184116 ],[8.275721 8.254107 8.214514 8.150244],[0.24089089 0.26885092 0.30590048 0.35942537],[8.289013 8.28343  8.278104 8.273454],[0.23840481 0.2612574  0.2851649  0.3086477 ]
DDK8,C,2e-07,9,True,False,TDD,vanilla,15,[0.02300873 0.05144586 0.10657912 0.1878741 ],[0.00829439 0.02756079 0.06517824 0.11432034],[ 5.6251984 12.873867  27.532837  50.571304 ],[ 1.7808836  6.909717  18.483938  34.232273 ],[8.247288 8.223283 8.17513  8.091623],[0.30370355 0.3456825  0.39490697 0.46071753],[8.265249 8.267987 8.272074 8.276913],[0.30145794 0.33881113 0.3764504  0.4147206 ]
DDK8,C,2e-07,12,True,False,TDD,vanilla,15,[0.03010966 0.08497754 0.18063688 0.2908197 ],[0.01554248 0.06684697 0.14925353 0.19766669],[ 7.2377753 20.58407   45.62851   77.83021  ],[ 3.412987 14.675012 35.139545 55.639828],[8.249935  8.192658  8.08321   7.9254246],[0.35319838 0.4168818  0.512232   0.6470905 ],[8.275466 8.271283 8.26691  8.262678],[0.34935436 0.39719546 0.44388452 0.48593506]
DDK8,C,2e-07,15,True,False,TDD,vanilla,15,[0.04481802 0.13784894 0.26906303 0.41665733],[0.02844313 0.10460506 0.18651697 0.24452662],[ 10.531215  33.67332   70.15089  114.01018 ],[ 7.093408 26.307896 51.76853  76.020775],[8.165337 8.060569 7.862555 7.563069],[0.45839584 0.5285959  0.669978   0.8800033 ],[8.207965 8.210038 8.215867 8.224112],[0.45113933 0.4856871  0.5191998  0.54643935]
DDK8,C,2e-07,18,True,False,TDD,vanilla,15,[0.05933693 0.18016152 0.32760352 0.47072667],[0.04619596 0.1434146  0.21631521 0.2350949 ],[ 13.889122  47.181396  92.63465  141.22067 ],[  9.90437   42.340427  80.63248  110.56809 ],[8.203318 8.058041 7.808758 7.505804],[0.5128209  0.62829846 0.8516518  1.0403804 ],[8.257838 8.261139 8.260707 8.264115],[0.49564663 0.5484521  0.60611343 0.6623807 ]
DDK8,C,2e-07,21,True,False,TDD,vanilla,15,[0.07438436 0.22141802 0.3736846  0.5152751 ],[0.06703722 0.20308349 0.26048508 0.26679885],[ 18.217964  59.90068  108.13445  155.10545 ],[ 17.3445    62.127678  93.25071  104.96028 ],[8.162693  7.9516573 7.6346507 7.283039 ],[0.502139   0.69621706 0.99130625 1.1939427 ],[8.236614 8.255446 8.269096 8.275333],[0.48349896 0.5265164  0.5651753  0.60599506]
DDK8,C,2e-07,24,True,False,TDD,vanilla,15,[0.10574173 0.3143923  0.4995093  0.6806507 ],[0.07912923 0.20806657 0.2609322  0.26861167],[ 23.725365  79.55947  133.22899  187.05183 ],[ 19.147676  62.48777   86.314026 102.02395 ],[8.0266905 7.7127385 7.345743  6.779801 ],[0.6062682  0.7834345  0.99617547 1.3415401 ],[8.131182 8.132619 8.148181 8.162027],[0.5804273  0.61564034 0.6213094  0.64173055]
DDK8,C,2e-07,27,True,False,TDD,vanilla,15,[0.11311676 0.32758307 0.5295534  0.68272185],[0.08169558 0.2164743  0.2837746  0.27950186],[ 26.301975  81.96928  136.1548   180.236   ],[19.278643 62.027042 86.23401  96.74196 ],[8.041833  7.67601   7.1896315 6.6622148],[0.5915181 0.8341969 1.1714578 1.3904771],[8.16426  8.148859 8.14116  8.125651],[0.5455145  0.57448643 0.5996173  0.65095395]
DDK8,C,2e-07,33,True,False,TDD,vanilla,15,[0.20359163 0.49309635 0.6498816  0.78432554],[0.18253504 0.3547575  0.34751138 0.30451638],[ 43.459766 114.956345 160.30641  210.04054 ],[ 36.46476   88.59297   93.7601   115.818504],[7.891225  7.269089  6.913332  6.5762844],[0.7593903 1.1967484 1.3806746 1.2071105],[8.134128 8.123875 8.132454 8.157437],[0.62713987 0.62046474 0.62091714 0.6189508 ]
DDK8,C,2e-07,36,True,False,TDD,vanilla,15,[0.20014878 0.4914363  0.64585197 0.7992047 ],[0.22074686 0.4559856  0.36622444 0.3885239 ],[ 47.430466 119.836205 168.17494  215.39658 ],[ 51.981163 100.67342  101.3895   117.10666 ],[7.9970794 7.455644  6.9916205 6.624703 ],[0.67150664 1.1358702  1.3822447  1.3669034 ],[8.223166 8.203659 8.193959 8.197771],[0.5721486  0.62228054 0.6435787  0.6443599 ]
DDK8,C,2e-07,42,True,False,TDD,vanilla,15,[0.3206631  0.6112246  0.77858573 0.9707639 ],[0.3802753  0.42275265 0.3331566  0.4532115 ],[ 78.07746 151.46788 210.67982 270.38144],[125.93051 101.2247  116.78223 149.95853],[7.725242  7.134459  6.631383  6.2551656],[1.0948799 1.4697388 1.3909787 1.2027098],[8.202137 8.208331 8.213117 8.186108],[0.62006235 0.64596266 0.66607225 0.7035478 ]
DDK8,C,4e-07,3,True,False,TDD,vanilla,15,[0.01644002 0.0261973  0.04389253 0.06980026],[0.00418438 0.01163754 0.0260611  0.04877131],[ 4.6153474  7.459206  12.537084  20.121632 ],[ 1.3339536  3.6455173  8.019799  14.999082 ],[8.304385 8.299675 8.288074 8.267612],[0.18293484 0.1972602  0.21457133 0.23780021],[8.31983  8.321709 8.323363 8.324781],[0.1824369  0.19586535 0.21045375 0.22601187]
DDK8,C,4e-07,6,True,False,TDD,vanilla,15,[0.0199428  0.0346428  0.06112053 0.10250936],[0.0049681  0.0119273  0.02731284 0.05407172],[ 5.251646   9.2021675 16.44593   28.112072 ],[ 1.4923439  3.6434577  8.584839  17.605125 ],[8.239862  8.228593  8.2070055 8.170747 ],[0.26618502 0.28656062 0.30845788 0.33431095],[8.259438 8.260148 8.261916 8.265042],[0.26467186 0.2839932  0.30338576 0.3230583 ]
DDK8,C,4e-07,9,True,False,TDD,vanilla,15,[0.02416654 0.04547814 0.08626416 0.15038876],[0.00696116 0.02057239 0.04870977 0.0905785 ],[ 6.200492 11.54125  22.286997 39.78539 ],[ 1.668745   4.9654226 13.4484215 26.918943 ],[8.275382 8.246232 8.197083 8.119296],[0.34099504 0.3846969  0.43405592 0.4955623 ],[8.299542  8.2919655 8.284302  8.276176 ],[0.3363756  0.3739166  0.41209707 0.44999707]
DDK8,C,4e-07,12,True,False,TDD,vanilla,15,[0.03084989 0.0689481  0.13803373 0.23361123],[0.01163932 0.0421772  0.09187288 0.14266676],[ 7.7715106 17.329248  35.66458   62.24335  ],[ 2.7678983 10.690108  25.642174  44.63139  ],[8.222346  8.178575  8.091157  7.9582076],[0.3715658  0.41712376 0.48058826 0.56911564],[8.254019 8.249561 8.239468 8.22615 ],[0.36668321 0.40296978 0.44160876 0.48203832]
DDK8,C,4e-07,15,True,False,TDD,vanilla,15,[0.03895888 0.10219966 0.20183004 0.3210028 ],[0.01772464 0.06512606 0.12824704 0.18339743],[10.228345 27.556547 57.13565  95.28184 ],[ 4.470524 17.75188  39.99767  66.11742 ],[8.257664  8.194019  8.083392  7.9086056],[0.37261313 0.44107682 0.5356838  0.6643654 ],[8.300738 8.310435 8.318503 8.321449],[0.36233523 0.4033232  0.448278   0.4995451 ]
DDK8,C,4e-07,18,True,False,TDD,vanilla,15,[0.05209601 0.15040678 0.27909845 0.42441258],[0.03271523 0.11686306 0.19233827 0.23414463],[ 12.948464  38.810963  76.90552  124.38141 ],[ 7.0513773 27.91099   53.1459    80.69857  ],[8.190639 8.084411 7.906222 7.644888],[0.5281479 0.6384746 0.8211387 1.0452182],[8.245845 8.256775 8.268593 8.282536],[0.5129303  0.5608195  0.60647964 0.64250934]
DDK8,C,4e-07,21,True,False,TDD,vanilla,15,[0.07194374 0.2084681  0.36582473 0.5122476 ],[0.05424073 0.15795971 0.219296   0.25409153],[ 16.874706  53.34648  101.56113  151.2349  ],[11.63894  43.125294 70.85979  96.25602 ],[8.130731  7.9731793 7.728971  7.351854 ],[0.51366305 0.6167042  0.8149919  1.1749833 ],[8.208268 8.233376 8.263854 8.301309],[0.48909435 0.49843127 0.5081799  0.52443814]
DDK8,C,4e-07,24,True,False,TDD,vanilla,15,[0.08062731 0.23674402 0.4000819  0.55096203],[0.05301267 0.17019892 0.2379146  0.2477893 ],[ 19.902573  62.285545 109.55095  155.39081 ],[14.30372  53.705776 82.234375 99.9253  ],[8.139563  7.9218364 7.57869   7.1812572],[0.5184932  0.63420045 0.90742415 1.1574782 ],[8.224326 8.216809 8.205311 8.196901],[0.5019927  0.53854054 0.5763094  0.6127203 ]
DDK8,C,4e-07,27,True,False,TDD,vanilla,15,[0.09463776 0.25170344 0.40167075 0.56690115],[0.06895574 0.17861286 0.21776918 0.23452137],[ 24.791876  67.770355 110.5082   159.05927 ],[24.038076 60.058567 77.9699   95.38185 ],[8.104198  7.8660235 7.621889  7.233425 ],[0.5393189 0.6913251 0.8358706 1.0578389],[8.212278 8.205426 8.209401 8.201062],[0.52702165 0.5741107  0.6127436  0.64407486]
DDK8,C,4e-07,33,True,False,TDD,vanilla,15,[0.1454565  0.33833134 0.4963253  0.63709646],[0.11696306 0.23877549 0.26685363 0.26289243],[ 34.145416  84.59808  127.31389  169.17056 ],[27.306559 63.166115 77.42972  92.50488 ],[8.013113  7.685579  7.394189  7.0126777],[0.7244606 0.9849802 1.12965   1.3629643],[8.183739 8.192224 8.175432 8.147135],[0.6432265  0.66101295 0.6978664  0.7402622 ]
DDK8,C,4e-07,36,True,False,TDD,vanilla,15,[0.17354354 0.40712765 0.6079446  0.7141137 ],[0.14545213 0.2606071  0.31883022 0.29702294],[ 43.18504 109.10045 166.45241 205.18687],[ 33.63944   71.985886  92.859985 109.16411 ],[8.060291  7.625078  7.094136  6.7651105],[0.7138943 1.0659959 1.4406254 1.5645654],[8.265757  8.2690735 8.257155  8.252183 ],[0.6276491  0.67769957 0.705928   0.7128718 ]
DDK8,C,4e-07,42,True,False,TDD,vanilla,15,[0.22449304 0.48599157 0.6783287  0.82948494],[0.19254713 0.30195814 0.3401565  0.24861036],[ 57.362637 129.31326  181.64832  233.85365 ],[ 60.880466 102.54887  104.860596 108.46491 ],[7.9127374 7.448541  6.99384   6.4674115],[0.6917547 0.9361697 1.2704091 1.3072773],[8.192731 8.206451 8.21126  8.215601],[0.59920657 0.60754186 0.64400005 0.6513544 ]
DDK8,D,5e-08,3,True,False,TDD,vanilla,15,[0.00487922 0.01377076 0.02855078 0.04982993],[0.00312929 0.01111278 0.02381153 0.04462879],[ 1.4342362  4.072258   8.426468  14.727181 ],[ 0.8930156  3.2110887  6.872051  12.953816 ],[8.296888 8.293468 8.288231 8.281087],[0.07514493 0.08085001 0.08733016 0.09460407],[8.299658 8.29858  8.297538 8.29653 ],[0.07468852 0.07996947 0.08556426 0.0913942 ]
DDK8,D,5e-08,6,True,False,TDD,vanilla,15,[0.00526444 0.01384004 0.02796105 0.04819788],[0.00253103 0.00957526 0.02094029 0.03996026],[ 1.5695904  4.153939   8.3988495 14.478659 ],[ 0.79806364  3.0353026   6.61573    12.619685  ],[8.3079405 8.303564  8.296255  8.284569 ],[0.12036068 0.13298011 0.14660908 0.16285782],[8.311767 8.311415 8.310966 8.310436],[0.12025459 0.13231722 0.14488111 0.15781623]
DDK8,D,5e-08,9,True,False,TDD,vanilla,15,[0.00533991 0.01401646 0.0276722  0.04966218],[0.00210066 0.00806619 0.01829805 0.03499137],[ 1.5673323  4.108946   8.078442  14.484211 ],[ 0.585842   2.2942784  5.2183747 10.053039 ],[8.2929325 8.282887  8.268952  8.249745 ],[0.13263428 0.15422203 0.178402   0.20548959],[8.297676 8.293371 8.288761 8.283954],[0.1321482  0.15266456 0.17479543 0.19807528]
DDK8,D,5e-08,12,True,False,TDD,vanilla,15,[0.00736841 0.01779515 0.03337084 0.06125441],[0.00400682 0.00965245 0.02237169 0.04021243],[ 2.1295311  5.1830177  9.736208  17.94501  ],[ 1.1532857  2.7424932  6.4775577 12.174291 ],[8.276078 8.265225 8.249164 8.228029],[0.18775174 0.21267329 0.23921572 0.2672655 ],[8.282729 8.280233 8.277586 8.274747],[0.18684064 0.21076299 0.2355141  0.26066127]
DDK8,D,5e-08,15,True,False,TDD,vanilla,15,[0.009545   0.02291596 0.04715493 0.0797742 ],[0.00628648 0.01599133 0.03547007 0.05923634],[ 2.6749542  6.497437  13.478863  23.088957 ],[ 1.6014754  4.289088   9.964619  17.290241 ],[8.261526 8.249279 8.231345 8.208643],[0.21082844 0.23056988 0.25085685 0.2713605 ],[8.270022 8.268729 8.268344 8.268918],[0.2086949  0.22577141 0.24269079 0.25992864]
DDK8,D,5e-08,18,True,False,TDD,vanilla,15,[0.01157888 0.02854524 0.05495296 0.10017422],[0.00685488 0.01925009 0.0415762  0.07676419],[ 3.3011227  8.145366  15.521326  28.542587 ],[ 1.8627015  5.4585853 11.350626  21.904757 ],[8.256718 8.229248 8.197    8.160261],[0.23690061 0.26808318 0.30218872 0.33362198],[8.267819  8.256482  8.2475815 8.242658 ],[0.2351493 0.2640463 0.2919402 0.3160511]
DDK8,D,5e-08,21,True,False,TDD,vanilla,15,[0.01354819 0.03254865 0.06478509 0.10656171],[0.0081683  0.02158268 0.04544092 0.07673598],[ 3.9471128  9.605696  19.271864  32.15005  ],[ 2.4798346  7.0064344 14.722813  26.499535 ],[8.265051  8.253095  8.234267  8.2045145],[0.25296602 0.28674692 0.3292971  0.3752068 ],[8.27719   8.282884  8.2891655 8.295584 ],[0.25249338 0.2854534  0.32003936 0.35299757]
DDK8,D,5e-08,24,True,False,TDD,vanilla,15,[0.0137583  0.03434812 0.07284484 0.10487283],[0.00796576 0.02018747 0.04687383 0.06821833],[ 3.968263  10.1071005 21.254705  30.75606  ],[ 2.1938896  6.3973384 14.184555  21.590805 ],[8.266573 8.242531 8.206673 8.170414],[0.2485594  0.27796325 0.31329945 0.34628278],[8.280112  8.273623  8.264235  8.2512455],[0.24701582 0.27596948 0.30649292 0.3357034 ]
DDK8,D,5e-08,27,True,False,TDD,vanilla,15,[0.01670445 0.03976459 0.07400478 0.11714976],[0.01183843 0.03104561 0.05559608 0.09488992],[ 4.8328447 11.230161  21.451954  33.71227  ],[ 3.6657963  8.763605  16.009792  25.93126  ],[8.2458   8.224629 8.199695 8.171073],[0.29940242 0.3206434  0.34536836 0.38960007],[8.262777 8.265217 8.269065 8.273772],[0.2979555  0.3138878  0.33165452 0.3518799 ]
DDK8,D,5e-08,33,True,False,TDD,vanilla,15,[0.02017106 0.05292989 0.09344509 0.15154806],[0.01210894 0.03692651 0.05940343 0.0960673 ],[ 5.6028233 14.437738  26.216246  43.587406 ],[ 3.1965117  8.954524  16.545387  28.418726 ],[8.214763 8.181618 8.150472 8.113114],[0.31643918 0.3387078  0.35347235 0.36851475],[8.235228 8.229521 8.229554 8.238303],[0.31300098 0.32693157 0.3373971  0.34345612]
DDK8,D,5e-08,36,True,False,TDD,vanilla,15,[0.02405779 0.05360698 0.09916887 0.14377531],[0.01797971 0.03970855 0.06804162 0.09571399],[ 7.0165124 15.987838  30.207731  44.42605  ],[ 4.707616 12.085856 21.982126 32.35388 ],[8.311687 8.285612 8.248783 8.207548],[0.28502494 0.30572847 0.3299326  0.35697415],[8.336734 8.337908 8.336387 8.332141],[0.27704263 0.29162735 0.30735877 0.3248851 ]
DDK8,D,5e-08,42,True,False,TDD,vanilla,15,[0.03087596 0.074628   0.14316979 0.20636505],[0.02246416 0.04976979 0.09324654 0.1352233 ],[ 8.9219055 22.106688  43.686577  64.16834  ],[ 6.199782 14.367133 28.947893 46.941753],[8.260782 8.253746 8.235157 8.17931 ],[0.30705377 0.32141763 0.34214064 0.4014687 ],[8.291798 8.319096 8.342037 8.351114],[0.29859725 0.30620685 0.31966177 0.34217647]
DDK8,D,2e-07,3,True,False,TDD,vanilla,15,[0.00698573 0.01500915 0.02867875 0.04870164],[0.00353211 0.01121757 0.02421903 0.04715812],[ 2.0803726  4.49176    8.589919  14.592917 ],[ 1.0329555  3.3441153  7.231247  14.12164  ],[8.298907 8.297007 8.292957 8.286861],[0.05580481 0.06341912 0.0720011  0.08186648],[8.30472  8.305355 8.306001 8.306659],[0.05492547 0.06174164 0.06871933 0.07579485]
DDK8,D,2e-07,6,True,False,TDD,vanilla,15,[0.00735265 0.01527606 0.02860088 0.04773596],[0.00272742 0.00875624 0.01909777 0.03671346],[ 2.177536   4.5354285  8.473706  14.140134 ],[ 0.7799946  2.5281453  5.51692   10.716611 ],[8.298077 8.292571 8.283685 8.271967],[0.0842618  0.09584899 0.10829716 0.12199537],[8.304998 8.30393  8.302717 8.301365],[0.08359402 0.0947236  0.10591125 0.1170879 ]
DDK8,D,2e-07,9,True,False,TDD,vanilla,15,[0.00829892 0.01632084 0.02896679 0.04934961],[0.00334406 0.00982708 0.02138607 0.03985734],[ 2.4322712  4.808578   8.602796  14.807328 ],[ 0.87727875  2.7343633   6.1461635  11.684879  ],[8.296778 8.291433 8.282867 8.269767],[0.12928766 0.14444198 0.15981552 0.17599557],[8.304958 8.305161 8.30541  8.30564 ],[0.12817776 0.14271183 0.15739685 0.17246187]
DDK8,D,2e-07,12,True,False,TDD,vanilla,15,[0.00890452 0.01718808 0.029425   0.04970129],[0.00404103 0.00699029 0.01340946 0.02956931],[ 2.639399  5.099384  8.718748 14.825317],[1.1548506 1.9631786 3.7242963 8.703002 ],[8.304444 8.297425 8.286724 8.272335],[0.14410414 0.16717514 0.19192141 0.21605133],[8.313007 8.312093 8.310837 8.309354],[0.14296053 0.16523613 0.1881396  0.2113783 ]
DDK8,D,2e-07,15,True,False,TDD,vanilla,15,[0.01211424 0.02252307 0.0423048  0.07599229],[0.00572163 0.01023742 0.0224805  0.0473154 ],[ 3.5595093  6.616965  12.592548  22.761019 ],[ 1.6695715  2.8818343  6.8962393 14.667122 ],[8.282159 8.271351 8.255926 8.233338],[0.188167   0.2112056  0.23520246 0.25961673],[8.293565  8.2920685 8.2905855 8.289156 ],[0.18703032 0.20940296 0.23131841 0.25235698]
DDK8,D,2e-07,18,True,False,TDD,vanilla,15,[0.01325004 0.0262259  0.04641498 0.07719996],[0.00725641 0.01478809 0.02757352 0.04952319],[ 3.8479574  7.5775175 13.705097  23.26478  ],[ 1.9293135  3.564225   8.045368  15.675193 ],[8.293012 8.28638  8.27445  8.251852],[0.22307882 0.24449882 0.26608548 0.2883042 ],[8.305725 8.309488 8.312395 8.314784],[0.22037174 0.2390583  0.25812885 0.27720353]
DDK8,D,2e-07,21,True,False,TDD,vanilla,15,[0.01561697 0.03113698 0.05993731 0.10088604],[0.00815176 0.01673339 0.03737707 0.06796663],[ 4.414793  8.817641 17.385963 29.104393],[ 2.0662084  4.149951  10.748237  18.472673 ],[8.249772 8.240261 8.228101 8.203051],[0.24794124 0.27106094 0.2908171  0.3241579 ],[8.264703 8.267769 8.272947 8.279535],[0.24443386 0.26372743 0.2798239  0.2931526 ]
DDK8,D,2e-07,24,True,False,TDD,vanilla,15,[0.01735506 0.03607977 0.06822926 0.11205807],[0.00880748 0.01837387 0.04300312 0.06949311],[ 4.9532247 10.249538  19.559467  33.08734  ],[ 2.3494947  4.493946  11.036603  20.841131 ],[8.261347 8.251133 8.23817  8.214364],[0.24528833 0.2643441  0.2858572  0.31232542],[8.277871 8.283131 8.289918 8.296556],[0.24175097 0.25661522 0.27360883 0.29408902]
DDK8,D,2e-07,27,True,False,TDD,vanilla,15,[0.01986318 0.03775667 0.07004935 0.11105544],[0.01081305 0.0219571  0.04006465 0.06766713],[ 5.6437616 10.653778  20.240326  32.669327 ],[ 2.9984097  5.621549  11.533281  21.239668 ],[8.235133 8.218668 8.199054 8.176403],[0.26833892 0.29294538 0.3258371  0.36650705],[8.2537155 8.252774  8.254282  8.257275 ],[0.26518136 0.28589198 0.31270012 0.34290448]
DDK8,D,2e-07,33,True,False,TDD,vanilla,15,[0.02147592 0.04586694 0.08866984 0.13168906],[0.0126927  0.02770046 0.07208052 0.10165282],[ 6.2352214 13.394748  26.301031  40.418236 ],[ 3.3451402  7.6560407 20.951542  33.815495 ],[8.2739315 8.257488  8.235252  8.215783 ],[0.29696637 0.30299878 0.31888208 0.33489665],[8.294483 8.296839 8.303677 8.315007],[0.29260948 0.29500195 0.30127394 0.31653824]
DDK8,D,2e-07,36,True,False,TDD,vanilla,15,[0.02334217 0.05087507 0.09677886 0.14184947],[0.01265543 0.03158063 0.06714007 0.10278451],[ 6.565914 14.138949 26.76335  40.009136],[ 3.4149036  8.430277  17.807297  29.74827  ],[8.231217 8.186055 8.136634 8.090772],[0.3123755  0.33961096 0.36967236 0.39686492],[8.254462  8.231821  8.213254  8.2022705],[0.30821246 0.33105987 0.3529215  0.36922216]
DDK8,D,2e-07,42,True,False,TDD,vanilla,15,[0.03099351 0.06939565 0.12475365 0.18845215],[0.01699869 0.04322134 0.07047251 0.10785677],[ 8.872968 20.156534 36.49854  56.49171 ],[ 4.6420455 13.334737  21.7622    35.70156  ],[8.24552  8.209495 8.165097 8.124728],[0.31888834 0.33864093 0.3559343  0.37009108],[8.275828 8.271634 8.268322 8.26755 ],[0.31351313 0.32876962 0.3366903  0.34487548]
DDK8,D,4e-07,3,True,False,TDD,vanilla,15,[0.01056676 0.01845326 0.03203195 0.05040966],[0.00415171 0.01091252 0.02267893 0.04158184],[ 3.1092813  5.456002   9.480732  14.940883 ],[ 1.2025757  3.2479188  6.7847595 12.46146  ],[8.284177 8.278141 8.269534 8.258682],[0.05486291 0.06331777 0.07239922 0.08233747],[8.293405 8.290766 8.28805  8.285257],[0.05372701 0.06171242 0.06978194 0.07790729]
DDK8,D,4e-07,6,True,False,TDD,vanilla,15,[0.01163251 0.01951047 0.032532   0.05101442],[0.00444737 0.01001824 0.02006094 0.03744448],[ 3.4269984  5.7762427  9.6706295 15.272521 ],[ 1.2616224  2.8915265  5.873214  11.219497 ],[8.291626 8.288784 8.283389 8.27558 ],[0.09925327 0.11335321 0.12790082 0.1419437 ],[8.302427 8.303819 8.305447 8.30732 ],[0.09781612 0.11133109 0.12449647 0.1372722 ]
DDK8,D,4e-07,9,True,False,TDD,vanilla,15,[0.01253143 0.01986948 0.0309344  0.04653592],[0.00447848 0.00881008 0.01743035 0.03350422],[ 3.7224832  5.9192433  9.224155  13.962865 ],[1.275298  2.4823413 4.8954372 9.757761 ],[8.298587 8.296362 8.292227 8.285862],[0.12457501 0.1436176  0.16309983 0.18274735],[8.310682 8.313534 8.316418 8.319339],[0.1229313  0.14134116 0.15957414 0.17754117]
DDK8,D,4e-07,12,True,False,TDD,vanilla,15,[0.01419502 0.02341593 0.03735119 0.06097458],[0.00596203 0.01001792 0.02065676 0.04127343],[ 4.1992106  6.9510374 11.056825  18.152555 ],[ 1.6882367  2.7902675  5.606494  11.571679 ],[8.301485 8.296353 8.288826 8.275806],[0.15748063 0.17889582 0.20036392 0.22240125],[8.314311 8.315415 8.316559 8.31765 ],[0.15571669 0.17662454 0.19755578 0.21827404]
DDK8,D,4e-07,15,True,False,TDD,vanilla,15,[0.0176735  0.0289444  0.04656838 0.07184842],[0.00887747 0.01521883 0.02738791 0.04902974],[ 5.281192  8.706634 14.069079 21.95139 ],[ 2.5101466  4.163774   7.4425297 14.305636 ],[8.315597 8.311261 8.303809 8.290188],[0.17719698 0.19757777 0.21854869 0.24007079],[8.331775 8.336437 8.340626 8.344339],[0.17464425 0.1934692  0.21228619 0.23092636]
DDK8,D,4e-07,18,True,False,TDD,vanilla,15,[0.01836267 0.02912163 0.04924745 0.07784368],[0.00775518 0.01326982 0.02652915 0.04692791],[ 5.3458843  8.496206  14.3081875 22.670012 ],[ 2.2578778  4.004849   7.5070467 14.25465  ],[8.269625 8.258457 8.243037 8.225176],[0.19158025 0.21214636 0.23579854 0.26451918],[8.286208 8.283078 8.280533 8.278921],[0.19004631 0.20961969 0.23211282 0.2563469 ]
DDK8,D,4e-07,21,True,False,TDD,vanilla,15,[0.02049845 0.03399931 0.05561479 0.09079202],[0.00896064 0.01445979 0.02696528 0.05506334],[ 6.050235 10.090056 16.700977 27.488691],[ 2.630139  4.339367  8.711661 19.18359 ],[8.297442 8.284565 8.26664  8.241737],[0.21044225 0.2497352  0.2927262  0.33679   ],[8.315765 8.314188 8.310797 8.306976],[0.20739509 0.2451768  0.28654093 0.3257228 ]
DDK8,D,4e-07,24,True,False,TDD,vanilla,15,[0.02051354 0.03615094 0.06430358 0.097285  ],[0.00989566 0.01697034 0.03626094 0.04769291],[ 5.946002 10.455876 18.842216 28.654924],[ 2.706577  4.44757  10.339107 14.042023],[8.274769 8.261926 8.244552 8.222095],[0.24487394 0.2730073  0.30408913 0.3377668 ],[8.2942295 8.294001  8.29249   8.29053  ],[0.24053971 0.2657455  0.29513124 0.32629207]
DDK8,D,4e-07,27,True,False,TDD,vanilla,15,[0.02197342 0.04014063 0.06736065 0.11254073],[0.01346987 0.02075858 0.03586951 0.06454535],[ 6.19068  11.554917 19.838669 33.344257],[ 2.4806752  5.213283  10.133064  18.897655 ],[8.263829 8.252561 8.237087 8.20323 ],[0.25276133 0.2652379  0.28194103 0.314897  ],[8.284804 8.288184 8.289756 8.287945],[0.24599674 0.25614992 0.27404147 0.30254942]
DDK8,D,4e-07,33,True,False,TDD,vanilla,15,[0.02756922 0.051797   0.09317154 0.13747452],[0.01278207 0.02913926 0.05977692 0.09405963],[ 7.8724127 14.754012  27.052702  39.927563 ],[ 3.4237013  7.9812202 17.164558  24.969606 ],[8.25821  8.242985 8.22308  8.202536],[0.29966316 0.32294106 0.35111594 0.37408713],[8.283479 8.285306 8.291762 8.302665],[0.29424185 0.31225926 0.32923257 0.3390499 ]
DDK8,D,4e-07,36,True,False,TDD,vanilla,15,[0.0303614  0.057576   0.10378818 0.1592624 ],[0.01665792 0.03718448 0.06828418 0.11147939],[ 8.172129 15.609572 29.175364 45.68255 ],[ 3.939842  9.271647 18.048908 32.456097],[8.1952095 8.180857  8.165317  8.137905 ],[0.3124888  0.34276032 0.37458557 0.39913258],[8.223469 8.229465 8.240253 8.252065],[0.30499366 0.32756943 0.34636486 0.3621993 ]
DDK8,D,4e-07,42,True,False,TDD,vanilla,15,[0.02962062 0.06435712 0.1096267  0.15816255],[0.01344155 0.03586592 0.06842004 0.08688629],[ 8.57396  18.46745  31.270996 45.910507],[ 3.45224   9.66328  18.896889 27.27776 ],[8.266614 8.227243 8.178176 8.138629],[0.26577362 0.29570657 0.32215163 0.34146097],[8.293684 8.277752 8.263025 8.253034],[0.2600928  0.2811057  0.29591087 0.3149146 ]
DDK8,A,5e-08,3,True,False,TDD,vanilla,20,[0.01139222 0.02381598 0.04565638 0.08080728],[0.00467974 0.01365985 0.02881986 0.05723758],[ 2.790365   5.8991523 10.97615   19.474226 ],[ 1.3230157  3.995623   7.9629087 15.264797 ],[8.230823 8.230594 8.227043 8.218535],[0.3660626  0.38131088 0.3986775  0.41791382],[8.233838 8.237641 8.241822 8.246357],[0.36562672 0.3805851  0.39700893 0.4147793 ]
DDK8,A,5e-08,6,True,False,TDD,vanilla,20,[0.01442076 0.03334251 0.06851437 0.11900133],[0.00712491 0.02129216 0.04965428 0.09006339],[ 3.3068833  7.0505834 14.125563  25.463919 ],[ 1.4760067  3.9751995  9.265912  19.363638 ],[8.277323 8.271119 8.256542 8.231497],[0.44346005 0.48239654 0.5249386  0.57206213],[8.28204  8.2848   8.287399 8.290143],[0.44220755 0.47809482 0.5148415  0.55173457]
DDK8,A,5e-08,9,True,False,TDD,vanilla,20,[0.02165615 0.0600625  0.12153503 0.19855596],[0.01306873 0.06214515 0.10576822 0.19268677],[ 4.1459084  9.791401  19.519947  32.822826 ],[ 1.7982917  5.7413864 12.650415  22.781643 ],[8.223986  8.193169  8.1493845 8.093844 ],[0.5519968  0.6124046  0.68226224 0.76417863],[8.232175 8.218963 8.206256 8.19461 ],[0.5494946  0.6048245  0.66238713 0.7200331 ]
DDK8,A,5e-08,12,True,False,TDD,vanilla,20,[0.02899529 0.08383781 0.15278408 0.25455162],[0.02168386 0.08662675 0.15338258 0.25375074],[ 4.927729 13.210782 25.356194 46.496395],[ 2.4569468  8.215805  18.025805  34.804817 ],[8.158302 8.129545 8.090854 8.022614],[0.5721595  0.6482295  0.73008144 0.8201829 ],[8.1713705 8.169162  8.165635  8.1618185],[0.5680532  0.6353437  0.7046337  0.77285534]
DDK8,A,5e-08,15,True,False,TDD,vanilla,20,[0.04119189 0.10274055 0.19744585 0.33976182],[0.04129251 0.09396487 0.18515025 0.32553416],[ 7.115655 19.03823  38.884754 68.63534 ],[ 4.7176533 14.883955  34.76112   67.07983  ],[8.208503 8.169742 8.122451 8.0292  ],[0.72784925 0.814805   0.9098785  1.0168989 ],[8.229278 8.228537 8.234898 8.246084],[0.716445   0.7802941  0.83712816 0.889672  ]
DDK8,A,5e-08,18,True,False,TDD,vanilla,20,[0.06675581 0.17084423 0.30057603 0.54743505],[0.08505678 0.23812719 0.32639807 0.68717235],[ 8.119515 21.97259  45.042934 82.62769 ],[ 4.6410217 15.48891   34.979927  69.03109  ],[8.135651  8.089023  8.0173435 7.865885 ],[0.83671963 0.9167104  1.0182949  1.1788067 ],[8.165414 8.166351 8.164887 8.15692 ],[0.8150258 0.8670547 0.9366969 1.025056 ]
DDK8,A,5e-08,21,True,False,TDD,vanilla,20,[0.0652705  0.17089158 0.2792732  0.43847522],[0.0610387  0.22513212 0.24626236 0.32710066],[ 9.539322 25.471031 51.025303 92.35871 ],[ 6.279235 19.90489  40.506966 80.442856],[8.064705  7.985467  7.8766327 7.6765666],[0.91196316 0.98456806 1.0752642  1.204614  ],[8.097888  8.0776415 8.057297  8.0439825],[0.8918794  0.9238005  0.95249516 0.97904676]
DDK8,A,5e-08,24,True,False,TDD,vanilla,20,[0.06878547 0.17023548 0.34253892 0.48778993],[0.06174117 0.18699375 0.35282284 0.433734  ],[ 11.615806  27.457779  63.2149   107.25454 ],[ 7.5140476 23.508318  58.801434  94.73841  ],[8.211697  8.141034  7.985802  7.7413054],[0.7923679 0.8692415 1.0181217 1.285442 ],[8.248478 8.227171 8.202078 8.1868  ],[0.7698817  0.82811874 0.88698286 0.9156224 ]
DDK8,A,5e-08,27,True,False,TDD,vanilla,20,[0.08505347 0.20085286 0.38626388 0.6693183 ],[0.09007139 0.19127299 0.37349328 0.6387013 ],[ 11.729038  31.99359   71.374016 127.123215],[  7.1746707  24.945557   62.716225  116.09148  ],[8.02988  7.938876 7.77139  7.457757],[0.8356151 0.9214517 1.0525194 1.2880274],[8.073305 8.057036 8.035699 8.017298],[0.81447893 0.87702554 0.95565355 1.0139018 ]
DDK8,A,5e-08,33,True,False,TDD,vanilla,20,[0.13100798 0.31565377 0.5728111  0.76348555],[0.13417983 0.34712356 0.5663188  0.7104008 ],[ 17.257555  49.203945 112.54368  174.14961 ],[ 11.2624235  44.692577  101.33034   155.70856  ],[8.120256  8.014558  7.718512  7.2854548],[0.9842679 1.0719664 1.2027383 1.3698351],[8.180847  8.193614  8.203002  8.1704445],[0.9456215  0.95782167 0.92753166 0.9645922 ]
DDK8,A,5e-08,36,True,False,TDD,vanilla,20,[0.16132836 0.3814503  0.77836984 1.0107437 ],[0.21552198 0.39621386 0.9599416  1.0685278 ],[ 18.678217  53.30666  122.756584 188.74413 ],[ 11.91234   41.645348 100.84133  142.9584  ],[8.016695  7.858644  7.4355235 6.970801 ],[0.8903462 1.027576  1.4448394 1.779167 ],[8.093336 8.087319 8.075918 8.088953],[0.84122604 0.8823591  0.96047276 0.99210644]
DDK8,A,5e-08,42,True,False,TDD,vanilla,20,[0.2159967  0.4543296  0.70284235 0.99702185],[0.22589692 0.42868015 0.52578443 0.7170296 ],[ 23.635565  71.779205 139.1464   206.77911 ],[ 17.838863  58.242924 106.95601  158.34683 ],[7.7127614 7.519064  7.2057014 6.6163454],[1.1327105 1.2746487 1.3554378 1.6504726],[7.833758 7.885902 7.919857 7.917343],[1.0413706 1.023846  1.0217247 1.0423343]
DDK8,A,2e-07,3,True,False,TDD,vanilla,20,[0.01396944 0.02481404 0.04535199 0.07548408],[0.00553469 0.01174836 0.0259941  0.05005646],[ 3.1423867  6.1244187 11.628192  19.884197 ],[ 1.0003747  3.5446582  8.393985  16.414179 ],[8.123366 8.123127 8.119253 8.110972],[0.62949026 0.63270617 0.63704413 0.6425379 ],[8.130689 8.134304 8.138219 8.142409],[0.6257091 0.6282687 0.6312905 0.6347323]
DDK8,A,2e-07,6,True,False,TDD,vanilla,20,[0.01489538 0.02886874 0.05468425 0.0903334 ],[0.0067797  0.01437486 0.03032321 0.05697694],[ 3.3878818  6.671843  12.892237  21.973042 ],[ 0.8848824  3.0144055  7.490666  16.049116 ],[8.267148 8.264389 8.255765 8.239889],[0.60517573 0.6240577  0.6480629  0.6783184 ],[8.274826 8.279523 8.284403 8.289545],[0.6015826  0.61828643 0.63822275 0.6610321 ]
DDK8,A,2e-07,9,True,False,TDD,vanilla,20,[0.01961123 0.04110478 0.07746596 0.12641047],[0.01047733 0.02700781 0.05726131 0.09592067],[ 4.015498  8.030657 15.274209 26.200642],[ 1.2350886  3.545936   9.081721  18.467186 ],[8.202039 8.198285 8.18329  8.158495],[0.6770297  0.70035547 0.730315   0.7649568 ],[8.212872 8.222125 8.22945  8.234579],[0.6716166  0.6904289  0.7124399  0.73767006]
DDK8,A,2e-07,12,True,False,TDD,vanilla,20,[0.02844877 0.06032001 0.10899779 0.1800907 ],[0.01875014 0.0431845  0.0826559  0.13947293],[ 5.097171 10.040586 18.481667 32.97745 ],[ 2.0891073  5.2090793 13.058932  27.252512 ],[8.101061 8.058511 8.006338 7.93699 ],[0.7339407  0.78020763 0.8339194  0.8994816 ],[8.118894 8.099322 8.080267 8.061373],[0.72288525 0.7593847  0.79724795 0.8372211 ]
DDK8,A,2e-07,15,True,False,TDD,vanilla,20,[0.03794874 0.08332423 0.15240455 0.25176245],[0.02310594 0.05913347 0.10916862 0.16777575],[ 6.137555  12.7453785 25.92823   47.89894  ],[ 2.787296   6.9525776 19.784042  41.737873 ],[7.935702  7.895739  7.8459816 7.755257 ],[0.8253837  0.88418365 0.94559866 1.0304701 ],[7.960368 7.953955 7.952423 7.9545  ],[0.8137213 0.856927  0.8997762 0.942242 ]
DDK8,A,2e-07,18,True,False,TDD,vanilla,20,[0.03906703 0.08517484 0.1714876  0.30900782],[0.02535501 0.06040011 0.12724124 0.24042258],[ 7.0634565 14.943268  31.361862  57.68661  ],[ 2.9873648  7.8557816 22.520182  43.247578 ],[8.100497  8.045974  7.965746  7.8217373],[0.82521194 0.8840707  0.96448874 1.0862088 ],[8.126295 8.107923 8.089695 8.074124],[0.8090824  0.8441579  0.88169974 0.92264533]
DDK8,A,2e-07,21,True,False,TDD,vanilla,20,[0.05355333 0.1180919  0.23488645 0.3934043 ],[0.04241531 0.10036533 0.22440968 0.30588543],[ 8.544798 18.76972  42.316753 75.71984 ],[ 3.493074 10.104225 25.062199 49.603977],[8.075864 8.024579 7.934322 7.736976],[0.869805  0.9237784 1.0043586 1.1684322],[8.111541 8.108097 8.098149 8.079145],[0.84507656 0.87269056 0.9155379  0.9743686 ]
DDK8,A,2e-07,24,True,False,TDD,vanilla,20,[0.05852688 0.12701707 0.24894129 0.43246853],[0.05059969 0.11383354 0.19935526 0.3596677 ],[ 9.332484 20.78576  47.355732 87.84615 ],[ 3.835657 12.358984 33.44567  63.721474],[8.060742  7.9759955 7.8416405 7.5998974],[0.86128396 0.97639745 1.1159239  1.3449103 ],[8.102798 8.079458 8.073869 8.082761],[0.8285165 0.893055  0.9226012 0.9377865]
DDK8,A,2e-07,27,True,False,TDD,vanilla,20,[0.05492307 0.1359296  0.26958585 0.4742186 ],[0.04325708 0.12102398 0.21195196 0.35095572],[  9.318927  24.407322  54.209095 101.38144 ],[  4.0736094  20.619661   57.107998  105.3734   ],[8.071711  7.979741  7.7999244 7.5161824],[0.8115731 0.9017724 1.0541179 1.2618276],[8.11104  8.084653 8.048851 8.015041],[0.78864    0.83198315 0.884727   0.9329143 ]
DDK8,A,2e-07,33,True,False,TDD,vanilla,20,[0.07941423 0.2118945  0.42515746 0.66247344],[0.06323735 0.18385269 0.3175365  0.40461025],[ 14.209459  42.660645  99.67581  159.5647  ],[  8.392044  37.891983  89.19405  137.49019 ],[8.164412 8.059369 7.801676 7.280116],[0.8414194 0.9302408 1.0867492 1.4268361],[8.216682  8.2085085 8.163704  8.084707 ],[0.8136454 0.8615523 0.9495743 1.0525955]
DDK8,A,2e-07,36,True,False,TDD,vanilla,20,[0.09919806 0.2662377  0.52863264 0.8198338 ],[0.09818989 0.27948678 0.53044796 0.6072747 ],[ 14.996172  45.215473 104.48083  181.89395 ],[  9.162787  37.867786  90.91488  144.94193 ],[8.007281  7.8404365 7.5105567 7.1453114],[0.87865883 1.0161788  1.3349887  1.5397178 ],[8.077505 8.06925  8.089985 8.128924],[0.82759804 0.8323908  0.8334932  0.87066954]
DDK8,A,2e-07,42,True,False,TDD,vanilla,20,[0.12877521 0.35146686 0.64354515 0.9003735 ],[0.12069507 0.40037164 0.50180155 0.59806025],[ 18.849712  56.717377 122.69028  194.38297 ],[ 15.171677  64.62775  124.67343  184.56677 ],[7.835987 7.583768 7.169009 6.760237],[1.0202641 1.2527478 1.4172655 1.5575736],[7.927911  7.910005  7.917583  7.9121513],[0.96075475 0.9710648  0.9386558  0.9704687 ]
DDK8,A,4e-07,3,True,False,TDD,vanilla,20,[0.0152877  0.02244237 0.03532957 0.05410736],[0.00427554 0.00799692 0.01702224 0.03315805],[ 4.362155   6.3202834  9.714618  14.882538 ],[ 1.2226747  2.4061072  4.9589715 10.20056  ],[8.129973 8.124038 8.1154   8.102716],[0.34185952 0.3506018  0.360874   0.37254834],[8.140506 8.137633 8.134504 8.131127],[0.34248444 0.35056454 0.35972664 0.36985973]
DDK8,A,4e-07,6,True,False,TDD,vanilla,20,[0.01934027 0.03086944 0.05255045 0.08257597],[0.00690167 0.01210267 0.0258399  0.04682182],[ 5.2753534  8.05705   13.210333  20.807005 ],[ 1.6897086  2.5848885  5.2260036 10.853413 ],[8.163768 8.158093 8.14535  8.124992],[0.39064217 0.42208055 0.45760784 0.49647883],[8.176272 8.178738 8.180604 8.181811],[0.39123917 0.4205529  0.45303023 0.4878832 ]
DDK8,A,4e-07,9,True,False,TDD,vanilla,20,[0.02170938 0.03717657 0.06472691 0.10384931],[0.00721609 0.01554876 0.0371383  0.07149025],[ 5.911291  9.426051 15.587569 24.75843 ],[ 2.1337855  3.3559585  6.633221  12.862237 ],[8.168794 8.154896 8.132396 8.10236 ],[0.47432965 0.51304066 0.5567893  0.60475844],[8.184002 8.182483 8.180069 8.177103],[0.4719663  0.5057804  0.54053843 0.5759417 ]
DDK8,A,4e-07,12,True,False,TDD,vanilla,20,[0.02752275 0.04770737 0.080026   0.13200717],[0.0121335  0.02544908 0.05127437 0.08091582],[ 7.0278845 11.555039  18.79979   32.74383  ],[ 2.547225   4.4731927  8.563121  17.070015 ],[8.134317 8.115611 8.088202 8.042862],[0.57720506 0.62909144 0.6840548  0.7426751 ],[8.15235  8.154115 8.15547  8.156445],[0.5726108  0.6156969  0.65478444 0.68982166]
DDK8,A,4e-07,15,True,False,TDD,vanilla,20,[0.03304128 0.0618255  0.10631976 0.18791118],[0.01453033 0.03086238 0.05731417 0.09681143],[ 7.862414 14.449754 25.47249  47.18086 ],[ 3.8122845  7.709442  17.153994  35.9204   ],[8.043096  8.024864  7.997847  7.9320226],[0.5762149  0.6252057  0.68464285 0.7592143 ],[8.066401 8.071935 8.077987 8.082911],[0.5711157  0.6151953  0.66565377 0.7195561 ]
DDK8,A,4e-07,18,True,False,TDD,vanilla,20,[0.04079085 0.08201844 0.14900574 0.25220993],[0.02199403 0.06110575 0.09846842 0.1407911 ],[ 9.258264 18.718002 37.55098  69.86584 ],[ 3.314842  9.94916  26.283186 49.232925],[8.064742  8.064756  8.0462265 7.97408  ],[0.63177514 0.7002905  0.7892427  0.9039052 ],[8.09442  8.127554 8.160606 8.190095],[0.6232103  0.6795312  0.74975705 0.8271956 ]
DDK8,A,4e-07,21,True,False,TDD,vanilla,20,[0.04619722 0.09241963 0.17714131 0.2925462 ],[0.0280636  0.06343025 0.12155928 0.1758068 ],[ 9.719198 19.129538 41.216305 76.22056 ],[ 3.9207587  9.695256  32.088676  63.524147 ],[7.988294  7.9898424 7.9525385 7.8370433],[0.68954045 0.75286156 0.84729546 0.9663831 ],[8.028134 8.068816 8.101429 8.12289 ],[0.67326814 0.7159541  0.7663214  0.81699765]
DDK8,A,4e-07,24,True,False,TDD,vanilla,20,[0.05460408 0.11833592 0.24137115 0.41016307],[0.0395956  0.08054006 0.15654323 0.2541238 ],[10.115227 20.992842 45.281284 81.03942 ],[ 4.328353 11.670648 31.451183 60.708565],[7.885985  7.7880125 7.634465  7.3914876],[0.76358896 0.86422586 0.99483025 1.185076  ],[7.927203  7.8822603 7.847619  7.832544 ],[0.74526685 0.8172085  0.8804765  0.9221472 ]
DDK8,A,4e-07,27,True,False,TDD,vanilla,20,[0.06036514 0.14092313 0.2737184  0.45784295],[0.0416527 0.1250717 0.2314059 0.3156456],[ 11.953196  28.56704   62.45703  114.036995],[  6.089193  25.081472  60.849617 108.851204],[7.938521 7.866739 7.727585 7.483216],[0.733133   0.81059223 0.91780174 1.0668947 ],[7.9919696 7.989279  7.998762  8.014314 ],[0.70994437 0.749423   0.7883426  0.81563747]
DDK8,A,4e-07,33,True,False,TDD,vanilla,20,[0.08509083 0.22843906 0.46284705 0.62724286],[0.08412097 0.20956184 0.52935404 0.39127883],[ 14.923932  42.052578  93.22502  150.2828  ],[  7.459043  35.74279   81.70761  123.504616],[7.932443  7.782797  7.4992247 7.132702 ],[0.73618424 0.8708112  1.1656706  1.3438698 ],[7.995203  7.9802413 7.973531  7.9859047],[0.70891154 0.7746805  0.8564755  0.92781574]
DDK8,A,4e-07,36,True,False,TDD,vanilla,20,[0.07043435 0.17703113 0.3685197  0.6198347 ],[0.04290289 0.1156861  0.2355714  0.36482403],[ 15.056903  38.76377   86.62215  146.28896 ],[  6.0696273  24.703403   60.986057  105.58674  ],[8.048847  7.933555  7.6517982 7.159508 ],[0.8628004 0.9164195 1.0642613 1.2990985],[8.108352 8.090845 8.035079 7.95603 ],[0.8385771  0.8493455  0.87210375 0.9073687 ]
DDK8,A,4e-07,42,True,False,TDD,vanilla,20,[0.12447181 0.32404324 0.5727466  0.8077088 ],[0.11933716 0.21380068 0.31473246 0.3804141 ],[ 20.946983  71.22487  153.46036  236.65129 ],[ 11.720789  55.28011  126.246445 170.73248 ],[7.823595  7.7087035 7.41521   6.9411244],[0.86353976 0.9400178  1.0604776  1.413866  ],[7.9211125 8.026638  8.094642  8.118456 ],[0.81548744 0.8076006  0.8508136  0.89531356]
DDK8,C,5e-08,3,True,False,TDD,vanilla,20,[0.01421762 0.02881579 0.05479111 0.09553473],[0.00503639 0.01465487 0.03097934 0.05658891],[ 3.355321   6.9158063 12.822889  22.83893  ],[ 1.2970393  4.04143    8.029443  15.121052 ],[8.320634 8.31432  8.301812 8.27934 ],[0.19931646 0.20995818 0.22275004 0.23741977],[8.326575 8.326315 8.326018 8.325577],[0.19877578 0.20899162 0.22026956 0.2324996 ]
DDK8,C,5e-08,6,True,False,TDD,vanilla,20,[0.01880761 0.04502323 0.09525398 0.1654482 ],[0.00789891 0.03018334 0.06966671 0.11896463],[ 3.7260766  8.757225  18.874363  35.199615 ],[ 1.3115882  5.000542  13.885383  29.951532 ],[8.2207985 8.1976595 8.157173  8.089743 ],[0.30068913 0.32384697 0.3511051  0.38856933],[8.230418 8.22319  8.218066 8.215206],[0.29918042 0.32049295 0.3425427  0.3658508 ]
DDK8,C,5e-08,9,True,False,TDD,vanilla,20,[0.02681669 0.08498052 0.1672449  0.27217275],[0.01535383 0.10219742 0.14462706 0.19425634],[ 4.99972  13.717494 32.212486 58.830322],[ 2.0990932  9.438089  25.611494  47.718964 ],[8.239799 8.206585 8.131786 8.008373],[0.39747062 0.44399247 0.50366735 0.5807342 ],[8.254384 8.254124 8.254158 8.25498 ],[0.39488202 0.43240994 0.46764877 0.49863467]
DDK8,C,5e-08,12,True,False,TDD,vanilla,20,[0.03773201 0.10884949 0.22269604 0.35867822],[0.03417938 0.09218238 0.18100928 0.2472518 ],[ 6.725978 21.293098 48.792713 84.50491 ],[ 3.5862138 16.946749  42.04269   68.661125 ],[8.268133 8.201205 8.069004 7.857309],[0.40730342 0.44239146 0.52290684 0.6682517 ],[8.288876  8.277489  8.269999  8.2660885],[0.40042427 0.41886386 0.44892526 0.4908567 ]
DDK8,C,5e-08,15,True,False,TDD,vanilla,20,[0.05328589 0.17319106 0.33890054 0.46935368],[0.04381593 0.16314818 0.2864181  0.31998014],[  9.298611  33.40939   72.355255 117.292854],[ 7.4925666 32.25589   64.56889   94.50636  ],[8.255292  8.17239   7.9809704 7.6903453],[0.4065227  0.4696381  0.65901107 1.0221562 ],[8.284434 8.291013 8.302465 8.324361],[0.4031638  0.44232005 0.4866336  0.5346952 ]
DDK8,C,5e-08,18,True,False,TDD,vanilla,20,[0.11764033 0.32452053 0.53944427 0.68481886],[0.13694644 0.29466856 0.41900846 0.38959983],[ 16.149307  59.184044 111.24585  156.76553 ],[ 12.601492  50.107796  85.00082  105.494896],[8.132279  7.902162  7.4825325 7.0427217],[0.5685218 0.7541449 1.1348114 1.279617 ],[8.200162 8.199213 8.199512 8.190836],[0.5350562  0.57275265 0.58666337 0.60950494]
DDK8,C,5e-08,21,True,False,TDD,vanilla,20,[0.11985142 0.34813565 0.5393203  0.7280082 ],[0.11032963 0.307368   0.36848056 0.38456243],[ 20.005861  68.66793  122.3093   174.9668  ],[ 17.167513  65.46692   96.919846 116.624664],[8.19203   7.910867  7.5390096 7.025633 ],[0.52584326 0.8154272  1.1024436  1.4452116 ],[8.273708 8.270968 8.278294 8.289778],[0.4893335 0.5536807 0.6028044 0.6329883]
DDK8,C,5e-08,24,True,False,TDD,vanilla,20,[0.1538185  0.4004466  0.60091764 0.7315624 ],[0.15520753 0.3334566  0.42732707 0.3798452 ],[ 25.624872  78.676384 130.70708  177.9562  ],[ 24.606012  66.83196   93.5983   118.074   ],[8.119885  7.7503343 7.3847127 6.9230957],[0.60850275 0.99126214 1.1596346  1.5360624 ],[8.232507 8.229933 8.229175 8.226252],[0.56549513 0.60039735 0.6194327  0.6659933 ]
DDK8,C,5e-08,27,True,False,TDD,vanilla,20,[0.23432945 0.4853942  0.71045995 0.8686024 ],[0.33585283 0.37397817 0.5174232  0.55630434],[ 32.27522  92.89606 143.89656 190.32414],[ 30.118443  76.6072    95.854675 107.31718 ],[7.999749  7.530003  7.0513735 6.60241  ],[0.69049376 1.1327273  1.421957   1.5963812 ],[8.173424 8.189116 8.193333 8.201783],[0.5681614  0.57618004 0.5760544  0.6105042 ]
DDK8,C,5e-08,33,True,False,TDD,vanilla,20,[0.30609637 0.6618707  0.8826364  0.99995065],[0.37274244 0.6252869  0.6297455  0.59028774],[ 50.33529 126.49343 185.43507 235.18211],[ 50.07899   97.635284 117.989586 142.39026 ],[7.9038806 7.2786617 6.8674345 6.3967977],[0.7073375 1.1975147 1.2277817 1.5291367],[8.163975 8.166744 8.197453 8.228497],[0.55520767 0.59197205 0.6344895  0.69245917]
DDK8,C,5e-08,36,True,False,TDD,vanilla,20,[0.48209408 0.9588176  1.0526129  1.2505051 ],[0.41527936 0.70112014 0.6183305  0.9268271 ],[ 80.19241 179.29668 226.58357 268.42548],[ 70.98006 128.0927  136.88797 147.20033],[7.7578945 6.888074  6.369801  6.0065093],[0.82259   1.4525278 1.4915266 1.5334316],[8.201372 8.212413 8.186459 8.202197],[0.5879251 0.6015146 0.5885965 0.6164567]
DDK8,C,5e-08,42,True,False,TDD,vanilla,20,[0.73188514 0.9327671  1.1159862  1.1444254 ],[1.1802034 0.7383271 0.6035594 0.5455016],[114.02599 169.4668  214.4516  259.20706],[115.51443 114.28995 119.52581 150.617  ],[7.289376  6.7196875 5.966342  5.5236692],[1.3620427 1.512286  1.8223441 1.8351902],[8.154698 8.128567 8.085518 8.078484],[0.6038881  0.6198292  0.71537834 0.8178851 ]
DDK8,C,2e-07,3,True,False,TDD,vanilla,20,[0.01322116 0.02295193 0.04117312 0.06884275],[0.00383338 0.01062975 0.02347979 0.04472084],[ 3.4335296  6.1201806 11.037766  18.65701  ],[ 0.9370818  2.8780582  6.296228  12.265987 ],[8.262034 8.255528 8.243141 8.222901],[0.16576535 0.17842145 0.19369094 0.21218985],[8.269406 8.268143 8.26673  8.265156],[0.16525045 0.17695566 0.18965855 0.20317249]
DDK8,C,2e-07,6,True,False,TDD,vanilla,20,[0.01543894 0.0314394  0.06577988 0.11951078],[0.00411387 0.01374188 0.0383903  0.07770988],[ 3.9710803  8.086765  17.021624  31.490967 ],[ 0.90579635  3.125317    9.242532   19.657228  ],[8.278506 8.259022 8.221855 8.160031],[0.24042457 0.26778248 0.30394512 0.3562456 ],[8.289013 8.28343  8.278104 8.273454],[0.23840481 0.2612574  0.2851649  0.3086477 ]
DDK8,C,2e-07,9,True,False,TDD,vanilla,20,[0.01982019 0.0461182  0.09871183 0.17978643],[0.00702871 0.02569832 0.06202051 0.11224817],[ 4.9286275 11.64964   25.746574  48.672794 ],[ 1.6246132  6.597927  18.008318  33.88641  ],[8.250578 8.228713 8.183342 8.10263 ],[0.30298713 0.3442374  0.39214566 0.45682657],[8.265249 8.267987 8.272074 8.276913],[0.30145794 0.33881113 0.3764504  0.4147206 ]
DDK8,C,2e-07,12,True,False,TDD,vanilla,20,[0.02664179 0.07985194 0.17433698 0.28372306],[0.01443377 0.0666424  0.1495283  0.19833007],[ 6.4492188 19.23034   43.833652  75.741066 ],[ 3.2091143 14.324177  34.812317  55.319096 ],[8.253676  8.198762  8.09194   7.9384656],[0.35227796 0.4158635  0.51073194 0.64284   ],[8.275466 8.271283 8.26691  8.262678],[0.34935436 0.39719546 0.44388452 0.48593506]
DDK8,C,2e-07,15,True,False,TDD,vanilla,20,[0.04097547 0.13230799 0.26289397 0.41168523],[0.02786242 0.10518096 0.18875322 0.24699427],[  9.6818495  32.355125   68.59401   112.75355  ],[ 6.98928  26.369452 52.192333 76.36844 ],[8.169343  8.066176  7.8693895 7.5707507],[0.45718086 0.52701694 0.67102367 0.8821355 ],[8.207965 8.210038 8.215867 8.224112],[0.45113933 0.4856871  0.5191998  0.54643935]
DDK8,C,2e-07,18,True,False,TDD,vanilla,20,[0.05542529 0.17491318 0.32118738 0.4637461 ],[0.04553843 0.14549862 0.219621   0.23781668],[ 13.00971   45.836548  91.03886  139.57721 ],[  9.825514  42.53279   81.340324 111.31538 ],[8.207593  8.064147  7.8154116 7.5227733],[0.5110097  0.62682474 0.8648402  1.0340025 ],[8.257838 8.261139 8.260707 8.264115],[0.49564663 0.5484521  0.60611343 0.6623807 ]
DDK8,C,2e-07,21,True,False,TDD,vanilla,20,[0.0702327  0.2165848  0.36913168 0.5108934 ],[0.06591214 0.2044682  0.26409578 0.2706677 ],[ 17.298317  58.696865 106.8479   153.84216 ],[ 17.239202  62.4789    93.858185 105.59959 ],[8.167075  7.9586096 7.6393538 7.287951 ],[0.5003204  0.69059795 0.9927559  1.199544  ],[8.236614 8.255446 8.269096 8.275333],[0.48349896 0.5265164  0.5651753  0.60599506]
DDK8,C,2e-07,24,True,False,TDD,vanilla,20,[0.10119612 0.30943924 0.49510247 0.6794865 ],[0.07854467 0.20903642 0.2624052  0.2716004 ],[ 22.732668  78.25583  132.07602  186.58015 ],[ 19.058481  62.368275  86.534325 102.30555 ],[8.032064  7.720293  7.3536744 6.7835917],[0.60416013 0.7807399  0.99907017 1.3440241 ],[8.131182 8.132619 8.148181 8.162027],[0.5804273  0.61564034 0.6213094  0.64173055]
DDK8,C,2e-07,27,True,False,TDD,vanilla,20,[0.10861501 0.3218677  0.5231932  0.67745376],[0.08095138 0.21757683 0.2852361  0.28066027],[ 25.298906  80.62023  134.57417  178.91873 ],[19.117418 62.09401  86.23091  96.95588 ],[8.047312  7.683844  7.200696  6.6728687],[0.58915657 0.8305089  1.1662987  1.3888326 ],[8.16426  8.148859 8.14116  8.125651],[0.5455145  0.57448643 0.5996173  0.65095395]
DDK8,C,2e-07,33,True,False,TDD,vanilla,20,[0.2001111  0.48923585 0.64723265 0.7830542 ],[0.18311079 0.35559532 0.3515448  0.30801776],[ 42.712128 114.107414 159.44211  209.39438 ],[ 36.566406  89.072266  94.39858  116.07085 ],[7.8953743 7.274237  6.925628  6.59683  ],[0.759182  1.1975354 1.373713  1.193634 ],[8.134128 8.123875 8.132454 8.157437],[0.62713987 0.62046474 0.62091714 0.6189508 ]
DDK8,C,2e-07,36,True,False,TDD,vanilla,20,[0.19640683 0.488677   0.6428989  0.79758805],[0.2210473  0.45679525 0.36836663 0.39218166],[ 46.561386 119.03834  167.25803  214.8158  ],[ 52.003746 100.749    101.404785 117.43434 ],[8.001589  7.456524  7.0007114 6.6294823],[0.6703129 1.1453515 1.3841792 1.3742075],[8.223166 8.203659 8.193959 8.197771],[0.5721486  0.62228054 0.6435787  0.6443599 ]
DDK8,C,2e-07,42,True,False,TDD,vanilla,20,[0.3178428 0.6086904 0.7768571 0.9695672],[0.38253465 0.42461076 0.33556998 0.4525007 ],[ 77.4189  150.69432 210.1274  270.099  ],[126.4023  101.58263 117.21829 150.72948],[7.729788 7.141327 6.634436 6.260262],[1.0919206 1.4668539 1.3969432 1.2092177],[8.202137 8.208331 8.213117 8.186108],[0.62006235 0.64596266 0.66607225 0.7035478 ]
DDK8,C,4e-07,3,True,False,TDD,vanilla,20,[0.01503663 0.02460207 0.04231439 0.0689045 ],[0.00397331 0.01196518 0.02660862 0.05166448],[ 4.2752266  7.098489  12.20763   20.029545 ],[ 1.2583065  3.643096   7.9522285 15.369217 ],[8.306621  8.303342  8.2936735 8.275723 ],[0.18276127 0.1968248  0.21337293 0.23515922],[8.31983  8.321709 8.323363 8.324781],[0.1824369  0.19586535 0.21045375 0.22601187]
DDK8,C,4e-07,6,True,False,TDD,vanilla,20,[0.01732292 0.0298942  0.05481079 0.09685057],[0.00433024 0.01030828 0.02476066 0.05244634],[ 4.640671  8.062281 14.908289 26.771614],[ 1.3365924  3.125837   7.527482  16.543756 ],[8.242993 8.234106 8.215085 8.180684],[0.26591384 0.28622404 0.30831826 0.33478916],[8.259438 8.260148 8.261916 8.265042],[0.26467186 0.2839932  0.30338576 0.3230583 ]
DDK8,C,4e-07,9,True,False,TDD,vanilla,20,[0.02071588 0.03973586 0.07879549 0.14313547],[0.00566275 0.01816977 0.04616378 0.08959295],[ 5.4461737 10.309322  20.738188  38.51671  ],[ 1.5588202  4.7538843 13.301106  27.344593 ],[8.279369 8.253222 8.207324 8.132611],[0.33984926 0.38243854 0.43094188 0.49082258],[8.299542  8.2919655 8.284302  8.276176 ],[0.3363756  0.3739166  0.41209707 0.44999707]
DDK8,C,4e-07,12,True,False,TDD,vanilla,20,[0.02687789 0.06257985 0.12970926 0.22459382],[0.01030312 0.04012969 0.08931165 0.14131127],[ 6.887153 15.864591 33.72233  60.191387],[ 2.582789 10.214675 24.94668  44.23637 ],[8.227071 8.186403 8.102986 7.974428],[0.3702756  0.41451666 0.47522    0.563196  ],[8.254019 8.249561 8.239468 8.22615 ],[0.36668321 0.40296978 0.44160876 0.48203832]
DDK8,C,4e-07,15,True,False,TDD,vanilla,20,[0.03521342 0.09627983 0.1943384  0.31304455],[0.01733067 0.06509931 0.12987104 0.18500078],[ 9.313131 26.07199  55.239994 93.31658 ],[ 4.429047 17.843817 40.326553 66.49308 ],[8.262309 8.201976 8.094031 7.923091],[0.37128386 0.4387388  0.5357872  0.6646624 ],[8.300738 8.310435 8.318503 8.321449],[0.36233523 0.4033232  0.448278   0.4995451 ]
DDK8,C,4e-07,18,True,False,TDD,vanilla,20,[0.04784497 0.1441497  0.2699796  0.41522732],[0.0317433  0.11778529 0.1942339  0.23717737],[ 11.982041  37.24056   74.55148  121.93737 ],[ 7.0089965 28.076845  53.35633   81.32799  ],[8.19597   8.093105  7.920716  7.6660194],[0.5262932  0.6367836  0.81664735 1.0369155 ],[8.245845 8.256775 8.268593 8.282536],[0.5129303  0.5608195  0.60647964 0.64250934]
DDK8,C,4e-07,21,True,False,TDD,vanilla,20,[0.06734896 0.20260581 0.35925406 0.50561076],[0.05339704 0.15900625 0.22143976 0.25604984],[ 15.942665  51.968746  99.92042  149.40617 ],[11.626869 43.274094 71.182434 96.27874 ],[8.136228  7.9812245 7.743448  7.3749022],[0.51145655 0.6138587  0.80771285 1.1632823 ],[8.208268 8.233376 8.263854 8.301309],[0.48909435 0.49843127 0.5081799  0.52443814]
DDK8,C,4e-07,24,True,False,TDD,vanilla,20,[0.07579871 0.23188522 0.3946007  0.54717517],[0.05162019 0.17205511 0.2410867  0.25020248],[ 18.89218   61.053055 108.13516  154.23917 ],[ 14.113474  54.100475  82.93994  100.2702  ],[8.145257  7.929575  7.5866027 7.198363 ],[0.51642394 0.6313847  0.9108096  1.1434717 ],[8.224326 8.216809 8.205311 8.196901],[0.5019927  0.53854054 0.5763094  0.6127203 ]
DDK8,C,4e-07,27,True,False,TDD,vanilla,20,[0.09107696 0.24723953 0.3962778  0.56289893],[0.06880129 0.18016079 0.219418   0.23852403],[ 23.999985  66.78914  109.25789  158.43332 ],[24.003227 60.39071  78.39263  96.25061 ],[8.109317  7.8739076 7.633585  7.241237 ],[0.53739    0.68841165 0.8323338  1.0616525 ],[8.212278 8.205426 8.209401 8.201062],[0.52702165 0.5741107  0.6127436  0.64407486]
DDK8,C,4e-07,33,True,False,TDD,vanilla,20,[0.1415979  0.33323708 0.49059734 0.6321671 ],[0.11724024 0.23963565 0.26849046 0.26318565],[ 33.3565   83.50813 125.93484 168.1646 ],[27.438755 63.69865  77.62862  92.964645],[8.018068  7.6956267 7.4065723 7.0272503],[0.72271615 0.9797843  1.128762   1.3631666 ],[8.183739 8.192224 8.175432 8.147135],[0.6432265  0.66101295 0.6978664  0.7402622 ]
DDK8,C,4e-07,36,True,False,TDD,vanilla,20,[0.16948345 0.40286717 0.60306346 0.71151805],[0.14520997 0.26159757 0.32161975 0.29888406],[ 42.377148 108.18894  165.30118  204.55302 ],[ 33.85005  72.49281  93.5715  109.32824],[8.066075  7.633056  7.1018605 6.7772694],[0.7092438 1.0610204 1.4429823 1.5613196],[8.265757  8.2690735 8.257155  8.252183 ],[0.6276491  0.67769957 0.705928   0.7128718 ]
DDK8,C,4e-07,42,True,False,TDD,vanilla,20,[0.22066888 0.48240212 0.6725763  0.8274915 ],[0.19339794 0.30513138 0.3396944  0.25283146],[ 56.48827 128.46138 180.22742 233.22517],[ 60.98511 103.1552  105.16508 108.70276],[7.9189744 7.4580054 7.0063233 6.482745 ],[0.68949974 0.9339391  1.2782329  1.3060813 ],[8.192731 8.206451 8.21126  8.215601],[0.59920657 0.60754186 0.64400005 0.6513544 ]
DDK8,D,5e-08,3,True,False,TDD,vanilla,20,[0.00421637 0.01253447 0.02641363 0.04636652],[0.00275968 0.00992381 0.02137868 0.04042219],[ 1.2399416  3.7120657  7.8068066 13.727289 ],[ 0.7838888  2.8615067  6.1587877 11.707671 ],[8.297617 8.294507 8.289631 8.283289],[0.07506772 0.08070208 0.08714622 0.09408257],[8.299658 8.29858  8.297538 8.29653 ],[0.07468852 0.07996947 0.08556426 0.0913942 ]
DDK8,D,5e-08,6,True,False,TDD,vanilla,20,[0.00449191 0.01286033 0.02664563 0.04662858],[0.00252455 0.0101954  0.02209703 0.04232879],[ 1.3419325  3.8644943  8.006872  13.996133 ],[ 0.78368115  3.188736    6.8857875  13.171928  ],[8.308963 8.305134 8.298577 8.288126],[0.12030098 0.1327792  0.14619437 0.16192998],[8.311767 8.311415 8.310966 8.310436],[0.12025459 0.13231722 0.14488111 0.15781623]
DDK8,D,5e-08,9,True,False,TDD,vanilla,20,[0.00434322 0.01293851 0.02641209 0.04826791],[0.00192334 0.00833905 0.01879358 0.03577552],[ 1.2770178  3.7950027  7.7042723 14.055683 ],[ 0.5435391  2.3693488  5.3062434 10.11576  ],[8.294126 8.284576 8.2711   8.25213 ],[0.13251096 0.15388802 0.17801948 0.20519684],[8.297676 8.293371 8.288761 8.283954],[0.1321482  0.15266456 0.17479543 0.19807528]
DDK8,D,5e-08,12,True,False,TDD,vanilla,20,[0.00625844 0.01631917 0.03171927 0.05863564],[0.00368146 0.0094094  0.02195008 0.03962664],[ 1.8138566  4.7521815  9.252404  17.199059 ],[ 1.0759753  2.6358256  6.2846503 11.930581 ],[8.277399 8.266714 8.250827 8.230042],[0.18758191 0.21267931 0.23946095 0.2679623 ],[8.282729 8.280233 8.277586 8.274747],[0.18684064 0.21076299 0.2355141  0.26066127]
DDK8,D,5e-08,15,True,False,TDD,vanilla,20,[0.00845445 0.02153379 0.04560872 0.07802096],[0.00611831 0.01558201 0.03488361 0.05911948],[ 2.3687017  6.1317797 13.088959  22.657375 ],[ 1.55191    4.2520714  9.977377  17.43741  ],[8.262941 8.250835 8.233116 8.210823],[0.2105144  0.23018046 0.25047588 0.27134615],[8.270022 8.268729 8.268344 8.268918],[0.2086949  0.22577141 0.24269079 0.25992864]
DDK8,D,5e-08,18,True,False,TDD,vanilla,20,[0.01049243 0.02740295 0.0536086  0.09851635],[0.00660755 0.01890972 0.04000438 0.07420403],[ 2.9967527  7.8244414 15.177046  28.085909 ],[ 1.8111663  5.349199  10.98379   21.24327  ],[8.258047  8.230518  8.1982765 8.161344 ],[0.23673059 0.2680697  0.30196097 0.33372667],[8.267819  8.256482  8.2475815 8.242658 ],[0.2351493 0.2640463 0.2919402 0.3160511]
DDK8,D,5e-08,21,True,False,TDD,vanilla,20,[0.01258755 0.03163186 0.06360557 0.10518244],[0.00830672 0.0216799  0.0458728  0.077943  ],[ 3.6717594  9.309912  18.824202  31.585072 ],[ 2.5083122  6.911756  14.392711  26.02124  ],[8.266478 8.254527 8.236083 8.206819],[0.25276774 0.28679413 0.3302141  0.37831265],[8.27719   8.282884  8.2891655 8.295584 ],[0.25249338 0.2854534  0.32003936 0.35299757]
DDK8,D,5e-08,24,True,False,TDD,vanilla,20,[0.01262653 0.03302168 0.07056821 0.10300307],[0.00777886 0.01993269 0.04579825 0.06773117],[ 3.651898  9.751874 20.662003 30.33576 ],[ 2.157043  6.335429 13.955385 21.520992],[8.268008 8.243877 8.208998 8.173351],[0.24820097 0.27758023 0.3125773  0.34486806],[8.280112  8.273623  8.264235  8.2512455],[0.24701582 0.27596948 0.30649292 0.3357034 ]
DDK8,D,5e-08,27,True,False,TDD,vanilla,20,[0.01575009 0.03860885 0.0723712  0.11555078],[0.01204731 0.03180154 0.05616395 0.09504486],[ 4.566869 10.914241 20.9682   33.27312 ],[ 3.738052  8.993129 16.15766  25.977634],[8.247017 8.225787 8.201044 8.172046],[0.29926598 0.32048312 0.3450639  0.38924628],[8.262777 8.265217 8.269065 8.273772],[0.2979555  0.3138878  0.33165452 0.3518799 ]
DDK8,D,5e-08,33,True,False,TDD,vanilla,20,[0.01936894 0.05205245 0.09171095 0.14988065],[0.01232262 0.03665487 0.05855604 0.09611158],[ 5.3778467 14.1758    25.71687   43.10313  ],[ 3.2413692  8.897671  16.275967  28.424711 ],[8.215906 8.183303 8.152135 8.11482 ],[0.31634727 0.33839664 0.35251534 0.36811087],[8.235228 8.229521 8.229554 8.238303],[0.31300098 0.32693157 0.3373971  0.34345612]
DDK8,D,5e-08,36,True,False,TDD,vanilla,20,[0.02358492 0.05335169 0.09875736 0.14434397],[0.01868727 0.03996614 0.06797672 0.09542635],[ 6.859968 15.897658 30.09458  44.659737],[ 4.866626 12.150889 22.00953  32.46952 ],[8.312571 8.286526 8.249591 8.20952 ],[0.28516886 0.30565113 0.32963318 0.35451776],[8.336734 8.337908 8.336387 8.332141],[0.27704263 0.29162735 0.30735877 0.3248851 ]
DDK8,D,5e-08,42,True,False,TDD,vanilla,20,[0.03013102 0.07349921 0.141231   0.2039904 ],[0.0228121  0.0492536  0.09241102 0.13306059],[ 8.705567 21.746489 43.063496 63.41743 ],[ 6.294547 14.223795 28.652369 46.29926 ],[8.261833 8.255143 8.237841 8.184214],[0.30671242 0.3215153  0.34173694 0.3943902 ],[8.291798 8.319096 8.342037 8.351114],[0.29859725 0.30620685 0.31966177 0.34217647]
DDK8,D,2e-07,3,True,False,TDD,vanilla,20,[0.00631482 0.01478278 0.02896554 0.04933633],[0.00332404 0.01172029 0.02529913 0.04907586],[ 1.8830715  4.425333   8.68012   14.788435 ],[ 0.9731404  3.4889824  7.55254   14.681558 ],[8.299992 8.298407 8.294923 8.289579],[0.05569546 0.06322416 0.07164493 0.0813994 ],[8.30472  8.305355 8.306001 8.306659],[0.05492547 0.06174164 0.06871933 0.07579485]
DDK8,D,2e-07,6,True,False,TDD,vanilla,20,[0.00611043 0.01361492 0.02607818 0.04443209],[0.00243199 0.00798041 0.01740546 0.03432772],[ 1.8116925  4.0490303  7.744665  13.196223 ],[ 0.7013038  2.3302674  5.0883126 10.095894 ],[8.29966   8.294826  8.2870035 8.276472 ],[0.08421987 0.09594716 0.10855265 0.12229979],[8.304998 8.30393  8.302717 8.301365],[0.08359402 0.0947236  0.10591125 0.1170879 ]
DDK8,D,2e-07,9,True,False,TDD,vanilla,20,[0.00675975 0.0142868  0.02616734 0.04584406],[0.00297213 0.00974069 0.02130579 0.03977748],[ 1.9801155  4.211326   7.778598  13.774906 ],[ 0.7845472  2.7105048  6.084422  11.578316 ],[8.298695 8.294057 8.286207 8.27409 ],[0.12910679 0.14421959 0.15926912 0.1747984 ],[8.304958 8.305161 8.30541  8.30564 ],[0.12817776 0.14271183 0.15739685 0.17246187]
DDK8,D,2e-07,12,True,False,TDD,vanilla,20,[0.00744677 0.01528515 0.02702985 0.04724197],[0.00389162 0.00676924 0.01355703 0.02985621],[ 2.2113318  4.5467696  8.029098  14.141471 ],[1.1263397 1.9367499 3.887336  9.053588 ],[8.306332 8.299812 8.289597 8.275349],[0.14387286 0.16686209 0.19156246 0.21595713],[8.313007 8.312093 8.310837 8.309354],[0.14296053 0.16523613 0.1881396  0.2113783 ]
DDK8,D,2e-07,15,True,False,TDD,vanilla,20,[0.01029892 0.02010982 0.03951682 0.07279502],[0.00538959 0.00968641 0.02169925 0.04685392],[ 3.0388248  5.912825  11.771665  21.848845 ],[ 1.5989821  2.7131715  6.635423  14.660563 ],[8.284379 8.273876 8.258717 8.236406],[0.18788642 0.21106382 0.23526405 0.2595443 ],[8.293565  8.2920685 8.2905855 8.289156 ],[0.18703032 0.20940296 0.23131841 0.25235698]
DDK8,D,2e-07,18,True,False,TDD,vanilla,20,[0.01130807 0.023979   0.04480755 0.07512793],[0.00670542 0.01432977 0.02863741 0.0510884 ],[ 3.281077   6.9173956 13.236576  22.635948 ],[ 1.7968882  3.4552298  8.386166  15.978005 ],[8.295423 8.28914  8.277534 8.255996],[0.22255385 0.24412403 0.26568878 0.2877292 ],[8.305725 8.309488 8.312395 8.314784],[0.22037174 0.2390583  0.25812885 0.27720353]
DDK8,D,2e-07,21,True,False,TDD,vanilla,20,[0.01346429 0.02851856 0.05709236 0.09752155],[0.00757456 0.01583428 0.03630698 0.06627368],[ 3.8071115  8.080299  16.57127   28.159512 ],[ 1.9583445  3.9891074 10.545555  18.13565  ],[8.252429 8.243172 8.231407 8.208012],[0.24728228 0.27001286 0.2897232  0.32044423],[8.264703 8.267769 8.272947 8.279535],[0.24443386 0.26372743 0.2798239  0.2931526 ]
DDK8,D,2e-07,24,True,False,TDD,vanilla,20,[0.01522179 0.03356933 0.06525683 0.10920345],[0.00836568 0.01781077 0.04131022 0.06768035],[ 4.3547153  9.538945  18.701195  32.244633 ],[ 2.2781463  4.3850107 10.62973   20.442152 ],[8.263796 8.253502 8.240632 8.217262],[0.24482232 0.26386693 0.28562215 0.31063437],[8.277871 8.283131 8.289918 8.296556],[0.24175097 0.25661522 0.27360883 0.29408902]
DDK8,D,2e-07,27,True,False,TDD,vanilla,20,[0.01755079 0.0351805  0.06728211 0.10864037],[0.01043176 0.020995   0.03875422 0.0667309 ],[ 5.002969  9.944364 19.50303  32.006348],[ 2.9483073  5.44411   11.305704  21.017658 ],[8.237953 8.221883 8.202671 8.180815],[0.26773176 0.2919589  0.32435644 0.36405337],[8.2537155 8.252774  8.254282  8.257275 ],[0.26518136 0.28589198 0.31270012 0.34290448]
DDK8,D,2e-07,33,True,False,TDD,vanilla,20,[0.01953345 0.04401179 0.08641948 0.13036004],[0.01232699 0.02776364 0.07248408 0.10254969],[ 5.6868963 12.897693  25.70178   40.17645  ],[ 3.2731314  7.7373357 21.03363   34.442528 ],[8.276324 8.259594 8.23821  8.217417],[0.29644647 0.30231804 0.31820315 0.33274564],[8.294483 8.296839 8.303677 8.315007],[0.29260948 0.29500195 0.30127394 0.31653824]
DDK8,D,2e-07,36,True,False,TDD,vanilla,20,[0.02144366 0.04837632 0.09378461 0.1400236 ],[0.01277003 0.03094098 0.06494272 0.10117085],[ 6.050808  13.4969845 25.992298  39.591785 ],[ 3.4445124  8.358585  17.423931  29.726473 ],[8.233655 8.189253 8.140697 8.094469],[0.3117901  0.33867052 0.36882707 0.39545032],[8.254462  8.231821  8.213254  8.2022705],[0.30821246 0.33105987 0.3529215  0.36922216]
DDK8,D,2e-07,42,True,False,TDD,vanilla,20,[0.02899485 0.06729767 0.12166984 0.18651037],[0.01703885 0.04321378 0.0701901  0.10719518],[ 8.318077 19.559734 35.677067 55.989548],[ 4.665809 13.425507 22.123257 35.872967],[8.247885  8.2123375 8.16904   8.12741  ],[0.31827882 0.33745217 0.3538176  0.36926186],[8.275828 8.271634 8.268322 8.26755 ],[0.31351313 0.32876962 0.3366903  0.34487548]
DDK8,D,4e-07,3,True,False,TDD,vanilla,20,[0.00953809 0.01737408 0.0308031  0.04919456],[0.00389426 0.0110041  0.02312656 0.04341151],[ 2.8072312  5.1343865  9.112507  14.564432 ],[ 1.129097   3.2740169  6.911079  12.990712 ],[8.285462 8.27984  8.271769 8.262014],[0.05471892 0.06303895 0.07189977 0.08141181],[8.293405 8.290766 8.28805  8.285257],[0.05372701 0.06171242 0.06978194 0.07790729]
DDK8,D,4e-07,6,True,False,TDD,vanilla,20,[0.01028954 0.01804749 0.03073779 0.04896411],[0.00425845 0.01008529 0.02037224 0.038562  ],[ 3.0383766  5.364532   9.177823  14.714465 ],[ 1.2300116  2.990527   6.1138864 11.71755  ],[8.29328  8.290764 8.285909 8.27872 ],[0.09905911 0.11302099 0.12743855 0.14159949],[8.302427 8.303819 8.305447 8.30732 ],[0.09781612 0.11133109 0.12449647 0.1372722 ]
DDK8,D,4e-07,9,True,False,TDD,vanilla,20,[0.01083632 0.01761928 0.02790822 0.04245714],[0.00406364 0.00747346 0.01477437 0.0296313 ],[ 3.221186  5.258083  8.348819 12.799879],[1.1737801 2.1564908 4.2690544 8.81759  ],[8.300563 8.298811 8.295149 8.289019],[0.12437305 0.14341801 0.16309269 0.18270507],[8.310682 8.313534 8.316418 8.319339],[0.1229313  0.14134116 0.15957414 0.17754117]
DDK8,D,4e-07,12,True,False,TDD,vanilla,20,[0.01222719 0.02110521 0.03514632 0.05852286],[0.00540008 0.01004052 0.02143414 0.04158661],[ 3.6218622  6.269494  10.41297   17.443468 ],[ 1.5534902  2.7977517  5.8761935 11.66631  ],[8.3038   8.299339 8.291977 8.2788  ],[0.15702175 0.1785057  0.19992298 0.2217909 ],[8.314311 8.315415 8.316559 8.31765 ],[0.15571669 0.17662454 0.19755578 0.21827404]
DDK8,D,4e-07,15,True,False,TDD,vanilla,20,[0.01543238 0.02659041 0.04428928 0.06939974],[0.00821883 0.01467789 0.02752122 0.04842233],[ 4.617392  8.013859 13.405157 21.255564],[ 2.3512301  4.028178   7.5387874 14.151052 ],[8.3182535 8.314091  8.306918  8.293723 ],[0.17662531 0.19672824 0.21748568 0.2384434 ],[8.331775 8.336437 8.340626 8.344339],[0.17464425 0.1934692  0.21228619 0.23092636]
DDK8,D,4e-07,18,True,False,TDD,vanilla,20,[0.01594191 0.0264042  0.04629153 0.07365135],[0.00703535 0.01241132 0.02622778 0.04446253],[ 4.6463194  7.702359  13.449432  21.455482 ],[ 2.073631   3.7585385  7.4632993 13.545767 ],[8.272259 8.261308 8.246396 8.228542],[0.19121994 0.21170291 0.23521574 0.26330233],[8.286208 8.283078 8.280533 8.278921],[0.19004631 0.20961969 0.23211282 0.2563469 ]
DDK8,D,4e-07,21,True,False,TDD,vanilla,20,[0.01805068 0.03113738 0.05251254 0.08727999],[0.00856162 0.01390128 0.02603667 0.05381396],[ 5.334685  9.248743 15.766531 26.503523],[ 2.5326056  4.1571054  8.349238  18.96181  ],[8.300238 8.287603 8.269698 8.244616],[0.2098129  0.24913786 0.29232088 0.3362404 ],[8.315765 8.314188 8.310797 8.306976],[0.20739509 0.2451768  0.28654093 0.3257228 ]
DDK8,D,4e-07,24,True,False,TDD,vanilla,20,[0.01794236 0.03272719 0.06051245 0.09259927],[0.00942117 0.01614409 0.03575927 0.046911  ],[ 5.199942   9.4585495 17.768694  27.34983  ],[ 2.5984557  4.260406  10.321137  14.218235 ],[8.277714 8.265471 8.248002 8.225812],[0.24428843 0.27208477 0.302859   0.3360486 ],[8.2942295 8.294001  8.29249   8.29053  ],[0.24053971 0.2657455  0.29513124 0.32629207]
DDK8,D,4e-07,27,True,False,TDD,vanilla,20,[0.01951631 0.03748998 0.06428311 0.10933749],[0.01333097 0.02038099 0.03562838 0.06384855],[ 5.477277 10.787229 18.932716 32.375866],[ 2.389153   5.1903253 10.1259775 18.739826 ],[8.26675  8.25563  8.240659 8.206869],[0.252012   0.2643763  0.2806884  0.31398213],[8.284804 8.288184 8.289756 8.287945],[0.24599674 0.25614992 0.27404147 0.30254942]
DDK8,D,4e-07,33,True,False,TDD,vanilla,20,[0.02516884 0.04929003 0.08972635 0.1350974 ],[0.01207762 0.02851426 0.05764744 0.09229708],[ 7.2111735 14.066118  26.099403  39.324684 ],[ 3.3485136  7.9296255 16.76625   25.122591 ],[8.261013 8.245857 8.226918 8.205078],[0.2987229  0.32222214 0.35052365 0.37317473],[8.283479 8.285306 8.291762 8.302665],[0.29424185 0.31225926 0.32923257 0.3390499 ]
DDK8,D,4e-07,36,True,False,TDD,vanilla,20,[0.0277546  0.05453372 0.1002892  0.15611449],[0.01602358 0.03571193 0.06622405 0.11019222],[ 7.4783506 14.816364  28.245615  44.827793 ],[ 3.8299406  9.03128   17.71111   32.278297 ],[8.198172 8.184556 8.169959 8.143192],[0.3117883  0.34087527 0.37134752 0.39467502],[8.223469 8.229465 8.240253 8.252065],[0.30499366 0.32756943 0.34636486 0.3621993 ]
DDK8,D,4e-07,42,True,False,TDD,vanilla,20,[0.02746254 0.06213889 0.10722835 0.15610169],[0.01314152 0.03554239 0.0679334  0.08630744],[ 7.962935 17.829391 30.544096 45.38185 ],[ 3.4454744  9.552241  18.648216  27.15948  ],[8.269054 8.230129 8.182026 8.142148],[0.26529118 0.2949778  0.3214092  0.3396176 ],[8.293684 8.277752 8.263025 8.253034],[0.2600928  0.2811057  0.29591087 0.3149146 ]
DDK8,A,5e-08,3,True,False,TDD,vanilla,25,[0.01057259 0.02287381 0.04468847 0.07990064],[0.00423533 0.01320947 0.02884496 0.05924015],[ 2.6773205  5.708222  10.687283  18.95568  ],[ 1.2280567  3.7194529  7.4702597 14.348679 ],[8.231314 8.23139  8.228316 8.220819],[0.36600628 0.38118342 0.39844245 0.41748512],[8.233838 8.237641 8.241822 8.246357],[0.36562672 0.3805851  0.39700893 0.4147793 ]
DDK8,A,5e-08,6,True,False,TDD,vanilla,25,[0.01334583 0.03168539 0.06601383 0.11587897],[0.0065591  0.02036044 0.04780268 0.08733191],[ 3.1216495  6.7087464 13.537619  24.750748 ],[ 1.3781562  3.7103772  8.7787075 18.821772 ],[8.277991 8.272198 8.2584   8.234534],[0.44331202 0.48209167 0.5242188  0.5704261 ],[8.28204  8.2848   8.287399 8.290143],[0.44220755 0.47809482 0.5148415  0.55173457]
DDK8,A,5e-08,9,True,False,TDD,vanilla,25,[0.02048508 0.05846224 0.11985769 0.19378677],[0.01222987 0.05680328 0.10318287 0.17491993],[ 3.9802303  9.597917  19.281366  32.57     ],[ 1.7435772  5.714972  12.741039  23.014395 ],[8.224642  8.193912  8.1500025 8.094538 ],[0.5518835  0.6123492  0.68250114 0.76568264],[8.232175 8.218963 8.206256 8.19461 ],[0.5494946  0.6048245  0.66238713 0.7200331 ]
DDK8,A,5e-08,12,True,False,TDD,vanilla,25,[0.02778542 0.08258823 0.15148145 0.25285977],[0.02147171 0.0880051  0.1562269  0.2543963 ],[ 4.708189 12.843363 24.703886 45.47702 ],[ 2.3641093  7.980985  17.462435  34.06168  ],[8.159009 8.130154 8.091404 8.024012],[0.5720887  0.6485716  0.73122394 0.8225372 ],[8.1713705 8.169162  8.165635  8.1618185],[0.5680532  0.6353437  0.7046337  0.77285534]
DDK8,A,5e-08,15,True,False,TDD,vanilla,25,[0.03948487 0.09971478 0.19360738 0.3390267 ],[0.04002379 0.0909876  0.1823527  0.32825786],[ 6.865239 18.57989  38.09512  67.69008 ],[ 4.6748013 14.868631  34.601997  66.82003  ],[8.20946  8.170919 8.124081 8.031291],[0.7272401  0.8138407  0.90841806 1.0155109 ],[8.229278 8.228537 8.234898 8.246084],[0.716445   0.7802941  0.83712816 0.889672  ]
DDK8,A,5e-08,18,True,False,TDD,vanilla,25,[0.06489934 0.16995238 0.29704815 0.5433007 ],[0.08255988 0.249185   0.33606112 0.7053109 ],[ 7.846203 21.507273 44.30198  81.78308 ],[ 4.5353007 15.3918085 34.71513   68.610954 ],[8.136646  8.09039   8.02033   7.8703575],[0.83626986 0.9159221  1.0161666  1.17654   ],[8.165414 8.166351 8.164887 8.15692 ],[0.8150258 0.8670547 0.9366969 1.025056 ]
DDK8,A,5e-08,21,True,False,TDD,vanilla,25,[0.06402638 0.17262572 0.27918777 0.44189426],[0.06080842 0.24233855 0.25137922 0.33743706],[ 9.298853 25.084993 50.590405 92.028656],[ 6.208146 19.701933 40.114937 80.061844],[8.065722  7.9868703 7.8790693 7.6805434],[0.9113223 0.9835677 1.0725754 1.1999757],[8.097888  8.0776415 8.057297  8.0439825],[0.8918794  0.9238005  0.95249516 0.97904676]
DDK8,A,5e-08,24,True,False,TDD,vanilla,25,[0.06689101 0.16703683 0.33952028 0.48577377],[0.06064693 0.18284707 0.35243976 0.43589735],[ 11.306742  26.913267  62.441395 106.45483 ],[ 7.4732747 23.362907  58.70733   94.782906 ],[8.212865 8.142735 7.987235 7.746939],[0.79154354 0.86814636 1.0179011  1.2797502 ],[8.248478 8.227171 8.202078 8.1868  ],[0.7698817  0.82811874 0.88698286 0.9156224 ]
DDK8,A,5e-08,27,True,False,TDD,vanilla,25,[0.0835209  0.19841228 0.37880751 0.66586983],[0.08985629 0.19152927 0.3556502  0.6318651 ],[ 11.447035  31.502825  70.675735 126.346794],[  7.1083302  24.627935   62.299187  115.592865 ],[8.031022  7.940312  7.7739344 7.4606957],[0.8350026  0.92080593 1.0519431  1.2862582 ],[8.073305 8.057036 8.035699 8.017298],[0.81447893 0.87702554 0.95565355 1.0139018 ]
DDK8,A,5e-08,33,True,False,TDD,vanilla,25,[0.12805042 0.3106988  0.56835204 0.7624166 ],[0.13072416 0.3435655  0.559159   0.7300744 ],[ 16.900328  48.51082  111.71279  173.21252 ],[ 11.159309  44.185093 100.92754  155.11496 ],[8.121916  8.017499  7.7245593 7.2943244],[0.9829315 1.0689898 1.1942728 1.3665476],[8.180847  8.193614  8.203002  8.1704445],[0.9456215  0.95782167 0.92753166 0.9645922 ]
DDK8,A,5e-08,36,True,False,TDD,vanilla,25,[0.16020055 0.3796689  0.78494185 1.0209031 ],[0.21724056 0.40104237 0.9774183  1.1064421 ],[ 18.393692  52.867477 122.36656  188.23878 ],[ 11.896049  41.320232 100.994965 142.64694 ],[8.018169  7.8601336 7.436079  6.9737177],[0.8896133 1.0282487 1.4464772 1.7799723],[8.093336 8.087319 8.075918 8.088953],[0.84122604 0.8823591  0.96047276 0.99210644]
DDK8,A,5e-08,42,True,False,TDD,vanilla,25,[0.21338518 0.45176396 0.70153517 1.004414  ],[0.22349454 0.42995775 0.53046775 0.7420156 ],[ 23.356516  71.41719  138.84006  207.12242 ],[ 17.900255  58.470814 107.24747  159.10423 ],[7.714905 7.522507 7.211879 6.614679],[1.1309487 1.27369   1.3541785 1.6611959],[7.833758 7.885902 7.919857 7.917343],[1.0413706 1.023846  1.0217247 1.0423343]
DDK8,A,2e-07,3,True,False,TDD,vanilla,25,[0.01326671 0.02399214 0.04467031 0.07502681],[0.00519239 0.01108323 0.02515355 0.04889227],[ 3.0398142  6.0656447 11.661699  20.067421 ],[ 1.0270467  3.564146   8.412679  16.361654 ],[8.124145 8.124483 8.121335 8.114193],[0.6294083  0.6325442  0.63686776 0.64244187],[8.130689 8.134304 8.138219 8.142409],[0.6257091 0.6282687 0.6312905 0.6347323]
DDK8,A,2e-07,6,True,False,TDD,vanilla,25,[0.01392715 0.02759813 0.05351036 0.08992008],[0.006466   0.01393718 0.03007399 0.05753351],[ 3.2153702  6.460287  12.728423  22.077322 ],[ 0.87283206  3.0413353   7.6097007  16.479706  ],[8.268103 8.265846 8.257595 8.241835],[0.60496247 0.623653   0.6474784  0.6777029 ],[8.274826 8.279523 8.284403 8.289545],[0.6015826  0.61828643 0.63822275 0.6610321 ]
DDK8,A,2e-07,9,True,False,TDD,vanilla,25,[0.0183793  0.03948693 0.07635296 0.12578245],[0.0098589  0.02590941 0.05645743 0.09396622],[ 3.8233914  7.820858  15.177793  26.298313 ],[ 1.2292717  3.5258625  9.018343  18.311682 ],[8.203127 8.199673 8.184702 8.160273],[0.6767478  0.70002645 0.7303385  0.76531273],[8.212872 8.222125 8.22945  8.234579],[0.6716166  0.6904289  0.7124399  0.73767006]
DDK8,A,2e-07,12,True,False,TDD,vanilla,25,[0.02712696 0.0583976  0.10654461 0.17704543],[0.01809497 0.04114464 0.07951196 0.13424386],[ 4.8947845  9.788989  18.198545  32.73043  ],[ 2.1041496  5.0949907 12.8827915 27.1196   ],[8.102451 8.060371 8.008918 7.941386],[0.733309   0.77945274 0.83234537 0.89624923],[8.118894 8.099322 8.080267 8.061373],[0.72288525 0.7593847  0.79724795 0.8372211 ]
DDK8,A,2e-07,15,True,False,TDD,vanilla,25,[0.03677436 0.08174466 0.15038012 0.25030452],[0.02276207 0.05902063 0.10831319 0.1682052 ],[ 5.972621 12.480873 25.503391 47.46617 ],[ 2.835233   6.8733926 19.597279  41.493214 ],[7.936901  7.897224  7.8474717 7.757741 ],[0.8249995  0.88333833 0.9446457  1.0276808 ],[7.960368 7.953955 7.952423 7.9545  ],[0.8137213 0.856927  0.8997762 0.942242 ]
DDK8,A,2e-07,18,True,False,TDD,vanilla,25,[0.03805881 0.08420157 0.17110458 0.30906308],[0.02484024 0.06099318 0.13010933 0.24388343],[ 6.885371 14.626915 30.834885 56.99114 ],[ 2.958224  7.701266 22.128847 42.67162 ],[8.101563  8.04707   7.966443  7.8207073],[0.82492805 0.8845046  0.9662678  1.0925078 ],[8.126295 8.107923 8.089695 8.074124],[0.8090824  0.8441579  0.88169974 0.92264533]
DDK8,A,2e-07,21,True,False,TDD,vanilla,25,[0.05215025 0.11521441 0.23243289 0.39213946],[0.0426419  0.09941839 0.22879142 0.31179005],[ 8.32124  18.318108 41.61286  74.78981 ],[ 3.5011458 10.084578  24.84023   49.319744 ],[8.077444  8.027894  7.9392333 7.743214 ],[0.8689335 0.9213194 1.0015785 1.1668426],[8.111541 8.108097 8.098149 8.079145],[0.84507656 0.87269056 0.9155379  0.9743686 ]
DDK8,A,2e-07,24,True,False,TDD,vanilla,25,[0.05714156 0.12559827 0.24643768 0.43145558],[0.05032702 0.11287332 0.20085056 0.359258  ],[ 9.110752 20.428608 46.674335 86.96879 ],[ 3.8718529 12.407315  33.232468  63.357906 ],[8.062399  7.978492  7.8453045 7.6036525],[0.8600402 0.9742885 1.1145792 1.3487854],[8.102798 8.079458 8.073869 8.082761],[0.8285165 0.893055  0.9226012 0.9377865]
DDK8,A,2e-07,27,True,False,TDD,vanilla,25,[0.05371119 0.1333486  0.26641664 0.46889374],[0.04312943 0.12079526 0.21434069 0.34985185],[  9.106189  23.932798  53.469776 100.61055 ],[  4.047594  20.41539   56.758743 105.04687 ],[8.073059  7.9825416 7.804494  7.521706 ],[0.8109389  0.90022033 1.0514841  1.2596084 ],[8.11104  8.084653 8.048851 8.015041],[0.78864    0.83198315 0.884727   0.9329143 ]
DDK8,A,2e-07,33,True,False,TDD,vanilla,25,[0.0778975  0.20993601 0.42399216 0.6595968 ],[0.06235642 0.18462983 0.32273468 0.40377352],[ 13.948765  42.05324   98.93838  158.87823 ],[  8.408791  37.690613  88.93981  137.48508 ],[8.166006  8.062348  7.8075233 7.2880793],[0.84012514 0.92856675 1.0829244  1.4268674 ],[8.216682  8.2085085 8.163704  8.084707 ],[0.8136454 0.8615523 0.9495743 1.0525955]
DDK8,A,2e-07,36,True,False,TDD,vanilla,25,[0.09740342 0.26378822 0.52617437 0.8152482 ],[0.09703182 0.27901748 0.5333824  0.6082474 ],[ 14.679112  44.58295  103.601715 181.14996 ],[  9.134662  37.68896   90.83108  144.92918 ],[8.009272  7.843999  7.5182095 7.1524463],[0.8773397 1.0143789 1.3284184 1.5369785],[8.077505 8.06925  8.089985 8.128924],[0.82759804 0.8323908  0.8334932  0.87066954]
DDK8,A,2e-07,42,True,False,TDD,vanilla,25,[0.12732983 0.34933817 0.64265305 0.90029633],[0.12021196 0.40183374 0.5020026  0.60231036],[ 18.674328  56.302998 122.290504 193.71626 ],[ 15.498268  64.855995 125.88135  183.86168 ],[7.8377666 7.5865965 7.1721888 6.765317 ],[1.0193713 1.2513278 1.4143611 1.5572143],[7.927911  7.910005  7.917583  7.9121513],[0.96075475 0.9710648  0.9386558  0.9704687 ]
DDK8,A,4e-07,3,True,False,TDD,vanilla,25,[0.01493074 0.0223177  0.03582711 0.05609688],[0.00436221 0.00863543 0.01866699 0.03645239],[ 4.284619   6.289965   9.7983055 15.263637 ],[ 1.2263199  2.4765477  5.0707707 10.351459 ],[8.131073 8.125958 8.118305 8.107025],[0.34183174 0.35076404 0.36145258 0.37384835],[8.140506 8.137633 8.134504 8.131127],[0.34248444 0.35056454 0.35972664 0.36985973]
DDK8,A,4e-07,6,True,False,TDD,vanilla,25,[0.0182076  0.02915613 0.05088235 0.0815247 ],[0.00654869 0.01152117 0.02501865 0.04599364],[ 5.0614505  7.744321  12.975399  20.857954 ],[ 1.6728284  2.624738   5.341966  11.193087 ],[8.165145  8.160216  8.148018  8.1278305],[0.39035943 0.42163295 0.45700908 0.49576274],[8.176272 8.178738 8.180604 8.181811],[0.39123917 0.4205529  0.45303023 0.4878832 ]
DDK8,A,4e-07,9,True,False,TDD,vanilla,25,[0.02050035 0.03558593 0.06355173 0.10350148],[0.00692417 0.01543533 0.03790505 0.07320204],[ 5.6817126  9.114389  15.367409  24.761023 ],[ 2.138126   3.3878524  6.751069  13.209132 ],[8.170344 8.157266 8.135421 8.106196],[0.47368988 0.5120263  0.5553019  0.60230273],[8.184002 8.182483 8.180069 8.177103],[0.4719663  0.5057804  0.54053843 0.5759417 ]
DDK8,A,4e-07,12,True,False,TDD,vanilla,25,[0.02628844 0.04626866 0.07865062 0.13022181],[0.01173851 0.02570454 0.05298366 0.08299229],[ 6.8024845 11.2351265 18.383224  32.22202  ],[ 2.57072   4.554108  8.701233 17.379663],[8.135811 8.117631 8.090947 8.046807],[0.5766834 0.6285069 0.6835032 0.7423855],[8.15235  8.154115 8.15547  8.156445],[0.5726108  0.6156969  0.65478444 0.68982166]
DDK8,A,4e-07,15,True,False,TDD,vanilla,25,[0.03155962 0.05964525 0.10356567 0.18511336],[0.01378751 0.03026555 0.0577247  0.09836679],[ 7.6093163 14.038236  24.832241  46.48364  ],[ 3.7661853  7.67367   16.898193  35.99049  ],[8.044692 8.026976 8.000581 7.934851],[0.57546186 0.6242618  0.6838162  0.7589051 ],[8.066401 8.071935 8.077987 8.082911],[0.5711157  0.6151953  0.66565377 0.7195561 ]
DDK8,A,4e-07,18,True,False,TDD,vanilla,25,[0.03953402 0.07973361 0.14617412 0.24939618],[0.02123954 0.059329   0.09710343 0.14099835],[ 9.021375 18.252636 36.840622 69.054085],[ 3.3064325  9.82487   26.037563  48.938274 ],[8.066261 8.066933 8.048868 7.977704],[0.63120687 0.6998761  0.7889915  0.9036394 ],[8.09442  8.127554 8.160606 8.190095],[0.6232103  0.6795312  0.74975705 0.8271956 ]
DDK8,A,4e-07,21,True,False,TDD,vanilla,25,[0.04491313 0.08970889 0.17293616 0.2886808 ],[0.02792199 0.06272689 0.12016912 0.17474052],[ 9.469784 18.615788 40.327843 75.42534 ],[ 3.9621682  9.6915455 31.983837  63.223362 ],[7.989953  7.992739  7.9572325 7.8426776],[0.6888193  0.7510962  0.84397197 0.9622863 ],[8.028134 8.068816 8.101429 8.12289 ],[0.67326814 0.7159541  0.7663214  0.81699765]
DDK8,A,4e-07,24,True,False,TDD,vanilla,25,[0.05330129 0.11656269 0.23984957 0.40932515],[0.03956476 0.0806227  0.15619324 0.2516905 ],[ 9.89875  20.644987 44.78962  80.50622 ],[ 4.3334303 11.655927  31.25685   60.319714 ],[7.8874745 7.7902727 7.637186  7.394024 ],[0.7630194  0.8634729  0.99565464 1.1866598 ],[7.927203  7.8822603 7.847619  7.832544 ],[0.74526685 0.8172085  0.8804765  0.9221472 ]
DDK8,A,4e-07,27,True,False,TDD,vanilla,25,[0.05882166 0.13860786 0.27093682 0.45497623],[0.04067295 0.1240772  0.22942868 0.3131624 ],[ 11.6659155  28.107405   61.82029   113.418915 ],[  6.0466084  24.945503   60.67572   108.97027  ],[7.940344  7.8695307 7.732346  7.48844  ],[0.732211   0.80909705 0.9140463  1.0635202 ],[7.9919696 7.989279  7.998762  8.014314 ],[0.70994437 0.749423   0.7883426  0.81563747]
DDK8,A,4e-07,33,True,False,TDD,vanilla,25,[0.08366343 0.22718182 0.46189395 0.62416327],[0.08390222 0.21311021 0.54433423 0.39017725],[ 14.686551  41.526966  92.641525 149.65929 ],[  7.447686  35.598747  81.69045  123.56579 ],[7.9341407 7.786597  7.5042925 7.1423187],[0.73528194 0.8673095  1.1635513  1.3321967 ],[7.995203  7.9802413 7.973531  7.9859047],[0.70891154 0.7746805  0.8564755  0.92781574]
DDK8,A,4e-07,36,True,False,TDD,vanilla,25,[0.06863341 0.17338727 0.36410964 0.61511374],[0.04190776 0.11363361 0.23380059 0.35679117],[ 14.759435  38.10018   85.72444  145.39264 ],[  6.087395  24.632751  60.8005   105.054504],[8.050798  7.937855  7.6596913 7.167074 ],[0.8614632 0.9139538 1.0597688 1.2981375],[8.108352 8.090845 8.035079 7.95603 ],[0.8385771  0.8493455  0.87210375 0.9073687 ]
DDK8,A,4e-07,42,True,False,TDD,vanilla,25,[0.1221888  0.32117963 0.56896764 0.8026905 ],[0.11850775 0.21420419 0.3139034  0.37660643],[ 20.64188  70.64344 152.85434 235.85307],[ 11.704801  55.062202 126.055786 170.48334 ],[7.8258815 7.7130847 7.4225707 6.95262  ],[0.86198795 0.9383102  1.0593346  1.4168662 ],[7.9211125 8.026638  8.094642  8.118456 ],[0.81548744 0.8076006  0.8508136  0.89531356]
DDK8,C,5e-08,3,True,False,TDD,vanilla,25,[0.01325782 0.02722883 0.05220485 0.09148278],[0.00458951 0.01378778 0.02982966 0.05492472],[ 3.2214322  6.6807737 12.454211  22.254725 ],[ 1.2733086  3.9865034  7.9670725 15.096567 ],[8.3213005 8.315557  8.303977  8.28296  ],[0.19922732 0.20977083 0.222263   0.23637745],[8.326575 8.326315 8.326018 8.325577],[0.19877578 0.20899162 0.22026956 0.2324996 ]
DDK8,C,5e-08,6,True,False,TDD,vanilla,25,[0.01728555 0.04214051 0.09086746 0.16101654],[0.00720047 0.02851584 0.06585276 0.11652332],[ 3.5075092  8.311617  18.173647  34.428024 ],[ 1.2540046  4.8147326 13.61112   29.71994  ],[8.221727 8.199353 8.159686 8.09309 ],[0.30061638 0.32386857 0.3513739  0.3896094 ],[8.230418 8.22319  8.218066 8.215206],[0.29918042 0.32049295 0.3425427  0.3658508 ]
DDK8,C,5e-08,9,True,False,TDD,vanilla,25,[0.02520343 0.0826708  0.16593945 0.27120304],[0.01516146 0.1038993  0.1459191  0.19565533],[ 4.722442 13.223913 31.51653  58.04509 ],[ 2.0281806  9.2383175 25.462992  47.76313  ],[8.240963 8.208713 8.135193 8.013183],[0.39725474 0.44316885 0.50180346 0.5757518 ],[8.254384 8.254124 8.254158 8.25498 ],[0.39488202 0.43240994 0.46764877 0.49863467]
DDK8,C,5e-08,12,True,False,TDD,vanilla,25,[0.03538727 0.10579056 0.2188364  0.35418645],[0.03249186 0.09191515 0.18125188 0.24604379],[ 6.369915 20.6867   47.912754 83.391014],[ 3.5019994 16.80173   41.938423  68.66977  ],[8.269545 8.203187 8.071244 7.860876],[0.40687343 0.44268227 0.5258383  0.6739717 ],[8.288876  8.277489  8.269999  8.2660885],[0.40042427 0.41886386 0.44892526 0.4908567 ]
DDK8,C,5e-08,15,True,False,TDD,vanilla,25,[0.05100589 0.1702424  0.3356529  0.46550095],[0.04381622 0.16478127 0.28922078 0.32064724],[  8.968372  32.80838   71.45882  116.02857 ],[ 7.430822 32.29421  64.76552  94.67381 ],[8.256357  8.173902  7.9845147 7.699613 ],[0.40651527 0.47029126 0.65921044 1.0055073 ],[8.284434 8.291013 8.302465 8.324361],[0.4031638  0.44232005 0.4866336  0.5346952 ]
DDK8,C,5e-08,18,True,False,TDD,vanilla,25,[0.11569595 0.32348987 0.53736573 0.6840474 ],[0.13564819 0.29779482 0.4221274  0.39103487],[ 15.803598  58.760597 110.64977  156.18929 ],[ 12.533976  50.14062   85.052444 105.70332 ],[8.133701  7.9027557 7.486108  7.049617 ],[0.568178   0.75595576 1.1315956  1.2807872 ],[8.200162 8.199213 8.199512 8.190836],[0.5350562  0.57275265 0.58666337 0.60950494]
DDK8,C,5e-08,21,True,False,TDD,vanilla,25,[0.11800753 0.34753472 0.5376341  0.72329766],[0.11002188 0.310599   0.37083596 0.38394493],[ 19.683483  68.2171   121.54303  174.1944  ],[ 17.18994   65.76092   97.00583  116.493546],[8.193437  7.913655  7.5433526 7.02861  ],[0.52535146 0.8123972  1.1064415  1.4592828 ],[8.273708 8.270968 8.278294 8.289778],[0.4893335 0.5536807 0.6028044 0.6329883]
DDK8,C,5e-08,24,True,False,TDD,vanilla,25,[0.15143603 0.3990887  0.6003815  0.7291878 ],[0.15418386 0.33448985 0.42819098 0.38199976],[ 25.220432  78.290504 130.16472  177.27188 ],[ 24.526285  66.9766    93.77192  118.24526 ],[8.121734 7.752842 7.390763 6.929298],[0.60747063 0.9876217  1.1497173  1.5323514 ],[8.232507 8.229933 8.229175 8.226252],[0.56549513 0.60039735 0.6194327  0.6659933 ]
DDK8,C,5e-08,27,True,False,TDD,vanilla,25,[0.23420443 0.48405492 0.7126825  0.86889106],[0.34355643 0.3745918  0.5326407  0.564421  ],[ 32.01032   92.539215 143.46846  190.01924 ],[ 30.15998   76.739     95.77332  107.089226],[8.001014  7.5332355 7.053963  6.6053104],[0.6904693 1.128387  1.4240998 1.6006697],[8.173424 8.189116 8.193333 8.201783],[0.5681614  0.57618004 0.5760544  0.6105042 ]
DDK8,C,5e-08,33,True,False,TDD,vanilla,25,[0.30513877 0.6603911  0.87729186 0.998648  ],[0.37453702 0.6238652  0.6245134  0.600951  ],[ 50.1783   126.287735 184.86281  234.57057 ],[ 50.21408   97.943565 118.04882  141.90959 ],[7.9054394 7.281225  6.8715086 6.404245 ],[0.70573026 1.1974804  1.2275158  1.543038  ],[8.163975 8.166744 8.197453 8.228497],[0.55520767 0.59197205 0.6344895  0.69245917]
DDK8,C,5e-08,36,True,False,TDD,vanilla,25,[0.48055732 0.9593405  1.0513363  1.2494752 ],[0.41673133 0.70757717 0.62012726 0.9202924 ],[ 80.008   179.23654 226.1716  267.8947 ],[ 71.28142 128.28787 136.76192 147.4635 ],[7.759115  6.8898506 6.372101  6.0069146],[0.8221781 1.4497061 1.4969268 1.5560666],[8.201372 8.212413 8.186459 8.202197],[0.5879251 0.6015146 0.5885965 0.6164567]
DDK8,C,5e-08,42,True,False,TDD,vanilla,25,[0.73054093 0.9344861  1.1168088  1.1437689 ],[1.1706423  0.745343   0.60496044 0.54817724],[113.955414 169.19788  214.24338  259.2902  ],[115.83089  114.193954 119.30114  151.06264 ],[7.2900567 6.7234674 5.9655886 5.533746 ],[1.3602543 1.5060829 1.8245058 1.8220749],[8.154698 8.128567 8.085518 8.078484],[0.6038881  0.6198292  0.71537834 0.8178851 ]
DDK8,C,2e-07,3,True,False,TDD,vanilla,25,[0.01265597 0.02218076 0.04022965 0.0678077 ],[0.00363532 0.01044374 0.0234348  0.04517553],[ 3.3216727  5.979965  10.884718  18.519024 ],[ 0.9097357  2.86544    6.3355284 12.418309 ],[8.262764 8.256661 8.244818 8.225203],[0.16574    0.1784648  0.1938543  0.21257348],[8.269406 8.268143 8.26673  8.265156],[0.16525045 0.17695566 0.18965855 0.20317249]
DDK8,C,2e-07,6,True,False,TDD,vanilla,25,[0.01426561 0.02912935 0.06252964 0.1160168 ],[0.00370495 0.01287295 0.03722326 0.07657598],[ 3.704171   7.5445237 16.254627  30.690632 ],[ 0.8422745  2.9810638  9.081741  19.611507 ],[8.279735 8.261306 8.225389 8.164651],[0.2401775  0.2672312  0.30294436 0.35466143],[8.289013 8.28343  8.278104 8.273454],[0.23840481 0.2612574  0.2851649  0.3086477 ]
DDK8,C,2e-07,9,True,False,TDD,vanilla,25,[0.01836826 0.0435368  0.09520915 0.17644133],[0.00652325 0.02473471 0.06090724 0.11117239],[ 4.6220236 11.072805  24.881025  47.77025  ],[ 1.5669069  6.478824  17.891497  33.669685 ],[8.252045 8.231316 8.187676 8.109549],[0.30262667 0.34329993 0.39038327 0.45388687],[8.265249 8.267987 8.272074 8.276913],[0.30145794 0.33881113 0.3764504  0.4147206 ]
DDK8,C,2e-07,12,True,False,TDD,vanilla,25,[0.02512415 0.07692065 0.17073993 0.28030324],[0.01407378 0.06564531 0.14892344 0.1982917 ],[ 6.1177993 18.586685  42.97554   74.939255 ],[ 3.1434562 14.189027  34.738686  55.51082  ],[8.255207 8.201649 8.096935 7.944748],[0.35186014 0.41498858 0.50862634 0.6388604 ],[8.275466 8.271283 8.26691  8.262678],[0.34935436 0.39719546 0.44388452 0.48593506]
DDK8,C,2e-07,15,True,False,TDD,vanilla,25,[0.03907306 0.12914102 0.25904632 0.40787768],[0.02713931 0.10450912 0.18827316 0.24671668],[  9.296155  31.648664  67.71246  111.84846 ],[ 6.914425 26.264471 52.014015 76.276634],[8.171142  8.069293  7.8745575 7.5779943],[0.45672327 0.5262382  0.66954917 0.8795568 ],[8.207965 8.210038 8.215867 8.224112],[0.45113933 0.4856871  0.5191998  0.54643935]
DDK8,C,2e-07,18,True,False,TDD,vanilla,25,[0.05345716 0.17190675 0.31775996 0.4605476 ],[0.04497215 0.14536597 0.22040184 0.2396173 ],[ 12.594011  45.135883  90.254875 138.84596 ],[  9.717551  42.508987  81.4906   111.60317 ],[8.209482  8.067678  7.819461  7.5244637],[0.5103745  0.62465864 0.8609329  1.0361089 ],[8.257838 8.261139 8.260707 8.264115],[0.49564663 0.5484521  0.60611343 0.6623807 ]
DDK8,C,2e-07,21,True,False,TDD,vanilla,25,[0.0683574  0.21385315 0.3658083  0.5078466 ],[0.06545018 0.20512079 0.26521128 0.27201402],[ 16.89245   58.11307  106.078514 153.0983  ],[ 17.083113  62.636314  94.1372   105.98604 ],[8.168944  7.961494  7.643469  7.2981234],[0.49963248 0.6896596  0.996166   1.1941346 ],[8.236614 8.255446 8.269096 8.275333],[0.48349896 0.5265164  0.5651753  0.60599506]
DDK8,C,2e-07,24,True,False,TDD,vanilla,25,[0.09944636 0.3076648  0.49308556 0.6776077 ],[0.07847182 0.21016927 0.26486146 0.27301583],[ 22.388943  77.867424 131.52748  186.09778 ],[ 19.059511  62.60254   86.76385  102.48813 ],[8.033847  7.7223554 7.3566604 6.7873487],[0.6033946  0.78077835 1.0022708  1.3474667 ],[8.131182 8.132619 8.148181 8.162027],[0.5804273  0.61564034 0.6213094  0.64173055]
DDK8,C,2e-07,27,True,False,TDD,vanilla,25,[0.1068826  0.32016072 0.5219752  0.67586166],[0.0803019  0.21865968 0.2867198  0.2846003 ],[ 24.94317  80.14496 134.18361 178.40688],[19.079742 62.188404 86.50829  97.150826],[8.049398  7.6869297 7.2033844 6.678613 ],[0.58749974 0.8293684  1.1682234  1.3912791 ],[8.16426  8.148859 8.14116  8.125651],[0.5455145  0.57448643 0.5996173  0.65095395]
DDK8,C,2e-07,33,True,False,TDD,vanilla,25,[0.1986347  0.48832652 0.6460591  0.7827541 ],[0.18279767 0.35679656 0.3510046  0.30972144],[ 42.420013 113.86953  159.07831  209.25475 ],[ 36.599304  89.231575  94.25882  115.869514],[7.89742   7.275837  6.9270363 6.5983496],[0.7578475 1.199056  1.3742222 1.2017536],[8.134128 8.123875 8.132454 8.157437],[0.62713987 0.62046474 0.62091714 0.6189508 ]
DDK8,C,2e-07,36,True,False,TDD,vanilla,25,[0.19453245 0.48676068 0.64148355 0.7967651 ],[0.22020584 0.45583266 0.36943102 0.39139473],[ 46.18443 118.55465 166.88309 214.6439 ],[ 51.99333 100.73435 101.53604 117.43833],[8.003716  7.4596806 7.0034204 6.630753 ],[0.6688755 1.1421304 1.382215  1.3718091],[8.223166 8.203659 8.193959 8.197771],[0.5721486  0.62228054 0.6435787  0.6443599 ]
DDK8,C,2e-07,42,True,False,TDD,vanilla,25,[0.31648085 0.60838896 0.7768791  0.97099286],[0.3825842  0.42496574 0.3348772  0.45237476],[ 77.14613 150.53629 209.89604 270.05112],[126.54911 101.76405 117.1675  150.75943],[7.731706  7.1425176 6.637667  6.2659817],[1.0909266 1.466671  1.3945378 1.1997347],[8.202137 8.208331 8.213117 8.186108],[0.62006235 0.64596266 0.66607225 0.7035478 ]
DDK8,C,4e-07,3,True,False,TDD,vanilla,25,[0.01453987 0.02407491 0.0418718  0.06912943],[0.00371957 0.0113948  0.02476904 0.04845574],[ 4.16267    6.9915624 12.115896  20.124788 ],[ 1.18825    3.4549162  7.3276315 14.310017 ],[8.307505  8.304907  8.2963705 8.2803   ],[0.18278885 0.19692034 0.21342985 0.23411071],[8.31983  8.321709 8.323363 8.324781],[0.1824369  0.19586535 0.21045375 0.22601187]
DDK8,C,4e-07,6,True,False,TDD,vanilla,25,[0.01624194 0.02783097 0.05218919 0.09466665],[0.00403314 0.00959723 0.0234902  0.05168935],[ 4.3970366  7.5942836 14.321855  26.340603 ],[ 1.2760165  2.9515681  7.156803  16.36225  ],[8.244296 8.236526 8.218744 8.185374],[0.26570055 0.28581896 0.3077287  0.33392286],[8.259438 8.260148 8.261916 8.265042],[0.26467186 0.2839932  0.30338576 0.3230583 ]
DDK8,C,4e-07,9,True,False,TDD,vanilla,25,[0.01921056 0.03690172 0.07478032 0.13914515],[0.00508964 0.01687854 0.04403573 0.08815996],[ 5.1361547  9.743518  19.98452   37.93462  ],[ 1.4872638  4.54504   12.866285  27.146461 ],[8.281002 8.256313 8.212295 8.139527],[0.33941594 0.38124985 0.42875338 0.48695573],[8.299542  8.2919655 8.284302  8.276176 ],[0.3363756  0.3739166  0.41209707 0.44999707]
DDK8,C,4e-07,12,True,False,TDD,vanilla,25,[0.02517686 0.05950573 0.12578467 0.22034794],[0.0098078  0.03889786 0.08806838 0.14095807],[ 6.5164814 15.195608  32.88237   59.35146  ],[ 2.498786  9.922649 24.70531  44.261986],[8.228905  8.189733  8.108177  7.9821815],[0.36978522 0.41350386 0.47276804 0.5585665 ],[8.254019 8.249561 8.239468 8.22615 ],[0.36668321 0.40296978 0.44160876 0.48203832]
DDK8,C,4e-07,15,True,False,TDD,vanilla,25,[0.0338205  0.094026   0.1920123  0.31098208],[0.01732348 0.06496409 0.13004373 0.18509841],[ 8.9831705 25.544981  54.67859   92.800735 ],[ 4.4114985 17.835878  40.320465  66.38304  ],[8.263973 8.205008 8.098617 7.928925],[0.37085217 0.43753582 0.53382367 0.66447675],[8.300738 8.310435 8.318503 8.321449],[0.36233523 0.4033232  0.448278   0.4995451 ]
DDK8,C,4e-07,18,True,False,TDD,vanilla,25,[0.04616252 0.14173384 0.26682875 0.41150466],[0.03151225 0.11846314 0.19600047 0.23913254],[ 11.598724  36.647533  73.73029  121.021736],[ 7.032548 28.306099 53.710434 81.70336 ],[8.198028  8.096454  7.9256163 7.6764264],[0.52536184 0.63511425 0.81655604 1.0356897 ],[8.245845 8.256775 8.268593 8.282536],[0.5129303  0.5608195  0.60647964 0.64250934]
DDK8,C,4e-07,21,True,False,TDD,vanilla,25,[0.0657074  0.20082864 0.35708466 0.503269  ],[0.05330075 0.15998755 0.22280815 0.2574463 ],[ 15.589497  51.564632  99.43241  148.87381 ],[11.591409 43.47465  71.461655 96.66194 ],[8.138248  7.98339   7.7473598 7.3813567],[0.5106323  0.6138273  0.80630994 1.1625544 ],[8.208268 8.233376 8.263854 8.301309],[0.48909435 0.49843127 0.5081799  0.52443814]
DDK8,C,4e-07,24,True,False,TDD,vanilla,25,[0.07397535 0.22976215 0.39218912 0.54549336],[0.05160096 0.17290542 0.24358428 0.25336313],[ 18.503296  60.53387  107.43451  153.52226 ],[ 14.122772  54.37108   83.3935   100.71577 ],[8.147505  7.932987  7.5917273 7.2098064],[0.51573175 0.630826   0.9149672  1.1400397 ],[8.224326 8.216809 8.205311 8.196901],[0.5019927  0.53854054 0.5763094  0.6127203 ]
DDK8,C,4e-07,27,True,False,TDD,vanilla,25,[0.08972831 0.24536693 0.39342973 0.56033105],[0.06887456 0.18118207 0.22066312 0.23896456],[ 23.716352  66.41674  108.7106   158.04358 ],[24.043182 60.712524 78.75778  96.45795 ],[8.111039  7.876701  7.6381073 7.246407 ],[0.5366872  0.6862903  0.83142227 1.060729  ],[8.212278 8.205426 8.209401 8.201062],[0.52702165 0.5741107  0.6127436  0.64407486]
DDK8,C,4e-07,33,True,False,TDD,vanilla,25,[0.14055537 0.3320126  0.4897168  0.6315506 ],[0.11734662 0.23962949 0.26989827 0.26307657],[ 33.149174  83.30989  125.704    168.05045 ],[27.536417 63.881    77.871056 93.02634 ],[8.019582  7.6977887 7.40962   7.0347004],[0.72188497 0.978937   1.1290144  1.3570927 ],[8.183739 8.192224 8.175432 8.147135],[0.6432265  0.66101295 0.6978664  0.7402622 ]
DDK8,C,4e-07,36,True,False,TDD,vanilla,25,[0.16802058 0.4013274  0.6014172  0.7110871 ],[0.14488545 0.26118892 0.32178587 0.299846  ],[ 42.042023 107.76277  164.77567  204.26715 ],[ 33.880898  72.36372   93.474174 109.40311 ],[8.068561  7.636981  7.106972  6.7742786],[0.7073186 1.0581566 1.4398155 1.5727311],[8.265757  8.2690735 8.257155  8.252183 ],[0.6276491  0.67769957 0.705928   0.7128718 ]
DDK8,C,4e-07,42,True,False,TDD,vanilla,25,[0.21948095 0.48038894 0.6721505  0.82553726],[0.19426005 0.3049442  0.34718686 0.2523445 ],[ 56.250336 128.05777  179.76228  232.4774  ],[ 61.131287 103.367836 105.32312  108.34815 ],[7.920477  7.461936  7.0079155 6.478709 ],[0.6888484 0.9329428 1.2836783 1.3224868],[8.192731 8.206451 8.21126  8.215601],[0.59920657 0.60754186 0.64400005 0.6513544 ]
DDK8,D,5e-08,3,True,False,TDD,vanilla,25,[0.00405242 0.01245291 0.02650437 0.04670506],[0.00281588 0.00958346 0.02053593 0.03838666],[ 1.19381    3.6935186  7.848857  13.851631 ],[ 0.7989873  2.7594893  5.9124665 11.130724 ],[8.298004 8.295101 8.290481 8.284619],[0.07499482 0.08056238 0.08679496 0.09352784],[8.299658 8.29858  8.297538 8.29653 ],[0.07468852 0.07996947 0.08556426 0.0913942 ]
DDK8,D,5e-08,6,True,False,TDD,vanilla,25,[0.00415852 0.01233027 0.02591072 0.04556399],[0.0025272  0.00979494 0.02118071 0.04025478],[ 1.2446663  3.7099564  7.7890143 13.6695175],[ 0.785723   3.0791976  6.6212754 12.543979 ],[8.309447 8.305787 8.299402 8.289319],[0.12026646 0.1326052  0.14587732 0.16120872],[8.311767 8.311415 8.310966 8.310436],[0.12025459 0.13231722 0.14488111 0.15781623]
DDK8,D,5e-08,9,True,False,TDD,vanilla,25,[0.00385588 0.01221621 0.02557943 0.04742278],[0.00187248 0.00837573 0.01892868 0.03573489],[ 1.1350329  3.5853736  7.4622927 13.803125 ],[ 0.5397589  2.3814976  5.3282084 10.02493  ],[8.294748  8.2855215 8.272398  8.253927 ],[0.13248414 0.1537737  0.17768511 0.20484768],[8.297676 8.293371 8.288761 8.283954],[0.1321482  0.15266456 0.17479543 0.19807528]
DDK8,D,5e-08,12,True,False,TDD,vanilla,25,[0.00570066 0.01555254 0.0308877  0.05796737],[0.00366243 0.00906633 0.02157767 0.03920703],[ 1.6565138  4.5298214  9.001801  16.984182 ],[ 1.0815074  2.530292   6.1401167 11.736948 ],[8.278233 8.267856 8.252028 8.231239],[0.18746115 0.21250643 0.23932064 0.2681527 ],[8.282729 8.280233 8.277586 8.274747],[0.18684064 0.21076299 0.2355141  0.26066127]
DDK8,D,5e-08,15,True,False,TDD,vanilla,25,[0.00799949 0.02086633 0.04493846 0.07722697],[0.00604389 0.01507742 0.03439022 0.05723146],[ 2.23995    5.9406667 12.904793  22.415726 ],[ 1.5269169  4.104752   9.833049  16.82875  ],[8.263711  8.251652  8.2338295 8.21185  ],[0.21028128 0.2299485  0.2503595  0.27156913],[8.270022 8.268729 8.268344 8.268918],[0.2086949  0.22577141 0.24269079 0.25992864]
DDK8,D,5e-08,18,True,False,TDD,vanilla,25,[0.00992858 0.02672979 0.05268903 0.09734306],[0.00653731 0.01880112 0.04017554 0.07372211],[ 2.8433394  7.632366  14.899694  27.730644 ],[ 1.815605  5.323025 11.013342 21.174057],[8.2588   8.231131 8.199118 8.162039],[0.2365666  0.26818568 0.30245152 0.33453655],[8.267819  8.256482  8.2475815 8.242658 ],[0.2351493 0.2640463 0.2919402 0.3160511]
DDK8,D,5e-08,21,True,False,TDD,vanilla,25,[0.01213666 0.03116867 0.06291784 0.10414485],[0.00842049 0.02199536 0.0460872  0.07784293],[ 3.5484576  9.193086  18.651602  31.30608  ],[ 2.5393436  7.0042005 14.443267  25.8787   ],[8.26722  8.255084 8.236874 8.208297],[0.25259078 0.28661332 0.3300898  0.3781363 ],[8.27719   8.282884  8.2891655 8.295584 ],[0.25249338 0.2854534  0.32003936 0.35299757]
DDK8,D,5e-08,24,True,False,TDD,vanilla,25,[0.01208201 0.03240573 0.06971345 0.10211914],[0.00779726 0.01994044 0.04560132 0.06772172],[ 3.4986422  9.582184  20.422663  30.036377 ],[ 2.1623967  6.3245244 13.903419  21.396828 ],[8.268876 8.244667 8.209955 8.174187],[0.24794911 0.27716854 0.3118976  0.34411064],[8.280112  8.273623  8.264235  8.2512455],[0.24701582 0.27596948 0.30649292 0.3357034 ]
DDK8,D,5e-08,27,True,False,TDD,vanilla,25,[0.01523152 0.03814666 0.07146501 0.11465309],[0.01218083 0.03243003 0.05705643 0.09499855],[ 4.420415 10.786873 20.69898  33.060196],[ 3.7850933  9.241244  16.452406  26.179516 ],[8.247741 8.226169 8.201849 8.17302 ],[0.29911172 0.32059997 0.34567627 0.38986924],[8.262777 8.265217 8.269065 8.273772],[0.2979555  0.3138878  0.33165452 0.3518799 ]
DDK8,D,5e-08,33,True,False,TDD,vanilla,25,[0.01905252 0.05187135 0.09090836 0.1497559 ],[0.01249661 0.0371496  0.05874727 0.09595337],[ 5.292864 14.118631 25.477818 43.06733 ],[ 3.3036366  8.989878  16.303968  28.365644 ],[8.216421 8.183499 8.152759 8.114981],[0.31619066 0.33884686 0.3529002  0.36823517],[8.235228 8.229521 8.229554 8.238303],[0.31300098 0.32693157 0.3373971  0.34345612]
DDK8,D,5e-08,36,True,False,TDD,vanilla,25,[0.02316867 0.05271639 0.09781446 0.14310595],[0.01897469 0.0399428  0.06785341 0.09643075],[ 6.729121 15.701037 29.800102 44.23495 ],[ 4.935183 12.14965  21.960848 32.730152],[8.313145 8.287302 8.250379 8.210623],[0.28537366 0.30591282 0.33001307 0.35568142],[8.336734 8.337908 8.336387 8.332141],[0.27704263 0.29162735 0.30735877 0.3248851 ]
DDK8,D,5e-08,42,True,False,TDD,vanilla,25,[0.02973298 0.07302441 0.14025745 0.20372829],[0.02294954 0.04947906 0.09200946 0.13336779],[ 8.604075 21.62791  42.77504  63.32997 ],[ 6.3778915 14.327494  28.634623  46.410744 ],[8.262286 8.255572 8.238285 8.184303],[0.30649808 0.3212395  0.34181198 0.3967471 ],[8.291798 8.319096 8.342037 8.351114],[0.29859725 0.30620685 0.31966177 0.34217647]
DDK8,D,2e-07,3,True,False,TDD,vanilla,25,[0.00603244 0.01447172 0.02860444 0.04855296],[0.00319423 0.01111596 0.02385913 0.04600656],[ 1.7989734  4.3306203  8.56508   14.536047 ],[ 0.93549347  3.2966487   7.090424   13.7019415 ],[8.300495 8.29914  8.295955 8.291113],[0.05556521 0.06289151 0.07100002 0.0801589 ],[8.30472  8.305355 8.306001 8.306659],[0.05492547 0.06174164 0.06871933 0.07579485]
DDK8,D,2e-07,6,True,False,TDD,vanilla,25,[0.00563878 0.01290103 0.02508943 0.04328442],[0.00242462 0.00796916 0.01741973 0.03394411],[ 1.6725819  3.8353744  7.445605  12.837741 ],[0.70142794 2.3117957  5.04969    9.896346  ],[8.300401  8.2960825 8.288953  8.279229 ],[0.08416566 0.09580133 0.10821576 0.12185435],[8.304998 8.30393  8.302717 8.301365],[0.08359402 0.0947236  0.10591125 0.1170879 ]
DDK8,D,2e-07,9,True,False,TDD,vanilla,25,[0.00604689 0.01315629 0.02452683 0.04393402],[0.00279858 0.00947181 0.02102189 0.03924775],[ 1.771466   3.8759494  7.2800503 13.183108 ],[ 0.7449527  2.6179008  5.935844  11.306694 ],[8.299603 8.295428 8.288194 8.276773],[0.12892437 0.14388867 0.15879998 0.17404267],[8.304958 8.305161 8.30541  8.30564 ],[0.12817776 0.14271183 0.15739685 0.17246187]
DDK8,D,2e-07,12,True,False,TDD,vanilla,25,[0.00675813 0.01425443 0.0258116  0.04593294],[0.00380701 0.00645274 0.01329701 0.02927497],[ 2.0098495  4.2493043  7.679949  13.763996 ],[1.1050767 1.8616924 3.8491528 8.950086 ],[8.307243 8.301179 8.291462 8.278052],[0.14373536 0.16670743 0.19162294 0.216397  ],[8.313007 8.312093 8.310837 8.309354],[0.14296053 0.16523613 0.1881396  0.2113783 ]
DDK8,D,2e-07,15,True,False,TDD,vanilla,25,[0.0094858  0.01882416 0.0379016  0.07108409],[0.00534434 0.00964519 0.02171933 0.0467487 ],[ 2.8040087  5.524939  11.274132  21.33521  ],[ 1.598999   2.6794226  6.5385976 14.593946 ],[8.285554 8.275362 8.260311 8.238513],[0.18773597 0.21090156 0.23508063 0.25892016],[8.293565  8.2920685 8.2905855 8.289156 ],[0.18703032 0.20940296 0.23131841 0.25235698]
DDK8,D,2e-07,18,True,False,TDD,vanilla,25,[0.01042066 0.0227396  0.04325007 0.07285818],[0.00652507 0.01378968 0.02784118 0.04969178],[ 3.0300083  6.5625362 12.776455  21.998482 ],[ 1.7732378  3.3308294  8.188955  15.719134 ],[8.296542 8.290452 8.279041 8.257613],[0.22226228 0.24382545 0.26534697 0.28721747],[8.305725 8.309488 8.312395 8.314784],[0.22037174 0.2390583  0.25812885 0.27720353]
DDK8,D,2e-07,21,True,False,TDD,vanilla,25,[0.0124709  0.02714432 0.05547176 0.09547294],[0.00734305 0.01529372 0.03581947 0.0651491 ],[ 3.5308497  7.6982226 16.109352  27.554636 ],[ 1.9250517  3.9194736 10.515039  17.866028 ],[8.253736 8.244582 8.232872 8.209583],[0.24695183 0.26955116 0.28910518 0.31967318],[8.264703 8.267769 8.272947 8.279535],[0.24443386 0.26372743 0.2798239  0.2931526 ]
DDK8,D,2e-07,24,True,False,TDD,vanilla,25,[0.01428421 0.03240426 0.06399292 0.10757694],[0.00830834 0.01758779 0.04099831 0.06717342],[ 4.0919385  9.203824  18.345392  31.768408 ],[ 2.286418  4.338637 10.612071 20.313074],[8.265104 8.254908 8.242348 8.219007],[0.24450293 0.26345953 0.28502512 0.31070638],[8.277871 8.283131 8.289918 8.296556],[0.24175097 0.25661522 0.27360883 0.29408902]
DDK8,D,2e-07,27,True,False,TDD,vanilla,25,[0.01658263 0.03382085 0.06561191 0.10701762],[0.01033212 0.02055179 0.03828276 0.06693729],[ 4.7374096  9.573208  19.045069  31.53962  ],[ 2.9382324  5.3678017 11.217848  21.04064  ],[8.239192 8.223208 8.204214 8.181832],[0.2675484  0.29188424 0.32436988 0.3651987 ],[8.2537155 8.252774  8.254282  8.257275 ],[0.26518136 0.28589198 0.31270012 0.34290448]
DDK8,D,2e-07,33,True,False,TDD,vanilla,25,[0.0187637  0.04288206 0.08470817 0.12851137],[0.01235957 0.02728718 0.07204513 0.10162578],[ 5.474757  12.5697975 25.217718  39.584282 ],[ 3.3130665  7.625737  20.964956  34.06792  ],[8.277365  8.260868  8.240204  8.2192545],[0.2961333 0.302004  0.3174121 0.3322513],[8.294483 8.296839 8.303677 8.315007],[0.29260948 0.29500195 0.30127394 0.31653824]
DDK8,D,2e-07,36,True,False,TDD,vanilla,25,[0.0206128  0.04726672 0.09251975 0.13921656],[0.01281221 0.03097123 0.0653547  0.10222492],[ 5.8226604 13.195138  25.642576  39.355377 ],[ 3.480778  8.390138 17.518648 29.873915],[8.234664 8.19028  8.141725 8.094966],[0.31163242 0.33837637 0.3684819  0.3954404 ],[8.254462  8.231821  8.213254  8.2022705],[0.30821246 0.33105987 0.3529215  0.36922216]
DDK8,D,2e-07,42,True,False,TDD,vanilla,25,[0.028097   0.06587175 0.12087287 0.18566808],[0.01702899 0.04230514 0.06903133 0.10603402],[ 8.065738 19.162117 35.41383  55.657124],[ 4.681537 13.207074 21.800869 35.253906],[8.248983 8.213883 8.170183 8.12929 ],[0.31807137 0.33711386 0.35372862 0.36898798],[8.275828 8.271634 8.268322 8.26755 ],[0.31351313 0.32876962 0.3366903  0.34487548]
DDK8,D,4e-07,3,True,False,TDD,vanilla,25,[0.00931404 0.01731888 0.03104126 0.04975406],[0.00374679 0.01100397 0.02326796 0.04371205],[ 2.7430923  5.1221757  9.186145  14.733203 ],[ 1.0864699  3.2601056  6.9045153 12.9677925],[8.286012 8.280735 8.273099 8.264011],[0.05461307 0.06270822 0.07126883 0.08017028],[8.293405 8.290766 8.28805  8.285257],[0.05372701 0.06171242 0.06978194 0.07790729]
DDK8,D,4e-07,6,True,False,TDD,vanilla,25,[0.00972866 0.01730521 0.02982339 0.04824559],[0.0042336  0.01019624 0.0207096  0.03869699],[ 2.8702338  5.1328735  8.8820305 14.466823 ],[ 1.2202157  3.002092   6.1729145 11.735152 ],[8.29408  8.292038 8.28783  8.281137],[0.09906271 0.11303937 0.12755916 0.1417381 ],[8.302427 8.303819 8.305447 8.30732 ],[0.09781612 0.11133109 0.12449647 0.1372722 ]
DDK8,D,4e-07,9,True,False,TDD,vanilla,25,[0.01007988 0.01627115 0.02607337 0.040172  ],[0.00390964 0.00662708 0.01305533 0.02688526],[ 2.9975572  4.8581486  7.805882  12.11724  ],[1.13433   1.9152362 3.773936  8.028902 ],[8.301501 8.300288 8.297151 8.29169 ],[0.12424366 0.14314616 0.16259865 0.18186782],[8.310682 8.313534 8.316418 8.319339],[0.1229313  0.14134116 0.15957414 0.17754117]
DDK8,D,4e-07,12,True,False,TDD,vanilla,25,[0.01137103 0.02005022 0.03403063 0.05768704],[0.00522954 0.00981221 0.02125444 0.04187799],[ 3.3751657  5.969576  10.109183  17.233236 ],[ 1.5306959  2.7861211  5.944999  12.0855465],[8.304954  8.300909  8.293815  8.2809105],[0.15676123 0.17823143 0.19962454 0.22132988],[8.314311 8.315415 8.316559 8.31765 ],[0.15571669 0.17662454 0.19755578 0.21827404]
DDK8,D,4e-07,15,True,False,TDD,vanilla,25,[0.01426533 0.02491105 0.042168   0.06739302],[0.00793234 0.01403289 0.02659109 0.04723654],[ 4.2720594  7.514136  12.766056  20.644154 ],[ 2.2797527  3.8915348  7.352882  13.923992 ],[8.319669 8.315945 8.309092 8.296127],[0.17646255 0.19648516 0.2173451  0.23858461],[8.331775 8.336437 8.340626 8.344339],[0.17464425 0.1934692  0.21228619 0.23092636]
DDK8,D,4e-07,18,True,False,TDD,vanilla,25,[0.01476777 0.0249873  0.04460567 0.07197106],[0.00681655 0.01220997 0.02606376 0.04402775],[ 4.3112082  7.2918205 12.964311  20.973207 ],[ 2.0283103  3.7266412  7.433148  13.460053 ],[8.273625 8.262971 8.248009 8.229791],[0.19112036 0.21166167 0.23505321 0.2629173 ],[8.286208 8.283078 8.280533 8.278921],[0.19004631 0.20961969 0.23211282 0.2563469 ]
DDK8,D,4e-07,21,True,False,TDD,vanilla,25,[0.01690405 0.02964786 0.05074723 0.08546507],[0.00845941 0.01382708 0.02607308 0.05317033],[ 5.0020876  8.809359  15.24309   25.94322  ],[ 2.5178232  4.1551704  8.3490095 18.686441 ],[8.301585 8.28921  8.271346 8.246103],[0.20950636 0.24875687 0.2915765  0.33538204],[8.315765 8.314188 8.310797 8.306976],[0.20739509 0.2451768  0.28654093 0.3257228 ]
DDK8,D,4e-07,24,True,False,TDD,vanilla,25,[0.01672801 0.03100369 0.05833939 0.09035446],[0.00918092 0.01574408 0.03499576 0.04588464],[ 4.8522573  8.965496  17.139814  26.696297 ],[ 2.5451758  4.2042418 10.168435  14.21388  ],[8.279117 8.267333 8.250053 8.227304],[0.24402094 0.27155682 0.30233684 0.33582985],[8.2942295 8.294001  8.29249   8.29053  ],[0.24053971 0.2657455  0.29513124 0.32629207]
DDK8,D,4e-07,27,True,False,TDD,vanilla,25,[0.018393   0.03615259 0.0628797  0.10713411],[0.01291601 0.02016273 0.03546825 0.06315099],[ 5.1661396 10.40817   18.532404  31.773647 ],[ 2.366813   5.1761675 10.121011  18.632776 ],[8.26814   8.2571125 8.242079  8.209454 ],[0.2511533  0.26405242 0.2807162  0.3129388 ],[8.284804 8.288184 8.289756 8.287945],[0.24599674 0.25614992 0.27404147 0.30254942]
DDK8,D,4e-07,33,True,False,TDD,vanilla,25,[0.02407479 0.04781789 0.08802658 0.13349023],[0.01188973 0.02804073 0.05692166 0.09100654],[ 6.914304 13.669783 25.631393 38.908657],[ 3.3598926  7.914256  16.706812  25.048689 ],[8.262305 8.247185 8.228625 8.20705 ],[0.29823622 0.3214611  0.34925136 0.3703601 ],[8.283479 8.285306 8.291762 8.302665],[0.29424185 0.31225926 0.32923257 0.3390499 ]
DDK8,D,4e-07,36,True,False,TDD,vanilla,25,[0.02673095 0.05322975 0.09827482 0.15498911],[0.01577881 0.03498207 0.06549598 0.1094147 ],[ 7.2086415 14.482652  27.721865  44.55943  ],[ 3.8117218  8.986906  17.681463  32.215286 ],[8.199314 8.185971 8.172077 8.14469 ],[0.31139064 0.33991265 0.3695786  0.39238492],[8.223469 8.229465 8.240253 8.252065],[0.30499366 0.32756943 0.34636486 0.3621993 ]
DDK8,D,4e-07,42,True,False,TDD,vanilla,25,[0.02660767 0.06103598 0.10613217 0.15537134],[0.01310299 0.03559425 0.06828039 0.08732533],[ 7.7224927 17.513731  30.250715  45.08468  ],[ 3.4817753  9.624025  18.86771   27.264803 ],[8.270129 8.231409 8.182966 8.143292],[0.26501447 0.2950297  0.32150295 0.34089556],[8.293684 8.277752 8.263025 8.253034],[0.2600928  0.2811057  0.29591087 0.3149146 ]
