model,cm,ds,ms,is_gen,is_U2D,scenario,noise_type,noise_degree,nmse_mean,nmse_std,mse_mean,mse_std,se_mean,se_std,se0_mean,se0_std
TRANSFORMER,A,3e-08,1,False,False,TDD,phase,10.0,[0.0056826  0.00849637 0.01247562 0.02174941],[0.00277949 0.00634337 0.01034232 0.01762936],[1.9120765 2.7861173 3.9102948 7.633314 ],[1.15981   2.2045264 3.2175593 6.3621907],[8.326155 8.322679 8.319241 8.314836],[0.18954143 0.19331256 0.19774069 0.20248762],[8.330993 8.329849 8.328677 8.327478],[0.19007084 0.19461922 0.19951843 0.20474008]
TRANSFORMER,A,3e-08,10,False,False,TDD,phase,10.0,[0.0379219  0.09475333 0.15725039 0.24235937],[0.04118944 0.105466   0.19554001 0.32884535],[ 5.8957005 13.804305  25.33062   44.227848 ],[ 4.560147 10.086022 19.378464 33.974586],[8.184343 8.157108 8.120633 8.073686],[0.55347276 0.6259684  0.70322037 0.78942716],[8.202797 8.202787 8.20477  8.210616],[0.5486622  0.603959   0.65337497 0.69756156]
TRANSFORMER,A,3e-08,30,False,False,TDD,phase,10.0,[0.2410454  0.40319583 0.6370871  0.8600933 ],[0.31049988 0.28506875 0.54021996 0.77284557],[ 36.049633  76.92869  127.4658   177.23956 ],[ 35.958294  73.97834  119.473495 165.61871 ],[7.789519 7.581815 7.363966 6.99001 ],[1.05392   1.2964532 1.2743108 1.594141 ],[7.9305916 7.937528  7.938669  7.9467754],[0.94080913 0.97129947 1.0151565  1.0446168 ]
TRANSFORMER,A,1e-07,1,False,False,TDD,phase,10.0,[0.00896917 0.0126396  0.01818917 0.02841387],[0.00317005 0.00548412 0.00826501 0.01366183],[ 3.1757805  4.416842   6.0227656 10.339752 ],[2.4008567 3.5591333 4.6581736 8.323106 ],[8.256879 8.254838 8.253277 8.251199],[0.5137404  0.5135233  0.51380926 0.5142317 ],[8.262489 8.263346 8.264196 8.265036],[0.5146195  0.5150341  0.5156064  0.51633507]
TRANSFORMER,A,1e-07,10,False,False,TDD,phase,10.0,[0.03653228 0.08649702 0.14644554 0.22434138],[0.03165609 0.07539073 0.12097833 0.14953588],[ 6.9447284 16.372381  30.55613   56.037838 ],[ 4.8872824 12.752144  26.324078  50.330944 ],[8.124887 8.100321 8.065324 8.016625],[0.62765354 0.6836301  0.7467396  0.80913407],[8.144523 8.146372 8.146507 8.145758],[0.6222944 0.6648694 0.7096781 0.7541992]
TRANSFORMER,A,1e-07,30,False,False,TDD,phase,10.0,[0.20481916 0.46114537 0.6206327  0.7942302 ],[0.15045494 0.57349515 0.32007506 0.32783192],[ 51.08212 110.15532 167.07828 207.4011 ],[ 56.74922  102.489784 152.35776  175.09543 ],[7.9337683 7.6688495 7.2820973 6.904472 ],[1.0293211 1.2570469 1.4808693 1.5063308],[8.072836  8.0405245 7.9876432 7.931781 ],[0.9680374 1.0242085 1.0625325 1.0865595]
TRANSFORMER,A,3e-07,1,False,False,TDD,phase,10.0,[0.01733144 0.02136465 0.02765018 0.05182965],[0.00505888 0.00663068 0.00844238 0.01378051],[ 6.0825496  7.461521   9.562845  18.8797   ],[3.1261868 3.983168  5.110792  9.092545 ],[8.202407 8.197426 8.195558 8.193543],[0.35296658 0.35371476 0.35488138 0.35699064],[8.213685 8.214922 8.216152 8.217376],[0.35320455 0.35431996 0.3555505  0.35689354]
TRANSFORMER,A,3e-07,10,False,False,TDD,phase,10.0,[0.06261445 0.11826459 0.18921287 0.29690897],[0.03660667 0.07121678 0.10017338 0.14648551],[18.021582 31.235035 51.629272 86.855125],[13.464404 20.762342 33.02786  59.621773],[8.134989 8.102829 8.048212 7.9813  ],[0.6271908  0.690448   0.7693763  0.85059404],[8.171758 8.174995 8.178912 8.18387 ],[0.61714435 0.66222095 0.70273554 0.73701555]
TRANSFORMER,A,3e-07,30,False,False,TDD,phase,10.0,[0.2735971 0.5159796 0.7731354 0.9474078],[0.15410906 0.21739782 0.28113824 0.39544085],[ 86.25768 157.75606 235.53989 279.31052],[ 83.41573 129.56653 181.60287 203.52882],[7.8227525 7.615232  7.20611   7.074739 ],[0.9815142 1.1486474 1.338706  1.5035083],[8.039328 8.043646 8.03752  8.038265],[0.90889144 0.95316565 1.0154774  1.050955  ]
TRANSFORMER,C,3e-08,1,False,False,TDD,phase,10.0,[0.00904012 0.01757657 0.02813008 0.04455083],[0.00395123 0.01464258 0.02638787 0.0413397 ],[ 2.7181778  4.387466   6.355804  11.264192 ],[1.4987605 2.535557  3.50084   5.7837777],[8.313192 8.309173 8.304898 8.29927 ],[0.13156024 0.13398556 0.1368566  0.14047535],[8.320241 8.321053 8.321877 8.322711],[0.1314964  0.13392694 0.13672413 0.13986447]
TRANSFORMER,C,3e-08,10,False,False,TDD,phase,10.0,[0.09201735 0.2185199  0.3980177  0.5298475 ],[0.09125987 0.20694354 0.42956668 0.4450842 ],[ 14.806253  37.51051   67.33349  104.45428 ],[14.415213 35.867844 61.92362  88.39268 ],[8.163862  8.025388  7.7933893 7.4920173],[0.45250973 0.5862865  0.8856078  1.2447695 ],[8.214156 8.200949 8.206897 8.228696],[0.43586653 0.47545165 0.5107417  0.53240734]
TRANSFORMER,C,3e-08,30,False,False,TDD,phase,10.0,[0.45443988 0.8405517  0.94069    0.9863036 ],[0.37610328 0.5736083  0.5325475  0.367371  ],[105.48147 188.51328 230.72585 247.95499],[ 83.16349 124.69119 137.80511 139.44873],[7.6472125 6.5573606 5.9981704 5.815391 ],[1.0101361 1.8866688 1.8663727 1.7142967],[8.26459   8.2423935 8.200481  8.146262 ],[0.59722245 0.63432664 0.6843038  0.7340101 ]
TRANSFORMER,C,1e-07,1,False,False,TDD,phase,10.0,[0.01026449 0.01502668 0.02189777 0.034825  ],[0.00323946 0.00596566 0.0104298  0.01490741],[ 2.9525998  4.37795    6.1325903 10.883839 ],[1.2778586 1.902242  2.893323  4.701539 ],[8.279899 8.274253 8.267799 8.260163],[0.2009303  0.20305978 0.20567392 0.20856687],[8.287666  8.286729  8.285783  8.2848215],[0.20094848 0.20314613 0.20554835 0.20814276]
TRANSFORMER,C,1e-07,10,False,False,TDD,phase,10.0,[0.07439324 0.16727541 0.2904594  0.43160695],[0.05576723 0.11701862 0.17849544 0.22759667],[ 16.781122  39.64492   70.48426  109.563225],[15.2772875 36.604645  59.60548   79.93206  ],[8.167188  8.0623045 7.8869653 7.6492805],[0.4109969  0.47836366 0.59403735 0.7363975 ],[8.228059 8.225114 8.221141 8.218307],[0.4063242  0.44373652 0.4743657  0.49637356]
TRANSFORMER,C,1e-07,30,False,False,TDD,phase,10.0,[0.33339146 0.59035057 0.79228175 0.8795742 ],[0.20141366 0.2775452  0.31763458 0.2522425 ],[ 80.37412 151.09404 205.77698 239.61613],[ 58.705654  91.333725 113.239815 127.382965],[7.839186  7.2290382 6.694297  6.333595 ],[0.6945868 1.0768731 1.2906029 1.3939629],[8.210542 8.202722 8.19268  8.180748],[0.5592177  0.55600965 0.5821842  0.64674735]
TRANSFORMER,C,3e-07,1,False,False,TDD,phase,10.0,[0.04130461 0.04391619 0.05162513 0.07733877],[0.02548037 0.02598155 0.02725738 0.02851314],[11.750008 12.37408  14.945878 24.261858],[6.820075  6.9309907 7.505809  9.006389 ],[8.266542 8.261501 8.254212 8.244724],[0.1279812  0.13003565 0.13191198 0.13357194],[8.30922  8.309395 8.309544 8.309666],[0.12782563 0.12907478 0.13059264 0.132371  ]
TRANSFORMER,C,3e-07,10,False,False,TDD,phase,10.0,[0.08695292 0.16358615 0.24240828 0.3727286 ],[0.04205978 0.07647768 0.10006422 0.15769349],[ 23.998466  46.48021   69.13105  109.1424  ],[13.352621 25.765768 34.699905 58.62498 ],[8.155461  8.062517  7.9580183 7.7978554],[0.35275167 0.4080933  0.47173285 0.5801284 ],[8.250104 8.243475 8.238306 8.233626],[0.33855358 0.37196392 0.40309045 0.43264046]
TRANSFORMER,C,3e-07,30,False,False,TDD,phase,10.0,[0.36358178 0.6455353  0.771893   0.8908768 ],[0.18578874 0.24829572 0.23871225 0.23492391],[106.10325 196.79301 238.21053 279.9017 ],[ 64.95578  110.581345 126.88009  137.34477 ],[7.748871  7.0364013 6.778767  6.629006 ],[0.76865363 1.0999881  1.2297747  1.3114102 ],[8.243394  8.2595005 8.280929  8.2970915],[0.5275148  0.56576973 0.5995795  0.6289665 ]
TRANSFORMER,D,3e-08,1,False,False,TDD,phase,10.0,[0.00453916 0.00487942 0.00584025 0.00830921],[0.00147621 0.00143987 0.00180835 0.00272166],[1.3547232 1.4700252 1.7452347 2.5590932],[0.44047603 0.4240167  0.5358865  0.91094214],[8.3108635 8.310168  8.309344  8.307683 ],[0.16925445 0.16962874 0.17000152 0.17058241],[8.314398 8.314319 8.314234 8.314145],[0.1689577  0.1692839  0.16965668 0.17007592]
TRANSFORMER,D,3e-08,10,False,False,TDD,phase,10.0,[0.00964677 0.01606729 0.02266375 0.03380734],[0.00465683 0.01026635 0.01543925 0.01972589],[ 2.8734283  4.763605   6.742846  10.461037 ],[1.5126076 3.3182259 5.428186  7.7282476],[8.307791  8.3037195 8.298998  8.294551 ],[0.22123678 0.23072144 0.24112086 0.2512594 ],[8.316226 8.317209 8.319232 8.322231],[0.22064124 0.22971565 0.23861213 0.24789669]
TRANSFORMER,D,3e-08,30,False,False,TDD,phase,10.0,[0.03879816 0.0606756  0.08415508 0.12704453],[0.02747411 0.04015167 0.05982367 0.08754057],[11.110765 16.855581 23.102085 35.816044],[ 7.9104247 10.42762   14.724512  22.7789   ],[8.250658 8.221995 8.193428 8.163597],[0.3192473  0.34049374 0.36816725 0.40524182],[8.279626 8.265633 8.254636 8.245803],[0.3149234  0.33140603 0.3475315  0.37491977]
TRANSFORMER,D,1e-07,1,False,False,TDD,phase,10.0,[0.01054435 0.01088323 0.01255258 0.01647227],[0.00429495 0.00423954 0.00505738 0.00649924],[3.147997  3.2548907 3.7463691 4.959741 ],[1.2421533 1.21753   1.4518429 1.9018042],[8.298556 8.298062 8.296958 8.294572],[0.04688229 0.04829289 0.05007543 0.05196778],[8.30858  8.308749 8.308917 8.309082],[0.04570846 0.04691132 0.04821616 0.04961289]
TRANSFORMER,D,1e-07,10,False,False,TDD,phase,10.0,[0.01832374 0.02914347 0.03588619 0.04310349],[0.00760283 0.01474799 0.01772396 0.01912906],[ 5.430205  8.583246 10.653385 13.013834],[2.324326  4.4042416 5.606292  6.3978353],[8.285321 8.277904 8.272031 8.268574],[0.14465497 0.16449016 0.1827869  0.20026796],[8.302197 8.302738 8.303449 8.304353],[0.14413556 0.16243479 0.18018848 0.19722274]
TRANSFORMER,D,1e-07,30,False,False,TDD,phase,10.0,[0.04265683 0.05882121 0.07698678 0.11193819],[0.02579098 0.02709972 0.03355167 0.05831229],[13.061214 17.9021   23.28514  33.96756 ],[ 8.942715  9.621696 11.553699 18.081573],[8.273403 8.266461 8.257465 8.241468],[0.29223448 0.32571253 0.3548984  0.38026628],[8.307436 8.310596 8.312113 8.31137 ],[0.28931206 0.31602684 0.33770058 0.35521185]
TRANSFORMER,D,3e-07,1,False,False,TDD,phase,10.0,[0.03720716 0.03747855 0.03826909 0.03957957],[0.01570337 0.01579949 0.0160313  0.01600172],[11.013847 11.09443  11.324272 11.750165],[4.6241317 4.651003  4.7149835 4.7035995],[8.272042 8.271599 8.271266 8.270375],[0.03132722 0.03266141 0.03414758 0.03563727],[8.304571 8.304598 8.304624 8.304644],[0.02125929 0.02278931 0.02444145 0.02619203]
TRANSFORMER,D,3e-07,10,False,False,TDD,phase,10.0,[0.0415714  0.04565454 0.04668338 0.05033921],[0.01894075 0.0196663  0.02004353 0.02008695],[12.218223 13.419784 13.758911 15.030859],[5.533808  5.783552  5.995669  6.4581804],[8.255581 8.253996 8.252563 8.250718],[0.13963355 0.15832658 0.1771889  0.19593178],[8.291802 8.291453 8.291422 8.291797],[0.13622427 0.15536554 0.17447104 0.193445  ]
TRANSFORMER,D,3e-07,30,False,False,TDD,phase,10.0,[0.05557175 0.06375319 0.07306058 0.1064592 ],[0.02540622 0.02310739 0.02855054 0.05171385],[16.876976 19.183565 21.903706 32.502186],[ 8.765435   7.8891597  9.672283  18.870514 ],[8.274869 8.264169 8.248286 8.228062],[0.26289314 0.29385498 0.32633436 0.35507268],[8.314291 8.305841 8.296564 8.287483],[0.25759736 0.28634158 0.31637365 0.34177953]
TRANSFORMER,A,3e-08,1,False,False,TDD,phase,15.0,[0.00487417 0.00718666 0.01038198 0.01746979],[0.00276334 0.00548048 0.00917572 0.01612769],[1.4106276 2.2066824 3.2161856 6.344439 ],[0.91545063 1.9902512  3.1040459  6.1132817 ],[8.326786 8.323067 8.319339 8.314793],[0.18948671 0.19314663 0.19742738 0.20222704],[8.330993 8.329849 8.328677 8.327478],[0.19007084 0.19461922 0.19951843 0.20474008]
TRANSFORMER,A,3e-08,10,False,False,TDD,phase,15.0,[0.03627975 0.09052344 0.15269814 0.23713644],[0.04081121 0.10371991 0.19486561 0.32728407],[ 5.242942 12.566956 23.765676 42.29646 ],[ 4.264733  9.483343 18.801945 33.320995],[8.184931  8.1580515 8.121242  8.074124 ],[0.5535027  0.62589407 0.70405537 0.7898156 ],[8.202797 8.202787 8.20477  8.210616],[0.5486622  0.603959   0.65337497 0.69756156]
TRANSFORMER,A,3e-08,30,False,False,TDD,phase,15.0,[0.23659773 0.39943436 0.64121926 0.8733234 ],[0.31136972 0.28837112 0.56690454 0.8155463 ],[ 35.129013  75.58538  126.62065  176.90996 ],[ 36.206627  73.362724 119.32543  165.85803 ],[7.7899795 7.5843744 7.3639555 6.9868007],[1.0497304 1.2958419 1.2761117 1.5994655],[7.9305916 7.937528  7.938669  7.9467754],[0.94080913 0.97129947 1.0151565  1.0446168 ]
TRANSFORMER,A,1e-07,1,False,False,TDD,phase,15.0,[0.0085453  0.01141727 0.01639608 0.02433668],[0.00384114 0.00535297 0.00775496 0.01279208],[2.6452913 3.7041254 5.24284   8.9880705],[1.7749217 2.9376879 4.1044955 7.8643136],[8.257738  8.255684  8.253934  8.2517185],[0.5135407  0.5132332  0.51321286 0.5135268 ],[8.262489 8.263346 8.264196 8.265036],[0.5146195  0.5150341  0.5156064  0.51633507]
TRANSFORMER,A,1e-07,10,False,False,TDD,phase,15.0,[0.03565386 0.08241591 0.14032607 0.21701355],[0.03140564 0.07481355 0.12077573 0.15092368],[ 6.5102153 15.226321  28.827147  53.891186 ],[ 4.5288353 12.188994  25.420815  49.498222 ],[8.125742  8.101529  8.0666685 8.017921 ],[0.62739956 0.6830265  0.7460212  0.8082065 ],[8.144523 8.146372 8.146507 8.145758],[0.6222944 0.6648694 0.7096781 0.7541992]
TRANSFORMER,A,1e-07,30,False,False,TDD,phase,15.0,[0.19966903 0.45636752 0.61909187 0.79828906],[0.14829956 0.57254964 0.32630727 0.33723956],[ 50.12579 108.80564 165.97368 207.04906],[ 57.139454 102.31857  151.87665  174.79942 ],[7.935146  7.6690125 7.2819614 6.9123898],[1.0250088 1.2591107 1.4952916 1.502362 ],[8.072836  8.0405245 7.9876432 7.931781 ],[0.9680374 1.0242085 1.0625325 1.0865595]
TRANSFORMER,A,3e-07,1,False,False,TDD,phase,15.0,[0.01496352 0.01983852 0.02604139 0.04618298],[0.00445988 0.00658021 0.00847297 0.0139125 ],[ 5.1297345  6.6102147  8.74972   17.195147 ],[2.6928744 3.654226  4.917834  9.074872 ],[8.202973 8.197938 8.19575  8.193869],[0.35257015 0.35327232 0.35416958 0.3562635 ],[8.213685 8.214922 8.216152 8.217376],[0.35320455 0.35431996 0.3555505  0.35689354]
TRANSFORMER,A,3e-07,10,False,False,TDD,phase,15.0,[0.05954256 0.11354561 0.18386894 0.29368246],[0.03784298 0.07072462 0.10054138 0.15156336],[16.91603  29.701824 49.725903 85.36113 ],[13.460785 20.088331 31.810902 59.41253 ],[8.135748 8.103628 8.048914 7.981203],[0.6265114  0.6894947  0.7682597  0.84941566],[8.171758 8.174995 8.178912 8.18387 ],[0.61714435 0.66222095 0.70273554 0.73701555]
TRANSFORMER,A,3e-07,30,False,False,TDD,phase,15.0,[0.2685191  0.51385885 0.7744749  0.95450926],[0.15303454 0.21858782 0.28987002 0.410885  ],[ 85.79539 157.51607 234.95575 280.0507 ],[ 84.71122 130.47975 181.62334 204.59485],[7.8215947 7.6096025 7.2136736 7.0791235],[0.97474563 1.1428123  1.3492662  1.4951084 ],[8.039328 8.043646 8.03752  8.038265],[0.90889144 0.95316565 1.0154774  1.050955  ]
TRANSFORMER,C,3e-08,1,False,False,TDD,phase,15.0,[0.00781226 0.01548195 0.02541601 0.03974945],[0.0039159  0.01428927 0.02627768 0.04199591],[1.9851973 3.4915762 5.360253  9.776035 ],[1.1814353 2.253533  3.2879772 5.742569 ],[8.313731  8.309418  8.3046665 8.29877  ],[0.13149254 0.13395107 0.13677475 0.14053991],[8.320241 8.321053 8.321877 8.322711],[0.1314964  0.13392694 0.13672413 0.13986447]
TRANSFORMER,C,3e-08,10,False,False,TDD,phase,15.0,[0.08765212 0.21472284 0.39938077 0.5330526 ],[0.08994729 0.21039598 0.44472647 0.4593572 ],[ 13.599331  36.05248   66.09678  103.271545],[14.029132 35.989506 62.604836 89.1016  ],[8.164281  8.025377  7.7909117 7.492353 ],[0.4522126  0.58623594 0.8902301  1.2379164 ],[8.214156 8.200949 8.206897 8.228696],[0.43586653 0.47545165 0.5107417  0.53240734]
TRANSFORMER,C,3e-08,30,False,False,TDD,phase,15.0,[0.45588443 0.84945977 0.9439648  0.996519  ],[0.38786456 0.5883977  0.5247309  0.37446383],[104.79073 188.74002 230.97466 248.42691],[ 83.982285 125.77944  138.16382  139.21535 ],[7.6425285 6.5397506 5.9896727 5.8181353],[1.0130663 1.908677  1.8741984 1.6942806],[8.26459   8.2423935 8.200481  8.146262 ],[0.59722245 0.63432664 0.6843038  0.7340101 ]
TRANSFORMER,C,1e-07,1,False,False,TDD,phase,15.0,[0.00853484 0.01294378 0.01954661 0.03010228],[0.00283632 0.00570431 0.01013456 0.01457112],[2.227152  3.4988961 5.186066  9.373786 ],[0.9141952 1.6209362 2.6262636 4.4898033],[8.280917 8.275207 8.268536 8.260854],[0.20082992 0.20295134 0.20546637 0.20837891],[8.287666  8.286729  8.285783  8.2848215],[0.20094848 0.20314613 0.20554835 0.20814276]
TRANSFORMER,C,1e-07,10,False,False,TDD,phase,15.0,[0.07114437 0.16289288 0.28658292 0.42868277],[0.05502569 0.11848489 0.18189014 0.23234077],[ 15.800824  38.290585  68.89505  108.10045 ],[14.976672 36.693493 59.740284 80.086   ],[8.168286  8.063584  7.8889904 7.652647 ],[0.4105432  0.47781435 0.59252554 0.73207146],[8.228059 8.225114 8.221141 8.218307],[0.4063242  0.44373652 0.4743657  0.49637356]
TRANSFORMER,C,1e-07,30,False,False,TDD,phase,15.0,[0.33098042 0.588847   0.7949368  0.88082075],[0.20421053 0.28346    0.32824108 0.2569894 ],[ 79.35776 149.93298 205.07568 239.4426 ],[ 58.89229  91.7143  113.44389 127.92098],[7.83992   7.233143  6.6980534 6.350958 ],[0.692931  1.0766158 1.2976242 1.3908007],[8.210542 8.202722 8.19268  8.180748],[0.5592177  0.55600965 0.5821842  0.64674735]
TRANSFORMER,C,3e-07,1,False,False,TDD,phase,15.0,[0.03833563 0.04202364 0.04940756 0.07187121],[0.02529061 0.02595033 0.02722393 0.02865411],[10.671085 11.509321 14.055407 22.588015],[6.7264295 6.898399  7.5194063 9.118914 ],[8.26737  8.262228 8.254638 8.244877],[0.12785639 0.12986809 0.13155974 0.13312496],[8.30922  8.309395 8.309544 8.309666],[0.12782563 0.12907478 0.13059264 0.132371  ]
TRANSFORMER,C,3e-07,10,False,False,TDD,phase,15.0,[0.08428488 0.1590154  0.23608044 0.3668059 ],[0.04175402 0.07627189 0.09980608 0.1606278 ],[ 23.083075  45.104324  67.27048  107.48582 ],[12.997121 25.36178  34.078773 59.003582],[8.156192  8.063429  7.9598436 7.800138 ],[0.35254106 0.4080215  0.47160038 0.580653  ],[8.250104 8.243475 8.238306 8.233626],[0.33855358 0.37196392 0.40309045 0.43264046]
TRANSFORMER,C,3e-07,30,False,False,TDD,phase,15.0,[0.36013088 0.64318687 0.769392   0.8947926 ],[0.18779075 0.2510239  0.24074933 0.24236003],[105.38521 196.1622  237.136   280.62637],[ 65.71994 111.36182 127.01202 138.38857],[7.748019  7.0411773 6.787615  6.631137 ],[0.7683832 1.0999417 1.2320129 1.3056469],[8.243394  8.2595005 8.280929  8.2970915],[0.5275148  0.56576973 0.5995795  0.6289665 ]
TRANSFORMER,D,3e-08,1,False,False,TDD,phase,15.0,[0.00316676 0.00368481 0.0047225  0.00633832],[0.0011961  0.0015159  0.00216647 0.00278622],[0.91141844 1.0586157  1.3419398  1.8930653 ],[0.29467347 0.36843812 0.5040745  0.7756066 ],[8.311781 8.31118  8.310352 8.30862 ],[0.16924395 0.16958715 0.16999692 0.17058894],[8.314398 8.314319 8.314234 8.314145],[0.1689577  0.1692839  0.16965668 0.17007592]
TRANSFORMER,D,3e-08,10,False,False,TDD,phase,15.0,[0.00937399 0.01615253 0.02255708 0.0316731 ],[0.00499644 0.01091391 0.01606039 0.01983924],[2.7145364 4.660332  6.553076  9.660443 ],[1.3986074 3.1538675 5.2057047 7.425147 ],[8.308887 8.305139 8.300645 8.296362],[0.22114062 0.23074974 0.24101482 0.2511402 ],[8.316226 8.317209 8.319232 8.322231],[0.22064124 0.22971565 0.23861213 0.24789669]
TRANSFORMER,D,3e-08,30,False,False,TDD,phase,15.0,[0.03819211 0.05967162 0.08245912 0.12357303],[0.02779375 0.04175012 0.06216379 0.08909567],[10.826299 16.364765 22.324514 34.529636],[ 7.7999644 10.390837  14.713217  22.550886 ],[8.25213  8.224158 8.197274 8.168952],[0.31919345 0.3409435  0.3674515  0.40458646],[8.279626 8.265633 8.254636 8.245803],[0.3149234  0.33140603 0.3475315  0.37491977]
TRANSFORMER,D,1e-07,1,False,False,TDD,phase,15.0,[0.00910697 0.00958556 0.01129386 0.01422565],[0.00386284 0.00400075 0.00469084 0.00607207],[2.692845  2.8339334 3.3356788 4.254382 ],[1.1040357 1.1386681 1.3322678 1.7631365],[8.299461 8.299051 8.297923 8.295583],[0.04686124 0.04830604 0.05005737 0.05188832],[8.30858  8.308749 8.308917 8.309082],[0.04570846 0.04691132 0.04821616 0.04961289]
TRANSFORMER,D,1e-07,10,False,False,TDD,phase,15.0,[0.01819562 0.02949953 0.03604014 0.04111292],[0.00784915 0.01549343 0.0182036  0.01883488],[ 5.3363214  8.620206  10.619724  12.311087 ],[2.3205557 4.5473924 5.666137  6.149257 ],[8.286395 8.279325 8.273629 8.270531],[0.1445454  0.16440707 0.18264084 0.20004453],[8.302197 8.302738 8.303449 8.304353],[0.14413556 0.16243479 0.18018848 0.19722274]
TRANSFORMER,D,1e-07,30,False,False,TDD,phase,15.0,[0.04146365 0.05756794 0.07456591 0.10810634],[0.02575442 0.02707018 0.03359207 0.06033368],[12.657872 17.456005 22.456345 32.677887],[ 8.859438  9.38028  11.277896 18.248354],[8.274798 8.268327 8.260577 8.245862],[0.29197517 0.32548353 0.35389277 0.379608  ],[8.307436 8.310596 8.312113 8.31137 ],[0.28931206 0.31602684 0.33770058 0.35521185]
TRANSFORMER,D,3e-07,1,False,False,TDD,phase,15.0,[0.03607053 0.03665609 0.03755832 0.03800599],[0.01560393 0.0157736  0.0160195  0.01605051],[10.655657 10.821896 11.082053 11.247653],[4.5955124 4.6443067 4.711464  4.718208 ],[8.272935 8.272602 8.272233 8.271365],[0.03127138 0.03261626 0.03409101 0.03555871],[8.304571 8.304598 8.304624 8.304644],[0.02125929 0.02278931 0.02444145 0.02619203]
TRANSFORMER,D,3e-07,10,False,False,TDD,phase,15.0,[0.04189472 0.04670469 0.04736848 0.04871488],[0.01899025 0.01988449 0.02054115 0.02006888],[12.271515 13.685637 13.893499 14.458418],[5.5149374 5.7870326 6.0207434 6.2961836],[8.256811 8.255538 8.254377 8.252721],[0.13949704 0.15813453 0.17703328 0.19588614],[8.291802 8.291453 8.291422 8.291797],[0.13622427 0.15536554 0.17447104 0.193445  ]
TRANSFORMER,D,3e-07,30,False,False,TDD,phase,15.0,[0.05519364 0.06332117 0.07134164 0.10210313],[0.02554704 0.02316475 0.02842026 0.05087122],[16.702133 18.958656 21.247309 31.065046],[ 8.704424   7.6582127  9.153536  18.153816 ],[8.276175 8.265839 8.250967 8.232104],[0.2630136  0.29371223 0.326076   0.35452324],[8.314291 8.305841 8.296564 8.287483],[0.25759736 0.28634158 0.31637365 0.34177953]
TRANSFORMER,A,3e-08,1,False,False,TDD,phase,20.0,[0.00502548 0.00713995 0.01007598 0.01642158],[0.00298612 0.00521943 0.00881768 0.01562173],[1.3456132 2.0974145 3.0675771 6.0156307],[0.87136257 1.908251   3.0363786  6.069542  ],[8.326995 8.323226 8.319369 8.314781],[0.18947966 0.19309233 0.19739251 0.20215057],[8.330993 8.329849 8.328677 8.327478],[0.19007084 0.19461922 0.19951843 0.20474008]
TRANSFORMER,A,3e-08,10,False,False,TDD,phase,20.0,[0.03580089 0.08904505 0.1511827  0.23903334],[0.0399311  0.10287984 0.19540106 0.3556366 ],[ 5.135511 12.264684 23.327682 41.719116],[ 4.1651497  9.3297615 18.647625  33.181248 ],[8.185114 8.158469 8.121857 8.075083],[0.55328184 0.6253257  0.7031149  0.78857464],[8.202797 8.202787 8.20477  8.210616],[0.5486622  0.603959   0.65337497 0.69756156]
TRANSFORMER,A,3e-08,30,False,False,TDD,phase,20.0,[0.23420891 0.3990672  0.6421977  0.8757002 ],[0.30181155 0.29058832 0.56970185 0.81990117],[ 34.89356  75.20761 126.37246 176.75732],[ 36.317173  73.26082  119.29329  165.98082 ],[7.7899995 7.587282  7.3647656 6.9910865],[1.0499315 1.2884418 1.2768676 1.5936443],[7.9305916 7.937528  7.938669  7.9467754],[0.94080913 0.97129947 1.0151565  1.0446168 ]
TRANSFORMER,A,1e-07,1,False,False,TDD,phase,20.0,[0.00887981 0.0114506  0.01625205 0.02331215],[0.0043744  0.00540221 0.00774391 0.01244228],[2.5829694 3.5691364 5.061036  8.598121 ],[1.6416601 2.7922707 3.9481235 7.6897416],[8.257957 8.255911 8.254099 8.251851],[0.5134833  0.5130683  0.5129743  0.51327723],[8.262489 8.263346 8.264196 8.265036],[0.5146195  0.5150341  0.5156064  0.51633507]
TRANSFORMER,A,1e-07,10,False,False,TDD,phase,20.0,[0.03559268 0.08164129 0.13875756 0.21491349],[0.03150772 0.07577702 0.12199378 0.15169369],[ 6.430076 14.919112 28.309126 53.28604 ],[ 4.438761 12.016602 25.180717 49.414104],[8.126032 8.101801 8.067064 8.018406],[0.6272562  0.6830577  0.74608094 0.8081562 ],[8.144523 8.146372 8.146507 8.145758],[0.6222944 0.6648694 0.7096781 0.7541992]
TRANSFORMER,A,1e-07,30,False,False,TDD,phase,20.0,[0.19855002 0.45746833 0.618949   0.79896075],[0.1476774  0.59158164 0.3276616  0.34042665],[ 50.00696 108.57229 165.82808 207.03398],[ 57.41967 102.41605 151.77237 174.85478],[7.9346204 7.6687593 7.2829037 6.912362 ],[1.0241456 1.2595544 1.4925644 1.4987652],[8.072836  8.0405245 7.9876432 7.931781 ],[0.9680374 1.0242085 1.0625325 1.0865595]
TRANSFORMER,A,3e-07,1,False,False,TDD,phase,20.0,[0.01448582 0.01961716 0.02573153 0.04462373],[0.00439346 0.00665734 0.00865879 0.01403262],[ 4.8790636  6.398962   8.521241  16.700453 ],[2.554406  3.5505157 4.848182  9.058036 ],[8.203219 8.198138 8.195891 8.19404 ],[0.352528   0.35320133 0.35412073 0.35622302],[8.213685 8.214922 8.216152 8.217376],[0.35320455 0.35431996 0.3555505  0.35689354]
TRANSFORMER,A,3e-07,10,False,False,TDD,phase,20.0,[0.05885191 0.11257907 0.18275654 0.2928333 ],[0.03806363 0.0714332  0.10154713 0.1532794 ],[16.66124  29.324226 49.284645 84.97868 ],[13.417195 20.012672 31.618992 59.389893],[8.135758 8.103797 8.048611 7.980739],[0.6264252 0.6891864 0.7681409 0.8494659],[8.171758 8.174995 8.178912 8.18387 ],[0.61714435 0.66222095 0.70273554 0.73701555]
TRANSFORMER,A,3e-07,30,False,False,TDD,phase,20.0,[0.26723975 0.51322806 0.77539706 0.956723  ],[0.15311745 0.21927094 0.29108343 0.41337997],[ 85.67963 157.38353 234.79158 280.1964 ],[ 84.999054 130.65604  181.63293  204.58011 ],[7.8200493 7.6103325 7.2151046 7.0743   ],[0.9737317 1.1397445 1.3494657 1.4969442],[8.039328 8.043646 8.03752  8.038265],[0.90889144 0.95316565 1.0154774  1.050955  ]
TRANSFORMER,C,3e-08,1,False,False,TDD,phase,20.0,[0.00781313 0.01521667 0.02495944 0.03866816],[0.00399426 0.01417972 0.02619487 0.04269964],[1.8402623 3.3049731 5.1247606 9.376929 ],[1.0806165 2.1737244 3.209897  5.683521 ],[8.313934 8.309462 8.304622 8.298609],[0.13151136 0.13399985 0.13687581 0.14066048],[8.320241 8.321053 8.321877 8.322711],[0.1314964  0.13392694 0.13672413 0.13986447]
TRANSFORMER,C,3e-08,10,False,False,TDD,phase,20.0,[0.08667585 0.21416281 0.40068275 0.5338938 ],[0.08984136 0.21304125 0.4492126  0.4633971 ],[ 13.30151  35.65485  65.86168 103.05925],[13.907088 35.990597 62.784733 89.28071 ],[8.164192  8.025203  7.7887983 7.49021  ],[0.45235577 0.58684075 0.8942562  1.2405965 ],[8.214156 8.200949 8.206897 8.228696],[0.43586653 0.47545165 0.5107417  0.53240734]
TRANSFORMER,C,3e-08,30,False,False,TDD,phase,20.0,[0.45796928 0.85254705 0.9440286  0.99898314],[0.39864022 0.5954621  0.5173906  0.37733585],[104.545204 188.78452  231.1151   248.43236 ],[ 84.173225 125.987206 138.31744  139.07791 ],[7.641718  6.5351806 5.9885297 5.8145823],[1.0141903 1.918459  1.8726557 1.7008669],[8.26459   8.2423935 8.200481  8.146262 ],[0.59722245 0.63432664 0.6843038  0.7340101 ]
TRANSFORMER,C,1e-07,1,False,False,TDD,phase,20.0,[0.00846445 0.012716   0.01930306 0.02898632],[0.00292217 0.00564358 0.01010905 0.01450446],[2.1015573 3.309854  4.9899273 8.993707 ],[0.8221461 1.5132843 2.537655  4.454875 ],[8.281183  8.2754545 8.268615  8.26088  ],[0.20081465 0.20293432 0.20538983 0.20823301],[8.287666  8.286729  8.285783  8.2848215],[0.20094848 0.20314613 0.20554835 0.20814276]
TRANSFORMER,C,1e-07,10,False,False,TDD,phase,20.0,[0.07047255 0.16177431 0.2856034  0.4279242 ],[0.05475565 0.11864568 0.1826835  0.23343976],[ 15.528709  37.825485  68.33579  107.588135],[14.755345 36.453224 59.65598  80.06994 ],[8.168514 8.063898 7.889326 7.652714],[0.41058907 0.47769222 0.592413   0.7322967 ],[8.228059 8.225114 8.221141 8.218307],[0.4063242  0.44373652 0.4743657  0.49637356]
TRANSFORMER,C,1e-07,30,False,False,TDD,phase,20.0,[0.3306712  0.58875906 0.7965951  0.8820564 ],[0.20513242 0.2849949  0.33212385 0.25982678],[ 79.139694 149.63971  204.9612   239.4241  ],[ 58.87828  91.72802 113.63838 128.11528],[7.8400373 7.2352934 6.6997705 6.3462243],[0.69197893 1.0750521  1.2994466  1.3908398 ],[8.210542 8.202722 8.19268  8.180748],[0.5592177  0.55600965 0.5821842  0.64674735]
TRANSFORMER,C,3e-07,1,False,False,TDD,phase,20.0,[0.03771673 0.04166046 0.0489261  0.07026919],[0.0253075  0.02602761 0.02726498 0.02871901],[10.409677 11.286653 13.814084 22.079521],[6.7177343 6.907785  7.5253158 9.137705 ],[8.267567 8.262491 8.254815 8.24499 ],[0.12781408 0.1297693  0.13146177 0.13302873],[8.30922  8.309395 8.309544 8.309666],[0.12782563 0.12907478 0.13059264 0.132371  ]
TRANSFORMER,C,3e-07,10,False,False,TDD,phase,20.0,[0.0836946  0.1576765  0.23402308 0.36507973],[0.04190722 0.07621145 0.09974322 0.16125326],[ 22.859032  44.707497  66.6784   106.99159 ],[13.013517 25.300793 33.913513 58.96136 ],[8.156434  8.063703  7.9603777 7.8006988],[0.3522542  0.40786973 0.4711901  0.5799293 ],[8.250104 8.243475 8.238306 8.233626],[0.33855358 0.37196392 0.40309045 0.43264046]
TRANSFORMER,C,3e-07,30,False,False,TDD,phase,20.0,[0.35925865 0.6429707  0.7688906  0.8958833 ],[0.18830042 0.2520246  0.24188316 0.24418344],[105.23124 196.11607 236.75835 280.8483 ],[ 66.02523 111.75523 126.92853 138.86919],[7.747071  7.041341  6.7912903 6.6314406],[0.7680361 1.0995082 1.2325011 1.3019261],[8.243394  8.2595005 8.280929  8.2970915],[0.5275148  0.56576973 0.5995795  0.6289665 ]
TRANSFORMER,D,3e-08,1,False,False,TDD,phase,20.0,[0.0030888  0.00364306 0.00469608 0.00599326],[0.00136134 0.00165845 0.00243972 0.00285779],[0.8749749 1.02388   1.3070697 1.7610703],[0.32669744 0.38911852 0.55282766 0.75683737],[8.312039 8.311463 8.310619 8.308889],[0.1692308  0.16958076 0.16997951 0.17056589],[8.314398 8.314319 8.314234 8.314145],[0.1689577  0.1692839  0.16965668 0.17007592]
TRANSFORMER,D,3e-08,10,False,False,TDD,phase,20.0,[0.00957919 0.01649575 0.02286423 0.03121991],[0.00519221 0.0111927  0.01639948 0.02001225],[2.7477567 4.72557   6.591658  9.463146 ],[1.3919917 3.1578076 5.2049174 7.368045 ],[8.309279 8.305562 8.301144 8.296937],[0.2211555  0.23068519 0.24096109 0.25108767],[8.316226 8.317209 8.319232 8.322231],[0.22064124 0.22971565 0.23861213 0.24789669]
TRANSFORMER,D,3e-08,30,False,False,TDD,phase,20.0,[0.03828839 0.05967089 0.08246534 0.12349864],[0.02792783 0.04217354 0.0637614  0.09091443],[10.81992  16.300627 22.22108  34.382328],[ 7.785892 10.410715 14.881549 22.758537],[8.252471  8.2246065 8.19789   8.169539 ],[0.31900033 0.34081036 0.3673688  0.40466085],[8.279626 8.265633 8.254636 8.245803],[0.3149234  0.33140603 0.3475315  0.37491977]
TRANSFORMER,D,1e-07,1,False,False,TDD,phase,20.0,[0.00897563 0.0094531  0.01116967 0.01375473],[0.00379113 0.00395602 0.00464565 0.00599168],[2.6455798 2.7838843 3.2867684 4.1030407],[1.0808448 1.123386  1.3175373 1.7380372],[8.299753 8.299374 8.298229 8.295894],[0.04687562 0.04828214 0.05002362 0.05186448],[8.30858  8.308749 8.308917 8.309082],[0.04570846 0.04691132 0.04821616 0.04961289]
TRANSFORMER,D,1e-07,10,False,False,TDD,phase,20.0,[0.0184417  0.02998464 0.03657409 0.04082798],[0.00794057 0.01574416 0.01835778 0.01866147],[ 5.390221   8.740869  10.749574  12.1933565],[2.3155508 4.5947304 5.6597905 6.04825  ],[8.286736 8.279688 8.274121 8.271235],[0.14457174 0.1643835  0.18256679 0.19995944],[8.302197 8.302738 8.303449 8.304353],[0.14413556 0.16243479 0.18018848 0.19722274]
TRANSFORMER,D,1e-07,30,False,False,TDD,phase,20.0,[0.04120041 0.05740275 0.07434194 0.10732763],[0.02540156 0.02699316 0.03383288 0.06113994],[12.563623 17.386528 22.33864  32.39117 ],[ 8.743368  9.30076  11.178975 18.28069 ],[8.275188 8.2688   8.261242 8.246876],[0.2920493  0.3254298  0.35411847 0.37996256],[8.307436 8.310596 8.312113 8.31137 ],[0.28931206 0.31602684 0.33770058 0.35521185]
TRANSFORMER,D,3e-07,1,False,False,TDD,phase,20.0,[0.03605144 0.03671196 0.03763226 0.03777767],[0.01560976 0.01578765 0.01606164 0.01610897],[10.644613 10.830724 11.0956   11.16974 ],[4.5979176 4.6482987 4.723433  4.7354794],[8.273214 8.272914 8.272534 8.271658],[0.03125475 0.03259049 0.03406264 0.03552948],[8.304571 8.304598 8.304624 8.304644],[0.02125929 0.02278931 0.02444145 0.02619203]
TRANSFORMER,D,3e-07,10,False,False,TDD,phase,20.0,[0.04226995 0.04739554 0.04794924 0.04841461],[0.01905144 0.01996975 0.02074929 0.02003087],[12.368125 13.876267 14.04926  14.34863 ],[5.5226645 5.8038263 6.063623  6.2540016],[8.257175 8.255947 8.254906 8.253376],[0.13947324 0.15808389 0.17693059 0.1957227 ],[8.291802 8.291453 8.291422 8.291797],[0.13622427 0.15536554 0.17447104 0.193445  ]
TRANSFORMER,D,3e-07,30,False,False,TDD,phase,20.0,[0.05515227 0.0631234  0.07101423 0.10110515],[0.02555864 0.02322744 0.02844419 0.05073523],[16.669168 18.87595  21.112507 30.733253],[ 8.663596   7.5804396  9.004455  17.939322 ],[8.276571 8.266451 8.251895 8.233677],[0.26298136 0.29363355 0.32601282 0.35442653],[8.314291 8.305841 8.296564 8.287483],[0.25759736 0.28634158 0.31637365 0.34177953]
TRANSFORMER,A,3e-08,1,False,False,TDD,phase,25.0,[0.00513275 0.00721151 0.01006993 0.01619335],[0.00310195 0.00521341 0.00875733 0.01552523],[1.3367391 2.0878375 3.040903  5.933903 ],[0.8609725 1.9036416 3.0317538 6.0619574],[8.327051  8.323231  8.319362  8.3147335],[0.18946634 0.19302571 0.19734882 0.20208742],[8.330993 8.329849 8.328677 8.327478],[0.19007084 0.19461922 0.19951843 0.20474008]
TRANSFORMER,A,3e-08,10,False,False,TDD,phase,25.0,[0.0357754  0.08884463 0.15085275 0.23710816],[0.03968709 0.10268527 0.19549274 0.34879568],[ 5.113485 12.201568 23.205183 41.550518],[ 4.139391  9.289197 18.598946 33.119186],[8.185127 8.158397 8.121764 8.07492 ],[0.553197   0.62524486 0.7031758  0.7886262 ],[8.202797 8.202787 8.20477  8.210616],[0.5486622  0.603959   0.65337497 0.69756156]
TRANSFORMER,A,3e-08,30,False,False,TDD,phase,25.0,[0.23353785 0.39893982 0.64257246 0.8752455 ],[0.29851922 0.29103422 0.5724532  0.8230721 ],[ 34.802067  75.14305  126.314    176.71706 ],[ 36.210293  73.18869  119.243996 165.98137 ],[7.7899227 7.587005  7.364013  6.990721 ],[1.0499836 1.2873114 1.2770091 1.5926392],[7.9305916 7.937528  7.938669  7.9467754],[0.94080913 0.97129947 1.0151565  1.0446168 ]
TRANSFORMER,A,1e-07,1,False,False,TDD,phase,25.0,[0.00906288 0.01153834 0.0162793  0.02310766],[0.00457662 0.00544298 0.00773135 0.01236333],[2.5856276 3.546298  5.025148  8.511544 ],[1.6116554 2.7526836 3.9102495 7.665824 ],[8.258021 8.255978 8.25416  8.251897],[0.51345676 0.5130286  0.5129417  0.513197  ],[8.262489 8.263346 8.264196 8.265036],[0.5146195  0.5150341  0.5156064  0.51633507]
TRANSFORMER,A,1e-07,10,False,False,TDD,phase,25.0,[0.03561442 0.0813318  0.13842255 0.21451816],[0.03131359 0.07544111 0.12245465 0.1522089 ],[ 6.425993 14.852506 28.201494 53.163692],[ 4.419515 12.008183 25.169447 49.431286],[8.126117 8.102028 8.067405 8.018841],[0.627139   0.6827567  0.7456268  0.80750835],[8.144523 8.146372 8.146507 8.145758],[0.6222944 0.6648694 0.7096781 0.7541992]
TRANSFORMER,A,1e-07,30,False,False,TDD,phase,25.0,[0.19838004 0.45657638 0.6191007  0.7994394 ],[0.14763714 0.58843625 0.32861808 0.34066772],[ 49.97683 108.49001 165.75578 207.03525],[ 57.50448  102.391426 151.69543  174.80606 ],[7.9345226 7.667825  7.2838664 6.9127874],[1.0237676 1.2610303 1.4885908 1.5012312],[8.072836  8.0405245 7.9876432 7.931781 ],[0.9680374 1.0242085 1.0625325 1.0865595]
TRANSFORMER,A,3e-07,1,False,False,TDD,phase,25.0,[0.01437847 0.01957794 0.02569379 0.04415825],[0.00436666 0.00665683 0.00867546 0.01399741],[ 4.8117294  6.339407   8.467896  16.558208 ],[2.5130742 3.507903  4.8191147 9.040999 ],[8.203287 8.198185 8.195906 8.194051],[0.35247436 0.35315675 0.35406017 0.3561598 ],[8.213685 8.214922 8.216152 8.217376],[0.35320455 0.35431996 0.3555505  0.35689354]
TRANSFORMER,A,3e-07,10,False,False,TDD,phase,25.0,[0.05876926 0.11222298 0.18230647 0.292567  ],[0.03827768 0.07139552 0.10146914 0.1536354 ],[16.60643  29.21501  49.134308 84.84054 ],[13.447003 19.961395 31.51122  59.33587 ],[8.135742  8.103696  8.048582  7.9807715],[0.6264267  0.68914205 0.76794    0.8490689 ],[8.171758 8.174995 8.178912 8.18387 ],[0.61714435 0.66222095 0.70273554 0.73701555]
TRANSFORMER,A,3e-07,30,False,False,TDD,phase,25.0,[0.26686868 0.51317894 0.7753994  0.9572319 ],[0.15316801 0.21962121 0.29225954 0.41606563],[ 85.70243 157.42957 234.73474 280.2732 ],[ 85.244064 130.84332  181.67747  204.7745  ],[7.8198094 7.609516  7.216501  7.0743947],[0.9727955 1.1394577 1.3490981 1.4962083],[8.039328 8.043646 8.03752  8.038265],[0.90889144 0.95316565 1.0154774  1.050955  ]
TRANSFORMER,C,3e-08,1,False,False,TDD,phase,25.0,[0.00790724 0.01522199 0.02489526 0.03824188],[0.00406057 0.01422253 0.02610439 0.04186776],[1.8238971 3.2675605 5.090386  9.283339 ],[1.0840636 2.1770804 3.2418022 5.7373037],[8.313937 8.30943  8.304505 8.298472],[0.13145015 0.13390651 0.13678199 0.14053002],[8.320241 8.321053 8.321877 8.322711],[0.1314964  0.13392694 0.13672413 0.13986447]
TRANSFORMER,C,3e-08,10,False,False,TDD,phase,25.0,[0.0863126  0.2137954  0.40108284 0.5340895 ],[0.08972323 0.21295558 0.44988975 0.46338075],[ 13.2089615  35.551235   65.79329   102.97579  ],[13.843374 35.96046  62.79888  89.29147 ],[8.164225  8.025154  7.7886434 7.4902563],[0.45226058 0.5865506  0.8941975  1.2400625 ],[8.214156 8.200949 8.206897 8.228696],[0.43586653 0.47545165 0.5107417  0.53240734]
TRANSFORMER,C,3e-08,30,False,False,TDD,phase,25.0,[0.4576517 0.8537576 0.9440213 0.9986546],[0.39682987 0.5964126  0.51659256 0.3763101 ],[104.480644 188.76944  231.05547  248.3895  ],[ 84.19457  126.074455 138.317    139.08952 ],[7.6411757 6.536529  5.991464  5.81848  ],[1.0146354 1.9122651 1.8699415 1.6959101],[8.26459   8.2423935 8.200481  8.146262 ],[0.59722245 0.63432664 0.6843038  0.7340101 ]
TRANSFORMER,C,1e-07,1,False,False,TDD,phase,25.0,[0.00849571 0.01269859 0.01925829 0.02870366],[0.00298496 0.00565519 0.01011651 0.01446669],[2.081181  3.273344  4.9422936 8.897295 ],[0.8039771 1.4996926 2.5244772 4.4460807],[8.281232 8.275496 8.268642 8.260855],[0.20079091 0.2028887  0.20534857 0.20824037],[8.287666  8.286729  8.285783  8.2848215],[0.20094848 0.20314613 0.20554835 0.20814276]
TRANSFORMER,C,1e-07,10,False,False,TDD,phase,25.0,[0.07028165 0.16137865 0.2851648  0.42746285],[0.05471955 0.11881939 0.18302673 0.23383196],[ 15.472001  37.72798   68.21728  107.469246],[14.723747 36.48127  59.676853 80.06754 ],[8.168604 8.064151 7.889708 7.653128],[0.41045544 0.47737983 0.59186333 0.73150295],[8.228059 8.225114 8.221141 8.218307],[0.4063242  0.44373652 0.4743657  0.49637356]
TRANSFORMER,C,1e-07,30,False,False,TDD,phase,25.0,[0.33062667 0.5886211  0.7963413  0.8819705 ],[0.20570585 0.2856416  0.33268702 0.25978962],[ 79.08145 149.56384 204.83293 239.37271],[ 58.976196  91.78069  113.49294  127.92988 ],[7.8403063 7.2352715 6.698742  6.346094 ],[0.6913477 1.0750824 1.3003458 1.3898338],[8.210542 8.202722 8.19268  8.180748],[0.5592177  0.55600965 0.5821842  0.64674735]
TRANSFORMER,C,3e-07,1,False,False,TDD,phase,25.0,[0.03756948 0.04156796 0.04880311 0.06987085],[0.02528043 0.02601066 0.02725413 0.02875031],[10.338048  11.2256155 13.753744  21.953527 ],[6.707129  6.9002957 7.5247836 9.150327 ],[8.267665 8.26261  8.254923 8.245025],[0.12781408 0.12977237 0.13144232 0.13303362],[8.30922  8.309395 8.309544 8.309666],[0.12782563 0.12907478 0.13059264 0.132371  ]
TRANSFORMER,C,3e-07,10,False,False,TDD,phase,25.0,[0.08360089 0.15741473 0.23360108 0.36467147],[0.04198195 0.07639314 0.09990703 0.16129215],[ 22.812346  44.616577  66.54624  106.85687 ],[12.984971 25.294874 33.872505 58.89734 ],[8.15631   8.063403  7.9601173 7.800714 ],[0.3523699  0.4080767  0.47168988 0.5802711 ],[8.250104 8.243475 8.238306 8.233626],[0.33855358 0.37196392 0.40309045 0.43264046]
TRANSFORMER,C,3e-07,30,False,False,TDD,phase,25.0,[0.35865578 0.64256006 0.76844794 0.89646685],[0.18836367 0.25241122 0.24231903 0.24532345],[105.078094 196.01762  236.61678  280.99463 ],[ 66.01708  111.825455 127.000946 138.99992 ],[7.7476215 7.0451317 6.7942114 6.630574 ],[0.7679107 1.0958608 1.232011  1.3031746],[8.243394  8.2595005 8.280929  8.2970915],[0.5275148  0.56576973 0.5995795  0.6289665 ]
TRANSFORMER,D,3e-08,1,False,False,TDD,phase,25.0,[0.00309985 0.00365575 0.00472601 0.00590997],[0.00144448 0.00173098 0.00256729 0.00293251],[0.87448466 1.0206447  1.3073922  1.7265918 ],[0.3475637  0.40258995 0.5789647  0.7626688 ],[8.312106  8.3115425 8.310683  8.308948 ],[0.16924024 0.16958971 0.16999274 0.17059414],[8.314398 8.314319 8.314234 8.314145],[0.1689577  0.1692839  0.16965668 0.17007592]
TRANSFORMER,D,3e-08,10,False,False,TDD,phase,25.0,[0.00971089 0.01668286 0.02308078 0.03116871],[0.00526416 0.01125607 0.01651463 0.02003002],[2.7782993 4.7653556 6.635431  9.428839 ],[1.3927342 3.1453054 5.192201  7.3360343],[8.30935  8.305655 8.301208 8.297058],[0.22115964 0.23071116 0.24099466 0.25116053],[8.316226 8.317209 8.319232 8.322231],[0.22064124 0.22971565 0.23861213 0.24789669]
TRANSFORMER,D,3e-08,30,False,False,TDD,phase,25.0,[0.03828679 0.0596394  0.0823276  0.12317219],[0.02805741 0.04215244 0.06392529 0.09118603],[10.801623 16.27981  22.14494  34.250805],[ 7.775162 10.395692 14.829008 22.67137 ],[8.252591 8.224877 8.19832  8.170087],[0.3190694  0.34076974 0.36737275 0.40469956],[8.279626 8.265633 8.254636 8.245803],[0.3149234  0.33140603 0.3475315  0.37491977]
TRANSFORMER,D,1e-07,1,False,False,TDD,phase,25.0,[0.00895623 0.00943154 0.01114263 0.01361238],[0.00377895 0.00394638 0.00464571 0.00596232],[2.6373837 2.7740934 3.2755594 4.057333 ],[1.0760939 1.1192946 1.3166791 1.7291317],[8.299845 8.29947  8.298327 8.295999],[0.04687928 0.0482891  0.05003303 0.05186514],[8.30858  8.308749 8.308917 8.309082],[0.04570846 0.04691132 0.04821616 0.04961289]
TRANSFORMER,D,1e-07,10,False,False,TDD,phase,25.0,[0.01854201 0.03014829 0.03668801 0.0406823 ],[0.00798074 0.0158202  0.01841115 0.01864618],[ 5.4127026  8.77993   10.775088  12.141069 ],[2.3132377 4.6032443 5.6634293 6.028656 ],[8.286839 8.279828 8.274287 8.271466],[0.14457333 0.16436628 0.18252642 0.19992511],[8.302197 8.302738 8.303449 8.304353],[0.14413556 0.16243479 0.18018848 0.19722274]
TRANSFORMER,D,1e-07,30,False,False,TDD,phase,25.0,[0.04120413 0.05734697 0.0742244  0.10709569],[0.02539954 0.0269476  0.03367201 0.06116642],[12.557168 17.356659 22.295149 32.320713],[ 8.734847  9.253824 11.114883 18.310396],[8.275271 8.268992 8.261523 8.247232],[0.29196063 0.32532042 0.35387447 0.37954915],[8.307436 8.310596 8.312113 8.31137 ],[0.28931206 0.31602684 0.33770058 0.35521185]
TRANSFORMER,D,3e-07,1,False,False,TDD,phase,25.0,[0.03606844 0.03675049 0.03768215 0.03771439],[0.01559674 0.0157899  0.01606613 0.01612019],[10.647578 10.839256 11.107002 11.14665 ],[4.5941253 4.6490803 4.7246337 4.737955 ],[8.273296 8.273003 8.272629 8.271741],[0.0312542  0.0326039  0.03406606 0.03554885],[8.304571 8.304598 8.304624 8.304644],[0.02125929 0.02278931 0.02444145 0.02619203]
TRANSFORMER,D,3e-07,10,False,False,TDD,phase,25.0,[0.04244705 0.04764479 0.04814318 0.04835486],[0.0190512  0.02000201 0.02079718 0.02000749],[12.416232 13.943739 14.09979  14.323306],[5.5199647 5.804833  6.0639887 6.2307515],[8.257278 8.256104 8.255095 8.25353 ],[0.13944478 0.15807731 0.17688666 0.19569835],[8.291802 8.291453 8.291422 8.291797],[0.13622427 0.15536554 0.17447104 0.193445  ]
TRANSFORMER,D,3e-07,30,False,False,TDD,phase,25.0,[0.05515943 0.06312039 0.07095976 0.10093372],[0.02558353 0.02321221 0.02855912 0.0507104 ],[16.662306 18.862926 21.080975 30.674307],[ 8.6592655  7.551272   8.996848  17.929949 ],[8.276715  8.266645  8.2520895 8.233875 ],[0.26296398 0.2935672  0.32594475 0.3544938 ],[8.314291 8.305841 8.296564 8.287483],[0.25759736 0.28634158 0.31637365 0.34177953]
TRANSFORMER,A,3e-08,1,False,False,TDD,burst,10.0,[0.00772358 0.00991469 0.01367168 0.0204578 ],[0.00506134 0.00698488 0.01035115 0.01698194],[1.6232502 2.4156096 3.5082023 6.5534496],[0.86189616 1.8699589  2.9963026  6.0814877 ],[8.325622 8.321663 8.317327 8.312756],[0.18989827 0.1935425  0.19809577 0.20284949],[8.330993 8.329849 8.328677 8.327478],[0.19007084 0.19461922 0.19951843 0.20474008]
TRANSFORMER,A,3e-08,10,False,False,TDD,burst,10.0,[0.03887044 0.09350142 0.15625924 0.24451964],[0.04125761 0.10473454 0.1977066  0.35906464],[ 5.5130796 12.814556  24.156044  42.904156 ],[ 4.2376075  9.541688  19.014507  33.80085  ],[8.18246  8.154474 8.115892 8.067025],[0.5557406  0.62919635 0.7094178  0.7979652 ],[8.202797 8.202787 8.20477  8.210616],[0.5486622  0.603959   0.65337497 0.69756156]
TRANSFORMER,A,3e-08,30,False,False,TDD,burst,10.0,[0.23820817 0.4020271  0.65558726 0.86963904],[0.3007561  0.2909084  0.64700645 0.7951473 ],[ 35.22776  75.54629 126.863   177.04092],[ 36.14835  72.81197 118.78519 165.33952],[7.7858567 7.579148  7.3592987 6.9915867],[1.0552639 1.3047161 1.2827704 1.5888616],[7.9305916 7.937528  7.938669  7.9467754],[0.94080913 0.97129947 1.0151565  1.0446168 ]
TRANSFORMER,A,1e-07,1,False,False,TDD,burst,10.0,[0.0114908  0.01457491 0.02043382 0.02804449],[0.00583084 0.00743329 0.01025752 0.01483583],[2.848869 3.87948  5.487957 9.142573],[1.6128458 2.733569  3.8976645 7.686451 ],[8.25636  8.253918 8.251386 8.249071],[0.5144952  0.51436734 0.5149156  0.5152281 ],[8.262489 8.263346 8.264196 8.265036],[0.5146195  0.5150341  0.5156064  0.51633507]
TRANSFORMER,A,1e-07,10,False,False,TDD,burst,10.0,[0.03842723 0.08532792 0.14409697 0.22068886],[0.03313476 0.07611401 0.12391113 0.15239283],[ 6.7533193 15.419363  29.114573  54.384624 ],[ 4.5077734 12.111826  25.324324  49.747005 ],[8.123728  8.0983925 8.061831  8.011695 ],[0.62885875 0.6853071  0.7500238  0.8122543 ],[8.144523 8.146372 8.146507 8.145758],[0.6222944 0.6648694 0.7096781 0.7541992]
TRANSFORMER,A,1e-07,30,False,False,TDD,burst,10.0,[0.2037735  0.45827693 0.6207813  0.7996695 ],[0.15473361 0.5882183  0.3288378  0.33708006],[ 50.514336 108.98032  166.15346  207.57756 ],[ 57.80409 102.46413 151.62485 175.04398],[7.9301853 7.666261  7.2778716 6.9015346],[1.0274665 1.2524419 1.498028  1.5065473],[8.072836  8.0405245 7.9876432 7.931781 ],[0.9680374 1.0242085 1.0625325 1.0865595]
TRANSFORMER,A,3e-07,1,False,False,TDD,burst,10.0,[0.0156234  0.02071292 0.02688743 0.04604668],[0.00484358 0.0070841  0.00912599 0.01432165],[ 5.034054   6.5608754  8.700798  16.935347 ],[2.5118003 3.5393107 4.8631477 9.090567 ],[8.202057 8.196984 8.19483  8.192865],[0.35282594 0.3534767  0.35440952 0.35657308],[8.213685 8.214922 8.216152 8.217376],[0.35320455 0.35431996 0.3555505  0.35689354]
TRANSFORMER,A,3e-07,10,False,False,TDD,burst,10.0,[0.06121935 0.11609067 0.18707499 0.2971968 ],[0.03897784 0.07304593 0.10306475 0.15403984],[17.064835 29.928505 50.11458  85.92527 ],[13.518568 20.220366 31.897766 59.67206 ],[8.132761 8.099522 8.043356 7.974132],[0.62821335 0.69169295 0.77100295 0.8524918 ],[8.171758 8.174995 8.178912 8.18387 ],[0.61714435 0.66222095 0.70273554 0.73701555]
TRANSFORMER,A,3e-07,30,False,False,TDD,burst,10.0,[0.2719291  0.51652557 0.7786118  0.9602047 ],[0.15258159 0.21920173 0.2911221  0.41089064],[ 86.697334 158.26338  235.28426  280.8084  ],[ 85.23215 131.08359 181.58057 204.35724],[7.8125243 7.5999646 7.206844  7.0544953],[0.97673297 1.1446497  1.3464977  1.5069729 ],[8.039328 8.043646 8.03752  8.038265],[0.90889144 0.95316565 1.0154774  1.050955  ]
TRANSFORMER,C,3e-08,1,False,False,TDD,burst,10.0,[0.01052692 0.01803258 0.02864457 0.04247714],[0.00607752 0.01462412 0.02617742 0.03845022],[2.0309777 3.5375555 5.483553  9.825048 ],[1.1488259 2.2346232 3.2944329 5.786675 ],[8.312996 8.30839  8.303241 8.29727 ],[0.13168624 0.13424641 0.1373337  0.14112921],[8.320241 8.321053 8.321877 8.322711],[0.1314964  0.13392694 0.13672413 0.13986447]
TRANSFORMER,C,3e-08,10,False,False,TDD,burst,10.0,[0.09018391 0.21836902 0.40627593 0.54021853],[0.08965985 0.21150573 0.45367128 0.4604173 ],[ 13.528606  36.011215  66.54144  103.97664 ],[13.61314  35.556896 62.3466   88.839226],[8.162095  8.022627  7.7852077 7.4836297],[0.45357886 0.58683866 0.89141244 1.2429341 ],[8.214156 8.200949 8.206897 8.228696],[0.43586653 0.47545165 0.5107417  0.53240734]
TRANSFORMER,C,3e-08,30,False,False,TDD,burst,10.0,[0.46136746 0.85301614 0.94500214 1.000776  ],[0.39828688 0.591179   0.50379807 0.37887043],[104.81316 189.11246 231.25162 248.55511],[ 84.11229 125.927   137.90933 138.82097],[7.637808  6.5307245 5.991534  5.82106  ],[1.0187552 1.9129579 1.8672332 1.6886564],[8.26459   8.2423935 8.200481  8.146262 ],[0.59722245 0.63432664 0.6843038  0.7340101 ]
TRANSFORMER,C,1e-07,1,False,False,TDD,burst,10.0,[0.01097426 0.01542028 0.02257847 0.0327433 ],[0.00455606 0.00702077 0.01138318 0.01571172],[2.4082162 3.639743  5.3989677 9.501109 ],[0.8580515 1.5472294 2.5987067 4.4864607],[8.279665 8.273761 8.26665  8.258766],[0.201157   0.20346947 0.20612468 0.20910019],[8.287666  8.286729  8.285783  8.2848215],[0.20094848 0.20314613 0.20554835 0.20814276]
TRANSFORMER,C,1e-07,10,False,False,TDD,burst,10.0,[0.07311944 0.16501279 0.28921986 0.4311291 ],[0.05450038 0.11806395 0.1809409  0.23069029],[ 15.924387  38.34753   68.9749   108.345085],[14.696639 36.446865 59.447887 79.83587 ],[8.165989  8.06062   7.8853536 7.648721 ],[0.41187552 0.47923645 0.5931327  0.7319164 ],[8.228059 8.225114 8.221141 8.218307],[0.4063242  0.44373652 0.4743657  0.49637356]
TRANSFORMER,C,1e-07,30,False,False,TDD,burst,10.0,[0.33286095 0.5915627  0.79723465 0.8825477 ],[0.20417066 0.28522834 0.33017164 0.25694966],[ 79.70993 150.20348 205.49475 239.73256],[ 58.98451  91.50956 113.20537 127.58164],[7.8371043 7.229184  6.691223  6.337161 ],[0.6940476 1.0847044 1.3077524 1.3965542],[8.210542 8.202722 8.19268  8.180748],[0.5592177  0.55600965 0.5821842  0.64674735]
TRANSFORMER,C,3e-07,1,False,False,TDD,burst,10.0,[0.03894261 0.04284715 0.05033634 0.0721195 ],[0.02551691 0.02626583 0.027594   0.02921765],[10.604561 11.483833 14.053424 22.402754],[6.744084  6.9306054 7.5594554 9.217117 ],[8.266484 8.261502 8.253817 8.244018],[0.12805177 0.12999794 0.13170956 0.13329343],[8.30922  8.309395 8.309544 8.309666],[0.12782563 0.12907478 0.13059264 0.132371  ]
TRANSFORMER,C,3e-07,10,False,False,TDD,burst,10.0,[0.08582463 0.1603827  0.23757103 0.36860314],[0.04206163 0.07657358 0.10022309 0.16094103],[ 23.311634  45.314644  67.49877  107.81299 ],[13.094011 25.445307 34.038284 58.867287],[8.153675  8.059971  7.9552007 7.794714 ],[0.35312384 0.40893924 0.4728401  0.5806902 ],[8.250104 8.243475 8.238306 8.233626],[0.33855358 0.37196392 0.40309045 0.43264046]
TRANSFORMER,C,3e-07,30,False,False,TDD,burst,10.0,[0.36167362 0.64516854 0.76969373 0.8985388 ],[0.18840456 0.25225317 0.24121626 0.24443044],[105.94785 196.742   237.07199 281.71716],[ 66.116974 111.87472  126.82409  138.83734 ],[7.74323   7.03425   6.7829194 6.608144 ],[0.7687616 1.0985336 1.2395027 1.3217273],[8.243394  8.2595005 8.280929  8.2970915],[0.5275148  0.56576973 0.5995795  0.6289665 ]
TRANSFORMER,D,3e-08,1,False,False,TDD,burst,10.0,[0.00383479 0.00442962 0.0055486  0.00689981],[0.00155541 0.00187756 0.00259009 0.00306131],[1.0837111 1.2415653 1.5471361 2.0174017],[0.36856553 0.4308082  0.5816821  0.81094456],[8.311122 8.310428 8.309456 8.307699],[0.1694113  0.16980703 0.17024593 0.17084697],[8.314398 8.314319 8.314234 8.314145],[0.1689577  0.1692839  0.16965668 0.17007592]
TRANSFORMER,D,3e-08,10,False,False,TDD,burst,10.0,[0.01076417 0.01773117 0.02447706 0.03334985],[0.0053846  0.01152191 0.01672339 0.02026   ],[ 3.0818224  5.0765247  7.0555577 10.110322 ],[1.4419394 3.2426858 5.312213  7.5769906],[8.307843 8.303764 8.29877  8.294358],[0.22133735 0.23086153 0.24129939 0.25131744],[8.316226 8.317209 8.319232 8.322231],[0.22064124 0.22971565 0.23861213 0.24789669]
TRANSFORMER,D,3e-08,30,False,False,TDD,burst,10.0,[0.03943636 0.0612877  0.08449479 0.12688331],[0.02811402 0.0427289  0.06305707 0.08980368],[11.151273 16.767519 22.833755 35.405785],[ 7.8136196 10.542754  14.804899  22.852034 ],[8.25079   8.222209  8.194775  8.1648655],[0.31922323 0.3414119  0.36793458 0.40545082],[8.279626 8.265633 8.254636 8.245803],[0.3149234  0.33140603 0.3475315  0.37491977]
TRANSFORMER,D,1e-07,1,False,False,TDD,burst,10.0,[0.00979183 0.01029974 0.0120559  0.01470355],[0.00383966 0.00399689 0.00470541 0.00606188],[2.8845963 3.0314896 3.547472  4.380164 ],[1.0934784 1.1320715 1.3307364 1.7561153],[8.298654 8.298177 8.296967 8.294613],[0.04693874 0.04833272 0.05008716 0.05190361],[8.30858  8.308749 8.308917 8.309082],[0.04570846 0.04691132 0.04821616 0.04961289]
TRANSFORMER,D,1e-07,10,False,False,TDD,burst,10.0,[0.01947895 0.03115172 0.03816685 0.04279797],[0.00792099 0.01562473 0.01854803 0.01904808],[ 5.6842775  9.068674  11.190563  12.758039 ],[2.293704 4.532948 5.655775 6.128501],[8.285367 8.277938 8.271767 8.268621],[0.14495626 0.16500832 0.18350215 0.20078291],[8.302197 8.302738 8.303449 8.304353],[0.14413556 0.16243479 0.18018848 0.19722274]
TRANSFORMER,D,1e-07,30,False,False,TDD,burst,10.0,[0.04217587 0.05897063 0.07684225 0.11102077],[0.02551913 0.02754737 0.03488271 0.06345479],[12.840963 17.815525 23.024595 33.444244],[ 8.783316  9.406138 11.379192 18.75574 ],[8.273683 8.26668  8.258197 8.242663],[0.29257908 0.32623243 0.35543332 0.38137656],[8.307436 8.310596 8.312113 8.31137 ],[0.28931206 0.31602684 0.33770058 0.35521185]
TRANSFORMER,D,3e-07,1,False,False,TDD,burst,10.0,[0.03681476 0.03749187 0.03843487 0.03865434],[0.01556065 0.01574996 0.01599154 0.01604686],[10.868106 11.058402 11.330449 11.424496],[4.5832863 4.6360855 4.7033772 4.716275 ],[8.272198  8.271802  8.2712965 8.27037  ],[0.0312305  0.03258079 0.03402841 0.03553363],[8.304571 8.304598 8.304624 8.304644],[0.02125929 0.02278931 0.02444145 0.02619203]
TRANSFORMER,D,3e-07,10,False,False,TDD,burst,10.0,[0.04320799 0.04839896 0.04930622 0.05017321],[0.0192583  0.02013942 0.02126417 0.02082841],[12.638938 14.167232 14.441639 14.865362],[5.5793676 5.8528037 6.1996284 6.4658246],[8.255959 8.254281 8.252629 8.250708],[0.13957529 0.15816046 0.17721595 0.19599777],[8.291802 8.291453 8.291422 8.291797],[0.13622427 0.15536554 0.17447104 0.193445  ]
TRANSFORMER,D,3e-07,30,False,False,TDD,burst,10.0,[0.05623779 0.06477015 0.07361348 0.10472684],[0.02559214 0.02375756 0.02935402 0.05164469],[16.963066 19.330244 21.839485 31.820688],[ 8.619599  7.658566  9.214109 18.418295],[8.2748375 8.26409   8.247958  8.228416 ],[0.26346433 0.2944287  0.3276696  0.35616562],[8.314291 8.305841 8.296564 8.287483],[0.25759736 0.28634158 0.31637365 0.34177953]
TRANSFORMER,A,3e-08,1,False,False,TDD,burst,15.0,[0.00572926 0.00782937 0.01084625 0.01719058],[0.00351254 0.00556587 0.00925891 0.01608485],[1.3890342 2.1456034 3.1237588 6.0633674],[0.848828  1.8953384 3.042895  6.1021476],[8.326748 8.322908 8.318967 8.314344],[0.18955332 0.19309334 0.19744445 0.20215179],[8.330993 8.329849 8.328677 8.327478],[0.19007084 0.19461922 0.19951843 0.20474008]
TRANSFORMER,A,3e-08,10,False,False,TDD,burst,15.0,[0.03656271 0.08902819 0.1509435  0.23587613],[0.04003455 0.09838599 0.18672368 0.3207791 ],[ 5.2315497 12.373782  23.489573  41.959858 ],[ 4.157278  9.352348 18.724491 33.307457],[8.184392 8.157159 8.119758 8.072356],[0.55370253 0.62643397 0.7052885  0.7912114 ],[8.202797 8.202787 8.20477  8.210616],[0.5486622  0.603959   0.65337497 0.69756156]
TRANSFORMER,A,3e-08,30,False,False,TDD,burst,15.0,[0.23359784 0.39804405 0.64714056 0.87520945],[0.29988268 0.28768617 0.58915937 0.82202995],[ 34.91389  75.21423 126.38462 176.72398],[ 36.35463  73.2671  119.33366 166.08951],[7.7885604 7.585746  7.3636656 6.9912043],[1.0521619 1.2888782 1.2751793 1.5928681],[7.9305916 7.937528  7.938669  7.9467754],[0.94080913 0.97129947 1.0151565  1.0446168 ]
TRANSFORMER,A,1e-07,1,False,False,TDD,burst,15.0,[0.00956971 0.0120601  0.01693064 0.02381394],[0.00470132 0.00559787 0.00792723 0.01255243],[2.63248   3.6148026 5.109741  8.61844  ],[1.598866  2.761204  3.9186437 7.6634316],[8.257675 8.255541 8.253604 8.251375],[0.51356435 0.5131345  0.51313245 0.5134375 ],[8.262489 8.263346 8.264196 8.265036],[0.5146195  0.5150341  0.5156064  0.51633507]
TRANSFORMER,A,1e-07,10,False,False,TDD,burst,15.0,[0.0363826  0.08182084 0.13980664 0.21615545],[0.03205986 0.07391263 0.12204017 0.15208744],[ 6.5353203 15.022091  28.479319  53.489803 ],[ 4.4374714 12.045705  25.27515   49.60633  ],[8.125435  8.100852  8.0655575 8.016672 ],[0.6274663  0.683354   0.74671936 0.80860364],[8.144523 8.146372 8.146507 8.145758],[0.6222944 0.6648694 0.7096781 0.7541992]
TRANSFORMER,A,1e-07,30,False,False,TDD,burst,15.0,[0.1989908  0.45773083 0.62072974 0.80060124],[0.14797637 0.58578986 0.32738185 0.34007767],[ 50.14889 108.69837 166.012   207.19781],[ 57.634132 102.40155  151.82285  174.92604 ],[7.9330907 7.6677217 7.279493  6.907305 ],[1.0248889 1.2577068 1.4936303 1.5009342],[8.072836  8.0405245 7.9876432 7.931781 ],[0.9680374 1.0242085 1.0625325 1.0865595]
TRANSFORMER,A,3e-07,1,False,False,TDD,burst,15.0,[0.01477748 0.01992221 0.02603785 0.04482672],[0.00439342 0.00674669 0.0087972  0.01413593],[ 4.8849053  6.4154844  8.548651  16.686321 ],[2.496506  3.5251148 4.851968  9.075037 ],[8.20281  8.197763 8.195475 8.19357 ],[0.35268778 0.35328814 0.35426432 0.3564013 ],[8.213685 8.214922 8.216152 8.217376],[0.35320455 0.35431996 0.3555505  0.35689354]
TRANSFORMER,A,3e-07,10,False,False,TDD,burst,15.0,[0.0593426  0.11314896 0.18394136 0.2949262 ],[0.03811545 0.07156768 0.10179509 0.15505901],[16.654755 29.365381 49.406082 85.24491 ],[13.370371 20.050001 31.632511 59.44786 ],[8.134843 8.102538 8.046736 7.978201],[0.626961   0.68968576 0.7689014  0.8506014 ],[8.171758 8.174995 8.178912 8.18387 ],[0.61714435 0.66222095 0.70273554 0.73701555]
TRANSFORMER,A,3e-07,30,False,False,TDD,burst,15.0,[0.26795575 0.5141566  0.77558273 0.95737094],[0.15360144 0.22036888 0.29241377 0.41496965],[ 85.8598  157.6345  234.77806 280.43362],[ 85.34141 130.9185  181.62465 204.81717],[7.817394  7.6061687 7.2150483 7.074999 ],[0.97455245 1.1430621  1.3490398  1.4977173 ],[8.039328 8.043646 8.03752  8.038265],[0.90889144 0.95316565 1.0154774  1.050955  ]
TRANSFORMER,C,3e-08,1,False,False,TDD,burst,15.0,[0.00903904 0.01656215 0.0264366  0.03992765],[0.00492272 0.01564337 0.02716239 0.04269376],[1.8906251 3.3353424 5.176694  9.40013  ],[1.0807165 2.1876163 3.2242408 5.7410088],[8.313608  8.309101  8.3041315 8.298122 ],[0.1315635  0.13402578 0.13705194 0.1408204 ],[8.320241 8.321053 8.321877 8.322711],[0.1314964  0.13392694 0.13672413 0.13986447]
TRANSFORMER,C,3e-08,10,False,False,TDD,burst,15.0,[0.08731811 0.21544437 0.40192088 0.5347394 ],[0.08928664 0.2135982  0.44790688 0.4583737 ],[ 13.247037  35.622032  65.897545 103.15645 ],[13.745767 35.84467  62.649437 89.12289 ],[8.163788 8.024346 7.787931 7.488429],[0.4525651  0.58701956 0.8925172  1.2395753 ],[8.214156 8.200949 8.206897 8.228696],[0.43586653 0.47545165 0.5107417  0.53240734]
TRANSFORMER,C,3e-08,30,False,False,TDD,burst,15.0,[0.46007332 0.85316765 0.94335157 0.9984539 ],[0.40284854 0.5943245  0.5083438  0.37407833],[104.58969 189.01376 231.26326 248.60542],[ 84.157646 126.033424 138.27081  139.06415 ],[7.6385016 6.5303535 5.988495  5.8158855],[1.0181812 1.9168211 1.8616598 1.6922746],[8.26459   8.2423935 8.200481  8.146262 ],[0.59722245 0.63432664 0.6843038  0.7340101 ]
TRANSFORMER,C,1e-07,1,False,False,TDD,burst,15.0,[0.00912064 0.013374   0.02016037 0.02972307],[0.00336848 0.00595143 0.01055408 0.0149736 ],[2.1585488 3.360633  5.0579257 9.03136  ],[0.8130714 1.515189  2.5543444 4.4809465],[8.280848 8.275027 8.26807  8.260254],[0.20086475 0.20300658 0.20552897 0.20845966],[8.287666  8.286729  8.285783  8.2848215],[0.20094848 0.20314613 0.20554835 0.20814276]
TRANSFORMER,C,1e-07,10,False,False,TDD,burst,15.0,[0.07128009 0.16308251 0.28724775 0.4299194 ],[0.05500226 0.11913029 0.18329199 0.23419335],[ 15.608962  38.00184   68.57983  107.911224],[14.720094 36.490765 59.699768 80.09727 ],[8.167697  8.062307  7.8868785 7.6500454],[0.41077176 0.47840753 0.59424967 0.7337348 ],[8.228059 8.225114 8.221141 8.218307],[0.4063242  0.44373652 0.4743657  0.49637356]
TRANSFORMER,C,1e-07,30,False,False,TDD,burst,15.0,[0.3314541  0.5895358  0.79622304 0.8823443 ],[0.20535159 0.2855938  0.3322036  0.25935128],[ 79.26067 149.79077 205.13301 239.65263],[ 58.93951  91.91735 113.79106 128.16788],[7.838655  7.231045  6.696093  6.3382587],[0.6926822 1.0802053 1.3005644 1.3952868],[8.210542 8.202722 8.19268  8.180748],[0.5592177  0.55600965 0.5821842  0.64674735]
TRANSFORMER,C,3e-07,1,False,False,TDD,burst,15.0,[0.03785225 0.04178425 0.04905082 0.07027064],[0.02525287 0.02601973 0.02725541 0.02879299],[10.385623 11.273953 13.810952 22.032984],[6.7027836 6.9017515 7.5250616 9.167352 ],[8.267359 8.26234  8.254646 8.244796],[0.12788741 0.12983225 0.13149811 0.13304828],[8.30922  8.309395 8.309544 8.309666],[0.12782563 0.12907478 0.13059264 0.132371  ]
TRANSFORMER,C,3e-07,10,False,False,TDD,burst,15.0,[0.08412766 0.15831225 0.23487648 0.36617902],[0.04209545 0.07655732 0.09998596 0.16149083],[ 22.91876   44.803158  66.798515 107.13495 ],[13.022854 25.326622 33.86873  58.917995],[8.155685  8.062281  7.958441  7.7985125],[0.35264832 0.40877637 0.47253567 0.5811709 ],[8.250104 8.243475 8.238306 8.233626],[0.33855358 0.37196392 0.40309045 0.43264046]
TRANSFORMER,C,3e-07,30,False,False,TDD,burst,15.0,[0.3598585  0.6435218  0.76876587 0.89640427],[0.18879914 0.2526174  0.24200661 0.24452366],[105.35481 196.26498 236.76447 281.1053 ],[ 66.09089  111.87271  127.032585 139.02245 ],[7.7445316 7.0397563 6.793184  6.6216536],[0.77115536 1.099163   1.2288426  1.3081201 ],[8.243394  8.2595005 8.280929  8.2970915],[0.5275148  0.56576973 0.5995795  0.6289665 ]
TRANSFORMER,D,3e-08,1,False,False,TDD,burst,15.0,[0.00334659 0.00389619 0.00496973 0.00618496],[0.00146572 0.0017106  0.0025393  0.00291584],[0.9438929 1.0882019 1.3768072 1.8067436],[0.35040283 0.3960372  0.56998515 0.7580742 ],[8.311799 8.31121  8.310314 8.308566],[0.1692794  0.16964333 0.17006399 0.17066325],[8.314398 8.314319 8.314234 8.314145],[0.1689577  0.1692839  0.16965668 0.17007592]
TRANSFORMER,D,3e-08,10,False,False,TDD,burst,15.0,[0.00998908 0.017078   0.02351009 0.03178768],[0.00522697 0.0112811  0.01644315 0.02007427],[2.8573468 4.879856  6.75939   9.610889 ],[1.383504  3.1476905 5.1680923 7.3554535],[8.30896  8.305066 8.300453 8.296237],[0.22126809 0.23085076 0.2412096  0.2514275 ],[8.316226 8.317209 8.319232 8.322231],[0.22064124 0.22971565 0.23861213 0.24789669]
TRANSFORMER,D,3e-08,30,False,False,TDD,burst,15.0,[0.03867497 0.06024707 0.08317414 0.12404826],[0.0283496  0.04283961 0.06462562 0.09110385],[10.895677 16.416828 22.386675 34.55016 ],[ 7.7886267 10.404267  14.905738  22.785309 ],[8.252039 8.223996 8.197216 8.168771],[0.31968275 0.34205875 0.3677953  0.40459204],[8.279626 8.265633 8.254636 8.245803],[0.3149234  0.33140603 0.3475315  0.37491977]
TRANSFORMER,D,1e-07,1,False,False,TDD,burst,15.0,[0.00916944 0.00962885 0.01134871 0.01383389],[0.00382313 0.00396443 0.00469099 0.00600298],[2.699599  2.8322504 3.3358777 4.1210737],[1.0899683 1.1266383 1.3340038 1.7436441],[8.29958   8.299203  8.2980385 8.295726 ],[0.04686601 0.04827043 0.05001841 0.05186351],[8.30858  8.308749 8.308917 8.309082],[0.04570846 0.04691132 0.04821616 0.04961289]
TRANSFORMER,D,1e-07,10,False,False,TDD,burst,15.0,[0.01887145 0.03047454 0.03718949 0.04134904],[0.00799804 0.01582079 0.01858127 0.01890722],[ 5.5091395  8.874689  10.919485  12.337974 ],[2.3186107 4.6014056 5.7033477 6.0961523],[8.2864065 8.279261  8.273535  8.27057  ],[0.144612   0.16447167 0.18271273 0.20009013],[8.302197 8.302738 8.303449 8.304353],[0.14413556 0.16243479 0.18018848 0.19722274]
TRANSFORMER,D,1e-07,30,False,False,TDD,burst,15.0,[0.04142396 0.05777235 0.07480802 0.10801213],[0.02530636 0.02714648 0.03399337 0.06159622],[12.614611 17.472122 22.447615 32.586617],[ 8.703241  9.268053 11.132691 18.396572],[8.274798 8.268328 8.260643 8.246143],[0.2921755  0.32573035 0.35449147 0.37986538],[8.307436 8.310596 8.312113 8.31137 ],[0.28931206 0.31602684 0.33770058 0.35521185]
TRANSFORMER,D,3e-07,1,False,False,TDD,burst,15.0,[0.03635841 0.03705958 0.03799147 0.03803304],[0.01556466 0.01576476 0.01603533 0.01610385],[10.731709 10.928736 11.196    11.239358],[4.5855904 4.6427045 4.7168474 4.734571 ],[8.272926 8.272593 8.272189 8.271298],[0.03124788 0.03259402 0.03406951 0.03555192],[8.304571 8.304598 8.304624 8.304644],[0.02125929 0.02278931 0.02444145 0.02619203]
TRANSFORMER,D,3e-07,10,False,False,TDD,burst,15.0,[0.04277477 0.0479854  0.04859293 0.04888539],[0.01905383 0.02000177 0.02080606 0.02004908],[12.507769 14.036527 14.219558 14.470048],[5.5132666 5.7966127 6.048497  6.2240686],[8.2569   8.255577 8.254408 8.252734],[0.13949215 0.15817678 0.17707051 0.1958827 ],[8.291802 8.291453 8.291422 8.291797],[0.13622427 0.15536554 0.17447104 0.193445  ]
TRANSFORMER,D,3e-07,30,False,False,TDD,burst,15.0,[0.05541646 0.06352409 0.07160846 0.10180927],[0.02557585 0.023281   0.02872993 0.0510754 ],[16.738703 18.98748  21.273127 30.934301],[ 8.658532  7.615054  9.05233  18.024826],[8.276257 8.265949 8.251089 8.232633],[0.26323938 0.2939455  0.3264315  0.3548614 ],[8.314291 8.305841 8.296564 8.287483],[0.25759736 0.28634158 0.31637365 0.34177953]
TRANSFORMER,A,3e-08,1,False,False,TDD,burst,20.0,[0.00535185 0.00736941 0.01024612 0.01634792],[0.00330276 0.00531215 0.00893158 0.01553833],[1.3513981 2.0989687 3.050606  5.9464684],[0.86316377 1.9054675  3.0459588  6.0778365 ],[8.326985  8.323152  8.3192625 8.314613 ],[0.18946747 0.1930202  0.19729246 0.20203792],[8.330993 8.329849 8.328677 8.327478],[0.19007084 0.19461922 0.19951843 0.20474008]
TRANSFORMER,A,3e-08,10,False,False,TDD,burst,20.0,[0.03602173 0.0890706  0.15054445 0.2385515 ],[0.03947993 0.10142378 0.19003852 0.35110477],[ 5.1414165 12.240931  23.28942   41.652847 ],[ 4.143805  9.314101 18.645912 33.18509 ],[8.184942 8.158106 8.121214 8.074087],[0.5532325  0.6252825  0.70336634 0.78915155],[8.202797 8.202787 8.20477  8.210616],[0.5486622  0.603959   0.65337497 0.69756156]
TRANSFORMER,A,3e-08,30,False,False,TDD,burst,20.0,[0.23411678 0.39982432 0.6436806  0.8740798 ],[0.2993857  0.29154888 0.57364124 0.8184107 ],[ 34.851852  75.14275  126.3636   176.8174  ],[ 36.267456  73.05506  119.22767  166.04309 ],[7.788985  7.5874357 7.363791  6.988719 ],[1.051355  1.285244  1.2767496 1.5930966],[7.9305916 7.937528  7.938669  7.9467754],[0.94080913 0.97129947 1.0151565  1.0446168 ]
TRANSFORMER,A,1e-07,1,False,False,TDD,burst,20.0,[0.00928854 0.01177245 0.01651522 0.02325938],[0.00466619 0.0055552  0.00781158 0.0123646 ],[2.6055725 3.5650952 5.0468645 8.516348 ],[1.5943923 2.7399893 3.899323  7.666566 ],[8.257896 8.255838 8.253982 8.251748],[0.51349646 0.51305515 0.51297474 0.5132225 ],[8.262489 8.263346 8.264196 8.265036],[0.5146195  0.5150341  0.5156064  0.51633507]
TRANSFORMER,A,1e-07,10,False,False,TDD,burst,20.0,[0.03580525 0.08156282 0.13896722 0.21551596],[0.03109574 0.07529181 0.12208696 0.15298414],[ 6.4477634 14.885706  28.286121  53.27306  ],[ 4.4071693 11.96975   25.123287  49.404087 ],[8.125849 8.101576 8.066583 8.017825],[0.6273957  0.68298984 0.7460546  0.8082242 ],[8.144523 8.146372 8.146507 8.145758],[0.6222944 0.6648694 0.7096781 0.7541992]
TRANSFORMER,A,1e-07,30,False,False,TDD,burst,20.0,[0.19825695 0.4566924  0.61889154 0.8001627 ],[0.14712648 0.5908485  0.32776406 0.34202814],[ 49.968117 108.37851  165.74698  207.09088 ],[ 57.498596 102.27341  151.79416  174.99443 ],[7.934223  7.668712  7.2810693 6.912491 ],[1.02377   1.259671  1.4947877 1.4993087],[8.072836  8.0405245 7.9876432 7.931781 ],[0.9680374 1.0242085 1.0625325 1.0865595]
TRANSFORMER,A,3e-07,1,False,False,TDD,burst,20.0,[0.01441392 0.01962532 0.02569706 0.04412575],[0.00436263 0.00664889 0.00868738 0.01405287],[ 4.8060637  6.339016   8.458739  16.532047 ],[2.4979126 3.5019715 4.824913  9.048597 ],[8.203218 8.198122 8.195865 8.194016],[0.35249284 0.3531598  0.35404676 0.35614252],[8.213685 8.214922 8.216152 8.217376],[0.35320455 0.35431996 0.3555505  0.35689354]
TRANSFORMER,A,3e-07,10,False,False,TDD,burst,20.0,[0.05887126 0.11239354 0.182399   0.2925541 ],[0.03831125 0.07147743 0.10159176 0.15359806],[16.60596 29.22874 49.13487 84.82907],[13.450991 19.98454  31.512651 59.33647 ],[8.135571 8.103413 8.048278 7.98031 ],[0.62645364 0.6892183  0.76794714 0.8491962 ],[8.171758 8.174995 8.178912 8.18387 ],[0.61714435 0.66222095 0.70273554 0.73701555]
TRANSFORMER,A,3e-07,30,False,False,TDD,burst,20.0,[0.26733813 0.5135695  0.77631414 0.95804405],[0.15356658 0.21990983 0.29413366 0.41839606],[ 85.7595  157.47705 234.76251 280.3602 ],[ 85.32842 130.84718 181.69351 204.80429],[7.8184547 7.608008  7.2152214 7.0721216],[0.9737332 1.1394863 1.3485878 1.4962301],[8.039328 8.043646 8.03752  8.038265],[0.90889144 0.95316565 1.0154774  1.050955  ]
TRANSFORMER,C,3e-08,1,False,False,TDD,burst,20.0,[0.00817328 0.01545632 0.02514252 0.03842507],[0.00415854 0.01422639 0.02605771 0.04169239],[1.8288845 3.2727509 5.09746   9.291611 ],[1.0701929 2.1620388 3.2163303 5.7148023],[8.313873 8.309347 8.304383 8.298325],[0.1314489  0.13391538 0.13676177 0.14052051],[8.320241 8.321053 8.321877 8.322711],[0.1314964  0.13392694 0.13672413 0.13986447]
TRANSFORMER,C,3e-08,10,False,False,TDD,burst,20.0,[0.08683614 0.21479845 0.40204266 0.53513724],[0.08989153 0.2141614  0.4524227  0.46462008],[ 13.226598  35.575035  65.84637  103.0564  ],[13.862534 35.977615 62.79837  89.24514 ],[8.163906  8.024818  7.7884254 7.4891644],[0.4524467 0.586504  0.8926604 1.2394156],[8.214156 8.200949 8.206897 8.228696],[0.43586653 0.47545165 0.5107417  0.53240734]
TRANSFORMER,C,3e-08,30,False,False,TDD,burst,20.0,[0.4579777  0.85424674 0.94668424 0.99940765],[0.39746055 0.5970068  0.5311753  0.376845  ],[104.49431 188.83875 231.05447 248.34052],[ 84.148094 126.070244 138.25104  138.97394 ],[7.6401033 6.5340266 5.9921737 5.816679 ],[1.0161393 1.9146183 1.8641928 1.693528 ],[8.26459   8.2423935 8.200481  8.146262 ],[0.59722245 0.63432664 0.6843038  0.7340101 ]
TRANSFORMER,C,1e-07,1,False,False,TDD,burst,20.0,[0.00871946 0.01291779 0.01950803 0.0288833 ],[0.00305828 0.00572974 0.01020855 0.01459446],[2.1012087 3.285719  4.9587975 8.8922825],[0.7937398 1.4876904 2.519671  4.4527874],[8.281126 8.275375 8.268463 8.260653],[0.20084791 0.20294598 0.20546237 0.2083672 ],[8.287666  8.286729  8.285783  8.2848215],[0.20094848 0.20314613 0.20554835 0.20814276]
TRANSFORMER,C,1e-07,10,False,False,TDD,burst,20.0,[0.0705851  0.16176987 0.28566015 0.4279883 ],[0.05463588 0.11892048 0.18321662 0.23426552],[ 15.49108  37.74672  68.26813 107.5526 ],[14.68048  36.486385 59.74548  80.180984],[8.168418  8.063775  7.8888893 7.6523495],[0.4105905  0.47774115 0.59262735 0.731426  ],[8.228059 8.225114 8.221141 8.218307],[0.4063242  0.44373652 0.4743657  0.49637356]
TRANSFORMER,C,1e-07,30,False,False,TDD,burst,20.0,[0.3309124  0.58851945 0.7959106  0.8817739 ],[0.2056405  0.2853421  0.33197042 0.25828716],[ 79.12714 149.60046 204.86292 239.4354 ],[ 58.936577  91.78066  113.579254 128.00108 ],[7.8395205 7.2356477 6.7005177 6.345714 ],[0.692028  1.0742414 1.2961786 1.392048 ],[8.210542 8.202722 8.19268  8.180748],[0.5592177  0.55600965 0.5821842  0.64674735]
TRANSFORMER,C,3e-07,1,False,False,TDD,burst,20.0,[0.03764486 0.04163644 0.04888887 0.06990793],[0.02529083 0.02604417 0.02727932 0.02882102],[10.339458 11.228983 13.760669 21.940632],[6.710507  6.9115114 7.5350327 9.170072 ],[8.267552 8.262513 8.254804 8.244939],[0.12780164 0.12976648 0.13144267 0.1330717 ],[8.30922  8.309395 8.309544 8.309666],[0.12782563 0.12907478 0.13059264 0.132371  ]
TRANSFORMER,C,3e-07,10,False,False,TDD,burst,20.0,[0.08367164 0.15748537 0.2336659  0.36475062],[0.04173132 0.07615874 0.09977601 0.16140564],[ 22.834919  44.63532   66.55272  106.86372 ],[12.964511 25.249073 33.836525 58.9557  ],[8.15614  8.063242 7.95986  7.800256],[0.352336  0.4080818 0.471788  0.5802615],[8.250104 8.243475 8.238306 8.233626],[0.33855358 0.37196392 0.40309045 0.43264046]
TRANSFORMER,C,3e-07,30,False,False,TDD,burst,20.0,[0.35880646 0.64278257 0.76879126 0.89646006],[0.1883614  0.25253138 0.24268709 0.24521437],[105.13327 196.06172 236.70848 281.06552],[ 66.10689 111.87946 127.05552 139.05446],[7.7474775 7.04235   6.789289  6.6258307],[0.76696163 1.0979058  1.2341723  1.3057652 ],[8.243394  8.2595005 8.280929  8.2970915],[0.5275148  0.56576973 0.5995795  0.6289665 ]
TRANSFORMER,D,3e-08,1,False,False,TDD,burst,20.0,[0.00317578 0.00373246 0.00479688 0.00596215],[0.00148084 0.00174586 0.00259002 0.00293343],[0.8948494 1.0415163 1.326295  1.7400845],[0.35637036 0.40661168 0.5832001  0.7614172 ],[8.312048 8.311475 8.310612 8.308869],[0.16925423 0.16960126 0.17001295 0.1706101 ],[8.314398 8.314319 8.314234 8.314145],[0.1689577  0.1692839  0.16965668 0.17007592]
TRANSFORMER,D,3e-08,10,False,False,TDD,burst,20.0,[0.00979707 0.016842   0.02325818 0.03132279],[0.00523784 0.01128887 0.01656224 0.02005515],[2.8019342 4.807127  6.6803923 9.466096 ],[1.3826116 3.1407897 5.181914  7.330173 ],[8.309295 8.305547 8.301069 8.296891],[0.22116134 0.23075035 0.24104893 0.2512507 ],[8.316226 8.317209 8.319232 8.322231],[0.22064124 0.22971565 0.23861213 0.24789669]
TRANSFORMER,D,3e-08,30,False,False,TDD,burst,20.0,[0.03841444 0.05977316 0.08263713 0.12342477],[0.02804721 0.04207442 0.0638167  0.09086426],[10.832759 16.314463 22.239355 34.327667],[ 7.7732863 10.371516  14.859057  22.644606 ],[8.25253   8.22463   8.1978445 8.169673 ],[0.31882226 0.34079626 0.36771604 0.4049246 ],[8.279626 8.265633 8.254636 8.245803],[0.3149234  0.33140603 0.3475315  0.37491977]
TRANSFORMER,D,1e-07,1,False,False,TDD,burst,20.0,[0.00902008 0.00949673 0.01121195 0.01366237],[0.0037711  0.00394338 0.00464616 0.00596382],[2.6550546 2.7917292 3.2944858 4.0690093],[1.0730618 1.1176144 1.3167695 1.7278688],[8.299786 8.299405 8.298256 8.29593 ],[0.04689455 0.04830423 0.0500558  0.05189889],[8.30858  8.308749 8.308917 8.309082],[0.04570846 0.04691132 0.04821616 0.04961289]
TRANSFORMER,D,1e-07,10,False,False,TDD,burst,20.0,[0.01867452 0.03031981 0.03694002 0.04085996],[0.00798928 0.01582358 0.01847106 0.01871634],[ 5.4478645  8.826259  10.844253  12.193081 ],[2.3129523 4.601011  5.6730433 6.045589 ],[8.286757 8.279684 8.274076 8.27124 ],[0.14460833 0.16443446 0.18261905 0.19999604],[8.302197 8.302738 8.303449 8.304353],[0.14413556 0.16243479 0.18018848 0.19722274]
TRANSFORMER,D,1e-07,30,False,False,TDD,burst,20.0,[0.04126901 0.05755287 0.07449383 0.10739163],[0.02535839 0.02698466 0.03379108 0.06128032],[12.574067 17.420427 22.372812 32.41011 ],[ 8.723729  9.275498 11.144402 18.330347],[8.275217 8.268904 8.261445 8.247254],[0.292083   0.32531753 0.35399127 0.37943813],[8.307436 8.310596 8.312113 8.31137 ],[0.28931206 0.31602684 0.33770058 0.35521185]
TRANSFORMER,D,3e-07,1,False,False,TDD,burst,20.0,[0.03614713 0.03683598 0.03776103 0.03777632],[0.01559091 0.01578695 0.0160622  0.01612235],[10.669991 10.863782 11.130121 11.164372],[4.59217   4.6479626 4.7236967 4.7388797],[8.273232 8.272938 8.27256  8.271674],[0.03124549 0.03259321 0.03405365 0.03553305],[8.304571 8.304598 8.304624 8.304644],[0.02125929 0.02278931 0.02444145 0.02619203]
TRANSFORMER,D,3e-07,10,False,False,TDD,burst,20.0,[0.04261309 0.04783902 0.0483714  0.04855079],[0.01905524 0.01998821 0.02078795 0.02002762],[12.461503 13.997189 14.160877 14.375214],[5.5175    5.797503  6.0550013 6.2291145],[8.257169 8.255957 8.254875 8.253284],[0.13949047 0.15813115 0.17699312 0.19580808],[8.291802 8.291453 8.291422 8.291797],[0.13622427 0.15536554 0.17447104 0.193445  ]
TRANSFORMER,D,3e-07,30,False,False,TDD,burst,20.0,[0.05527189 0.06329998 0.07114659 0.10107452],[0.02559019 0.02334387 0.02882749 0.05097365],[16.693357 18.91004  21.1162   30.694338],[ 8.651724  7.570381  8.992125 17.926298],[8.276583 8.266477 8.251945 8.233769],[0.26300535 0.29367554 0.32612506 0.3546575 ],[8.314291 8.305841 8.296564 8.287483],[0.25759736 0.28634158 0.31637365 0.34177953]
TRANSFORMER,A,3e-08,1,False,False,TDD,burst,25.0,[0.00525335 0.00732497 0.01016101 0.01616008],[0.00316921 0.00531765 0.00892752 0.01557436],[1.342643  2.0846786 3.033285  5.9039435],[0.86454123 1.8950238  3.0311587  6.05997   ],[8.327042 8.323217 8.319337 8.31471 ],[0.18944532 0.19299866 0.19728929 0.20201832],[8.330993 8.329849 8.328677 8.327478],[0.19007084 0.19461922 0.19951843 0.20474008]
TRANSFORMER,A,3e-08,10,False,False,TDD,burst,25.0,[0.03571985 0.08798617 0.14905229 0.236215  ],[0.03970283 0.0991234  0.18582569 0.34495294],[ 5.1162615 12.182987  23.193151  41.517124 ],[ 4.146757  9.308472 18.621374 33.10743 ],[8.185043 8.158302 8.121554 8.074859],[0.5533134 0.6253564 0.7033796 0.7885804],[8.202797 8.202787 8.20477  8.210616],[0.5486622  0.603959   0.65337497 0.69756156]
TRANSFORMER,A,3e-08,30,False,False,TDD,burst,25.0,[0.23391333 0.3996122  0.6436097  0.87595934],[0.3014045  0.29189262 0.5741096  0.82372504],[ 34.81279   75.104324 126.32789  176.7138  ],[ 36.281746  73.13949  119.22901  165.91257 ],[7.789717  7.587647  7.3636475 6.9905834],[1.050002  1.2848188 1.2771881 1.5917077],[7.9305916 7.937528  7.938669  7.9467754],[0.94080913 0.97129947 1.0151565  1.0446168 ]
TRANSFORMER,A,1e-07,1,False,False,TDD,burst,25.0,[0.00917582 0.01160815 0.0163493  0.023062  ],[0.00467886 0.00547936 0.00774861 0.01232004],[2.5882828 3.543081  5.0204396 8.4809675],[1.5970272 2.7398546 3.898135  7.6547127],[8.258016 8.255955 8.254114 8.251834],[0.51346403 0.51301926 0.51292914 0.5131881 ],[8.262489 8.263346 8.264196 8.265036],[0.5146195  0.5150341  0.5156064  0.51633507]
TRANSFORMER,A,1e-07,10,False,False,TDD,burst,25.0,[0.03576306 0.08157672 0.13842703 0.21458326],[0.03137552 0.07632919 0.12251316 0.15281112],[ 6.432545 14.839721 28.173714 53.120277],[ 4.4095435 11.97      25.14556   49.439777 ],[8.1260605 8.101894  8.067219  8.018699 ],[0.6271656  0.68285495 0.74581647 0.80777365],[8.144523 8.146372 8.146507 8.145758],[0.6222944 0.6648694 0.7096781 0.7541992]
TRANSFORMER,A,1e-07,30,False,False,TDD,burst,25.0,[0.19831564 0.45644152 0.6192858  0.7998957 ],[0.14723347 0.58502424 0.32924855 0.34173745],[ 49.976734 108.47165  165.76784  207.06181 ],[ 57.548317 102.39621  151.75829  174.93703 ],[7.934229 7.667882 7.282697 6.911421],[1.0240775 1.2606996 1.4915434 1.502516 ],[8.072836  8.0405245 7.9876432 7.931781 ],[0.9680374 1.0242085 1.0625325 1.0865595]
TRANSFORMER,A,3e-07,1,False,False,TDD,burst,25.0,[0.01437924 0.01962893 0.02572511 0.04404319],[0.00436654 0.00669805 0.00871625 0.01406861],[ 4.791587   6.3257074  8.451176  16.5058   ],[2.4929857 3.4995859 4.821118  9.047449 ],[8.203267 8.198156 8.195863 8.194015],[0.3524948  0.35316506 0.3540756  0.35616052],[8.213685 8.214922 8.216152 8.217376],[0.35320455 0.35431996 0.3555505  0.35689354]
TRANSFORMER,A,3e-07,10,False,False,TDD,burst,25.0,[0.05879861 0.11222001 0.18234946 0.29269123],[0.03827698 0.07137682 0.10164063 0.15385361],[16.581413 29.167408 49.073925 84.801476],[13.4325285 19.934376  31.450079  59.28884  ],[8.135628 8.103586 8.048373 7.980388],[0.62654245 0.689344   0.7683037  0.84958917],[8.171758 8.174995 8.178912 8.18387 ],[0.61714435 0.66222095 0.70273554 0.73701555]
TRANSFORMER,A,3e-07,30,False,False,TDD,burst,25.0,[0.26674125 0.5132436  0.7754996  0.9579449 ],[0.15321858 0.21996492 0.29280275 0.41714174],[ 85.67787 157.42905 234.72362 280.34195],[ 85.28419 130.90958 181.72473 204.85085],[7.81966   7.608885  7.2162848 7.0746937],[0.97265714 1.1393127  1.3487622  1.4941895 ],[8.039328 8.043646 8.03752  8.038265],[0.90889144 0.95316565 1.0154774  1.050955  ]
TRANSFORMER,C,3e-08,1,False,False,TDD,burst,25.0,[0.00800995 0.01524362 0.02484962 0.03809352],[0.00420567 0.01400054 0.02566262 0.04116765],[1.8120923 3.2523098 5.067414  9.251956 ],[1.0717455 2.1579015 3.2160497 5.7036977],[8.313947  8.309408  8.3044815 8.298426 ],[0.13144778 0.13389947 0.13677013 0.14053255],[8.320241 8.321053 8.321877 8.322711],[0.1314964  0.13392694 0.13672413 0.13986447]
TRANSFORMER,C,3e-08,10,False,False,TDD,burst,25.0,[0.08618109 0.21354398 0.4008799  0.534004  ],[0.08951802 0.21282472 0.4505689  0.4637269 ],[ 13.182987  35.532764  65.80759  103.01556 ],[13.800479 35.962574 62.85998  89.36735 ],[8.164137  8.024921  7.788234  7.4890227],[0.4523002 0.5866848 0.8937854 1.2409385],[8.214156 8.200949 8.206897 8.228696],[0.43586653 0.47545165 0.5107417  0.53240734]
TRANSFORMER,C,3e-08,30,False,False,TDD,burst,25.0,[0.45813563 0.8533355  0.9444518  0.99892825],[0.39926153 0.59557366 0.51808095 0.37615275],[104.44649 188.7384  231.02802 248.37515],[ 84.17027 126.05829 138.26341 139.0184 ],[7.6415377 6.537173  5.993845  5.8161407],[1.0141376 1.9130406 1.8692849 1.6978551],[8.26459   8.2423935 8.200481  8.146262 ],[0.59722245 0.63432664 0.6843038  0.7340101 ]
TRANSFORMER,C,1e-07,1,False,False,TDD,burst,25.0,[0.00856677 0.01275483 0.01928361 0.02866084],[0.00303654 0.00568971 0.01010722 0.01449774],[2.0762577 3.2578351 4.9225116 8.8577385],[0.79402685 1.4885533  2.513067   4.445086  ],[8.281234 8.275485 8.268631 8.260806],[0.20077634 0.20287167 0.20531031 0.20818801],[8.287666  8.286729  8.285783  8.2848215],[0.20094848 0.20314613 0.20554835 0.20814276]
TRANSFORMER,C,1e-07,10,False,False,TDD,burst,25.0,[0.0703012  0.16132812 0.28516528 0.42755014],[0.05465611 0.1187832  0.18297283 0.23372693],[ 15.462746  37.683945  68.17499  107.44663 ],[14.711755 36.482376 59.62845  80.061584],[8.168601  8.064239  7.8897142 7.653196 ],[0.41061214 0.47750363 0.59218085 0.7314217 ],[8.228059 8.225114 8.221141 8.218307],[0.4063242  0.44373652 0.4743657  0.49637356]
TRANSFORMER,C,1e-07,30,False,False,TDD,burst,25.0,[0.3306171  0.58853805 0.79673475 0.8823458 ],[0.20566233 0.28568172 0.3331978  0.2607484 ],[ 79.07749 149.54431 204.87209 239.42712],[ 59.014477  91.83448  113.5565   127.955734],[7.840168  7.2358785 6.6987767 6.3461285],[0.69145715 1.0736989  1.2997605  1.3879967 ],[8.210542 8.202722 8.19268  8.180748],[0.5592177  0.55600965 0.5821842  0.64674735]
TRANSFORMER,C,3e-07,1,False,False,TDD,burst,25.0,[0.0375554  0.04158662 0.04882655 0.06978872],[0.02529669 0.02601754 0.02725919 0.02875654],[10.318259 11.210165 13.739601 21.912203],[6.709365  6.8996387 7.521093  9.153018 ],[8.2676325 8.262592  8.254877  8.244953 ],[0.12784174 0.12979119 0.13146417 0.13306305],[8.30922  8.309395 8.309544 8.309666],[0.12782563 0.12907478 0.13059264 0.132371  ]
TRANSFORMER,C,3e-07,10,False,False,TDD,burst,25.0,[0.08361843 0.1573737  0.2335641  0.36471766],[0.04197156 0.07639968 0.09986697 0.16151501],[ 22.809917  44.593468  66.50824  106.82998 ],[12.995366 25.296915 33.850918 58.95268 ],[8.156232  8.063336  7.9599996 7.8005886],[0.35233667 0.40814263 0.47160962 0.57993186],[8.250104 8.243475 8.238306 8.233626],[0.33855358 0.37196392 0.40309045 0.43264046]
TRANSFORMER,C,3e-07,30,False,False,TDD,burst,25.0,[0.35872662 0.6427089  0.7685354  0.8963645 ],[0.18846786 0.252518   0.24243636 0.2453119 ],[105.089355 196.02101  236.60721  280.99466 ],[ 66.0703   111.847664 126.96478  139.04794 ],[7.747388  7.044553  6.7927885 6.629447 ],[0.7678631 1.0951551 1.2339281 1.3032353],[8.243394  8.2595005 8.280929  8.2970915],[0.5275148  0.56576973 0.5995795  0.6289665 ]
TRANSFORMER,D,3e-08,1,False,False,TDD,burst,25.0,[0.00313214 0.00368166 0.00475753 0.00589124],[0.0014836  0.00174843 0.00260536 0.00292828],[0.881731  1.0256226 1.3132892 1.7178572],[0.35584378 0.40509832 0.58577245 0.75681496],[8.312116 8.311558 8.310687 8.308959],[0.16924924 0.16959947 0.17000751 0.17060381],[8.314398 8.314319 8.314234 8.314145],[0.1689577  0.1692839  0.16965668 0.17007592]
TRANSFORMER,D,3e-08,10,False,False,TDD,burst,25.0,[0.00978961 0.01679975 0.0232055  0.03121555],[0.00530323 0.01134604 0.01658494 0.02005225],[2.7963276 4.791262  6.660793  9.430802 ],[1.39305   3.1451435 5.1801887 7.324371 ],[8.309354 8.30564  8.301199 8.297035],[0.22115654 0.23071094 0.24098773 0.25117305],[8.316226 8.317209 8.319232 8.322231],[0.22064124 0.22971565 0.23861213 0.24789669]
TRANSFORMER,D,3e-08,30,False,False,TDD,burst,25.0,[0.03839667 0.05979215 0.08247604 0.12332855],[0.02810377 0.04232283 0.06400792 0.09128321],[10.826252 16.310835 22.179485 34.283253],[ 7.779355 10.418572 14.842494 22.69717 ],[8.252574  8.2247925 8.198273  8.1700115],[0.3190726  0.3408405  0.36735013 0.40471852],[8.279626 8.265633 8.254636 8.245803],[0.3149234  0.33140603 0.3475315  0.37491977]
TRANSFORMER,D,1e-07,1,False,False,TDD,burst,25.0,[0.00898053 0.00945162 0.01115517 0.01359302],[0.00378086 0.00394116 0.004646   0.00595094],[2.643875 2.779017 3.278791 4.050708],[1.0766397 1.1180786 1.3171839 1.72639  ],[8.299845 8.299479 8.298329 8.295998],[0.0468783  0.04829256 0.05003499 0.05186535],[8.30858  8.308749 8.308917 8.309082],[0.04570846 0.04691132 0.04821616 0.04961289]
TRANSFORMER,D,1e-07,10,False,False,TDD,burst,25.0,[0.01863898 0.03026138 0.03683749 0.04075755],[0.00800112 0.01586095 0.01847207 0.01866269],[ 5.438187  8.808852 10.814678 12.160687],[2.3169506 4.6094403 5.67352   6.03019  ],[8.28684  8.279819 8.274279 8.271429],[0.14456983 0.164365   0.1825024  0.19989784],[8.302197 8.302738 8.303449 8.304353],[0.14413556 0.16243479 0.18018848 0.19722274]
TRANSFORMER,D,1e-07,30,False,False,TDD,burst,25.0,[0.04116502 0.05735922 0.07424049 0.10707778],[0.02536342 0.02693656 0.03370522 0.06115487],[12.544397 17.358479 22.299372 32.321598],[ 8.721211  9.243326 11.123226 18.333311],[8.275339 8.269042 8.261636 8.247395],[0.291943   0.32529193 0.3538147  0.3793655 ],[8.307436 8.310596 8.312113 8.31137 ],[0.28931206 0.31602684 0.33770058 0.35521185]
TRANSFORMER,D,3e-07,1,False,False,TDD,burst,25.0,[0.03610352 0.0367925  0.03772026 0.03772072],[0.01559193 0.01578672 0.01606248 0.01612178],[10.65738  10.850803 11.117449 11.147331],[4.5924234 4.6475353 4.723078  4.7383046],[8.273302 8.273008 8.272631 8.271742],[0.03125582 0.0326012  0.0340611  0.03553783],[8.304571 8.304598 8.304624 8.304644],[0.02125929 0.02278931 0.02444145 0.02619203]
TRANSFORMER,D,3e-07,10,False,False,TDD,burst,25.0,[0.04256835 0.04781132 0.04831845 0.04840837],[0.01907548 0.02002154 0.02083441 0.02003344],[12.448667 13.988086 14.145613 14.332388],[5.522879  5.805322  6.0662894 6.2270565],[8.257264 8.256091 8.255068 8.253498],[0.13946898 0.15809675 0.1769376  0.19574954],[8.291802 8.291453 8.291422 8.291797],[0.13622427 0.15536554 0.17447104 0.193445  ]
TRANSFORMER,D,3e-07,30,False,False,TDD,burst,25.0,[0.05524509 0.06318929 0.07098594 0.1008171 ],[0.02562178 0.02327737 0.0286156  0.05071299],[16.682623 18.879969 21.082983 30.632679],[ 8.657623  7.560749  8.985775 17.877707],[8.276686 8.266618 8.252109 8.23399 ],[0.26301122 0.29359686 0.32595167 0.35444868],[8.314291 8.305841 8.296564 8.287483],[0.25759736 0.28634158 0.31637365 0.34177953]
TRANSFORMER,A,3e-08,1,False,False,TDD,packagedrop,0.1,[0.00625241 0.00922856 0.01273584 0.02156295],[0.00505703 0.00801811 0.0117011  0.02446067],[1.7824985 2.8490336 4.0703936 7.751829 ],[1.668898  3.1585166 4.621476  9.252814 ],[8.326845  8.322869  8.318783  8.3140335],[0.18941131 0.1930174  0.19739231 0.20218153],[8.330993 8.329849 8.328677 8.327478],[0.19007084 0.19461922 0.19951843 0.20474008]
TRANSFORMER,A,3e-08,10,False,False,TDD,packagedrop,0.1,[0.08463883 0.15473779 0.23539285 0.34864414],[0.1483747  0.2060117  0.28149378 0.43835887],[20.938572 33.562496 50.06035  76.16478 ],[ 50.345627  67.32307   78.76342  103.225716],[8.180045 8.15073  8.106618 8.052398],[0.55487466 0.62844205 0.7091996  0.80090827],[8.202797 8.202787 8.20477  8.210616],[0.5486622  0.603959   0.65337497 0.69756156]
TRANSFORMER,A,3e-08,30,False,False,TDD,packagedrop,0.1,[0.35981148 0.53565377 0.7741895  0.99393564],[0.4349302  0.4279643  0.6285604  0.84882414],[ 69.28633  117.633484 163.23064  211.47614 ],[121.16347 150.64777 156.64952 195.44911],[7.720586  7.4403768 7.203918  6.837387 ],[1.0962809 1.3869511 1.3085412 1.6151623],[7.9305916 7.937528  7.938669  7.9467754],[0.94080913 0.97129947 1.0151565  1.0446168 ]
TRANSFORMER,A,1e-07,1,False,False,TDD,packagedrop,0.1,[0.00908261 0.01179632 0.01683934 0.02477279],[0.00450637 0.0056809  0.00846749 0.01381129],[2.6649435 3.74574   5.3755455 9.217151 ],[1.8060917 3.1501741 4.4785595 8.238594 ],[8.257938 8.255813 8.253883 8.251468],[0.51346976 0.5130498  0.5130395  0.51328206],[8.262489 8.263346 8.264196 8.265036],[0.5146195  0.5150341  0.5156064  0.51633507]
TRANSFORMER,A,1e-07,10,False,False,TDD,packagedrop,0.1,[0.0839231  0.14378732 0.22879596 0.31285882],[0.21970262 0.23319155 0.34227288 0.3678052 ],[15.687322 26.655977 45.449387 71.64588 ],[40.926674 41.448624 61.26847  74.133575],[8.118974 8.089579 8.047647 7.991843],[0.63137734 0.69026864 0.7576042  0.8215751 ],[8.144523 8.146372 8.146507 8.145758],[0.6222944 0.6648694 0.7096781 0.7541992]
TRANSFORMER,A,1e-07,30,False,False,TDD,packagedrop,0.1,[0.38000232 0.60173106 0.740088   0.88812083],[0.48415893 0.73087174 0.45792913 0.42597744],[ 97.36715 145.58122 192.63965 224.80183],[155.91808 153.61783 174.12566 184.48013],[7.8660274 7.610958  7.232431  6.852179 ],[1.067664  1.2814311 1.5014186 1.4902712],[8.072836  8.0405245 7.9876432 7.931781 ],[0.9680374 1.0242085 1.0625325 1.0865595]
TRANSFORMER,A,3e-07,1,False,False,TDD,packagedrop,0.1,[0.01535275 0.02088593 0.0272303  0.04732362],[0.0070031  0.00973191 0.01121378 0.01892528],[ 5.1405187  6.8613434  9.076877  17.605837 ],[ 3.1040177  4.4471927  5.5429854 10.060731 ],[8.203254 8.197817 8.195634 8.193773],[0.3525214  0.35336477 0.35430217 0.35625368],[8.213685 8.214922 8.216152 8.217376],[0.35320455 0.35431996 0.3555505  0.35689354]
TRANSFORMER,A,3e-07,10,False,False,TDD,packagedrop,0.1,[0.0978276  0.17510262 0.25464866 0.36885417],[0.15184458 0.22105931 0.27256295 0.35065088],[ 27.958912  46.633194  68.15195  103.84867 ],[ 49.435936  66.461075  76.13797  102.93879 ],[8.130018  8.091505  8.028964  7.9514613],[0.6271491 0.6902659 0.7697339 0.8537704],[8.171758 8.174995 8.178912 8.18387 ],[0.61714435 0.66222095 0.70273554 0.73701555]
TRANSFORMER,A,3e-07,30,False,False,TDD,packagedrop,0.1,[0.4165712  0.6471789  0.81407267 0.97792244],[0.4516115  0.41929442 0.3181474  0.4193356 ],[124.0031  198.92583 244.75745 292.6559 ],[137.50507 191.79068 187.06587 216.61734],[7.707205  7.5164557 7.167696  6.9910064],[1.0833055 1.21193   1.3711406 1.551629 ],[8.039328 8.043646 8.03752  8.038265],[0.90889144 0.95316565 1.0154774  1.050955  ]
TRANSFORMER,C,3e-08,1,False,False,TDD,packagedrop,0.1,[0.00876964 0.0168263  0.02742186 0.04268922],[0.00499152 0.01497216 0.02616267 0.04218096],[ 2.290094  4.072997  6.422634 11.303998],[2.1276724 3.6450105 5.598892  8.90779  ],[8.313266 8.308671 8.30329  8.296874],[0.13126558 0.13376296 0.13648938 0.14039451],[8.320241 8.321053 8.321877 8.322711],[0.1314964  0.13392694 0.13672413 0.13986447]
TRANSFORMER,C,3e-08,10,False,False,TDD,packagedrop,0.1,[0.15297714 0.3052646  0.4790633  0.58764595],[0.2520081 0.4143976 0.5402161 0.4881776],[ 24.968288  51.005417  82.96968  121.37913 ],[ 43.050835  61.763668  81.31348  104.813484],[8.137269  7.971607  7.7135878 7.410349 ],[0.4722071 0.6619179 1.018364  1.359398 ],[8.214156 8.200949 8.206897 8.228696],[0.43586653 0.47545165 0.5107417  0.53240734]
TRANSFORMER,C,3e-08,30,False,False,TDD,packagedrop,0.1,[0.58126104 0.9237551  0.96686137 1.0322318 ],[0.47964382 0.53910494 0.37180308 0.367902  ],[136.43655 214.75421 249.77213 264.3446 ],[104.15649 140.93954 147.908   148.1741 ],[7.4245534 6.5683417 5.93459   5.75652  ],[1.3613544 1.8233665 1.8839926 1.6952848],[8.26459   8.2423935 8.200481  8.146262 ],[0.59722245 0.63432664 0.6843038  0.7340101 ]
TRANSFORMER,C,1e-07,1,False,False,TDD,packagedrop,0.1,[0.00941913 0.01419066 0.02136824 0.03355328],[0.00701831 0.00980655 0.01380431 0.02033126],[ 2.489094  4.003741  6.066629 10.881596],[2.3426251 3.467679  4.9076004 7.7964993],[8.280941 8.275056 8.267783 8.26    ],[0.20087565 0.20319104 0.20580478 0.20874017],[8.287666  8.286729  8.285783  8.2848215],[0.20094848 0.20314613 0.20554835 0.20814276]
TRANSFORMER,C,1e-07,10,False,False,TDD,packagedrop,0.1,[0.11585515 0.21841969 0.3456782  0.48844543],[0.16222759 0.22439611 0.27198339 0.31586945],[ 27.870445  53.295273  84.19583  123.624176],[43.405956 61.43963  76.724014 95.2336  ],[8.155131  8.039713  7.8547153 7.6105256],[0.4093693  0.47585285 0.59774166 0.74173933],[8.228059 8.225114 8.221141 8.218307],[0.4063242  0.44373652 0.4743657  0.49637356]
TRANSFORMER,C,1e-07,30,False,False,TDD,packagedrop,0.1,[0.45057157 0.6990537  0.8535125  0.9259373 ],[0.36370638 0.39957023 0.37703827 0.30484578],[114.97213 182.43777 221.25195 256.82043],[112.37487  130.09756  120.602165 145.0205  ],[7.718809  7.1230354 6.644027  6.34464  ],[0.7759259 1.1769255 1.3466746 1.3064308],[8.210542 8.202722 8.19268  8.180748],[0.5592177  0.55600965 0.5821842  0.64674735]
TRANSFORMER,C,3e-07,1,False,False,TDD,packagedrop,0.1,[0.03833678 0.04250245 0.0505445  0.07344767],[0.02522969 0.0260451  0.02758394 0.03046981],[10.630109 11.633224 14.448687 23.203648],[6.7572126 7.0556855 7.896146  9.914288 ],[8.267539  8.262393  8.254419  8.2444725],[0.12785852 0.12981997 0.13154949 0.13329719],[8.30922  8.309395 8.309544 8.309666],[0.12782563 0.12907478 0.13059264 0.132371  ]
TRANSFORMER,C,3e-07,10,False,False,TDD,packagedrop,0.1,[0.12723099 0.21527141 0.30381805 0.43866462],[0.15015623 0.199754   0.24039711 0.30286804],[ 35.16929   60.890247  86.208015 127.74713 ],[41.471085 55.83585  68.01695  91.352295],[8.141994  8.039463  7.92393   7.7520275],[0.35860792 0.42032814 0.49235377 0.6138187 ],[8.250104 8.243475 8.238306 8.233626],[0.33855358 0.37196392 0.40309045 0.43264046]
TRANSFORMER,C,3e-07,30,False,False,TDD,packagedrop,0.1,[0.57609797 0.73647803 0.8452089  0.9815546 ],[0.475973   0.31278086 0.2916184  0.30150414],[176.02861 226.4588  262.16098 304.9988 ],[174.3242  138.49336 139.86891 146.59726],[7.543564  6.9095497 6.642347  6.4833508],[0.9491252 1.3040648 1.3854059 1.3138791],[8.243394  8.2595005 8.280929  8.2970915],[0.5275148  0.56576973 0.5995795  0.6289665 ]
TRANSFORMER,D,3e-08,1,False,False,TDD,packagedrop,0.1,[0.0037202  0.00472028 0.00654735 0.00911697],[0.00264445 0.00403761 0.00708897 0.01056807],[1.0873408 1.3954097 1.9602308 2.839404 ],[0.8302273 1.3882982 2.5195873 3.7917097],[8.3120365 8.311476  8.31044   8.308654 ],[0.16918626 0.16953881 0.16983163 0.17040236],[8.314398 8.314319 8.314234 8.314145],[0.1689577  0.1692839  0.16965668 0.17007592]
TRANSFORMER,D,3e-08,10,False,False,TDD,packagedrop,0.1,[0.04745869 0.06978857 0.10526478 0.14601608],[0.19840476 0.21783127 0.30216622 0.42029312],[14.150609 21.175486 32.168316 45.504425],[ 57.8678    63.941967  88.95394  124.51464 ],[8.308407 8.303837 8.298875 8.294299],[0.22083616 0.230064   0.24001777 0.25012192],[8.316226 8.317209 8.319232 8.322231],[0.22064124 0.22971565 0.23861213 0.24789669]
TRANSFORMER,D,3e-08,30,False,False,TDD,packagedrop,0.1,[0.27435973 0.23792192 0.29226643 0.34152573],[0.6019568  0.48770684 0.59502363 0.587604  ],[82.384476 69.458855 79.70606  96.948494],[188.98169 142.71219 147.79727 157.22552],[8.219999 8.204887 8.164455 8.119355],[0.34122998 0.3552043  0.40887123 0.47959992],[8.279626 8.265633 8.254636 8.245803],[0.3149234  0.33140603 0.3475315  0.37491977]
TRANSFORMER,D,1e-07,1,False,False,TDD,packagedrop,0.1,[0.0096973  0.01051692 0.01284558 0.01657347],[0.00423806 0.00500496 0.00739758 0.01158654],[2.8719943 3.1210074 3.8220098 4.9934125],[1.2601438 1.5210222 2.2985442 3.6260204],[8.299768 8.299455 8.29824  8.295916],[0.04681446 0.04827159 0.04998287 0.05184243],[8.30858  8.308749 8.308917 8.309082],[0.04570846 0.04691132 0.04821616 0.04961289]
TRANSFORMER,D,1e-07,10,False,False,TDD,packagedrop,0.1,[0.07848423 0.10363527 0.11764365 0.15041976],[0.22398095 0.27885798 0.2867619  0.3796513 ],[23.215149 30.798042 35.39669  45.85749 ],[ 67.28645   84.73487   90.633835 121.24397 ],[8.282107 8.276824 8.271331 8.267822],[0.14898308 0.16656189 0.1832997  0.20064443],[8.302197 8.302738 8.303449 8.304353],[0.14413556 0.16243479 0.18018848 0.19722274]
TRANSFORMER,D,1e-07,30,False,False,TDD,packagedrop,0.1,[0.305407   0.31612992 0.34146985 0.31495902],[0.6166797  0.5657078  0.58263564 0.46194544],[ 91.268585  99.81829  108.37396   98.84962 ],[181.9341  186.61269 194.7783  153.99933],[8.238453 8.247065 8.216214 8.206699],[0.31638116 0.34654906 0.40979147 0.46185833],[8.307436 8.310596 8.312113 8.31137 ],[0.28931206 0.31602684 0.33770058 0.35521185]
TRANSFORMER,D,3e-07,1,False,False,TDD,packagedrop,0.1,[0.03693925 0.03785852 0.03886063 0.03981481],[0.0172225  0.01782971 0.01800974 0.01874147],[10.909772 11.173175 11.466283 11.783839],[5.0857472 5.2641883 5.31271   5.53599  ],[8.273312 8.273025 8.272599 8.271709],[0.03124548 0.03258307 0.03406097 0.03553997],[8.304571 8.304598 8.304624 8.304644],[0.02125929 0.02278931 0.02444145 0.02619203]
TRANSFORMER,D,3e-07,10,False,False,TDD,packagedrop,0.1,[0.09169783 0.10901769 0.11360686 0.15456481],[0.17941542 0.2549439  0.253753   0.39743662],[27.532913 33.022545 34.55726  47.44718 ],[ 55.73239  79.86189  81.05213 125.59211],[8.255649 8.255261 8.252544 8.251458],[0.13974896 0.1582583  0.17735747 0.19609201],[8.291802 8.291453 8.291422 8.291797],[0.13622427 0.15536554 0.17447104 0.193445  ]
TRANSFORMER,D,3e-07,30,False,False,TDD,packagedrop,0.1,[0.33127117 0.37882888 0.3928467  0.39855877],[0.5919496  0.73819876 0.6615099  0.59792614],[103.06404  116.73497  116.770294 119.00809 ],[192.47388 233.48294 201.20586 184.70874],[8.262422  8.2609415 8.232185  8.192555 ],[0.27343097 0.29449686 0.33143732 0.4239984 ],[8.314291 8.305841 8.296564 8.287483],[0.25759736 0.28634158 0.31637365 0.34177953]
TRANSFORMER,A,3e-08,1,False,False,TDD,packagedrop,0.09,[0.00614597 0.00876247 0.01233152 0.0200514 ],[0.0068152  0.00991179 0.01285911 0.02070612],[1.6780037 2.6145227 3.801911  7.1274242],[1.7960259 2.9019153 3.996465  7.0723844],[8.326838 8.322928 8.318972 8.314271],[0.18961903 0.19321999 0.1976167  0.20237574],[8.330993 8.329849 8.328677 8.327478],[0.19007084 0.19461922 0.19951843 0.20474008]
TRANSFORMER,A,3e-08,10,False,False,TDD,packagedrop,0.09,[0.11886971 0.2171858  0.3694258  0.46141934],[0.4451646  0.72322375 1.4586755  1.5036167 ],[20.196327 32.512108 46.690548 70.63511 ],[61.144875 75.53679  78.52715  94.90314 ],[8.178353 8.146716 8.099244 8.044062],[0.5692395  0.65215886 0.75997335 0.8690032 ],[8.202797 8.202787 8.20477  8.210616],[0.5486622  0.603959   0.65337497 0.69756156]
TRANSFORMER,A,3e-08,30,False,False,TDD,packagedrop,0.09,[0.4085537  0.4893956  0.74181795 0.92717505],[0.6284995  0.4575094  0.67107683 0.76203024],[ 80.26419  96.46411 155.19624 205.52986],[189.91208 101.80264 151.81078 196.27946],[7.731161  7.490354  7.2433705 6.8600416],[1.0920833 1.3537512 1.3741367 1.708551 ],[7.9305916 7.937528  7.938669  7.9467754],[0.94080913 0.97129947 1.0151565  1.0446168 ]
TRANSFORMER,A,1e-07,1,False,False,TDD,packagedrop,0.09,[0.00918594 0.01178081 0.01654787 0.02404451],[0.00470252 0.00580413 0.00790946 0.01301446],[2.652576  3.688047  5.1999526 8.921586 ],[1.7744026 3.0410547 4.1560855 8.076139 ],[8.25804  8.255948 8.254074 8.251718],[0.5134623  0.51305383 0.5129631  0.5132799 ],[8.262489 8.263346 8.264196 8.265036],[0.5146195  0.5150341  0.5156064  0.51633507]
TRANSFORMER,A,1e-07,10,False,False,TDD,packagedrop,0.09,[0.06456532 0.11843885 0.18340255 0.27243468],[0.1175238  0.15482198 0.18945171 0.24761079],[12.747231 23.440275 39.298424 67.29518 ],[23.97266  31.652714 43.52763  67.582664],[8.123461 8.098083 8.059595 8.006632],[0.6290761  0.6841391  0.75002044 0.8152339 ],[8.144523 8.146372 8.146507 8.145758],[0.6222944 0.6648694 0.7096781 0.7541992]
TRANSFORMER,A,1e-07,30,False,False,TDD,packagedrop,0.09,[0.37016582 0.62112856 0.7286366  0.85266596],[0.47423312 0.747382   0.47195742 0.36321718],[104.58776 161.15797 198.99483 226.72295],[185.76576 204.83278 197.38504 190.42032],[7.8536334 7.569997  7.1755123 6.810706 ],[1.1138816 1.2896192 1.5323707 1.5061707],[8.072836  8.0405245 7.9876432 7.931781 ],[0.9680374 1.0242085 1.0625325 1.0865595]
TRANSFORMER,A,3e-07,1,False,False,TDD,packagedrop,0.09,[0.01489547 0.02047274 0.02696734 0.04734315],[0.00505028 0.0080829  0.0104211  0.01731793],[ 5.006778  6.693169  8.991042 17.637787],[2.6666558 3.915966  5.358033  9.885297 ],[8.203363 8.19817  8.195756 8.193823],[0.3524695  0.3531699  0.35405675 0.3561172 ],[8.213685 8.214922 8.216152 8.217376],[0.35320455 0.35431996 0.3555505  0.35689354]
TRANSFORMER,A,3e-07,10,False,False,TDD,packagedrop,0.09,[0.09875968 0.1687397  0.24233074 0.35418907],[0.18675269 0.23222005 0.24876283 0.31341872],[ 26.475716  43.921402  64.60676  102.18357 ],[43.24951  60.291157 66.94505  99.92729 ],[8.119642  8.086825  8.034641  7.9612803],[0.642697   0.70260155 0.77088666 0.85303444],[8.171758 8.174995 8.178912 8.18387 ],[0.61714435 0.66222095 0.70273554 0.73701555]
TRANSFORMER,A,3e-07,30,False,False,TDD,packagedrop,0.09,[0.4597214  0.6287408  0.86004984 1.0023909 ],[0.4766541  0.39470944 0.3786582  0.43127608],[140.41142 196.86266 264.55136 297.0836 ],[164.6017  197.00981 215.5937  222.51077],[7.6891813 7.586603  7.2174773 7.006224 ],[1.0560253 1.1826596 1.3390234 1.5248151],[8.039328 8.043646 8.03752  8.038265],[0.90889144 0.95316565 1.0154774  1.050955  ]
TRANSFORMER,C,3e-08,1,False,False,TDD,packagedrop,0.09,[0.01052474 0.01887789 0.02938327 0.04452466],[0.01527175 0.02763609 0.03825406 0.05453031],[ 2.3000042  3.9842017  6.087258  10.746032 ],[1.8075141 3.0160477 4.2985525 7.5071044],[8.313424 8.308771 8.303557 8.297317],[0.13156272 0.13394736 0.13689274 0.14062165],[8.320241 8.321053 8.321877 8.322711],[0.1314964  0.13392694 0.13672413 0.13986447]
TRANSFORMER,C,3e-08,10,False,False,TDD,packagedrop,0.09,[0.13706897 0.28023833 0.46160161 0.5874656 ],[0.21189775 0.3430594  0.5007928  0.48814368],[ 22.358313  47.570976  78.81529  117.937706],[ 37.386944  55.144657  75.07118  100.75437 ],[8.148561  7.9939656 7.727547  7.404992 ],[0.4629363  0.6252177  0.98617405 1.3726984 ],[8.214156 8.200949 8.206897 8.228696],[0.43586653 0.47545165 0.5107417  0.53240734]
TRANSFORMER,C,3e-08,30,False,False,TDD,packagedrop,0.09,[0.6204787  0.9268786  0.97326803 1.0404837 ],[0.5890994  0.58806324 0.43111777 0.3757344 ],[141.74019 215.69038 249.9836  259.01355],[122.9687  138.64612 144.42201 137.58923],[7.5031877 6.47052   5.9770966 5.7748637],[1.1868068 1.8397274 1.7836161 1.8111072],[8.26459   8.2423935 8.200481  8.146262 ],[0.59722245 0.63432664 0.6843038  0.7340101 ]
TRANSFORMER,C,1e-07,1,False,False,TDD,packagedrop,0.09,[0.0089583  0.01345127 0.02030905 0.03060581],[0.0036997  0.00641852 0.0105728  0.01506569],[2.2427254 3.5642529 5.3672132 9.639623 ],[1.0554864 1.8417251 2.9247248 4.9105268],[8.281117 8.275311 8.268359 8.260441],[0.20074621 0.20286709 0.20525454 0.20799217],[8.287666  8.286729  8.285783  8.2848215],[0.20094848 0.20314613 0.20554835 0.20814276]
TRANSFORMER,C,1e-07,10,False,False,TDD,packagedrop,0.09,[0.13875084 0.24812394 0.3730031  0.52160376],[0.22288133 0.3046022  0.3370206  0.3872841 ],[ 36.570263  63.938423  94.74876  136.79985 ],[ 71.11763   97.463776 109.3121   131.70921 ],[8.153799  8.04457   7.8680906 7.6328273],[0.40530986 0.47015512 0.5866307  0.7249901 ],[8.228059 8.225114 8.221141 8.218307],[0.4063242  0.44373652 0.4743657  0.49637356]
TRANSFORMER,C,1e-07,30,False,False,TDD,packagedrop,0.09,[0.587254   0.72908753 0.87406623 0.94924253],[0.5518925  0.43538573 0.3908537  0.31871447],[145.78064 184.9551  229.51305 258.83975],[152.32408 126.59588 129.41766 138.09021],[7.600675  7.1035204 6.660934  6.3501344],[0.9604684 1.170067  1.2488252 1.2814534],[8.210542 8.202722 8.19268  8.180748],[0.5592177  0.55600965 0.5821842  0.64674735]
TRANSFORMER,C,3e-07,1,False,False,TDD,packagedrop,0.09,[0.03877589 0.04326079 0.05176724 0.07547034],[0.02547979 0.02673011 0.02897854 0.03342815],[10.798107  11.961579  14.9390335 23.93409  ],[ 6.848153  7.368413  8.541821 11.162216],[8.267494 8.262191 8.254005 8.243756],[0.12791565 0.12991229 0.13182795 0.13364588],[8.30922  8.309395 8.309544 8.309666],[0.12782563 0.12907478 0.13059264 0.132371  ]
TRANSFORMER,C,3e-07,10,False,False,TDD,packagedrop,0.09,[0.13164774 0.21411315 0.29935333 0.43305415],[0.13893656 0.17352015 0.19553271 0.2600138 ],[ 36.652756  60.74538   84.7829   126.03333 ],[41.839134 53.86289  60.791725 84.58017 ],[8.139622  8.04078   7.935078  7.7657824],[0.35939482 0.41886714 0.4863198  0.6049051 ],[8.250104 8.243475 8.238306 8.233626],[0.33855358 0.37196392 0.40309045 0.43264046]
TRANSFORMER,C,3e-07,30,False,False,TDD,packagedrop,0.09,[0.521885   0.71408087 0.81025696 0.9888354 ],[0.39550385 0.329454   0.3101863  0.38755605],[155.45653 217.10162 249.04367 305.33066],[137.02032 131.78401 133.60703 165.3108 ],[7.489398  7.0163617 6.7542467 6.550468 ],[1.0710527 1.1871675 1.3177711 1.3204696],[8.243394  8.2595005 8.280929  8.2970915],[0.5275148  0.56576973 0.5995795  0.6289665 ]
TRANSFORMER,D,3e-08,1,False,False,TDD,packagedrop,0.09,[0.00414919 0.00509261 0.00661468 0.00924436],[0.00590492 0.00707581 0.00778454 0.01103457],[1.197767  1.474319  1.9153901 2.7937984],[1.8047494 2.180627  2.3959181 3.490931 ],[8.312057 8.311502 8.310559 8.308843],[0.16919857 0.16956607 0.16993195 0.1705542 ],[8.314398 8.314319 8.314234 8.314145],[0.1689577  0.1692839  0.16965668 0.17007592]
TRANSFORMER,D,3e-08,10,False,False,TDD,packagedrop,0.09,[0.04504619 0.07612363 0.09560697 0.12305205],[0.1645501 0.2850415 0.3281328 0.3780456],[14.351135 24.406284 30.598667 39.496506],[ 56.00315  97.77283 113.43624 131.17056],[8.308515 8.304203 8.298746 8.29066 ],[0.22082713 0.23029588 0.24063572 0.25450307],[8.316226 8.317209 8.319232 8.322231],[0.22064124 0.22971565 0.23861213 0.24789669]
TRANSFORMER,D,3e-08,30,False,False,TDD,packagedrop,0.09,[0.1811542  0.29027632 0.28471518 0.2587069 ],[0.39654145 0.6143556  0.50374454 0.32501373],[55.173897 89.05424  83.97635  74.230965],[121.48077 202.03928 158.1916   95.75673],[8.199896 8.205263 8.118258 8.103021],[0.37723213 0.34661582 0.50513625 0.44589594],[8.279626 8.265633 8.254636 8.245803],[0.3149234  0.33140603 0.3475315  0.37491977]
TRANSFORMER,D,1e-07,1,False,False,TDD,packagedrop,0.09,[0.00957286 0.01049822 0.01302889 0.01712696],[0.00432696 0.00524595 0.00839302 0.01393321],[2.8260338 3.103141  3.8618557 5.1380033],[1.2512659 1.5458933 2.542935  4.265669 ],[8.299749 8.299422 8.298101 8.295837],[0.04698592 0.04828842 0.0500765  0.0517415 ],[8.30858  8.308749 8.308917 8.309082],[0.04570846 0.04691132 0.04821616 0.04961289]
TRANSFORMER,D,1e-07,10,False,False,TDD,packagedrop,0.09,[0.04939254 0.07575837 0.09969802 0.13363412],[0.10736663 0.1503386  0.1962623  0.29200983],[14.662381 22.3989   29.43697  39.752106],[31.386421 43.717365 56.622456 83.976494],[8.285876 8.278439 8.272165 8.269197],[0.14483511 0.16470766 0.18319613 0.20050332],[8.302197 8.302738 8.303449 8.304353],[0.14413556 0.16243479 0.18018848 0.19722274]
TRANSFORMER,D,1e-07,30,False,False,TDD,packagedrop,0.09,[0.2768379  0.33140102 0.36255416 0.37541088],[0.57812357 0.69376093 0.6637505  0.5963315 ],[ 87.53258 104.58326 110.99532 115.90933],[187.5474  227.55533 210.7519  191.23772],[8.26178  8.262691 8.247828 8.224106],[0.30017674 0.33010644 0.36009142 0.4046555 ],[8.307436 8.310596 8.312113 8.31137 ],[0.28931206 0.31602684 0.33770058 0.35521185]
TRANSFORMER,D,3e-07,1,False,False,TDD,packagedrop,0.09,[0.03631124 0.03706023 0.03813982 0.03887662],[0.01565589 0.01585227 0.01623871 0.01680066],[10.721339 10.936878 11.254072 11.510857],[4.608627  4.667422  4.7807174 4.961926 ],[8.273306 8.273029 8.272613 8.271763],[0.03125183 0.032592   0.03407253 0.03555011],[8.304571 8.304598 8.304624 8.304644],[0.02125929 0.02278931 0.02444145 0.02619203]
TRANSFORMER,D,3e-07,10,False,False,TDD,packagedrop,0.09,[0.10047674 0.13433754 0.15365206 0.1927948 ],[0.19197735 0.30822408 0.34619653 0.44968995],[30.359001 40.907536 46.87593  59.045834],[ 59.48671  97.2261  108.41177 138.88568],[8.256427 8.254695 8.253514 8.251262],[0.13927895 0.15746011 0.17616409 0.19482572],[8.291802 8.291453 8.291422 8.291797],[0.13622427 0.15536554 0.17447104 0.193445  ]
TRANSFORMER,D,3e-07,30,False,False,TDD,packagedrop,0.09,[0.28453532 0.32739753 0.35329196 0.34157878],[0.51894784 0.6176899  0.6067542  0.55119854],[ 86.73249   99.48941  104.648796  99.66289 ],[158.01778 186.65198 178.18497 152.80307],[8.244577 8.238633 8.200529 8.167135],[0.29709014 0.3404782  0.39171156 0.4358168 ],[8.314291 8.305841 8.296564 8.287483],[0.25759736 0.28634158 0.31637365 0.34177953]
TRANSFORMER,A,3e-08,1,False,False,TDD,packagedrop,0.08,[0.0054025  0.0079227  0.01149604 0.02001589],[0.00349652 0.00590979 0.00962357 0.02022938],[1.5017515 2.4308174 3.6607392 7.3377447],[1.1546829 2.293162  3.6783464 8.015441 ],[8.326867 8.322971 8.318836 8.314036],[0.18943891 0.1930357  0.1973066  0.2021553 ],[8.330993 8.329849 8.328677 8.327478],[0.19007084 0.19461922 0.19951843 0.20474008]
TRANSFORMER,A,3e-08,10,False,False,TDD,packagedrop,0.08,[0.06451654 0.12846723 0.1809023  0.27366763],[0.16529523 0.24058779 0.23415309 0.39119786],[ 9.476833 16.90792  28.135155 48.721592],[29.462482 24.398222 24.33834  40.44321 ],[8.157794  8.151804  8.111885  8.0604105],[0.6054329  0.62618065 0.70555776 0.7930744 ],[8.202797 8.202787 8.20477  8.210616],[0.5486622  0.603959   0.65337497 0.69756156]
TRANSFORMER,A,3e-08,30,False,False,TDD,packagedrop,0.08,[0.38960445 0.54358655 0.77342767 0.968878  ],[0.501057   0.4905733  0.6551624  0.82537246],[ 80.596466 118.56487  165.90965  214.79459 ],[157.72783 154.33049 167.40007 209.50803],[7.7076674 7.518337  7.3021398 6.9451375],[1.1478028 1.30054   1.2785645 1.5402077],[7.9305916 7.937528  7.938669  7.9467754],[0.94080913 0.97129947 1.0151565  1.0446168 ]
TRANSFORMER,A,1e-07,1,False,False,TDD,packagedrop,0.08,[0.00919763 0.01183984 0.01667717 0.02420527],[0.00508635 0.00687088 0.00978749 0.01475894],[2.614427 3.619983 5.124448 8.786613],[1.7240585 2.919719  4.1072226 7.9435177],[8.25804  8.255984 8.254127 8.251835],[0.5134431  0.5129938  0.51287854 0.5131051 ],[8.262489 8.263346 8.264196 8.265036],[0.5146195  0.5150341  0.5156064  0.51633507]
TRANSFORMER,A,1e-07,10,False,False,TDD,packagedrop,0.08,[0.0679265  0.13112868 0.19703297 0.28893888],[0.12435315 0.18840954 0.22791599 0.30457166],[14.192719 26.388845 41.788647 69.52259 ],[30.025589 41.57815  48.63639  70.58914 ],[8.121921  8.0954685 8.055158  7.9991956],[0.630527  0.6877771 0.7553629 0.8205146],[8.144523 8.146372 8.146507 8.145758],[0.6222944 0.6648694 0.7096781 0.7541992]
TRANSFORMER,A,1e-07,30,False,False,TDD,packagedrop,0.08,[0.37186718 0.6062062  0.76825094 0.88920736],[0.49710402 0.72626907 0.67761725 0.57863665],[ 94.79375 136.29611 197.31773 219.48788],[171.82082 129.67256 203.71909 181.2785 ],[7.899525  7.5825233 7.1967926 6.86018  ],[1.0507045 1.3625942 1.5630913 1.5338728],[8.072836  8.0405245 7.9876432 7.931781 ],[0.9680374 1.0242085 1.0625325 1.0865595]
TRANSFORMER,A,3e-07,1,False,False,TDD,packagedrop,0.08,[0.01492379 0.02018114 0.02685344 0.04650216],[0.00467542 0.00723227 0.00985135 0.01659967],[ 4.978511  6.583921  8.890275 17.320015],[2.6037493 3.9008071 5.446379  9.826577 ],[8.203251 8.198095 8.195697 8.193918],[0.3524954  0.35326326 0.3543648  0.3564235 ],[8.213685 8.214922 8.216152 8.217376],[0.35320455 0.35431996 0.3555505  0.35689354]
TRANSFORMER,A,3e-07,10,False,False,TDD,packagedrop,0.08,[0.10407656 0.17684345 0.26333165 0.38356417],[0.15228978 0.23313925 0.27863863 0.3436164 ],[ 31.61322   50.201763  75.30749  114.67221 ],[ 54.279137  80.792145  98.58847  125.72797 ],[8.129532 8.095645 8.03555  7.962439],[0.628073   0.69151527 0.77161384 0.8530379 ],[8.171758 8.174995 8.178912 8.18387 ],[0.61714435 0.66222095 0.70273554 0.73701555]
TRANSFORMER,A,3e-07,30,False,False,TDD,packagedrop,0.08,[0.4004643  0.60431653 0.79936785 0.95965403],[0.43695658 0.36792547 0.29952294 0.40454248],[129.91798 187.5097  246.83823 286.42938],[176.80505 178.67776 195.01218 210.87187],[7.6969433 7.56293   7.1682863 7.0118394],[1.1652437 1.1878831 1.3743608 1.5292602],[8.039328 8.043646 8.03752  8.038265],[0.90889144 0.95316565 1.0154774  1.050955  ]
TRANSFORMER,C,3e-08,1,False,False,TDD,packagedrop,0.08,[0.00859469 0.01670014 0.02709119 0.04208898],[0.00528008 0.01527326 0.02742158 0.04418065],[ 2.2688665  4.053179   6.257586  10.989053 ],[2.1503427 4.1405344 6.157612  9.496678 ],[8.31344  8.308788 8.303539 8.297146],[0.13111489 0.13363703 0.13633002 0.14005803],[8.320241 8.321053 8.321877 8.322711],[0.1314964  0.13392694 0.13672413 0.13986447]
TRANSFORMER,C,3e-08,10,False,False,TDD,packagedrop,0.08,[0.15491831 0.30936804 0.48903686 0.6179156 ],[0.24190748 0.42897436 0.5511253  0.53291637],[ 24.704414  49.042294  81.02198  121.164154],[37.019306 49.577602 71.49477  97.37676 ],[8.130743  7.981533  7.730783  7.4215636],[0.4837198 0.6403666 0.9487155 1.2779163],[8.214156 8.200949 8.206897 8.228696],[0.43586653 0.47545165 0.5107417  0.53240734]
TRANSFORMER,C,3e-08,30,False,False,TDD,packagedrop,0.08,[0.5873399 0.9632908 1.0310466 1.0288002],[0.50598085 0.62044674 0.53975505 0.37517232],[144.79092 220.82806 253.15141 262.1619 ],[144.22603 158.22711 158.72452 156.43286],[7.5945354 6.5199184 5.856114  5.7278514],[0.9866656 1.819892  1.8453872 1.7006714],[8.26459   8.2423935 8.200481  8.146262 ],[0.59722245 0.63432664 0.6843038  0.7340101 ]
TRANSFORMER,C,1e-07,1,False,False,TDD,packagedrop,0.08,[0.00888343 0.01327641 0.02014885 0.03080656],[0.00402152 0.00684174 0.01117358 0.01665475],[2.2342112 3.528595  5.3525047 9.71106  ],[1.161897  1.9662324 3.1306827 5.5618715],[8.281031 8.2752   8.268209 8.260221],[0.20077284 0.20288026 0.2053332  0.20838492],[8.287666  8.286729  8.285783  8.2848215],[0.20094848 0.20314613 0.20554835 0.20814276]
TRANSFORMER,C,1e-07,10,False,False,TDD,packagedrop,0.08,[0.1601948  0.25992444 0.38730866 0.53493744],[0.26935416 0.3119014  0.3388024  0.3749415 ],[ 39.658596  64.04918   94.73616  136.25119 ],[ 73.141785  84.11431   93.31899  108.456436],[8.13343   8.033014  7.8459926 7.5893703],[0.43526828 0.4918602  0.6237801  0.768794  ],[8.228059 8.225114 8.221141 8.218307],[0.4063242  0.44373652 0.4743657  0.49637356]
TRANSFORMER,C,1e-07,30,False,False,TDD,packagedrop,0.08,[0.51047695 0.701212   0.8298754  0.8865207 ],[0.49866247 0.4122383  0.34177515 0.25350666],[125.993095 178.76903  219.17838  246.33514 ],[136.01746  128.56917  127.094124 138.22763 ],[7.6576624 7.0956945 6.6767507 6.359942 ],[0.94893783 1.227578   1.3089848  1.3382354 ],[8.210542 8.202722 8.19268  8.180748],[0.5592177  0.55600965 0.5821842  0.64674735]
TRANSFORMER,C,3e-07,1,False,False,TDD,packagedrop,0.08,[0.03775232 0.0418481  0.04932125 0.07125437],[0.02534607 0.02599053 0.02726592 0.02924046],[10.424385  11.3788185 13.99428   22.46903  ],[6.7433186 6.925611  7.5792055 9.432031 ],[8.267704 8.26264  8.254829 8.244829],[0.12780514 0.12976153 0.13142923 0.13300484],[8.30922  8.309395 8.309544 8.309666],[0.12782563 0.12907478 0.13059264 0.132371  ]
TRANSFORMER,C,3e-07,10,False,False,TDD,packagedrop,0.08,[0.09662282 0.17545627 0.25914815 0.39046216],[0.06225131 0.08925008 0.11786795 0.18682888],[ 26.761965  50.040688  74.27803  113.889755],[19.864523 30.076996 40.406784 65.4072  ],[8.151444  8.052099  7.9429417 7.777241 ],[0.35018158 0.40510404 0.47006297 0.5810257 ],[8.250104 8.243475 8.238306 8.233626],[0.33855358 0.37196392 0.40309045 0.43264046]
TRANSFORMER,C,3e-07,30,False,False,TDD,packagedrop,0.08,[0.4880238  0.69789016 0.80129606 0.9395119 ],[0.39199635 0.29507363 0.2619004  0.27509657],[146.14862 211.74416 247.03181 296.40567],[137.88283  120.983444 132.67729  147.38531 ],[7.55266   6.8547173 6.7132716 6.5509944],[0.9716951 1.3191018 1.348708  1.3913977],[8.243394  8.2595005 8.280929  8.2970915],[0.5275148  0.56576973 0.5995795  0.6289665 ]
TRANSFORMER,D,3e-08,1,False,False,TDD,packagedrop,0.08,[0.00467885 0.00572157 0.007344   0.0099769 ],[0.01242212 0.01440265 0.01704671 0.02114387],[1.3643886 1.681678  2.1595435 3.0488012],[3.8495169 4.504179  5.367361  6.6576567],[8.312072 8.311524 8.310566 8.308866],[0.1692205  0.16955675 0.16990273 0.17050143],[8.314398 8.314319 8.314234 8.314145],[0.1689577  0.1692839  0.16965668 0.17007592]
TRANSFORMER,D,3e-08,10,False,False,TDD,packagedrop,0.08,[0.07790693 0.10284121 0.12563363 0.15300074],[0.32381302 0.35677743 0.41998112 0.45160264],[25.589256 33.386856 40.596584 49.89545 ],[106.799126 118.661766 139.06444  150.66391 ],[8.308182 8.30409  8.299544 8.294736],[0.22118239 0.2306908  0.2410172  0.25119862],[8.316226 8.317209 8.319232 8.322231],[0.22064124 0.22971565 0.23861213 0.24789669]
TRANSFORMER,D,3e-08,30,False,False,TDD,packagedrop,0.08,[0.15427996 0.23739794 0.28656772 0.32901067],[0.29092616 0.47442764 0.520644   0.57102257],[44.34651  65.51161  77.91509  90.897835],[ 83.970024 132.37563  138.56699  154.78297 ],[8.234219  8.2089815 8.12414   8.153609 ],[0.32542464 0.36422566 0.51994187 0.4246774 ],[8.279626 8.265633 8.254636 8.245803],[0.3149234  0.33140603 0.3475315  0.37491977]
TRANSFORMER,D,1e-07,1,False,False,TDD,packagedrop,0.08,[0.0105186  0.01137194 0.01325457 0.01669024],[0.00793334 0.0091904  0.01002439 0.0118868 ],[3.1084592 3.362924  3.919768  4.991118 ],[2.3608038 2.7404335 2.9865992 3.542544 ],[8.299831 8.299483 8.298316 8.295982],[0.04689354 0.04830508 0.05003882 0.05188294],[8.30858  8.308749 8.308917 8.309082],[0.04570846 0.04691132 0.04821616 0.04961289]
TRANSFORMER,D,1e-07,10,False,False,TDD,packagedrop,0.08,[0.04729802 0.07307322 0.09105325 0.11879477],[0.12575497 0.18686187 0.22558008 0.3170656 ],[13.65277  20.90491  25.936619 33.831963],[35.34098 51.81145 61.28719 85.57508],[8.286002 8.278952 8.273296 8.270066],[0.14495198 0.16478147 0.18316673 0.20045161],[8.302197 8.302738 8.303449 8.304353],[0.14413556 0.16243479 0.18018848 0.19722274]
TRANSFORMER,D,1e-07,30,False,False,TDD,packagedrop,0.08,[0.2803915  0.2791465  0.38499987 0.3967445 ],[0.5566042  0.5380139  0.69790137 0.6431674 ],[ 89.32664  89.76544 120.40875 124.00963],[185.74268 186.64894 226.43077 210.28766],[8.254262 8.261448 8.251439 8.223489],[0.30162182 0.32739708 0.35707828 0.39089707],[8.307436 8.310596 8.312113 8.31137 ],[0.28931206 0.31602684 0.33770058 0.35521185]
TRANSFORMER,D,3e-07,1,False,False,TDD,packagedrop,0.08,[0.03625671 0.03703062 0.03825673 0.0392138 ],[0.01552664 0.01580822 0.01623938 0.0170586 ],[10.707259 10.929361 11.290079 11.61073 ],[4.573169  4.654771  4.7834883 5.0517273],[8.273285 8.272999 8.272556 8.271656],[0.03124372 0.03258778 0.0340249  0.0355066 ],[8.304571 8.304598 8.304624 8.304644],[0.02125929 0.02278931 0.02444145 0.02619203]
TRANSFORMER,D,3e-07,10,False,False,TDD,packagedrop,0.08,[0.08376178 0.09911931 0.12196235 0.16078779],[0.17177552 0.17699298 0.26166987 0.38134134],[24.323494 28.981562 35.44689  47.075897],[ 46.684334  49.47577   71.7876   105.31759 ],[8.256712 8.255335 8.254058 8.252396],[0.13962482 0.1581683  0.17686506 0.19571024],[8.291802 8.291453 8.291422 8.291797],[0.13622427 0.15536554 0.17447104 0.193445  ]
TRANSFORMER,D,3e-07,30,False,False,TDD,packagedrop,0.08,[0.20276119 0.28368673 0.2895291  0.28526342],[0.37769708 0.55884707 0.52386016 0.45102194],[59.444523 85.9074   86.38685  85.71864 ],[106.72477 177.63857 157.81726 133.8051 ],[8.233774  8.2535925 8.194901  8.195144 ],[0.43444732 0.31047997 0.4251828  0.39903858],[8.314291 8.305841 8.296564 8.287483],[0.25759736 0.28634158 0.31637365 0.34177953]
TRANSFORMER,A,3e-08,1,False,False,TDD,packagedrop,0.07,[0.00585735 0.00849858 0.01161693 0.01873288],[0.00436309 0.00731667 0.01049871 0.01808481],[1.5797976 2.520959  3.5920475 6.79671  ],[1.2315533 2.4172952 3.5857842 6.7772565],[8.326954  8.3230295 8.319107  8.3143215],[0.18951735 0.19305123 0.19743861 0.20222092],[8.330993 8.329849 8.328677 8.327478],[0.19007084 0.19461922 0.19951843 0.20474008]
TRANSFORMER,A,3e-08,10,False,False,TDD,packagedrop,0.07,[0.05883593 0.12276272 0.19300543 0.29267928],[0.08855242 0.1400081  0.22554904 0.365999  ],[11.117459 21.464062 35.622715 59.913326],[23.559322 31.369541 43.849697 66.37037 ],[8.180055 8.153164 8.113295 8.06348 ],[0.5551513  0.6260554  0.70576566 0.79017174],[8.202797 8.202787 8.20477  8.210616],[0.5486622  0.603959   0.65337497 0.69756156]
TRANSFORMER,A,3e-08,30,False,False,TDD,packagedrop,0.07,[0.4442358  0.5159228  0.7669814  0.97696203],[0.6249902  0.47948173 0.6342488  0.84326744],[100.45981  108.071884 162.23962  209.21333 ],[212.71033 129.69977 160.18904 202.5327 ],[7.7187805 7.5321584 7.301893  6.9752026],[1.1507312 1.2776148 1.2832086 1.524329 ],[7.9305916 7.937528  7.938669  7.9467754],[0.94080913 0.97129947 1.0151565  1.0446168 ]
TRANSFORMER,A,1e-07,1,False,False,TDD,packagedrop,0.07,[0.00963762 0.01225828 0.01719152 0.02529631],[0.00634003 0.00726826 0.00911096 0.01446545],[2.6922615 3.686746  5.253658  9.098527 ],[1.665088  2.771135  3.9553058 7.7596736],[8.257951 8.255821 8.253894 8.251605],[0.5135158  0.5131083  0.51307845 0.5132902 ],[8.262489 8.263346 8.264196 8.265036],[0.5146195  0.5150341  0.5156064  0.51633507]
TRANSFORMER,A,1e-07,10,False,False,TDD,packagedrop,0.07,[0.08223129 0.14703354 0.21643847 0.30458188],[0.17018765 0.22600068 0.2696695  0.32442153],[17.819979 31.314116 48.251778 75.7744  ],[43.166    58.35031  70.63691  91.914444],[8.122093 8.095008 8.057472 8.006624],[0.6299891  0.68698275 0.75307965 0.8139514 ],[8.144523 8.146372 8.146507 8.145758],[0.6222944 0.6648694 0.7096781 0.7541992]
TRANSFORMER,A,1e-07,30,False,False,TDD,packagedrop,0.07,[0.38268292 0.5647587  0.7151459  0.87509584],[0.54166836 0.66401595 0.40555146 0.35560513],[ 92.188416 139.69757  188.42487  233.50644 ],[142.63272 158.02287 167.53458 203.01651],[7.85262   7.5339537 7.2020245 6.7539177],[1.0988524 1.3828583 1.5007819 1.5667667],[8.072836  8.0405245 7.9876432 7.931781 ],[0.9680374 1.0242085 1.0625325 1.0865595]
TRANSFORMER,A,3e-07,1,False,False,TDD,packagedrop,0.07,[0.01476161 0.01998672 0.02629919 0.04556344],[0.00471001 0.00696368 0.00917327 0.01525888],[ 4.930389  6.499376  8.683042 16.987677],[2.638634  3.685947  4.9896255 9.322105 ],[8.203263 8.198074 8.195651 8.193786],[0.35256347 0.35331565 0.3544117  0.3563154 ],[8.213685 8.214922 8.216152 8.217376],[0.35320455 0.35431996 0.3555505  0.35689354]
TRANSFORMER,A,3e-07,10,False,False,TDD,packagedrop,0.07,[0.08474797 0.14894511 0.22814587 0.34633702],[0.12030263 0.16901149 0.20452508 0.29142216],[ 24.984861  41.396744  63.894096 102.22063 ],[ 41.64847   62.11008   74.384285 110.159966],[8.130443 8.095885 8.037627 7.966342],[0.62811   0.6918647 0.7719308 0.8539277],[8.171758 8.174995 8.178912 8.18387 ],[0.61714435 0.66222095 0.70273554 0.73701555]
TRANSFORMER,A,3e-07,30,False,False,TDD,packagedrop,0.07,[0.377277   0.5967336  0.82295144 0.9923306 ],[0.33717844 0.33403912 0.31261152 0.44340008],[118.88815 184.13    251.34164 286.83664],[151.70361 184.0024  205.96652 204.19699],[7.7543135 7.5669317 7.204585  7.001498 ],[1.0657954 1.1972374 1.3829877 1.536675 ],[8.039328 8.043646 8.03752  8.038265],[0.90889144 0.95316565 1.0154774  1.050955  ]
TRANSFORMER,C,3e-08,1,False,False,TDD,packagedrop,0.07,[0.00951475 0.0178887  0.0281485  0.04231577],[0.00867589 0.02095447 0.03239906 0.04596552],[ 2.1755679  3.8308814  5.871833  10.298058 ],[1.7288184 3.1060092 4.5056233 7.214276 ],[8.313609 8.308839 8.303693 8.297586],[0.13135785 0.13377482 0.13665242 0.14045294],[8.320241 8.321053 8.321877 8.322711],[0.1314964  0.13392694 0.13672413 0.13986447]
TRANSFORMER,C,3e-08,10,False,False,TDD,packagedrop,0.07,[0.13781711 0.26940158 0.47309318 0.6201203 ],[0.25690487 0.32068726 0.5373906  0.5716507 ],[ 24.906178  49.22365   82.62937  122.81012 ],[ 62.016403  74.23872  100.648186 120.51984 ],[8.155915  8.0129795 7.7686357 7.4486475],[0.45467347 0.591616   0.9053909  1.2976356 ],[8.214156 8.200949 8.206897 8.228696],[0.43586653 0.47545165 0.5107417  0.53240734]
TRANSFORMER,C,3e-08,30,False,False,TDD,packagedrop,0.07,[0.51492184 0.89267373 0.9870736  1.0165243 ],[0.41033724 0.5829103  0.51154387 0.37050062],[129.78171 206.6903  244.81308 255.60214],[119.234245 140.86734  142.22638  141.93216 ],[7.5831842 6.5206037 6.0104656 5.7097445],[1.056182  1.8570063 1.8353281 1.7647382],[8.26459   8.2423935 8.200481  8.146262 ],[0.59722245 0.63432664 0.6843038  0.7340101 ]
TRANSFORMER,C,1e-07,1,False,False,TDD,packagedrop,0.07,[0.00893668 0.01339772 0.02014501 0.03045853],[0.00389293 0.00667079 0.01087381 0.01602776],[2.2339437 3.5256624 5.2995954 9.506474 ],[1.0899864 1.8577137 2.922458  5.039068 ],[8.281154 8.275418 8.268472 8.260594],[0.2008071  0.2029383  0.20532365 0.20816937],[8.287666  8.286729  8.285783  8.2848215],[0.20094848 0.20314613 0.20554835 0.20814276]
TRANSFORMER,C,1e-07,10,False,False,TDD,packagedrop,0.07,[0.12130421 0.21875557 0.34250572 0.484013  ],[0.2052119  0.24863923 0.2861864  0.332171  ],[ 28.03252   53.071487  84.12524  123.190956],[ 49.81288  69.13615  83.83829 101.43332],[8.145558  8.026768  7.8448806 7.5974674],[0.43106943 0.53173316 0.6479755  0.79277307],[8.228059 8.225114 8.221141 8.218307],[0.4063242  0.44373652 0.4743657  0.49637356]
TRANSFORMER,C,1e-07,30,False,False,TDD,packagedrop,0.07,[0.4273901  0.6437132  0.86149627 0.9242169 ],[0.31953773 0.28283295 0.33923838 0.2560588 ],[106.206024 165.67747  226.52122  251.85936 ],[102.03103  95.60175 127.07736 128.1051 ],[7.7331114 7.1866536 6.637584  6.258519 ],[0.7963954 1.0936418 1.353066  1.4390986],[8.210542 8.202722 8.19268  8.180748],[0.5592177  0.55600965 0.5821842  0.64674735]
TRANSFORMER,C,3e-07,1,False,False,TDD,packagedrop,0.07,[0.03818204 0.0424181  0.05019946 0.07226954],[0.02567758 0.02630751 0.0280003  0.03085777],[10.5441065 11.547111  14.272317  22.793756 ],[ 6.8456693  7.079324   7.920338  10.106923 ],[8.267523 8.262332 8.254369 8.244419],[0.12784274 0.12974569 0.13130775 0.13285874],[8.30922  8.309395 8.309544 8.309666],[0.12782563 0.12907478 0.13059264 0.132371  ]
TRANSFORMER,C,3e-07,10,False,False,TDD,packagedrop,0.07,[0.10732368 0.18675584 0.26860225 0.39611608],[0.08851527 0.11864299 0.14648592 0.21050371],[ 30.132576  53.19701   76.32226  115.00222 ],[30.82705  39.97968  49.695408 74.01896 ],[8.144944  8.04762   7.9359813 7.7674227],[0.35028353 0.40864325 0.4829578  0.6057296 ],[8.250104 8.243475 8.238306 8.233626],[0.33855358 0.37196392 0.40309045 0.43264046]
TRANSFORMER,C,3e-07,30,False,False,TDD,packagedrop,0.07,[0.42072675 0.669174   0.800956   0.8979023 ],[0.33274993 0.2833634  0.2774501  0.25492254],[124.841515 203.83899  247.91219  282.28766 ],[111.374954 121.82654  139.46312  144.51802 ],[7.7147703 7.0598383 6.790854  6.5890594],[0.8104213 1.0862991 1.2545366 1.3160083],[8.243394  8.2595005 8.280929  8.2970915],[0.5275148  0.56576973 0.5995795  0.6289665 ]
TRANSFORMER,D,3e-08,1,False,False,TDD,packagedrop,0.07,[0.00328391 0.00396706 0.00513927 0.0069833 ],[0.00211496 0.00237656 0.00320888 0.00457352],[0.9305836 1.1213485 1.448592  2.0709357],[0.55105394 0.6279747  0.848928   1.3546501 ],[8.312107 8.311551 8.310662 8.308912],[0.16924474 0.16959229 0.17000319 0.17058733],[8.314398 8.314319 8.314234 8.314145],[0.1689577  0.1692839  0.16965668 0.17007592]
TRANSFORMER,D,3e-08,10,False,False,TDD,packagedrop,0.07,[0.04976804 0.07712732 0.10313429 0.1457843 ],[0.1401836  0.2207298  0.2804014  0.38787797],[14.979688 23.357553 31.08279  44.502495],[ 42.36718   68.06943   85.50135  118.935486],[8.308599 8.304692 8.299952 8.295563],[0.22068642 0.23002893 0.2403242  0.25062695],[8.316226 8.317209 8.319232 8.322231],[0.22064124 0.22971565 0.23861213 0.24789669]
TRANSFORMER,D,3e-08,30,False,False,TDD,packagedrop,0.07,[0.16882269 0.1824893  0.19034289 0.27232814],[0.47266433 0.36477244 0.34882835 0.4165747 ],[48.7079   52.739697 53.465595 80.52687 ],[135.47409  108.07345   94.310295 136.8276  ],[8.247458 8.215365 8.170675 8.154511],[0.31981158 0.34628847 0.4398994  0.42018595],[8.279626 8.265633 8.254636 8.245803],[0.3149234  0.33140603 0.3475315  0.37491977]
TRANSFORMER,D,1e-07,1,False,False,TDD,packagedrop,0.07,[0.00917405 0.00982945 0.01173063 0.01469744],[0.00391358 0.00423715 0.00535543 0.00752868],[2.7023447 2.8930945 3.4537506 4.3839793],[1.1178418 1.2086487 1.5413284 2.2063692],[8.299845 8.299475 8.298326 8.295989],[0.04687966 0.04827831 0.0500253  0.05184874],[8.30858  8.308749 8.308917 8.309082],[0.04570846 0.04691132 0.04821616 0.04961289]
TRANSFORMER,D,1e-07,10,False,False,TDD,packagedrop,0.07,[0.04403176 0.06478258 0.08284751 0.10901707],[0.10560298 0.13328214 0.17255557 0.25555304],[12.906744 18.872532 24.17179  31.905163],[30.06913 37.34428 47.61221 70.58979],[8.2858925 8.278642  8.272889  8.269602 ],[0.14432965 0.16417882 0.18242863 0.20070659],[8.302197 8.302738 8.303449 8.304353],[0.14413556 0.16243479 0.18018848 0.19722274]
TRANSFORMER,D,1e-07,30,False,False,TDD,packagedrop,0.07,[0.19217595 0.18259987 0.27350503 0.28136015],[0.5234271  0.43299258 0.5709452  0.50281066],[59.599117 57.186398 85.717285 88.780945],[167.49777 148.96478 191.08473 168.78128],[8.268949 8.258475 8.251972 8.205949],[0.29530725 0.33349985 0.3597729  0.47059536],[8.307436 8.310596 8.312113 8.31137 ],[0.28931206 0.31602684 0.33770058 0.35521185]
TRANSFORMER,D,3e-07,1,False,False,TDD,packagedrop,0.07,[0.03621641 0.03705615 0.03801756 0.03870302],[0.01562866 0.01579619 0.01601777 0.01623552],[10.696341 10.937545 11.218076 11.459835],[4.6039553 4.6527157 4.7131743 4.8032303],[8.273303 8.273025 8.272591 8.271734],[0.03123796 0.03258684 0.03401639 0.03550588],[8.304571 8.304598 8.304624 8.304644],[0.02125929 0.02278931 0.02444145 0.02619203]
TRANSFORMER,D,3e-07,10,False,False,TDD,packagedrop,0.07,[0.10315824 0.12556903 0.15090516 0.19624656],[0.1764414  0.2533201  0.32198548 0.44189182],[31.037249 37.99354  45.913754 60.00999 ],[ 54.58789   78.66433  100.596695 137.47922 ],[8.256913  8.255857  8.2547245 8.252852 ],[0.13937731 0.15805288 0.17671263 0.1954259 ],[8.291802 8.291453 8.291422 8.291797],[0.13622427 0.15536554 0.17447104 0.193445  ]
TRANSFORMER,D,3e-07,30,False,False,TDD,packagedrop,0.07,[0.23594415 0.27658272 0.31750354 0.30918816],[0.49810383 0.5746433  0.5825755  0.48731142],[73.70937  84.633095 97.22875  90.565735],[163.07706 188.31895 191.16365 141.5547 ],[8.259749  8.2500305 8.233021  8.208325 ],[0.26932058 0.32895622 0.3346766  0.36490914],[8.314291 8.305841 8.296564 8.287483],[0.25759736 0.28634158 0.31637365 0.34177953]
TRANSFORMER,A,3e-08,1,False,False,TDD,packagedrop,0.06,[0.00575243 0.0079645  0.01117899 0.0178172 ],[0.00415879 0.00636394 0.00978988 0.01719658],[1.5639851 2.4059913 3.4950843 6.539154 ],[1.2914282 2.5336335 3.7336862 6.9239607],[8.326989  8.323158  8.3192625 8.314769 ],[0.18948053 0.19298123 0.19730301 0.20208746],[8.330993 8.329849 8.328677 8.327478],[0.19007084 0.19461922 0.19951843 0.20474008]
TRANSFORMER,A,3e-08,10,False,False,TDD,packagedrop,0.06,[0.04628374 0.10167561 0.1694861  0.26365414],[0.08987334 0.13309866 0.22183941 0.38096502],[ 7.8156934 15.927896  28.5166    49.16486  ],[21.197937 24.897263 33.873825 50.996704],[8.184247 8.156201 8.118104 8.070472],[0.55367535 0.62610173 0.70428383 0.7894271 ],[8.202797 8.202787 8.20477  8.210616],[0.5486622  0.603959   0.65337497 0.69756156]
TRANSFORMER,A,3e-08,30,False,False,TDD,packagedrop,0.06,[0.37032697 0.49518514 0.7526381  0.97376686],[0.44980952 0.35935426 0.57912266 0.83558244],[ 76.18033 108.99857 163.25392 205.29443],[120.50945 142.37016 178.71672 203.62122],[7.692323  7.496562  7.2747016 6.9282284],[1.0685457 1.3641148 1.2776695 1.5705873],[7.9305916 7.937528  7.938669  7.9467754],[0.94080913 0.97129947 1.0151565  1.0446168 ]
TRANSFORMER,A,1e-07,1,False,False,TDD,packagedrop,0.06,[0.00909592 0.01158457 0.01644054 0.02397542],[0.00468182 0.00563347 0.00824128 0.01286318],[2.6094754 3.6097128 5.148954  8.812309 ],[1.7277942 3.0253077 4.2933702 7.91929  ],[8.258008 8.25597  8.254123 8.251811],[0.5134755  0.51302344 0.51294774 0.5132136 ],[8.262489 8.263346 8.264196 8.265036],[0.5146195  0.5150341  0.5156064  0.51633507]
TRANSFORMER,A,1e-07,10,False,False,TDD,packagedrop,0.06,[0.05852713 0.11159097 0.17386207 0.25635618],[0.09633541 0.14937322 0.18602371 0.23922013],[10.223022 20.069607 34.624454 59.81482 ],[16.043036 21.739965 30.842018 52.3134  ],[8.120151 8.095052 8.058863 8.008631],[0.6338739 0.691305  0.7571242 0.8199426],[8.144523 8.146372 8.146507 8.145758],[0.6222944 0.6648694 0.7096781 0.7541992]
TRANSFORMER,A,1e-07,30,False,False,TDD,packagedrop,0.06,[0.32526657 0.56774306 0.710212   0.8539725 ],[0.38950044 0.6816049  0.42328048 0.37068814],[ 87.02894 145.47905 190.803   221.3541 ],[147.70815 185.20175 182.0883  181.90918],[7.8711157 7.543775  7.2039638 6.854264 ],[1.0760859 1.3949735 1.5638611 1.5278988],[8.072836  8.0405245 7.9876432 7.931781 ],[0.9680374 1.0242085 1.0625325 1.0865595]
TRANSFORMER,A,3e-07,1,False,False,TDD,packagedrop,0.06,[0.01463798 0.02008575 0.02635538 0.04604736],[0.00451282 0.00706419 0.00906215 0.01580959],[ 4.903787  6.546879  8.735126 17.178062],[2.5513277 3.6989827 5.0186067 9.533946 ],[8.203311 8.198194 8.195852 8.194054],[0.35245132 0.3530909  0.35407585 0.3561069 ],[8.213685 8.214922 8.216152 8.217376],[0.35320455 0.35431996 0.3555505  0.35689354]
TRANSFORMER,A,3e-07,10,False,False,TDD,packagedrop,0.06,[0.08153989 0.14280178 0.21239007 0.32417122],[0.09637067 0.13690591 0.15376207 0.21857935],[23.336597 38.247025 58.019337 94.6537  ],[29.404573 39.739964 47.144268 78.94051 ],[8.131256 8.098817 8.038718 7.965893],[0.625883   0.6884585  0.76632243 0.8471886 ],[8.171758 8.174995 8.178912 8.18387 ],[0.61714435 0.66222095 0.70273554 0.73701555]
TRANSFORMER,A,3e-07,30,False,False,TDD,packagedrop,0.06,[0.33801642 0.563636   0.8217292  0.98470664],[0.28331673 0.2899255  0.33808255 0.47495523],[104.43877 173.64023 242.43256 281.62408],[112.525635 163.34631  183.17146  200.16704 ],[7.69535   7.556554  7.17356   6.9896502],[1.1356822 1.1816442 1.3478671 1.5260038],[8.039328 8.043646 8.03752  8.038265],[0.90889144 0.95316565 1.0154774  1.050955  ]
TRANSFORMER,C,3e-08,1,False,False,TDD,packagedrop,0.06,[0.00888597 0.01713381 0.02766925 0.042422  ],[0.00645105 0.01701721 0.02916425 0.04520443],[ 2.1435401  3.919561   6.1490455 10.842303 ],[1.9081475 3.8689163 6.206941  9.416755 ],[8.313556 8.308891 8.303623 8.297317],[0.1313368  0.13382603 0.13659222 0.14015865],[8.320241 8.321053 8.321877 8.322711],[0.1314964  0.13392694 0.13672413 0.13986447]
TRANSFORMER,C,3e-08,10,False,False,TDD,packagedrop,0.06,[0.13588415 0.27425808 0.47665748 0.6042853 ],[0.27311307 0.3477821  0.5960095  0.5962797 ],[ 21.05202   45.771072  77.87881  117.997986],[ 37.401447  52.500492  74.29987  101.06994 ],[8.151073  7.997609  7.7346773 7.406655 ],[0.46695367 0.62302333 0.977889   1.3850179 ],[8.214156 8.200949 8.206897 8.228696],[0.43586653 0.47545165 0.5107417  0.53240734]
TRANSFORMER,C,3e-08,30,False,False,TDD,packagedrop,0.06,[0.5251869  0.85828316 0.95077646 1.0134282 ],[0.5063181  0.5555807  0.45691082 0.38571545],[117.04262 196.51672 235.07938 252.77394],[ 93.820465 124.62705  134.55086  136.90628 ],[7.5188093 6.549025  5.974006  5.713815 ],[1.2000437 1.8873553 1.8697621 1.8219821],[8.26459   8.2423935 8.200481  8.146262 ],[0.59722245 0.63432664 0.6843038  0.7340101 ]
TRANSFORMER,C,1e-07,1,False,False,TDD,packagedrop,0.06,[0.0094497  0.01408496 0.02103129 0.0317927 ],[0.00623463 0.00885466 0.01256743 0.01834949],[2.4381795 3.8006835 5.613708  9.950433 ],[1.9493958 2.7923481 3.6566978 5.9965925],[8.28105  8.275176 8.268186 8.26035 ],[0.20070904 0.20283285 0.20536833 0.20816943],[8.287666  8.286729  8.285783  8.2848215],[0.20094848 0.20314613 0.20554835 0.20814276]
TRANSFORMER,C,1e-07,10,False,False,TDD,packagedrop,0.06,[0.10358088 0.20595777 0.33328122 0.47675002],[0.14507094 0.20237912 0.2508564  0.3055685 ],[ 24.0248    49.471542  81.355995 120.90603 ],[37.128094 56.798737 75.870125 95.49547 ],[8.157825 8.044609 7.862714 7.633383],[0.4165798  0.49581298 0.62359875 0.7371318 ],[8.228059 8.225114 8.221141 8.218307],[0.4063242  0.44373652 0.4743657  0.49637356]
TRANSFORMER,C,1e-07,30,False,False,TDD,packagedrop,0.06,[0.4067805  0.6414221  0.8174013  0.90277827],[0.34312698 0.34619614 0.34989622 0.2641719 ],[104.28223 166.04239 212.07986 247.39014],[110.25119 108.07474 114.67352 133.54338],[7.745714  7.0830646 6.6314735 6.350989 ],[0.7638559 1.2889227 1.3735391 1.3945134],[8.210542 8.202722 8.19268  8.180748],[0.5592177  0.55600965 0.5821842  0.64674735]
TRANSFORMER,C,3e-07,1,False,False,TDD,packagedrop,0.06,[0.03787462 0.04201204 0.04959675 0.07143987],[0.02557842 0.02652927 0.0281675  0.0304292 ],[10.471482 11.432467 14.105594 22.563374],[ 6.830687   7.131091   7.9957566 10.087605 ],[8.267547 8.262404 8.254642 8.24455 ],[0.12791543 0.12990862 0.13168997 0.13329542],[8.30922  8.309395 8.309544 8.309666],[0.12782563 0.12907478 0.13059264 0.132371  ]
TRANSFORMER,C,3e-07,10,False,False,TDD,packagedrop,0.06,[0.10679116 0.18907955 0.2710081  0.3992376 ],[0.10097776 0.15482093 0.18496378 0.24744152],[ 30.302275  54.71655   78.55176  118.06383 ],[34.024944 53.598812 65.12607  89.61596 ],[8.148057 8.050449 7.945019 7.783562],[0.35280222 0.41185823 0.47958288 0.5907867 ],[8.250104 8.243475 8.238306 8.233626],[0.33855358 0.37196392 0.40309045 0.43264046]
TRANSFORMER,C,3e-07,30,False,False,TDD,packagedrop,0.06,[0.46956414 0.70068693 0.7928802  0.94953704],[0.37116262 0.34611    0.30122882 0.35295793],[136.43604 209.91399 241.5531  294.59857],[129.9439  125.79526 136.00293 145.33904],[7.6077623 7.0243616 6.8230042 6.6799464],[1.0461336 1.1183695 1.2396952 1.2748111],[8.243394  8.2595005 8.280929  8.2970915],[0.5275148  0.56576973 0.5995795  0.6289665 ]
TRANSFORMER,D,3e-08,1,False,False,TDD,packagedrop,0.06,[0.00354989 0.00422407 0.00553455 0.00712808],[0.00354533 0.00440503 0.00534507 0.00659695],[1.0241016 1.2183148 1.5868843 2.1400847],[1.1550596 1.4511812 1.751649  2.2394712],[8.312084 8.311543 8.310639 8.30893 ],[0.169262   0.16957267 0.16999485 0.17062107],[8.314398 8.314319 8.314234 8.314145],[0.1689577  0.1692839  0.16965668 0.17007592]
TRANSFORMER,D,3e-08,10,False,False,TDD,packagedrop,0.06,[0.03965602 0.0540496  0.07080994 0.10513187],[0.11550476 0.14115237 0.17977868 0.26714134],[11.168627 15.321504 20.145876 30.274796],[32.54702  39.488293 50.120556 73.89458 ],[8.308817 8.304673 8.30008  8.295361],[0.22144322 0.2309415  0.24114622 0.25064024],[8.316226 8.317209 8.319232 8.322231],[0.22064124 0.22971565 0.23861213 0.24789669]
TRANSFORMER,D,3e-08,30,False,False,TDD,packagedrop,0.06,[0.18151899 0.19923228 0.25529033 0.29014352],[0.44761556 0.44887465 0.49823052 0.4779021 ],[52.34253  56.479385 73.2314   85.561775],[129.4278  129.72212 149.7069  149.7632 ],[8.243209 8.21673  8.157535 8.142491],[0.32125974 0.34218156 0.44175294 0.41815877],[8.279626 8.265633 8.254636 8.245803],[0.3149234  0.33140603 0.3475315  0.37491977]
TRANSFORMER,D,1e-07,1,False,False,TDD,packagedrop,0.06,[0.00927935 0.00986768 0.01185525 0.01493616],[0.00400771 0.00438226 0.00557188 0.00799782],[2.7404206 2.9133036 3.5015137 4.466716 ],[1.1827887 1.30441   1.6825861 2.4369214],[8.299826 8.299479 8.298288 8.295963],[0.04690401 0.04831043 0.05006759 0.05193869],[8.30858  8.308749 8.308917 8.309082],[0.04570846 0.04691132 0.04821616 0.04961289]
TRANSFORMER,D,1e-07,10,False,False,TDD,packagedrop,0.06,[0.0687589  0.10892273 0.13356537 0.17417336],[0.17473204 0.26637235 0.31555915 0.41747582],[20.52819  32.36064  39.53695  51.736195],[ 52.98693   80.86691   94.567444 124.392044],[8.285279 8.278484 8.271676 8.268045],[0.14480671 0.16490568 0.18302274 0.20000216],[8.302197 8.302738 8.303449 8.304353],[0.14413556 0.16243479 0.18018848 0.19722274]
TRANSFORMER,D,1e-07,30,False,False,TDD,packagedrop,0.06,[0.12411081 0.1514909  0.18706702 0.21468453],[0.35028115 0.43702695 0.45544308 0.37931028],[38.332733 46.638287 57.215786 65.78159 ],[106.64215  132.60437  139.25479  120.442696],[8.259123 8.2621   8.254835 8.24015 ],[0.31726822 0.3298623  0.35359848 0.38045785],[8.307436 8.310596 8.312113 8.31137 ],[0.28931206 0.31602684 0.33770058 0.35521185]
TRANSFORMER,D,3e-07,1,False,False,TDD,packagedrop,0.06,[0.03625801 0.03695036 0.03793376 0.03854259],[0.01570031 0.01579119 0.01609462 0.01633169],[10.704582 10.902231 11.188746 11.404386],[4.6258607 4.6485467 4.7332892 4.806336 ],[8.273306 8.273016 8.27258  8.271729],[0.03125599 0.03260928 0.03408888 0.03553837],[8.304571 8.304598 8.304624 8.304644],[0.02125929 0.02278931 0.02444145 0.02619203]
TRANSFORMER,D,3e-07,10,False,False,TDD,packagedrop,0.06,[0.0538078  0.06024519 0.06495774 0.07497112],[0.06017708 0.06374912 0.07809908 0.12681215],[15.956995 17.870628 19.317236 22.579975],[19.264057 20.535875 25.304466 41.58639 ],[8.257164 8.255991 8.254857 8.25326 ],[0.1394793  0.15809637 0.17689723 0.19571444],[8.291802 8.291453 8.291422 8.291797],[0.13622427 0.15536554 0.17447104 0.193445  ]
TRANSFORMER,D,3e-07,30,False,False,TDD,packagedrop,0.06,[0.13317044 0.17494436 0.20826441 0.21702574],[0.27848595 0.412598   0.4828656  0.396058  ],[39.63298  54.736446 63.717266 66.31489 ],[ 79.007515 135.26996  148.07008  121.955734],[8.263205 8.251745 8.242888 8.200886],[0.2693448  0.31383184 0.32182708 0.38346225],[8.314291 8.305841 8.296564 8.287483],[0.25759736 0.28634158 0.31637365 0.34177953]
TRANSFORMER,A,3e-08,1,False,False,TDD,packagedrop,0.05,[0.00546613 0.00777227 0.01070192 0.0173306 ],[0.00385288 0.00683069 0.01060871 0.01772059],[1.4143705 2.2195601 3.1988754 6.186836 ],[0.9655903 2.0922153 3.2352488 6.2511735],[8.327055 8.323211 8.319324 8.31466 ],[0.18945464 0.19300325 0.19729184 0.2020125 ],[8.330993 8.329849 8.328677 8.327478],[0.19007084 0.19461922 0.19951843 0.20474008]
TRANSFORMER,A,3e-08,10,False,False,TDD,packagedrop,0.05,[0.07228455 0.12851125 0.19474168 0.29711303],[0.17665151 0.18650529 0.23916738 0.3934879 ],[11.822278 21.40864  34.00219  56.774582],[30.13623  39.31033  41.525684 61.554737],[8.182407 8.155347 8.116842 8.06848 ],[0.55574644 0.6271851  0.7055241  0.79126686],[8.202797 8.202787 8.20477  8.210616],[0.5486622  0.603959   0.65337497 0.69756156]
TRANSFORMER,A,3e-08,30,False,False,TDD,packagedrop,0.05,[0.31909403 0.4727836  0.7180584  0.91724914],[0.42848167 0.40147105 0.6238214  0.82180953],[ 60.60018 103.49078 147.4155  190.23553],[133.46469 166.17339 155.20567 176.02649],[7.725983  7.5594597 7.3118353 6.921601 ],[1.1329819 1.2917788 1.3010129 1.6278341],[7.9305916 7.937528  7.938669  7.9467754],[0.94080913 0.97129947 1.0151565  1.0446168 ]
TRANSFORMER,A,1e-07,1,False,False,TDD,packagedrop,0.05,[0.00938572 0.01203386 0.01700887 0.0245747 ],[0.00487901 0.00645517 0.00957121 0.01599773],[2.7992747 3.8725913 5.5262823 9.258961 ],[ 2.2935524  4.042102   6.2546325 10.426409 ],[8.25788   8.255787  8.253733  8.2515135],[0.51326233 0.5128015  0.5124785  0.5128095 ],[8.262489 8.263346 8.264196 8.265036],[0.5146195  0.5150341  0.5156064  0.51633507]
TRANSFORMER,A,1e-07,10,False,False,TDD,packagedrop,0.05,[0.07636722 0.14091218 0.27548698 0.29289642],[0.16657065 0.2561658  0.90068597 0.38586697],[17.274792 28.918648 41.93759  68.72368 ],[50.662125 66.89937  67.64317  89.83128 ],[8.110939  8.090628  8.052103  7.9939137],[0.63015234 0.68063325 0.74385923 0.80859673],[8.144523 8.146372 8.146507 8.145758],[0.6222944 0.6648694 0.7096781 0.7541992]
TRANSFORMER,A,1e-07,30,False,False,TDD,packagedrop,0.05,[0.3470413 0.519343  0.6832904 0.8555549],[0.4997667  0.5748877  0.3454239  0.40006325],[ 81.50033 125.89156 182.65909 217.38625],[127.890526 124.89934  168.55197  175.05492 ],[7.890756  7.619816  7.227019  6.8660097],[1.0854806 1.3162533 1.4768962 1.5404073],[8.072836  8.0405245 7.9876432 7.931781 ],[0.9680374 1.0242085 1.0625325 1.0865595]
TRANSFORMER,A,3e-07,1,False,False,TDD,packagedrop,0.05,[0.01480795 0.02011607 0.02642375 0.04624318],[0.00467032 0.00686634 0.00887422 0.01568895],[ 5.003862   6.6053452  8.827868  17.342287 ],[2.7218492 3.729797  5.0941787 9.711814 ],[8.203342 8.198255 8.195976 8.194118],[0.35249093 0.3531737  0.35406944 0.3561395 ],[8.213685 8.214922 8.216152 8.217376],[0.35320455 0.35431996 0.3555505  0.35689354]
TRANSFORMER,A,3e-07,10,False,False,TDD,packagedrop,0.05,[0.07439477 0.14049497 0.21606398 0.32351032],[0.10032757 0.17864625 0.21315333 0.2541572 ],[20.61529  36.39459  57.827003 93.54771 ],[30.39229  51.81327  63.899857 87.29362 ],[8.131902  8.097209  8.040723  7.9718556],[0.631363   0.69759625 0.77827656 0.86208785],[8.171758 8.174995 8.178912 8.18387 ],[0.61714435 0.66222095 0.70273554 0.73701555]
TRANSFORMER,A,3e-07,30,False,False,TDD,packagedrop,0.05,[0.35995677 0.61891294 0.8333794  1.0045543 ],[0.26676726 0.32957485 0.33765492 0.4546821 ],[114.530205 190.04778  251.2851   296.0735  ],[119.63854 162.15475 193.22989 214.7366 ],[7.7269464 7.55173   7.1816826 6.9865456],[0.97485596 1.1579872  1.3610004  1.525446  ],[8.039328 8.043646 8.03752  8.038265],[0.90889144 0.95316565 1.0154774  1.050955  ]
TRANSFORMER,C,3e-08,1,False,False,TDD,packagedrop,0.05,[0.00834314 0.01586538 0.02567285 0.03930524],[0.00464011 0.01435149 0.02613301 0.04216394],[1.908112  3.4146714 5.2653127 9.505756 ],[1.1835393 2.3094864 3.352812  5.8344426],[8.313888 8.309325 8.304366 8.298275],[0.13153978 0.13406242 0.13698266 0.1407483 ],[8.320241 8.321053 8.321877 8.322711],[0.1314964  0.13392694 0.13672413 0.13986447]
TRANSFORMER,C,3e-08,10,False,False,TDD,packagedrop,0.05,[0.12641966 0.26341113 0.42593414 0.5561419 ],[0.28674975 0.40526468 0.53381026 0.4826592 ],[ 17.17291   41.048862  71.33886  110.14976 ],[24.127987 45.08489  67.3612   94.51756 ],[8.151591  8.000196  7.748952  7.4954314],[0.47218502 0.6540163  1.0209861  1.1907886 ],[8.214156 8.200949 8.206897 8.228696],[0.43586653 0.47545165 0.5107417  0.53240734]
TRANSFORMER,C,3e-08,30,False,False,TDD,packagedrop,0.05,[0.5481805 0.9009768 1.0188628 1.0324835],[0.46027786 0.58404315 0.54952335 0.39102253],[135.78346 209.82355 254.6845  260.6311 ],[129.58853 137.4084  156.97156 145.74152],[7.607387 6.507791 5.984125 5.840521],[0.9926077 1.8901709 1.8243812 1.6001283],[8.26459   8.2423935 8.200481  8.146262 ],[0.59722245 0.63432664 0.6843038  0.7340101 ]
TRANSFORMER,C,1e-07,1,False,False,TDD,packagedrop,0.05,[0.00890097 0.01332277 0.02009053 0.03025465],[0.0037823  0.00649371 0.01107705 0.01617439],[2.2286062 3.5147195 5.27138   9.42031  ],[1.1292162 2.009371  3.1098444 5.229798 ],[8.281064 8.275211 8.268192 8.260396],[0.20087413 0.20307927 0.20579717 0.20851691],[8.287666  8.286729  8.285783  8.2848215],[0.20094848 0.20314613 0.20554835 0.20814276]
TRANSFORMER,C,1e-07,10,False,False,TDD,packagedrop,0.05,[0.08039975 0.17447063 0.30142385 0.44749773],[0.06636799 0.12558287 0.18488841 0.23427425],[ 17.863863  41.21713   72.796906 113.07475 ],[18.147572 40.705498 63.286514 81.98942 ],[8.164771 8.05618  7.876807 7.638151],[0.41156435 0.47791588 0.59617156 0.7347522 ],[8.228059 8.225114 8.221141 8.218307],[0.4063242  0.44373652 0.4743657  0.49637356]
TRANSFORMER,C,1e-07,30,False,False,TDD,packagedrop,0.05,[0.3870103  0.61071444 0.8158375  0.8817746 ],[0.3101348  0.3039306  0.33970827 0.2557882 ],[102.368385 156.18497  212.16673  239.6878  ],[127.026855 102.44828  122.86988  126.882996],[7.790003  7.1945286 6.6870728 6.3574457],[0.7071663 1.1016365 1.2807894 1.3605131],[8.210542 8.202722 8.19268  8.180748],[0.5592177  0.55600965 0.5821842  0.64674735]
TRANSFORMER,C,3e-07,1,False,False,TDD,packagedrop,0.05,[0.03808542 0.04226574 0.04995538 0.071628  ],[0.02600196 0.0271844  0.02897841 0.03051887],[10.5256815 11.51204   14.202226  22.597359 ],[6.9949045 7.3917866 8.228703  9.841944 ],[8.267607 8.262495 8.254737 8.244825],[0.12778981 0.12974946 0.13155213 0.13315678],[8.30922  8.309395 8.309544 8.309666],[0.12782563 0.12907478 0.13059264 0.132371  ]
TRANSFORMER,C,3e-07,10,False,False,TDD,packagedrop,0.05,[0.10320235 0.18484718 0.26224762 0.38257316],[0.10745887 0.14507087 0.1628082  0.21192005],[ 28.092861  52.10544   74.3239   111.647675],[27.379164 39.498413 45.31938  66.67603 ],[8.149084  8.049161  7.9419775 7.776356 ],[0.35348368 0.41486278 0.48062062 0.5977031 ],[8.250104 8.243475 8.238306 8.233626],[0.33855358 0.37196392 0.40309045 0.43264046]
TRANSFORMER,C,3e-07,30,False,False,TDD,packagedrop,0.05,[0.43480584 0.71492004 0.79726577 0.92192   ],[0.31651133 0.36554906 0.27276453 0.26184604],[128.85497 217.45975 246.2394  289.14514],[111.78317 136.75806 131.38623 141.56296],[7.6521134 6.977764  6.6917152 6.622919 ],[0.9326533 1.1898531 1.3464005 1.2754235],[8.243394  8.2595005 8.280929  8.2970915],[0.5275148  0.56576973 0.5995795  0.6289665 ]
TRANSFORMER,D,3e-08,1,False,False,TDD,packagedrop,0.05,[0.0032513  0.00389791 0.00519215 0.00699841],[0.00147611 0.00179272 0.00288156 0.00456357],[0.9232109 1.1007439 1.4622096 2.0603263],[0.38317257 0.4726197  0.78900737 1.3410444 ],[8.312091 8.311538 8.310607 8.30887 ],[0.16928042 0.16963191 0.17012168 0.17068452],[8.314398 8.314319 8.314234 8.314145],[0.1689577  0.1692839  0.16965668 0.17007592]
TRANSFORMER,D,3e-08,10,False,False,TDD,packagedrop,0.05,[0.02852247 0.04714643 0.06470043 0.08813231],[0.10346349 0.16466264 0.21310042 0.29161757],[ 8.497141 13.901975 19.093748 26.442461],[30.233475 47.098564 60.595215 81.99979 ],[8.307951 8.304625 8.299765 8.293814],[0.22093664 0.23065127 0.24080724 0.2513252 ],[8.316226 8.317209 8.319232 8.322231],[0.22064124 0.22971565 0.23861213 0.24789669]
TRANSFORMER,D,3e-08,30,False,False,TDD,packagedrop,0.05,[0.14654993 0.15548225 0.17063795 0.27484038],[0.38224044 0.33637947 0.33718637 0.5138245 ],[45.325245 45.42988  49.30427  79.26042 ],[129.06912 105.6773  102.88571 152.9872 ],[8.220248 8.216935 8.191159 8.155413],[0.4159865  0.34442586 0.36888173 0.40895113],[8.279626 8.265633 8.254636 8.245803],[0.3149234  0.33140603 0.3475315  0.37491977]
TRANSFORMER,D,1e-07,1,False,False,TDD,packagedrop,0.05,[0.00949673 0.0100424  0.01189034 0.01479559],[0.00484094 0.00504441 0.00587993 0.0077294 ],[2.796136  2.9554083 3.497475  4.4101195],[1.3973624 1.451703  1.6868336 2.2479298],[8.299836 8.299495 8.298317 8.295993],[0.04688856 0.04827    0.05003534 0.05185764],[8.30858  8.308749 8.308917 8.309082],[0.04570846 0.04691132 0.04821616 0.04961289]
TRANSFORMER,D,1e-07,10,False,False,TDD,packagedrop,0.05,[0.02105756 0.03563171 0.04567907 0.05517254],[0.01664536 0.03540803 0.05012973 0.07099416],[ 6.1983976 10.465126  13.495552  16.499771 ],[ 5.17457  10.29889  14.397641 20.408499],[8.286635 8.279476 8.273731 8.270809],[0.14467202 0.16473138 0.18294209 0.20010659],[8.302197 8.302738 8.303449 8.304353],[0.14413556 0.16243479 0.18018848 0.19722274]
TRANSFORMER,D,1e-07,30,False,False,TDD,packagedrop,0.05,[0.16791774 0.21124499 0.269703   0.28472197],[0.41738632 0.49252978 0.5683419  0.52144945],[48.27234  62.11582  80.928856 86.92675 ],[118.6477  143.69894 169.79987 159.64572],[8.260826 8.262932 8.249538 8.226531],[0.30259946 0.32656235 0.35515565 0.39586002],[8.307436 8.310596 8.312113 8.31137 ],[0.28931206 0.31602684 0.33770058 0.35521185]
TRANSFORMER,D,3e-07,1,False,False,TDD,packagedrop,0.05,[0.03621487 0.03698035 0.03795494 0.03827726],[0.01573871 0.0159773  0.01620607 0.01633609],[10.690958 10.908032 11.1891   11.317404],[4.6372223 4.7054176 4.766014  4.8061337],[8.273321 8.273031 8.272628 8.271745],[0.03124824 0.03258663 0.03403133 0.03550726],[8.304571 8.304598 8.304624 8.304644],[0.02125929 0.02278931 0.02444145 0.02619203]
TRANSFORMER,D,3e-07,10,False,False,TDD,packagedrop,0.05,[0.05078064 0.06140658 0.06792805 0.08094157],[0.04842513 0.07241579 0.10406435 0.15420738],[15.006832 18.190535 20.180109 24.302925],[14.954226 22.25198  31.797558 46.97456 ],[8.257083 8.255757 8.254602 8.253002],[0.139419   0.1580388  0.17685924 0.19551969],[8.291802 8.291453 8.291422 8.291797],[0.13622427 0.15536554 0.17447104 0.193445  ]
TRANSFORMER,D,3e-07,30,False,False,TDD,packagedrop,0.05,[0.16119917 0.21027142 0.23372284 0.30700314],[0.3058777  0.4582621  0.48416784 0.5495661 ],[51.391552 67.844894 72.69599  93.21627 ],[101.83792 156.88309 154.80205 165.50377],[8.257202 8.254442 8.239229 8.180069],[0.27988887 0.30104402 0.32758224 0.47050875],[8.314291 8.305841 8.296564 8.287483],[0.25759736 0.28634158 0.31637365 0.34177953]
TRANSFORMER,A,3e-08,1,False,False,TDD,packagedrop,0.04,[0.00523697 0.00747422 0.01056178 0.01775692],[0.00311098 0.00524482 0.0090128  0.01709794],[1.3845193 2.2017646 3.249287  6.4520583],[0.8853978 1.9004604 3.0436363 6.228626 ],[8.327016  8.323218  8.3192625 8.314579 ],[0.18949378 0.19306585 0.19738102 0.2021469 ],[8.330993 8.329849 8.328677 8.327478],[0.19007084 0.19461922 0.19951843 0.20474008]
TRANSFORMER,A,3e-08,10,False,False,TDD,packagedrop,0.04,[0.06071143 0.11190651 0.18426502 0.27459833],[0.20178525 0.1723027  0.28067842 0.394852  ],[10.535386 18.040712 32.161076 52.660454],[40.629883 32.33609  49.85169  59.49723 ],[8.181781 8.151802 8.119736 8.072156],[0.55659294 0.6340156  0.70432925 0.78923947],[8.202797 8.202787 8.20477  8.210616],[0.5486622  0.603959   0.65337497 0.69756156]
TRANSFORMER,A,3e-08,30,False,False,TDD,packagedrop,0.04,[0.29500502 0.4464258  0.6868254  0.8929869 ],[0.3893116 0.3442485 0.5732768 0.729103 ],[ 50.667458  91.76071  145.04947  191.49545 ],[ 77.10698  110.324684 146.64769  179.72147 ],[7.7471895 7.5611577 7.320592  6.9236617],[1.1847465 1.3067448 1.2799512 1.6295246],[7.9305916 7.937528  7.938669  7.9467754],[0.94080913 0.97129947 1.0151565  1.0446168 ]
TRANSFORMER,A,1e-07,1,False,False,TDD,packagedrop,0.04,[0.00915303 0.01163141 0.0165525  0.02394466],[0.00481556 0.00609925 0.00887153 0.01382682],[2.6393862 3.6175473 5.177939  8.8390465],[1.8126483 2.9816341 4.225181  7.9645767],[8.257986 8.255902 8.25401  8.251721],[0.5134246 0.5129923 0.512958  0.5131829],[8.262489 8.263346 8.264196 8.265036],[0.5146195  0.5150341  0.5156064  0.51633507]
TRANSFORMER,A,1e-07,10,False,False,TDD,packagedrop,0.04,[0.07230676 0.12970324 0.19228956 0.27711838],[0.16463697 0.21861856 0.2537663  0.29514086],[15.475064 27.132341 42.42679  70.757545],[36.607307 49.46677  59.67238  83.49389 ],[8.123717 8.096916 8.05986  8.007144],[0.6270701  0.67999434 0.742888   0.8016374 ],[8.144523 8.146372 8.146507 8.145758],[0.6222944 0.6648694 0.7096781 0.7541992]
TRANSFORMER,A,1e-07,30,False,False,TDD,packagedrop,0.04,[0.25587046 0.5067353  0.65940493 0.82781607],[0.26367897 0.61237466 0.36008334 0.33651093],[ 64.570175 121.12373  174.4003   217.30052 ],[ 88.01162 117.72181 156.8272  183.45383],[7.8393955 7.637484  7.2430696 6.8598633],[1.1428083 1.2770733 1.4870721 1.5036829],[8.072836  8.0405245 7.9876432 7.931781 ],[0.9680374 1.0242085 1.0625325 1.0865595]
TRANSFORMER,A,3e-07,1,False,False,TDD,packagedrop,0.04,[0.01445239 0.01971486 0.02588884 0.04448602],[0.00444705 0.0068845  0.00912968 0.01478984],[ 4.8491645  6.4034333  8.563501  16.696949 ],[2.58203   3.7143495 5.175463  9.410854 ],[8.203293 8.198193 8.195885 8.194089],[0.35244906 0.35318288 0.3540926  0.35628143],[8.213685 8.214922 8.216152 8.217376],[0.35320455 0.35431996 0.3555505  0.35689354]
TRANSFORMER,A,3e-07,10,False,False,TDD,packagedrop,0.04,[0.07096466 0.12695178 0.19972323 0.31015313],[0.06885578 0.0944266  0.12279826 0.1792486 ],[21.375975 35.03055  55.84689  92.86676 ],[28.02961  35.78001  46.558506 78.74888 ],[8.133623  8.101515  8.044891  7.9746203],[0.6265174  0.68889105 0.7687612  0.85056424],[8.171758 8.174995 8.178912 8.18387 ],[0.61714435 0.66222095 0.70273554 0.73701555]
TRANSFORMER,A,3e-07,30,False,False,TDD,packagedrop,0.04,[0.31992972 0.5550015  0.78626955 0.9552786 ],[0.27573165 0.30878255 0.3070763  0.41358522],[106.94828 177.7591  241.61844 283.58133],[151.3787  192.09366 196.76521 213.90918],[7.775558  7.59979   7.2214656 7.047692 ],[0.9945264 1.1481643 1.3567201 1.4947182],[8.039328 8.043646 8.03752  8.038265],[0.90889144 0.95316565 1.0154774  1.050955  ]
TRANSFORMER,C,3e-08,1,False,False,TDD,packagedrop,0.04,[0.00848006 0.0161173  0.02611171 0.0403506 ],[0.0050235  0.0149186  0.02674207 0.04300272],[2.006475  3.5640955 5.516715  9.954581 ],[1.4114921 2.6569338 3.8212104 6.34816  ],[8.313793 8.309327 8.304365 8.298203],[0.1314607  0.13383633 0.13671076 0.14049706],[8.320241 8.321053 8.321877 8.322711],[0.1314964  0.13392694 0.13672413 0.13986447]
TRANSFORMER,C,3e-08,10,False,False,TDD,packagedrop,0.04,[0.11710148 0.25224313 0.44178754 0.5742796 ],[0.1836534  0.28964263 0.48715356 0.49893072],[ 19.450062  43.422447  73.68681  111.05761 ],[39.700897 56.44217  74.4707   96.19017 ],[8.158148 8.013326 7.768513 7.46817 ],[0.45516607 0.5930719  0.9069842  1.2391775 ],[8.214156 8.200949 8.206897 8.228696],[0.43586653 0.47545165 0.5107417  0.53240734]
TRANSFORMER,C,3e-08,30,False,False,TDD,packagedrop,0.04,[0.52139676 0.9006242  0.98636436 1.023476  ],[0.469146   0.6108242  0.537345   0.38354847],[124.940605 204.1705   242.37914  256.08344 ],[124.22506 141.06793 143.70976 144.23447],[7.6153784 6.5724506 6.0483994 5.7833858],[1.0775208 1.8988101 1.8342649 1.7258661],[8.26459   8.2423935 8.200481  8.146262 ],[0.59722245 0.63432664 0.6843038  0.7340101 ]
TRANSFORMER,C,1e-07,1,False,False,TDD,packagedrop,0.04,[0.00861103 0.01279426 0.01941694 0.0291514 ],[0.00320702 0.00566679 0.01004672 0.01463433],[2.1207151 3.327022  5.03345   9.07747  ],[0.8729537 1.5515027 2.6035893 4.5753055],[8.281235 8.275494 8.26861  8.260767],[0.20079373 0.20289667 0.20538262 0.2082726 ],[8.287666  8.286729  8.285783  8.2848215],[0.20094848 0.20314613 0.20554835 0.20814276]
TRANSFORMER,C,1e-07,10,False,False,TDD,packagedrop,0.04,[0.12191198 0.22884405 0.35809273 0.50129163],[0.21727708 0.28648287 0.3222864  0.36010817],[ 29.404152  56.23181   88.42187  128.59294 ],[ 59.23117   80.87196   95.600105 113.12762 ],[8.163751  8.055883  7.8752437 7.637223 ],[0.4083236 0.4748365 0.5904797 0.7225262],[8.228059 8.225114 8.221141 8.218307],[0.4063242  0.44373652 0.4743657  0.49637356]
TRANSFORMER,C,1e-07,30,False,False,TDD,packagedrop,0.04,[0.43753555 0.6704731  0.8392416  0.89596343],[0.37113956 0.39872792 0.36544958 0.26441294],[110.66246 175.79254 217.36354 245.96613],[109.8746  133.30473 122.93724 134.09052],[7.7392845 7.139668  6.668322  6.3477025],[0.8426286 1.1519097 1.2935944 1.3690724],[8.210542 8.202722 8.19268  8.180748],[0.5592177  0.55600965 0.5821842  0.64674735]
TRANSFORMER,C,3e-07,1,False,False,TDD,packagedrop,0.04,[0.03767193 0.0417609  0.04912145 0.07017719],[0.0255277  0.02641969 0.02790344 0.02917656],[10.352157  11.263866  13.8303995 22.037275 ],[6.7423005 6.9728727 7.6569977 9.243814 ],[8.267674 8.262586 8.254884 8.244975],[0.1278029  0.12978394 0.13145994 0.13307668],[8.30922  8.309395 8.309544 8.309666],[0.12782563 0.12907478 0.13059264 0.132371  ]
TRANSFORMER,C,3e-07,10,False,False,TDD,packagedrop,0.04,[0.09566296 0.17210402 0.25167665 0.38656795],[0.07398438 0.10203547 0.12893035 0.18722339],[ 26.234858  48.626904  71.43457  112.610596],[22.48579 32.51933 41.78727 64.79651],[8.153478  8.0573635 7.9518633 7.788452 ],[0.35121956 0.40741143 0.4713236  0.58165765],[8.250104 8.243475 8.238306 8.233626],[0.33855358 0.37196392 0.40309045 0.43264046]
TRANSFORMER,C,3e-07,30,False,False,TDD,packagedrop,0.04,[0.47556004 0.6764157  0.80032074 0.9147544 ],[0.41436547 0.28966197 0.27682847 0.26355124],[141.98062 206.7932  247.38887 285.97394],[138.29234 120.94897 136.46165 138.4879 ],[7.647202  6.9767213 6.7557554 6.5871124],[0.86367786 1.1809328  1.2647427  1.3304422 ],[8.243394  8.2595005 8.280929  8.2970915],[0.5275148  0.56576973 0.5995795  0.6289665 ]
TRANSFORMER,D,3e-08,1,False,False,TDD,packagedrop,0.04,[0.00323653 0.00389053 0.00506854 0.00683773],[0.00209277 0.00235265 0.00337445 0.00533271],[0.918039  1.0968165 1.4247376 2.01756  ],[0.5459929  0.60279685 0.87173784 1.5547289 ],[8.312106 8.311562 8.310657 8.308926],[0.1692488  0.16959292 0.17001557 0.17063072],[8.314398 8.314319 8.314234 8.314145],[0.1689577  0.1692839  0.16965668 0.17007592]
TRANSFORMER,D,3e-08,10,False,False,TDD,packagedrop,0.04,[0.0195122  0.03438645 0.04619916 0.06206289],[0.08364877 0.16056958 0.19178295 0.253102  ],[ 5.881371 10.465207 13.892289 19.07297 ],[27.263964 52.547966 62.248207 82.169205],[8.309042 8.305386 8.301089 8.29687 ],[0.22146736 0.23091297 0.24106684 0.25155017],[8.316226 8.317209 8.319232 8.322231],[0.22064124 0.22971565 0.23861213 0.24789669]
TRANSFORMER,D,3e-08,30,False,False,TDD,packagedrop,0.04,[0.0868679  0.11261756 0.13544033 0.19806187],[0.2555115  0.19433421 0.17746133 0.2628278 ],[25.568148 32.755707 39.058235 58.315384],[78.350815 59.623707 57.801517 85.99742 ],[8.250672 8.222473 8.191513 8.164984],[0.31927004 0.34052262 0.36696732 0.40373144],[8.279626 8.265633 8.254636 8.245803],[0.3149234  0.33140603 0.3475315  0.37491977]
TRANSFORMER,D,1e-07,1,False,False,TDD,packagedrop,0.04,[0.00945891 0.0100813  0.01186829 0.01472188],[0.00481281 0.00517254 0.00596297 0.00704315],[2.7862144 2.9673948 3.4915597 4.3901653],[1.3807207 1.4797817 1.7032834 2.0418377],[8.299847 8.299493 8.298327 8.295984],[0.04686971 0.0482911  0.05003234 0.05186723],[8.30858  8.308749 8.308917 8.309082],[0.04570846 0.04691132 0.04821616 0.04961289]
TRANSFORMER,D,1e-07,10,False,False,TDD,packagedrop,0.04,[0.03374472 0.05154339 0.06648071 0.08182433],[0.09168684 0.12567717 0.16801502 0.2316613 ],[ 9.709454 14.839378 19.162956 23.710424],[25.310026 34.98946  46.320698 62.91314 ],[8.286405 8.279232 8.273276 8.270212],[0.1447746  0.16443571 0.18288265 0.20056091],[8.302197 8.302738 8.303449 8.304353],[0.14413556 0.16243479 0.18018848 0.19722274]
TRANSFORMER,D,1e-07,30,False,False,TDD,packagedrop,0.04,[0.1049439  0.13638565 0.15318096 0.19413592],[0.2818734  0.33849797 0.30758303 0.37837735],[33.34813  42.764084 49.002285 63.22998 ],[ 88.88252 105.24949 105.24063 144.52611],[8.269467 8.26448  8.257477 8.243902],[0.2901479  0.3235143  0.3533306  0.37968358],[8.307436 8.310596 8.312113 8.31137 ],[0.28931206 0.31602684 0.33770058 0.35521185]
TRANSFORMER,D,3e-07,1,False,False,TDD,packagedrop,0.04,[0.03618176 0.0369333  0.03789813 0.03804023],[0.01554772 0.0157481  0.01601735 0.01605393],[10.681143 10.894505 11.17229  11.247428],[4.5799236 4.6366615 4.7099333 4.7198596],[8.273324 8.27304  8.272653 8.271766],[0.03125039 0.03260213 0.03406157 0.03554266],[8.304571 8.304598 8.304624 8.304644],[0.02125929 0.02278931 0.02444145 0.02619203]
TRANSFORMER,D,3e-07,10,False,False,TDD,packagedrop,0.04,[0.05300869 0.06010633 0.06554168 0.07578883],[0.04344198 0.04632283 0.05875201 0.09623592],[15.613987 17.725967 19.380785 22.627766],[13.268306 14.278378 18.186642 29.769058],[8.257106 8.255855 8.254812 8.25315 ],[0.13947403 0.15800679 0.1768709  0.1955708 ],[8.291802 8.291453 8.291422 8.291797],[0.13622427 0.15536554 0.17447104 0.193445  ]
TRANSFORMER,D,3e-07,30,False,False,TDD,packagedrop,0.04,[0.19050626 0.17033838 0.24667133 0.26371276],[0.4715596  0.36018783 0.5069961  0.48687136],[57.13649  49.638474 72.55201  72.75646 ],[141.54527  103.101204 159.82628  126.89155 ],[8.273866  8.2643795 8.245661  8.223054 ],[0.26300117 0.2943362  0.3303155  0.36404994],[8.314291 8.305841 8.296564 8.287483],[0.25759736 0.28634158 0.31637365 0.34177953]
TRANSFORMER,A,3e-08,1,False,False,TDD,packagedrop,0.03,[0.00558609 0.00787956 0.01097503 0.01758378],[0.00375919 0.00623496 0.00983728 0.01720336],[1.5204583 2.3899555 3.4349124 6.4662685],[1.2398542 2.6658194 3.8711069 6.998216 ],[8.327012 8.323136 8.319245 8.314534],[0.18950261 0.19304228 0.19743152 0.2023584 ],[8.330993 8.329849 8.328677 8.327478],[0.19007084 0.19461922 0.19951843 0.20474008]
TRANSFORMER,A,3e-08,10,False,False,TDD,packagedrop,0.03,[0.04905476 0.11078903 0.17890923 0.269879  ],[0.10763034 0.16860297 0.24861678 0.379697  ],[ 8.517625 17.938261 30.450464 50.919647],[26.53703  35.450066 42.66328  57.03951 ],[8.183689 8.155592 8.115798 8.0616  ],[0.5540201  0.62631524 0.7070059  0.8006553 ],[8.202797 8.202787 8.20477  8.210616],[0.5486622  0.603959   0.65337497 0.69756156]
TRANSFORMER,A,3e-08,30,False,False,TDD,packagedrop,0.03,[0.2798194  0.45261574 0.6820129  0.9019716 ],[0.35425436 0.3714195  0.5888091  0.8248315 ],[ 49.42747  95.29387 142.0945  186.12013],[ 87.383194 131.44601  155.07816  183.4973  ],[7.7598095 7.562346  7.3434057 6.9122357],[1.0666393 1.3155217 1.2852557 1.6269817],[7.9305916 7.937528  7.938669  7.9467754],[0.94080913 0.97129947 1.0151565  1.0446168 ]
TRANSFORMER,A,1e-07,1,False,False,TDD,packagedrop,0.03,[0.00938783 0.01208108 0.01687393 0.02394314],[0.00514732 0.00673705 0.00919692 0.01407473],[2.671089  3.7058117 5.2003155 8.760404 ],[1.8611821 3.259981  4.454553  8.2511   ],[8.258008 8.255885 8.25404  8.251715],[0.5134218  0.51294404 0.51288337 0.5131167 ],[8.262489 8.263346 8.264196 8.265036],[0.5146195  0.5150341  0.5156064  0.51633507]
TRANSFORMER,A,1e-07,10,False,False,TDD,packagedrop,0.03,[0.06164097 0.11574928 0.17740087 0.2617465 ],[0.13774899 0.19418882 0.23289467 0.28102553],[13.285495 24.14725  38.99164  66.30783 ],[43.239433 58.94438  68.46975  91.18003 ],[8.124398 8.099535 8.063159 8.013605],[0.62911195 0.68457735 0.7482048  0.8089671 ],[8.144523 8.146372 8.146507 8.145758],[0.6222944 0.6648694 0.7096781 0.7541992]
TRANSFORMER,A,1e-07,30,False,False,TDD,packagedrop,0.03,[0.30955878 0.54754645 0.6893417  0.8559444 ],[0.42882717 0.66441935 0.4309252  0.4332605 ],[ 87.98358 131.35898 177.4834  215.724  ],[176.59384 140.29866 160.75002 178.63133],[7.920062  7.63869   7.2367635 6.8462257],[1.0301765 1.2848151 1.5128281 1.5461608],[8.072836  8.0405245 7.9876432 7.931781 ],[0.9680374 1.0242085 1.0625325 1.0865595]
TRANSFORMER,A,3e-07,1,False,False,TDD,packagedrop,0.03,[0.01475965 0.01987963 0.02621482 0.04535923],[0.00463642 0.00679179 0.00900318 0.01469538],[ 4.9470735  6.4803944  8.676423  16.937351 ],[2.6058917 3.6081462 4.9918327 9.1725445],[8.20332  8.198246 8.195893 8.194021],[0.35246852 0.35315233 0.35416362 0.3562101 ],[8.213685 8.214922 8.216152 8.217376],[0.35320455 0.35431996 0.3555505  0.35689354]
TRANSFORMER,A,3e-07,10,False,False,TDD,packagedrop,0.03,[0.06474185 0.12080549 0.19446114 0.30857527],[0.04965938 0.08210569 0.11658772 0.18363142],[17.941095 31.396727 52.523106 89.63969 ],[15.72281  24.319946 39.056545 72.66448 ],[8.133647 8.100964 8.043648 7.975287],[0.62754685 0.6906742  0.7706283  0.8512019 ],[8.171758 8.174995 8.178912 8.18387 ],[0.61714435 0.66222095 0.70273554 0.73701555]
TRANSFORMER,A,3e-07,30,False,False,TDD,packagedrop,0.03,[0.32328078 0.5432708  0.7862473  0.9771833 ],[0.28215158 0.25291976 0.30699667 0.42527744],[107.264465 166.1737   240.58002  287.09064 ],[143.2538  136.53114 194.25232 206.7093 ],[7.790368  7.567146  7.2259703 7.048806 ],[0.97878975 1.1716428  1.3527175  1.5073457 ],[8.039328 8.043646 8.03752  8.038265],[0.90889144 0.95316565 1.0154774  1.050955  ]
TRANSFORMER,C,3e-08,1,False,False,TDD,packagedrop,0.03,[0.00797426 0.01534981 0.02509636 0.03881755],[0.00406848 0.01415104 0.02606919 0.04202989],[1.8359497 3.3169107 5.176514  9.505782 ],[1.077774  2.1421623 3.1977432 5.7698627],[8.313953 8.309463 8.304532 8.298426],[0.13141994 0.13387498 0.13673341 0.14046124],[8.320241 8.321053 8.321877 8.322711],[0.1314964  0.13392694 0.13672413 0.13986447]
TRANSFORMER,C,3e-08,10,False,False,TDD,packagedrop,0.03,[0.12637089 0.27856538 0.42766136 0.55510044],[0.29875392 0.5192662  0.47850478 0.48251086],[ 18.82453   41.89143   72.86893  111.566185],[ 45.49826   57.574493  79.0827   105.924385],[8.155742  8.012525  7.7704487 7.471259 ],[0.46488354 0.60711    0.92271066 1.2569156 ],[8.214156 8.200949 8.206897 8.228696],[0.43586653 0.47545165 0.5107417  0.53240734]
TRANSFORMER,C,3e-08,30,False,False,TDD,packagedrop,0.03,[0.51025575 0.87717056 0.9713625  1.0000073 ],[0.4571495 0.6206089 0.5546663 0.3756013],[121.06013 197.47665 236.35721 249.82262],[123.23552 139.37631 140.77884 138.88599],[7.5910683 6.541156  6.010583  5.856523 ],[1.0455539 1.8792843 1.8706787 1.695856 ],[8.26459   8.2423935 8.200481  8.146262 ],[0.59722245 0.63432664 0.6843038  0.7340101 ]
TRANSFORMER,C,1e-07,1,False,False,TDD,packagedrop,0.03,[0.0086417  0.0129876  0.01955533 0.02958996],[0.0032701  0.00608339 0.01035239 0.01507418],[2.1228733 3.3615756 5.0775456 9.217784 ],[0.846148  1.5600348 2.6252103 4.792547 ],[8.281189 8.275414 8.268457 8.260648],[0.20081708 0.20294017 0.20537005 0.2083093 ],[8.287666  8.286729  8.285783  8.2848215],[0.20094848 0.20314613 0.20554835 0.20814276]
TRANSFORMER,C,1e-07,10,False,False,TDD,packagedrop,0.03,[0.07468779 0.1706192  0.2968737  0.4362574 ],[0.05653531 0.12167516 0.18282138 0.23228136],[ 16.50846   40.065163  71.44373  109.88807 ],[15.087977 37.078247 59.729404 79.554245],[8.16572  8.059562 7.882158 7.644183],[0.41317013 0.48120385 0.59760803 0.73871815],[8.228059 8.225114 8.221141 8.218307],[0.4063242  0.44373652 0.4743657  0.49637356]
TRANSFORMER,C,1e-07,30,False,False,TDD,packagedrop,0.03,[0.34187752 0.6029397  0.80607474 0.89015305],[0.21284552 0.2944717  0.33251482 0.24662805],[ 82.92484 153.67775 208.53793 242.98431],[ 63.00014  94.43545 113.82111 128.43806],[7.8307843 7.2141523 6.6966558 6.356271 ],[0.7121365 1.151701  1.2830342 1.364878 ],[8.210542 8.202722 8.19268  8.180748],[0.5592177  0.55600965 0.5821842  0.64674735]
TRANSFORMER,C,3e-07,1,False,False,TDD,packagedrop,0.03,[0.03775697 0.0417489  0.0492016  0.07070713],[0.02539397 0.02607462 0.02738803 0.02918748],[10.396632 11.295525 13.89807  22.241854],[6.742978  6.927508  7.5664086 9.280976 ],[8.267635 8.262607 8.254839 8.244956],[0.12779188 0.12975587 0.1314277  0.13310044],[8.30922  8.309395 8.309544 8.309666],[0.12782563 0.12907478 0.13059264 0.132371  ]
TRANSFORMER,C,3e-07,10,False,False,TDD,packagedrop,0.03,[0.08694018 0.16137442 0.23810926 0.3672754 ],[0.0448046  0.0790202  0.10379735 0.16218634],[ 23.79658  45.825    67.80143 107.41547],[13.646908 26.050749 34.699368 58.529064],[8.15472   8.062185  7.957058  7.7971554],[0.3528921  0.4092765  0.47485194 0.57813615],[8.250104 8.243475 8.238306 8.233626],[0.33855358 0.37196392 0.40309045 0.43264046]
TRANSFORMER,C,3e-07,30,False,False,TDD,packagedrop,0.03,[0.393681   0.65590394 0.781175   0.90365595],[0.25558746 0.26214838 0.25723293 0.24964313],[114.39952 200.31564 241.72755 284.39764],[ 82.95602 115.277   132.93523 144.53394],[7.6871142 7.0071874 6.781352  6.6000323],[0.8573507 1.1096553 1.2360007 1.3023899],[8.243394  8.2595005 8.280929  8.2970915],[0.5275148  0.56576973 0.5995795  0.6289665 ]
TRANSFORMER,D,3e-08,1,False,False,TDD,packagedrop,0.03,[0.00336196 0.00393579 0.00504504 0.00636344],[0.00221365 0.00231913 0.00313664 0.00387361],[0.95774275 1.1110032  1.4128413  1.8765512 ],[0.6233073 0.6320992 0.8218559 1.1667037],[8.312138 8.311586 8.310727 8.308994],[0.16923793 0.16958895 0.16999963 0.17059378],[8.314398 8.314319 8.314234 8.314145],[0.1689577  0.1692839  0.16965668 0.17007592]
TRANSFORMER,D,3e-08,10,False,False,TDD,packagedrop,0.03,[0.01849899 0.02670059 0.03601512 0.05239119],[0.05316474 0.05915471 0.07385441 0.11755584],[ 5.442062   7.7002325 10.481599  15.758062 ],[15.956328 17.122429 21.440018 34.05078 ],[8.308682 8.305134 8.300566 8.296259],[0.22107123 0.23071744 0.24115635 0.25141272],[8.316226 8.317209 8.319232 8.322231],[0.22064124 0.22971565 0.23861213 0.24789669]
TRANSFORMER,D,3e-08,30,False,False,TDD,packagedrop,0.03,[0.10446123 0.13953775 0.1567839  0.22335353],[0.2997502 0.3555553 0.4000722 0.4950609],[28.855732 36.58861  38.196285 55.42895 ],[82.886055 84.5984   74.25313  90.744446],[8.249733 8.222279 8.19449  8.166833],[0.31981725 0.34186205 0.3684662  0.40533188],[8.279626 8.265633 8.254636 8.245803],[0.3149234  0.33140603 0.3475315  0.37491977]
TRANSFORMER,D,1e-07,1,False,False,TDD,packagedrop,0.03,[0.00924972 0.00983047 0.01162969 0.01429077],[0.00423715 0.00476041 0.00579513 0.00766838],[2.728116  2.8967917 3.4275272 4.2689075],[1.2406027 1.3996427 1.7233262 2.3191268],[8.299869 8.299513 8.29835  8.29605 ],[0.04688365 0.04826896 0.04998626 0.05181375],[8.30858  8.308749 8.308917 8.309082],[0.04570846 0.04691132 0.04821616 0.04961289]
TRANSFORMER,D,1e-07,10,False,False,TDD,packagedrop,0.03,[0.03649265 0.05385547 0.06855962 0.09314077],[0.09875043 0.12735586 0.1681569  0.26547092],[10.499129 15.492046 19.689922 26.889528],[27.211592 34.877346 45.369545 72.12921 ],[8.286342 8.279603 8.273812 8.270588],[0.14456286 0.16428667 0.18266675 0.20030142],[8.302197 8.302738 8.303449 8.304353],[0.14413556 0.16243479 0.18018848 0.19722274]
TRANSFORMER,D,1e-07,30,False,False,TDD,packagedrop,0.03,[0.11743709 0.15641685 0.15926735 0.19576447],[0.31970322 0.43035087 0.3589365  0.34416208],[36.357494 50.601646 51.089268 62.809784],[ 97.97799  147.01949  123.906364 123.98419 ],[8.265836 8.265661 8.2479   8.228277],[0.29292208 0.32562858 0.3572686  0.38830924],[8.307436 8.310596 8.312113 8.31137 ],[0.28931206 0.31602684 0.33770058 0.35521185]
TRANSFORMER,D,3e-07,1,False,False,TDD,packagedrop,0.03,[0.03647483 0.03726695 0.03833878 0.03901728],[0.01569041 0.01586648 0.0162505  0.0166713 ],[10.770816 10.997323 11.309766 11.546778],[4.625462  4.6769376 4.790624  4.9329696],[8.273308 8.273023 8.272625 8.271748],[0.03124021 0.03258756 0.03404697 0.03553867],[8.304571 8.304598 8.304624 8.304644],[0.02125929 0.02278931 0.02444145 0.02619203]
TRANSFORMER,D,3e-07,10,False,False,TDD,packagedrop,0.03,[0.04276667 0.04896542 0.04978519 0.05090428],[0.01902114 0.02039293 0.02087212 0.02058082],[12.521794 14.364348 14.61335  15.110909],[5.539507 6.024968 6.16174  6.643539],[8.257206 8.256054 8.254932 8.253371],[0.13947164 0.15812239 0.17693883 0.19565277],[8.291802 8.291453 8.291422 8.291797],[0.13622427 0.15536554 0.17447104 0.193445  ]
TRANSFORMER,D,3e-07,30,False,False,TDD,packagedrop,0.03,[0.13882567 0.19316474 0.18613411 0.19386041],[0.3712625  0.53922534 0.49160948 0.4374535 ],[39.87687  52.889915 49.154087 52.652523],[100.84711  136.75693  111.73578   90.919556],[8.274108 8.260858 8.239409 8.209676],[0.26449943 0.29727554 0.3422649  0.4370402 ],[8.314291 8.305841 8.296564 8.287483],[0.25759736 0.28634158 0.31637365 0.34177953]
TRANSFORMER,A,3e-08,1,False,False,TDD,packagedrop,0.02,[0.00558047 0.00815664 0.01125922 0.01825103],[0.00399648 0.00687614 0.01056581 0.01910193],[1.5333569 2.455532  3.5356824 6.716967 ],[1.3905867 2.5923374 3.9327047 7.478459 ],[8.3268585 8.32294   8.319008  8.31414  ],[0.18942547 0.1930444  0.19731346 0.2021136 ],[8.330993 8.329849 8.328677 8.327478],[0.19007084 0.19461922 0.19951843 0.20474008]
TRANSFORMER,A,3e-08,10,False,False,TDD,packagedrop,0.02,[0.03609305 0.08969672 0.15256369 0.23957436],[0.03951874 0.10280392 0.19608593 0.34750068],[ 5.1977777 12.430841  23.676582  42.295147 ],[ 4.136859  9.257328 18.617643 33.099636],[8.184833 8.157968 8.12096  8.073695],[0.5531636  0.62521297 0.70337844 0.78897625],[8.202797 8.202787 8.20477  8.210616],[0.5486622  0.603959   0.65337497 0.69756156]
TRANSFORMER,A,3e-08,30,False,False,TDD,packagedrop,0.02,[0.26333314 0.41242316 0.66560465 0.8909298 ],[0.3514124  0.29683667 0.58990717 0.8279367 ],[ 37.794884  76.886375 129.55698  179.90512 ],[ 40.34876   73.447136 119.21293  165.09448 ],[7.740044  7.5700364 7.332159  6.9686847],[1.2072287 1.3131189 1.3097578 1.5790159],[7.9305916 7.937528  7.938669  7.9467754],[0.94080913 0.97129947 1.0151565  1.0446168 ]
TRANSFORMER,A,1e-07,1,False,False,TDD,packagedrop,0.02,[0.00913369 0.01157108 0.01629947 0.02321304],[0.00466062 0.00546221 0.00778525 0.012365  ],[2.5866096 3.52776   4.999173  8.508914 ],[1.5970632 2.7346117 3.8966677 7.6433916],[8.25804  8.255964 8.2541   8.251801],[0.5134443  0.51299447 0.5128832  0.5131272 ],[8.262489 8.263346 8.264196 8.265036],[0.5146195  0.5150341  0.5156064  0.51633507]
TRANSFORMER,A,1e-07,10,False,False,TDD,packagedrop,0.02,[0.03986595 0.08733303 0.14570726 0.22163212],[0.04789164 0.08878427 0.13499264 0.16705437],[ 7.4470186 16.612177  30.684658  55.65327  ],[10.07144  18.145824 31.929152 55.439842],[8.125851 8.101243 8.06639  8.018394],[0.62721103 0.68265265 0.74550503 0.8076976 ],[8.144523 8.146372 8.146507 8.145758],[0.6222944 0.6648694 0.7096781 0.7541992]
TRANSFORMER,A,1e-07,30,False,False,TDD,packagedrop,0.02,[0.23921217 0.46995452 0.63465315 0.8162326 ],[0.26276544 0.59183604 0.33457986 0.33926392],[ 58.384315 115.042244 171.42613  212.04865 ],[ 69.96661 119.10996 164.50616 182.87375],[7.9165344 7.646059  7.2597857 6.91778  ],[1.0371861 1.2626321 1.4835051 1.4665341],[8.072836  8.0405245 7.9876432 7.931781 ],[0.9680374 1.0242085 1.0625325 1.0865595]
TRANSFORMER,A,3e-07,1,False,False,TDD,packagedrop,0.02,[0.0143441  0.01958272 0.02570994 0.04410236],[0.00439833 0.00673271 0.00875819 0.01405979],[ 4.7881684  6.324833   8.465237  16.55138  ],[2.5049005 3.5244384 4.8572984 9.083787 ],[8.203297 8.198185 8.195884 8.194043],[0.35247052 0.35315356 0.35402972 0.3561271 ],[8.213685 8.214922 8.216152 8.217376],[0.35320455 0.35431996 0.3555505  0.35689354]
TRANSFORMER,A,3e-07,10,False,False,TDD,packagedrop,0.02,[0.06118027 0.11717598 0.1877712  0.29386094],[0.04154482 0.08044297 0.10936672 0.15450092],[17.191177 30.28268  50.43128  85.18035 ],[13.601827 20.58941  32.180614 59.355034],[8.134311  8.099893  8.044494  7.9755974],[0.6282906  0.6952066  0.77331686 0.85389256],[8.171758 8.174995 8.178912 8.18387 ],[0.61714435 0.66222095 0.70273554 0.73701555]
TRANSFORMER,A,3e-07,30,False,False,TDD,packagedrop,0.02,[0.27908915 0.518698   0.78080285 0.9611655 ],[0.17966871 0.2197097  0.28764212 0.4124494 ],[ 88.10792 160.05699 236.47997 282.3249 ],[ 85.67546 132.40993 181.57663 204.94972],[7.783354  7.5801334 7.202083  7.0318174],[1.0645064 1.1607109 1.3577133 1.5484364],[8.039328 8.043646 8.03752  8.038265],[0.90889144 0.95316565 1.0154774  1.050955  ]
TRANSFORMER,C,3e-08,1,False,False,TDD,packagedrop,0.02,[0.00799112 0.01544782 0.02513187 0.03890499],[0.00410945 0.01422016 0.02607367 0.04211802],[1.8378972 3.324292  5.1649733 9.504796 ],[1.0763348 2.1756651 3.2347674 6.0371194],[8.313938 8.309384 8.304424 8.298299],[0.13142475 0.13386151 0.13671124 0.14042151],[8.320241 8.321053 8.321877 8.322711],[0.1314964  0.13392694 0.13672413 0.13986447]
TRANSFORMER,C,3e-08,10,False,False,TDD,packagedrop,0.02,[0.09177609 0.22135243 0.40807092 0.54543006],[0.09248528 0.21391031 0.44688228 0.46177822],[ 13.943115  36.445045  66.87166  104.13864 ],[14.2891   36.212368 63.058216 89.23584 ],[8.162878  8.023244  7.785412  7.4877653],[0.45309916 0.5876055  0.8937782  1.236055  ],[8.214156 8.200949 8.206897 8.228696],[0.43586653 0.47545165 0.5107417  0.53240734]
TRANSFORMER,C,3e-08,30,False,False,TDD,packagedrop,0.02,[0.4658887  0.85753167 0.94570786 1.0021952 ],[0.4074812  0.59541386 0.51292586 0.3721326 ],[105.20458 189.75021 232.06262 249.44208],[ 83.69773 125.34624 137.42084 138.45155],[7.638689  6.5319867 5.993103  5.8177705],[1.0125215 1.9112461 1.8609613 1.6913906],[8.26459   8.2423935 8.200481  8.146262 ],[0.59722245 0.63432664 0.6843038  0.7340101 ]
TRANSFORMER,C,1e-07,1,False,False,TDD,packagedrop,0.02,[0.00862465 0.01290054 0.0194823  0.02887103],[0.00314656 0.00600201 0.01041711 0.01481814],[2.0915577 3.2920094 4.966184  8.913401 ],[0.80382615 1.5081315  2.5399494  4.476386  ],[8.281177 8.275368 8.268456 8.260616],[0.20091736 0.20307955 0.20555858 0.20845017],[8.287666  8.286729  8.285783  8.2848215],[0.20094848 0.20314613 0.20554835 0.20814276]
TRANSFORMER,C,1e-07,10,False,False,TDD,packagedrop,0.02,[0.07588672 0.16744232 0.29246128 0.4332977 ],[0.06239939 0.12263621 0.18649283 0.23790966],[ 16.592253  38.97464   69.814445 108.77587 ],[15.608416 36.64582  59.724854 80.23969 ],[8.16659   8.061175  7.8842015 7.6462965],[0.4123664  0.48071012 0.598161   0.73747253],[8.228059 8.225114 8.221141 8.218307],[0.4063242  0.44373652 0.4743657  0.49637356]
TRANSFORMER,C,1e-07,30,False,False,TDD,packagedrop,0.02,[0.34552953 0.59810543 0.80170846 0.88721937],[0.22836947 0.2900838  0.329646   0.25546268],[ 84.49807 152.89487 207.31523 240.8631 ],[ 68.75781   94.764786 113.99109  127.493225],[7.796459  7.1944804 6.668357  6.35524  ],[0.74347544 1.1270343  1.319359   1.3308574 ],[8.210542 8.202722 8.19268  8.180748],[0.5592177  0.55600965 0.5821842  0.64674735]
TRANSFORMER,C,3e-07,1,False,False,TDD,packagedrop,0.02,[0.03767025 0.04182969 0.04926534 0.07084139],[0.02519866 0.02588186 0.02709443 0.02888533],[10.384744 11.353323 13.951024 22.315788],[6.688022  6.900506  7.5540905 9.371572 ],[8.267592 8.262485 8.254746 8.244808],[0.1277783  0.12971911 0.13140492 0.13300686],[8.30922  8.309395 8.309544 8.309666],[0.12782563 0.12907478 0.13059264 0.132371  ]
TRANSFORMER,C,3e-07,10,False,False,TDD,packagedrop,0.02,[0.10163826 0.18184988 0.2626694  0.39578438],[0.09565969 0.133587   0.16640334 0.23200166],[ 27.39876   50.733692  73.70336  114.77221 ],[25.682255 36.16725  45.244728 71.08421 ],[8.152236  8.055127  7.948965  7.7845764],[0.3535306  0.41179103 0.47891122 0.59028107],[8.250104 8.243475 8.238306 8.233626],[0.33855358 0.37196392 0.40309045 0.43264046]
TRANSFORMER,C,3e-07,30,False,False,TDD,packagedrop,0.02,[0.37768823 0.65832245 0.7722024  0.91642624],[0.20757668 0.26397708 0.24148138 0.2666011 ],[112.57925 203.05663 239.95834 290.84128],[ 76.813385 120.67815  135.65955  157.9927  ],[7.7418766 7.03688   6.791297  6.6320686],[0.7664536 1.0900784 1.224455  1.3039131],[8.243394  8.2595005 8.280929  8.2970915],[0.5275148  0.56576973 0.5995795  0.6289665 ]
TRANSFORMER,D,3e-08,1,False,False,TDD,packagedrop,0.02,[0.00317092 0.00380118 0.0048902  0.00631104],[0.0016034  0.00191596 0.00277115 0.00373332],[0.89536315 1.0661607  1.3596972  1.8590358 ],[0.3998455 0.4776019 0.6679589 1.127064 ],[8.312133 8.31158  8.310707 8.30897 ],[0.1692299  0.16958272 0.16997926 0.17057866],[8.314398 8.314319 8.314234 8.314145],[0.1689577  0.1692839  0.16965668 0.17007592]
TRANSFORMER,D,3e-08,10,False,False,TDD,packagedrop,0.02,[0.01461892 0.02217967 0.03133605 0.0433391 ],[0.0451014  0.04634046 0.06232462 0.10128752],[ 4.0039186  6.1412163  8.71871   12.532531 ],[11.085177 11.444939 15.342059 24.928148],[8.309283 8.305555 8.300992 8.296882],[0.22128208 0.23089351 0.2411133  0.25115186],[8.316226 8.317209 8.319232 8.322231],[0.22064124 0.22971565 0.23861213 0.24789669]
TRANSFORMER,D,3e-08,30,False,False,TDD,packagedrop,0.02,[0.10741602 0.11584388 0.13855702 0.17077208],[0.3451915  0.31017688 0.27864218 0.2535095 ],[32.104984 32.553253 38.175507 47.52644 ],[106.06341  86.85209  77.65842  70.06915],[8.24501  8.223512 8.195074 8.165252],[0.3169734  0.34049428 0.36758667 0.4032053 ],[8.279626 8.265633 8.254636 8.245803],[0.3149234  0.33140603 0.3475315  0.37491977]
TRANSFORMER,D,1e-07,1,False,False,TDD,packagedrop,0.02,[0.00899986 0.0095093  0.01129887 0.01389301],[0.00377462 0.00397019 0.00479636 0.0065183 ],[2.6507874 2.7990916 3.326262  4.145398 ],[1.0743778 1.1320734 1.3858435 1.9417884],[8.299875 8.299498 8.298337 8.296021],[0.04687627 0.0482802  0.05000537 0.05185208],[8.30858  8.308749 8.308917 8.309082],[0.04570846 0.04691132 0.04821616 0.04961289]
TRANSFORMER,D,1e-07,10,False,False,TDD,packagedrop,0.02,[0.02418295 0.04015433 0.04993981 0.06428035],[0.03980435 0.05942894 0.0758207  0.14515768],[ 7.1779714 11.822052  14.747668  19.058544 ],[12.741434 17.986626 22.3597   41.654396],[8.286607 8.279614 8.273876 8.270405],[0.14445807 0.16429178 0.18250291 0.1999094 ],[8.302197 8.302738 8.303449 8.304353],[0.14413556 0.16243479 0.18018848 0.19722274]
TRANSFORMER,D,1e-07,30,False,False,TDD,packagedrop,0.02,[0.11000837 0.11680112 0.1435378  0.17508812],[0.33470255 0.3111259  0.34140056 0.3113712 ],[34.906223 36.878883 45.061954 56.400898],[103.29631  96.8166  111.40935 114.5298 ],[8.270642 8.267648 8.254718 8.242984],[0.29027355 0.32427552 0.36164385 0.37928367],[8.307436 8.310596 8.312113 8.31137 ],[0.28931206 0.31602684 0.33770058 0.35521185]
TRANSFORMER,D,3e-07,1,False,False,TDD,packagedrop,0.02,[0.03610871 0.0367929  0.03774451 0.03783019],[0.01558726 0.01578034 0.01606882 0.01616981],[10.659463 10.852174 11.126891 11.183678],[4.591536  4.6462984 4.725842  4.754965 ],[8.273332 8.273039 8.27266  8.271773],[0.03125397 0.03260204 0.0340647  0.03554203],[8.304571 8.304598 8.304624 8.304644],[0.02125929 0.02278931 0.02444145 0.02619203]
TRANSFORMER,D,3e-07,10,False,False,TDD,packagedrop,0.02,[0.04247399 0.04783668 0.04896007 0.04938304],[0.01901485 0.01995237 0.02117474 0.02077808],[12.4248905 13.998256  14.325844  14.608171 ],[5.508869  5.7691746 6.105424  6.3876996],[8.257303 8.256119 8.2551   8.253571],[0.1394744  0.15811439 0.17695263 0.19569193],[8.291802 8.291453 8.291422 8.291797],[0.13622427 0.15536554 0.17447104 0.193445  ]
TRANSFORMER,D,3e-07,30,False,False,TDD,packagedrop,0.02,[0.07927972 0.11646203 0.11645808 0.1465936 ],[0.15334517 0.3078777  0.2705088  0.2980679 ],[23.473345 34.88914  34.226593 44.472584],[42.02947  94.795845 71.015915 82.833595],[8.272859 8.26514  8.230409 8.231897],[0.26274624 0.2934952  0.36791092 0.35401475],[8.314291 8.305841 8.296564 8.287483],[0.25759736 0.28634158 0.31637365 0.34177953]
TRANSFORMER,A,3e-08,1,False,False,TDD,packagedrop,0.01,[0.0052008  0.00723671 0.01005989 0.01604095],[0.00315133 0.00516215 0.00868145 0.01542073],[1.3394668 2.0818107 3.0309157 5.8940916],[0.8617924 1.8943822 3.0277987 6.0608993],[8.327067 8.323248 8.31936  8.314742],[0.18945664 0.19301474 0.19731076 0.20202659],[8.330993 8.329849 8.328677 8.327478],[0.19007084 0.19461922 0.19951843 0.20474008]
TRANSFORMER,A,3e-08,10,False,False,TDD,packagedrop,0.01,[0.04463108 0.102447   0.16586523 0.25704238],[0.09438771 0.16351803 0.23576657 0.38770095],[ 7.3039575 15.518957  26.762585  46.094135 ],[21.673113 32.87301  36.468853 51.6167  ],[8.184932 8.158187 8.121633 8.074555],[0.55320746 0.62527245 0.7032669  0.78876054],[8.202797 8.202787 8.20477  8.210616],[0.5486622  0.603959   0.65337497 0.69756156]
TRANSFORMER,A,3e-08,30,False,False,TDD,packagedrop,0.01,[0.24500301 0.4064817  0.6539601  0.8869248 ],[0.31922615 0.29007745 0.5731205  0.82035923],[ 37.68733  78.45473 131.10876 182.89311],[ 42.04645  76.31167 121.96467 171.07144],[7.779581  7.5763135 7.335709  6.9736724],[1.058599  1.2856065 1.2892826 1.5938154],[7.9305916 7.937528  7.938669  7.9467754],[0.94080913 0.97129947 1.0151565  1.0446168 ]
TRANSFORMER,A,1e-07,1,False,False,TDD,packagedrop,0.01,[0.00910822 0.01154518 0.01627998 0.02302067],[0.00466294 0.00548961 0.00777275 0.01234341],[2.576707  3.5307946 5.007711  8.479004 ],[1.5984669 2.7411647 3.8978055 7.6556945],[8.258056 8.255993 8.254149 8.251881],[0.5134469  0.5130036  0.51290315 0.5131594 ],[8.262489 8.263346 8.264196 8.265036],[0.5146195  0.5150341  0.5156064  0.51633507]
TRANSFORMER,A,1e-07,10,False,False,TDD,packagedrop,0.01,[0.03978414 0.09360328 0.22078699 0.23070528],[0.04599221 0.1513707  0.8728304  0.25210097],[ 7.5106063 16.274508  29.579128  54.51346  ],[10.063474 16.482065 27.554554 50.7475  ],[8.125146 8.100299 8.064256 8.014617],[0.62686896 0.68192357 0.7448485  0.8075448 ],[8.144523 8.146372 8.146507 8.145758],[0.6222944 0.6648694 0.7096781 0.7541992]
TRANSFORMER,A,1e-07,30,False,False,TDD,packagedrop,0.01,[0.21173254 0.4720661  0.6299242  0.8096151 ],[0.18916184 0.6022427  0.333401   0.34122637],[ 57.833687 118.8048   172.4631   210.4737  ],[107.01066 158.79572 176.62256 185.39291],[7.934469  7.667835  7.280772  6.9135466],[1.0248235 1.2608727 1.4867182 1.5047641],[8.072836  8.0405245 7.9876432 7.931781 ],[0.9680374 1.0242085 1.0625325 1.0865595]
TRANSFORMER,A,3e-07,1,False,False,TDD,packagedrop,0.01,[0.01441752 0.01976189 0.02593954 0.04422657],[0.00440157 0.00681306 0.00897712 0.01454018],[ 4.8128414  6.3860235  8.543579  16.603447 ],[2.5103388 3.5676124 4.943381  9.2414875],[8.203288 8.198166 8.195865 8.194034],[0.35247907 0.3531779  0.3540646  0.35618898],[8.213685 8.214922 8.216152 8.217376],[0.35320455 0.35431996 0.3555505  0.35689354]
TRANSFORMER,A,3e-07,10,False,False,TDD,packagedrop,0.01,[0.06084095 0.11602794 0.1867396  0.29446813],[0.04115133 0.07674145 0.10970556 0.15898634],[16.990221 29.847597 49.82454  85.10715 ],[13.713376 20.10125  31.586813 59.384544],[8.134378 8.100463 8.0446   7.9752  ],[0.62824595 0.693933   0.7746674  0.8590125 ],[8.171758 8.174995 8.178912 8.18387 ],[0.61714435 0.66222095 0.70273554 0.73701555]
TRANSFORMER,A,3e-07,30,False,False,TDD,packagedrop,0.01,[0.28246993 0.52530116 0.7799925  0.9545613 ],[0.2009715  0.2454603  0.30089086 0.41492504],[ 90.08171 160.98048 236.48175 279.0352 ],[ 92.85765 135.39772 183.6463  203.6389 ],[7.8114166 7.6061864 7.2185516 7.078825 ],[0.97613174 1.1409123  1.3523641  1.4981058 ],[8.039328 8.043646 8.03752  8.038265],[0.90889144 0.95316565 1.0154774  1.050955  ]
TRANSFORMER,C,3e-08,1,False,False,TDD,packagedrop,0.01,[0.00816643 0.01554343 0.02525977 0.0387195 ],[0.00446383 0.01429449 0.02612717 0.04214168],[1.883453  3.3532598 5.2074156 9.418126 ],[1.163279  2.2500381 3.3076196 5.832723 ],[8.313937 8.309414 8.304478 8.298478],[0.1314722  0.13394164 0.1368086  0.14053091],[8.320241 8.321053 8.321877 8.322711],[0.1314964  0.13392694 0.13672413 0.13986447]
TRANSFORMER,C,3e-08,10,False,False,TDD,packagedrop,0.01,[0.08687456 0.21445784 0.40203097 0.5346691 ],[0.08940806 0.21299304 0.4501089  0.46297377],[ 13.341452  35.696922  66.06548  103.29785 ],[13.796762 35.90696  62.775013 89.134125],[8.163567 8.024193 7.78676  7.487897],[0.4526931  0.5871736  0.89480567 1.2406188 ],[8.214156 8.200949 8.206897 8.228696],[0.43586653 0.47545165 0.5107417  0.53240734]
TRANSFORMER,C,3e-08,30,False,False,TDD,packagedrop,0.01,[0.46988237 0.86045355 0.9467717  0.9909559 ],[0.40282074 0.5939229  0.517451   0.36577845],[107.019775 191.72899  232.62428  248.11902 ],[ 85.04856 129.37814 142.11989 139.6813 ],[7.628459 6.546505 5.932989 5.764023],[1.0214239 1.876018  1.8550546 1.6754754],[8.26459   8.2423935 8.200481  8.146262 ],[0.59722245 0.63432664 0.6843038  0.7340101 ]
TRANSFORMER,C,1e-07,1,False,False,TDD,packagedrop,0.01,[0.00850212 0.01270572 0.01922223 0.02879098],[0.00305523 0.00570074 0.01008306 0.01443969],[2.0795121 3.2725463 4.932174  8.926334 ],[0.8264604 1.5166702 2.5178437 4.4518957],[8.281264 8.275532 8.26867  8.260874],[0.20079143 0.20289364 0.20535347 0.20823623],[8.287666  8.286729  8.285783  8.2848215],[0.20094848 0.20314613 0.20554835 0.20814276]
TRANSFORMER,C,1e-07,10,False,False,TDD,packagedrop,0.01,[0.07274837 0.16679516 0.29063243 0.43237796],[0.05871533 0.12662137 0.18784744 0.23749149],[ 16.196772  39.316216  69.90176  109.02912 ],[16.41483  39.396557 61.60282  81.47276 ],[8.168112  8.06326   7.8881483 7.64592  ],[0.41034204 0.477211   0.5921222  0.73394716],[8.228059 8.225114 8.221141 8.218307],[0.4063242  0.44373652 0.4743657  0.49637356]
TRANSFORMER,C,1e-07,30,False,False,TDD,packagedrop,0.01,[0.34430474 0.61034095 0.82124704 0.9034181 ],[0.21091759 0.30396718 0.38544604 0.31382665],[ 83.9992  155.87352 209.13614 243.45148],[ 64.813965  96.37259  113.412094 127.01687 ],[7.8333044 7.229551  6.682166  6.3294697],[0.6874438 1.0711573 1.3018491 1.3813137],[8.210542 8.202722 8.19268  8.180748],[0.5592177  0.55600965 0.5821842  0.64674735]
TRANSFORMER,C,3e-07,1,False,False,TDD,packagedrop,0.01,[0.03751749 0.04157451 0.0488057  0.06979646],[0.02528593 0.0260151  0.02725789 0.02882876],[10.308354 11.209458 13.737592 21.926819],[6.7063217 6.899838  7.5237384 9.201174 ],[8.267678 8.262614 8.254896 8.244952],[0.12781027 0.12977438 0.13144161 0.1329875 ],[8.30922  8.309395 8.309544 8.309666],[0.12782563 0.12907478 0.13059264 0.132371  ]
TRANSFORMER,C,3e-07,10,False,False,TDD,packagedrop,0.01,[0.08676639 0.16235109 0.23755121 0.36593148],[0.05350662 0.09161311 0.10795757 0.16321455],[ 23.64537   45.957466  67.64275  107.24031 ],[16.299791 29.36013  35.713596 59.450207],[8.154509  8.061527  7.9581194 7.7951813],[0.35215393 0.407839   0.4706662  0.5788534 ],[8.250104 8.243475 8.238306 8.233626],[0.33855358 0.37196392 0.40309045 0.43264046]
TRANSFORMER,C,3e-07,30,False,False,TDD,packagedrop,0.01,[0.3605286  0.64383644 0.769567   0.8974501 ],[0.18803653 0.2518904  0.24229124 0.24531917],[105.46192 196.28873 236.94623 281.2956 ],[ 65.89107 111.56548 126.88585 139.06891],[7.7449303 7.0422335 6.792005  6.6279144],[0.76786095 1.0968912  1.2347037  1.3054404 ],[8.243394  8.2595005 8.280929  8.2970915],[0.5275148  0.56576973 0.5995795  0.6289665 ]
TRANSFORMER,D,3e-08,1,False,False,TDD,packagedrop,0.01,[0.00312511 0.00370379 0.00478941 0.00596377],[0.00146492 0.00173797 0.00258392 0.00295765],[0.880328  1.0330166 1.3243589 1.741399 ],[0.35198334 0.40455246 0.5836765  0.7688064 ],[8.3121395 8.311582  8.3107195 8.308988 ],[0.16924573 0.16959056 0.1699995  0.17059281],[8.314398 8.314319 8.314234 8.314145],[0.1689577  0.1692839  0.16965668 0.17007592]
TRANSFORMER,D,3e-08,10,False,False,TDD,packagedrop,0.01,[0.00996209 0.01714597 0.02377183 0.03221476],[0.00549868 0.01148081 0.01659725 0.02003205],[2.8671703 4.9136977 6.851168  9.768426 ],[1.5283387 3.2404919 5.210017  7.348765 ],[8.309394 8.305673 8.301241 8.297043],[0.22112285 0.23067576 0.24092671 0.25111613],[8.316226 8.317209 8.319232 8.322231],[0.22064124 0.22971565 0.23861213 0.24789669]
TRANSFORMER,D,3e-08,30,False,False,TDD,packagedrop,0.01,[0.05037412 0.07120676 0.09441283 0.13988154],[0.07697584 0.07585452 0.08851016 0.11887122],[14.192763 19.509201 25.501797 38.848446],[21.338955 21.26601  24.078722 33.086044],[8.246814 8.218321 8.190466 8.162062],[0.3249034  0.34439284 0.37010032 0.40537056],[8.279626 8.265633 8.254636 8.245803],[0.3149234  0.33140603 0.3475315  0.37491977]
TRANSFORMER,D,1e-07,1,False,False,TDD,packagedrop,0.01,[0.00903682 0.00954319 0.01131758 0.01394136],[0.00383742 0.00401491 0.00480872 0.00634623],[2.6602361 2.8059187 3.3271012 4.1537495],[1.0925426 1.1391922 1.3666948 1.842787 ],[8.299875 8.299503 8.298357 8.296024],[0.04688207 0.04830381 0.05003102 0.05186122],[8.30858  8.308749 8.308917 8.309082],[0.04570846 0.04691132 0.04821616 0.04961289]
TRANSFORMER,D,1e-07,10,False,False,TDD,packagedrop,0.01,[0.02308074 0.03475375 0.04225815 0.05019102],[0.04364998 0.0468339  0.05715551 0.09532516],[ 6.715711 10.106463 12.390293 14.916761],[12.539462 13.517229 16.685192 27.905416],[8.286876 8.279878 8.27431  8.271462],[0.14458174 0.16437101 0.18252765 0.19989683],[8.302197 8.302738 8.303449 8.304353],[0.14413556 0.16243479 0.18018848 0.19722274]
TRANSFORMER,D,1e-07,30,False,False,TDD,packagedrop,0.01,[0.06899101 0.07188797 0.10776029 0.12245135],[0.21454889 0.11227822 0.22718328 0.14851913],[22.742094 23.17602  35.697887 37.52119 ],[77.91361  46.877876 94.13839  50.63829 ],[8.270495 8.268203 8.26068  8.246039],[0.28990862 0.32471055 0.3531634  0.3791153 ],[8.307436 8.310596 8.312113 8.31137 ],[0.28931206 0.31602684 0.33770058 0.35521185]
TRANSFORMER,D,3e-07,1,False,False,TDD,packagedrop,0.01,[0.03609973 0.03677842 0.03772786 0.03773764],[0.01560961 0.01580552 0.01609242 0.01616779],[10.656029 10.846278 11.119032 11.152005],[4.5980525 4.6535974 4.732214  4.752447 ],[8.2733345 8.273042  8.272664  8.271778 ],[0.03125268 0.03260146 0.03406349 0.03554304],[8.304571 8.304598 8.304624 8.304644],[0.02125929 0.02278931 0.02444145 0.02619203]
TRANSFORMER,D,3e-07,10,False,False,TDD,packagedrop,0.01,[0.04280989 0.04859355 0.04914977 0.04913645],[0.01951509 0.02120428 0.02236011 0.02166763],[12.507211  14.188452  14.3573885 14.507685 ],[5.5937586 5.993506  6.314789  6.4698668],[8.257286 8.256111 8.25513  8.253596],[0.1395013  0.15808369 0.17690966 0.19570427],[8.291802 8.291453 8.291422 8.291797],[0.13622427 0.15536554 0.17447104 0.193445  ]
TRANSFORMER,D,3e-07,30,False,False,TDD,packagedrop,0.01,[0.0977856  0.11695146 0.10346372 0.14741978],[0.25499353 0.3152002  0.25349668 0.33365306],[30.039406 35.650055 30.933355 44.421455],[82.95876 99.95977 74.16866 97.57539],[8.275017 8.264885 8.250514 8.23304 ],[0.26286697 0.2947835  0.325261   0.35423714],[8.314291 8.305841 8.296564 8.287483],[0.25759736 0.28634158 0.31637365 0.34177953]
