model,cm,ds,ms,is_gen,is_U2D,scenario,noise_type,noise_degree,nmse_mean,nmse_std,mse_mean,mse_std,se_mean,se_std,se0_mean,se0_std
PATCHTST,A,3e-08,1,False,False,TDD,phase,10.0,[0.0065257  0.01035386 0.01601273 0.02657863],[0.00232124 0.00430895 0.00707174 0.01246574],[ 2.5196104  4.1824913  6.2094045 10.02586  ],[1.6358865 2.9592204 4.2407355 6.5878263],[8.325736 8.321736 8.318914 8.314761],[0.18953401 0.19366655 0.19862883 0.20391957],[8.330993 8.329849 8.328677 8.327478],[0.19007084 0.19461922 0.19951843 0.20474008]
PATCHTST,A,3e-08,10,False,False,TDD,phase,10.0,[0.03326313 0.09073103 0.1637825  0.25785026],[0.03105885 0.08289593 0.14082806 0.2898506 ],[ 6.999436 17.55003  33.519276 53.050182],[ 5.5422955 13.256323  23.80409   37.39506  ],[8.188668 8.165073 8.125935 8.071707],[0.55126876 0.61915755 0.69521457 0.7869224 ],[8.202797 8.202787 8.20477  8.210616],[0.5486622  0.603959   0.65337497 0.69756156]
PATCHTST,A,3e-08,30,False,False,TDD,phase,10.0,[0.24010557 0.45706588 0.70876956 0.9024465 ],[0.21940725 0.329626   0.59674114 0.71720517],[ 42.51025   87.838936 143.75453  190.28148 ],[ 55.66181  91.77224 129.96902 165.64516],[7.822979 7.623006 7.344362 7.045496],[0.99344546 1.2330215  1.3486352  1.4652423 ],[7.9305916 7.937528  7.938669  7.9467754],[0.94080913 0.97129947 1.0151565  1.0446168 ]
PATCHTST,A,1e-07,1,False,False,TDD,phase,10.0,[0.00801969 0.01182736 0.01892777 0.03156986],[0.00225763 0.00404128 0.00677    0.01123735],[ 2.9658573  4.6849504  7.263633  12.22829  ],[2.0715516 3.5899508 5.370671  8.775285 ],[8.257219 8.255338 8.254263 8.252334],[0.51439035 0.5143553  0.5150184  0.51541555],[8.262489 8.263346 8.264196 8.265036],[0.5146195  0.5150341  0.5156064  0.51633507]
PATCHTST,A,1e-07,10,False,False,TDD,phase,10.0,[0.03117622 0.08013422 0.15326427 0.22899403],[0.02657932 0.06903034 0.13344039 0.15296109],[ 6.7172503 17.55072   34.681797  60.01371  ],[ 5.327752 15.815145 30.674053 55.20971 ],[8.127419 8.10578  8.066459 8.014993],[0.6256268  0.67528933 0.7341654  0.7884534 ],[8.144523 8.146372 8.146507 8.145758],[0.6222944 0.6648694 0.7096781 0.7541992]
PATCHTST,A,1e-07,30,False,False,TDD,phase,10.0,[0.21328141 0.47931194 0.6421222  0.83729607],[0.17814896 0.87430227 0.39698082 0.4067726 ],[ 58.82405 106.91744 168.96373 213.87125],[ 72.67188 114.39021 167.22992 188.45193],[7.948957  7.7198815 7.2958727 6.77488  ],[0.9927865 1.1562439 1.4031248 1.5797884],[8.072836  8.0405245 7.9876432 7.931781 ],[0.9680374 1.0242085 1.0625325 1.0865595]
PATCHTST,A,3e-07,1,False,False,TDD,phase,10.0,[0.01704137 0.02466649 0.04103556 0.0664511 ],[0.0032044  0.00509814 0.00843092 0.01478442],[ 5.4761634  8.518081  14.424355  23.071905 ],[1.809345  3.3052783 5.637751  9.184047 ],[8.205966 8.203927 8.201456 8.200738],[0.35376814 0.35465765 0.35583162 0.35721752],[8.213685 8.214922 8.216152 8.217376],[0.35320455 0.35431996 0.3555505  0.35689354]
PATCHTST,A,3e-07,10,False,False,TDD,phase,10.0,[0.05673775 0.11800603 0.18868637 0.29323578],[0.03591302 0.0716079  0.10107639 0.15456897],[15.418941 33.08711  53.521103 87.22329 ],[11.069956 25.560013 37.837513 64.353806],[8.132946 8.097645 8.043434 7.958561],[0.63063645 0.6930212  0.7654988  0.84275496],[8.171758 8.174995 8.178912 8.18387 ],[0.61714435 0.66222095 0.70273554 0.73701555]
PATCHTST,A,3e-07,30,False,False,TDD,phase,10.0,[0.3149016 0.5462203 0.740302  0.9148919],[0.20085117 0.2870933  0.41726187 0.5150243 ],[ 99.70877 162.84354 205.47603 253.54137],[ 99.94652 150.8035  171.60349 191.7254 ],[7.7686424 7.499817  7.2779083 6.9368258],[1.0301366 1.1801634 1.4034874 1.5351576],[8.039328 8.043646 8.03752  8.038265],[0.90889144 0.95316565 1.0154774  1.050955  ]
PATCHTST,C,3e-08,1,False,False,TDD,phase,10.0,[0.0086749  0.01367921 0.02208235 0.03576757],[0.00227409 0.0041565  0.00739039 0.01341954],[ 3.2320995  5.398119   8.054453  12.371986 ],[1.5840588 2.9103606 3.842905  5.4664955],[8.313383 8.309981 8.308033 8.304592],[0.13131951 0.13338389 0.13648048 0.1398758 ],[8.320241 8.321053 8.321877 8.322711],[0.1314964  0.13392694 0.13672413 0.13986447]
PATCHTST,C,3e-08,10,False,False,TDD,phase,10.0,[0.05756257 0.17939872 0.3636927  0.5064091 ],[0.05853905 0.19897233 0.40062073 0.47248116],[10.106917 28.7011   60.565136 97.027626],[ 7.2234426 23.645943  50.57465   77.157776 ],[8.185443  8.094361  7.9166646 7.631018 ],[0.4400157 0.5201842 0.7202961 1.1168146],[8.214156 8.200949 8.206897 8.228696],[0.43586653 0.47545165 0.5107417  0.53240734]
PATCHTST,C,3e-08,30,False,False,TDD,phase,10.0,[0.47873268 0.8364362  0.9781638  1.0127845 ],[0.44749755 0.5891506  0.5394693  0.42226952],[ 89.75709 177.60498 232.38335 250.84082],[ 71.39674  121.178085 141.98044  142.10167 ],[7.8006635 6.8095503 6.298877  5.8817334],[0.91384274 1.8363805  1.6951828  1.6397887 ],[8.26459   8.2423935 8.200481  8.146262 ],[0.59722245 0.63432664 0.6843038  0.7340101 ]
PATCHTST,C,1e-07,1,False,False,TDD,phase,10.0,[0.00852458 0.01246773 0.01968861 0.03379642],[0.0019255  0.0030292  0.00466185 0.00780137],[ 2.772922   4.3241096  6.8688703 11.580077 ],[0.9533438 1.737289  2.5385187 4.1383796],[8.281502 8.277598 8.273788 8.269238],[0.20092113 0.20294215 0.20545928 0.20798907],[8.287666  8.286729  8.285783  8.2848215],[0.20094848 0.20314613 0.20554835 0.20814276]
PATCHTST,C,1e-07,10,False,False,TDD,phase,10.0,[0.06219338 0.14378034 0.26340044 0.39674366],[0.04845097 0.09706377 0.15957081 0.2081512 ],[ 14.613303  35.739323  67.01754  103.692665],[11.305194 28.105474 51.39628  73.13427 ],[8.178904  8.092779  7.9369426 7.713147 ],[0.4126969  0.46612096 0.55446005 0.68750906],[8.228059 8.225114 8.221141 8.218307],[0.4063242  0.44373652 0.4743657  0.49637356]
PATCHTST,C,1e-07,30,False,False,TDD,phase,10.0,[0.35031605 0.57233274 0.764482   0.88386774],[0.2124207  0.27268794 0.28655937 0.2561629 ],[ 90.251   149.02133 203.8063  244.21574],[ 69.0328   94.02018 119.71288 130.87448],[7.8334727 7.323903  6.520589  6.169591 ],[0.68852574 0.9388723  1.4557891  1.4292065 ],[8.210542 8.202722 8.19268  8.180748],[0.5592177  0.55600965 0.5821842  0.64674735]
PATCHTST,C,3e-07,1,False,False,TDD,phase,10.0,[0.0271351  0.03539788 0.05175334 0.08129634],[0.01159932 0.0141401  0.01752421 0.02323474],[ 7.9495363 10.865364  16.403166  26.299099 ],[3.3942945 4.3815937 5.882817  8.471093 ],[8.289394 8.284305 8.2775   8.270138],[0.12775797 0.12903833 0.13078675 0.13267952],[8.30922  8.309395 8.309544 8.309666],[0.12782563 0.12907478 0.13059264 0.132371  ]
PATCHTST,C,3e-07,10,False,False,TDD,phase,10.0,[0.09351307 0.17709537 0.25782794 0.3837359 ],[0.05299694 0.09507896 0.12038051 0.14590818],[ 26.501219  51.369385  75.18044  114.51998 ],[17.720419 33.236774 42.98241  57.358753],[8.157063  8.066678  7.9498577 7.7943034],[0.35033688 0.40015173 0.46464726 0.5480549 ],[8.250104 8.243475 8.238306 8.233626],[0.33855358 0.37196392 0.40309045 0.43264046]
PATCHTST,C,3e-07,30,False,False,TDD,phase,10.0,[0.4173591  0.6787023  0.764039   0.87801176],[0.21421799 0.29095337 0.23540238 0.20469794],[126.84559 210.56471 239.0019  275.58688],[ 85.43755 129.79823 130.09995 133.44737],[7.6536098 6.871001  6.6477394 6.4287376],[0.758021  1.1782564 1.2127913 1.2624769],[8.243394  8.2595005 8.280929  8.2970915],[0.5275148  0.56576973 0.5995795  0.6289665 ]
PATCHTST,D,3e-08,1,False,False,TDD,phase,10.0,[0.00505714 0.00593117 0.00810265 0.01144578],[0.00103855 0.00144964 0.00205086 0.00315357],[1.5383259 1.8047247 2.4799247 3.5246353],[0.3507102  0.4677298  0.70965475 1.1334394 ],[8.310376 8.309029 8.308011 8.306272],[0.16918565 0.16952181 0.17001656 0.17048684],[8.314398 8.314319 8.314234 8.314145],[0.1689577  0.1692839  0.16965668 0.17007592]
PATCHTST,D,3e-08,10,False,False,TDD,phase,10.0,[0.0127552  0.02077553 0.03254497 0.04485173],[0.00699564 0.01332227 0.02046061 0.0251445 ],[ 3.9205651  6.3879423 10.047713  14.219723 ],[2.4323156 4.513901  6.8966365 9.456562 ],[8.305695 8.299707 8.292568 8.287157],[0.22141707 0.23262352 0.24331425 0.25327402],[8.316226 8.317209 8.319232 8.322231],[0.22064124 0.22971565 0.23861213 0.24789669]
PATCHTST,D,3e-08,30,False,False,TDD,phase,10.0,[0.05985182 0.08843012 0.12455517 0.15177383],[0.06703428 0.0876388  0.12962236 0.11752778],[17.649147 26.444212 36.930363 44.937817],[20.181107 28.397686 39.93473  38.629967],[8.246965  8.2142935 8.1798935 8.163216 ],[0.31973374 0.33845332 0.37332577 0.39742973],[8.279626 8.265633 8.254636 8.245803],[0.3149234  0.33140603 0.3475315  0.37491977]
PATCHTST,D,1e-07,1,False,False,TDD,phase,10.0,[0.01033129 0.011547   0.01454767 0.01873631],[0.00354749 0.00397609 0.00469581 0.00602916],[3.0905845 3.4642792 4.3762302 5.6683736],[1.0180694 1.1428661 1.360481  1.816802 ],[8.298699 8.29739  8.296187 8.294255],[0.04654451 0.04791626 0.04944665 0.05091687],[8.30858  8.308749 8.308917 8.309082],[0.04570846 0.04691132 0.04821616 0.04961289]
PATCHTST,D,1e-07,10,False,False,TDD,phase,10.0,[0.02331879 0.03246016 0.04367317 0.05656065],[0.01213795 0.01721891 0.02380309 0.02659333],[ 6.944961  9.688923 13.176482 17.30618 ],[3.8362772 5.428934  7.847092  9.168384 ],[8.281461 8.274701 8.266707 8.258856],[0.14546815 0.16441931 0.18270253 0.19968407],[8.302197 8.302738 8.303449 8.304353],[0.14413556 0.16243479 0.18018848 0.19722274]
PATCHTST,D,1e-07,30,False,False,TDD,phase,10.0,[0.05758732 0.07890049 0.10287422 0.1393587 ],[0.05209965 0.07256631 0.08945772 0.09369235],[17.860271 24.940659 32.53052  43.970444],[16.6877   24.724308 30.315615 34.065075],[8.26872  8.260598 8.250927 8.234655],[0.29197198 0.3217458  0.3502366  0.37531692],[8.307436 8.310596 8.312113 8.31137 ],[0.28931206 0.31602684 0.33770058 0.35521185]
PATCHTST,D,3e-07,1,False,False,TDD,phase,10.0,[0.03000533 0.03169546 0.03480341 0.03849393],[0.01187266 0.01234781 0.01287784 0.01399047],[ 8.895544   9.402519  10.342796  11.4660425],[3.4966855 3.632897  3.7907422 4.1215086],[8.278136 8.276322 8.274846 8.273107],[0.02809086 0.02976105 0.03152444 0.0333413 ],[8.304571 8.304598 8.304624 8.304644],[0.02125929 0.02278931 0.02444145 0.02619203]
PATCHTST,D,3e-07,10,False,False,TDD,phase,10.0,[0.03994689 0.04568709 0.0506609  0.05709876],[0.01815918 0.01954193 0.02060275 0.02192114],[11.840676 13.610622 15.183422 17.351744],[5.4236856 6.017721  6.670733  7.6767344],[8.257031 8.252227 8.249298 8.2462  ],[0.13845602 0.15722987 0.17618848 0.1947377 ],[8.291802 8.291453 8.291422 8.291797],[0.13622427 0.15536554 0.17447104 0.193445  ]
PATCHTST,D,3e-07,30,False,False,TDD,phase,10.0,[0.06607423 0.0884601  0.10700587 0.1331616 ],[0.04757755 0.08117237 0.0827848  0.08726667],[20.52276  27.432907 33.555004 41.77215 ],[17.1137   29.386934 30.506836 33.43585 ],[8.272602 8.258966 8.240332 8.224257],[0.26280808 0.29371244 0.3280476  0.3539813 ],[8.314291 8.305841 8.296564 8.287483],[0.25759736 0.28634158 0.31637365 0.34177953]
PATCHTST,A,3e-08,1,False,False,TDD,phase,15.0,[0.0030525  0.00569843 0.00974721 0.01807649],[0.00178267 0.00332418 0.00569111 0.01069272],[1.2968632 2.633557  4.2689614 7.5295687],[1.2787962 2.471566  3.7102098 5.9929814],[8.327685 8.324034 8.321673 8.318075],[0.18926041 0.19327284 0.19813594 0.20327094],[8.330993 8.329849 8.328677 8.327478],[0.19007084 0.19461922 0.19951843 0.20474008]
PATCHTST,A,3e-08,10,False,False,TDD,phase,15.0,[0.0263554  0.08061495 0.15265223 0.25079587],[0.02785827 0.07776042 0.13800742 0.31252742],[ 5.2195168 15.091111  30.305693  49.763012 ],[ 4.842861 12.645223 23.006681 36.86918 ],[8.1914   8.168601 8.130691 8.077527],[0.5502361  0.61726195 0.692397   0.78447735],[8.202797 8.202787 8.20477  8.210616],[0.5486622  0.603959   0.65337497 0.69756156]
PATCHTST,A,3e-08,30,False,False,TDD,phase,15.0,[0.23231015 0.45584115 0.71627444 0.91714555],[0.21694489 0.3398414  0.62773657 0.7652058 ],[ 40.724308  85.73323  142.50645  189.6584  ],[ 55.385914  91.6474   130.17427  166.4938  ],[7.825451  7.631433  7.3506665 7.063871 ],[0.9913236 1.2205197 1.3517556 1.453483 ],[7.9305916 7.937528  7.938669  7.9467754],[0.94080913 0.97129947 1.0151565  1.0446168 ]
PATCHTST,A,1e-07,1,False,False,TDD,phase,15.0,[0.00459006 0.00744973 0.01266961 0.02291618],[0.00171625 0.00318732 0.00566051 0.01018328],[1.6822686 3.1016355 5.248646  9.579637 ],[1.3415657 2.785891  4.5270567 7.8207536],[8.259283 8.257987 8.257343 8.255931],[0.51428723 0.5140719  0.5145218  0.5149006 ],[8.262489 8.263346 8.264196 8.265036],[0.5146195  0.5150341  0.5156064  0.51633507]
PATCHTST,A,1e-07,10,False,False,TDD,phase,15.0,[0.02658498 0.07239151 0.14234105 0.2197339 ],[0.02463508 0.06700045 0.12900594 0.15700448],[ 5.319891 15.260626 31.726973 56.82151 ],[ 4.6325536 14.80643   29.423952  54.255917 ],[8.13049   8.110536  8.072763  8.0222435],[0.62515414 0.674662   0.73299444 0.7872435 ],[8.144523 8.146372 8.146507 8.145758],[0.6222944 0.6648694 0.7096781 0.7541992]
PATCHTST,A,1e-07,30,False,False,TDD,phase,15.0,[0.2100732  0.47151098 0.64333534 0.8409938 ],[0.1852635  0.8206197  0.40249753 0.41599026],[ 57.590958 105.13575  167.60262  213.6504  ],[ 73.47286 114.21352 167.14334 189.38774],[7.950668  7.7252436 7.313451  6.7720375],[0.9901894 1.1517467 1.3955286 1.5885828],[8.072836  8.0405245 7.9876432 7.931781 ],[0.9680374 1.0242085 1.0625325 1.0865595]
PATCHTST,A,3e-07,1,False,False,TDD,phase,15.0,[0.01160439 0.01843019 0.03342006 0.05700726],[0.00294878 0.00491495 0.00837415 0.01515261],[ 3.74704    6.4700837 12.010094  20.214258 ],[1.4524285 2.8864765 5.2141285 8.881964 ],[8.208374 8.206908 8.204966 8.204816],[0.35357785 0.35423335 0.35535377 0.35672927],[8.213685 8.214922 8.216152 8.217376],[0.35320455 0.35431996 0.3555505  0.35689354]
PATCHTST,A,3e-07,10,False,False,TDD,phase,15.0,[0.05211408 0.11127731 0.18156971 0.2879558 ],[0.03528159 0.06970542 0.10056755 0.1565681 ],[13.672968 30.803944 50.96067  85.16887 ],[10.417415 24.799496 37.010548 64.06775 ],[8.136022 8.102469 8.050821 7.966697],[0.6303027  0.691478   0.76294667 0.8396718 ],[8.171758 8.174995 8.178912 8.18387 ],[0.61714435 0.66222095 0.70273554 0.73701555]
PATCHTST,A,3e-07,30,False,False,TDD,phase,15.0,[0.3115103 0.5452471 0.743091  0.9200338],[0.2034925  0.29332864 0.4310278  0.53353685],[ 98.65962 162.03192 204.42178 253.35957],[101.39374 152.39374 171.43652 191.87541],[7.771107  7.503183  7.2694044 6.9512677],[1.0276275 1.1784484 1.415639  1.5333898],[8.039328 8.043646 8.03752  8.038265],[0.90889144 0.95316565 1.0154774  1.050955  ]
PATCHTST,C,3e-08,1,False,False,TDD,phase,15.0,[0.00474369 0.00861579 0.01526581 0.02676525],[0.0019904  0.00362878 0.00674181 0.0128994 ],[1.893842  3.7474747 6.0267787 9.797918 ],[1.3727208 2.6077404 3.6464906 5.332277 ],[8.315039  8.311694  8.3099785 8.307091 ],[0.13130996 0.13341513 0.1363581  0.13934566],[8.320241 8.321053 8.321877 8.322711],[0.1314964  0.13392694 0.13672413 0.13986447]
PATCHTST,C,3e-08,10,False,False,TDD,phase,15.0,[0.05106933 0.17501402 0.3579221  0.5152234 ],[0.05897519 0.21108669 0.4070492  0.51776785],[ 8.284665 26.54771  58.011932 94.76817 ],[ 6.87727 23.46308 50.90412 77.91225],[8.187615  8.0968    7.920118  7.6384306],[0.4397706  0.52047664 0.7219781  1.1165178 ],[8.214156 8.200949 8.206897 8.228696],[0.43586653 0.47545165 0.5107417  0.53240734]
PATCHTST,C,3e-08,30,False,False,TDD,phase,15.0,[0.48339218 0.8437828  0.9921047  1.0221996 ],[0.47348794 0.60253006 0.5652639  0.42857793],[ 88.13028 176.807   232.1098  250.86093],[ 71.77446 121.92255 142.39362 142.26877],[7.8023853 6.8212457 6.309246  5.9119844],[0.9130585 1.8237174 1.6774805 1.5915482],[8.26459   8.2423935 8.200481  8.146262 ],[0.59722245 0.63432664 0.6843038  0.7340101 ]
PATCHTST,C,1e-07,1,False,False,TDD,phase,15.0,[0.00490684 0.00803249 0.01376288 0.02564372],[0.00161706 0.00258284 0.00429315 0.00773172],[1.5195227 2.7752802 4.934852  9.077884 ],[0.68432945 1.3875949  2.2156463  3.9003232 ],[8.28352  8.279964 8.276499 8.27248 ],[0.20083845 0.20274577 0.20516947 0.20777483],[8.287666  8.286729  8.285783  8.2848215],[0.20094848 0.20314613 0.20554835 0.20814276]
PATCHTST,C,1e-07,10,False,False,TDD,phase,15.0,[0.05670042 0.13699235 0.2575044  0.39256886],[0.04709539 0.09553439 0.15990114 0.21059301],[ 12.939398  33.57709   64.76923  101.74844 ],[10.58042  27.433268 50.827    72.8207  ],[8.18205   8.097385  7.942308  7.7199254],[0.41199034 0.4652814  0.5513948  0.6824924 ],[8.228059 8.225114 8.221141 8.218307],[0.4063242  0.44373652 0.4743657  0.49637356]
PATCHTST,C,1e-07,30,False,False,TDD,phase,15.0,[0.3469462 0.5703722 0.7655867 0.8856082],[0.21481003 0.27664113 0.29294664 0.27004743],[ 88.801865 147.94188  203.31935  243.62073 ],[ 68.8125    94.549126 120.0632   131.1659  ],[7.837129  7.3315735 6.5313544 6.195676 ],[0.68857646 0.9362132  1.4242294  1.413535  ],[8.210542 8.202722 8.19268  8.180748],[0.5592177  0.55600965 0.5821842  0.64674735]
PATCHTST,C,3e-07,1,False,False,TDD,phase,15.0,[0.02121841 0.02898898 0.04416831 0.071771  ],[0.01092918 0.0133803  0.01691915 0.02302077],[ 6.099016  8.803679 13.996958 23.328938],[3.1391902 4.0926137 5.62419   8.281794 ],[8.291582 8.286897 8.28063  8.273617],[0.1276172  0.12896872 0.13066147 0.13252749],[8.30922  8.309395 8.309544 8.309666],[0.12782563 0.12907478 0.13059264 0.132371  ]
PATCHTST,C,3e-07,10,False,False,TDD,phase,15.0,[0.08749283 0.1701609  0.25216785 0.37972277],[0.05202141 0.09437711 0.12026305 0.14694323],[ 24.525803  49.21936   73.41274  113.373116],[17.012451 32.744602 42.70178  57.5639  ],[8.16118   8.071634  7.9555845 7.8015456],[0.3499768  0.3994344  0.46444744 0.5486949 ],[8.250104 8.243475 8.238306 8.233626],[0.33855358 0.37196392 0.40309045 0.43264046]
PATCHTST,C,3e-07,30,False,False,TDD,phase,15.0,[0.4140149  0.67789763 0.76357025 0.88009816],[0.21581617 0.29650876 0.23878774 0.20814116],[125.90505 210.05649 238.63092 275.57364],[ 86.45195 130.98091 130.76704 133.60152],[7.6569605 6.880057  6.643446  6.4475355],[0.75469893 1.1835797  1.2223645  1.2540841 ],[8.243394  8.2595005 8.280929  8.2970915],[0.5275148  0.56576973 0.5995795  0.6289665 ]
PATCHTST,D,3e-08,1,False,False,TDD,phase,15.0,[0.00239399 0.00322128 0.00462286 0.00705666],[0.00097047 0.00133624 0.00178035 0.00292757],[0.70471877 0.943057   1.3877864  2.1540306 ],[0.2554251  0.34563008 0.51137877 0.9143248 ],[8.312019 8.311072 8.310335 8.308813],[0.16916396 0.16951898 0.16994835 0.17045708],[8.314398 8.314319 8.314234 8.314145],[0.1689577  0.1692839  0.16965668 0.17007592]
PATCHTST,D,3e-08,10,False,False,TDD,phase,15.0,[0.00993414 0.01772963 0.02881519 0.04027963],[0.00666858 0.01301684 0.02088661 0.02569541],[ 2.9862738  5.350691   8.7311125 12.7084055],[2.1388378 4.1260457 6.5132003 9.2718525],[8.307967 8.302676 8.296331 8.291444],[0.2213825  0.23245691 0.24344555 0.2536469 ],[8.316226 8.317209 8.319232 8.322231],[0.22064124 0.22971565 0.23861213 0.24789669]
PATCHTST,D,3e-08,30,False,False,TDD,phase,15.0,[0.0572452  0.08585126 0.12093084 0.14891776],[0.0658798  0.08823328 0.1297988  0.11890405],[16.767214 25.505285 35.66802  43.99611 ],[19.669834 28.399569 39.58272  38.508274],[8.248964 8.21703  8.184286 8.16883 ],[0.3196918  0.33805683 0.3725821  0.39695743],[8.279626 8.265633 8.254636 8.245803],[0.3149234  0.33140603 0.3475315  0.37491977]
PATCHTST,D,1e-07,1,False,False,TDD,phase,15.0,[0.00749101 0.00862669 0.01079872 0.01405064],[0.00338349 0.0036848  0.00427939 0.00537085],[2.2214355 2.5626361 3.2307127 4.243079 ],[0.96529627 1.0497246  1.2296968  1.6100286 ],[8.300431  8.299538  8.298627  8.2970495],[0.04658327 0.04796574 0.04945593 0.05098276],[8.30858  8.308749 8.308917 8.309082],[0.04570846 0.04691132 0.04821616 0.04961289]
PATCHTST,D,1e-07,10,False,False,TDD,phase,15.0,[0.02031049 0.02908333 0.03953164 0.05178351],[0.01157409 0.01662073 0.02307771 0.02621301],[ 6.003071  8.608891 11.850773 15.805   ],[3.594417 5.151648 7.493209 8.944211],[8.284003 8.277847 8.270703 8.263416],[0.14522836 0.16436966 0.1825631  0.19964205],[8.302197 8.302738 8.303449 8.304353],[0.14413556 0.16243479 0.18018848 0.19722274]
PATCHTST,D,1e-07,30,False,False,TDD,phase,15.0,[0.05450403 0.07493208 0.09829663 0.13574247],[0.05113288 0.07153352 0.08790271 0.09431148],[16.832787 23.614117 31.028765 42.742176],[16.24746  24.206589 29.671522 33.860847],[8.270945 8.263699 8.254816 8.239984],[0.29172948 0.32128206 0.34954455 0.37449834],[8.307436 8.310596 8.312113 8.31137 ],[0.28931206 0.31602684 0.33770058 0.35521185]
PATCHTST,D,3e-07,1,False,False,TDD,phase,15.0,[0.02704431 0.02867794 0.03102773 0.03383161],[0.01182377 0.0122647  0.01286754 0.01370982],[ 7.9952283  8.482118   9.195853  10.055918 ],[3.4842544 3.611846  3.7903602 4.0451655],[8.279906 8.27849  8.277373 8.276001],[0.02805443 0.02978635 0.03160333 0.03334773],[8.304571 8.304598 8.304624 8.304644],[0.02125929 0.02278931 0.02444145 0.02619203]
PATCHTST,D,3e-07,10,False,False,TDD,phase,15.0,[0.03744398 0.04288152 0.04701756 0.05255859],[0.01813954 0.0197564  0.02054911 0.02225899],[11.063177  12.731104  14.0483055 15.947123 ],[5.3811555 6.0101943 6.5432186 7.634225 ],[8.259418 8.255516 8.253221 8.250674],[0.13834068 0.15702456 0.17600608 0.19451071],[8.291802 8.291453 8.291422 8.291797],[0.13622427 0.15536554 0.17447104 0.193445  ]
PATCHTST,D,3e-07,30,False,False,TDD,phase,15.0,[0.06283664 0.08447279 0.10321856 0.12950629],[0.04640199 0.079207   0.0820014  0.08669349],[19.474445 26.157377 32.316357 40.698746],[16.66466  28.794796 30.118341 33.50739 ],[8.274984 8.262046 8.244172 8.229002],[0.26268548 0.29317042 0.32784295 0.35346994],[8.314291 8.305841 8.296564 8.287483],[0.25759736 0.28634158 0.31637365 0.34177953]
PATCHTST,A,3e-08,1,False,False,TDD,phase,20.0,[0.00242886 0.00470745 0.00822211 0.01592506],[0.00161432 0.0029857  0.00520819 0.01016567],[1.0302594 2.2490559 3.7588334 6.8577795],[1.1494054 2.2896683 3.5250032 5.8272133],[8.3282585 8.324717  8.322456  8.318907 ],[0.18924893 0.19329916 0.1981065  0.20324837],[8.330993 8.329849 8.328677 8.327478],[0.19007084 0.19461922 0.19951843 0.20474008]
PATCHTST,A,3e-08,10,False,False,TDD,phase,20.0,[0.02452528 0.07678137 0.14856036 0.2460925 ],[0.02691755 0.07555982 0.13893369 0.31631276],[ 4.7197523 14.247132  29.19477   48.647026 ],[ 4.680288  12.4776745 22.692015  36.50381  ],[8.192205 8.170392 8.133297 8.080701],[0.5501641  0.61670005 0.6914777  0.78230643],[8.202797 8.202787 8.20477  8.210616],[0.5486622  0.603959   0.65337497 0.69756156]
PATCHTST,A,3e-08,30,False,False,TDD,phase,20.0,[0.23135568 0.456898   0.71188223 0.9172275 ],[0.21629004 0.34275618 0.61534077 0.7599059 ],[ 40.153915  85.01025  142.01073  189.55261 ],[ 55.174072  91.52708  130.1365   166.20802 ],[7.826154  7.633083  7.3529406 7.056424 ],[0.9903078 1.2204205 1.3427168 1.4651031],[7.9305916 7.937528  7.938669  7.9467754],[0.94080913 0.97129947 1.0151565  1.0446168 ]
PATCHTST,A,1e-07,1,False,False,TDD,phase,20.0,[0.0040327  0.00659601 0.01127963 0.02066577],[0.00167737 0.00298058 0.00536115 0.00996648],[1.4157501 2.7207818 4.729202  8.824135 ],[1.17893   2.534526  4.2594852 7.5507083],[8.259919 8.258759 8.25821  8.256999],[0.51420426 0.51397586 0.5143338  0.51469356],[8.262489 8.263346 8.264196 8.265036],[0.5146195  0.5150341  0.5156064  0.51633507]
PATCHTST,A,1e-07,10,False,False,TDD,phase,20.0,[0.02555745 0.07051322 0.14081602 0.21653834],[0.02496245 0.06862159 0.13751704 0.15863691],[ 5.004353 14.633497 30.811478 55.908585],[ 4.456655 14.666831 29.12041  54.041473],[8.131381 8.111865 8.074736 8.02484 ],[0.62497413 0.67427206 0.73252887 0.7860895 ],[8.144523 8.146372 8.146507 8.145758],[0.6222944 0.6648694 0.7096781 0.7541992]
PATCHTST,A,1e-07,30,False,False,TDD,phase,20.0,[0.2094738  0.47192505 0.6445614  0.84165406],[0.18696919 0.8332426  0.41051608 0.4148468 ],[ 57.31006 104.67794 167.23947 213.48279],[ 73.783646 114.5115   167.32787  189.59282 ],[7.9505477 7.7251043 7.3156195 6.7787523],[0.98986983 1.1525626  1.3913014  1.5845215 ],[8.072836  8.0405245 7.9876432 7.931781 ],[0.9680374 1.0242085 1.0625325 1.0865595]
PATCHTST,A,3e-07,1,False,False,TDD,phase,20.0,[0.01031214 0.01683533 0.03130627 0.05425346],[0.00290562 0.00483357 0.00839191 0.01530806],[ 3.323699   5.9307904 11.307176  19.329811 ],[1.3709836 2.7611804 5.0838404 8.762078 ],[8.209099 8.207791 8.206059 8.206114],[0.3534682  0.35416088 0.35524005 0.35664803],[8.213685 8.214922 8.216152 8.217376],[0.35320455 0.35431996 0.3555505  0.35689354]
PATCHTST,A,3e-07,10,False,False,TDD,phase,20.0,[0.05097437 0.10981392 0.17993745 0.28695258],[0.03552925 0.06983417 0.10127874 0.15859127],[13.178371 30.132235 50.220005 84.578156],[10.256544 24.585009 36.831654 64.15319 ],[8.137108  8.103828  8.052256  7.9685073],[0.6299805  0.6914662  0.763026   0.84013987],[8.171758 8.174995 8.178912 8.18387 ],[0.61714435 0.66222095 0.70273554 0.73701555]
PATCHTST,A,3e-07,30,False,False,TDD,phase,20.0,[0.31101403 0.54529077 0.7439426  0.9201612 ],[0.20486501 0.29624316 0.43703738 0.538604  ],[ 98.49554 161.86124 204.11961 253.16154],[101.84902 152.96349 171.4097  191.95369],[7.7721295 7.5041904 7.2704573 6.953506 ],[1.0261714 1.1764247 1.4144014 1.5358056],[8.039328 8.043646 8.03752  8.038265],[0.90889144 0.95316565 1.0154774  1.050955  ]
PATCHTST,C,3e-08,1,False,False,TDD,phase,20.0,[0.00400816 0.00745506 0.01354071 0.02440187],[0.00186736 0.00347037 0.00655014 0.01279019],[1.5923728 3.3025622 5.4547977 9.0602865],[1.2875363 2.4881773 3.512251  5.1926727],[8.315536 8.312376 8.31072  8.307979],[0.13126342 0.13331144 0.13625358 0.13934863],[8.320241 8.321053 8.321877 8.322711],[0.1314964  0.13392694 0.13672413 0.13986447]
PATCHTST,C,3e-08,10,False,False,TDD,phase,20.0,[0.0491951  0.17261952 0.35786426 0.51606584],[0.05768131 0.21124148 0.4168626  0.5230834 ],[ 7.7993536 25.866676  57.38998   94.327034 ],[ 6.680637 23.456232 51.201374 78.4613  ],[8.1884775 8.098349  7.920406  7.636864 ],[0.43945378 0.5195355  0.7231598  1.1211559 ],[8.214156 8.200949 8.206897 8.228696],[0.43586653 0.47545165 0.5107417  0.53240734]
PATCHTST,C,3e-08,30,False,False,TDD,phase,20.0,[0.48605084 0.84705144 0.9920076  1.0250546 ],[0.47961313 0.61033803 0.5614635  0.44022077],[ 87.780754 176.52553  232.05771  250.66275 ],[ 71.71795 122.38055 142.91988 142.28477],[7.802411  6.8222117 6.3193974 5.9174657],[0.91171515 1.8274785  1.6751106  1.599836  ],[8.26459   8.2423935 8.200481  8.146262 ],[0.59722245 0.63432664 0.6843038  0.7340101 ]
PATCHTST,C,1e-07,1,False,False,TDD,phase,20.0,[0.0041708  0.00691795 0.01209394 0.02312103],[0.00156935 0.00250176 0.00423339 0.00775929],[1.239323  2.3738766 4.3841343 8.313714 ],[0.6092186 1.2881113 2.124869  3.8184605],[8.284128 8.280767 8.277443 8.273655],[0.20078798 0.20269564 0.20510624 0.20773706],[8.287666  8.286729  8.285783  8.2848215],[0.20094848 0.20314613 0.20554835 0.20814276]
PATCHTST,C,1e-07,10,False,False,TDD,phase,20.0,[0.05542808 0.13597837 0.2564641  0.39176503],[0.04688855 0.09598237 0.16121246 0.21124   ],[ 12.496831  33.139965  64.39868  101.50049 ],[10.447403 27.445496 51.31644  73.35825 ],[8.182919  8.098062  7.9423327 7.719728 ],[0.41164586 0.46466374 0.55072176 0.68205   ],[8.228059 8.225114 8.221141 8.218307],[0.4063242  0.44373652 0.4743657  0.49637356]
PATCHTST,C,1e-07,30,False,False,TDD,phase,20.0,[0.34615317 0.5695205  0.76574945 0.8860215 ],[0.21647808 0.27738634 0.29650083 0.27026135],[ 88.476295 147.66968  203.1675   243.48097 ],[ 69.17976  94.87115 120.32974 131.4577 ],[7.836881  7.3298283 6.5348015 6.203947 ],[0.68900055 0.9376933  1.4213302  1.4074033 ],[8.210542 8.202722 8.19268  8.180748],[0.5592177  0.55600965 0.5821842  0.64674735]
PATCHTST,C,3e-07,1,False,False,TDD,phase,20.0,[0.01976542 0.02736834 0.04218759 0.06918997],[0.01071086 0.01320364 0.01672937 0.02293373],[ 5.625624  8.259948 13.342147 22.51148 ],[3.052505 4.01551  5.535952 8.216092],[8.292297 8.287761 8.281627 8.27489 ],[0.12763534 0.12900575 0.13069238 0.13261585],[8.30922  8.309395 8.309544 8.309666],[0.12782563 0.12907478 0.13059264 0.132371  ]
PATCHTST,C,3e-07,10,False,False,TDD,phase,20.0,[0.08577565 0.16781312 0.25014955 0.37855205],[0.05157686 0.09377069 0.11979138 0.14690918],[ 23.940136  48.48294   72.799904 113.07056 ],[16.82669  32.577126 42.611023 57.65471 ],[8.16254   8.073671  7.957408  7.8027024],[0.3495642  0.39883426 0.46389294 0.54772794],[8.250104 8.243475 8.238306 8.233626],[0.33855358 0.37196392 0.40309045 0.43264046]
PATCHTST,C,3e-07,30,False,False,TDD,phase,20.0,[0.4123489  0.67740804 0.7626567  0.87954473],[0.21633872 0.29796383 0.23985742 0.20957462],[125.56242 209.91956 238.36421 275.30716],[ 86.90175 131.35783 130.99908 133.64415],[7.657052  6.880489  6.647134  6.4492803],[0.7546673 1.1874613 1.2169561 1.2545447],[8.243394  8.2595005 8.280929  8.2970915],[0.5275148  0.56576973 0.5995795  0.6289665 ]
PATCHTST,D,3e-08,1,False,False,TDD,phase,20.0,[0.00191702 0.00271876 0.0038717  0.00596565],[0.00095532 0.0012838  0.00169577 0.00275765],[0.55241406 0.77957594 1.145707   1.8061533 ],[0.24712968 0.32044432 0.45915148 0.81955904],[8.312556 8.311723 8.311092 8.309738],[0.16914701 0.16952062 0.16996427 0.17051077],[8.314398 8.314319 8.314234 8.314145],[0.1689577  0.1692839  0.16965668 0.17007592]
PATCHTST,D,3e-08,10,False,False,TDD,phase,20.0,[0.00941123 0.01703476 0.02786147 0.03907907],[0.00665479 0.01303384 0.02095833 0.02557258],[ 2.7903814  5.091512   8.3846855 12.3030815],[2.0403173 4.0023594 6.4113493 9.230886 ],[8.308615 8.303526 8.297413 8.292734],[0.22152667 0.23260528 0.24343415 0.253312  ],[8.316226 8.317209 8.319232 8.322231],[0.22064124 0.22971565 0.23861213 0.24789669]
PATCHTST,D,3e-08,30,False,False,TDD,phase,20.0,[0.05654721 0.08520233 0.11969917 0.14795578],[0.06572773 0.08849236 0.12925713 0.11930694],[16.508955 25.233154 35.256657 43.667416],[19.530525 28.341627 39.382633 38.45451 ],[8.249527 8.218097 8.185875 8.170333],[0.31967792 0.33821437 0.3722232  0.3969627 ],[8.279626 8.265633 8.254636 8.245803],[0.3149234  0.33140603 0.3475315  0.37491977]
PATCHTST,D,1e-07,1,False,False,TDD,phase,20.0,[0.00696074 0.00804181 0.00998868 0.01294794],[0.00335077 0.00365117 0.00421596 0.00529179],[2.057992  2.3799949 2.980827  3.9055228],[0.955893  1.0394105 1.2086594 1.5813372],[8.300989 8.300231 8.299416 8.297932],[0.04659205 0.04797791 0.0494937  0.05103124],[8.30858  8.308749 8.308917 8.309082],[0.04570846 0.04691132 0.04821616 0.04961289]
PATCHTST,D,1e-07,10,False,False,TDD,phase,20.0,[0.01976291 0.02836959 0.03851632 0.05058955],[0.01139655 0.01634037 0.0228102  0.0261598 ],[ 5.8223686  8.374521  11.523266  15.412638 ],[3.5181713 5.0436954 7.3678885 8.871315 ],[8.284724 8.278735 8.271816 8.264743],[0.14521368 0.16436988 0.18254296 0.1996934 ],[8.302197 8.302738 8.303449 8.304353],[0.14413556 0.16243479 0.18018848 0.19722274]
PATCHTST,D,1e-07,30,False,False,TDD,phase,20.0,[0.05388178 0.07398359 0.09686347 0.1342227 ],[0.05122042 0.07144783 0.08724678 0.09379692],[16.604095 23.28594  30.554365 42.26838 ],[16.24482  24.155205 29.439676 33.708313],[8.27167  8.264717 8.256301 8.242063],[0.29167297 0.32101914 0.34904012 0.3734157 ],[8.307436 8.310596 8.312113 8.31137 ],[0.28931206 0.31602684 0.33770058 0.35521185]
PATCHTST,D,3e-07,1,False,False,TDD,phase,20.0,[0.02649611 0.02806629 0.03020407 0.03274945],[0.01178473 0.01219149 0.0127748  0.013621  ],[7.826403 8.292347 8.942412 9.724479],[3.4727776 3.590858  3.7622364 4.017248 ],[8.280424 8.279153 8.278113 8.276854],[0.02806079 0.02976947 0.03155139 0.03331769],[8.304571 8.304598 8.304624 8.304644],[0.02125929 0.02278931 0.02444145 0.02619203]
PATCHTST,D,3e-07,10,False,False,TDD,phase,20.0,[0.03703687 0.04229784 0.04610357 0.05121356],[0.01817965 0.01977441 0.02045953 0.02239417],[10.926371  12.5380335 13.754773  15.518815 ],[5.3812404 5.9878798 6.475613  7.6083236],[8.260123 8.256441 8.254365 8.251961],[0.13834131 0.15704235 0.17598286 0.1945405 ],[8.291802 8.291453 8.291422 8.291797],[0.13622427 0.15536554 0.17447104 0.193445  ]
PATCHTST,D,3e-07,30,False,False,TDD,phase,20.0,[0.06220845 0.08364179 0.10243016 0.12893681],[0.04611695 0.07895599 0.08176718 0.08706439],[19.26819  25.888996 32.04643  40.504234],[16.560862 28.761536 29.99288  33.59837 ],[8.275779 8.263082 8.245126 8.230338],[0.26258948 0.29319385 0.32788903 0.35341793],[8.314291 8.305841 8.296564 8.287483],[0.25759736 0.28634158 0.31637365 0.34177953]
PATCHTST,A,3e-08,1,False,False,TDD,phase,25.0,[0.00229652 0.0044423  0.00776891 0.01526828],[0.00159421 0.00293219 0.00510864 0.01007722],[0.9584566 2.1361694 3.6056528 6.6551585],[1.1074337 2.2390528 3.4697027 5.778886 ],[8.328443 8.324965 8.322718 8.319239],[0.1892569  0.19328208 0.19807383 0.2031798 ],[8.330993 8.329849 8.328677 8.327478],[0.19007084 0.19461922 0.19951843 0.20474008]
PATCHTST,A,3e-08,10,False,False,TDD,phase,25.0,[0.02423367 0.07633807 0.14806272 0.24881649],[0.02737514 0.07631966 0.14074326 0.33448672],[ 4.6092086 14.04677   28.950106  48.344425 ],[ 4.6523848 12.378789  22.62619   36.337776 ],[8.192356 8.170598 8.133575 8.081017],[0.55011266 0.6168069  0.6916639  0.78316075],[8.202797 8.202787 8.20477  8.210616],[0.5486622  0.603959   0.65337497 0.69756156]
PATCHTST,A,3e-08,30,False,False,TDD,phase,25.0,[0.23130259 0.4570388  0.71498275 0.91958916],[0.21696828 0.34437725 0.63111085 0.77009773],[ 39.99704  84.82614 141.84985 189.32426],[ 55.01365  91.41624 130.00531 166.0936 ],[7.8264003 7.633323  7.3560534 7.058143 ],[0.9901883 1.2215722 1.3379209 1.4654777],[7.9305916 7.937528  7.938669  7.9467754],[0.94080913 0.97129947 1.0151565  1.0446168 ]
PATCHTST,A,1e-07,1,False,False,TDD,phase,25.0,[0.00390968 0.00637859 0.01088501 0.02003308],[0.00166265 0.00293595 0.00533108 0.01001614],[1.3502234 2.6258297 4.5975685 8.623113 ],[1.1318785 2.4893546 4.2210636 7.5154204],[8.260098 8.258997 8.258461 8.257289],[0.51415694 0.5139247  0.5142849  0.51459986],[8.262489 8.263346 8.264196 8.265036],[0.5146195  0.5150341  0.5156064  0.51633507]
PATCHTST,A,1e-07,10,False,False,TDD,phase,25.0,[0.02539319 0.06989267 0.13880582 0.21558651],[0.02507269 0.0682398  0.13078162 0.1579209 ],[ 4.930575 14.485818 30.63199  55.721867],[ 4.431289 14.653654 29.133955 54.113327],[8.131667 8.112301 8.075123 8.025318],[0.6248668  0.67406994 0.7322597  0.7858349 ],[8.144523 8.146372 8.146507 8.145758],[0.6222944 0.6648694 0.7096781 0.7541992]
PATCHTST,A,1e-07,30,False,False,TDD,phase,25.0,[0.20953    0.47316453 0.6440437  0.8410752 ],[0.18813396 0.8470096  0.4091111  0.414716  ],[ 57.272472 104.59746  167.07933  213.32234 ],[ 73.96899  114.613846 167.30258  189.49883 ],[7.9504867 7.7250066 7.3179474 6.7808547],[0.98935133 1.1528751  1.3897365  1.5820351 ],[8.072836  8.0405245 7.9876432 7.931781 ],[0.9680374 1.0242085 1.0625325 1.0865595]
PATCHTST,A,3e-07,1,False,False,TDD,phase,25.0,[0.00993335 0.01635467 0.03065916 0.05343606],[0.00289947 0.00481663 0.00840528 0.01538221],[ 3.1942015  5.76217   11.085117  19.068539 ],[1.348104 2.727259 5.041644 8.739191],[8.209327 8.208064 8.206385 8.206468],[0.35346794 0.35416824 0.35527572 0.35668454],[8.213685 8.214922 8.216152 8.217376],[0.35320455 0.35431996 0.3555505  0.35689354]
PATCHTST,A,3e-07,10,False,False,TDD,phase,25.0,[0.05065576 0.10943372 0.17971867 0.286699  ],[0.03555826 0.06985223 0.10173487 0.15881689],[13.044009 29.9697   50.053345 84.46109 ],[10.19529  24.550686 36.810856 64.16325 ],[8.137378  8.104327  8.052694  7.9689374],[0.6299162  0.69115704 0.76278836 0.8398647 ],[8.171758 8.174995 8.178912 8.18387 ],[0.61714435 0.66222095 0.70273554 0.73701555]
PATCHTST,A,3e-07,30,False,False,TDD,phase,25.0,[0.3110346  0.5455974  0.74448586 0.9205145 ],[0.20512043 0.29729855 0.43903244 0.5378528 ],[ 98.46422 161.8185  203.99985 253.12881],[102.06021 153.11877 171.29561 191.93144],[7.7718763 7.5045576 7.269293  6.956508 ],[1.0258462 1.1760464 1.416539  1.5355808],[8.039328 8.043646 8.03752  8.038265],[0.90889144 0.95316565 1.0154774  1.050955  ]
PATCHTST,C,3e-08,1,False,False,TDD,phase,25.0,[0.00382774 0.00712966 0.01305327 0.02371467],[0.00183911 0.00340415 0.00655628 0.01293345],[1.5044116 3.174289  5.307635  8.879919 ],[1.2478979 2.4331238 3.4949977 5.1794653],[8.315693 8.312555 8.31086  8.308108],[0.1312842  0.13338883 0.13629933 0.13941093],[8.320241 8.321053 8.321877 8.322711],[0.1314964  0.13392694 0.13672413 0.13986447]
PATCHTST,C,3e-08,10,False,False,TDD,phase,25.0,[0.04886974 0.17247035 0.3582785  0.5155848 ],[0.05846896 0.21302749 0.41880235 0.52147716],[ 7.666565 25.677525 57.163433 94.07946 ],[ 6.657793 23.396366 51.15329  78.36876 ],[8.188673  8.098603  7.92101   7.6373763],[0.43940789 0.5197452  0.72298604 1.1205902 ],[8.214156 8.200949 8.206897 8.228696],[0.43586653 0.47545165 0.5107417  0.53240734]
PATCHTST,C,3e-08,30,False,False,TDD,phase,25.0,[0.48696846 0.8477849  0.9912186  1.023744  ],[0.4809687  0.61085826 0.5607488  0.43857646],[ 87.553024 176.40843  231.81047  250.46945 ],[ 71.80506 122.42623 142.7428  142.24074],[7.8032722 6.8237214 6.320204  5.9174395],[0.9108903 1.8237921 1.6732585 1.5967786],[8.26459   8.2423935 8.200481  8.146262 ],[0.59722245 0.63432664 0.6843038  0.7340101 ]
PATCHTST,C,1e-07,1,False,False,TDD,phase,25.0,[0.00399854 0.00668432 0.01169146 0.02250482],[0.00153329 0.00246344 0.00415102 0.00771468],[1.174226  2.2938068 4.256021  8.144051 ],[0.5927702 1.2592651 2.0824723 3.814975 ],[8.284309 8.280959 8.277699 8.27389 ],[0.20075627 0.20267011 0.20506379 0.20764458],[8.287666  8.286729  8.285783  8.2848215],[0.20094848 0.20314613 0.20554835 0.20814276]
PATCHTST,C,1e-07,10,False,False,TDD,phase,25.0,[0.05489264 0.1352462  0.25565132 0.39145112],[0.04684542 0.09582278 0.16111188 0.21159431],[ 12.325749  32.921993  64.12175  101.31079 ],[10.362883 27.37977  51.21888  73.30358 ],[8.183378  8.098636  7.9433923 7.720882 ],[0.41164103 0.4646589  0.55043244 0.68112856],[8.228059 8.225114 8.221141 8.218307],[0.4063242  0.44373652 0.4743657  0.49637356]
PATCHTST,C,1e-07,30,False,False,TDD,phase,25.0,[0.34583175 0.56919056 0.76590234 0.8857733 ],[0.2164891  0.27810904 0.29796234 0.272004  ],[ 88.30695 147.54079 202.98103 243.38922],[ 69.12748  95.00216 120.28959 131.40099],[7.837542  7.3292885 6.536787  6.2040434],[0.6880487 0.9392905 1.4241269 1.4115759],[8.210542 8.202722 8.19268  8.180748],[0.5592177  0.55600965 0.5821842  0.64674735]
PATCHTST,C,3e-07,1,False,False,TDD,phase,25.0,[0.01938177 0.02692525 0.04164806 0.06841243],[0.01068839 0.01318456 0.01674671 0.02298431],[ 5.501462  8.111572 13.168862 22.270142],[3.040361  4.0024414 5.5340605 8.223155 ],[8.292512 8.288021 8.281881 8.275266],[0.12760897 0.12892792 0.13059306 0.1324609 ],[8.30922  8.309395 8.309544 8.309666],[0.12782563 0.12907478 0.13059264 0.132371  ]
PATCHTST,C,3e-07,10,False,False,TDD,phase,25.0,[0.08531822 0.1673935  0.24985972 0.3783659 ],[0.05150928 0.09383286 0.12005645 0.14733766],[ 23.779707  48.31442   72.68627  113.017784],[16.761318 32.53264  42.58668  57.685734],[8.162869  8.073877  7.9577556 7.8034124],[0.34975013 0.39913374 0.46419537 0.548189  ],[8.250104 8.243475 8.238306 8.233626],[0.33855358 0.37196392 0.40309045 0.43264046]
PATCHTST,C,3e-07,30,False,False,TDD,phase,25.0,[0.41225272 0.67740405 0.7626091  0.879575  ],[0.21691698 0.29870987 0.24042083 0.20971489],[125.51321 209.87611 238.3108  275.315  ],[ 87.05135 131.52534 131.13138 133.80473],[7.656609  6.8832445 6.6475854 6.4532747],[0.75559944 1.185752   1.21966    1.2539591 ],[8.243394  8.2595005 8.280929  8.2970915],[0.5275148  0.56576973 0.5995795  0.6289665 ]
PATCHTST,D,3e-08,1,False,False,TDD,phase,25.0,[0.00180942 0.00259758 0.00366294 0.00564996],[0.00096814 0.00129547 0.00168704 0.00273977],[0.51679826 0.73874635 1.0781392  1.7071619 ],[0.24653447 0.31864005 0.44707614 0.80986536],[8.312716 8.311924 8.311329 8.31    ],[0.16915639 0.16951881 0.16995744 0.1705205 ],[8.314398 8.314319 8.314234 8.314145],[0.1689577  0.1692839  0.16965668 0.17007592]
PATCHTST,D,3e-08,10,False,False,TDD,phase,25.0,[0.00926248 0.01686387 0.02766151 0.03880204],[0.00661214 0.01294054 0.02105552 0.02568287],[ 2.735152  5.024457  8.302922 12.20169 ],[1.9986571 3.947101  6.3969693 9.206917 ],[8.308835 8.303819 8.297724 8.293041],[0.2215161  0.23264737 0.24349818 0.2534752 ],[8.316226 8.317209 8.319232 8.322231],[0.22064124 0.22971565 0.23861213 0.24789669]
PATCHTST,D,3e-08,30,False,False,TDD,phase,25.0,[0.05631414 0.08493529 0.11934426 0.14766565],[0.06561161 0.08852471 0.12948292 0.11940966],[16.436666 25.143885 35.12369  43.549034],[19.51064  28.300594 39.303314 38.30308 ],[8.249775 8.218376 8.186274 8.170655],[0.319528   0.33815175 0.37236795 0.39703897],[8.279626 8.265633 8.254636 8.245803],[0.3149234  0.33140603 0.3475315  0.37491977]
PATCHTST,D,1e-07,1,False,False,TDD,phase,25.0,[0.00683653 0.00790028 0.00975272 0.01260286],[0.00334253 0.00363002 0.00418657 0.00522584],[2.0180435 2.333769  2.906736  3.798067 ],[0.95243   1.0316516 1.19825   1.5583824],[8.301153 8.300427 8.299644 8.298188],[0.04659826 0.04797562 0.04948187 0.05102218],[8.30858  8.308749 8.308917 8.309082],[0.04570846 0.04691132 0.04821616 0.04961289]
PATCHTST,D,1e-07,10,False,False,TDD,phase,25.0,[0.01962464 0.02820166 0.03826774 0.05033098],[0.01133662 0.01633257 0.02281489 0.02604067],[ 5.7750783  8.317679  11.440718  15.330433 ],[3.4890845 5.0360584 7.36511   8.837045 ],[8.284946 8.279013 8.27219  8.265087],[0.14522633 0.1643362  0.18248528 0.19964017],[8.302197 8.302738 8.303449 8.304353],[0.14413556 0.16243479 0.18018848 0.19722274]
PATCHTST,D,1e-07,30,False,False,TDD,phase,25.0,[0.05361784 0.07379494 0.09659836 0.13434264],[0.05100629 0.07130484 0.08701261 0.09398768],[16.51452  23.21349  30.455078 42.29789 ],[16.168123 24.08492  29.358282 33.797604],[8.271821 8.264911 8.256481 8.241947],[0.29167023 0.32117516 0.3491407  0.37376803],[8.307436 8.310596 8.312113 8.31137 ],[0.28931206 0.31602684 0.33770058 0.35521185]
PATCHTST,D,3e-07,1,False,False,TDD,phase,25.0,[0.02635791 0.02791366 0.02998165 0.03242466],[0.01177157 0.01217056 0.01274975 0.01359038],[7.783655 8.24448  8.873721 9.625119],[3.468891  3.5847762 3.7547534 4.00886  ],[8.280583 8.279345 8.278326 8.277086],[0.02805338 0.02976141 0.03156674 0.0333405 ],[8.304571 8.304598 8.304624 8.304644],[0.02125929 0.02278931 0.02444145 0.02619203]
PATCHTST,D,3e-07,10,False,False,TDD,phase,25.0,[0.03697354 0.0421582  0.04582813 0.05086938],[0.01817745 0.01981105 0.02046732 0.02239504],[10.904132 12.492915 13.665577 15.406944],[5.378151  5.9936414 6.464459  7.5857897],[8.260314 8.256716 8.254749 8.252393],[0.13832444 0.15702286 0.1760095  0.19458996],[8.291802 8.291453 8.291422 8.291797],[0.13622427 0.15536554 0.17447104 0.193445  ]
PATCHTST,D,3e-07,30,False,False,TDD,phase,25.0,[0.06201191 0.08348178 0.10211322 0.12877868],[0.04598938 0.0788947  0.08145808 0.0870266 ],[19.20381  25.832182 31.942556 40.464146],[16.511036 28.717241 29.855679 33.60419 ],[8.275901 8.263205 8.245471 8.230707],[0.26260963 0.29316762 0.32779923 0.3534668 ],[8.314291 8.305841 8.296564 8.287483],[0.25759736 0.28634158 0.31637365 0.34177953]
PATCHTST,A,3e-08,1,False,False,TDD,burst,10.0,[0.00793521 0.01216853 0.01653703 0.02617258],[0.0083166  0.01146699 0.01326364 0.01936792],[1.6071925 3.0336902 4.71761   8.091436 ],[1.2513655 2.5094514 3.7050939 6.0503016],[8.325516 8.321182 8.318295 8.31401 ],[0.18980081 0.19401024 0.19908823 0.20451063],[8.330993 8.329849 8.328677 8.327478],[0.19007084 0.19461922 0.19951843 0.20474008]
PATCHTST,A,3e-08,10,False,False,TDD,burst,10.0,[0.03203973 0.08996502 0.1650812  0.26870772],[0.03593321 0.09273902 0.16180089 0.3535741 ],[ 5.4584656 15.374372  30.762165  50.9321   ],[ 4.8970766 12.741841  23.342382  37.54473  ],[8.187869  8.1634445 8.1238365 8.067219 ],[0.5519073  0.6200539  0.6967651  0.79201967],[8.202797 8.202787 8.20477  8.210616],[0.5486622  0.603959   0.65337497 0.69756156]
PATCHTST,A,3e-08,30,False,False,TDD,burst,10.0,[0.24459314 0.47041535 0.7284317  0.92890066],[0.2345218  0.34704468 0.6768786  0.80168635],[ 40.987926  85.81957  142.9649   190.48662 ],[ 55.319458  91.60807  130.42879  166.5408  ],[7.8187413 7.6199036 7.349964  7.035511 ],[0.9965432 1.2378167 1.330791  1.491317 ],[7.9305916 7.937528  7.938669  7.9467754],[0.94080913 0.97129947 1.0151565  1.0446168 ]
PATCHTST,A,1e-07,1,False,False,TDD,burst,10.0,[0.00850371 0.01233113 0.01800956 0.02883269],[0.0071123  0.00900652 0.01087676 0.01379478],[1.8892815 3.3343182 5.532532  9.889776 ],[1.163994  2.4967427 4.2397246 7.565012 ],[8.25709  8.255197 8.253857 8.251733],[0.51583713 0.51616716 0.5169646  0.51788807],[8.262489 8.263346 8.264196 8.265036],[0.5146195  0.5150341  0.5156064  0.51633507]
PATCHTST,A,1e-07,10,False,False,TDD,burst,10.0,[0.03226532 0.07727402 0.14859307 0.2263246 ],[0.02871925 0.06358959 0.12785466 0.1548109 ],[ 5.7351375 15.878418  32.607086  58.32408  ],[ 4.4474244 14.903472  29.589878  54.726307 ],[8.126644 8.103744 8.062936 8.008832],[0.6282502  0.6794495  0.73938656 0.79553765],[8.144523 8.146372 8.146507 8.145758],[0.6222944 0.6648694 0.7096781 0.7541992]
PATCHTST,A,1e-07,30,False,False,TDD,burst,10.0,[0.21748851 0.48411235 0.651625   0.8495189 ],[0.18085742 0.84962416 0.4060706  0.4139974 ],[ 58.469044 106.21014  169.06339  215.52153 ],[ 74.12268 115.03509 168.00554 190.8654 ],[7.941154  7.710998  7.2889943 6.7377443],[0.99346215 1.1542406  1.4028858  1.6066893 ],[8.072836  8.0405245 7.9876432 7.931781 ],[0.9680374 1.0242085 1.0625325 1.0865595]
PATCHTST,A,3e-07,1,False,False,TDD,burst,10.0,[0.01299909 0.02029211 0.03566913 0.05907278],[0.00402321 0.00590788 0.0091048  0.01600161],[ 3.7982407  6.540132  12.092552  20.215605 ],[1.431667 2.793364 5.118954 8.867268],[8.205908 8.20381  8.201032 8.200197],[0.3547227  0.3558216  0.35733733 0.35884967],[8.213685 8.214922 8.216152 8.217376],[0.35320455 0.35431996 0.3555505  0.35689354]
PATCHTST,A,3e-07,10,False,False,TDD,burst,10.0,[0.0560888  0.11721941 0.18844248 0.2966403 ],[0.0364906  0.07258581 0.10367318 0.15981637],[13.940995 31.268517 51.80602  86.64456 ],[10.187127 24.790136 37.337215 64.83291 ],[8.132011  8.095858  8.040799  7.9533467],[0.6318259  0.69469815 0.76832014 0.84643763],[8.171758 8.174995 8.178912 8.18387 ],[0.61714435 0.66222095 0.70273554 0.73701555]
PATCHTST,A,3e-07,30,False,False,TDD,burst,10.0,[0.31662095 0.55008274 0.7508253  0.9264971 ],[0.2052047  0.2948971  0.44284093 0.54164714],[ 99.496086 162.84692  205.20506  254.36551 ],[102.13139 153.29143 171.4896  192.01607],[7.7613244 7.4868426 7.2397532 6.9139957],[1.0322623 1.1813567 1.4218512 1.5454603],[8.039328 8.043646 8.03752  8.038265],[0.90889144 0.95316565 1.0154774  1.050955  ]
PATCHTST,C,3e-08,1,False,False,TDD,burst,10.0,[0.01090929 0.01659152 0.02483493 0.03881533],[0.01031968 0.01460254 0.02400874 0.03573897],[ 2.108721   4.0434117  6.3983083 10.318338 ],[1.374124  2.6187181 3.6167831 5.299258 ],[8.313184  8.309346  8.3070965 8.303638 ],[0.13162984 0.13396734 0.13708375 0.14052296],[8.320241 8.321053 8.321877 8.322711],[0.1314964  0.13392694 0.13672413 0.13986447]
PATCHTST,C,3e-08,10,False,False,TDD,burst,10.0,[0.05935873 0.18586974 0.372097   0.5352575 ],[0.06094786 0.21510018 0.416604   0.52643985],[ 8.649316 27.179443 59.06241  96.45184 ],[ 6.7115993 23.423094  50.932926  77.94644  ],[8.183427  8.08963   7.9092927 7.62076  ],[0.44083196 0.52184206 0.72149134 1.12042   ],[8.214156 8.200949 8.206897 8.228696],[0.43586653 0.47545165 0.5107417  0.53240734]
PATCHTST,C,3e-08,30,False,False,TDD,burst,10.0,[0.48896682 0.84733534 0.99058294 1.0266578 ],[0.47955495 0.59945524 0.5526608  0.43626508],[ 88.301765 177.07426  232.42383  251.14865 ],[ 71.62757 121.73106 142.50555 142.72073],[7.8006396 6.803078  6.283833  5.8684473],[0.90928537 1.8382763  1.7042704  1.6312853 ],[8.26459   8.2423935 8.200481  8.146262 ],[0.59722245 0.63432664 0.6843038  0.7340101 ]
PATCHTST,C,1e-07,1,False,False,TDD,burst,10.0,[0.00812216 0.01225284 0.01861927 0.03097362],[0.00463996 0.00645249 0.00811079 0.01158087],[1.782434  3.1371853 5.363092  9.538663 ],[0.7393873 1.4343156 2.278939  4.0588036],[8.281436 8.27728  8.273172 8.26873 ],[0.20154752 0.20365994 0.20625749 0.20908149],[8.287666  8.286729  8.285783  8.2848215],[0.20094848 0.20314613 0.20554835 0.20814276]
PATCHTST,C,1e-07,10,False,False,TDD,burst,10.0,[0.06050323 0.14342402 0.26683253 0.40427268],[0.04675872 0.09594364 0.16247527 0.21185249],[ 13.285461  34.451916  66.174416 103.83378 ],[10.3817   27.418919 51.010033 72.720085],[8.178344  8.090035  7.92928   7.7009106],[0.41329893 0.46749097 0.55589014 0.68906   ],[8.228059 8.225114 8.221141 8.218307],[0.4063242  0.44373652 0.4743657  0.49637356]
PATCHTST,C,1e-07,30,False,False,TDD,burst,10.0,[0.3509103  0.5736616  0.77021754 0.88914037],[0.21757656 0.27800727 0.29354128 0.26816654],[ 89.35893 148.73383 203.99242 244.2323 ],[ 69.400444  95.50988  120.33447  130.672   ],[7.829169  7.3115296 6.5056734 6.1629944],[0.6900704  0.93991965 1.4470339  1.4302264 ],[8.210542 8.202722 8.19268  8.180748],[0.5592177  0.55600965 0.5821842  0.64674735]
PATCHTST,C,3e-07,1,False,False,TDD,burst,10.0,[0.02191389 0.03023508 0.04576215 0.07349402],[0.01101197 0.01355862 0.01713192 0.02330646],[ 6.0594177  8.853098  14.098719  23.423538 ],[3.1142154 4.1006417 5.689832  8.385318 ],[8.28999  8.285031 8.278296 8.270789],[0.1278553  0.12922236 0.13085611 0.13296194],[8.30922  8.309395 8.309544 8.309666],[0.12782563 0.12907478 0.13059264 0.132371  ]
PATCHTST,C,3e-07,10,False,False,TDD,burst,10.0,[0.08982503 0.17337088 0.25727257 0.38754883],[0.05212962 0.09393883 0.12068287 0.1488228 ],[ 24.776709  49.68677   74.43707  115.202705],[16.859537 32.59372  42.823513 58.065796],[8.157978  8.066352  7.946572  7.7862577],[0.3509168  0.40059277 0.46716937 0.5542919 ],[8.250104 8.243475 8.238306 8.233626],[0.33855358 0.37196392 0.40309045 0.43264046]
PATCHTST,C,3e-07,30,False,False,TDD,burst,10.0,[0.41768688 0.68127763 0.76568663 0.8825028 ],[0.217967   0.29841524 0.2384214  0.20786467],[126.81998 210.7542  239.07562 276.05722],[ 87.376595 131.85074  130.9043   133.5315  ],[7.643494  6.8759046 6.6170697 6.433419 ],[0.7623977 1.1845353 1.2293307 1.2430466],[8.243394  8.2595005 8.280929  8.2970915],[0.5275148  0.56576973 0.5995795  0.6289665 ]
PATCHTST,D,3e-08,1,False,False,TDD,burst,10.0,[0.0034897  0.00468972 0.00622925 0.00883928],[0.00157967 0.00203242 0.00254035 0.0036963 ],[1.0116107 1.3518225 1.834048  2.656132 ],[0.4341043  0.54338527 0.7308616  1.1564372 ],[8.310416 8.309063 8.308023 8.30618 ],[0.16917327 0.16956733 0.17003323 0.17050833],[8.314398 8.314319 8.314234 8.314145],[0.1689577  0.1692839  0.16965668 0.17007592]
PATCHTST,D,3e-08,10,False,False,TDD,burst,10.0,[0.01135491 0.01973452 0.03106955 0.04376487],[0.00689355 0.01328275 0.02083602 0.02574329],[ 3.349212  5.874026  9.356671 13.762973],[2.0744047 4.0654035 6.4673524 9.420913 ],[8.305888 8.299654 8.292776 8.287018],[0.22191137 0.23288274 0.24373502 0.25367045],[8.316226 8.317209 8.319232 8.322231],[0.22064124 0.22971565 0.23861213 0.24789669]
PATCHTST,D,3e-08,30,False,False,TDD,burst,10.0,[0.0586968  0.08802856 0.1228964  0.15261444],[0.06604458 0.0890997  0.12865682 0.11853968],[17.127644 26.001265 36.20926  45.02896 ],[19.598297 28.488768 39.22663  38.305363],[8.24647  8.214126 8.181552 8.16376 ],[0.32007122 0.33948192 0.37200817 0.39755073],[8.279626 8.265633 8.254636 8.245803],[0.3149234  0.33140603 0.3475315  0.37491977]
PATCHTST,D,1e-07,1,False,False,TDD,burst,10.0,[0.00853588 0.00995661 0.01226613 0.01573976],[0.00347441 0.00387433 0.00450565 0.00568403],[2.518641  2.9412458 3.6480253 4.726724 ],[0.9882985 1.0989686 1.2852459 1.6861299],[8.298816 8.297589 8.296342 8.294391],[0.04672585 0.04819727 0.04973954 0.05127314],[8.30858  8.308749 8.308917 8.309082],[0.04570846 0.04691132 0.04821616 0.04961289]
PATCHTST,D,1e-07,10,False,False,TDD,burst,10.0,[0.02162132 0.03122734 0.04195453 0.05550296],[0.01160669 0.01711201 0.02372611 0.02742603],[ 6.376979  9.228216 12.553058 16.915386],[3.5859528 5.2793827 7.6650486 9.310751 ],[8.282046 8.274939 8.267285 8.25891 ],[0.1451582  0.16430047 0.18248805 0.19970545],[8.302197 8.302738 8.303449 8.304353],[0.14413556 0.16243479 0.18018848 0.19722274]
PATCHTST,D,1e-07,30,False,False,TDD,burst,10.0,[0.05615342 0.07694751 0.09986751 0.13861686],[0.05163639 0.07211183 0.08614938 0.09334756],[17.259777 24.139648 31.45988  43.683224],[16.403114 24.302504 29.138891 33.87444 ],[8.268159 8.260838 8.251307 8.235661],[0.29237425 0.3218546  0.34965304 0.37303028],[8.307436 8.310596 8.312113 8.31137 ],[0.28931206 0.31602684 0.33770058 0.35521185]
PATCHTST,D,3e-07,1,False,False,TDD,burst,10.0,[0.02801266 0.02995589 0.03249827 0.03559914],[0.01190883 0.01236164 0.01295733 0.01398399],[ 8.273532  8.849474  9.619052 10.56508 ],[3.5090551 3.639262  3.813592  4.124729 ],[8.278257 8.27649  8.274983 8.273158],[0.02814047 0.02990188 0.0317021  0.03359162],[8.304571 8.304598 8.304624 8.304644],[0.02125929 0.02278931 0.02444145 0.02619203]
PATCHTST,D,3e-07,10,False,False,TDD,burst,10.0,[0.03913207 0.04511223 0.04950087 0.05585691],[0.01825151 0.02002847 0.02069405 0.02257281],[11.540972 13.366648 14.754485 16.906347],[5.402944  6.0656757 6.5428014 7.737433 ],[8.257152 8.252368 8.249512 8.246063],[0.13841783 0.15730758 0.1763087  0.19482514],[8.291802 8.291453 8.291422 8.291797],[0.13622427 0.15536554 0.17447104 0.193445  ]
PATCHTST,D,3e-07,30,False,False,TDD,burst,10.0,[0.06469337 0.08673869 0.10589999 0.13346642],[0.04688378 0.07963631 0.0816922  0.08787463],[20.016428 26.814753 33.0717   41.940205],[16.806982 28.958769 30.062927 34.08998 ],[8.272544 8.259037 8.240627 8.224315],[0.26311657 0.2935721  0.32793197 0.35393858],[8.314291 8.305841 8.296564 8.287483],[0.25759736 0.28634158 0.31637365 0.34177953]
PATCHTST,A,3e-08,1,False,False,TDD,burst,15.0,[0.00384885 0.00660916 0.01015104 0.01812752],[0.00337999 0.00531184 0.00694398 0.01176331],[1.1159692 2.3504488 3.8749113 6.9884267],[1.1071903 2.2583613 3.5032284 5.7910576],[8.327686 8.323982 8.321549 8.317914],[0.18946372 0.19353935 0.19839017 0.20361972],[8.330993 8.329849 8.328677 8.327478],[0.19007084 0.19461922 0.19951843 0.20474008]
PATCHTST,A,3e-08,10,False,False,TDD,burst,15.0,[0.02715049 0.08076414 0.15602598 0.25817227],[0.03095682 0.07834526 0.14856403 0.3604048 ],[ 4.830559 14.409224 29.483143 48.946976],[ 4.6680303 12.429515  22.70014   36.523968 ],[8.190939 8.168424 8.130146 8.076843],[0.5510266  0.6179761  0.69391483 0.7852994 ],[8.202797 8.202787 8.20477  8.210616],[0.5486622  0.603959   0.65337497 0.69756156]
PATCHTST,A,3e-08,30,False,False,TDD,burst,15.0,[0.23682034 0.45746097 0.7098839  0.9167064 ],[0.2260486  0.33912334 0.5984083  0.76643354],[ 40.343468  85.24314  142.15633  189.58794 ],[ 55.50784  91.85001 130.00949 166.08266],[7.8232794 7.6277943 7.351805  7.0500164],[0.9932452 1.2262379 1.3437686 1.4685385],[7.9305916 7.937528  7.938669  7.9467754],[0.94080913 0.97129947 1.0151565  1.0446168 ]
PATCHTST,A,1e-07,1,False,False,TDD,burst,15.0,[0.00528797 0.00823139 0.01302563 0.0226534 ],[0.00252022 0.00377933 0.00598372 0.01066773],[1.5117236 2.857049  4.8893895 9.021564 ],[1.127592  2.5184724 4.2304354 7.5893006],[8.259165 8.257768 8.257018 8.255529],[0.51463693 0.5145898  0.51516795 0.5155768 ],[8.262489 8.263346 8.264196 8.265036],[0.5146195  0.5150341  0.5156064  0.51633507]
PATCHTST,A,1e-07,10,False,False,TDD,burst,15.0,[0.02789141 0.07444827 0.14462715 0.22172628],[0.02889539 0.07538283 0.14158265 0.16599114],[ 5.151284 14.821961 31.082077 56.379017],[ 4.4005733 14.607795  29.073486  54.014713 ],[8.130272 8.110162 8.072151 8.020781],[0.62567043 0.675384   0.7346422  0.78951967],[8.144523 8.146372 8.146507 8.145758],[0.6222944 0.6648694 0.7096781 0.7541992]
PATCHTST,A,1e-07,30,False,False,TDD,burst,15.0,[0.2122026  0.4791554  0.6461097  0.84391576],[0.19013734 0.88001895 0.41131234 0.4165066 ],[ 57.587837 104.9596   167.39273  213.98326 ],[ 74.108315 114.52301  167.11656  190.03717 ],[7.9473157 7.7189417 7.3099236 6.7700124],[0.9909825 1.1567161 1.3958994 1.5901631],[8.072836  8.0405245 7.9876432 7.931781 ],[0.9680374 1.0242085 1.0625325 1.0865595]
PATCHTST,A,3e-07,1,False,False,TDD,burst,15.0,[0.01067117 0.01738419 0.0320419  0.05495751],[0.00320298 0.00522004 0.00885549 0.01589741],[ 3.3272524  5.9434075 11.338736  19.342945 ],[1.3672678 2.7480264 5.0974107 8.808572 ],[8.208502 8.207041 8.205067 8.205064],[0.3536406 0.3543789 0.3555108 0.3569746],[8.213685 8.214922 8.216152 8.217376],[0.35320455 0.35431996 0.3555505  0.35689354]
PATCHTST,A,3e-07,10,False,False,TDD,burst,15.0,[0.05205197 0.11155848 0.1826661  0.29024962],[0.03633918 0.07056017 0.10306858 0.1605778 ],[13.223545 30.264725 50.506424 85.08255 ],[10.175174 24.594374 36.942455 64.40047 ],[8.135882 8.102046 8.049566 7.964284],[0.6307007  0.6921986  0.7634448  0.84145796],[8.171758 8.174995 8.178912 8.18387 ],[0.61714435 0.66222095 0.70273554 0.73701555]
PATCHTST,A,3e-07,30,False,False,TDD,burst,15.0,[0.312896  0.546649  0.7480798 0.9224429],[0.2053149  0.29643625 0.44645205 0.5401792 ],[ 98.89367 162.06895 204.47986 253.56503],[102.24412 153.25836 171.35524 191.9938 ],[7.7678304 7.500419  7.2609468 6.950257 ],[1.0273794 1.1766263 1.4151441 1.5376388],[8.039328 8.043646 8.03752  8.038265],[0.90889144 0.95316565 1.0154774  1.050955  ]
PATCHTST,C,3e-08,1,False,False,TDD,burst,15.0,[0.0060355  0.01012364 0.01664464 0.02796457],[0.00353157 0.00531718 0.00902635 0.015576  ],[1.6757364 3.417502  5.614603  9.2628765],[1.2492455 2.4932919 3.5746152 5.264566 ],[8.31491  8.311513 8.30967  8.306708],[0.13128403 0.13333587 0.13628395 0.13939047],[8.320241 8.321053 8.321877 8.322711],[0.1314964  0.13392694 0.13672413 0.13986447]
PATCHTST,C,3e-08,10,False,False,TDD,burst,15.0,[0.05248834 0.17606129 0.3628851  0.52235955],[0.06257385 0.21427129 0.41920286 0.53036076],[ 7.974404 26.067513 57.672047 94.72638 ],[ 6.6931677 23.4346    51.18883   78.31469  ],[8.187029  8.096022  7.9163833 7.630833 ],[0.43999684 0.52105993 0.7273675  1.1298115 ],[8.214156 8.200949 8.206897 8.228696],[0.43586653 0.47545165 0.5107417  0.53240734]
PATCHTST,C,3e-08,30,False,False,TDD,burst,15.0,[0.49076745 0.8516774  0.99502236 1.0268084 ],[0.48505965 0.6150377  0.57167304 0.43721464],[ 87.89453 176.95987 232.04097 251.06306],[ 71.7259  122.58196 142.86072 142.61401],[7.7994585 6.818536  6.3082294 5.9048424],[0.9143307 1.822219  1.6884665 1.6178981],[8.26459   8.2423935 8.200481  8.146262 ],[0.59722245 0.63432664 0.6843038  0.7340101 ]
PATCHTST,C,1e-07,1,False,False,TDD,burst,15.0,[0.00534628 0.00844999 0.0138166  0.02497413],[0.00238303 0.00344116 0.00515496 0.00865753],[1.3418474 2.5258808 4.5434017 8.509458 ],[0.6076929 1.3133984 2.1438737 3.8993893],[8.283503 8.279926 8.276475 8.272448],[0.20084047 0.20279814 0.2052525  0.20797004],[8.287666  8.286729  8.285783  8.2848215],[0.20094848 0.20314613 0.20554835 0.20814276]
PATCHTST,C,1e-07,10,False,False,TDD,burst,15.0,[0.05654671 0.13773578 0.25862998 0.39472622],[0.04720715 0.09586003 0.16115585 0.21143094],[ 12.5723715  33.31817    64.592926  102.00052  ],[10.399943 27.431616 51.166622 73.36605 ],[8.181955  8.096     7.9393272 7.7145953],[0.4117644  0.46507823 0.55198383 0.68227416],[8.228059 8.225114 8.221141 8.218307],[0.4063242  0.44373652 0.4743657  0.49637356]
PATCHTST,C,1e-07,30,False,False,TDD,burst,15.0,[0.34837815 0.5716817  0.76763237 0.8868568 ],[0.21748003 0.2777335  0.30033356 0.2714703 ],[ 88.68831 148.01479 203.17273 243.62178],[ 69.26099  95.11011 120.03997 131.38472],[7.8340473 7.322381  6.53244   6.1773534],[0.6894416 0.939861  1.4176497 1.4254133],[8.210542 8.202722 8.19268  8.180748],[0.5592177  0.55600965 0.5821842  0.64674735]
PATCHTST,C,3e-07,1,False,False,TDD,burst,15.0,[0.0199797  0.02771145 0.04263749 0.06961763],[0.01078276 0.01323882 0.01687812 0.02314428],[ 5.617944  8.266388 13.369882 22.519817],[3.0601301 4.011944  5.557086  8.258397 ],[8.291842 8.287208 8.280878 8.274092],[0.1276687  0.12902558 0.13070954 0.1326745 ],[8.30922  8.309395 8.309544 8.309666],[0.12782563 0.12907478 0.13059264 0.132371  ]
PATCHTST,C,3e-07,10,False,False,TDD,burst,15.0,[0.08639863 0.16901296 0.25242835 0.3812831 ],[0.05138489 0.09394246 0.12055742 0.1479923 ],[ 24.062263  48.729023  73.3308   113.71879 ],[16.793629 32.649128 42.75702  57.882137],[8.161352 8.071381 7.953362 7.797856],[0.34958607 0.39894634 0.46488568 0.5490677 ],[8.250104 8.243475 8.238306 8.233626],[0.33855358 0.37196392 0.40309045 0.43264046]
PATCHTST,C,3e-07,30,False,False,TDD,burst,15.0,[0.41382217 0.67857057 0.7632015  0.8802405 ],[0.21678142 0.2981896  0.23953906 0.20888034],[125.93607 210.19806 238.56451 275.61588],[ 87.133255 131.46889  130.95477  133.68582 ],[7.6523967 6.8767304 6.6355853 6.4460015],[0.7590685 1.1896008 1.2224257 1.2538658],[8.243394  8.2595005 8.280929  8.2970915],[0.5275148  0.56576973 0.5995795  0.6289665 ]
PATCHTST,D,3e-08,1,False,False,TDD,burst,15.0,[0.00223802 0.00312432 0.0043122  0.00646505],[0.00109354 0.00145806 0.0019524  0.00309892],[0.6371447 0.8875985 1.2592448 1.9392406],[0.27508798 0.35277408 0.5004548  0.8909652 ],[8.312146 8.311211 8.310498 8.309018],[0.16924348 0.16963992 0.17013487 0.1706852 ],[8.314398 8.314319 8.314234 8.314145],[0.1689577  0.1692839  0.16965668 0.17007592]
PATCHTST,D,3e-08,10,False,False,TDD,burst,15.0,[0.00981866 0.0176019  0.02859727 0.04015345],[0.00663055 0.01286229 0.02106159 0.02581345],[ 2.8949108  5.238844   8.579052  12.634592 ],[2.004161 3.928725 6.408931 9.326816],[8.308075 8.302829 8.296474 8.291421],[0.22158842 0.23260967 0.24350962 0.2534737 ],[8.316226 8.317209 8.319232 8.322231],[0.22064124 0.22971565 0.23861213 0.24789669]
PATCHTST,D,3e-08,30,False,False,TDD,burst,15.0,[0.0569228  0.08584206 0.12029993 0.14885077],[0.06558024 0.08853305 0.12878384 0.11875688],[16.632166 25.422453 35.44242  43.949078],[19.546045 28.418406 39.25227  38.350986],[8.248938 8.217231 8.184656 8.168814],[0.31937915 0.33804658 0.37218836 0.39667052],[8.279626 8.265633 8.254636 8.245803],[0.3149234  0.33140603 0.3475315  0.37491977]
PATCHTST,D,1e-07,1,False,False,TDD,burst,15.0,[0.00732485 0.00846297 0.01047772 0.0134898 ],[0.00338508 0.00368492 0.00427229 0.00532948],[2.1615462 2.4990928 3.1199207 4.058628 ],[0.96628803 1.0497748  1.2248477  1.58982   ],[8.300472 8.299639 8.298664 8.297085],[0.04665805 0.04805598 0.04955995 0.05108345],[8.30858  8.308749 8.308917 8.309082],[0.04570846 0.04691132 0.04821616 0.04961289]
PATCHTST,D,1e-07,10,False,False,TDD,burst,15.0,[0.02014905 0.02900688 0.03917476 0.05172287],[0.01125444 0.01645018 0.0229384  0.02630491],[ 5.9260716  8.552881  11.706347  15.746992 ],[3.4577925 5.0702815 7.3965783 8.927606 ],[8.284146 8.277844 8.270786 8.263263],[0.14532064 0.16453013 0.18275209 0.19994335],[8.302197 8.302738 8.303449 8.304353],[0.14413556 0.16243479 0.18018848 0.19722274]
PATCHTST,D,1e-07,30,False,False,TDD,burst,15.0,[0.05425603 0.07455628 0.09792124 0.13585788],[0.05098988 0.07120024 0.08732727 0.09395961],[16.695915 23.437439 30.85891  42.758682],[16.146332 24.069849 29.51313  33.80143 ],[8.270919 8.263741 8.254692 8.239737],[0.29176572 0.3212573  0.3494733  0.37398905],[8.307436 8.310596 8.312113 8.31137 ],[0.28931206 0.31602684 0.33770058 0.35521185]
PATCHTST,D,3e-07,1,False,False,TDD,burst,15.0,[0.02676747 0.02840526 0.03059068 0.03314783],[0.01177103 0.01215873 0.01278185 0.01365174],[7.9037046 8.389154  9.053377  9.839238 ],[3.468576  3.5805833 3.7637641 4.027036 ],[8.28001  8.278659 8.2775   8.276151],[0.02804345 0.02976088 0.03161078 0.0333771 ],[8.304571 8.304598 8.304624 8.304644],[0.02125929 0.02278931 0.02444145 0.02619203]
PATCHTST,D,3e-07,10,False,False,TDD,burst,15.0,[0.03757151 0.04293259 0.04683278 0.05212782],[0.01822708 0.01992561 0.02060457 0.02247841],[11.0760355 12.718071  13.958015  15.785688 ],[5.3888187 6.0225143 6.504556  7.6370707],[8.259466 8.255603 8.253332 8.250692],[0.13840567 0.15711372 0.17609732 0.19472161],[8.291802 8.291453 8.291422 8.291797],[0.13622427 0.15536554 0.17447104 0.193445  ]
PATCHTST,D,3e-07,30,False,False,TDD,burst,15.0,[0.0625727  0.08425736 0.10307193 0.13001822],[0.04591694 0.07901209 0.08152557 0.08710862],[19.367916 26.052942 32.216526 40.82684 ],[16.517542 28.791405 29.890968 33.686928],[8.27511  8.262107 8.244191 8.2289  ],[0.26275867 0.2932715  0.32776755 0.3534862 ],[8.314291 8.305841 8.296564 8.287483],[0.25759736 0.28634158 0.31637365 0.34177953]
PATCHTST,A,3e-08,1,False,False,TDD,burst,20.0,[0.00271117 0.00493737 0.0083388  0.01586081],[0.00185582 0.00319626 0.00547808 0.01040029],[0.9906016 2.1702888 3.6447861 6.6860857],[1.090885  2.2239769 3.4508517 5.745228 ],[8.328253 8.324729 8.322391 8.318895],[0.1892883  0.19331871 0.19813953 0.20325674],[8.330993 8.329849 8.328677 8.327478],[0.19007084 0.19461922 0.19951843 0.20474008]
PATCHTST,A,3e-08,10,False,False,TDD,burst,20.0,[0.02490631 0.07717904 0.14935732 0.24730231],[0.02803583 0.07697716 0.14222865 0.3298993 ],[ 4.6408515 14.101055  29.056696  48.514294 ],[ 4.661493  12.3822565 22.676628  36.44616  ],[8.192008 8.169973 8.132839 8.08025 ],[0.55038846 0.6171624  0.6917773  0.78290594],[8.202797 8.202787 8.20477  8.210616],[0.5486622  0.603959   0.65337497 0.69756156]
PATCHTST,A,3e-08,30,False,False,TDD,burst,20.0,[0.23164216 0.45758605 0.7157648  0.91810775],[0.2157793  0.34342217 0.62710094 0.7639584 ],[ 40.066967  84.82051  141.92607  189.38043 ],[ 55.122246  91.463036 130.0847   166.25197 ],[7.8254595 7.6328344 7.353173  7.0572495],[0.9906381 1.2210436 1.3401115 1.4696757],[7.9305916 7.937528  7.938669  7.9467754],[0.94080913 0.97129947 1.0151565  1.0446168 ]
PATCHTST,A,1e-07,1,False,False,TDD,burst,20.0,[0.00430008 0.00687594 0.01147111 0.020701  ],[0.00192723 0.00313778 0.00548416 0.01008989],[1.374086 2.657789 4.632634 8.658217],[1.1051122 2.4547875 4.160287  7.432007 ],[8.259889 8.258721 8.258117 8.256911],[0.51430607 0.5141091  0.51454693 0.51488644],[8.262489 8.263346 8.264196 8.265036],[0.5146195  0.5150341  0.5156064  0.51633507]
PATCHTST,A,1e-07,10,False,False,TDD,burst,20.0,[0.02605734 0.07045461 0.13899045 0.21625377],[0.02540403 0.06834212 0.13034366 0.1588281 ],[ 4.978017 14.544204 30.72984  55.871273],[ 4.406417  14.6193495 29.173223  54.238197 ],[8.131242 8.111573 8.074135 8.023899],[0.62506413 0.67443734 0.7324777  0.78586423],[8.144523 8.146372 8.146507 8.145758],[0.6222944 0.6648694 0.7096781 0.7541992]
PATCHTST,A,1e-07,30,False,False,TDD,burst,20.0,[0.21042423 0.47628152 0.64582586 0.842537  ],[0.187912   0.8602048  0.41104043 0.41408646],[ 57.358124 104.67589  167.2496   213.61636 ],[ 74.08846 114.63299 167.4439  189.60039],[7.948896  7.7221813 7.314533  6.776309 ],[0.9902189 1.1547586 1.3913131 1.5818202],[8.072836  8.0405245 7.9876432 7.931781 ],[0.9680374 1.0242085 1.0625325 1.0865595]
PATCHTST,A,3e-07,1,False,False,TDD,burst,20.0,[0.01011303 0.0165919  0.03092465 0.05365722],[0.00298773 0.00487768 0.00846249 0.0154606 ],[ 3.2069113  5.7812724 11.109608  19.089157 ],[1.3402734 2.7159941 5.0321226 8.743684 ],[8.209069 8.207734 8.205988 8.205988],[0.35358468 0.35429886 0.35543898 0.3568592 ],[8.213685 8.214922 8.216152 8.217376],[0.35320455 0.35431996 0.3555505  0.35689354]
PATCHTST,A,3e-07,10,False,False,TDD,burst,20.0,[0.05118562 0.11013266 0.18064146 0.2876867 ],[0.03578704 0.07027932 0.10304733 0.16042134],[13.087327 30.034609 50.11149  84.55311 ],[10.174695 24.530148 36.73098  64.08445 ],[8.13689  8.103562 8.05188  7.967869],[0.63030547 0.69188577 0.7636222  0.8410083 ],[8.171758 8.174995 8.178912 8.18387 ],[0.61714435 0.66222095 0.70273554 0.73701555]
PATCHTST,A,3e-07,30,False,False,TDD,burst,20.0,[0.31157506 0.5465327  0.7457706  0.9212219 ],[0.205184   0.2981838  0.44161725 0.5400536 ],[ 98.618996 161.89775  204.0572   253.18408 ],[102.21192 153.18694 171.18599 191.97113],[7.7709002 7.5019836 7.2647905 6.9588385],[1.0261931 1.1772927 1.4180741 1.5368602],[8.039328 8.043646 8.03752  8.038265],[0.90889144 0.95316565 1.0154774  1.050955  ]
PATCHTST,C,3e-08,1,False,False,TDD,burst,20.0,[0.00452513 0.00805793 0.01400675 0.02486537],[0.00245471 0.00418804 0.00728172 0.01384421],[1.5377023 3.2151992 5.337136  8.919872 ],[1.257725  2.4317496 3.472252  5.1729455],[8.315468  8.312264  8.3105345 8.307718 ],[0.13129726 0.13341805 0.13635841 0.13952085],[8.320241 8.321053 8.321877 8.322711],[0.1314964  0.13392694 0.13672413 0.13986447]
PATCHTST,C,3e-08,10,False,False,TDD,burst,20.0,[0.04924373 0.172879   0.3620076  0.5196008 ],[0.05658336 0.20934767 0.4225627  0.5265178 ],[ 7.6712646 25.712318  57.212055  94.22005  ],[ 6.655953 23.431944 51.19282  78.430855],[8.188368  8.097812  7.9199233 7.6347528],[0.43961892 0.51998013 0.7223796  1.1224183 ],[8.214156 8.200949 8.206897 8.228696],[0.43586653 0.47545165 0.5107417  0.53240734]
PATCHTST,C,3e-08,30,False,False,TDD,burst,20.0,[0.48694512 0.8469946  0.9896703  1.0236386 ],[0.48197052 0.6095707  0.5564725  0.43985265],[ 87.56498 176.43501 231.93097 250.58759],[ 71.77545  122.352646 142.81769  142.18578 ],[7.8028855 6.822398  6.3238807 5.9095554],[0.9114112 1.825235  1.6676614 1.6116543],[8.26459   8.2423935 8.200481  8.146262 ],[0.59722245 0.63432664 0.6843038  0.7340101 ]
PATCHTST,C,1e-07,1,False,False,TDD,burst,20.0,[0.00436861 0.00717592 0.01225451 0.02304826],[0.00170407 0.00267975 0.00435278 0.00786543],[1.2067714 2.3359866 4.312026  8.19543  ],[0.5821237 1.2510084 2.0734546 3.8143969],[8.284075 8.28067  8.2773   8.273481],[0.2008108  0.20273434 0.20515613 0.2077275 ],[8.287666  8.286729  8.285783  8.2848215],[0.20094848 0.20314613 0.20554835 0.20814276]
PATCHTST,C,1e-07,10,False,False,TDD,burst,20.0,[0.05530977 0.13604128 0.25666302 0.39220956],[0.04650246 0.09637537 0.16089809 0.21074411],[ 12.3895    33.038036  64.28941  101.430984],[10.363719 27.436886 51.29922  73.28511 ],[8.182952  8.097814  7.941856  7.7199516],[0.41163236 0.46508947 0.5520793  0.6821851 ],[8.228059 8.225114 8.221141 8.218307],[0.4063242  0.44373652 0.4743657  0.49637356]
PATCHTST,C,1e-07,30,False,False,TDD,burst,20.0,[0.34667954 0.5702884  0.7660604  0.8872661 ],[0.21693592 0.2780479  0.29691344 0.27463114],[ 88.432556 147.70122  203.06715  243.48738 ],[ 69.24558   95.142944 120.393845 131.38243 ],[7.8358684 7.326956  6.535712  6.2007775],[0.68879724 0.9403783  1.4239849  1.4124436 ],[8.210542 8.202722 8.19268  8.180748],[0.5592177  0.55600965 0.5821842  0.64674735]
PATCHTST,C,3e-07,1,False,False,TDD,burst,20.0,[0.01945997 0.02706545 0.04182114 0.06856638],[0.01069087 0.01317523 0.01674073 0.02298447],[ 5.50104   8.125362 13.181308 22.270603],[3.0379636 3.9969995 5.52432   8.206721 ],[8.292355 8.287829 8.281652 8.274996],[0.12760793 0.12893647 0.1306237  0.13252096],[8.30922  8.309395 8.309544 8.309666],[0.12782563 0.12907478 0.13059264 0.132371  ]
PATCHTST,C,3e-07,10,False,False,TDD,burst,20.0,[0.08548913 0.16756454 0.2501629  0.3789983 ],[0.05147403 0.09372558 0.12020171 0.14777113],[ 23.794006  48.321068  72.712204 113.13281 ],[16.738533 32.491966 42.579613 57.787014],[8.1624155 8.073232  7.95684   7.801984 ],[0.34989357 0.39928654 0.4644982  0.5486066 ],[8.250104 8.243475 8.238306 8.233626],[0.33855358 0.37196392 0.40309045 0.43264046]
PATCHTST,C,3e-07,30,False,False,TDD,burst,20.0,[0.41248322 0.67729676 0.7629071  0.8802809 ],[0.2169988  0.298734   0.24045141 0.21015744],[125.57558 209.89816 238.39621 275.45135],[ 87.106224 131.60112  131.20512  133.87216 ],[7.655369  6.881989  6.643889  6.4524865],[0.75596666 1.1856705  1.223802   1.2535955 ],[8.243394  8.2595005 8.280929  8.2970915],[0.5275148  0.56576973 0.5995795  0.6289665 ]
PATCHTST,D,3e-08,1,False,False,TDD,burst,20.0,[0.00191556 0.00272742 0.00380612 0.00581445],[0.00096675 0.00127418 0.00168789 0.00277208],[0.54634964 0.7752887  1.1181626  1.7516767 ],[0.24513772 0.31231928 0.4443782  0.81026137],[8.312571  8.311747  8.3111105 8.309757 ],[0.16914997 0.16951135 0.16996178 0.17051353],[8.314398 8.314319 8.314234 8.314145],[0.1689577  0.1692839  0.16965668 0.17007592]
PATCHTST,D,3e-08,10,False,False,TDD,burst,20.0,[0.00941325 0.01711993 0.02793486 0.03921029],[0.00663513 0.01297844 0.02109418 0.02565666],[ 2.7765677  5.09481    8.374502  12.318529 ],[2.0064266 3.960295  6.3909445 9.209673 ],[8.308627 8.303501 8.297364 8.292529],[0.22154886 0.23267071 0.24359809 0.25343582],[8.316226 8.317209 8.319232 8.322231],[0.22064124 0.22971565 0.23861213 0.24789669]
PATCHTST,D,3e-08,30,False,False,TDD,burst,20.0,[0.05656127 0.0852876  0.11987266 0.14835006],[0.06595188 0.08867399 0.12953226 0.11979505],[16.486012 25.241814 35.266834 43.737206],[19.521555 28.376638 39.354164 38.397243],[8.249515 8.217987 8.185811 8.169965],[0.31954917 0.33820647 0.37229466 0.3974013 ],[8.279626 8.265633 8.254636 8.245803],[0.3149234  0.33140603 0.3475315  0.37491977]
PATCHTST,D,1e-07,1,False,False,TDD,burst,20.0,[0.00695891 0.00805063 0.00994209 0.01279375],[0.0033589  0.00364247 0.00420413 0.00528339],[2.053583  2.377871  2.9630988 3.8552384],[0.95724386 1.0348761  1.2037208  1.5771956 ],[8.300982 8.300219 8.299387 8.297896],[0.04661931 0.04801039 0.04951925 0.05104536],[8.30858  8.308749 8.308917 8.309082],[0.04570846 0.04691132 0.04821616 0.04961289]
PATCHTST,D,1e-07,10,False,False,TDD,burst,20.0,[0.01976787 0.02843624 0.03850496 0.05062696],[0.01132127 0.01631544 0.02284277 0.02613585],[ 5.8164577  8.383647  11.509104  15.415328 ],[3.4818509 5.0261745 7.3622108 8.860583 ],[8.284764 8.278746 8.271836 8.264667],[0.14522614 0.16435577 0.18251519 0.19967385],[8.302197 8.302738 8.303449 8.304353],[0.14413556 0.16243479 0.18018848 0.19722274]
PATCHTST,D,1e-07,30,False,False,TDD,burst,20.0,[0.05387806 0.0740379  0.09677473 0.13472413],[0.05129774 0.07150822 0.08689934 0.09418783],[16.578142 23.275015 30.497974 42.40709 ],[16.237093 24.124643 29.324488 33.815796],[8.2715435 8.26447   8.25611   8.241341 ],[0.29177162 0.3213442  0.34931353 0.37415403],[8.307436 8.310596 8.312113 8.31137 ],[0.28931206 0.31602684 0.33770058 0.35521185]
PATCHTST,D,3e-07,1,False,False,TDD,burst,20.0,[0.02646251 0.02804109 0.03012753 0.03258775],[0.01178911 0.01219748 0.01277368 0.01360685],[7.814034 8.281146 8.916508 9.6729  ],[3.4741704 3.5928757 3.7622573 4.0146027],[8.280425 8.27916  8.27809  8.276825],[0.0280694  0.02978775 0.03159622 0.03337531],[8.304571 8.304598 8.304624 8.304644],[0.02125929 0.02278931 0.02444145 0.02619203]
PATCHTST,D,3e-07,10,False,False,TDD,burst,20.0,[0.03713732 0.04236919 0.0460904  0.05122869],[0.01815582 0.01980877 0.02047322 0.02242458],[10.948635 12.551108 13.737283 15.509444],[5.36853   5.9881973 6.4636445 7.600385 ],[8.260106  8.256423  8.2543955 8.2519045],[0.13835919 0.15705319 0.17604648 0.19459717],[8.291802 8.291453 8.291422 8.291797],[0.13622427 0.15536554 0.17447104 0.193445  ]
PATCHTST,D,3e-07,30,False,False,TDD,burst,20.0,[0.06217778 0.08368856 0.10233333 0.12905343],[0.04606444 0.07903831 0.08137666 0.08691155],[19.248327 25.891638 32.00308  40.550724],[16.542055 28.782381 29.844236 33.584396],[8.275667 8.262844 8.245184 8.230241],[0.26271906 0.29325604 0.32784972 0.35363206],[8.314291 8.305841 8.296564 8.287483],[0.25759736 0.28634158 0.31637365 0.34177953]
PATCHTST,A,3e-08,1,False,False,TDD,burst,25.0,[0.00237609 0.00453259 0.00783712 0.01529323],[0.00170572 0.00305948 0.00524573 0.010231  ],[0.9487018 2.1183825 3.5843854 6.6041527],[1.0898838 2.2227855 3.4508317 5.7410274],[8.328438 8.32495  8.32269  8.319226],[0.18928443 0.19330719 0.19814135 0.20326531],[8.330993 8.329849 8.328677 8.327478],[0.19007084 0.19461922 0.19951843 0.20474008]
PATCHTST,A,3e-08,10,False,False,TDD,burst,25.0,[0.02419646 0.07638398 0.14742568 0.24949086],[0.0274719  0.07669089 0.13864438 0.33478954],[ 4.573857 14.000337 28.869524 48.273075],[ 4.6296215 12.377689  22.574507  36.319023 ],[8.192301 8.170501 8.133543 8.080959],[0.55019635 0.6168788  0.6917344  0.7830899 ],[8.202797 8.202787 8.20477  8.210616],[0.5486622  0.603959   0.65337497 0.69756156]
PATCHTST,A,3e-08,30,False,False,TDD,burst,25.0,[0.23198622 0.45809197 0.7191479  0.9199722 ],[0.21821876 0.34593302 0.6493904  0.76939005],[ 40.00665  84.79088 141.8481  189.26207],[ 55.120083  91.51752  130.05487  166.04053 ],[7.8260827 7.63215   7.353976  7.0588365],[0.99050844 1.2239391  1.3408214  1.4637833 ],[7.9305916 7.937528  7.938669  7.9467754],[0.94080913 0.97129947 1.0151565  1.0446168 ]
PATCHTST,A,1e-07,1,False,False,TDD,burst,25.0,[0.00400536 0.00648306 0.01090409 0.01998416],[0.00175218 0.00294594 0.00528076 0.00992711],[1.3361709 2.6046057 4.557136  8.556441 ],[1.1070827 2.4522917 4.169253  7.4431663],[8.260109 8.258988 8.258456 8.257262],[0.51419324 0.51398134 0.5143476  0.5147046 ],[8.262489 8.263346 8.264196 8.265036],[0.5146195  0.5150341  0.5156064  0.51633507]
PATCHTST,A,1e-07,10,False,False,TDD,burst,25.0,[0.02548978 0.07010696 0.13911162 0.21599011],[0.02498172 0.0692185  0.13195662 0.1596008 ],[ 4.907651 14.425283 30.544859 55.62178 ],[ 4.3807487 14.5902195 29.060163  54.04172  ],[8.131632 8.112231 8.074969 8.025045],[0.6249737  0.67427254 0.73239213 0.7859731 ],[8.144523 8.146372 8.146507 8.145758],[0.6222944 0.6648694 0.7096781 0.7541992]
PATCHTST,A,1e-07,30,False,False,TDD,burst,25.0,[0.21014358 0.4740727  0.64489806 0.84137696],[0.19285035 0.8551996  0.41169453 0.41435334],[ 57.26275 104.54748 167.07387 213.42096],[ 74.0271  114.56991 167.21294 189.44427],[7.950108  7.724809  7.318186  6.7791514],[0.9900396 1.1528825 1.3880876 1.5825192],[8.072836  8.0405245 7.9876432 7.931781 ],[0.9680374 1.0242085 1.0625325 1.0865595]
PATCHTST,A,3e-07,1,False,False,TDD,burst,25.0,[0.00987394 0.01627891 0.03054591 0.05324242],[0.00292384 0.00483089 0.00846073 0.01548309],[ 3.1632977  5.7182407 11.034294  18.996101 ],[1.3427609 2.7134268 5.040025  8.748842 ],[8.209323  8.208071  8.2063875 8.206479 ],[0.35347277 0.35415864 0.35525203 0.35664946],[8.213685 8.214922 8.216152 8.217376],[0.35320455 0.35431996 0.3555505  0.35689354]
PATCHTST,A,3e-07,10,False,False,TDD,burst,25.0,[0.05074308 0.10934541 0.17991365 0.28732675],[0.03571136 0.06966136 0.10229715 0.16066085],[13.014857 29.92553  50.032608 84.4818  ],[10.162145 24.513353 36.79383  64.18384 ],[8.137336 8.104271 8.052699 7.968613],[0.6300036 0.691378  0.7629957 0.8404055],[8.171758 8.174995 8.178912 8.18387 ],[0.61714435 0.66222095 0.70273554 0.73701555]
PATCHTST,A,3e-07,30,False,False,TDD,burst,25.0,[0.31106052 0.54565334 0.74508554 0.92151934],[0.20517585 0.2974051  0.440357   0.54008293],[ 98.48873 161.85304 204.04092 253.20506],[102.10697 153.1831  171.25917 191.93808],[7.771716  7.5036316 7.2667623 6.9559093],[1.0255817 1.1764277 1.417508  1.5360469],[8.039328 8.043646 8.03752  8.038265],[0.90889144 0.95316565 1.0154774  1.050955  ]
PATCHTST,C,3e-08,1,False,False,TDD,burst,25.0,[0.00400146 0.00732334 0.0132334  0.02381608],[0.00200567 0.0035515  0.00686385 0.01319428],[1.4903576 3.152017  5.254366  8.808159 ],[1.2434504 2.4368308 3.4849696 5.174323 ],[8.315671 8.312512 8.310855 8.308109],[0.13131164 0.13344648 0.13635986 0.1394988 ],[8.320241 8.321053 8.321877 8.322711],[0.1314964  0.13392694 0.13672413 0.13986447]
PATCHTST,C,3e-08,10,False,False,TDD,burst,25.0,[0.04909947 0.17281255 0.35888505 0.51572084],[0.05837855 0.21278855 0.42002827 0.52083296],[ 7.6152153 25.600908  57.0271    93.962364 ],[ 6.6253977 23.35713   51.02658   78.32048  ],[8.18869   8.0985365 7.9219084 7.6388197],[0.43942487 0.5197113  0.72105885 1.1176101 ],[8.214156 8.200949 8.206897 8.228696],[0.43586653 0.47545165 0.5107417  0.53240734]
PATCHTST,C,3e-08,30,False,False,TDD,burst,25.0,[0.4873374 0.849814  0.9935052 1.0238419],[0.48226354 0.6147262  0.5643564  0.43939716],[ 87.488914 176.3873   231.87973  250.53314 ],[ 71.737206 122.39266  142.75623  142.09868 ],[7.8035426 6.825749  6.318421  5.9138203],[0.91085035 1.8182149  1.6752193  1.6001841 ],[8.26459   8.2423935 8.200481  8.146262 ],[0.59722245 0.63432664 0.6843038  0.7340101 ]
PATCHTST,C,1e-07,1,False,False,TDD,burst,25.0,[0.00406366 0.00675361 0.01174461 0.0224961 ],[0.00154986 0.00248146 0.00418864 0.00779603],[1.1618135 2.2698257 4.2212605 8.08461  ],[0.5800309 1.249442  2.070299  3.816034 ],[8.284303 8.280967 8.277682 8.273911],[0.20076202 0.20266141 0.20508951 0.20763475],[8.287666  8.286729  8.285783  8.2848215],[0.20094848 0.20314613 0.20554835 0.20814276]
PATCHTST,C,1e-07,10,False,False,TDD,burst,25.0,[0.05488502 0.13522859 0.2557575  0.3916089 ],[0.0466497  0.09596846 0.16130188 0.21198532],[ 12.308642  32.87851   64.06912  101.28728 ],[10.357494 27.395086 51.17837  73.29623 ],[8.183258  8.098611  7.9430804 7.7202735],[0.4116957  0.46481234 0.55085224 0.6819504 ],[8.228059 8.225114 8.221141 8.218307],[0.4063242  0.44373652 0.4743657  0.49637356]
PATCHTST,C,1e-07,30,False,False,TDD,burst,25.0,[0.34599712 0.56951505 0.76608336 0.886003  ],[0.21674803 0.2785947  0.29847154 0.2723308 ],[ 88.35878 147.58759 202.94121 243.36714],[ 69.16799   95.11082  120.204285 131.30641 ],[7.83679   7.328825  6.5356355 6.2019525],[0.68864197 0.93763644 1.4241285  1.4163724 ],[8.210542 8.202722 8.19268  8.180748],[0.5592177  0.55600965 0.5821842  0.64674735]
PATCHTST,C,3e-07,1,False,False,TDD,burst,25.0,[0.01928363 0.02682026 0.0414979  0.06816387],[0.01068021 0.01316851 0.01672923 0.0229992 ],[ 5.4618115  8.063999  13.106044  22.179005 ],[3.0347133 3.9921882 5.522851  8.2188225],[8.292509 8.28801  8.28189  8.275283],[0.12759502 0.12891512 0.13059172 0.13248703],[8.30922  8.309395 8.309544 8.309666],[0.12782563 0.12907478 0.13059264 0.132371  ]
PATCHTST,C,3e-07,10,False,False,TDD,burst,25.0,[0.08518478 0.16723965 0.24982855 0.37837774],[0.05153433 0.09392682 0.12026182 0.14739639],[ 23.727764  48.271244  72.65602  113.010574],[16.75622  32.539345 42.582054 57.669476],[8.162914 8.073945 7.957633 7.803164],[0.34968314 0.3989966  0.4642765  0.54825985],[8.250104 8.243475 8.238306 8.233626],[0.33855358 0.37196392 0.40309045 0.43264046]
PATCHTST,C,3e-07,30,False,False,TDD,burst,25.0,[0.41215518 0.6771561  0.76245517 0.8797912 ],[0.21691538 0.29872125 0.24016818 0.20978887],[125.50883 209.85986 238.33023 275.369  ],[ 87.128586 131.62144  131.23097  133.76587 ],[7.656662  6.8836083 6.6482224 6.453188 ],[0.7552378 1.1849922 1.2181776 1.2531283],[8.243394  8.2595005 8.280929  8.2970915],[0.5275148  0.56576973 0.5995795  0.6289665 ]
PATCHTST,D,3e-08,1,False,False,TDD,burst,25.0,[0.00181969 0.0026115  0.00366123 0.00562543],[0.00096268 0.00128144 0.00168062 0.0027353 ],[0.51762056 0.7407193  1.074878   1.6965239 ],[0.2433443  0.31427845 0.4412044  0.79938734],[8.312709 8.311912 8.311307 8.309975],[0.16915475 0.16951503 0.16996141 0.17051792],[8.314398 8.314319 8.314234 8.314145],[0.1689577  0.1692839  0.16965668 0.17007592]
PATCHTST,D,3e-08,10,False,False,TDD,burst,25.0,[0.00928252 0.01688978 0.02762291 0.03873665],[0.0066006  0.01298781 0.0210614  0.02557302],[ 2.7360096  5.0254126  8.276933  12.172286 ],[1.9857975 3.9517927 6.366673  9.171134 ],[8.308829 8.303791 8.297731 8.293032],[0.22152208 0.23269802 0.24363285 0.25355074],[8.316226 8.317209 8.319232 8.322231],[0.22064124 0.22971565 0.23861213 0.24789669]
PATCHTST,D,3e-08,30,False,False,TDD,burst,25.0,[0.05639008 0.08504139 0.11944868 0.14800848],[0.0656955  0.08857878 0.12942496 0.11964186],[16.444298 25.164165 35.145447 43.635635],[19.502419 28.318459 39.317364 38.400177],[8.249706 8.218297 8.186258 8.170588],[0.3195857  0.33808962 0.37223044 0.39692023],[8.279626 8.265633 8.254636 8.245803],[0.3149234  0.33140603 0.3475315  0.37491977]
PATCHTST,D,1e-07,1,False,False,TDD,burst,25.0,[0.00685305 0.00791114 0.00975013 0.01257691],[0.00334537 0.0036316  0.00418015 0.00523184],[2.022361  2.3357925 2.9052136 3.7897427],[0.9542417 1.0332896 1.19846   1.5645791],[8.301137  8.300425  8.299636  8.2981825],[0.04660121 0.04797325 0.04947836 0.05100884],[8.30858  8.308749 8.308917 8.309082],[0.04570846 0.04691132 0.04821616 0.04961289]
PATCHTST,D,1e-07,10,False,False,TDD,burst,25.0,[0.01966684 0.02822456 0.0383045  0.05034196],[0.01133829 0.01633586 0.02279241 0.02603528],[ 5.7844524  8.321211  11.448163  15.333935 ],[3.4870195 5.035478  7.355941  8.845903 ],[8.284931 8.278998 8.27216  8.265073],[0.14523442 0.16431879 0.1824515  0.19958192],[8.302197 8.302738 8.303449 8.304353],[0.14413556 0.16243479 0.18018848 0.19722274]
PATCHTST,D,1e-07,30,False,False,TDD,burst,25.0,[0.05365341 0.07386943 0.09666731 0.13435845],[0.05109781 0.07155202 0.08710942 0.09421732],[16.513882 23.229063 30.471767 42.30464 ],[16.184166 24.15567  29.386122 33.877197],[8.271811 8.2648   8.256445 8.241962],[0.2916836  0.3212024  0.34920177 0.37364504],[8.307436 8.310596 8.312113 8.31137 ],[0.28931206 0.31602684 0.33770058 0.35521185]
PATCHTST,D,3e-07,1,False,False,TDD,burst,25.0,[0.02635759 0.02792108 0.0299795  0.03240354],[0.01177075 0.01217311 0.01274565 0.01360374],[7.7826667 8.245411  8.872058  9.617514 ],[3.4686775 3.5855222 3.7533393 4.012172 ],[8.280582 8.279344 8.278315 8.277077],[0.02805437 0.02976274 0.03156476 0.03333553],[8.304571 8.304598 8.304624 8.304644],[0.02125929 0.02278931 0.02444145 0.02619203]
PATCHTST,D,3e-07,10,False,False,TDD,burst,25.0,[0.03697982 0.0422015  0.04585394 0.05087926],[0.0181667  0.01982483 0.02045457 0.02239498],[10.902835 12.501723 13.668183 15.406692],[5.373772  5.9942875 6.456683  7.583456 ],[8.260328 8.256703 8.254735 8.252365],[0.13834643 0.1570463  0.17603888 0.19461201],[8.291802 8.291453 8.291422 8.291797],[0.13622427 0.15536554 0.17447104 0.193445  ]
PATCHTST,D,3e-07,30,False,False,TDD,burst,25.0,[0.06199307 0.08338616 0.10205464 0.12872171],[0.04606905 0.07871886 0.08135311 0.08707789],[19.192762 25.792551 31.908508 40.44164 ],[16.536957 28.65215  29.803816 33.601723],[8.275916 8.263244 8.24545  8.230636],[0.2626156  0.29318973 0.32781228 0.35345796],[8.314291 8.305841 8.296564 8.287483],[0.25759736 0.28634158 0.31637365 0.34177953]
PATCHTST,A,3e-08,1,False,False,TDD,packagedrop,0.1,[0.00357304 0.00674198 0.01081576 0.0201855 ],[0.00396957 0.00707092 0.01097941 0.0181163 ],[1.3936905 2.943825  4.6644087 8.263368 ],[1.851674 3.511649 5.34576  8.24394 ],[8.328517 8.325036 8.322668 8.319341],[0.1893426  0.1933901  0.19814025 0.20329598],[8.330993 8.329849 8.328677 8.327478],[0.19007084 0.19461922 0.19951843 0.20474008]
PATCHTST,A,3e-08,10,False,False,TDD,packagedrop,0.1,[0.13204348 0.20169918 0.29898968 0.4056678 ],[0.33952206 0.28437924 0.3406074  0.44398037],[34.43426  46.74876  65.9791   88.023224],[103.61678  91.40973  98.45704 103.90015],[8.180514 8.155927 8.107201 8.043683],[0.5535503  0.6237792  0.7094136  0.80524415],[8.202797 8.202787 8.20477  8.210616],[0.5486622  0.603959   0.65337497 0.69756156]
PATCHTST,A,3e-08,30,False,False,TDD,packagedrop,0.1,[0.5178225 0.6067215 0.8460843 0.9938452],[0.69488335 0.42407006 0.61884284 0.74648064],[111.90079 130.69586 183.03632 214.41014],[218.67429 154.05951 176.7796  186.0949 ],[7.6977    7.4539313 7.1674232 6.9267583],[1.1539217 1.303148  1.3725413 1.471142 ],[7.9305916 7.937528  7.938669  7.9467754],[0.94080913 0.97129947 1.0151565  1.0446168 ]
PATCHTST,A,1e-07,1,False,False,TDD,packagedrop,0.1,[0.0052033  0.00818684 0.0132464  0.02283259],[0.00653691 0.00947077 0.01433875 0.01944388],[1.7286125 3.1865747 5.2771797 9.451666 ],[2.5165212 4.19288   6.331676  9.542315 ],[8.260162 8.259006 8.258488 8.257249],[0.514178  0.5139409 0.514357  0.5146866],[8.262489 8.263346 8.264196 8.265036],[0.5146195  0.5150341  0.5156064  0.51633507]
PATCHTST,A,1e-07,10,False,False,TDD,packagedrop,0.1,[0.11859105 0.17660032 0.26019427 0.33645615],[0.46409366 0.42406505 0.41861147 0.38210353],[25.106714 38.94312  58.998203 83.82568 ],[ 90.10655   94.26655   98.799194 102.20966 ],[8.122202 8.098421 8.052706 7.98783 ],[0.63459885 0.6852054  0.7476658  0.8113494 ],[8.144523 8.146372 8.146507 8.145758],[0.6222944 0.6648694 0.7096781 0.7541992]
PATCHTST,A,1e-07,30,False,False,TDD,packagedrop,0.1,[0.4364456  0.63938326 0.7871959  0.91696554],[0.5926047  0.92115575 0.53603154 0.40266827],[116.1994  148.26753 207.4567  245.26044],[201.00038 163.07109 209.70065 211.11185],[7.815005  7.5558553 7.181316  6.5993786],[1.098639  1.2797717 1.4560907 1.5170726],[8.072836  8.0405245 7.9876432 7.931781 ],[0.9680374 1.0242085 1.0625325 1.0865595]
PATCHTST,A,3e-07,1,False,False,TDD,packagedrop,0.1,[0.01078606 0.01812614 0.03266514 0.05573646],[0.0042731  0.00757207 0.01163454 0.0180895 ],[ 3.4429264  6.327643  11.68948   19.790443 ],[1.7313619 3.3949847 5.698735  9.296767 ],[8.209271 8.207789 8.206088 8.206144],[0.3534211  0.35408112 0.35519674 0.35657513],[8.213685 8.214922 8.216152 8.217376],[0.35320455 0.35431996 0.3555505  0.35689354]
PATCHTST,A,3e-07,10,False,False,TDD,packagedrop,0.1,[0.13921471 0.2054399  0.29315507 0.402353  ],[0.3173811  0.34620848 0.39035255 0.3737951 ],[ 39.87767  59.88019  84.09104 117.59881],[106.068665 122.03479  139.69482  135.06029 ],[8.118041 8.091458 8.033609 7.928561],[0.63830084 0.6962693  0.767969   0.8526107 ],[8.171758 8.174995 8.178912 8.18387 ],[0.61714435 0.66222095 0.70273554 0.73701555]
PATCHTST,A,3e-07,30,False,False,TDD,packagedrop,0.1,[0.5127976  0.72906595 0.92414546 1.0281432 ],[0.5166255  0.5601323  0.6602079  0.62784183],[151.81041 205.44366 251.97223 286.4367 ],[192.77875 206.15889 223.06732 219.59032],[7.635857  7.422611  7.2353754 6.8961787],[1.1000662 1.2081177 1.4040233 1.4805286],[8.039328 8.043646 8.03752  8.038265],[0.90889144 0.95316565 1.0154774  1.050955  ]
PATCHTST,C,3e-08,1,False,False,TDD,packagedrop,0.1,[0.00677337 0.01155607 0.01931321 0.03338476],[0.01690719 0.0254842  0.04098087 0.06837674],[1.8654888 3.7743728 6.0421104 9.937194 ],[1.8545003 3.1877391 4.5049386 6.5138984],[8.315435 8.311999 8.310169 8.307182],[0.13126242 0.13339753 0.13642114 0.1398144 ],[8.320241 8.321053 8.321877 8.322711],[0.1314964  0.13392694 0.13672413 0.13986447]
PATCHTST,C,3e-08,10,False,False,TDD,packagedrop,0.1,[0.10833404 0.2566778  0.45176083 0.5998171 ],[0.20344071 0.34118077 0.48602718 0.558427  ],[ 22.42422   41.32129   75.45265  112.687126],[58.158325 60.31502  79.25193  93.29913 ],[8.17097  8.069588 7.870004 7.577022],[0.44350475 0.5321517  0.74995613 1.1085265 ],[8.214156 8.200949 8.206897 8.228696],[0.43586653 0.47545165 0.5107417  0.53240734]
PATCHTST,C,3e-08,30,False,False,TDD,packagedrop,0.1,[0.6573274 0.8788556 1.0972174 1.1030047],[0.71870995 0.5734759  0.6532899  0.44849592],[125.063576 195.8711   245.29626  264.91257 ],[117.08296 126.771   135.97131 139.8433 ],[7.598439  6.7201567 6.2036223 5.773793 ],[1.0994782 1.7353852 1.6428789 1.6418124],[8.26459   8.2423935 8.200481  8.146262 ],[0.59722245 0.63432664 0.6843038  0.7340101 ]
PATCHTST,C,1e-07,1,False,False,TDD,packagedrop,0.1,[0.00543645 0.00905806 0.0152012  0.02746318],[0.00407485 0.00714478 0.0110178  0.01724664],[1.5967897 2.9875863 5.255489  9.510145 ],[1.189118  2.2324317 3.433714  5.558978 ],[8.284048 8.280537 8.277173 8.273236],[0.20060349 0.20241141 0.20477854 0.20732507],[8.287666  8.286729  8.285783  8.2848215],[0.20094848 0.20314613 0.20554835 0.20814276]
PATCHTST,C,1e-07,10,False,False,TDD,packagedrop,0.1,[0.15190342 0.2543711  0.38741136 0.51641154],[0.30598545 0.33812374 0.36475155 0.34458798],[ 37.446754  63.993477  98.38343  132.42126 ],[ 84.17817   92.5687   102.796265 103.20455 ],[8.145208  8.024371  7.8421125 7.583231 ],[0.43067908 0.532582   0.67405385 0.8582033 ],[8.228059 8.225114 8.221141 8.218307],[0.4063242  0.44373652 0.4743657  0.49637356]
PATCHTST,C,1e-07,30,False,False,TDD,packagedrop,0.1,[0.5268369  0.7017247  0.8845256  0.93473184],[0.4287313  0.37751088 0.498209   0.29057437],[141.63925 182.19656 226.77498 256.1447 ],[142.63495 119.60058 128.42897 130.42078],[7.6647253 7.070418  6.63334   6.3054566],[0.82100624 1.1890509  1.2446826  1.2205772 ],[8.210542 8.202722 8.19268  8.180748],[0.5592177  0.55600965 0.5821842  0.64674735]
PATCHTST,C,3e-07,1,False,False,TDD,packagedrop,0.1,[0.02026094 0.0282063  0.04340474 0.07078986],[0.01138385 0.01457326 0.01919549 0.02756059],[ 5.7740474  8.514115  13.699584  22.985144 ],[3.2987475 4.474697  6.2739563 9.460549 ],[8.292383 8.287889 8.281648 8.274912],[0.12753162 0.12883961 0.13040906 0.13220641],[8.30922  8.309395 8.309544 8.309666],[0.12782563 0.12907478 0.13059264 0.132371  ]
PATCHTST,C,3e-07,10,False,False,TDD,packagedrop,0.1,[0.17397577 0.27083626 0.3746225  0.4961599 ],[0.30150694 0.3288904  0.3648649  0.3526617 ],[ 49.670887  78.30978  107.84089  144.36201 ],[ 96.22553  103.14407  110.590996 107.55011 ],[8.141043  8.031533  7.8953176 7.7058754],[0.36246482 0.4175955  0.50923294 0.63010013],[8.250104 8.243475 8.238306 8.233626],[0.33855358 0.37196392 0.40309045 0.43264046]
PATCHTST,C,3e-07,30,False,False,TDD,packagedrop,0.1,[0.5258391  0.73835707 0.8365056  0.92576075],[0.3184324  0.3178209  0.28120673 0.23570916],[159.82742 225.25703 257.68167 286.58255],[120.99039 132.14502 138.50414 138.35754],[7.448425  6.76377   6.5420494 6.384764 ],[0.87898767 1.295094   1.2673938  1.2572448 ],[8.243394  8.2595005 8.280929  8.2970915],[0.5275148  0.56576973 0.5995795  0.6289665 ]
PATCHTST,D,3e-08,1,False,False,TDD,packagedrop,0.1,[0.00326385 0.00452264 0.00640091 0.00939439],[0.00611698 0.00771753 0.01058107 0.01394967],[0.918294  1.2820908 1.86186   2.7864707],[1.6300422 2.0603251 2.8901803 3.8802512],[8.312757 8.311958 8.311365 8.310005],[0.16914617 0.1694884  0.1699333  0.17039666],[8.314398 8.314319 8.314234 8.314145],[0.1689577  0.1692839  0.16965668 0.17007592]
PATCHTST,D,3e-08,10,False,False,TDD,packagedrop,0.1,[0.05581871 0.06905258 0.10315272 0.13477586],[0.17037058 0.14947997 0.20285697 0.24304743],[16.471691 20.404076 30.618298 40.890064],[50.635265 42.828644 57.192707 69.38682 ],[8.307003 8.300619 8.293755 8.285656],[0.22177625 0.23257099 0.2439276  0.25338897],[8.316226 8.317209 8.319232 8.322231],[0.22064124 0.22971565 0.23861213 0.24789669]
PATCHTST,D,3e-08,30,False,False,TDD,packagedrop,0.1,[0.18616967 0.2513243  0.28116074 0.3252302 ],[0.3522392  0.40372708 0.3338569  0.31394312],[58.104614 77.731155 84.828026 99.28796 ],[114.6282   132.1887   105.926254 103.230194],[8.233683 8.201862 8.108868 8.095395],[0.3187274  0.34026223 0.47453573 0.43319672],[8.279626 8.265633 8.254636 8.245803],[0.3149234  0.33140603 0.3475315  0.37491977]
PATCHTST,D,1e-07,1,False,False,TDD,packagedrop,0.1,[0.00841183 0.01025254 0.01277429 0.01746175],[0.00548608 0.00745038 0.00970193 0.01361097],[2.4922233 3.04753   3.820527  5.2564907],[1.6129335 2.2084956 2.885409  4.060094 ],[8.301139 8.300428 8.2996   8.29816 ],[0.04658682 0.04798337 0.04950956 0.05113005],[8.30858  8.308749 8.308917 8.309082],[0.04570846 0.04691132 0.04821616 0.04961289]
PATCHTST,D,1e-07,10,False,False,TDD,packagedrop,0.1,[0.10603264 0.1367269  0.16996717 0.20488958],[0.2579313  0.2961588  0.35301983 0.37282607],[30.848871 39.824825 49.636246 60.722748],[ 73.12147   83.84909   99.25486  105.981705],[8.2830715 8.274737  8.265742  8.254077 ],[0.14629717 0.16630633 0.18512334 0.20482905],[8.302197 8.302738 8.303449 8.304353],[0.14413556 0.16243479 0.18018848 0.19722274]
PATCHTST,D,1e-07,30,False,False,TDD,packagedrop,0.1,[0.25669253 0.28758818 0.2909825  0.37235644],[0.54954076 0.43933183 0.34066772 0.37419203],[ 77.21103   86.14581   87.912    113.925316],[162.53554  125.428345  97.75773  111.771774],[8.257914 8.213785 8.218717 8.18035 ],[0.30053267 0.3711275  0.37904164 0.4369985 ],[8.307436 8.310596 8.312113 8.31137 ],[0.28931206 0.31602684 0.33770058 0.35521185]
PATCHTST,D,3e-07,1,False,False,TDD,packagedrop,0.1,[0.02775115 0.0300801  0.03354259 0.03684001],[0.01323537 0.01469494 0.0193283  0.02055702],[ 8.207497  8.905106  9.956188 10.966946],[3.9322617 4.3853116 5.814273  6.206347 ],[8.280657 8.279433 8.278379 8.277041],[0.0280626  0.02977456 0.03158985 0.03331066],[8.304571 8.304598 8.304624 8.304644],[0.02125929 0.02278931 0.02444145 0.02619203]
PATCHTST,D,3e-07,10,False,False,TDD,packagedrop,0.1,[0.08400462 0.0954258  0.1197242  0.15188274],[0.17402886 0.19561154 0.23047021 0.2638027 ],[25.48044  29.173357 36.715816 46.970787],[54.006363 61.30593  72.29447  81.97305 ],[8.258936 8.255063 8.252844 8.247867],[0.1383085  0.15672174 0.17602414 0.19468856],[8.291802 8.291453 8.291422 8.291797],[0.13622427 0.15536554 0.17447104 0.193445  ]
PATCHTST,D,3e-07,30,False,False,TDD,packagedrop,0.1,[0.24507415 0.2858291  0.35106942 0.39085227],[0.39688876 0.39748907 0.430185   0.42154992],[ 77.16648   89.99298  109.101944 122.48435 ],[129.04478 128.66014 137.53009 136.33327],[8.2247   8.239588 8.172934 8.149637],[0.3532457  0.29525122 0.474382   0.40982908],[8.314291 8.305841 8.296564 8.287483],[0.25759736 0.28634158 0.31637365 0.34177953]
PATCHTST,A,3e-08,1,False,False,TDD,packagedrop,0.09,[0.004261   0.00755164 0.01233954 0.02197032],[0.00671134 0.00998444 0.01510648 0.02228693],[1.5900972 3.1660736 5.0900636 8.799957 ],[2.4066517 3.9167757 5.9227967 8.87072  ],[8.328477 8.324997 8.322664 8.319252],[0.1893651  0.19346121 0.19837822 0.20359392],[8.330993 8.329849 8.328677 8.327478],[0.19007084 0.19461922 0.19951843 0.20474008]
PATCHTST,A,3e-08,10,False,False,TDD,packagedrop,0.09,[0.14333828 0.20874201 0.28268093 0.38174233],[0.37555823 0.37150416 0.3588383  0.44392425],[35.60305  49.147114 63.739567 84.99661 ],[103.73485 105.95978  96.34206 100.08776],[8.186285 8.153696 8.106998 8.040204],[0.5533828  0.6279177  0.71000946 0.82075065],[8.202797 8.202787 8.20477  8.210616],[0.5486622  0.603959   0.65337497 0.69756156]
PATCHTST,A,3e-08,30,False,False,TDD,packagedrop,0.09,[0.39204848 0.6656305  0.8283268  1.0693984 ],[0.4614347 0.7077982 0.7166919 1.0094929],[ 65.452835 120.500725 165.78061  219.98335 ],[ 80.78097 136.59982 141.62778 188.84755],[7.692713  7.5082006 7.22585   6.8155947],[1.1195091 1.2919512 1.3594052 1.5547345],[7.9305916 7.937528  7.938669  7.9467754],[0.94080913 0.97129947 1.0151565  1.0446168 ]
PATCHTST,A,1e-07,1,False,False,TDD,packagedrop,0.09,[0.0046772  0.00759791 0.01224086 0.02192101],[0.00322708 0.00536831 0.00833109 0.01337392],[1.5938921 3.0755765 5.066582  9.303106 ],[1.6882882 3.4214458 5.390872  8.869747 ],[8.260129 8.25891  8.258403 8.257211],[0.5142815 0.5141121 0.5146232 0.5151515],[8.262489 8.263346 8.264196 8.265036],[0.5146195  0.5150341  0.5156064  0.51633507]
PATCHTST,A,1e-07,10,False,False,TDD,packagedrop,0.09,[0.12103861 0.19023365 0.2648811  0.3402835 ],[0.306364   0.3348238  0.35991976 0.3612464 ],[30.19096  48.691406 65.51498  92.74678 ],[ 82.31126 108.60084 118.31727 133.90437],[8.119782 8.081136 8.043518 7.950465],[0.6250346  0.67177546 0.7384124  0.82062966],[8.144523 8.146372 8.146507 8.145758],[0.6222944 0.6648694 0.7096781 0.7541992]
PATCHTST,A,1e-07,30,False,False,TDD,packagedrop,0.09,[0.36904782 0.6092644  0.7854597  0.9642596 ],[0.45184895 0.89974266 0.5798252  0.6279265 ],[ 97.12696 133.07393 197.16957 233.78758],[144.61871 140.17052 192.00949 201.98685],[7.881804  7.613224  7.1708617 6.695081 ],[1.0376421 1.2316602 1.4510112 1.6704222],[8.072836  8.0405245 7.9876432 7.931781 ],[0.9680374 1.0242085 1.0625325 1.0865595]
PATCHTST,A,3e-07,1,False,False,TDD,packagedrop,0.09,[0.01096669 0.01798431 0.03269041 0.05610224],[0.00524953 0.00856037 0.01321919 0.02132858],[ 3.5607238  6.289161  11.722822  19.888847 ],[ 2.282479   3.9286678  6.471395  10.32046  ],[8.209362  8.208022  8.206372  8.2064295],[0.3534486  0.35424122 0.3553211  0.35677642],[8.213685 8.214922 8.216152 8.217376],[0.35320455 0.35431996 0.3555505  0.35689354]
PATCHTST,A,3e-07,10,False,False,TDD,packagedrop,0.09,[0.12336267 0.1973404  0.29113415 0.40137294],[0.22464584 0.2823293  0.37708947 0.40376362],[ 31.983593  51.603893  76.44877  110.82644 ],[ 66.86432   85.48599  110.480865 111.40848 ],[8.128955 8.082281 8.025401 7.929153],[0.63757145 0.7179605  0.7977747  0.8899494 ],[8.171758 8.174995 8.178912 8.18387 ],[0.61714435 0.66222095 0.70273554 0.73701555]
PATCHTST,A,3e-07,30,False,False,TDD,packagedrop,0.09,[0.6071564  0.75996673 0.890839   1.0055923 ],[0.754802   0.6485085  0.58775806 0.5401474 ],[197.21065 231.49214 251.35988 280.9306 ],[290.20743 260.98566 236.01764 212.37424],[7.691129  7.3840528 7.1534657 6.8065825],[1.0796664 1.1784012 1.4651327 1.6114092],[8.039328 8.043646 8.03752  8.038265],[0.90889144 0.95316565 1.0154774  1.050955  ]
PATCHTST,C,3e-08,1,False,False,TDD,packagedrop,0.09,[0.00569134 0.01035854 0.01744126 0.03018749],[0.00601078 0.01103879 0.01703629 0.02705366],[ 2.0396962  4.0403166  6.4326763 10.459199 ],[2.2188332 3.8019302 5.347864  7.5053167],[8.315629  8.3123665 8.310749  8.308194 ],[0.13130623 0.13336383 0.13623685 0.13935204],[8.320241 8.321053 8.321877 8.322711],[0.1314964  0.13392694 0.13672413 0.13986447]
PATCHTST,C,3e-08,10,False,False,TDD,packagedrop,0.09,[0.17728813 0.3055957  0.49242413 0.6249887 ],[0.4006361  0.4176112  0.52506655 0.5669071 ],[ 38.190845  59.59038   92.73252  124.95382 ],[100.77777  101.8978   110.40793  110.287254],[8.16555   8.055112  7.8572383 7.52518  ],[0.45962766 0.56267226 0.7854555  1.2143695 ],[8.214156 8.200949 8.206897 8.228696],[0.43586653 0.47545165 0.5107417  0.53240734]
PATCHTST,C,3e-08,30,False,False,TDD,packagedrop,0.09,[0.70133746 0.97707886 1.0885841  1.0870513 ],[0.72328544 0.76143134 0.5675945  0.4313105 ],[140.19821 207.15727 252.49925 268.77713],[124.980606 129.51385  144.16367  141.4788  ],[7.5500774 6.6448913 6.2634435 5.6934733],[1.0926539 1.7976233 1.5815142 1.740529 ],[8.26459   8.2423935 8.200481  8.146262 ],[0.59722245 0.63432664 0.6843038  0.7340101 ]
PATCHTST,C,1e-07,1,False,False,TDD,packagedrop,0.09,[0.00531877 0.00882621 0.01444843 0.02619913],[0.00412984 0.00656266 0.01008967 0.01448171],[1.5666214 2.9352648 5.0571275 9.21199  ],[1.5648651 2.6136994 3.8184822 5.7768784],[8.28404   8.280406  8.2771845 8.273198 ],[0.20082542 0.20278631 0.205249   0.20791753],[8.287666  8.286729  8.285783  8.2848215],[0.20094848 0.20314613 0.20554835 0.20814276]
PATCHTST,C,1e-07,10,False,False,TDD,packagedrop,0.09,[0.13499421 0.23288709 0.35809922 0.48888302],[0.27377287 0.29092735 0.29748347 0.29923248],[ 35.83392   60.849953  93.38657  128.29486 ],[100.45679   99.68061   98.791626  99.01556 ],[8.158065 8.054224 7.871675 7.628192],[0.42740124 0.49883527 0.6140276  0.7558603 ],[8.228059 8.225114 8.221141 8.218307],[0.4063242  0.44373652 0.4743657  0.49637356]
PATCHTST,C,1e-07,30,False,False,TDD,packagedrop,0.09,[0.49740398 0.67103595 0.8231575  0.9470211 ],[0.3872582  0.34169418 0.31043974 0.2854169 ],[133.4763  177.36461 221.46211 261.7444 ],[130.48254 115.40825 130.5228  138.13635],[7.5536456 7.1242247 6.5428753 6.0888085],[0.9775358 1.105697  1.3477443 1.3606323],[8.210542 8.202722 8.19268  8.180748],[0.5592177  0.55600965 0.5821842  0.64674735]
PATCHTST,C,3e-07,1,False,False,TDD,packagedrop,0.09,[0.02008488 0.02793349 0.04312548 0.07029441],[0.01068804 0.01335366 0.01734274 0.02448856],[ 5.7175508  8.426408  13.621269  22.845898 ],[3.0566711 4.057951  5.68185   8.59129  ],[8.292334 8.287806 8.281546 8.274952],[0.12771074 0.1291018  0.13080171 0.132732  ],[8.30922  8.309395 8.309544 8.309666],[0.12782563 0.12907478 0.13059264 0.132371  ]
PATCHTST,C,3e-07,10,False,False,TDD,packagedrop,0.09,[0.1736936  0.2560538  0.3548956  0.47985527],[0.31717402 0.3052189  0.355808   0.33181995],[ 49.12247  72.97254 101.15208 140.10033],[ 91.70304   90.108345 101.2028    96.9362  ],[8.149465  8.0423975 7.9074416 7.729732 ],[0.35099068 0.41176516 0.5007742  0.6063931 ],[8.250104 8.243475 8.238306 8.233626],[0.33855358 0.37196392 0.40309045 0.43264046]
PATCHTST,C,3e-07,30,False,False,TDD,packagedrop,0.09,[0.5900162  0.7710683  0.86600184 0.9655262 ],[0.40417907 0.37342966 0.3248199  0.27500027],[177.33595 236.2667  268.0047  299.98   ],[139.40947 152.83228 153.28484 148.36559],[7.3845687 6.8836536 6.631114  6.3999763],[1.0766082 1.2141585 1.2606915 1.274511 ],[8.243394  8.2595005 8.280929  8.2970915],[0.5275148  0.56576973 0.5995795  0.6289665 ]
PATCHTST,D,3e-08,1,False,False,TDD,packagedrop,0.09,[0.00302706 0.0044386  0.006371   0.00921185],[0.00511488 0.00712016 0.0120153  0.01510017],[0.90203375 1.322818   1.9468713  2.8441644 ],[1.6404252 2.3076768 3.97338   4.988554 ],[8.312743 8.311923 8.311309 8.310017],[0.16916159 0.16953571 0.1699804  0.17053898],[8.314398 8.314319 8.314234 8.314145],[0.1689577  0.1692839  0.16965668 0.17007592]
PATCHTST,D,3e-08,10,False,False,TDD,packagedrop,0.09,[0.06705201 0.07456621 0.09310979 0.11839628],[0.3136597  0.25521252 0.22927278 0.2577663 ],[23.1053   25.275856 31.143017 39.851112],[112.83053  92.71393  85.81939  99.17545],[8.30755  8.301914 8.293914 8.285652],[0.22084838 0.23242019 0.24215877 0.25140005],[8.316226 8.317209 8.319232 8.322231],[0.22064124 0.22971565 0.23861213 0.24789669]
PATCHTST,D,3e-08,30,False,False,TDD,packagedrop,0.09,[0.19587742 0.22782047 0.28544816 0.3488143 ],[0.3464739  0.34336898 0.4064845  0.36705565],[ 63.54613   69.7461    86.72838  106.099915],[128.08693  114.889565 129.12901  117.54764 ],[8.228086 8.190585 8.15711  8.118686],[0.32230172 0.3542696  0.3880015  0.39637098],[8.279626 8.265633 8.254636 8.245803],[0.3149234  0.33140603 0.3475315  0.37491977]
PATCHTST,D,1e-07,1,False,False,TDD,packagedrop,0.09,[0.00849537 0.01040657 0.01316442 0.01745394],[0.0075121  0.00991262 0.01329974 0.01738075],[2.5158885 3.0882719 3.9304938 5.2545   ],[2.2059038 2.9185514 3.9188948 5.150039 ],[8.301201 8.300457 8.299654 8.298212],[0.046587   0.04799229 0.04952615 0.05102354],[8.30858  8.308749 8.308917 8.309082],[0.04570846 0.04691132 0.04821616 0.04961289]
PATCHTST,D,1e-07,10,False,False,TDD,packagedrop,0.09,[0.08694939 0.0991688  0.1286604  0.16413069],[0.24180326 0.21758795 0.23631804 0.25853992],[25.968956 29.70988  38.71636  49.635574],[72.50732 65.67908 71.08283 76.94099],[8.283836 8.2768   8.269021 8.260333],[0.14589225 0.1658111  0.18349949 0.2004346 ],[8.302197 8.302738 8.303449 8.304353],[0.14413556 0.16243479 0.18018848 0.19722274]
PATCHTST,D,1e-07,30,False,False,TDD,packagedrop,0.09,[0.30072373 0.2540222  0.3166745  0.37163812],[0.6049999  0.40755245 0.41043964 0.40777844],[ 98.286514  83.5429   101.385155 119.8705  ],[209.46396 142.5036  132.18248 137.34056],[8.25305   8.2353945 8.22968   8.172822 ],[0.30012634 0.33677864 0.35296962 0.43577796],[8.307436 8.310596 8.312113 8.31137 ],[0.28931206 0.31602684 0.33770058 0.35521185]
PATCHTST,D,3e-07,1,False,False,TDD,packagedrop,0.09,[0.02703422 0.02874725 0.03120984 0.03406135],[0.01227846 0.01298217 0.0144798  0.01645914],[ 7.9858093  8.494774   9.241717  10.114811 ],[3.6244996 3.8347526 4.286289  4.882792 ],[8.280652 8.279434 8.278428 8.277226],[0.0280527  0.02974742 0.03153887 0.03329591],[8.304571 8.304598 8.304624 8.304644],[0.02125929 0.02278931 0.02444145 0.02619203]
PATCHTST,D,3e-07,10,False,False,TDD,packagedrop,0.09,[0.09023521 0.11017882 0.13024068 0.14376837],[0.20060289 0.24512006 0.2647263  0.2764653 ],[26.990051 32.96183  38.943832 43.293854],[59.855247 72.90798  79.48307  82.55805 ],[8.259463 8.255566 8.251976 8.246874],[0.13799396 0.15661943 0.17586708 0.19439295],[8.291802 8.291453 8.291422 8.291797],[0.13622427 0.15536554 0.17447104 0.193445  ]
PATCHTST,D,3e-07,30,False,False,TDD,packagedrop,0.09,[0.37714782 0.41472492 0.43721184 0.47615716],[0.60672045 0.62050486 0.53153676 0.49889305],[112.11055 122.0886  131.17407 141.19012],[172.4306  177.03293 158.2307  142.08723],[8.234759  8.239995  8.178976  8.1184225],[0.34457454 0.29899365 0.40260592 0.45413688],[8.314291 8.305841 8.296564 8.287483],[0.25759736 0.28634158 0.31637365 0.34177953]
PATCHTST,A,3e-08,1,False,False,TDD,packagedrop,0.08,[0.00303541 0.00558881 0.00932122 0.01752789],[0.00270362 0.00459284 0.00736279 0.01251676],[1.184371  2.5012999 4.129624  7.3457685],[1.3851594 2.5967066 4.2003155 6.445662 ],[8.328418 8.324852 8.322565 8.319095],[0.18930778 0.19334877 0.19815637 0.20329489],[8.330993 8.329849 8.328677 8.327478],[0.19007084 0.19461922 0.19951843 0.20474008]
PATCHTST,A,3e-08,10,False,False,TDD,packagedrop,0.08,[0.07550607 0.13915329 0.23457775 0.34094638],[0.19310239 0.21510433 0.3246603  0.44718942],[16.432697 27.379036 45.44841  67.77252 ],[53.59301  55.181557 56.594875 56.241863],[8.186165 8.161228 8.1179   8.049243],[0.55236554 0.6213078  0.7004576  0.79367715],[8.202797 8.202787 8.20477  8.210616],[0.5486622  0.603959   0.65337497 0.69756156]
PATCHTST,A,3e-08,30,False,False,TDD,packagedrop,0.08,[0.4243371  0.6176508  0.84802306 1.016711  ],[0.54398865 0.56416094 0.7320901  0.8317826 ],[ 70.472824 113.05224  170.26512  212.01451 ],[ 89.29733 108.10682 141.08298 174.18715],[7.7359257 7.5138965 7.2727294 6.9786296],[1.092298  1.3042608 1.3684465 1.4483048],[7.9305916 7.937528  7.938669  7.9467754],[0.94080913 0.97129947 1.0151565  1.0446168 ]
PATCHTST,A,1e-07,1,False,False,TDD,packagedrop,0.08,[0.00503987 0.00830702 0.01362619 0.02416691],[0.00360269 0.007084   0.01163033 0.02032383],[ 1.7057543  3.301273   5.489824  10.014276 ],[ 1.7359648  3.7690926  6.191223  10.891918 ],[8.260151 8.258978 8.25846  8.25725 ],[0.51422775 0.51398253 0.51440495 0.5147903 ],[8.262489 8.263346 8.264196 8.265036],[0.5146195  0.5150341  0.5156064  0.51633507]
PATCHTST,A,1e-07,10,False,False,TDD,packagedrop,0.08,[0.15974909 0.25183332 0.3523525  0.4296007 ],[0.32617787 0.45366132 0.5779906  0.5655843 ],[ 41.27337   62.148766  85.54035  111.643166],[ 99.66208  120.009834 133.95482  149.23825 ],[8.120686  8.090821  8.047135  7.9733524],[0.6314185  0.68485314 0.74882066 0.8197579 ],[8.144523 8.146372 8.146507 8.145758],[0.6222944 0.6648694 0.7096781 0.7541992]
PATCHTST,A,1e-07,30,False,False,TDD,packagedrop,0.08,[0.4796347  0.6620449  0.82920146 0.95830584],[0.5531883  1.0056809  0.53699195 0.50365764],[138.86504 154.51654 214.57283 242.93385],[204.87077 173.71623 208.38742 209.55641],[7.8154497 7.5477996 7.151333  6.6309676],[1.0546697 1.3087317 1.5040383 1.5506396],[8.072836  8.0405245 7.9876432 7.931781 ],[0.9680374 1.0242085 1.0625325 1.0865595]
PATCHTST,A,3e-07,1,False,False,TDD,packagedrop,0.08,[0.01095643 0.01772409 0.03223307 0.05499766],[0.00545016 0.00838414 0.01269002 0.01910918],[ 3.52428    6.1736073 11.526232  19.530878 ],[2.1773732 3.672577  6.0336976 9.585367 ],[8.209366 8.208054 8.206401 8.206447],[0.35351366 0.3542032  0.35535732 0.3567305 ],[8.213685 8.214922 8.216152 8.217376],[0.35320455 0.35431996 0.3555505  0.35689354]
PATCHTST,A,3e-07,10,False,False,TDD,packagedrop,0.08,[0.10697105 0.17391625 0.24749212 0.37194282],[0.23660292 0.26606032 0.3029936  0.3503959 ],[ 26.75027   45.169643  65.93622  105.0912  ],[51.372547 65.34398  81.15659  99.4704  ],[8.132259  8.096479  8.043774  7.9518714],[0.6298452  0.69354343 0.76916105 0.8503979 ],[8.171758 8.174995 8.178912 8.18387 ],[0.61714435 0.66222095 0.70273554 0.73701555]
PATCHTST,A,3e-07,30,False,False,TDD,packagedrop,0.08,[0.51934904 0.6663856  0.8657081  1.0230315 ],[0.56855613 0.4258671  0.5710098  0.62871313],[163.4616  193.44238 231.21577 274.7291 ],[241.3315  179.50883 189.02786 200.37447],[7.691439  7.4247975 7.181363  6.8694696],[1.1332752 1.2964214 1.4325035 1.5302507],[8.039328 8.043646 8.03752  8.038265],[0.90889144 0.95316565 1.0154774  1.050955  ]
PATCHTST,C,3e-08,1,False,False,TDD,packagedrop,0.08,[0.00450487 0.00829539 0.01441391 0.02547606],[0.00248859 0.0047491  0.00816624 0.01473482],[1.6813751 3.5546885 5.762192  9.49723  ],[1.3261667 2.768383  4.032411  5.896896 ],[8.315565 8.312224 8.310461 8.307599],[0.13135026 0.13355368 0.13652094 0.13972603],[8.320241 8.321053 8.321877 8.322711],[0.1314964  0.13392694 0.13672413 0.13986447]
PATCHTST,C,3e-08,10,False,False,TDD,packagedrop,0.08,[0.14139336 0.30646777 0.480583   0.6116538 ],[0.33263746 0.5737414  0.61377335 0.60808754],[ 28.071577  49.330456  82.35972  117.504745],[ 89.41194   94.5063    98.50199  106.328094],[8.16879  8.062194 7.864399 7.559662],[0.46624544 0.5610873  0.7608661  1.1686444 ],[8.214156 8.200949 8.206897 8.228696],[0.43586653 0.47545165 0.5107417  0.53240734]
PATCHTST,C,3e-08,30,False,False,TDD,packagedrop,0.08,[0.6032661 0.9044099 1.0523684 1.0551776],[0.6431228  0.57430357 0.57586926 0.41436175],[118.36748 198.41473 249.1685  266.61136],[114.0555  131.59888 148.27306 149.22365],[7.6536775 6.761593  6.147576  5.7903466],[1.1803685 1.7309036 1.7770019 1.6412135],[8.26459   8.2423935 8.200481  8.146262 ],[0.59722245 0.63432664 0.6843038  0.7340101 ]
PATCHTST,C,1e-07,1,False,False,TDD,packagedrop,0.08,[0.00555668 0.00896758 0.01471497 0.02651413],[0.00522195 0.00750772 0.01096553 0.0153797 ],[1.6397047 3.0044432 5.19141   9.353911 ],[1.7641487 2.6697373 3.936957  5.748379 ],[8.284196 8.280715 8.277473 8.273556],[0.20070826 0.20260285 0.2050094  0.20755833],[8.287666  8.286729  8.285783  8.2848215],[0.20094848 0.20314613 0.20554835 0.20814276]
PATCHTST,C,1e-07,10,False,False,TDD,packagedrop,0.08,[0.13514571 0.23178624 0.3588621  0.48793042],[0.23807406 0.28808606 0.3161274  0.33169645],[ 29.170626  53.972015  86.91489  124.01063 ],[57.1306  70.49142 83.43092 93.73899],[8.159145  8.050849  7.8626823 7.632104 ],[0.42955297 0.50939023 0.62595165 0.7500685 ],[8.228059 8.225114 8.221141 8.218307],[0.4063242  0.44373652 0.4743657  0.49637356]
PATCHTST,C,1e-07,30,False,False,TDD,packagedrop,0.08,[0.47754943 0.67579985 0.8160351  0.9337376 ],[0.46471882 0.4314203  0.33904225 0.28374442],[124.93375 172.58783 213.92834 255.94177],[157.40132 121.04945 118.58918 132.53444],[7.6670933 7.1645226 6.48317   6.207815 ],[0.9199153 1.0892466 1.4248502 1.3046967],[8.210542 8.202722 8.19268  8.180748],[0.5592177  0.55600965 0.5821842  0.64674735]
PATCHTST,C,3e-07,1,False,False,TDD,packagedrop,0.08,[0.02021267 0.02815952 0.04326262 0.07056744],[0.01157699 0.0146439  0.0188437  0.02655242],[ 5.7649207  8.504467  13.649562  22.868155 ],[3.292098 4.423006 6.073514 8.997922],[8.292362 8.287806 8.281542 8.274888],[0.12775171 0.12915015 0.13099317 0.13298358],[8.30922  8.309395 8.309544 8.309666],[0.12782563 0.12907478 0.13059264 0.132371  ]
PATCHTST,C,3e-07,10,False,False,TDD,packagedrop,0.08,[0.1717652  0.25189817 0.35401034 0.48657048],[0.29121882 0.297931   0.36181673 0.36862746],[ 50.051983  73.34856  102.64352  142.78061 ],[ 93.89275   94.87775  114.11082  114.182205],[8.144057 8.049854 7.919466 7.752627],[0.35750124 0.41350862 0.506058   0.6073744 ],[8.250104 8.243475 8.238306 8.233626],[0.33855358 0.37196392 0.40309045 0.43264046]
PATCHTST,C,3e-07,30,False,False,TDD,packagedrop,0.08,[0.54580057 0.74841845 0.80977386 0.9434993 ],[0.39721844 0.3501653  0.26948372 0.24956161],[164.18123 233.4412  253.44492 295.10852],[131.00273 154.36227 148.40073 151.17331],[7.4402065 6.823909  6.667093  6.4225616],[0.99548876 1.2302892  1.2624784  1.285045  ],[8.243394  8.2595005 8.280929  8.2970915],[0.5275148  0.56576973 0.5995795  0.6289665 ]
PATCHTST,D,3e-08,1,False,False,TDD,packagedrop,0.08,[0.00295673 0.00432272 0.00631403 0.00994432],[0.00345499 0.00475098 0.00723147 0.01121014],[0.86555207 1.2751068  1.91279    3.0461643 ],[1.0168433 1.416936  2.275091  3.5298436],[8.31275   8.311952  8.311336  8.3100395],[0.16915059 0.1695045  0.16995446 0.17043515],[8.314398 8.314319 8.314234 8.314145],[0.1689577  0.1692839  0.16965668 0.17007592]
PATCHTST,D,3e-08,10,False,False,TDD,packagedrop,0.08,[0.06310999 0.08027381 0.09831256 0.11357923],[0.23945513 0.2724828  0.2895782  0.2744627 ],[20.098385 25.400879 30.833694 35.79741 ],[77.26914  87.713806 92.54369  86.91532 ],[8.307834  8.3020735 8.294338  8.287354 ],[0.22131073 0.23172323 0.24176995 0.25232875],[8.316226 8.317209 8.319232 8.322231],[0.22064124 0.22971565 0.23861213 0.24789669]
PATCHTST,D,3e-08,30,False,False,TDD,packagedrop,0.08,[0.22794478 0.24980056 0.28637674 0.34590352],[0.48272625 0.39474216 0.3384003  0.36828935],[ 66.76123  75.66776  85.03855 105.48365],[137.95065  124.4653   104.235886 124.169   ],[8.232507 8.189232 8.140948 8.130235],[0.3382808  0.3618244  0.40026888 0.39679867],[8.279626 8.265633 8.254636 8.245803],[0.3149234  0.33140603 0.3475315  0.37491977]
PATCHTST,D,1e-07,1,False,False,TDD,packagedrop,0.08,[0.00838112 0.01006938 0.01293921 0.01702404],[0.00549988 0.00727646 0.01063318 0.01442266],[2.4839404 2.9902563 3.867899  5.12888  ],[1.6284807 2.1682029 3.178827  4.3387566],[8.30122   8.3005495 8.299768  8.298336 ],[0.0465983  0.04797277 0.04948046 0.05099143],[8.30858  8.308749 8.308917 8.309082],[0.04570846 0.04691132 0.04821616 0.04961289]
PATCHTST,D,1e-07,10,False,False,TDD,packagedrop,0.08,[0.10359373 0.12998135 0.15053958 0.16688247],[0.30081943 0.35565126 0.3541041  0.32724178],[30.808142 38.57975  44.615448 49.551857],[ 90.61367  107.36299  106.05813   97.453575],[8.283431  8.276447  8.2675295 8.258152 ],[0.14647721 0.1649371  0.18321955 0.2014188 ],[8.302197 8.302738 8.303449 8.304353],[0.14413556 0.16243479 0.18018848 0.19722274]
PATCHTST,D,1e-07,30,False,False,TDD,packagedrop,0.08,[0.16515768 0.20692416 0.24677415 0.3203873 ],[0.3109713  0.3367481  0.33395195 0.3631128 ],[52.724922 66.20583  76.47535  99.03133 ],[105.89176  113.359276 105.98977  109.698746],[8.257767 8.254635 8.245078 8.199974],[0.29823816 0.3219252  0.35169372 0.4035857 ],[8.307436 8.310596 8.312113 8.31137 ],[0.28931206 0.31602684 0.33770058 0.35521185]
PATCHTST,D,3e-07,1,False,False,TDD,packagedrop,0.08,[0.02717915 0.02886534 0.03111082 0.03405637],[0.01260762 0.01326006 0.01434289 0.01588082],[ 8.031425  8.532872  9.217273 10.118818],[3.7300751 3.9255905 4.257893  4.7172923],[8.280645 8.279416 8.278376 8.277191],[0.02805922 0.02977837 0.03158857 0.03334307],[8.304571 8.304598 8.304624 8.304644],[0.02125929 0.02278931 0.02444145 0.02619203]
PATCHTST,D,3e-07,10,False,False,TDD,packagedrop,0.08,[0.09876326 0.1098828  0.1252123  0.13786073],[0.28382453 0.27510455 0.31705987 0.27832156],[29.188126 32.58035  37.140125 41.135773],[82.79054  80.94353  92.675995 81.19634 ],[8.259452 8.254579 8.252093 8.246689],[0.13829575 0.15773237 0.1768808  0.19657531],[8.291802 8.291453 8.291422 8.291797],[0.13622427 0.15536554 0.17447104 0.193445  ]
PATCHTST,D,3e-07,30,False,False,TDD,packagedrop,0.08,[0.22600506 0.2501122  0.29779384 0.34525734],[0.4079327  0.34847754 0.34818473 0.34166726],[ 70.8402    78.460236  90.977585 107.38745 ],[138.16907  129.4753   111.577545 119.065056],[8.245415 8.201161 8.202537 8.154095],[0.29008093 0.4427728  0.35023108 0.42031854],[8.314291 8.305841 8.296564 8.287483],[0.25759736 0.28634158 0.31637365 0.34177953]
PATCHTST,A,3e-08,1,False,False,TDD,packagedrop,0.07,[0.00309957 0.00599222 0.00980737 0.01862732],[0.00390801 0.00685168 0.01065456 0.01790626],[1.2349261 2.6865637 4.2858443 7.785578 ],[1.763653  3.2946396 4.853772  7.9470763],[8.328521 8.325059 8.322815 8.319441],[0.18927988 0.19331028 0.1981527  0.20330572],[8.330993 8.329849 8.328677 8.327478],[0.19007084 0.19461922 0.19951843 0.20474008]
PATCHTST,A,3e-08,10,False,False,TDD,packagedrop,0.07,[0.10841564 0.17645966 0.24603571 0.32968137],[0.29523093 0.31878427 0.30295464 0.3409692 ],[28.138454 42.73218  58.39702  78.30462 ],[ 90.89313  100.355225  96.01513   96.069885],[8.186848 8.160369 8.118726 8.046561],[0.55229867 0.6200486  0.6936983  0.7949122 ],[8.202797 8.202787 8.20477  8.210616],[0.5486622  0.603959   0.65337497 0.69756156]
PATCHTST,A,3e-08,30,False,False,TDD,packagedrop,0.07,[0.3988794  0.65787375 0.854569   1.0200142 ],[0.42410722 0.81438434 0.9458128  0.8771973 ],[ 73.707886 115.9196   168.8684   219.60852 ],[105.84258 117.80467 147.5869  184.69633],[7.6690497 7.428173  7.2155476 6.8174024],[1.0961684 1.4106069 1.3263894 1.5947645],[7.9305916 7.937528  7.938669  7.9467754],[0.94080913 0.97129947 1.0151565  1.0446168 ]
PATCHTST,A,1e-07,1,False,False,TDD,packagedrop,0.07,[0.00443995 0.00708883 0.01179643 0.02104435],[0.00332277 0.00503531 0.00808019 0.01239873],[1.4969466 2.8571928 4.8837533 8.940195 ],[1.4424475 2.8760493 4.70055   7.857956 ],[8.260177 8.25904  8.258536 8.257351],[0.5141977 0.5139865 0.5143832 0.5147485],[8.262489 8.263346 8.264196 8.265036],[0.5146195  0.5150341  0.5156064  0.51633507]
PATCHTST,A,1e-07,10,False,False,TDD,packagedrop,0.07,[0.09412445 0.14921635 0.22897242 0.30187157],[0.25670806 0.28469825 0.31360188 0.3018731 ],[29.457731 41.58189  58.02051  84.61725 ],[ 99.09196 112.06312 115.06139 126.33035],[8.12471  8.103039 8.061711 7.993798],[0.62767905 0.67715526 0.7364593  0.7929749 ],[8.144523 8.146372 8.146507 8.145758],[0.6222944 0.6648694 0.7096781 0.7541992]
PATCHTST,A,1e-07,30,False,False,TDD,packagedrop,0.07,[0.34569013 0.57112885 0.71527    0.88024473],[0.4126468  0.8827552  0.44659576 0.39367008],[ 92.56791 128.36644 190.07162 230.6314 ],[133.2276  132.93832 187.66245 200.74152],[7.832703  7.583125  7.2673206 6.597567 ],[1.1157638 1.3240408 1.3747942 1.5684347],[8.072836  8.0405245 7.9876432 7.931781 ],[0.9680374 1.0242085 1.0625325 1.0865595]
PATCHTST,A,3e-07,1,False,False,TDD,packagedrop,0.07,[0.01028844 0.01669645 0.03130286 0.05400033],[0.00329002 0.00511998 0.00911304 0.0162417 ],[ 3.318765  5.873854 11.319607 19.273283],[1.4970585 2.7763278 5.2307653 8.901351 ],[8.209316 8.208032 8.206322 8.206419],[0.3534379  0.35410196 0.35516447 0.35660234],[8.213685 8.214922 8.216152 8.217376],[0.35320455 0.35431996 0.3555505  0.35689354]
PATCHTST,A,3e-07,10,False,False,TDD,packagedrop,0.07,[0.07032248 0.1373137  0.2184228  0.33153427],[0.06444398 0.09950926 0.14224145 0.19966961],[18.17599  37.408043 60.665787 97.07951 ],[18.524431 31.508698 46.98059  74.0575  ],[8.131275 8.093559 8.038129 7.944683],[0.6353951  0.70291    0.77352107 0.8558246 ],[8.171758 8.174995 8.178912 8.18387 ],[0.61714435 0.66222095 0.70273554 0.73701555]
PATCHTST,A,3e-07,30,False,False,TDD,packagedrop,0.07,[0.44534102 0.63771856 0.81367356 0.968604  ],[0.40957296 0.37904248 0.4941453  0.5062415 ],[143.12881 188.30603 224.15103 267.09445],[194.71921 182.59402 191.40974 194.57515],[7.638438  7.462937  7.292465  6.8459873],[1.1085219 1.1550287 1.3433005 1.549682 ],[8.039328 8.043646 8.03752  8.038265],[0.90889144 0.95316565 1.0154774  1.050955  ]
PATCHTST,C,3e-08,1,False,False,TDD,packagedrop,0.07,[0.00546749 0.01004492 0.01716317 0.02967864],[0.00481545 0.0084249  0.01303462 0.02101381],[ 2.0171995  4.146986   6.6024504 10.66761  ],[1.8932846 3.6621706 5.2404094 7.6744623],[8.315483 8.312144 8.310319 8.307614],[0.13127933 0.13333896 0.13628496 0.13946946],[8.320241 8.321053 8.321877 8.322711],[0.1314964  0.13392694 0.13672413 0.13986447]
PATCHTST,C,3e-08,10,False,False,TDD,packagedrop,0.07,[0.19132644 0.33977902 0.49399087 0.6271393 ],[0.42873544 0.59532076 0.6043726  0.5731884 ],[ 34.43977   54.247826  89.46363  123.385284],[ 86.42305   90.06595  105.593765 110.98842 ],[8.158384  8.037     7.8179717 7.488987 ],[0.4726803  0.61348283 0.93113387 1.3357404 ],[8.214156 8.200949 8.206897 8.228696],[0.43586653 0.47545165 0.5107417  0.53240734]
PATCHTST,C,3e-08,30,False,False,TDD,packagedrop,0.07,[0.60106105 0.9045906  1.0620717  1.069021  ],[0.61991256 0.58196735 0.5555523  0.41354084],[119.27232 201.1675  255.84375 266.31778],[106.68434  125.493774 150.49557  146.3253  ],[7.677893  6.62414   6.130685  5.7934217],[1.0569211 1.866964  1.7602485 1.6856997],[8.26459   8.2423935 8.200481  8.146262 ],[0.59722245 0.63432664 0.6843038  0.7340101 ]
PATCHTST,C,1e-07,1,False,False,TDD,packagedrop,0.07,[0.00453129 0.00744783 0.01255835 0.02356032],[0.00313588 0.00506147 0.00760211 0.01189441],[1.3455842 2.547001  4.528581  8.508147 ],[1.3844118 2.4090424 3.5162752 5.5709596],[8.284223 8.280805 8.277518 8.273627],[0.2007656  0.20269062 0.20507239 0.20768799],[8.287666  8.286729  8.285783  8.2848215],[0.20094848 0.20314613 0.20554835 0.20814276]
PATCHTST,C,1e-07,10,False,False,TDD,packagedrop,0.07,[0.13289553 0.21678334 0.33635616 0.4553541 ],[0.35672876 0.3419788  0.3482705  0.33826345],[ 30.668459  52.74843   83.62207  117.19008 ],[87.53438  86.877014 93.08019  98.032814],[8.167463  8.068284  7.9034142 7.6676617],[0.4214942  0.48802435 0.57910603 0.71174365],[8.228059 8.225114 8.221141 8.218307],[0.4063242  0.44373652 0.4743657  0.49637356]
PATCHTST,C,1e-07,30,False,False,TDD,packagedrop,0.07,[0.49999604 0.68331003 0.8716219  0.91807437],[0.42595437 0.384718   0.4336326  0.28861246],[129.44633 176.25195 224.07799 252.62924],[126.80006 119.4807  136.68341 134.64523],[7.6794105 7.0703583 6.568553  6.2669497],[0.7964604 1.100086  1.3765658 1.3384438],[8.210542 8.202722 8.19268  8.180748],[0.5592177  0.55600965 0.5821842  0.64674735]
PATCHTST,C,3e-07,1,False,False,TDD,packagedrop,0.07,[0.0201176  0.0280489  0.04331067 0.07094224],[0.01085062 0.01381843 0.01807807 0.02598078],[ 5.7354736  8.467841  13.677749  23.012741 ],[3.156672  4.3080363 6.063815  9.189379 ],[8.292359 8.287904 8.281652 8.274993],[0.12788622 0.12923445 0.13101238 0.1330326 ],[8.30922  8.309395 8.309544 8.309666],[0.12782563 0.12907478 0.13059264 0.132371  ]
PATCHTST,C,3e-07,10,False,False,TDD,packagedrop,0.07,[0.16215056 0.2623279  0.36345962 0.4969372 ],[0.2683203  0.32308933 0.37300634 0.39744413],[ 42.356632  70.93492  100.08869  141.99219 ],[59.716003 74.781456 88.35578  97.14176 ],[8.152333  8.058249  7.9289327 7.7533813],[0.3543086  0.40715915 0.48470697 0.5950923 ],[8.250104 8.243475 8.238306 8.233626],[0.33855358 0.37196392 0.40309045 0.43264046]
PATCHTST,C,3e-07,30,False,False,TDD,packagedrop,0.07,[0.6519381  0.7765448  0.85636824 0.9367997 ],[0.5248936  0.38117433 0.32339907 0.24382234],[194.77707 236.94916 264.3743  293.51135],[169.49284 151.94966 143.30338 145.27827],[7.353699  6.8073792 6.6078277 6.3256416],[1.0619966 1.2679023 1.3305216 1.3873658],[8.243394  8.2595005 8.280929  8.2970915],[0.5275148  0.56576973 0.5995795  0.6289665 ]
PATCHTST,D,3e-08,1,False,False,TDD,packagedrop,0.07,[0.00280147 0.00454941 0.00638418 0.00978068],[0.00292286 0.00792016 0.01063312 0.01352992],[0.799996  1.2840893 1.8619413 2.8920896],[0.7862346 1.9919314 2.7931483 3.6287458],[8.312723 8.311872 8.311196 8.309845],[0.16918822 0.16963169 0.1701661  0.17068243],[8.314398 8.314319 8.314234 8.314145],[0.1689577  0.1692839  0.16965668 0.17007592]
PATCHTST,D,3e-08,10,False,False,TDD,packagedrop,0.07,[0.05834755 0.07796435 0.10551651 0.12989445],[0.19721878 0.21221626 0.25908676 0.25816762],[18.441141 24.404861 32.779762 40.185852],[69.830894 73.84574  88.83834  84.21158 ],[8.307171 8.30056  8.293688 8.286814],[0.22117837 0.23288254 0.24514101 0.25646994],[8.316226 8.317209 8.319232 8.322231],[0.22064124 0.22971565 0.23861213 0.24789669]
PATCHTST,D,3e-08,30,False,False,TDD,packagedrop,0.07,[0.17525679 0.17820568 0.23737137 0.31352285],[0.39420205 0.32607967 0.32926363 0.33805165],[50.34417  53.875763 69.628136 89.91288 ],[114.877655 109.19969  100.72966   94.2824  ],[8.2211075 8.207176  8.15689   8.111241 ],[0.41132668 0.34895286 0.4004259  0.45183066],[8.279626 8.265633 8.254636 8.245803],[0.3149234  0.33140603 0.3475315  0.37491977]
PATCHTST,D,1e-07,1,False,False,TDD,packagedrop,0.07,[0.00745163 0.00903301 0.01113362 0.01467364],[0.00378926 0.00604257 0.00724771 0.00912348],[2.2021477 2.678077  3.3214674 4.415785 ],[1.0907099 1.7671285 2.11568   2.7066967],[8.301182 8.300446 8.29965  8.298231],[0.04659794 0.04799075 0.04950341 0.05101404],[8.30858  8.308749 8.308917 8.309082],[0.04570846 0.04691132 0.04821616 0.04961289]
PATCHTST,D,1e-07,10,False,False,TDD,packagedrop,0.07,[0.04956406 0.07063942 0.09359356 0.12159204],[0.13205786 0.15456997 0.18409334 0.21645068],[14.310927 20.479094 27.225819 35.901546],[36.001736 40.776844 47.022236 54.69696 ],[8.283913 8.277462 8.269738 8.26126 ],[0.14535795 0.16422647 0.18251291 0.1996058 ],[8.302197 8.302738 8.303449 8.304353],[0.14413556 0.16243479 0.18018848 0.19722274]
PATCHTST,D,1e-07,30,False,False,TDD,packagedrop,0.07,[0.21449116 0.21734804 0.2624016  0.28617156],[0.49347663 0.38419187 0.4111912  0.30396512],[64.525116 66.31626  80.30603  88.49424 ],[140.3225  112.86295 121.81098  94.22681],[8.2535925 8.221011  8.235471  8.174173 ],[0.2885042  0.38329008 0.35278013 0.47461045],[8.307436 8.310596 8.312113 8.31137 ],[0.28931206 0.31602684 0.33770058 0.35521185]
PATCHTST,D,3e-07,1,False,False,TDD,packagedrop,0.07,[0.02712939 0.02915899 0.03168983 0.03506518],[0.01186953 0.01252387 0.0133125  0.01521054],[ 8.013947  8.619108  9.386261 10.409707],[3.501929  3.6958385 3.9311106 4.49595  ],[8.28067  8.279457 8.278395 8.277187],[0.02803595 0.02973617 0.03155538 0.03330524],[8.304571 8.304598 8.304624 8.304644],[0.02125929 0.02278931 0.02444145 0.02619203]
PATCHTST,D,3e-07,10,False,False,TDD,packagedrop,0.07,[0.09324606 0.10238282 0.12802684 0.15497513],[0.20358472 0.19839714 0.24434629 0.28431424],[28.183477 31.288836 39.33814  48.20211 ],[62.80538  63.514328 78.44801  92.75886 ],[8.259823 8.255195 8.251777 8.248731],[0.13814092 0.15670419 0.1754029  0.1939923 ],[8.291802 8.291453 8.291422 8.291797],[0.13622427 0.15536554 0.17447104 0.193445  ]
PATCHTST,D,3e-07,30,False,False,TDD,packagedrop,0.07,[0.21446487 0.25564176 0.26276696 0.3397367 ],[0.4062115  0.4269856  0.34530777 0.4070386 ],[ 65.84018   76.17275   78.557625 102.754906],[124.58592 123.69389 102.52876 121.92628],[8.2573595 8.238834  8.202623  8.197626 ],[0.29560313 0.30475754 0.39816272 0.37505296],[8.314291 8.305841 8.296564 8.287483],[0.25759736 0.28634158 0.31637365 0.34177953]
PATCHTST,A,3e-08,1,False,False,TDD,packagedrop,0.06,[0.00382514 0.0070094  0.01141444 0.02073224],[0.00631031 0.00975983 0.01497979 0.02247338],[1.445593  2.9368148 4.7021236 8.228079 ],[2.3748806 3.8738687 5.8262095 8.694577 ],[8.328485 8.324998 8.322726 8.319364],[0.18932612 0.19339514 0.19826719 0.20350048],[8.330993 8.329849 8.328677 8.327478],[0.19007084 0.19461922 0.19951843 0.20474008]
PATCHTST,A,3e-08,10,False,False,TDD,packagedrop,0.06,[0.09163187 0.15736306 0.23465413 0.33250037],[0.25517458 0.27896655 0.30280694 0.41278213],[22.8183  33.91956 50.73566 69.44098],[77.86554  78.05003  79.338715 75.677444],[8.186378 8.159654 8.118627 8.050439],[0.552252  0.6206853 0.6957631 0.8027452],[8.202797 8.202787 8.20477  8.210616],[0.5486622  0.603959   0.65337497 0.69756156]
PATCHTST,A,3e-08,30,False,False,TDD,packagedrop,0.06,[0.35441798 0.57463825 0.8248823  0.98893625],[0.43152407 0.48581457 0.7307695  0.72477967],[ 64.103096 104.49853  158.1567   209.32692 ],[104.24548 106.91406 137.51175 176.9131 ],[7.75408   7.5554457 7.2679467 6.841002 ],[0.99992526 1.2431782  1.3872976  1.6019539 ],[7.9305916 7.937528  7.938669  7.9467754],[0.94080913 0.97129947 1.0151565  1.0446168 ]
PATCHTST,A,1e-07,1,False,False,TDD,packagedrop,0.06,[0.00551173 0.00879848 0.01452688 0.02508155],[0.00578412 0.00874744 0.01395555 0.02100762],[ 1.9495729  3.5284204  5.897683  10.369275 ],[ 2.6353307  4.360423   6.9074883 10.74025  ],[8.260163 8.259061 8.258525 8.257358],[0.5142715  0.51409024 0.51450944 0.5149183 ],[8.262489 8.263346 8.264196 8.265036],[0.5146195  0.5150341  0.5156064  0.51633507]
PATCHTST,A,1e-07,10,False,False,TDD,packagedrop,0.06,[0.05839263 0.12134463 0.19915651 0.27866474],[0.13234419 0.17640522 0.22002096 0.23943533],[13.038949 27.601614 46.789627 72.60257 ],[33.452335 48.97816  63.880608 83.51071 ],[8.126069 8.101064 8.059692 8.004042],[0.6261621  0.67898095 0.7394262  0.800006  ],[8.144523 8.146372 8.146507 8.145758],[0.6222944 0.6648694 0.7096781 0.7541992]
PATCHTST,A,1e-07,30,False,False,TDD,packagedrop,0.06,[0.39271533 0.6296919  0.7543033  0.9314486 ],[0.52774864 0.96172774 0.46015504 0.42253184],[100.49944 135.22389 198.65962 234.50807],[142.026   142.90427 206.65392 203.41475],[7.832347  7.5891333 7.195418  6.729643 ],[1.1185614 1.2378391 1.3871256 1.4964792],[8.072836  8.0405245 7.9876432 7.931781 ],[0.9680374 1.0242085 1.0625325 1.0865595]
PATCHTST,A,3e-07,1,False,False,TDD,packagedrop,0.06,[0.01031872 0.01697263 0.03158771 0.05459507],[0.00412607 0.00666497 0.01139428 0.01909547],[ 3.3359518  5.9923353 11.442061  19.503487 ],[1.7814467 3.3077176 5.9929075 9.88861  ],[8.209372 8.208109 8.206421 8.20654 ],[0.3534764  0.3541744  0.3552843  0.35669914],[8.213685 8.214922 8.216152 8.217376],[0.35320455 0.35431996 0.3555505  0.35689354]
PATCHTST,A,3e-07,10,False,False,TDD,packagedrop,0.06,[0.09059956 0.1547484  0.23858589 0.35490322],[0.15810134 0.1981566  0.2438031  0.29314035],[ 22.960564  41.18045   64.89531  102.080635],[36.210667 46.238907 62.12936  84.719734],[8.131922 8.092986 8.034412 7.946718],[0.629974   0.70037735 0.7849241  0.86980075],[8.171758 8.174995 8.178912 8.18387 ],[0.61714435 0.66222095 0.70273554 0.73701555]
PATCHTST,A,3e-07,30,False,False,TDD,packagedrop,0.06,[0.45108986 0.6100638  0.8126313  0.9497403 ],[0.4455942  0.38711712 0.5156633  0.5378933 ],[140.13489 179.29839 223.87872 265.47186],[178.96506 164.8556  192.86635 200.74323],[7.675567  7.4447618 7.2792263 6.867165 ],[1.0774403 1.1661904 1.3385274 1.6271175],[8.039328 8.043646 8.03752  8.038265],[0.90889144 0.95316565 1.0154774  1.050955  ]
PATCHTST,C,3e-08,1,False,False,TDD,packagedrop,0.06,[0.00484301 0.00970606 0.01659783 0.0287596 ],[0.00410579 0.01113336 0.01551423 0.0227515 ],[ 1.7906779  3.8957436  6.320604  10.236687 ],[1.5915256 3.6631598 5.182234  7.093496 ],[8.3155985 8.312181  8.3103285 8.307585 ],[0.13130145 0.13349211 0.13653995 0.13969193],[8.320241 8.321053 8.321877 8.322711],[0.1314964  0.13392694 0.13672413 0.13986447]
PATCHTST,C,3e-08,10,False,False,TDD,packagedrop,0.06,[0.11256337 0.2440543  0.4216306  0.5497422 ],[0.3154733  0.40120742 0.50166005 0.53975326],[ 15.888605  35.964703  68.50351  105.58705 ],[37.47494  46.89372  67.294304 87.36536 ],[8.168439  8.054388  7.8521175 7.580503 ],[0.45571932 0.5949396  0.86815214 1.2010527 ],[8.214156 8.200949 8.206897 8.228696],[0.43586653 0.47545165 0.5107417  0.53240734]
PATCHTST,C,3e-08,30,False,False,TDD,packagedrop,0.06,[0.6431391  0.90684325 0.99683845 1.04543   ],[0.8836915  0.6811097  0.53443104 0.42118695],[110.32486 187.17938 238.37137 258.38318],[ 96.21917 125.91533 142.06212 139.52641],[7.5386553 6.8185663 6.3126845 5.7852235],[1.3534142 1.7759601 1.7145994 1.6541373],[8.26459   8.2423935 8.200481  8.146262 ],[0.59722245 0.63432664 0.6843038  0.7340101 ]
PATCHTST,C,1e-07,1,False,False,TDD,packagedrop,0.06,[0.00410606 0.00680913 0.01170788 0.02250449],[0.00170143 0.00267188 0.0041595  0.00777726],[1.1862202 2.3158932 4.2313614 8.119974 ],[0.59578174 1.2730743  2.031718   3.754718  ],[8.284309 8.280909 8.277652 8.273807],[0.2007682  0.20267904 0.20507415 0.2076803 ],[8.287666  8.286729  8.285783  8.2848215],[0.20094848 0.20314613 0.20554835 0.20814276]
PATCHTST,C,1e-07,10,False,False,TDD,packagedrop,0.06,[0.11151724 0.19884306 0.3255954  0.4686636 ],[0.2054692  0.24726261 0.28751734 0.31980875],[ 25.378922  47.986782  80.77095  119.714836],[42.918434 55.236984 70.71451  85.54049 ],[8.164362  8.071949  7.9056287 7.6360583],[0.41861704 0.4958625  0.60124296 0.79496133],[8.228059 8.225114 8.221141 8.218307],[0.4063242  0.44373652 0.4743657  0.49637356]
PATCHTST,C,1e-07,30,False,False,TDD,packagedrop,0.06,[0.4644726  0.66071725 0.82087535 0.9168671 ],[0.37397206 0.33791375 0.30672607 0.27988192],[120.031845 174.61176  219.06137  252.75865 ],[110.081505 113.508255 121.24509  128.07774 ],[7.6518645 7.0973873 6.5195155 6.0850267],[0.9435561 1.1451677 1.3966781 1.4358891],[8.210542 8.202722 8.19268  8.180748],[0.5592177  0.55600965 0.5821842  0.64674735]
PATCHTST,C,3e-07,1,False,False,TDD,packagedrop,0.06,[0.02012077 0.02818421 0.04338894 0.07080805],[0.01123239 0.01424296 0.0184589  0.02553951],[ 5.7162185  8.492423  13.683804  22.958145 ],[3.1953993 4.282114  5.936717  8.706696 ],[8.292511 8.288075 8.281926 8.275349],[0.12764734 0.1289878  0.130677   0.13252966],[8.30922  8.309395 8.309544 8.309666],[0.12782563 0.12907478 0.13059264 0.132371  ]
PATCHTST,C,3e-07,10,False,False,TDD,packagedrop,0.06,[0.11809817 0.20872356 0.29804656 0.43239284],[0.1099937  0.1698327  0.21462052 0.25492403],[ 33.661663  61.154312  87.59992  129.47414 ],[35.05848  54.797283 69.97898  87.65245 ],[8.147588  8.048709  7.9279175 7.750719 ],[0.35090202 0.40488213 0.47395983 0.58107907],[8.250104 8.243475 8.238306 8.233626],[0.33855358 0.37196392 0.40309045 0.43264046]
PATCHTST,C,3e-07,30,False,False,TDD,packagedrop,0.06,[0.5064474  0.73662233 0.80667627 0.8948854 ],[0.32690537 0.34009922 0.2849666  0.2343987 ],[154.02017 226.14943 247.07225 278.44397],[120.8152  141.30788 130.38622 134.85965],[7.4821596 6.7643566 6.6217833 6.437533 ],[0.84478784 1.2672777  1.2861428  1.2764105 ],[8.243394  8.2595005 8.280929  8.2970915],[0.5275148  0.56576973 0.5995795  0.6289665 ]
PATCHTST,D,3e-08,1,False,False,TDD,packagedrop,0.06,[0.00263315 0.00371651 0.00539001 0.00812063],[0.00368935 0.00467646 0.00713335 0.01019287],[0.7726658 1.0898333 1.6278296 2.4818935],[1.1329268 1.4414637 2.267897  3.22583  ],[8.312772 8.311988 8.311383 8.310027],[0.16916984 0.16955103 0.17001405 0.1705849 ],[8.314398 8.314319 8.314234 8.314145],[0.1689577  0.1692839  0.16965668 0.17007592]
PATCHTST,D,3e-08,10,False,False,TDD,packagedrop,0.06,[0.09343814 0.10922898 0.13343759 0.15166327],[0.29592657 0.30682346 0.32766736 0.31677747],[29.282696 34.285286 42.101818 48.426205],[ 94.58379   99.652115 107.14854  105.13667 ],[8.307091  8.298634  8.289867  8.2830105],[0.2217841  0.23479918 0.24650602 0.25429034],[8.316226 8.317209 8.319232 8.322231],[0.22064124 0.22971565 0.23861213 0.24789669]
PATCHTST,D,3e-08,30,False,False,TDD,packagedrop,0.06,[0.13677618 0.17940179 0.2111024  0.26431045],[0.38290074 0.29271638 0.25605085 0.25565192],[33.578068 48.28598  60.859394 77.901115],[56.36438 58.03892 67.58916 75.76443],[8.237496 8.206591 8.178138 8.127245],[0.3319837  0.3594718  0.3674624  0.45288938],[8.279626 8.265633 8.254636 8.245803],[0.3149234  0.33140603 0.3475315  0.37491977]
PATCHTST,D,1e-07,1,False,False,TDD,packagedrop,0.06,[0.0074315  0.00888316 0.01109034 0.01459188],[0.00401316 0.00494666 0.00643495 0.00923995],[2.203397  2.6405077 3.3245895 4.4165807],[1.1918988 1.4904578 1.968114  2.8711193],[8.301221 8.300494 8.29972  8.298247],[0.04658847 0.04795931 0.04943399 0.0509305 ],[8.30858  8.308749 8.308917 8.309082],[0.04570846 0.04691132 0.04821616 0.04961289]
PATCHTST,D,1e-07,10,False,False,TDD,packagedrop,0.06,[0.07057684 0.08668192 0.10573002 0.12671444],[0.24050422 0.22420318 0.23425868 0.24595433],[21.114296 26.119051 32.026154 38.544132],[70.38469  67.453674 71.84628  75.51932 ],[8.284466 8.277465 8.268013 8.257822],[0.14510018 0.16476244 0.18499582 0.2009288 ],[8.302197 8.302738 8.303449 8.304353],[0.14413556 0.16243479 0.18018848 0.19722274]
PATCHTST,D,1e-07,30,False,False,TDD,packagedrop,0.06,[0.22079541 0.2028038  0.22422904 0.27836144],[0.53844726 0.37622315 0.3129507  0.31236067],[68.043785 62.745167 67.6826   83.68623 ],[170.32845 121.52054  97.30837  95.41184],[8.262738 8.252203 8.244462 8.211092],[0.29557642 0.33177993 0.34924397 0.38274854],[8.307436 8.310596 8.312113 8.31137 ],[0.28931206 0.31602684 0.33770058 0.35521185]
PATCHTST,D,3e-07,1,False,False,TDD,packagedrop,0.06,[0.02667782 0.02852467 0.03082364 0.03397735],[0.01188722 0.01241589 0.01320504 0.01497361],[ 7.880182  8.430537  9.129046 10.093326],[3.5041525 3.6638143 3.8993495 4.4402757],[8.280651 8.279442 8.278412 8.277199],[0.02803788 0.0297435  0.03152978 0.03331995],[8.304571 8.304598 8.304624 8.304644],[0.02125929 0.02278931 0.02444145 0.02619203]
PATCHTST,D,3e-07,10,False,False,TDD,packagedrop,0.06,[0.05719572 0.07276117 0.08601825 0.10413016],[0.08020771 0.11415787 0.13817745 0.17329875],[16.854294 21.45353  25.426428 30.980223],[23.399185 32.896835 39.7108   49.342537],[8.259811 8.25607  8.254109 8.250777],[0.13843751 0.15699601 0.17616665 0.19539295],[8.291802 8.291453 8.291422 8.291797],[0.13622427 0.15536554 0.17447104 0.193445  ]
PATCHTST,D,3e-07,30,False,False,TDD,packagedrop,0.06,[0.14733681 0.19016884 0.20110594 0.26878315],[0.21978407 0.29972893 0.22619209 0.29406112],[46.900654 57.02024  61.07246  81.18475 ],[78.060974 84.28212  69.20882  89.15372 ],[8.255125  8.25877   8.224729  8.2103195],[0.27865452 0.29285023 0.35216355 0.3609575 ],[8.314291 8.305841 8.296564 8.287483],[0.25759736 0.28634158 0.31637365 0.34177953]
PATCHTST,A,3e-08,1,False,False,TDD,packagedrop,0.05,[0.0028807  0.00528185 0.00892517 0.01683317],[0.00317323 0.00519967 0.0084459  0.01400309],[1.1534286 2.4334402 3.995913  7.143017 ],[1.5412114 2.8737264 4.374445  6.820387 ],[8.328413 8.324901 8.3226   8.319188],[0.18925442 0.1932265  0.19801243 0.20319234],[8.330993 8.329849 8.328677 8.327478],[0.19007084 0.19461922 0.19951843 0.20474008]
PATCHTST,A,3e-08,10,False,False,TDD,packagedrop,0.05,[0.05875726 0.11934598 0.19595091 0.30131516],[0.20345865 0.20629172 0.22225688 0.35021362],[12.910231 24.062292 40.966915 62.177246],[47.52666  46.10454  47.555542 53.23455 ],[8.18928  8.164053 8.125175 8.064353],[0.55104524 0.6235176  0.6998783  0.80434406],[8.202797 8.202787 8.20477  8.210616],[0.5486622  0.603959   0.65337497 0.69756156]
PATCHTST,A,3e-08,30,False,False,TDD,packagedrop,0.05,[0.37089583 0.5729345  0.8077587  0.99292207],[0.5043598  0.5176925  0.70877826 0.76574737],[ 62.340973 108.10579  160.62865  204.98083 ],[ 97.66473  120.633995 141.98111  165.67787 ],[7.765295  7.5865397 7.2459145 6.9208484],[1.1179975 1.2176307 1.42716   1.5386355],[7.9305916 7.937528  7.938669  7.9467754],[0.94080913 0.97129947 1.0151565  1.0446168 ]
PATCHTST,A,1e-07,1,False,False,TDD,packagedrop,0.05,[0.00450744 0.00734398 0.01234159 0.02191107],[0.00321905 0.00543918 0.0094468  0.01469259],[1.4765478 2.8525336 4.8797307 8.988808 ],[1.2727551 2.731803  4.449132  7.7426524],[8.260165 8.25906  8.258533 8.257366],[0.5141468  0.5138749  0.5142272  0.51448303],[8.262489 8.263346 8.264196 8.265036],[0.5146195  0.5150341  0.5156064  0.51633507]
PATCHTST,A,1e-07,10,False,False,TDD,packagedrop,0.05,[0.05522154 0.1126756  0.19376232 0.2766632 ],[0.10600448 0.14609635 0.19720727 0.22765855],[12.276687 25.504404 44.276745 70.77964 ],[25.363941 39.360943 53.253197 74.05469 ],[8.127457 8.103274 8.060659 8.004228],[0.6260268  0.67621917 0.7347524  0.78912824],[8.144523 8.146372 8.146507 8.145758],[0.6222944 0.6648694 0.7096781 0.7541992]
PATCHTST,A,1e-07,30,False,False,TDD,packagedrop,0.05,[0.29437503 0.5459501  0.7065537  0.89036155],[0.34603992 0.91135997 0.38537788 0.3747427 ],[ 95.02292 131.6682  191.94112 230.73468],[196.54681 166.9099  190.80394 196.218  ],[7.912384  7.6698985 7.28775   6.727912 ],[0.9904606 1.1590332 1.3565214 1.5057509],[8.072836  8.0405245 7.9876432 7.931781 ],[0.9680374 1.0242085 1.0625325 1.0865595]
PATCHTST,A,3e-07,1,False,False,TDD,packagedrop,0.05,[0.01063997 0.01761045 0.03248443 0.05597633],[0.00457324 0.00748817 0.01179974 0.01973181],[ 3.362647  6.096113 11.558198 19.72235 ],[1.5452794 3.0113723 5.2821918 9.114565 ],[8.209389 8.208114 8.206411 8.206516],[0.3534514  0.35415235 0.35522354 0.3566472 ],[8.213685 8.214922 8.216152 8.217376],[0.35320455 0.35431996 0.3555505  0.35689354]
PATCHTST,A,3e-07,10,False,False,TDD,packagedrop,0.05,[0.09126663 0.15594195 0.23897764 0.35093173],[0.15529597 0.19101399 0.24862216 0.29028213],[ 23.731497  42.261314  65.92743  102.3135  ],[41.847996 52.69583  72.318634 92.03264 ],[8.133569  8.096363  8.040812  7.9494166],[0.6319847  0.7022768  0.7836673  0.86754936],[8.171758 8.174995 8.178912 8.18387 ],[0.61714435 0.66222095 0.70273554 0.73701555]
PATCHTST,A,3e-07,30,False,False,TDD,packagedrop,0.05,[0.4168175 0.6192145 0.8029171 0.9678713],[0.34775224 0.34051254 0.4241912  0.5103219 ],[122.8309  184.01443 223.29976 271.73358],[121.06142 170.7062  180.09352 203.88332],[7.679809  7.4034405 7.208381  6.911257 ],[1.1104801 1.2211019 1.4413096 1.5576218],[8.039328 8.043646 8.03752  8.038265],[0.90889144 0.95316565 1.0154774  1.050955  ]
PATCHTST,C,3e-08,1,False,False,TDD,packagedrop,0.05,[0.00506433 0.00900748 0.01589073 0.02766349],[0.00783736 0.01153691 0.01766684 0.02668731],[1.772388  3.6477966 6.0461063 9.871077 ],[2.2072659 3.7860012 5.5469046 7.872005 ],[8.315716 8.312538 8.310787 8.308067],[0.13127442 0.13337426 0.13629322 0.13954905],[8.320241 8.321053 8.321877 8.322711],[0.1314964  0.13392694 0.13672413 0.13986447]
PATCHTST,C,3e-08,10,False,False,TDD,packagedrop,0.05,[0.14291878 0.28087282 0.45880944 0.596142  ],[0.3299841  0.38860273 0.46700144 0.5239934 ],[ 31.020498  51.368675  83.82171  117.56709 ],[93.33995  92.734024 93.775345 97.90296 ],[8.175456 8.071776 7.875094 7.570664],[0.44394046 0.5382728  0.7489596  1.1407299 ],[8.214156 8.200949 8.206897 8.228696],[0.43586653 0.47545165 0.5107417  0.53240734]
PATCHTST,C,3e-08,30,False,False,TDD,packagedrop,0.05,[0.576583  0.9066755 1.0366403 1.0831552],[0.5103649 0.5839373 0.5290535 0.4869208],[118.36244 194.98016 246.28975 262.78497],[121.75168 124.75272 140.44608 141.76285],[7.740132  6.706632  6.2568774 5.636854 ],[0.91565955 1.8252285  1.645492   1.6962445 ],[8.26459   8.2423935 8.200481  8.146262 ],[0.59722245 0.63432664 0.6843038  0.7340101 ]
PATCHTST,C,1e-07,1,False,False,TDD,packagedrop,0.05,[0.00494965 0.00811771 0.01385518 0.0254518 ],[0.00441751 0.00661453 0.01046091 0.01579062],[1.4592491 2.7419555 4.8987136 9.008085 ],[1.4746802 2.4300702 3.7539945 5.8321576],[8.284313 8.280954 8.277714 8.273924],[0.20073834 0.20261823 0.20499593 0.20755091],[8.287666  8.286729  8.285783  8.2848215],[0.20094848 0.20314613 0.20554835 0.20814276]
PATCHTST,C,1e-07,10,False,False,TDD,packagedrop,0.05,[0.10248405 0.19861414 0.32918906 0.46637005],[0.17225549 0.21944818 0.2795008  0.3041388 ],[ 26.681883  51.845383  84.8861   121.15248 ],[ 53.64347  70.15729  91.17551 101.58928],[8.167182  8.062474  7.8918724 7.6683226],[0.41228455 0.4825895  0.57590216 0.7178637 ],[8.228059 8.225114 8.221141 8.218307],[0.4063242  0.44373652 0.4743657  0.49637356]
PATCHTST,C,1e-07,30,False,False,TDD,packagedrop,0.05,[0.44322804 0.6391325  0.8095299  0.91243714],[0.36631143 0.32213292 0.30293277 0.2749543 ],[113.12937 165.86992 217.22894 254.33034],[ 99.58212 103.83226 123.75266 130.48503],[7.7564235 7.2082424 6.4287815 6.1520596],[0.73635316 1.0120627  1.4134833  1.3443367 ],[8.210542 8.202722 8.19268  8.180748],[0.5592177  0.55600965 0.5821842  0.64674735]
PATCHTST,C,3e-07,1,False,False,TDD,packagedrop,0.05,[0.02078854 0.02889903 0.04424427 0.07146754],[0.01351923 0.01736359 0.02301144 0.03119682],[ 5.963559  8.763963 14.005606 23.248587],[ 4.2665377  5.695714   7.8805375 11.027755 ],[8.2924   8.287901 8.281616 8.275043],[0.1277083  0.1290192  0.13080655 0.13265632],[8.30922  8.309395 8.309544 8.309666],[0.12782563 0.12907478 0.13059264 0.132371  ]
PATCHTST,C,3e-07,10,False,False,TDD,packagedrop,0.05,[0.12551276 0.207758   0.29954565 0.43592015],[0.17305607 0.2050564  0.2530722  0.28129253],[ 37.357838  61.684723  87.955505 129.92409 ],[62.75593 72.58817 84.18655 93.55954],[8.152584  8.05718   7.934243  7.7478967],[0.3484266  0.40533766 0.47851092 0.6267407 ],[8.250104 8.243475 8.238306 8.233626],[0.33855358 0.37196392 0.40309045 0.43264046]
PATCHTST,C,3e-07,30,False,False,TDD,packagedrop,0.05,[0.44976947 0.7076438  0.7841791  0.90509135],[0.24018545 0.30212605 0.24448428 0.23400967],[136.86958 217.51344 244.08115 282.1589 ],[ 93.25679 130.55609 131.92781 135.78809],[7.531573 6.733109 6.543145 6.431241],[0.89973617 1.2811586  1.2648083  1.2581229 ],[8.243394  8.2595005 8.280929  8.2970915],[0.5275148  0.56576973 0.5995795  0.6289665 ]
PATCHTST,D,3e-08,1,False,False,TDD,packagedrop,0.05,[0.002367   0.00339383 0.00479184 0.00763059],[0.00222022 0.00295494 0.00457105 0.0076003 ],[0.6935632  0.99216795 1.4385213  2.326463  ],[0.75137836 0.96699435 1.5485756  2.4971392 ],[8.31274  8.311944 8.311318 8.31002 ],[0.16915552 0.16953385 0.16999614 0.17060266],[8.314398 8.314319 8.314234 8.314145],[0.1689577  0.1692839  0.16965668 0.17007592]
PATCHTST,D,3e-08,10,False,False,TDD,packagedrop,0.05,[0.05693833 0.07102735 0.09152842 0.11093202],[0.24340995 0.24403709 0.25667548 0.24689834],[19.212032 23.515602 30.402264 37.03524 ],[84.87048  85.22695  89.809235 86.79911 ],[8.308191 8.301983 8.294453 8.28634 ],[0.22120342 0.23233277 0.24090716 0.24842869],[8.316226 8.317209 8.319232 8.322231],[0.22064124 0.22971565 0.23861213 0.24789669]
PATCHTST,D,3e-08,30,False,False,TDD,packagedrop,0.05,[0.14872661 0.17480668 0.21109273 0.24364565],[0.41906548 0.3608663  0.29104218 0.25822973],[38.535152 48.641064 60.088707 72.24178 ],[81.802124 90.27057  76.99196  78.432   ],[8.2404375 8.206536  8.170368  8.146935 ],[0.32513937 0.3549364  0.39324498 0.3972835 ],[8.279626 8.265633 8.254636 8.245803],[0.3149234  0.33140603 0.3475315  0.37491977]
PATCHTST,D,1e-07,1,False,False,TDD,packagedrop,0.05,[0.00746776 0.00938061 0.01170616 0.01631748],[0.00379278 0.00757478 0.00929238 0.01956807],[2.211838  2.7875988 3.5033817 4.9286995],[1.1104238 2.274038  2.7818937 5.878174 ],[8.301183  8.300458  8.299596  8.2980795],[0.04656747 0.04793477 0.04938407 0.05095822],[8.30858  8.308749 8.308917 8.309082],[0.04570846 0.04691132 0.04821616 0.04961289]
PATCHTST,D,1e-07,10,False,False,TDD,packagedrop,0.05,[0.06066117 0.07979811 0.09974766 0.12284774],[0.2289328  0.2702296  0.27174622 0.2758419 ],[18.184258 24.0131   30.29785  37.893486],[68.644135 81.35628  82.45488  84.94583 ],[8.284055 8.278267 8.270215 8.261219],[0.14518549 0.1644718  0.18173972 0.19829117],[8.302197 8.302738 8.303449 8.304353],[0.14413556 0.16243479 0.18018848 0.19722274]
PATCHTST,D,1e-07,30,False,False,TDD,packagedrop,0.05,[0.16298823 0.19298233 0.21689387 0.27816087],[0.40731505 0.38518396 0.33662635 0.35181758],[50.495937 59.799908 67.512825 87.46304 ],[123.71385 116.51734 106.8728  115.96703],[8.260677 8.254644 8.241593 8.19166 ],[0.29221568 0.32157964 0.35513186 0.44146428],[8.307436 8.310596 8.312113 8.31137 ],[0.28931206 0.31602684 0.33770058 0.35521185]
PATCHTST,D,3e-07,1,False,False,TDD,packagedrop,0.05,[0.02688259 0.02877853 0.03112428 0.03395952],[0.01175574 0.01219524 0.01295919 0.01433487],[ 7.9406996  8.502961   9.215356  10.082742 ],[3.4677527 3.5966883 3.8232977 4.2385254],[8.280647 8.279427 8.278408 8.277193],[0.02805639 0.02976036 0.03155198 0.03331227],[8.304571 8.304598 8.304624 8.304644],[0.02125929 0.02278931 0.02444145 0.02619203]
PATCHTST,D,3e-07,10,False,False,TDD,packagedrop,0.05,[0.07206257 0.08078872 0.09454951 0.11142771],[0.19067746 0.18770888 0.20737436 0.22334732],[21.305134 23.859995 27.99743  33.36334 ],[56.96648 55.94425 61.18334 66.06645],[8.259848 8.255688 8.253381 8.245033],[0.13823335 0.15699178 0.17585266 0.20108204],[8.291802 8.291453 8.291422 8.291797],[0.13622427 0.15536554 0.17447104 0.193445  ]
PATCHTST,D,3e-07,30,False,False,TDD,packagedrop,0.05,[0.24394299 0.2248937  0.2611514  0.28278267],[0.5300965  0.38165873 0.3731634  0.3117329 ],[78.98389 74.42823 85.08022 90.47496],[180.54985 147.76288 140.64774 109.61022],[8.260778 8.237959 8.19355  8.174189],[0.26972225 0.30757657 0.45620915 0.35937363],[8.314291 8.305841 8.296564 8.287483],[0.25759736 0.28634158 0.31637365 0.34177953]
PATCHTST,A,3e-08,1,False,False,TDD,packagedrop,0.04,[0.00365439 0.00668805 0.01086617 0.01961581],[0.00694711 0.01058446 0.01530793 0.02292655],[1.3694667 2.85318   4.562796  7.9735537],[2.4361064 3.9295647 5.684944  8.536702 ],[8.328412  8.3248625 8.322553  8.319121 ],[0.18918762 0.19311759 0.19790272 0.20291089],[8.330993 8.329849 8.328677 8.327478],[0.19007084 0.19461922 0.19951843 0.20474008]
PATCHTST,A,3e-08,10,False,False,TDD,packagedrop,0.04,[0.0439634  0.09766184 0.17210755 0.27236363],[0.08094969 0.11415832 0.16373377 0.28817424],[ 8.858539 19.98986  36.938087 58.711006],[21.620506 33.656734 44.21624  58.95773 ],[8.188724 8.165655 8.127947 8.073042],[0.5520784  0.62009746 0.6946892  0.7870546 ],[8.202797 8.202787 8.20477  8.210616],[0.5486622  0.603959   0.65337497 0.69756156]
PATCHTST,A,3e-08,30,False,False,TDD,packagedrop,0.04,[0.3352912  0.5247356  0.76794577 0.9627174 ],[0.37107792 0.41448885 0.68150955 0.76266366],[ 59.899223 100.76695  155.8392   205.61916 ],[ 84.23608 110.90169 137.1453  173.73466],[7.755966  7.5872188 7.2850704 6.9156437],[1.0801998 1.2128034 1.3921949 1.5454632],[7.9305916 7.937528  7.938669  7.9467754],[0.94080913 0.97129947 1.0151565  1.0446168 ]
PATCHTST,A,1e-07,1,False,False,TDD,packagedrop,0.04,[0.0041752  0.00672854 0.01132273 0.02040314],[0.00207393 0.00353417 0.00614516 0.01070179],[1.3989439 2.6939516 4.673441  8.677371 ],[1.1459054 2.5181046 4.24938   7.5344057],[8.260158 8.259045 8.258529 8.257339],[0.5141748  0.513938   0.51431924 0.51465   ],[8.262489 8.263346 8.264196 8.265036],[0.5146195  0.5150341  0.5156064  0.51633507]
PATCHTST,A,1e-07,10,False,False,TDD,packagedrop,0.04,[0.05484686 0.10266277 0.17983437 0.25887418],[0.19530344 0.17944169 0.22789511 0.23601347],[12.087367 22.22472  39.792873 65.50032 ],[46.611603 41.29676  48.689346 65.502144],[8.130074 8.108627 8.066065 8.014113],[0.6242106  0.6727766  0.7296344  0.78285617],[8.144523 8.146372 8.146507 8.145758],[0.6222944 0.6648694 0.7096781 0.7541992]
PATCHTST,A,1e-07,30,False,False,TDD,packagedrop,0.04,[0.2945171  0.56799906 0.74363464 0.9348262 ],[0.36786872 1.0060058  0.53322464 0.57864803],[ 82.51497  125.644905 185.35162  226.81601 ],[146.34526 149.22107 180.08029 194.4849 ],[7.90525   7.6718554 7.2180758 6.655757 ],[1.0097339 1.173442  1.453049  1.64897  ],[8.072836  8.0405245 7.9876432 7.931781 ],[0.9680374 1.0242085 1.0625325 1.0865595]
PATCHTST,A,3e-07,1,False,False,TDD,packagedrop,0.04,[0.01014365 0.01660169 0.03103909 0.05381512],[0.00380427 0.00613548 0.01052522 0.01809362],[ 3.271468  5.844824 11.216135 19.2007  ],[1.5872855 2.9827516 5.394933  9.173196 ],[8.209416 8.208122 8.206498 8.206589],[0.3534463  0.35410985 0.35524037 0.35660782],[8.213685 8.214922 8.216152 8.217376],[0.35320455 0.35431996 0.3555505  0.35689354]
PATCHTST,A,3e-07,10,False,False,TDD,packagedrop,0.04,[0.08071855 0.1438247  0.21301992 0.32343093],[0.21727338 0.22854438 0.2337718  0.2632851 ],[20.05074  38.518627 58.925713 94.5253  ],[44.212475 54.51129  61.499565 84.35804 ],[8.135242  8.098926  8.047007  7.9603686],[0.631619   0.69435406 0.76512784 0.842547  ],[8.171758 8.174995 8.178912 8.18387 ],[0.61714435 0.66222095 0.70273554 0.73701555]
PATCHTST,A,3e-07,30,False,False,TDD,packagedrop,0.04,[0.39805916 0.6248943  0.81654066 0.95416635],[0.34736997 0.38764152 0.51941615 0.5424162 ],[133.10262 185.22511 229.89682 260.92322],[199.88493 202.5257  213.02892 192.46075],[7.6946416 7.4236555 7.240901  6.901248 ],[1.0730159 1.271858  1.384037  1.5897404],[8.039328 8.043646 8.03752  8.038265],[0.90889144 0.95316565 1.0154774  1.050955  ]
PATCHTST,C,3e-08,1,False,False,TDD,packagedrop,0.04,[0.0048534  0.00910027 0.01569113 0.02724726],[0.0054131  0.00941569 0.01434094 0.02158521],[1.7667545 3.6841695 5.9597106 9.725742 ],[1.6754478 3.149423  4.425266  6.2344985],[8.31561  8.312356 8.310635 8.307784],[0.13130939 0.13342    0.13632976 0.13948993],[8.320241 8.321053 8.321877 8.322711],[0.1314964  0.13392694 0.13672413 0.13986447]
PATCHTST,C,3e-08,10,False,False,TDD,packagedrop,0.04,[0.06857715 0.1951946  0.37492886 0.53761196],[0.11826523 0.24198006 0.40561607 0.5183738 ],[ 11.8781185  31.547178   63.50321   100.045235 ],[28.451786 40.940327 60.990383 82.13758 ],[8.1818695 8.083438  7.9088373 7.6250744],[0.4418988  0.52769333 0.72175545 1.0994599 ],[8.214156 8.200949 8.206897 8.228696],[0.43586653 0.47545165 0.5107417  0.53240734]
PATCHTST,C,3e-08,30,False,False,TDD,packagedrop,0.04,[0.5607746 0.9102897 1.0234599 1.0704563],[0.5101324  0.60161096 0.5382106  0.45939443],[101.963905 192.7089   243.14238  259.49948 ],[ 76.283264 130.4405   152.20743  148.55807 ],[7.743234  6.7174115 6.375055  5.919745 ],[0.9067956 1.8387203 1.5943605 1.5905001],[8.26459   8.2423935 8.200481  8.146262 ],[0.59722245 0.63432664 0.6843038  0.7340101 ]
PATCHTST,C,1e-07,1,False,False,TDD,packagedrop,0.04,[0.00453503 0.00748705 0.01284533 0.02398346],[0.00356883 0.00559843 0.00917753 0.01418713],[1.339501  2.5406075 4.620491  8.588405 ],[1.2234894 2.0803912 3.4071512 5.363581 ],[8.284316 8.280956 8.277686 8.273876],[0.2007471  0.20263812 0.20507202 0.20765755],[8.287666  8.286729  8.285783  8.2848215],[0.20094848 0.20314613 0.20554835 0.20814276]
PATCHTST,C,1e-07,10,False,False,TDD,packagedrop,0.04,[0.09048691 0.17598198 0.2954344  0.42867982],[0.17993046 0.20633398 0.2302132  0.2528466 ],[ 23.547361  45.372704  76.453186 112.13099 ],[58.548763 68.08319  79.916176 88.62039 ],[8.167798  8.078576  7.9167914 7.6634154],[0.40953365 0.46014035 0.5461498  0.7093236 ],[8.228059 8.225114 8.221141 8.218307],[0.4063242  0.44373652 0.4743657  0.49637356]
PATCHTST,C,1e-07,30,False,False,TDD,packagedrop,0.04,[0.39810932 0.61006767 0.798021   0.91939485],[0.26331407 0.3090159  0.31192437 0.28453022],[106.72532 162.19838 214.76537 254.68958],[100.4015  113.20917 128.65007 133.5928 ],[7.7601137 7.258297  6.437343  6.055205 ],[0.70934635 0.9703651  1.4904077  1.4254862 ],[8.210542 8.202722 8.19268  8.180748],[0.5592177  0.55600965 0.5821842  0.64674735]
PATCHTST,C,3e-07,1,False,False,TDD,packagedrop,0.04,[0.01974154 0.02745023 0.04232898 0.0690167 ],[0.01079256 0.01346356 0.01714312 0.02333928],[ 5.623001  8.281363 13.382632 22.44831 ],[3.0947287 4.131983  5.6920967 8.3438015],[8.292386 8.287928 8.281697 8.275102],[0.12762462 0.12898687 0.13065937 0.13257031],[8.30922  8.309395 8.309544 8.309666],[0.12782563 0.12907478 0.13059264 0.132371  ]
PATCHTST,C,3e-07,10,False,False,TDD,packagedrop,0.04,[0.12513952 0.21003082 0.30826432 0.4412196 ],[0.17025845 0.21562454 0.26864243 0.29838806],[ 36.714912  61.979927  91.620804 132.86923 ],[ 58.99343   75.36511   95.968834 108.72441 ],[8.158676  8.069455  7.946477  7.7899175],[0.3491676  0.39759773 0.46344933 0.5566082 ],[8.250104 8.243475 8.238306 8.233626],[0.33855358 0.37196392 0.40309045 0.43264046]
PATCHTST,C,3e-07,30,False,False,TDD,packagedrop,0.04,[0.48535717 0.6940825  0.7788027  0.8962339 ],[0.33174002 0.30536902 0.24924521 0.21474901],[147.12236 213.90408 242.86021 279.66183],[114.36625 130.30043 132.42635 134.17062],[7.5693517 6.826836  6.6513414 6.4722996],[0.7914846 1.2739601 1.2216246 1.2262152],[8.243394  8.2595005 8.280929  8.2970915],[0.5275148  0.56576973 0.5995795  0.6289665 ]
PATCHTST,D,3e-08,1,False,False,TDD,packagedrop,0.04,[0.00247368 0.00361943 0.00474855 0.00772524],[0.00284534 0.00402936 0.00524041 0.00852068],[0.711756  1.0455899 1.3946679 2.3182611],[0.77685285 1.1251218  1.3963673  2.3640063 ],[8.312756 8.311945 8.311337 8.31004 ],[0.16913463 0.16948241 0.16992393 0.17046678],[8.314398 8.314319 8.314234 8.314145],[0.1689577  0.1692839  0.16965668 0.17007592]
PATCHTST,D,3e-08,10,False,False,TDD,packagedrop,0.04,[0.03811368 0.04480387 0.06176455 0.07644702],[0.19753747 0.16969408 0.19144993 0.18186006],[12.504067 14.501334 19.863153 24.935226],[68.81225  58.705547 66.789185 63.561993],[8.308346 8.303034 8.296092 8.289692],[0.22108644 0.23207879 0.24312368 0.25185516],[8.316226 8.317209 8.319232 8.322231],[0.22064124 0.22971565 0.23861213 0.24789669]
PATCHTST,D,3e-08,30,False,False,TDD,packagedrop,0.04,[0.16885124 0.16844435 0.23514822 0.2509041 ],[0.44409466 0.25132704 0.3949436  0.27129564],[49.81939  49.86103  67.890755 74.9946  ],[120.5068    72.170135 100.49099   86.42481 ],[8.203559 8.201066 8.165097 8.13681 ],[0.437396   0.33632404 0.3775593  0.4138668 ],[8.279626 8.265633 8.254636 8.245803],[0.3149234  0.33140603 0.3475315  0.37491977]
PATCHTST,D,1e-07,1,False,False,TDD,packagedrop,0.04,[0.00729538 0.00857327 0.01060934 0.01404667],[0.00516369 0.00710528 0.00886861 0.01385412],[2.1561744 2.537295  3.1651535 4.234443 ],[1.5322423 2.1351094 2.6599662 4.1998777],[8.301206 8.300514 8.299723 8.298304],[0.04659501 0.04797433 0.04949256 0.05103458],[8.30858  8.308749 8.308917 8.309082],[0.04570846 0.04691132 0.04821616 0.04961289]
PATCHTST,D,1e-07,10,False,False,TDD,packagedrop,0.04,[0.09918267 0.10083465 0.11163533 0.12454114],[0.3716486  0.32923847 0.304472   0.28642902],[28.790411 29.305157 32.62569  36.581467],[106.108925  93.68479   86.77933   80.82133 ],[8.284592 8.277645 8.269303 8.260335],[0.1454149  0.16475043 0.18338016 0.20094158],[8.302197 8.302738 8.303449 8.304353],[0.14413556 0.16243479 0.18018848 0.19722274]
PATCHTST,D,1e-07,30,False,False,TDD,packagedrop,0.04,[0.12350749 0.15967606 0.20969927 0.27241725],[0.22896293 0.29225913 0.27706572 0.34070402],[38.479527 49.92523  64.23789  83.607185],[75.62546 90.60278 83.82961 99.02709],[8.25552  8.249502 8.213702 8.16205 ],[0.300268   0.3231986  0.45002827 0.5490235 ],[8.307436 8.310596 8.312113 8.31137 ],[0.28931206 0.31602684 0.33770058 0.35521185]
PATCHTST,D,3e-07,1,False,False,TDD,packagedrop,0.04,[0.02663298 0.02845974 0.03057477 0.03357337],[0.0117317  0.01226519 0.01310307 0.01469958],[7.8652077 8.407758  9.04927   9.963818 ],[3.452736  3.6069407 3.8536508 4.324974 ],[8.28065  8.279418 8.278397 8.277142],[0.02804144 0.02973882 0.0315243  0.03332552],[8.304571 8.304598 8.304624 8.304644],[0.02125929 0.02278931 0.02444145 0.02619203]
PATCHTST,D,3e-07,10,False,False,TDD,packagedrop,0.04,[0.06231979 0.06731643 0.07343252 0.08631957],[0.16961473 0.15688159 0.1561647  0.16316946],[18.392551 19.851742 21.62283  25.707527],[51.87827  47.91648  46.836384 48.784664],[8.259943 8.256057 8.253689 8.250491],[0.13825786 0.1570789  0.1759833  0.19473064],[8.291802 8.291453 8.291422 8.291797],[0.13622427 0.15536554 0.17447104 0.193445  ]
PATCHTST,D,3e-07,30,False,False,TDD,packagedrop,0.04,[0.15392093 0.15721163 0.17283942 0.22651647],[0.36664513 0.27480432 0.24337605 0.2679777 ],[49.566193 49.843227 54.006454 71.45128 ],[124.57831  91.85221  76.73474  88.52406],[8.27299  8.254285 8.229114 8.219552],[0.26226678 0.2926319  0.35560787 0.35446098],[8.314291 8.305841 8.296564 8.287483],[0.25759736 0.28634158 0.31637365 0.34177953]
PATCHTST,A,3e-08,1,False,False,TDD,packagedrop,0.03,[0.00275053 0.00528462 0.00902325 0.01727069],[0.00389421 0.00683246 0.01073574 0.01787272],[1.1646695 2.5102856 4.1741543 7.4531245],[2.1234827 3.7064974 5.657887  8.642515 ],[8.328525 8.325059 8.322724 8.319391],[0.18930098 0.1933158  0.19815828 0.20328307],[8.330993 8.329849 8.328677 8.327478],[0.19007084 0.19461922 0.19951843 0.20474008]
PATCHTST,A,3e-08,10,False,False,TDD,packagedrop,0.03,[0.04939368 0.10694616 0.18788734 0.29601216],[0.1186869  0.15101908 0.21190721 0.37968877],[ 8.59384  18.765062 36.0003   57.52544 ],[15.689305 19.351982 30.60168  42.72849 ],[8.188748 8.164927 8.126799 8.067687],[0.55359787 0.62332976 0.69999593 0.7978592 ],[8.202797 8.202787 8.20477  8.210616],[0.5486622  0.603959   0.65337497 0.69756156]
PATCHTST,A,3e-08,30,False,False,TDD,packagedrop,0.03,[0.34282738 0.5339598  0.77945346 0.94276   ],[0.6527924  0.41827822 0.65315014 0.72457296],[ 54.56876   99.450676 159.61575  203.98529 ],[ 76.25476 104.60763 144.36304 174.2234 ],[7.731585  7.567468  7.3036976 7.035428 ],[1.1239365 1.2373618 1.338808  1.423811 ],[7.9305916 7.937528  7.938669  7.9467754],[0.94080913 0.97129947 1.0151565  1.0446168 ]
PATCHTST,A,1e-07,1,False,False,TDD,packagedrop,0.03,[0.00408618 0.00664335 0.01127564 0.02047821],[0.00220968 0.00375571 0.0068432  0.0115857 ],[1.3662983 2.6546497 4.6344724 8.652171 ],[1.1365184 2.4955142 4.2029576 7.4505944],[8.260185 8.259085 8.258558 8.25742 ],[0.51415956 0.5139174  0.5142824  0.51459813],[8.262489 8.263346 8.264196 8.265036],[0.5146195  0.5150341  0.5156064  0.51633507]
PATCHTST,A,1e-07,10,False,False,TDD,packagedrop,0.03,[0.04933544 0.10439649 0.17663515 0.25832063],[0.08570088 0.12272865 0.16928492 0.20731635],[10.512286 24.293455 42.14164  68.0002  ],[19.014772 36.23282  49.781734 71.66051 ],[8.128262  8.1057415 8.0663395 8.009396 ],[0.626627   0.6771337  0.73682326 0.79633033],[8.144523 8.146372 8.146507 8.145758],[0.6222944 0.6648694 0.7096781 0.7541992]
PATCHTST,A,1e-07,30,False,False,TDD,packagedrop,0.03,[0.29411867 0.53010786 0.7104277  0.8753891 ],[0.40908247 1.0386008  0.5263009  0.44287503],[ 83.35889 117.38002 177.00146 219.50745],[147.5476  136.24042 170.98582 189.52617],[7.927176 7.642204 7.256738 6.736762],[0.99797887 1.1805358  1.376323   1.6056862 ],[8.072836  8.0405245 7.9876432 7.931781 ],[0.9680374 1.0242085 1.0625325 1.0865595]
PATCHTST,A,3e-07,1,False,False,TDD,packagedrop,0.03,[0.01013031 0.01665338 0.03100049 0.05370598],[0.00361899 0.00593048 0.00972346 0.0168181 ],[ 3.271927   5.8803496 11.216412  19.190645 ],[1.7394493 3.2077138 5.556121  9.281883 ],[8.209419 8.20814  8.206524 8.206616],[0.35345244 0.35409817 0.35521346 0.35662848],[8.213685 8.214922 8.216152 8.217376],[0.35320455 0.35431996 0.3555505  0.35689354]
PATCHTST,A,3e-07,10,False,False,TDD,packagedrop,0.03,[0.07863023 0.14710921 0.22816299 0.33839104],[0.13554698 0.20092395 0.25447854 0.29020354],[ 23.548567  44.649723  68.60318  103.49973 ],[ 57.1908    88.44267  107.262985 118.17154 ],[8.1356125 8.102236  8.048446  7.962212 ],[0.630323  0.6906353 0.7614881 0.8386519],[8.171758 8.174995 8.178912 8.18387 ],[0.61714435 0.66222095 0.70273554 0.73701555]
PATCHTST,A,3e-07,30,False,False,TDD,packagedrop,0.03,[0.4036134  0.6162944  0.81797457 0.96748686],[0.387656   0.40994897 0.5361486  0.55165106],[127.01537 183.05467 226.09229 269.95316],[151.07413 178.36115 195.74638 206.16466],[7.738125 7.458718 7.260311 6.903065],[1.0336224 1.1841373 1.4164897 1.5587987],[8.039328 8.043646 8.03752  8.038265],[0.90889144 0.95316565 1.0154774  1.050955  ]
PATCHTST,C,3e-08,1,False,False,TDD,packagedrop,0.03,[0.00440331 0.00810929 0.01439586 0.02562597],[0.00295569 0.00520708 0.00888428 0.0157037 ],[1.6630446 3.4721355 5.70801   9.444202 ],[1.4676625 2.8694873 4.2096767 6.245888 ],[8.315614 8.31238  8.310645 8.307828],[0.13136524 0.1335578  0.13650247 0.13975377],[8.320241 8.321053 8.321877 8.322711],[0.1314964  0.13392694 0.13672413 0.13986447]
PATCHTST,C,3e-08,10,False,False,TDD,packagedrop,0.03,[0.09756439 0.20999642 0.40235236 0.5431573 ],[0.267806   0.29329726 0.46570805 0.5194281 ],[ 20.36336   37.072533  69.876785 104.13043 ],[75.03565 68.70004 84.08174 90.02928],[8.182694  8.088949  7.903914  7.6177545],[0.44158745 0.5265764  0.73236525 1.1019826 ],[8.214156 8.200949 8.206897 8.228696],[0.43586653 0.47545165 0.5107417  0.53240734]
PATCHTST,C,3e-08,30,False,False,TDD,packagedrop,0.03,[0.5235843 0.8805959 1.0130197 1.0325801],[0.48309126 0.59722096 0.56464314 0.4228232 ],[104.07153 190.41544 240.17143 257.14087],[ 94.405815 130.26894  143.11458  140.58282 ],[7.762878  6.78343   6.1812572 5.776346 ],[0.9006443 1.7806461 1.7636627 1.6772668],[8.26459   8.2423935 8.200481  8.146262 ],[0.59722245 0.63432664 0.6843038  0.7340101 ]
PATCHTST,C,1e-07,1,False,False,TDD,packagedrop,0.03,[0.00407448 0.00678919 0.01184049 0.02281773],[0.00194065 0.00304784 0.00485415 0.00887949],[1.1994325 2.3302906 4.3143306 8.249668 ],[0.7365095 1.4415846 2.3319843 4.1407976],[8.284352 8.280993 8.277738 8.273913],[0.20076795 0.20269293 0.20507446 0.20766677],[8.287666  8.286729  8.285783  8.2848215],[0.20094848 0.20314613 0.20554835 0.20814276]
PATCHTST,C,1e-07,10,False,False,TDD,packagedrop,0.03,[0.07491438 0.16273901 0.28565553 0.41652474],[0.11820721 0.15959151 0.2066339  0.23340473],[ 17.679472  40.26057   72.17006  108.66144 ],[30.900663 42.948185 61.129055 79.31777 ],[8.176715  8.085409  7.9186993 7.689374 ],[0.4113154  0.46960342 0.57298857 0.7077991 ],[8.228059 8.225114 8.221141 8.218307],[0.4063242  0.44373652 0.4743657  0.49637356]
PATCHTST,C,1e-07,30,False,False,TDD,packagedrop,0.03,[0.37938073 0.62145567 0.800696   0.91900843],[0.24741699 0.40397197 0.32363677 0.30909038],[ 96.464386 158.75883  210.04344  250.24625 ],[ 73.12817  104.00547  122.178116 133.53532 ],[7.7713246 7.2192354 6.466952  6.1717443],[0.75616676 1.0273287  1.4686643  1.4136333 ],[8.210542 8.202722 8.19268  8.180748],[0.5592177  0.55600965 0.5821842  0.64674735]
PATCHTST,C,3e-07,1,False,False,TDD,packagedrop,0.03,[0.01925603 0.02677423 0.04144442 0.06811172],[0.01065962 0.01316965 0.01668916 0.022853  ],[ 5.451989   8.048612  13.0818405 22.154953 ],[3.0222032 3.98369   5.487236  8.148529 ],[8.2925   8.287997 8.281809 8.275203],[0.12768444 0.12901148 0.13075651 0.13272122],[8.30922  8.309395 8.309544 8.309666],[0.12782563 0.12907478 0.13059264 0.132371  ]
PATCHTST,C,3e-07,10,False,False,TDD,packagedrop,0.03,[0.09795363 0.18220668 0.2686385  0.40158963],[0.07408782 0.11775307 0.14841782 0.17697245],[ 27.743252  52.712868  77.6382   119.21857 ],[25.90559  41.46595  52.554478 67.638435],[8.157912  8.065141  7.9468493 7.7847424],[0.34766296 0.39745736 0.46604976 0.5621025 ],[8.250104 8.243475 8.238306 8.233626],[0.33855358 0.37196392 0.40309045 0.43264046]
PATCHTST,C,3e-07,30,False,False,TDD,packagedrop,0.03,[0.45389965 0.6978115  0.78517324 0.90376776],[0.25307122 0.2919401  0.24524978 0.21218456],[135.28302 213.7563  244.04591 281.46286],[ 90.355064 127.38186  131.14095  134.28491 ],[7.543489  6.8647065 6.6457043 6.443275 ],[0.9722455 1.2016495 1.2473023 1.2272314],[8.243394  8.2595005 8.280929  8.2970915],[0.5275148  0.56576973 0.5995795  0.6289665 ]
PATCHTST,D,3e-08,1,False,False,TDD,packagedrop,0.03,[0.00201184 0.00287914 0.00399831 0.00623694],[0.00156726 0.00212096 0.00280726 0.00441036],[0.576298  0.8233466 1.180676  1.8858451],[0.43576235 0.58988637 0.8007386  1.3151562 ],[8.312759 8.311969 8.311372 8.310038],[0.16915183 0.16950938 0.16994339 0.17050485],[8.314398 8.314319 8.314234 8.314145],[0.1689577  0.1692839  0.16965668 0.17007592]
PATCHTST,D,3e-08,10,False,False,TDD,packagedrop,0.03,[0.01429163 0.02399695 0.03661308 0.0495856 ],[0.03437714 0.04015396 0.04719572 0.05163809],[ 4.295681  7.302628 11.176391 15.600446],[10.72019  12.920541 15.182364 16.968315],[8.308603 8.30372  8.297228 8.292248],[0.22145844 0.23256321 0.24351987 0.2534426 ],[8.316226 8.317209 8.319232 8.322231],[0.22064124 0.22971565 0.23861213 0.24789669]
PATCHTST,D,3e-08,30,False,False,TDD,packagedrop,0.03,[0.14330792 0.14195183 0.18819664 0.21172065],[0.4260642  0.29017022 0.34366095 0.22935727],[43.576954 41.62914  56.198727 61.226807],[140.98027  83.37627 117.46795  67.06334],[8.243916 8.210462 8.18555  8.152909],[0.32330817 0.33864918 0.36781457 0.40762088],[8.279626 8.265633 8.254636 8.245803],[0.3149234  0.33140603 0.3475315  0.37491977]
PATCHTST,D,1e-07,1,False,False,TDD,packagedrop,0.03,[0.00730071 0.00862536 0.01067501 0.01415794],[0.00384927 0.00481824 0.00613748 0.00876057],[2.1595147 2.555929  3.188528  4.2739086],[1.12514   1.4273186 1.8360981 2.6760204],[8.301206 8.300506 8.299719 8.298347],[0.04659374 0.0479644  0.04946096 0.05102614],[8.30858  8.308749 8.308917 8.309082],[0.04570846 0.04691132 0.04821616 0.04961289]
PATCHTST,D,1e-07,10,False,False,TDD,packagedrop,0.03,[0.0587515  0.06755387 0.07872884 0.09094814],[0.24232817 0.22200482 0.21234405 0.20372196],[17.662031 20.301075 23.76982  27.864159],[73.960686 68.15743  65.49695  63.175438],[8.28467  8.277948 8.270494 8.262389],[0.14506362 0.16445924 0.18237846 0.19958113],[8.302197 8.302738 8.303449 8.304353],[0.14413556 0.16243479 0.18018848 0.19722274]
PATCHTST,D,1e-07,30,False,False,TDD,packagedrop,0.03,[0.07531913 0.10218228 0.12689541 0.16649371],[0.0853384  0.11821001 0.12946114 0.14681199],[23.217659 31.905073 39.8587   51.644863],[27.600374 37.34969  41.88139  45.97344 ],[8.270312 8.262939 8.252073 8.239691],[0.2913396  0.32108104 0.34827486 0.3742299 ],[8.307436 8.310596 8.312113 8.31137 ],[0.28931206 0.31602684 0.33770058 0.35521185]
PATCHTST,D,3e-07,1,False,False,TDD,packagedrop,0.03,[0.02668986 0.02826986 0.03041052 0.0328877 ],[0.01238386 0.01285441 0.01376811 0.01502677],[7.8837347 8.352879  9.0045805 9.7644205],[3.659979  3.802256  4.0850515 4.463483 ],[8.28064  8.279407 8.278393 8.277164],[0.02805794 0.02977381 0.03157576 0.03334539],[8.304571 8.304598 8.304624 8.304644],[0.02125929 0.02278931 0.02444145 0.02619203]
PATCHTST,D,3e-07,10,False,False,TDD,packagedrop,0.03,[0.0460271  0.05444058 0.06556486 0.0796617 ],[0.04184715 0.05873955 0.08263746 0.11248945],[13.628776 16.167957 19.598032 24.142857],[12.777862 18.06002  25.537203 35.071354],[8.260037 8.256157 8.25395  8.251017],[0.1385441  0.15739977 0.17643055 0.19497359],[8.291802 8.291453 8.291422 8.291797],[0.13622427 0.15536554 0.17447104 0.193445  ]
PATCHTST,D,3e-07,30,False,False,TDD,packagedrop,0.03,[0.1315534  0.14504921 0.18946606 0.2366365 ],[0.24071531 0.19615468 0.2430702  0.2678955 ],[40.46809  45.87158  58.045216 72.93432 ],[75.78849  71.72275  79.546616 87.77289 ],[8.268937 8.257095 8.230551 8.212186],[0.2676075  0.2951306  0.35018933 0.3673859 ],[8.314291 8.305841 8.296564 8.287483],[0.25759736 0.28634158 0.31637365 0.34177953]
PATCHTST,A,3e-08,1,False,False,TDD,packagedrop,0.02,[0.00238078 0.00462245 0.00800566 0.01577235],[0.00175009 0.00325485 0.00563007 0.01121221],[0.97657686 2.188285   3.6805968  6.809779  ],[1.1164328 2.2690828 3.5543108 6.013851 ],[8.328486 8.324981 8.322662 8.319211],[0.18929194 0.19332327 0.19816291 0.20327364],[8.330993 8.329849 8.328677 8.327478],[0.19007084 0.19461922 0.19951843 0.20474008]
PATCHTST,A,3e-08,10,False,False,TDD,packagedrop,0.02,[0.04865496 0.10377295 0.17513925 0.2818358 ],[0.17561367 0.19633889 0.20303212 0.36595514],[10.903735 20.911072 36.46306  56.41833 ],[45.07648  47.901707 46.214188 52.525555],[8.191233 8.168151 8.130865 8.07613 ],[0.55059737 0.6176876  0.6927444  0.78396356],[8.202797 8.202787 8.20477  8.210616],[0.5486622  0.603959   0.65337497 0.69756156]
PATCHTST,A,3e-08,30,False,False,TDD,packagedrop,0.02,[0.25690886 0.48232225 0.7390293  0.9437819 ],[0.2420219  0.34047335 0.6231233  0.7804429 ],[ 47.49234   93.538956 149.72035  195.26585 ],[ 65.72289  96.14961 134.01176 168.17354],[7.781848  7.5978723 7.351371  7.025977 ],[1.0133432 1.2120299 1.2617669 1.4655927],[7.9305916 7.937528  7.938669  7.9467754],[0.94080913 0.97129947 1.0151565  1.0446168 ]
PATCHTST,A,1e-07,1,False,False,TDD,packagedrop,0.02,[0.00432424 0.00710058 0.01212165 0.02165003],[0.00320641 0.00530185 0.00969167 0.01479082],[1.445454  2.7975497 4.86073   8.976899 ],[1.2564926 2.6355002 4.3980126 7.6947308],[8.260179 8.25909  8.258557 8.257412],[0.5141658  0.51393175 0.51430225 0.51460165],[8.262489 8.263346 8.264196 8.265036],[0.5146195  0.5150341  0.5156064  0.51633507]
PATCHTST,A,1e-07,10,False,False,TDD,packagedrop,0.02,[0.04830342 0.09784083 0.16900249 0.24895567],[0.13042875 0.15572366 0.19879864 0.21647222],[ 9.721521 20.645561 37.50086  63.315514],[29.616837 36.542927 46.047913 64.494026],[8.128094  8.1066885 8.065526  8.007788 ],[0.62829465 0.67833334 0.7388456  0.79916483],[8.144523 8.146372 8.146507 8.145758],[0.6222944 0.6648694 0.7096781 0.7541992]
PATCHTST,A,1e-07,30,False,False,TDD,packagedrop,0.02,[0.28772253 0.5251601  0.7072547  0.8850305 ],[0.36305842 0.71290064 0.48114362 0.44201025],[ 75.673615 116.7706   177.529    224.02423 ],[103.81226 121.9637  171.22032 195.42903],[7.908923  7.6726017 7.25812   6.730136 ],[1.0039744 1.2133454 1.4000626 1.567564 ],[8.072836  8.0405245 7.9876432 7.931781 ],[0.9680374 1.0242085 1.0625325 1.0865595]
PATCHTST,A,3e-07,1,False,False,TDD,packagedrop,0.02,[0.0099148  0.01627769 0.03041693 0.0528333 ],[0.00307702 0.00503762 0.00867479 0.01529922],[ 3.1901412  5.7277718 11.017273  18.896421 ],[1.4406769 2.8012621 5.1512403 8.730572 ],[8.209343 8.207956 8.206289 8.206286],[0.3534603  0.35426518 0.35527894 0.3567879 ],[8.213685 8.214922 8.216152 8.217376],[0.35320455 0.35431996 0.3555505  0.35689354]
PATCHTST,A,3e-07,10,False,False,TDD,packagedrop,0.02,[0.0517923  0.10991441 0.1817302  0.2894112 ],[0.03595977 0.07145791 0.10549524 0.16162105],[13.302361 30.314913 51.02225  86.13453 ],[10.24798  25.108751 38.08496  65.991135],[8.136755  8.104115  8.051438  7.9667506],[0.6298237 0.6901754 0.7612137 0.8351956],[8.171758 8.174995 8.178912 8.18387 ],[0.61714435 0.66222095 0.70273554 0.73701555]
PATCHTST,A,3e-07,30,False,False,TDD,packagedrop,0.02,[0.38639086 0.61514795 0.78323203 0.95546097],[0.40772444 0.42543134 0.48946148 0.565667  ],[121.369316 181.8493   215.69196  260.61786 ],[150.48114 182.24782 189.13812 197.38489],[7.7629833 7.457542  7.2323627 6.93187  ],[1.0157062 1.2064601 1.4291352 1.5510322],[8.039328 8.043646 8.03752  8.038265],[0.90889144 0.95316565 1.0154774  1.050955  ]
PATCHTST,C,3e-08,1,False,False,TDD,packagedrop,0.02,[0.00378456 0.00703304 0.01280863 0.02331895],[0.00187877 0.00345737 0.00658174 0.01292335],[1.4816087 3.1319556 5.2226295 8.76078  ],[1.2688799 2.454526  3.4847095 5.168464 ],[8.315712 8.312575 8.310927 8.308175],[0.1313052  0.13342279 0.13633464 0.13947111],[8.320241 8.321053 8.321877 8.322711],[0.1314964  0.13392694 0.13672413 0.13986447]
PATCHTST,C,3e-08,10,False,False,TDD,packagedrop,0.02,[0.07827655 0.20304917 0.39571226 0.56017655],[0.15895814 0.25566748 0.4404392  0.54777646],[11.510246 30.525505 62.81672  99.83181 ],[16.173286 30.70037  54.763847 80.3165  ],[8.17701   8.078449  7.894291  7.5984693],[0.45542148 0.5497832  0.7573496  1.1718073 ],[8.214156 8.200949 8.206897 8.228696],[0.43586653 0.47545165 0.5107417  0.53240734]
PATCHTST,C,3e-08,30,False,False,TDD,packagedrop,0.02,[0.5200596 0.8568235 1.0023512 1.0517399],[0.5337581 0.5803985 0.568712  0.4496232],[ 94.86284 183.7084  236.53389 257.92096],[ 82.47255 129.59944 144.39001 144.21648],[7.7702074 6.7729344 6.279759  5.8473206],[0.8976912 1.7784206 1.6869383 1.5974926],[8.26459   8.2423935 8.200481  8.146262 ],[0.59722245 0.63432664 0.6843038  0.7340101 ]
PATCHTST,C,1e-07,1,False,False,TDD,packagedrop,0.02,[0.00449087 0.00749153 0.01270241 0.02393711],[0.0037238  0.00618416 0.00820308 0.01333107],[1.3204589 2.546673  4.570388  8.567692 ],[1.1955025 2.1539302 2.9530594 4.917449 ],[8.28435  8.280957 8.277748 8.273974],[0.20077035 0.202705   0.20510906 0.20772985],[8.287666  8.286729  8.285783  8.2848215],[0.20094848 0.20314613 0.20554835 0.20814276]
PATCHTST,C,1e-07,10,False,False,TDD,packagedrop,0.02,[0.07510399 0.16149631 0.2857978  0.41672587],[0.13534194 0.17391846 0.23128955 0.26024798],[ 18.48923  40.3836   72.58366 108.79113],[39.75466  49.16106  67.082085 82.8526  ],[8.178195 8.08909  7.928482 7.700355],[0.41106516 0.46757394 0.5635938  0.70575273],[8.228059 8.225114 8.221141 8.218307],[0.4063242  0.44373652 0.4743657  0.49637356]
PATCHTST,C,1e-07,30,False,False,TDD,packagedrop,0.02,[0.4107632  0.61782813 0.807025   0.9023715 ],[0.3292028  0.32079655 0.33722192 0.29858217],[106.168015 158.97249  211.87564  247.7691  ],[100.62423 103.11449 121.90503 132.03899],[7.776446  7.257965  6.5388126 6.230697 ],[0.7517557 1.0029964 1.3994563 1.4238992],[8.210542 8.202722 8.19268  8.180748],[0.5592177  0.55600965 0.5821842  0.64674735]
PATCHTST,C,3e-07,1,False,False,TDD,packagedrop,0.02,[0.01962348 0.02734018 0.04230147 0.06927571],[0.01102965 0.01390167 0.01801063 0.02515298],[ 5.5836644  8.248185  13.374325  22.539919 ],[3.1917849 4.2826567 5.983314  8.9501915],[8.292509 8.288036 8.281868 8.275235],[0.12755415 0.12890212 0.13052003 0.13236873],[8.30922  8.309395 8.309544 8.309666],[0.12782563 0.12907478 0.13059264 0.132371  ]
PATCHTST,C,3e-07,10,False,False,TDD,packagedrop,0.02,[0.09238569 0.17501615 0.25763768 0.38716218],[0.05739231 0.09885072 0.12309887 0.14631452],[ 25.95354   50.455738  74.87558  115.603455],[18.435658 33.723568 43.24704  57.515915],[8.158263  8.065625  7.947606  7.7936664],[0.34817863 0.40062264 0.46648327 0.5487906 ],[8.250104 8.243475 8.238306 8.233626],[0.33855358 0.37196392 0.40309045 0.43264046]
PATCHTST,C,3e-07,30,False,False,TDD,packagedrop,0.02,[0.457244   0.69386506 0.7834824  0.89618975],[0.31226063 0.3094979  0.26077235 0.22475672],[135.13788 215.36427 245.37842 280.8577 ],[ 94.665794 135.95505  139.87917  141.86897 ],[7.5669575 6.873313  6.629199  6.418863 ],[0.9337705 1.1820148 1.2173946 1.2961487],[8.243394  8.2595005 8.280929  8.2970915],[0.5275148  0.56576973 0.5995795  0.6289665 ]
PATCHTST,D,3e-08,1,False,False,TDD,packagedrop,0.02,[0.00200232 0.00297344 0.00409734 0.0063874 ],[0.0017296  0.00326456 0.00415356 0.00672926],[0.576436  0.8571063 1.2136937 1.933997 ],[0.5263005 1.0386528 1.316902  2.1328332],[8.312771 8.311978 8.311392 8.310061],[0.16915087 0.16951464 0.16995372 0.17050037],[8.314398 8.314319 8.314234 8.314145],[0.1689577  0.1692839  0.16965668 0.17007592]
PATCHTST,D,3e-08,10,False,False,TDD,packagedrop,0.02,[0.02669664 0.0367885  0.05186564 0.063677  ],[0.13574933 0.13723555 0.15578805 0.14422652],[ 7.5573463 10.657328  15.225097  19.54644  ],[36.526955 37.74278  42.89229  40.7408  ],[8.308675  8.303069  8.2968645 8.290882 ],[0.2215967  0.23318923 0.2442335  0.25453755],[8.316226 8.317209 8.319232 8.322231],[0.22064124 0.22971565 0.23861213 0.24789669]
PATCHTST,D,3e-08,30,False,False,TDD,packagedrop,0.02,[0.14720526 0.16532168 0.2018395  0.23318766],[0.43572813 0.32162303 0.3264011  0.2869168 ],[40.175854 47.733585 58.728138 68.59803 ],[108.528305  87.53003   89.89699   82.6353  ],[8.2396555 8.213253  8.172589  8.14628  ],[0.32894558 0.33781737 0.38647148 0.41898388],[8.279626 8.265633 8.254636 8.245803],[0.3149234  0.33140603 0.3475315  0.37491977]
PATCHTST,D,1e-07,1,False,False,TDD,packagedrop,0.02,[0.00696212 0.00808988 0.00996896 0.01294619],[0.00337283 0.00376329 0.00432614 0.00571335],[2.0555482 2.3908412 2.9721231 3.9005935],[0.9630024 1.0746534 1.2459337 1.7026936],[8.301216 8.300512 8.299738 8.298315],[0.04660948 0.04796675 0.04947409 0.0509811 ],[8.30858  8.308749 8.308917 8.309082],[0.04570846 0.04691132 0.04821616 0.04961289]
PATCHTST,D,1e-07,10,False,False,TDD,packagedrop,0.02,[0.02106478 0.03058764 0.04201085 0.05548426],[0.01283552 0.01933523 0.02827631 0.03717821],[ 6.2011857  9.042323  12.553812  16.852499 ],[ 3.8929007  5.900783   8.812937  11.55645  ],[8.284919 8.278869 8.272094 8.265055],[0.14517108 0.16429394 0.18242788 0.19966614],[8.302197 8.302738 8.303449 8.304353],[0.14413556 0.16243479 0.18018848 0.19722274]
PATCHTST,D,1e-07,30,False,False,TDD,packagedrop,0.02,[0.06969573 0.09026531 0.12441444 0.17356241],[0.08948169 0.08391192 0.13639623 0.15560512],[21.174616 28.197943 38.758846 54.20266 ],[25.430088 27.166803 41.693142 48.97368 ],[8.27135  8.263685 8.253053 8.23645 ],[0.29134262 0.32187784 0.35059464 0.37798077],[8.307436 8.310596 8.312113 8.31137 ],[0.28931206 0.31602684 0.33770058 0.35521185]
PATCHTST,D,3e-07,1,False,False,TDD,packagedrop,0.02,[0.02645298 0.02841616 0.03053647 0.0338186 ],[0.01195881 0.01319286 0.0138964  0.01875847],[ 7.8123326  8.400478   9.043669  10.050052 ],[3.5252342 3.9359553 4.141977  5.670579 ],[8.280646 8.279427 8.278389 8.277125],[0.02805346 0.02978692 0.03155547 0.0332563 ],[8.304571 8.304598 8.304624 8.304644],[0.02125929 0.02278931 0.02444145 0.02619203]
PATCHTST,D,3e-07,10,False,False,TDD,packagedrop,0.02,[0.05563375 0.05586058 0.06497858 0.06990612],[0.15989144 0.09824929 0.14022683 0.12909235],[16.663595 16.733484 19.648462 21.408775],[49.470535 30.599644 43.949837 40.865967],[8.260226 8.256593 8.254465 8.251851],[0.13826813 0.15688413 0.17587975 0.19438435],[8.291802 8.291453 8.291422 8.291797],[0.13622427 0.15536554 0.17447104 0.193445  ]
PATCHTST,D,3e-07,30,False,False,TDD,packagedrop,0.02,[0.12206592 0.13355504 0.16983373 0.18952689],[0.27544314 0.22385596 0.25406292 0.23696677],[39.08453  42.822437 53.77963  60.01116 ],[93.49899 79.32219 84.83143 78.77995],[8.2736225 8.25993   8.216964  8.227055 ],[0.26236627 0.29168153 0.40115684 0.35077572],[8.314291 8.305841 8.296564 8.287483],[0.25759736 0.28634158 0.31637365 0.34177953]
PATCHTST,A,3e-08,1,False,False,TDD,packagedrop,0.01,[0.00223691 0.00433163 0.00755437 0.01494115],[0.00156235 0.00288663 0.0050307  0.00999164],[0.93018776 2.0909774  3.5339878  6.546843  ],[1.0804554 2.2112157 3.4392169 5.730682 ],[8.328523 8.325055 8.322811 8.319364],[0.18926442 0.19327956 0.19807215 0.20319994],[8.330993 8.329849 8.328677 8.327478],[0.19007084 0.19461922 0.19951843 0.20474008]
PATCHTST,A,3e-08,10,False,False,TDD,packagedrop,0.01,[0.02654575 0.07973954 0.15274316 0.2577663 ],[0.03073192 0.07881049 0.14278814 0.33311096],[ 5.215001 14.958288 30.357395 50.633102],[ 6.3584394 13.918371  24.433315  38.523594 ],[8.191745 8.169828 8.13254  8.079075],[0.5504278 0.6171889 0.6925188 0.7847964],[8.202797 8.202787 8.20477  8.210616],[0.5486622  0.603959   0.65337497 0.69756156]
PATCHTST,A,3e-08,30,False,False,TDD,packagedrop,0.01,[0.23210926 0.4703312  0.7293011  0.9358417 ],[0.21018013 0.34633994 0.63808936 0.77506065],[ 41.032352  87.6703   144.57814  193.01118 ],[ 55.117428  91.76767  130.83461  166.83794 ],[7.823977  7.6145873 7.3454394 7.0098524],[0.98791236 1.2348183  1.3336489  1.4871646 ],[7.9305916 7.937528  7.938669  7.9467754],[0.94080913 0.97129947 1.0151565  1.0446168 ]
PATCHTST,A,1e-07,1,False,False,TDD,packagedrop,0.01,[0.00386003 0.00629726 0.01071324 0.0197604 ],[0.00165153 0.00289518 0.0052353  0.00995267],[1.3161633 2.5810778 4.5244675 8.529669 ],[1.0957717 2.454333  4.1573625 7.468857 ],[8.260192 8.259102 8.258586 8.257433],[0.51416487 0.5139282  0.5142888  0.5146062 ],[8.262489 8.263346 8.264196 8.265036],[0.5146195  0.5150341  0.5156064  0.51633507]
PATCHTST,A,1e-07,10,False,False,TDD,packagedrop,0.01,[0.02700939 0.07228114 0.14262922 0.21925522],[0.02677698 0.07016993 0.13507375 0.15854244],[ 5.201512 14.774188 31.215672 56.400932],[ 4.6700587 14.701242  29.058357  53.882362 ],[8.131336 8.111776 8.074393 8.024383],[0.6250985  0.6741321  0.7321639  0.78587025],[8.144523 8.146372 8.146507 8.145758],[0.6222944 0.6648694 0.7096781 0.7541992]
PATCHTST,A,1e-07,30,False,False,TDD,packagedrop,0.01,[0.25782892 0.49456662 0.65942144 0.8544204 ],[0.4604128  0.8672099  0.41721636 0.4190852 ],[ 65.366806 108.065765 170.47302  215.61893 ],[ 95.95629 115.07627 167.6838  191.36063],[7.933799  7.691633  7.3245764 6.793534 ],[1.0200121 1.193004  1.3824693 1.6057142],[8.072836  8.0405245 7.9876432 7.931781 ],[0.9680374 1.0242085 1.0625325 1.0865595]
PATCHTST,A,3e-07,1,False,False,TDD,packagedrop,0.01,[0.00991136 0.01637233 0.03063666 0.05332032],[0.00324782 0.00538504 0.00900653 0.01584366],[ 3.1951807  5.7702804 11.089008  19.051456 ],[1.4886684 2.9130976 5.2521815 8.92253  ],[8.209415 8.208172 8.206515 8.206635],[0.35345992 0.3541552  0.35525903 0.35666206],[8.213685 8.214922 8.216152 8.217376],[0.35320455 0.35431996 0.3555505  0.35689354]
PATCHTST,A,3e-07,10,False,False,TDD,packagedrop,0.01,[0.05237727 0.11136519 0.18307395 0.28799972],[0.03849559 0.0719905  0.10601423 0.15826426],[13.487234 30.676575 51.080555 85.410355],[10.566733 25.102993 37.50793  65.36653 ],[8.136972  8.102835  8.050605  7.9642024],[0.62979627 0.69135153 0.7646375  0.8456365 ],[8.171758 8.174995 8.178912 8.18387 ],[0.61714435 0.66222095 0.70273554 0.73701555]
PATCHTST,A,3e-07,30,False,False,TDD,packagedrop,0.01,[0.32516953 0.55906236 0.7593098  0.9339229 ],[0.2175046  0.30804282 0.44558135 0.552255  ],[103.5067  165.896   208.00435 255.99965],[108.20769 155.55756 173.20882 193.01819],[7.7346497 7.471939  7.232093  6.931764 ],[1.0510217 1.194572  1.4302943 1.5370588],[8.039328 8.043646 8.03752  8.038265],[0.90889144 0.95316565 1.0154774  1.050955  ]
PATCHTST,C,3e-08,1,False,False,TDD,packagedrop,0.01,[0.00380884 0.00709383 0.01290852 0.02344148],[0.00188403 0.00348492 0.00664646 0.01303143],[1.4793086 3.148115  5.2471395 8.784847 ],[1.23548   2.438367  3.4675117 5.16625  ],[8.315725 8.312547 8.310874 8.308078],[0.13129425 0.13341592 0.13634227 0.1395151 ],[8.320241 8.321053 8.321877 8.322711],[0.1314964  0.13392694 0.13672413 0.13986447]
PATCHTST,C,3e-08,10,False,False,TDD,packagedrop,0.01,[0.05968112 0.19250685 0.38446847 0.5310319 ],[0.09824689 0.26185867 0.47101843 0.5382229 ],[10.314628 29.594664 61.940582 98.90865 ],[26.418385 41.78381  65.899345 89.02703 ],[8.186642  8.093734  7.91119   7.6163044],[0.43850854 0.51992273 0.7289084  1.1560687 ],[8.214156 8.200949 8.206897 8.228696],[0.43586653 0.47545165 0.5107417  0.53240734]
PATCHTST,C,3e-08,30,False,False,TDD,packagedrop,0.01,[0.48214558 0.85479134 1.0034616  1.0330479 ],[0.4621508 0.6182727 0.5733144 0.4397215],[ 88.9796  177.03856 232.95688 252.44592],[ 71.512436 121.79291  142.98256  142.55482 ],[7.787427  6.833505  6.332843  5.8597884],[0.9388209 1.8081754 1.6454909 1.6111023],[8.26459   8.2423935 8.200481  8.146262 ],[0.59722245 0.63432664 0.6843038  0.7340101 ]
PATCHTST,C,1e-07,1,False,False,TDD,packagedrop,0.01,[0.00398189 0.00664124 0.01157166 0.02228238],[0.00151239 0.0024576  0.00407381 0.00761771],[1.1548404 2.267747  4.2060485 8.063159 ],[0.576294  1.2628009 2.0389192 3.7587502],[8.284366 8.281007 8.277766 8.273955],[0.20075546 0.20263565 0.20505975 0.20760897],[8.287666  8.286729  8.285783  8.2848215],[0.20094848 0.20314613 0.20554835 0.20814276]
PATCHTST,C,1e-07,10,False,False,TDD,packagedrop,0.01,[0.08466006 0.16843987 0.28859925 0.4217742 ],[0.22609925 0.24533753 0.25523958 0.27736995],[ 19.316553  40.378883  70.96351  106.87867 ],[57.62957 61.44796 66.76503 79.21084],[8.182605  8.096291  7.9394765 7.711312 ],[0.41167697 0.46540114 0.55216914 0.6926438 ],[8.228059 8.225114 8.221141 8.218307],[0.4063242  0.44373652 0.4743657  0.49637356]
PATCHTST,C,1e-07,30,False,False,TDD,packagedrop,0.01,[0.34855083 0.5744429  0.7742062  0.89152217],[0.2169227  0.27817738 0.3018288  0.2735343 ],[ 88.81464 148.82506 205.32008 245.45584],[ 69.289764  95.05368  121.70582  132.19124 ],[7.8337274 7.3180623 6.5211906 6.19725  ],[0.6898508  0.94407487 1.4254609  1.4080364 ],[8.210542 8.202722 8.19268  8.180748],[0.5592177  0.55600965 0.5821842  0.64674735]
PATCHTST,C,3e-07,1,False,False,TDD,packagedrop,0.01,[0.01934814 0.02700791 0.04174478 0.06859889],[0.01075215 0.01341705 0.01710651 0.02362901],[ 5.5004287  8.156315  13.216291  22.349892 ],[3.1366708 4.2283525 5.851949  8.680969 ],[8.29257   8.28812   8.2819805 8.27542  ],[0.12764896 0.12898654 0.13068216 0.13259207],[8.30922  8.309395 8.309544 8.309666],[0.12782563 0.12907478 0.13059264 0.132371  ]
PATCHTST,C,3e-07,10,False,False,TDD,packagedrop,0.01,[0.09479056 0.17634362 0.26094028 0.39419806],[0.07730141 0.10983267 0.1376244  0.17308062],[ 25.852829  50.05435   74.76156  115.98371 ],[20.24279  33.781338 43.276188 58.00469 ],[8.158609  8.073194  7.955017  7.7990513],[0.3608445  0.39980558 0.46596625 0.5510839 ],[8.250104 8.243475 8.238306 8.233626],[0.33855358 0.37196392 0.40309045 0.43264046]
PATCHTST,C,3e-07,30,False,False,TDD,packagedrop,0.01,[0.42857903 0.67818964 0.763122   0.8784172 ],[0.25505906 0.29859504 0.24159169 0.20971654],[129.82475 209.72626 238.4392  274.66833],[ 94.092735 131.20064  131.1856   132.97018 ],[7.6377172 6.8815627 6.6447105 6.43947  ],[0.78033364 1.1897999  1.2199444  1.2666241 ],[8.243394  8.2595005 8.280929  8.2970915],[0.5275148  0.56576973 0.5995795  0.6289665 ]
PATCHTST,D,3e-08,1,False,False,TDD,packagedrop,0.01,[0.00177022 0.00256274 0.00358779 0.00551893],[0.00096899 0.00129853 0.00169418 0.00273366],[0.503275  0.7251604 1.0515888 1.663075 ],[0.24479796 0.31697792 0.4437172  0.79869604],[8.312782 8.311996 8.311414 8.31009 ],[0.1691508  0.16951191 0.169952   0.1705049 ],[8.314398 8.314319 8.314234 8.314145],[0.1689577  0.1692839  0.16965668 0.17007592]
PATCHTST,D,3e-08,10,False,False,TDD,packagedrop,0.01,[0.02556307 0.0332957  0.04611276 0.05554623],[0.15452   0.1569483 0.1759942 0.1556616],[ 7.484087  9.902718 13.797293 17.318323],[44.65936  46.139507 52.274673 46.981968],[8.308778 8.303483 8.297277 8.292256],[0.22152469 0.23272648 0.2436005  0.25359622],[8.316226 8.317209 8.319232 8.322231],[0.22064124 0.22971565 0.23861213 0.24789669]
PATCHTST,D,3e-08,30,False,False,TDD,packagedrop,0.01,[0.08504715 0.13877052 0.16653502 0.19290033],[0.16137834 0.3192963  0.28987986 0.2468756 ],[24.346596 39.85425  48.15653  56.20175 ],[44.134098 86.16676  79.70936  69.87386 ],[8.240892 8.209021 8.181994 8.162754],[0.3295805  0.34791103 0.3715686  0.4022042 ],[8.279626 8.265633 8.254636 8.245803],[0.3149234  0.33140603 0.3475315  0.37491977]
PATCHTST,D,1e-07,1,False,False,TDD,packagedrop,0.01,[0.006906   0.00797059 0.00982832 0.01269605],[0.00334081 0.00368071 0.00432432 0.00545489],[2.0381858 2.3542128 2.9284577 3.8256097],[0.9517766 1.0486134 1.2425915 1.630077 ],[8.301222 8.300521 8.299747 8.298322],[0.0465971  0.04797477 0.04947749 0.05100393],[8.30858  8.308749 8.308917 8.309082],[0.04570846 0.04691132 0.04821616 0.04961289]
PATCHTST,D,1e-07,10,False,False,TDD,packagedrop,0.01,[0.02089459 0.03026771 0.04015576 0.05462926],[0.01351441 0.02038924 0.02500192 0.04560622],[ 6.153009  8.913643 11.993239 16.645409],[ 4.1029716  6.120298   7.946007  14.599336 ],[8.284811  8.278962  8.2722025 8.265077 ],[0.14555463 0.16447008 0.18251468 0.19966567],[8.302197 8.302738 8.303449 8.304353],[0.14413556 0.16243479 0.18018848 0.19722274]
PATCHTST,D,1e-07,30,False,False,TDD,packagedrop,0.01,[0.05713855 0.07994302 0.10876045 0.14435627],[0.05358304 0.07961624 0.11252184 0.10479494],[17.545135 24.945627 33.7275   45.094986],[16.754139 25.807993 34.303875 35.53663 ],[8.270955 8.264498 8.25538  8.240488],[0.29197153 0.3213322  0.35032573 0.37485054],[8.307436 8.310596 8.312113 8.31137 ],[0.28931206 0.31602684 0.33770058 0.35521185]
PATCHTST,D,3e-07,1,False,False,TDD,packagedrop,0.01,[0.02655927 0.0281994  0.03034334 0.03300312],[0.01206161 0.01263502 0.01361791 0.01507187],[7.842779  8.329856  8.9811735 9.795098 ],[3.5572245 3.7269063 4.018332  4.4528337],[8.280664 8.279443 8.278437 8.277214],[0.02804465 0.02974998 0.03154192 0.03330172],[8.304571 8.304598 8.304624 8.304644],[0.02125929 0.02278931 0.02444145 0.02619203]
PATCHTST,D,3e-07,10,False,False,TDD,packagedrop,0.01,[0.03809756 0.04439303 0.04814871 0.05349723],[0.01905978 0.0222653  0.02488589 0.02523105],[11.24135  13.171853 14.387339 16.21697 ],[5.676271  6.8167176 7.9541726 8.504051 ],[8.260277  8.256636  8.254657  8.2522545],[0.1383058  0.15698299 0.1759535  0.19458039],[8.291802 8.291453 8.291422 8.291797],[0.13622427 0.15536554 0.17447104 0.193445  ]
PATCHTST,D,3e-07,30,False,False,TDD,packagedrop,0.01,[0.06551097 0.08924572 0.11719047 0.14430907],[0.05088205 0.08664788 0.11216016 0.13188913],[20.244604 27.690607 36.7304   45.50983 ],[17.76215  31.142515 39.343353 47.35648 ],[8.275459  8.262398  8.244506  8.2293215],[0.26244485 0.29296988 0.32753134 0.35341844],[8.314291 8.305841 8.296564 8.287483],[0.25759736 0.28634158 0.31637365 0.34177953]
