model,cm,ds,ms,is_gen,is_U2D,scenario,noise_type,noise_degree,nmse_mean,nmse_std,mse_mean,mse_std,se_mean,se_std,se0_mean,se0_std
DDK8,A,5e-08,3,True,False,TDD,vanilla,0,[0.05262714 0.0902207  0.14662592 0.21773225],[0.02954155 0.05694582 0.09605747 0.1357595 ],[10.193716 18.80731  32.984367 51.09799 ],[ 4.5417933 11.440312  22.740715  34.008366 ],[8.210943 8.203873 8.189945 8.169995],[0.36762318 0.38439584 0.40410033 0.42706946],[8.233838 8.237641 8.241822 8.246357],[0.36562672 0.3805851  0.39700893 0.4147793 ]
DDK8,A,5e-08,6,True,False,TDD,vanilla,0,[0.07257678 0.13431948 0.20592177 0.2924945 ],[0.03331346 0.06612756 0.09246623 0.13564698],[15.164441 29.885681 49.232426 71.68624 ],[ 6.3884   15.646353 26.895872 41.175602],[8.25024  8.230114 8.197768 8.154025],[0.44927728 0.4932535  0.54226136 0.5981215 ],[8.28204  8.2848   8.287399 8.290143],[0.44220755 0.47809482 0.5148415  0.55173457]
DDK8,A,5e-08,9,True,False,TDD,vanilla,0,[0.10563949 0.20437665 0.27752513 0.3598422 ],[0.08730431 0.21227056 0.1951683  0.24256155],[17.56803  34.715878 53.741966 74.84433 ],[ 6.985906 16.117203 27.157867 43.766544],[8.192759 8.147157 8.088497 8.010565],[0.5604012 0.6253222 0.6965724 0.7808286],[8.232175 8.218963 8.206256 8.19461 ],[0.5494946  0.6048245  0.66238713 0.7200331 ]
DDK8,A,5e-08,12,True,False,TDD,vanilla,0,[0.10388942 0.20615953 0.3090399  0.454419  ],[0.07622611 0.17780057 0.2993121  0.45545015],[17.783113 34.952198 57.464188 86.43578 ],[ 7.070024 16.979286 32.12271  55.974705],[8.121308 8.074167 8.009481 7.899436],[0.5825835 0.6680093 0.7652647 0.8832245],[8.1713705 8.169162  8.165635  8.1618185],[0.5680532  0.6353437  0.7046337  0.77285534]
DDK8,A,5e-08,15,True,False,TDD,vanilla,0,[0.11426962 0.23472978 0.34406173 0.53895044],[0.08857512 0.21322761 0.27968276 0.50162125],[ 21.083258  42.5168    69.56853  105.49537 ],[ 8.729848 21.653036 44.06563  84.27635 ],[8.168836  8.106453  8.031351  7.8805876],[0.7466412  0.84486586 0.95872504 1.1234689 ],[8.229278 8.228537 8.234898 8.246084],[0.716445   0.7802941  0.83712816 0.889672  ]
DDK8,A,5e-08,18,True,False,TDD,vanilla,0,[0.16181383 0.33840993 0.48780358 0.7211088 ],[0.14812672 0.5147781  0.60406166 0.7802421 ],[ 22.522871  43.913174  72.88855  114.59601 ],[ 8.39464  22.702019 49.25228  85.91398 ],[8.087893  8.011536  7.9048676 7.7045937],[0.8676944 0.9692603 1.0959709 1.3069938],[8.165414 8.166351 8.164887 8.15692 ],[0.8150258 0.8670547 0.9366969 1.025056 ]
DDK8,A,5e-08,21,True,False,TDD,vanilla,0,[0.15750317 0.28764367 0.43072098 0.66539305],[0.12470965 0.23295245 0.32434347 0.4369627 ],[ 23.994469  46.233753  73.236176 130.56046 ],[ 9.949725 23.516018 45.0986   82.084076],[8.012714  7.9006305 7.756857  7.4808626],[0.9441687 1.0331303 1.1346428 1.317378 ],[8.097888  8.0776415 8.057297  8.0439825],[0.8918794  0.9238005  0.95249516 0.97904676]
DDK8,A,5e-08,24,True,False,TDD,vanilla,0,[0.16183412 0.31155413 0.4789828  0.64754385],[0.14141959 0.4428123  0.47700146 0.48260105],[ 26.888866  47.021015  86.40373  145.42604 ],[ 12.965362  31.413918  71.64677  112.899796],[8.161252  8.054188  7.871564  7.4994087],[0.8226157 0.9229831 1.0514133 1.3942469],[8.248478 8.227171 8.202078 8.1868  ],[0.7698817  0.82811874 0.88698286 0.9156224 ]
DDK8,A,5e-08,27,True,False,TDD,vanilla,0,[0.18916471 0.3558457  0.595944   0.8319189 ],[0.1613778  0.3178986  0.77832216 0.7832408 ],[ 28.313255  55.40658   97.126884 151.95255 ],[ 12.94499  35.97426  72.6853  126.8062 ],[7.9745827 7.85457   7.650395  7.276452 ],[0.8655347 0.9578835 1.099766  1.3687224],[8.073305 8.057036 8.035699 8.017298],[0.81447893 0.87702554 0.95565355 1.0139018 ]
DDK8,A,5e-08,33,True,False,TDD,vanilla,0,[0.27520564 0.500874   0.78896385 0.88625467],[0.35272697 0.7821185  0.94016474 0.63931435],[ 34.356747  67.31551  128.12187  193.58405 ],[ 18.050049  50.901463 102.00959  171.77415 ],[8.050711  7.8819685 7.534248  7.1945467],[1.0529954 1.2640599 1.4934199 1.4980966],[8.180847  8.193614  8.203002  8.1704445],[0.9456215  0.95782167 0.92753166 0.9645922 ]
DDK8,A,5e-08,36,True,False,TDD,vanilla,0,[0.3036468 0.5238356 1.085546  1.140741 ],[0.4695013  0.5515015  1.823351   0.92529196],[ 35.262142  75.24668  144.11128  232.00574 ],[ 16.275908  53.878155 113.68334  172.9912  ],[7.948235  7.730495  7.301875  6.7267175],[0.9419194 1.1413116 1.4771266 1.6671649],[8.093336 8.087319 8.075918 8.088953],[0.84122604 0.8823591  0.96047276 0.99210644]
DDK8,A,5e-08,42,True,False,TDD,vanilla,0,[0.34414783 0.61282563 0.85689044 1.2010741 ],[0.32958132 0.58498615 0.5839124  0.99322754],[ 39.34991  89.87654 157.73555 226.49435],[ 24.177917  66.304985 120.11536  160.86543 ],[7.622227  7.331635  6.9231205 6.4987   ],[1.1900302 1.4423496 1.5830498 1.5818523],[7.833758 7.885902 7.919857 7.917343],[1.0413706 1.023846  1.0217247 1.0423343]
DDK8,A,2e-07,3,True,False,TDD,vanilla,0,[0.05592311 0.08784949 0.14173302 0.2031457 ],[0.02277293 0.04475496 0.08465484 0.11848804],[11.328775 18.856073 32.18387  48.071304],[ 4.52542  11.262271 22.903492 33.017193],[8.089758 8.080121 8.062122 8.037585],[0.63437605 0.6392033  0.645775   0.654493  ],[8.130689 8.134304 8.138219 8.142409],[0.6257091 0.6282687 0.6312905 0.6347323]
DDK8,A,2e-07,6,True,False,TDD,vanilla,0,[0.06894574 0.12327918 0.19645557 0.27283904],[0.03316499 0.07640437 0.12371615 0.16755001],[15.420414 29.058748 49.775692 71.7839  ],[ 7.352501 18.783157 35.45841  49.43774 ],[8.228619 8.212179 8.185086 8.148552],[0.6128951  0.636669   0.665543   0.70494276],[8.274826 8.279523 8.284403 8.289545],[0.6015826  0.61828643 0.63822275 0.6610321 ]
DDK8,A,2e-07,9,True,False,TDD,vanilla,0,[0.08243349 0.139223   0.20267233 0.27176255],[0.04137803 0.07346606 0.1032678  0.1386044 ],[17.43075  31.542664 48.979015 68.47974 ],[ 7.041544 16.624825 28.869684 43.29208 ],[8.155645 8.137096 8.103803 8.053356],[0.69174117 0.7216944  0.75767463 0.80893886],[8.212872 8.222125 8.22945  8.234579],[0.6716166  0.6904289  0.7124399  0.73767006]
DDK8,A,2e-07,12,True,False,TDD,vanilla,0,[0.1080199  0.18421389 0.26431277 0.3506617 ],[0.06100564 0.11515526 0.15496948 0.18723781],[19.923784 35.253666 54.753887 76.55037 ],[ 6.8405185 17.117048  34.41974   55.172394 ],[8.038403  7.9726124 7.8850126 7.7787023],[0.765156   0.8268295  0.90998846 1.0025047 ],[8.118894 8.099322 8.080267 8.061373],[0.72288525 0.7593847  0.79724795 0.8372211 ]
DDK8,A,2e-07,15,True,False,TDD,vanilla,0,[0.12706508 0.22763012 0.33031487 0.44941443],[0.08624496 0.18085957 0.26930764 0.31809303],[20.505701 37.07531  59.08696  87.88081 ],[ 6.9948173 16.70201   35.201534  60.94692  ],[7.8631787 7.7858458 7.690625  7.5489388],[0.85986114 0.94879156 1.0522575  1.179542  ],[7.960368 7.953955 7.952423 7.9545  ],[0.8137213 0.856927  0.8997762 0.942242 ]
DDK8,A,2e-07,18,True,False,TDD,vanilla,0,[0.12031501 0.21122311 0.3286008  0.5065462 ],[0.06408122 0.12745218 0.24014404 0.4287543 ],[23.244    40.965748 65.185295 98.353035],[ 8.002407 16.667345 33.939552 59.437428],[8.031676  7.9460063 7.8205876 7.617899 ],[0.85233533 0.931011   1.0434655  1.230373  ],[8.126295 8.107923 8.089695 8.074124],[0.8090824  0.8441579  0.88169974 0.92264533]
DDK8,A,2e-07,21,True,False,TDD,vanilla,0,[0.14939882 0.24152951 0.37704018 0.5628459 ],[0.10051575 0.14919402 0.2809663  0.3353162 ],[ 26.420664  45.480328  71.86562  121.869965],[ 8.49924  18.687824 39.191113 68.791916],[7.9884906 7.9027834 7.786085  7.5634637],[0.9231398 0.9993598 1.0843507 1.2084224],[8.111541 8.108097 8.098149 8.079145],[0.84507656 0.87269056 0.9155379  0.9743686 ]
DDK8,A,2e-07,24,True,False,TDD,vanilla,0,[0.16937575 0.27433455 0.42071906 0.6294897 ],[0.16059111 0.30160847 0.3625766  0.4506707 ],[ 28.17545   46.512413  80.99796  139.34093 ],[ 9.801824 24.656933 43.142197 83.51613 ],[7.972006  7.846191  7.663592  7.3849363],[0.90604275 1.0613394  1.2384205  1.4227359 ],[8.102798 8.079458 8.073869 8.082761],[0.8285165 0.893055  0.9226012 0.9377865]
DDK8,A,2e-07,27,True,False,TDD,vanilla,0,[0.14946127 0.25988418 0.4348181  0.6274829 ],[0.0981837  0.19326936 0.34371102 0.45723575],[ 27.027023  49.17137   86.01882  135.32494 ],[  9.77317   32.511497  69.74769  117.436   ],[7.984998  7.8571467 7.6548347 7.3037896],[0.86062974 0.9757773  1.1237522  1.3726767 ],[8.11104  8.084653 8.048851 8.015041],[0.78864    0.83198315 0.884727   0.9329143 ]
DDK8,A,2e-07,33,True,False,TDD,vanilla,0,[0.17537871 0.34441563 0.5851357  0.8004867 ],[0.12383556 0.23667024 0.4038164  0.42655382],[ 32.747776  70.710304 133.03008  194.43289 ],[ 13.3066025  51.653225  105.96045   162.31651  ],[8.070503  7.912748  7.5977216 7.106777 ],[0.9025205 1.025268  1.248207  1.5535537],[8.216682  8.2085085 8.163704  8.084707 ],[0.8136454 0.8615523 0.9495743 1.0525955]
DDK8,A,2e-07,36,True,False,TDD,vanilla,0,[0.19361253 0.38995662 0.7257996  0.9476143 ],[0.13174611 0.3762292  0.83124095 0.58003217],[ 34.176003  68.98263  136.78482  229.12704 ],[ 14.700541  46.2841   101.52856  175.29929 ],[7.9082055 7.689699  7.309895  6.9580665],[0.9318807 1.1140254 1.3923385 1.3776627],[8.077505 8.06925  8.089985 8.128924],[0.82759804 0.8323908  0.8334932  0.87066954]
DDK8,A,2e-07,42,True,False,TDD,vanilla,0,[0.23270471 0.50930345 0.8166673  1.0217395 ],[0.17198771 0.5951547  0.8110817  0.65486157],[ 37.505375  80.17303  147.25279  218.86407 ],[ 22.92391   62.578957 155.22357  168.90575 ],[7.7238464 7.3909736 6.955261  6.564754 ],[1.0783609 1.350403  1.5298127 1.5718604],[7.927911  7.910005  7.917583  7.9121513],[0.96075475 0.9710648  0.9386558  0.9704687 ]
DDK8,A,4e-07,3,True,False,TDD,vanilla,0,[0.0587242  0.09067781 0.14846078 0.20424469],[0.02070767 0.04635113 0.09558263 0.12548532],[14.873832 23.747543 40.125946 56.392612],[ 5.4966397 13.346939  28.477793  38.466396 ],[8.0830765 8.065792  8.040021  8.012134 ],[0.34534898 0.3563888  0.36947215 0.38507694],[8.140506 8.137633 8.134504 8.131127],[0.34248444 0.35056454 0.35972664 0.36985973]
DDK8,A,4e-07,6,True,False,TDD,vanilla,0,[0.07759746 0.12941593 0.20558444 0.27160972],[0.02710587 0.0560753  0.10098564 0.1215292 ],[19.171576 33.707653 55.674995 74.85515 ],[ 6.6970763 16.688742  31.826057  40.929054 ],[8.106204 8.085606 8.051352 8.012079],[0.39629441 0.42914954 0.46754405 0.51067215],[8.176272 8.178738 8.180604 8.181811],[0.39123917 0.4205529  0.45303023 0.4878832 ]
DDK8,A,4e-07,9,True,False,TDD,vanilla,0,[0.09186292 0.14984998 0.22498912 0.29335317],[0.03763437 0.0670536  0.10570745 0.12317821],[22.268309 37.731403 58.522655 79.18472 ],[ 7.0301533 14.768053  26.634308  36.71195  ],[8.101596  8.069742  8.019792  7.9638934],[0.494748   0.5432739  0.59649736 0.6545866 ],[8.184002 8.182483 8.180069 8.177103],[0.4719663  0.5057804  0.54053843 0.5759417 ]
DDK8,A,4e-07,12,True,False,TDD,vanilla,0,[0.10792859 0.17506413 0.2560883  0.34345767],[0.05352363 0.0781665  0.10693959 0.13386977],[25.216839 43.189575 66.94041  95.059875],[ 7.0533805 16.100332  30.310366  45.557175 ],[8.053802  8.00602   7.9438267 7.845686 ],[0.6043481 0.670786  0.7396359 0.8290985],[8.15235  8.154115 8.15547  8.156445],[0.5726108  0.6156969  0.65478444 0.68982166]
DDK8,A,4e-07,15,True,False,TDD,vanilla,0,[0.12284769 0.20277825 0.29202977 0.39288443],[0.06961355 0.09799939 0.13134962 0.16166542],[26.102476 45.68578  70.02663  99.27626 ],[ 7.751603 17.294006 32.72817  54.52608 ],[7.954385  7.901327  7.83602   7.7291856],[0.61449844 0.67574054 0.75119966 0.8456279 ],[8.066401 8.071935 8.077987 8.082911],[0.5711157  0.6151953  0.66565377 0.7195561 ]
DDK8,A,4e-07,18,True,False,TDD,vanilla,0,[0.13924684 0.23057047 0.3374695  0.47277734],[0.06799207 0.10103675 0.15205237 0.20366043],[ 30.235926  56.318985  92.0813   141.66348 ],[ 8.203488 23.012693 53.320164 92.875305],[7.961048  7.9193025 7.85423   7.718816 ],[0.66528493 0.7387496  0.8335053  0.9612965 ],[8.09442  8.127554 8.160606 8.190095],[0.6232103  0.6795312  0.74975705 0.8271956 ]
DDK8,A,4e-07,21,True,False,TDD,vanilla,0,[0.1589596  0.2542187  0.36579037 0.5276577 ],[0.09215029 0.13566047 0.18866992 0.23306978],[ 31.903572  56.932392  91.82728  147.55357 ],[  7.900403  25.609821  63.977116 100.30095 ],[7.859275  7.79837   7.6877437 7.4825945],[0.74922115 0.8422486  0.97300524 1.1079441 ],[8.028134 8.068816 8.101429 8.12289 ],[0.67326814 0.7159541  0.7663214  0.81699765]
DDK8,A,4e-07,24,True,False,TDD,vanilla,0,[0.18101276 0.28284326 0.4422631  0.6518799 ],[0.11776216 0.15175195 0.24470304 0.30819955],[ 32.015934  52.81704   84.925446 136.93    ],[ 9.648542 22.152893 44.921143 79.699425],[7.7441278 7.588741  7.386289  6.979037 ],[0.83304733 0.9595381  1.1108779  1.40469   ],[7.927203  7.8822603 7.847619  7.832544 ],[0.74526685 0.8172085  0.8804765  0.9221472 ]
DDK8,A,4e-07,27,True,False,TDD,vanilla,0,[0.18008894 0.30448452 0.48758918 0.661647  ],[0.12166806 0.19981429 0.3251411  0.3771694 ],[ 34.81002  63.72655 111.43792 172.05656],[ 10.469658  34.40819   77.80971  132.29832 ],[7.8013735 7.6635876 7.4236083 7.184859 ],[0.7957105 0.909183  1.0933079 1.2026489],[7.9919696 7.989279  7.998762  8.014314 ],[0.70994437 0.749423   0.7883426  0.81563747]
DDK8,A,4e-07,33,True,False,TDD,vanilla,0,[0.21470422 0.3899968  0.6418459  0.81687   ],[0.14666907 0.2526205  0.4382052  0.452919  ],[ 39.0581   75.31556 133.88585 198.39796],[ 11.374716  43.24709   82.9647   132.23877 ],[7.782669  7.5537934 7.2132053 6.8152766],[0.8031292  0.99353486 1.2378676  1.4680976 ],[7.995203  7.9802413 7.973531  7.9859047],[0.70891154 0.7746805  0.8564755  0.92781574]
DDK8,A,4e-07,36,True,False,TDD,vanilla,0,[0.20390928 0.33706293 0.55960387 0.788647  ],[0.13523212 0.18135819 0.2975592  0.4078762 ],[ 42.18197  75.66079 130.4785  189.1365 ],[ 13.800168  38.5136    74.95916  104.90419 ],[7.892194  7.6993403 7.3277144 6.779637 ],[0.95539516 1.0378374  1.2065853  1.4915818 ],[8.108352 8.090845 8.035079 7.95603 ],[0.8385771  0.8493455  0.87210375 0.9073687 ]
DDK8,A,4e-07,42,True,False,TDD,vanilla,0,[0.26422456 0.4798642  0.74255216 0.9501021 ],[0.17004588 0.2615907  0.33596963 0.44006997],[ 45.839184 106.014015 194.10657  271.97614 ],[ 14.4589615  62.540436  134.2677    178.39903  ],[7.6423454 7.435943  7.0176105 6.6246796],[0.9626387 1.0966476 1.2981198 1.4377437],[7.9211125 8.026638  8.094642  8.118456 ],[0.81548744 0.8076006  0.8508136  0.89531356]
DDK8,C,5e-08,3,True,False,TDD,vanilla,0,[0.0635051  0.10793065 0.1738511  0.25446922],[0.02831363 0.05810267 0.09519184 0.13773368],[12.211773 21.825161 38.13406  58.579544],[ 4.2327504 11.205435  23.202019  35.79404  ],[8.293946 8.276975 8.248512 8.208149],[0.20203143 0.21615483 0.23490235 0.25960025],[8.326575 8.326315 8.326018 8.325577],[0.19877578 0.20899162 0.22026956 0.2324996 ]
DDK8,C,5e-08,6,True,False,TDD,vanilla,0,[0.09081688 0.17083211 0.26895118 0.37915736],[0.03895876 0.08281792 0.13123877 0.17940804],[16.002743 31.48555  52.915703 78.104355],[ 5.2356367 12.990211  23.579878  36.570656 ],[8.18305   8.1351    8.066682  7.9676824],[0.30712914 0.3354799  0.37040263 0.4207351 ],[8.230418 8.22319  8.218066 8.215206],[0.29918042 0.32049295 0.3425427  0.3658508 ]
DDK8,C,5e-08,9,True,False,TDD,vanilla,0,[0.11093339 0.24443366 0.34086835 0.4663397 ],[0.05271751 0.20790005 0.19857126 0.23872684],[19.067015 38.12197  66.42144  99.64088 ],[ 5.7034345 14.24964   29.25365   49.025177 ],[8.196358  8.133155  8.019665  7.8350244],[0.40721262 0.46127978 0.53461516 0.64834476],[8.254384 8.254124 8.254158 8.25498 ],[0.39488202 0.43240994 0.46764877 0.49863467]
DDK8,C,5e-08,12,True,False,TDD,vanilla,0,[0.12178534 0.24332796 0.3988318  0.5655379 ],[0.0684834  0.13865055 0.21642563 0.27471405],[ 21.572495  45.634487  83.587616 126.1971  ],[ 6.4275837 21.010752  47.705708  74.93118  ],[8.218478 8.111385 7.915849 7.614491],[0.42965797 0.49291152 0.6033156  0.8289343 ],[8.288876  8.277489  8.269999  8.2660885],[0.40042427 0.41886386 0.44892526 0.4908567 ]
DDK8,C,5e-08,15,True,False,TDD,vanilla,0,[0.14355935 0.3110236  0.5191808  0.65432256],[0.06756469 0.17729169 0.3712181  0.3427424 ],[ 24.463072  57.972946 104.34348  152.97931 ],[ 8.745504 31.935385 62.8454   91.60372 ],[8.204884  8.0816145 7.8377314 7.5421824],[0.4185295  0.49563497 0.7244434  0.9866498 ],[8.284434 8.291013 8.302465 8.324361],[0.4031638  0.44232005 0.4866336  0.5346952 ]
DDK8,C,5e-08,18,True,False,TDD,vanilla,0,[0.20909739 0.44612178 0.6630843  0.83182603],[0.15661976 0.31248996 0.37715718 0.4003297 ],[ 31.087666  81.13068  136.6195   183.13716 ],[ 14.448049  54.15953   92.76267  118.83122 ],[8.069409  7.784748  7.3307033 6.837407 ],[0.5872381 0.8159593 1.1535248 1.3907218],[8.200162 8.199213 8.199512 8.190836],[0.5350562  0.57275265 0.58666337 0.60950494]
DDK8,C,5e-08,21,True,False,TDD,vanilla,0,[0.21487285 0.45635805 0.679832   0.88872355],[0.13091154 0.28365716 0.4109184  0.4113084 ],[ 36.3678   91.59371 145.24988 209.20897],[ 16.846586  62.93193   97.924324 121.41299 ],[8.128785  7.794722  7.3281956 6.81967  ],[0.5497732 0.8206957 1.2548094 1.5616596],[8.273708 8.270968 8.278294 8.289778],[0.4893335 0.5536807 0.6028044 0.6329883]
DDK8,C,5e-08,24,True,False,TDD,vanilla,0,[0.24527681 0.50267255 0.72226137 0.86267394],[0.17296016 0.34121433 0.38405424 0.40371177],[ 41.56696  99.2875  158.74384 214.34271],[ 23.855103  66.46619  100.27765  134.7575  ],[8.053092  7.637214  7.2250757 6.6825433],[0.6357807 1.0313644 1.1371834 1.5623468],[8.232507 8.229933 8.229175 8.226252],[0.56549513 0.60039735 0.6194327  0.6659933 ]
DDK8,C,5e-08,27,True,False,TDD,vanilla,0,[0.31546813 0.56772107 0.8465007  0.9492266 ],[0.31683704 0.36000094 0.49980924 0.45507467],[ 48.361412 109.47814  167.01805  216.01805 ],[ 30.229721  76.08413   97.70342  113.75891 ],[7.9237475 7.4164553 6.9625773 6.547341 ],[0.7265505 1.195091  1.3550254 1.5829033],[8.173424 8.189116 8.193333 8.201783],[0.5681614  0.57618004 0.5760544  0.6105042 ]
DDK8,C,5e-08,33,True,False,TDD,vanilla,0,[0.38926047 0.75837415 0.9775587  1.1481988 ],[0.32495278 0.5676141  0.5507771  0.63678473],[ 67.27608 143.08441 208.52531 265.04224],[ 49.85637   93.275604 127.487305 149.51363 ],[7.817071  7.1648583 6.65817   6.240466 ],[0.74360144 1.2266102  1.3825748  1.5145409 ],[8.163975 8.166744 8.197453 8.228497],[0.55520767 0.59197205 0.6344895  0.69245917]
DDK8,C,5e-08,36,True,False,TDD,vanilla,0,[0.5456525 0.9776598 1.2006086 1.2680957],[0.3801892  0.57380843 0.68878764 0.59922266],[ 96.04066 189.94394 251.82977 292.32474],[ 72.41231 119.41718 137.88803 149.25156],[7.650954  6.7781568 6.1186767 5.749959 ],[0.8923025 1.4088905 1.5460608 1.516768 ],[8.201372 8.212413 8.186459 8.202197],[0.5879251 0.6015146 0.5885965 0.6164567]
DDK8,C,5e-08,42,True,False,TDD,vanilla,0,[0.80050105 0.97921157 1.2048343  1.1848618 ],[1.1690719  0.78528214 0.6745556  0.53584146],[129.70447 180.2082  224.04382 279.06433],[119.41139 111.99188 114.35816 172.08968],[7.229388 6.59497  6.040475 5.557633],[1.3145543 1.5096909 1.7165127 1.9104432],[8.154698 8.128567 8.085518 8.078484],[0.6038881  0.6198292  0.71537834 0.8178851 ]
DDK8,C,2e-07,3,True,False,TDD,vanilla,0,[0.0524964  0.08516615 0.14104946 0.20462161],[0.01789667 0.03980962 0.07815879 0.11039241],[12.821232 21.442242 36.590485 54.146114],[ 4.109955  10.4432955 21.751793  31.290794 ],[8.228379 8.210012 8.180004 8.14121 ],[0.16773175 0.18168081 0.19835615 0.21885267],[8.269406 8.268143 8.26673  8.265156],[0.16525045 0.17695566 0.18965855 0.20317249]
DDK8,C,2e-07,6,True,False,TDD,vanilla,0,[0.07380326 0.13277245 0.21450815 0.2996879 ],[0.02268339 0.04979143 0.0842447  0.11765885],[18.284126 33.883324 56.41884  79.934006],[ 5.354274 13.22477  24.04423  34.38951 ],[8.228049 8.176843 8.099216 7.997255],[0.24836598 0.28337583 0.3316905  0.40194112],[8.289013 8.28343  8.278104 8.273454],[0.23840481 0.2612574  0.2851649  0.3086477 ]
DDK8,C,2e-07,9,True,False,TDD,vanilla,0,[0.08901515 0.16234154 0.25784242 0.3653398 ],[0.02629607 0.0546749  0.09378072 0.13478145],[21.357517 39.97775  66.072556 96.63508 ],[ 4.908022 11.269614 23.117487 37.68067 ],[8.191926  8.133616  8.035811  7.8938556],[0.3163082  0.3708669  0.43830588 0.5283473 ],[8.265249 8.267987 8.272074 8.276913],[0.30145794 0.33881113 0.3764504  0.4147206 ]
DDK8,C,2e-07,12,True,False,TDD,vanilla,0,[0.0985367  0.19207071 0.3211892  0.45906615],[0.03230264 0.07938248 0.15247118 0.21018542],[ 23.776405  47.96499   83.4606   124.197975],[ 6.5798464 19.558239  40.640347  66.02134  ],[8.189897  8.094136  7.9141445 7.6644926],[0.36660555 0.4425115  0.5639457  0.7443768 ],[8.275466 8.271283 8.26691  8.262678],[0.34935436 0.39719546 0.44388452 0.48593506]
DDK8,C,2e-07,15,True,False,TDD,vanilla,0,[0.11837997 0.2509839  0.41410565 0.5760554 ],[0.04232361 0.11100481 0.18562664 0.23755397],[ 27.610615  61.17747  108.16285  156.67879 ],[ 8.5478   26.445015 52.087555 78.02928 ],[8.093467  7.9376073 7.6500607 7.271562 ],[0.48154473 0.5705746  0.7824232  1.0343974 ],[8.207965 8.210038 8.215867 8.224112],[0.45113933 0.4856871  0.5191998  0.54643935]
DDK8,C,2e-07,18,True,False,TDD,vanilla,0,[0.13249303 0.28123072 0.44566438 0.6034865 ],[0.06582882 0.1471499  0.22202948 0.24663669],[ 30.911282  73.29766  127.0913   180.79291 ],[ 11.833824  45.81181   93.48289  123.4631  ],[8.1266365 7.9390497 7.606928  7.221283 ],[0.5392337 0.645746  0.8690511 1.0802534],[8.257838 8.261139 8.260707 8.264115],[0.49564663 0.5484521  0.60611343 0.6623807 ]
DDK8,C,2e-07,21,True,False,TDD,vanilla,0,[0.14811435 0.32137445 0.47902048 0.64439917],[0.07394884 0.19472513 0.258578   0.23761548],[ 35.8115   85.87468 137.34123 192.71999],[ 17.564974  61.90188   97.88587  106.97307 ],[8.079661  7.8145075 7.400753  7.070336 ],[0.5330022 0.7426299 1.1664689 1.2555078],[8.236614 8.255446 8.269096 8.275333],[0.48349896 0.5265164  0.5651753  0.60599506]
DDK8,C,2e-07,24,True,False,TDD,vanilla,0,[0.18525784 0.42135808 0.62244844 0.81223905],[0.08603141 0.20419228 0.25431976 0.2766329 ],[ 41.449135 105.63617  164.99042  222.71812 ],[ 20.048906  65.17363   96.97686  113.55296 ],[7.9309983 7.5394573 7.0198903 6.4533362],[0.64368075 0.84895056 1.1442513  1.4758545 ],[8.131182 8.132619 8.148181 8.162027],[0.5804273  0.61564034 0.6213094  0.64173055]
DDK8,C,2e-07,27,True,False,TDD,vanilla,0,[0.19291675 0.42126325 0.64250046 0.77954704],[0.08778247 0.21306464 0.28361973 0.29913053],[ 45.069477 104.670555 163.59663  204.27197 ],[ 20.71654   63.710163  89.04843  104.80277 ],[7.9483614 7.5305133 6.934941  6.424099 ],[0.61989146 0.8699292  1.228457   1.4596694 ],[8.16426  8.148859 8.14116  8.125651],[0.5455145  0.57448643 0.5996173  0.65095395]
DDK8,C,2e-07,33,True,False,TDD,vanilla,0,[0.28041413 0.55359507 0.74807197 0.8572571 ],[0.18648499 0.31523663 0.35582393 0.27862248],[ 62.270004 130.5258   184.83502  230.42647 ],[ 38.34477   82.503654  97.7418   115.62106 ],[7.793163  7.162038  6.6598206 6.255253 ],[0.8011464 1.1881245 1.476393  1.4044225],[8.134128 8.123875 8.132454 8.157437],[0.62713987 0.62046474 0.62091714 0.6189508 ]
DDK8,C,2e-07,36,True,False,TDD,vanilla,0,[0.27608863 0.5590097  0.718675   0.8517845 ],[0.22443846 0.43922684 0.35205722 0.37711588],[ 66.439285 138.65875  187.97504  230.83052 ],[ 56.008476  98.56677   94.13884  108.379555],[7.905057  7.3089485 6.805501  6.4213743],[0.7165945 1.2077845 1.4539735 1.5063378],[8.223166 8.203659 8.193959 8.197771],[0.5721486  0.62228054 0.6435787  0.6443599 ]
DDK8,C,2e-07,42,True,False,TDD,vanilla,0,[0.38339305 0.6517931  0.83245695 1.017134  ],[0.3524899  0.3432726  0.32158768 0.42693743],[ 93.416756 166.27783  227.50253  285.64926 ],[116.718094  94.16132  124.13276  150.00517 ],[7.644073  7.024632  6.562758  6.1047697],[1.0655779 1.4359053 1.3059387 1.2520908],[8.202137 8.208331 8.213117 8.186108],[0.62006235 0.64596266 0.66607225 0.7035478 ]
DDK8,C,4e-07,3,True,False,TDD,vanilla,0,[0.05887793 0.09095906 0.14733082 0.20550801],[0.01792648 0.03948982 0.08108424 0.10512552],[15.730361 25.000765 41.631767 59.25633 ],[ 5.141265 12.191969 25.685766 34.059273],[8.261278 8.243504 8.21427  8.179378],[0.18585125 0.20167875 0.22084427 0.24184547],[8.31983  8.321709 8.323363 8.324781],[0.1824369  0.19586535 0.21045375 0.22601187]
DDK8,C,4e-07,6,True,False,TDD,vanilla,0,[0.08038859 0.13652016 0.22307445 0.29659235],[0.02271342 0.0485713  0.08840133 0.10568491],[20.553177 36.14027  60.8137   81.8906  ],[ 6.3185844 14.474202  27.500711  34.20845  ],[8.176877 8.136906 8.072692 8.010986],[0.2735079  0.30061787 0.33464104 0.36885628],[8.259438 8.260148 8.261916 8.265042],[0.26467186 0.2839932  0.30338576 0.3230583 ]
DDK8,C,4e-07,9,True,False,TDD,vanilla,0,[0.09897783 0.16437918 0.25247124 0.3493948 ],[0.03053991 0.05375534 0.08444917 0.11217082],[24.737307 42.365845 67.20814  94.86955 ],[ 6.7799997 14.095925  26.39728   39.063957 ],[8.199691 8.133944 8.035124 7.907924],[0.3595305  0.41271088 0.47301885 0.55148166],[8.299542  8.2919655 8.284302  8.276176 ],[0.3363756  0.3739166  0.41209707 0.44999707]
DDK8,C,4e-07,12,True,False,TDD,vanilla,0,[0.11286361 0.197774   0.312199   0.44636458],[0.03047009 0.06039165 0.09983993 0.142849  ],[ 28.42205   51.451866  84.09567  123.40605 ],[ 7.254577 17.149208 33.161793 54.405464],[8.13356  8.043462 7.893917 7.672775],[0.38673955 0.43846178 0.50841385 0.6179242 ],[8.254019 8.249561 8.239468 8.22615 ],[0.36668321 0.40296978 0.44160876 0.48203832]
DDK8,C,4e-07,15,True,False,TDD,vanilla,0,[0.12419629 0.23622344 0.37451094 0.51689935],[0.03527761 0.07544638 0.13845038 0.20215487],[ 32.16094  64.46661 108.31229 155.91133],[ 7.4533505 22.807692  52.102493  87.36672  ],[8.158966  8.036312  7.8456416 7.51728  ],[0.3955174  0.47329924 0.5887716  0.84429413],[8.300738 8.310435 8.318503 8.321449],[0.36233523 0.4033232  0.448278   0.4995451 ]
DDK8,C,4e-07,18,True,False,TDD,vanilla,0,[0.14490598 0.27897507 0.4300539  0.5790643 ],[0.05830485 0.13152201 0.193715   0.21426976],[ 35.808517  73.46204  121.100136 173.64037 ],[11.312433 32.543804 59.442524 89.83662 ],[8.073638 7.89453  7.60248  7.298843],[0.5687876 0.7186171 1.0081478 1.1646172],[8.245845 8.256775 8.268593 8.282536],[0.5129303  0.5608195  0.60647964 0.64250934]
DDK8,C,4e-07,21,True,False,TDD,vanilla,0,[0.17669187 0.34993944 0.5158004  0.74050194],[0.07289125 0.15939224 0.21468705 0.23782489],[ 41.78896  91.43418 144.10542 224.02158],[ 13.592945  45.433105  76.21063  107.88702 ],[7.997787  7.7370996 7.388683  6.860993 ],[0.5578569 0.7321778 0.9619693 1.1997763],[8.208268 8.233376 8.263854 8.301309],[0.48909435 0.49843127 0.5081799  0.52443814]
DDK8,C,4e-07,24,True,False,TDD,vanilla,0,[0.18981762 0.37247822 0.5614469  0.7104654 ],[0.0867122  0.19345267 0.25977257 0.23866801],[ 45.04884  94.99541 148.43922 199.28891],[ 17.295942  56.0057    83.39427  101.94576 ],[8.001553  7.7097073 7.2476106 6.801154 ],[0.56062555 0.70497346 1.054548   1.2015411 ],[8.224326 8.216809 8.205311 8.196901],[0.5019927  0.53854054 0.5763094  0.6127203 ]
DDK8,C,4e-07,27,True,False,TDD,vanilla,0,[0.19974484 0.37880912 0.55419165 0.7138735 ],[0.08481045 0.17305312 0.20424163 0.20528916],[ 49.584232  99.9483   151.76477  204.21632 ],[ 26.16463  63.08028  83.511   106.28513],[7.966443  7.654015  7.28887   6.8220496],[0.5844276  0.7497147  0.93985337 1.1383604 ],[8.212278 8.205426 8.209401 8.201062],[0.52702165 0.5741107  0.6127436  0.64407486]
DDK8,C,4e-07,33,True,False,TDD,vanilla,0,[0.25601384 0.45777026 0.6470353  0.792236  ],[0.13069822 0.22852354 0.27748343 0.28096342],[ 60.33332 116.76245 170.85458 216.20865],[ 29.42839   64.20393   86.0829   113.034386],[7.8635693 7.4428816 7.0864305 6.566456 ],[0.7800223 1.0721686 1.1929609 1.4602636],[8.183739 8.192224 8.175432 8.147135],[0.6432265  0.66101295 0.6978664  0.7402622 ]
DDK8,C,4e-07,36,True,False,TDD,vanilla,0,[0.28592518 0.5178301  0.7297516  0.8394277 ],[0.18115637 0.2581187  0.29852167 0.26101023],[ 69.22525 140.25423 205.02725 251.35275],[ 35.116535  73.91034  102.598564 120.80197 ],[7.906036  7.3879175 6.8069873 6.480187 ],[0.7982628 1.177086  1.5106149 1.5051388],[8.265757  8.2690735 8.257155  8.252183 ],[0.6276491  0.67769957 0.705928   0.7128718 ]
DDK8,C,4e-07,42,True,False,TDD,vanilla,0,[0.33764187 0.591923   0.76895416 0.9581198 ],[0.19853172 0.2615187  0.27238297 0.30790246],[ 85.2554  158.15353 209.51913 274.09772],[ 63.248486  99.4373   100.0169   132.67795 ],[7.7303505 7.1922774 6.6591215 5.961361 ],[0.769391  0.9683265 1.2131208 1.437632 ],[8.192731 8.206451 8.21126  8.215601],[0.59920657 0.60754186 0.64400005 0.6513544 ]
DDK8,D,5e-08,3,True,False,TDD,vanilla,0,[0.02257752 0.05200475 0.09867515 0.15436149],[0.01533607 0.04396338 0.09050572 0.13442965],[ 6.6501355 15.352822  29.14572   45.65416  ],[ 4.51014  12.946746 26.647696 39.568867],[8.282917 8.273462 8.260648 8.244589],[0.07647529 0.08247011 0.08981065 0.09811433],[8.299658 8.29858  8.297538 8.29653 ],[0.07468852 0.07996947 0.08556426 0.0913942 ]
DDK8,D,5e-08,6,True,False,TDD,vanilla,0,[0.03011136 0.0712916  0.12511738 0.17933466],[0.01689713 0.04900392 0.09044316 0.11909708],[ 8.966663 21.268404 37.335094 53.55842 ],[ 5.0661464 14.543418  26.741173  35.301334 ],[8.2903595 8.27815   8.260456  8.239301 ],[0.12139501 0.13474853 0.1504306  0.16888943],[8.311767 8.311415 8.310966 8.310436],[0.12025459 0.13231722 0.14488111 0.15781623]
DDK8,D,5e-08,9,True,False,TDD,vanilla,0,[0.03701351 0.08540745 0.13494429 0.1851501 ],[0.01585503 0.04341961 0.08039506 0.11077829],[10.953117 25.263672 39.90371  54.78197 ],[ 4.768582 13.092017 24.294865 33.990585],[8.273261 8.254302 8.228407 8.198385],[0.13432483 0.15668607 0.18065864 0.20616408],[8.297676 8.293371 8.288761 8.283954],[0.1321482  0.15266456 0.17479543 0.19807528]
DDK8,D,5e-08,12,True,False,TDD,vanilla,0,[0.03780676 0.07850157 0.11980432 0.16915716],[0.01431873 0.04025305 0.07077324 0.09812695],[10.8857   22.643597 34.859596 49.484585],[ 3.8453887 11.164865  20.284199  29.03338  ],[8.253169 8.232936 8.206794 8.175202],[0.19177705 0.21831441 0.24703367 0.2740657 ],[8.282729 8.280233 8.277586 8.274747],[0.18684064 0.21076299 0.2355141  0.26066127]
DDK8,D,5e-08,15,True,False,TDD,vanilla,0,[0.04058488 0.0897639  0.14642724 0.21181582],[0.01451975 0.04308495 0.08436616 0.12159488],[11.679631 25.91938  42.53102  61.8056  ],[ 3.9042616 11.727549  23.777885  35.05     ],[8.2367525 8.211781  8.183422  8.149422 ],[0.21677196 0.24149184 0.26710892 0.29573116],[8.270022 8.268729 8.268344 8.268918],[0.2086949  0.22577141 0.24269079 0.25992864]
DDK8,D,5e-08,18,True,False,TDD,vanilla,0,[0.04718778 0.10064619 0.15500139 0.22297537],[0.01609414 0.0491183  0.08877724 0.12716466],[13.467739 28.631786 43.857704 63.15615 ],[ 4.3691907 13.960226  25.183104  36.14378  ],[8.230519 8.191236 8.147354 8.095364],[0.24243587 0.27618542 0.3155306  0.3618898 ],[8.267819  8.256482  8.2475815 8.242658 ],[0.2351493 0.2640463 0.2919402 0.3160511]
DDK8,D,5e-08,21,True,False,TDD,vanilla,0,[0.04634103 0.09754197 0.1555604  0.2531005 ],[0.01597797 0.04596225 0.0848922  0.14150393],[13.381115 28.297695 45.521164 75.65771 ],[ 4.394295 13.237283 26.12801  46.153515],[8.2382965 8.213795  8.181783  8.133125 ],[0.2580508  0.29639742 0.34521952 0.40423143],[8.27719   8.282884  8.2891655 8.295584 ],[0.25249338 0.2854534  0.32003936 0.35299757]
DDK8,D,5e-08,24,True,False,TDD,vanilla,0,[0.04653561 0.09369166 0.15384519 0.2312805 ],[0.01833549 0.05074811 0.09337872 0.14935148],[13.334041 26.977867 44.96832  68.165306],[ 4.753804 14.607246 29.345058 47.698578],[8.239167  8.202645  8.1560135 8.103183 ],[0.25365293 0.28631777 0.3231032  0.36141562],[8.280112  8.273623  8.264235  8.2512455],[0.24701582 0.27596948 0.30649292 0.3357034 ]
DDK8,D,5e-08,27,True,False,TDD,vanilla,0,[0.05014826 0.10105524 0.16661857 0.27441016],[0.01742233 0.05705029 0.10226892 0.2087512 ],[14.222352 28.087473 46.97667  80.331726],[ 4.606615 14.687906 27.22957  61.50732 ],[8.218459 8.188492 8.152316 8.101301],[0.30580157 0.3327006  0.36581492 0.41009527],[8.262777 8.265217 8.269065 8.273772],[0.2979555  0.3138878  0.33165452 0.3518799 ]
DDK8,D,5e-08,33,True,False,TDD,vanilla,0,[0.05663614 0.09906497 0.1656886  0.2476486 ],[0.02401576 0.05278602 0.10322533 0.13891669],[15.746317 27.336977 46.222546 71.5189  ],[ 6.291989 14.922248 28.924597 44.258495],[8.184802 8.144149 8.102229 8.047484],[0.32484195 0.3475748  0.36352092 0.37558025],[8.235228 8.229521 8.229554 8.238303],[0.31300098 0.32693157 0.3373971  0.34345612]
DDK8,D,5e-08,36,True,False,TDD,vanilla,0,[0.05687422 0.09871418 0.17253323 0.28076684],[0.02319011 0.05276624 0.09761131 0.21654968],[16.891235 29.86465  52.582226 85.35961 ],[ 6.0288124 16.755522  31.804075  60.749557 ],[8.285185  8.248964  8.202572  8.1445465],[0.29198095 0.31503126 0.33685276 0.3679619 ],[8.336734 8.337908 8.336387 8.332141],[0.27704263 0.29162735 0.30735877 0.3248851 ]
DDK8,D,5e-08,42,True,False,TDD,vanilla,0,[0.06408927 0.12194    0.20122012 0.3457252 ],[0.02700374 0.06634615 0.10601797 0.21495037],[ 18.599163  36.310654  62.318394 108.6033  ],[ 7.40082  20.169886 36.694374 70.77965 ],[8.229929  8.215897  8.1849985 8.1168585],[0.31688806 0.3339543  0.35523283 0.40597966],[8.291798 8.319096 8.342037 8.351114],[0.29859725 0.30620685 0.31966177 0.34217647]
DDK8,D,2e-07,3,True,False,TDD,vanilla,0,[0.02792353 0.05566065 0.09911381 0.15052184],[0.01576486 0.04042226 0.08091778 0.11680594],[ 8.288671 16.622335 29.67655  45.152706],[ 4.710124 12.173501 24.409683 35.29944 ],[8.280891 8.273693 8.262478 8.248548],[0.05726294 0.06459332 0.0729377  0.08269865],[8.30472  8.305355 8.306001 8.306659],[0.05492547 0.06174164 0.06871933 0.07579485]
DDK8,D,2e-07,6,True,False,TDD,vanilla,0,[0.03782973 0.07811854 0.13000797 0.1830576 ],[0.01750952 0.04725    0.08690669 0.11536627],[11.227626 23.197681 38.597546 54.350693],[ 5.186381 13.947771 25.635914 34.165382],[8.276542 8.264479 8.246728 8.226632],[0.08596673 0.09813651 0.11189379 0.12741974],[8.304998 8.30393  8.302717 8.301365],[0.08359402 0.0947236  0.10591125 0.1170879 ]
DDK8,D,2e-07,9,True,False,TDD,vanilla,0,[0.05247046 0.11336824 0.17331445 0.2265567 ],[0.01570303 0.04258586 0.08398122 0.12154108],[15.591993 33.798706 51.943398 67.97536 ],[ 4.6133995 12.600368  25.37299   36.908714 ],[8.270324  8.256111  8.234526  8.2080345],[0.1328961  0.14814343 0.16440718 0.18196703],[8.304958 8.305161 8.30541  8.30564 ],[0.12817776 0.14271183 0.15739685 0.17246187]
DDK8,D,2e-07,12,True,False,TDD,vanilla,0,[0.04536668 0.0880974  0.13897526 0.18898076],[0.01483185 0.04152165 0.08101644 0.12127554],[13.495484 26.2126   41.265507 55.836082],[ 4.198319 11.780341 22.656527 33.302273],[8.278528 8.264251 8.244229 8.221328],[0.14645258 0.16977015 0.19457066 0.22028989],[8.313007 8.312093 8.310837 8.309354],[0.14296053 0.16523613 0.1881396  0.2113783 ]
DDK8,D,2e-07,15,True,False,TDD,vanilla,0,[0.04874985 0.09819034 0.1474455  0.19961834],[0.01422969 0.04207287 0.07655448 0.10514048],[14.319197 28.780466 43.37319  58.856632],[ 4.0953884 11.749796  22.025541  30.576374 ],[8.253465 8.231891 8.209126 8.177731],[0.18967126 0.21187943 0.23846214 0.26682687],[8.293565  8.2920685 8.2905855 8.289156 ],[0.18703032 0.20940296 0.23131841 0.25235698]
DDK8,D,2e-07,18,True,False,TDD,vanilla,0,[0.05359854 0.09549179 0.13634108 0.194909  ],[0.01537939 0.04203653 0.07198436 0.10787237],[15.782279 28.265772 40.723087 58.783115],[ 4.088166 12.341482 22.065374 33.452824],[8.26109  8.244624 8.228404 8.200857],[0.23001713 0.253842   0.27479163 0.29376426],[8.305725 8.309488 8.312395 8.314784],[0.22037174 0.2390583  0.25812885 0.27720353]
DDK8,D,2e-07,21,True,False,TDD,vanilla,0,[0.05534984 0.09832966 0.14504859 0.23598383],[0.02010335 0.04753804 0.0851029  0.12879992],[15.775979 28.190351 42.470615 69.80693 ],[ 5.2981043 13.232373  25.338446  39.271004 ],[8.217751 8.198107 8.177914 8.14472 ],[0.25475934 0.27972928 0.29921812 0.3231159 ],[8.264703 8.267769 8.272947 8.279535],[0.24443386 0.26372743 0.2798239  0.2931526 ]
DDK8,D,2e-07,24,True,False,TDD,vanilla,0,[0.05918301 0.10038811 0.15228878 0.25430772],[0.01867151 0.05043703 0.08456658 0.17102316],[17.059853 28.95227  45.06965  75.51232 ],[ 4.814926 13.954858 26.10366  47.745026],[8.227038 8.206914 8.186894 8.14618 ],[0.2526496  0.27650824 0.29866642 0.327301  ],[8.277871 8.283131 8.289918 8.296556],[0.24175097 0.25661522 0.27360883 0.29408902]
DDK8,D,2e-07,27,True,False,TDD,vanilla,0,[0.05874838 0.09964218 0.15588033 0.24174352],[0.01816809 0.04453431 0.07910156 0.14252044],[16.69711  28.679941 44.962456 70.16434 ],[ 4.878893 14.032968 25.113089 42.71644 ],[8.201868 8.177888 8.152148 8.108117],[0.27560073 0.30092096 0.32936996 0.37212646],[8.2537155 8.252774  8.254282  8.257275 ],[0.26518136 0.28589198 0.31270012 0.34290448]
DDK8,D,2e-07,33,True,False,TDD,vanilla,0,[0.06008141 0.09754543 0.16835772 0.25033078],[0.02381758 0.05252931 0.10177297 0.15822537],[17.516098 28.130459 49.44533  76.71352 ],[ 6.402058 13.088941 28.542984 51.525238],[8.242005 8.218254 8.183845 8.15009 ],[0.30595922 0.31754917 0.34237424 0.3568029 ],[8.294483 8.296839 8.303677 8.315007],[0.29260948 0.29500195 0.30127394 0.31653824]
DDK8,D,2e-07,36,True,False,TDD,vanilla,0,[0.0657884  0.11034337 0.1697065  0.29252815],[0.02519592 0.06580067 0.10779875 0.19660601],[18.509987 30.41613  47.137764 84.659775],[ 6.684976 16.947441 28.064085 64.179634],[8.197452 8.141972 8.082924 8.012453],[0.320343   0.3526332  0.38750625 0.4045202 ],[8.254462  8.231821  8.213254  8.2022705],[0.30821246 0.33105987 0.3529215  0.36922216]
DDK8,D,2e-07,42,True,False,TDD,vanilla,0,[0.0661036  0.12044828 0.17678429 0.27718404],[0.02648562 0.0599045  0.09297092 0.14916901],[18.98984  35.216545 51.4541   83.39848 ],[ 7.1914487 18.764437  27.712505  49.572155 ],[8.213415 8.16882  8.123469 8.060895],[0.32592964 0.3456716  0.3701969  0.37729934],[8.275828 8.271634 8.268322 8.26755 ],[0.31351313 0.32876962 0.3366903  0.34487548]
DDK8,D,4e-07,3,True,False,TDD,vanilla,0,[0.0367073  0.06774525 0.11442737 0.16657338],[0.01903084 0.0468145  0.09209853 0.13117225],[10.813551 20.050837 33.94112  49.4673  ],[ 5.6895666 14.092257  27.735474  39.55203  ],[8.263327  8.252466  8.237844  8.2204275],[0.05653857 0.06478347 0.0732578  0.08242896],[8.293405 8.290766 8.28805  8.285257],[0.05372701 0.06171242 0.06978194 0.07790729]
DDK8,D,4e-07,6,True,False,TDD,vanilla,0,[0.0484757  0.09660675 0.15802969 0.21537428],[0.02028451 0.0530675  0.09930164 0.1339956 ],[14.363015 28.81     47.317223 64.61603 ],[ 5.9984612 15.919179  30.102644  40.813435 ],[8.266558  8.256568  8.2413025 8.222338 ],[0.10192349 0.11620603 0.13058674 0.1457476 ],[8.302427 8.303819 8.305447 8.30732 ],[0.09781612 0.11133109 0.12449647 0.1372722 ]
DDK8,D,4e-07,9,True,False,TDD,vanilla,0,[0.05345179 0.10265216 0.15167262 0.19765785],[0.01905119 0.04382368 0.07966489 0.11341807],[15.936732 30.735651 45.640636 59.79524 ],[ 5.61839  12.879707 23.593029 33.993652],[8.271317 8.262055 8.246808 8.229699],[0.12673116 0.1460793  0.16506924 0.18606299],[8.310682 8.313534 8.316418 8.319339],[0.1229313  0.14134116 0.15957414 0.17754117]
DDK8,D,4e-07,12,True,False,TDD,vanilla,0,[0.05220939 0.09428473 0.13397989 0.17408377],[0.01865547 0.04434563 0.07304584 0.10076393],[15.577539 28.187708 40.294403 52.697666],[ 5.6132684 13.120386  22.075027  31.258461 ],[8.274135 8.26156  8.245096 8.223894],[0.16012521 0.18277459 0.2067789  0.23045866],[8.314311 8.315415 8.316559 8.31765 ],[0.15571669 0.17662454 0.19755578 0.21827404]
DDK8,D,4e-07,15,True,False,TDD,vanilla,0,[0.05742143 0.09936699 0.14096199 0.18460368],[0.01878362 0.04153553 0.07056914 0.10288773],[17.266735 30.241482 43.32793  57.182323],[ 5.411341 12.967768 23.021307 33.5889  ],[8.284401 8.271688 8.256467 8.234483],[0.18305603 0.20507057 0.22603542 0.24817304],[8.331775 8.336437 8.340626 8.344339],[0.17464425 0.1934692  0.21228619 0.23092636]
DDK8,D,4e-07,18,True,False,TDD,vanilla,0,[0.05943517 0.10120796 0.14142849 0.18927027],[0.0190694  0.04594201 0.07666913 0.10880905],[17.474373 29.780989 41.574757 55.284424],[ 5.6220493 13.407438  22.540316  32.150517 ],[8.237188 8.217256 8.1949   8.165137],[0.19503282 0.21627887 0.24356797 0.27719283],[8.286208 8.283078 8.280533 8.278921],[0.19004631 0.20961969 0.23211282 0.2563469 ]
DDK8,D,4e-07,21,True,False,TDD,vanilla,0,[0.06269682 0.105399   0.14907692 0.22714359],[0.01943159 0.04305879 0.07867693 0.13757865],[18.731121 31.65388  45.351044 69.91301 ],[ 5.492829 13.152655 26.55413  50.815475],[8.265568 8.242348 8.21971  8.177365],[0.21677174 0.2590244  0.3014546  0.3476965 ],[8.315765 8.314188 8.310797 8.306976],[0.20739509 0.2451768  0.28654093 0.3257228 ]
DDK8,D,4e-07,24,True,False,TDD,vanilla,0,[0.06818323 0.11152386 0.1673049  0.25322765],[0.0212489  0.04676263 0.08519402 0.15547988],[19.861164 32.648808 49.49097  75.24769 ],[ 5.4439235 13.309764  25.654833  50.068336 ],[8.240025 8.219359 8.191568 8.152325],[0.25358796 0.28567958 0.31738383 0.35355583],[8.2942295 8.294001  8.29249   8.29053  ],[0.24053971 0.2657455  0.29513124 0.32629207]
DDK8,D,4e-07,27,True,False,TDD,vanilla,0,[0.06419135 0.10012098 0.15282801 0.22590677],[0.02247721 0.04845971 0.08538544 0.15784997],[18.541428 29.29963  45.259697 67.12178 ],[ 5.5938334 14.313316  27.148067  46.72442  ],[8.229785 8.216236 8.190557 8.152824],[0.25688216 0.2688765  0.2893356  0.32445675],[8.284804 8.288184 8.289756 8.287945],[0.24599674 0.25614992 0.27404147 0.30254942]
DDK8,D,4e-07,33,True,False,TDD,vanilla,0,[0.07071646 0.10057315 0.15895171 0.27745938],[0.02792081 0.04975246 0.08359436 0.20374547],[20.427277 29.058899 47.085342 84.42739 ],[ 7.700983 14.66359  27.318775 67.64944 ],[8.2232895 8.203363  8.179255  8.140872 ],[0.30917355 0.33470908 0.36007044 0.3826035 ],[8.283479 8.285306 8.291762 8.302665],[0.29424185 0.31225926 0.32923257 0.3390499 ]
DDK8,D,4e-07,36,True,False,TDD,vanilla,0,[0.07871205 0.10931608 0.18711437 0.2937084 ],[0.03095154 0.05880751 0.14036474 0.18327293],[21.654785 30.220797 52.758476 84.46672 ],[ 7.401703 14.739385 39.190144 55.375   ],[8.158377 8.140049 8.116155 8.058143],[0.3211817  0.3562737  0.38717926 0.47363618],[8.223469 8.229465 8.240253 8.252065],[0.30499366 0.32756943 0.34636486 0.3621993 ]
DDK8,D,4e-07,42,True,False,TDD,vanilla,0,[0.07400563 0.11235781 0.20631464 0.27531025],[0.02864672 0.06724834 0.12848975 0.17308912],[21.364388 32.13851  59.231922 79.22218 ],[ 7.038018 17.570503 35.61556  47.701416],[8.231941 8.190297 8.142189 8.080211],[0.27293333 0.29833445 0.3157269  0.345525  ],[8.293684 8.277752 8.263025 8.253034],[0.2600928  0.2811057  0.29591087 0.3149146 ]
DDK8,A,5e-08,3,True,False,TDD,vanilla,5,[0.03218103 0.06205845 0.10851662 0.17074135],[0.01770058 0.04181138 0.07457714 0.10694718],[ 6.6134706 13.518338  25.225288  41.035816 ],[ 3.447303  9.511987 19.185003 28.696966],[8.223069 8.221139 8.214685 8.203558],[0.36658767 0.38236147 0.40062442 0.4215085 ],[8.233838 8.237641 8.241822 8.246357],[0.36562672 0.3805851  0.39700893 0.4147793 ]
DDK8,A,5e-08,6,True,False,TDD,vanilla,5,[0.04765043 0.09874816 0.16188042 0.2440403 ],[0.02365263 0.05262019 0.083837   0.13258564],[10.298214 22.320505 38.847733 59.277153],[ 5.0353475 12.986288  23.309061  36.342934 ],[8.266247 8.254731 8.234176 8.201199],[0.4458004  0.48663402 0.5308582  0.5821189 ],[8.28204  8.2848   8.287399 8.290143],[0.44220755 0.47809482 0.5148415  0.55173457]
DDK8,A,5e-08,9,True,False,TDD,vanilla,5,[0.06789806 0.14525615 0.22198494 0.31240383],[0.04787758 0.11624849 0.1664162  0.24974805],[12.482813 26.743486 42.997684 61.768696],[ 5.542366 13.586721 22.91307  38.591606],[8.21103  8.175931 8.129878 8.06414 ],[0.55598927 0.61786634 0.6859853  0.76615554],[8.232175 8.218963 8.206256 8.19461 ],[0.5494946  0.6048245  0.66238713 0.7200331 ]
DDK8,A,5e-08,12,True,False,TDD,vanilla,5,[0.06899486 0.15936187 0.25566474 0.39521316],[0.04979623 0.14421013 0.24724141 0.39960232],[12.137738 26.419989 45.738907 72.621185],[ 5.7860394 15.044943  28.750292  50.69506  ],[8.143008  8.107153  8.057913  7.9669576],[0.57680637 0.6587463  0.74949104 0.8607946 ],[8.1713705 8.169162  8.165635  8.1618185],[0.5680532  0.6353437  0.7046337  0.77285534]
DDK8,A,5e-08,15,True,False,TDD,vanilla,5,[0.0833507  0.18886714 0.2915234  0.48051944],[0.07081265 0.2096761  0.25258866 0.4729458 ],[15.046673 33.23425  58.0289   91.84742 ],[ 7.30397  19.691391 41.631756 80.42662 ],[8.192067 8.143988 8.082837 7.951756],[0.73608315 0.82881933 0.9362533  1.0893903 ],[8.229278 8.228537 8.234898 8.246084],[0.716445   0.7802941  0.83712816 0.889672  ]
DDK8,A,5e-08,18,True,False,TDD,vanilla,5,[0.11902282 0.2580395  0.43577516 0.7095971 ],[0.12202103 0.34497234 0.5544753  0.88160455],[ 16.17238   34.85571   61.835293 102.552025],[ 6.9078407 20.475487  46.06195   83.32324  ],[8.115194 8.056265 7.967012 7.7922  ],[0.8526578  0.94398767 1.064536   1.2480524 ],[8.165414 8.166351 8.164887 8.15692 ],[0.8150258 0.8670547 0.9366969 1.025056 ]
DDK8,A,5e-08,21,True,False,TDD,vanilla,5,[0.10938017 0.23977053 0.35651004 0.58551425],[0.08080208 0.23631833 0.27238637 0.3766155 ],[ 17.136383  37.060665  61.821888 117.118454],[ 7.875485 22.357416 43.792595 79.84792 ],[8.044064  7.950645  7.8307776 7.5941105],[0.92424315 1.0054246  1.0933621  1.2481703 ],[8.097888  8.0776415 8.057297  8.0439825],[0.8918794  0.9238005  0.95249516 0.97904676]
DDK8,A,5e-08,24,True,False,TDD,vanilla,5,[0.12168086 0.24210852 0.43396524 0.5997827 ],[0.11874415 0.27820367 0.45714465 0.45083165],[ 19.826038  37.630604  76.171364 135.11703 ],[ 11.134462  28.0117    67.88673  110.23482 ],[8.18994   8.10106   7.937909  7.6152344],[0.8054573  0.89924604 1.0190556  1.3175863 ],[8.248478 8.227171 8.202078 8.1868  ],[0.7698817  0.82811874 0.88698286 0.9156224 ]
DDK8,A,5e-08,27,True,False,TDD,vanilla,5,[0.14189781 0.2810689  0.47586623 0.79364157],[0.13313401 0.23131216 0.4208147  0.83426964],[ 21.172522  46.251205  86.5871   142.16    ],[ 11.51837  33.92077  70.56123 125.78363],[8.0087595 7.906742  7.728188  7.4035344],[0.8469899 0.9346552 1.068506  1.3017226],[8.073305 8.057036 8.035699 8.017298],[0.81447893 0.87702554 0.95565355 1.0139018 ]
DDK8,A,5e-08,33,True,False,TDD,vanilla,5,[0.21340136 0.41475955 0.72707826 0.85953575],[0.27872422 0.61486757 0.88122874 0.7528428 ],[ 26.515985  58.053814 118.947815 185.92453 ],[ 15.411534  49.266914 101.87828  173.18039 ],[8.087809  7.94894   7.616475  7.2768416],[1.0223948 1.1897119 1.4556108 1.4798571],[8.180847  8.193614  8.203002  8.1704445],[0.9456215  0.95782167 0.92753166 0.9645922 ]
DDK8,A,5e-08,36,True,False,TDD,vanilla,5,[0.2343846  0.48935917 1.0996418  1.1452581 ],[0.29821452 0.55738086 2.0034788  1.0740701 ],[ 27.900017  66.42713  135.82793  224.83571 ],[ 14.878318  52.321503 112.72864  174.19325 ],[7.985265  7.7929955 7.3731327 6.822447 ],[0.9195018 1.0965633 1.4456706 1.6656141],[8.093336 8.087319 8.075918 8.088953],[0.84122604 0.8823591  0.96047276 0.99210644]
DDK8,A,5e-08,42,True,False,TDD,vanilla,5,[0.27519333 0.55289614 0.8215046  1.1668842 ],[0.26224598 0.5842582  0.60076165 1.0228794 ],[ 31.725397  81.37752  150.41635  221.07866 ],[ 22.009457  64.10283  118.25429  161.38258 ],[7.676405  7.421212  7.0222826 6.6063733],[1.1561728 1.4018359 1.5889432 1.5397776],[7.833758 7.885902 7.919857 7.917343],[1.0413706 1.023846  1.0217247 1.0423343]
DDK8,A,2e-07,3,True,False,TDD,vanilla,5,[0.03467982 0.06060043 0.10291138 0.15472966],[0.01661169 0.03929088 0.07316655 0.10295246],[ 7.165017 13.325094 23.738882 37.29565 ],[ 3.5486672 10.063222  19.246098  27.462852 ],[8.109862 8.105827 8.097256 8.084138],[0.6318495  0.6364116  0.64238036 0.649951  ],[8.130689 8.134304 8.138219 8.142409],[0.6257091 0.6282687 0.6312905 0.6347323]
DDK8,A,2e-07,6,True,False,TDD,vanilla,5,[0.04467031 0.09008238 0.15272892 0.22080225],[0.02543591 0.06817564 0.11702395 0.1625571 ],[10.169598 21.41907  38.439026 57.27803 ],[ 5.5789113 15.526625  29.556795  41.242195 ],[8.250907 8.242182 8.225947 8.20169 ],[0.6090672 0.6310183 0.6581394 0.6941384],[8.274826 8.279523 8.284403 8.289545],[0.6015826  0.61828643 0.63822275 0.6610321 ]
DDK8,A,2e-07,9,True,False,TDD,vanilla,5,[0.05321377 0.1019251  0.15430976 0.2176466 ],[0.02729056 0.06039894 0.09266694 0.1288723 ],[11.515707 23.097874 36.703712 53.616196],[ 5.010819 13.099465 24.117535 37.84926 ],[8.18267  8.173295 8.152929 8.115603],[0.6839175  0.71132034 0.7436106  0.7919206 ],[8.212872 8.222125 8.22945  8.234579],[0.6716166  0.6904289  0.7124399  0.73767006]
DDK8,A,2e-07,12,True,False,TDD,vanilla,5,[0.07080672 0.13787621 0.21068646 0.29581773],[0.04274659 0.10713988 0.15149334 0.18707994],[13.142972 25.667439 41.649815 61.840157],[ 4.8621874 14.09049   29.155985  48.39446  ],[8.073453  8.020269  7.9507847 7.8599524],[0.7508652  0.80659145 0.87785697 0.96630377],[8.118894 8.099322 8.080267 8.061373],[0.72288525 0.7593847  0.79724795 0.8372211 ]
DDK8,A,2e-07,15,True,False,TDD,vanilla,5,[0.08622466 0.17636801 0.27547765 0.40408257],[0.06620684 0.16431332 0.26945364 0.34663707],[13.566983 26.912806 45.83384  73.82832 ],[ 4.9682746 13.389099  29.890005  55.743973 ],[7.9026184 7.8415837 7.7629194 7.639768 ],[0.8452578  0.92806405 1.0250862  1.1450323 ],[7.960368 7.953955 7.952423 7.9545  ],[0.8137213 0.856927  0.8997762 0.942242 ]
DDK8,A,2e-07,18,True,False,TDD,vanilla,5,[0.08418904 0.16669506 0.2780122  0.45795348],[0.05851088 0.1372408  0.2671923  0.47554356],[15.240673 29.79363  51.680973 83.63206 ],[ 4.844881 12.674101 30.063938 55.77815 ],[8.069999  7.999619  7.8961864 7.7176857],[0.8395303 0.9109427 1.0078659 1.1752594],[8.126295 8.107923 8.089695 8.074124],[0.8090824  0.8441579  0.88169974 0.92264533]
DDK8,A,2e-07,21,True,False,TDD,vanilla,5,[0.0998281  0.1815877  0.3174098  0.51096475],[0.06712705 0.121311   0.2722343  0.3369024 ],[ 17.284222  32.966324  57.93799  107.88401 ],[ 5.3109818 14.606612  34.02218   63.985626 ],[8.039539 7.976274 7.873141 7.667709],[0.8928418  0.95369726 1.0442282  1.180967  ],[8.111541 8.108097 8.098149 8.079145],[0.84507656 0.87269056 0.9155379  0.9743686 ]
DDK8,A,2e-07,24,True,False,TDD,vanilla,5,[0.1132372  0.20808949 0.35390267 0.5869489 ],[0.1068261  0.20863885 0.28203398 0.52647656],[ 18.618086  34.349964  67.58431  124.784424],[ 6.872237 20.75333  39.355152 81.77783 ],[8.023591  7.919783  7.7683167 7.5143127],[0.88036335 1.0139462  1.1605253  1.367328  ],[8.102798 8.079458 8.073869 8.082761],[0.8285165 0.893055  0.9226012 0.9377865]
DDK8,A,2e-07,27,True,False,TDD,vanilla,5,[0.1009281  0.2068232  0.38319573 0.5775908 ],[0.06835116 0.17471436 0.340222   0.45565128],[ 17.871082  37.81197   73.17206  122.26321 ],[  6.9238605  29.138351   64.65377   114.57166  ],[8.036255  7.9274297 7.7443624 7.4188643],[0.8331041  0.93585825 1.0801314  1.3261176 ],[8.11104  8.084653 8.048851 8.015041],[0.78864    0.83198315 0.884727   0.9329143 ]
DDK8,A,2e-07,33,True,False,TDD,vanilla,5,[0.12583706 0.29044238 0.5428402  0.76618546],[0.09065214 0.21665281 0.42666376 0.44377443],[ 22.971636  58.162704 120.494415 183.50714 ],[ 10.808081  47.08268  102.45188  159.68208 ],[8.124061  7.990717  7.7032323 7.223946 ],[0.8688473  0.97916365 1.1834943  1.5207502 ],[8.216682  8.2085085 8.163704  8.084707 ],[0.8136454 0.8615523 0.9495743 1.0525955]
DDK8,A,2e-07,36,True,False,TDD,vanilla,5,[0.14542109 0.3269448  0.68180144 0.9318693 ],[0.10752098 0.31701592 0.79502505 0.6069345 ],[ 24.583096  56.901947 125.22587  219.84726 ],[ 11.79636   43.813828 101.17511  174.95486 ],[7.9665093 7.78344   7.434577  7.085543 ],[0.8977579 1.0479562 1.3243854 1.3811648],[8.077505 8.06925  8.089985 8.128924],[0.82759804 0.8323908  0.8334932  0.87066954]
DDK8,A,2e-07,42,True,False,TDD,vanilla,5,[0.17664775 0.45467052 0.7450177  0.9871785 ],[0.14042285 0.54963154 0.6268191  0.6681156 ],[ 27.863087  69.22321  137.24492  211.10168 ],[ 21.109283  64.86492  158.33179  173.29025 ],[7.7894163 7.491799  7.0883803 6.742804 ],[1.0427365 1.2952676 1.4707524 1.4933549],[7.927911  7.910005  7.917583  7.9121513],[0.96075475 0.9710648  0.9386558  0.9704687 ]
DDK8,A,4e-07,3,True,False,TDD,vanilla,5,[0.03717006 0.06554708 0.11343451 0.16669606],[0.01602764 0.04235908 0.08618987 0.11938973],[ 9.833955 17.926567 31.596245 47.368706],[ 4.435029 12.526119 25.914282 37.074074],[8.111181  8.099385  8.0824995 8.062031 ],[0.3435044  0.35328543 0.36510274 0.37935245],[8.140506 8.137633 8.134504 8.131127],[0.34248444 0.35056454 0.35972664 0.36985973]
DDK8,A,4e-07,6,True,False,TDD,vanilla,5,[0.04997692 0.09532283 0.1566595  0.21142076],[0.01929656 0.04816747 0.08757714 0.11231567],[12.752694 25.158308 42.400528 57.998154],[ 5.0877757 13.792614  25.714191  34.376728 ],[8.138797 8.124405 8.101163 8.07119 ],[0.39356557 0.4253405  0.46121055 0.50124586],[8.176272 8.178738 8.180604 8.181811],[0.39123917 0.4205529  0.45303023 0.4878832 ]
DDK8,A,4e-07,9,True,False,TDD,vanilla,5,[0.05901058 0.10932286 0.16579524 0.22551878],[0.02300265 0.0533631  0.08827179 0.11433005],[14.934966 28.129766 43.36298  60.54394 ],[ 5.1239214 11.9195    21.991383  32.034565 ],[8.138865 8.114598 8.079384 8.035631],[0.48570383 0.53331715 0.58241063 0.6397468 ],[8.184002 8.182483 8.180069 8.177103],[0.4719663  0.5057804  0.54053843 0.5759417 ]
DDK8,A,4e-07,12,True,False,TDD,vanilla,5,[0.06711342 0.11840548 0.18103401 0.26217186],[0.02982572 0.05612708 0.08733168 0.12403132],[16.304937 29.61764  47.237774 71.211784],[ 5.0752935 12.833692  25.081846  37.76006  ],[8.099611  8.06786   8.023478  7.9458947],[0.5890477  0.6483406  0.70957744 0.7869259 ],[8.15235  8.154115 8.15547  8.156445],[0.5726108  0.6156969  0.65478444 0.68982166]
DDK8,A,4e-07,15,True,False,TDD,vanilla,5,[0.07664944 0.14142269 0.21976028 0.3179958 ],[0.03793631 0.07071376 0.10738095 0.14721444],[16.76561  31.369513 51.841396 78.305725],[ 5.37808  12.020387 26.450302 46.88674 ],[8.005478 7.969988 7.920618 7.831837],[0.59344554 0.65213776 0.72077924 0.80725205],[8.066401 8.071935 8.077987 8.082911],[0.5711157  0.6151953  0.66565377 0.7195561 ]
DDK8,A,4e-07,18,True,False,TDD,vanilla,5,[0.08558235 0.15918711 0.26066715 0.4031138 ],[0.0397409  0.08260512 0.140066   0.22287309],[ 19.025974  38.236874  69.36717  117.04775 ],[ 5.5970964 16.5311    44.353725  85.38402  ],[8.021824  8.001546  7.9571123 7.844145 ],[0.6447986  0.7155858  0.8069903  0.93003905],[8.09442  8.127554 8.160606 8.190095],[0.6232103  0.6795312  0.74975705 0.8271956 ]
DDK8,A,4e-07,21,True,False,TDD,vanilla,5,[0.09888604 0.17790836 0.28911775 0.45639881],[0.0581381  0.11229745 0.17781931 0.24826138],[ 20.154324  38.481537  69.79971  122.30457 ],[ 5.762289 19.096718 53.44349  88.71076 ],[7.93413   7.903178  7.8224335 7.6509643],[0.715339   0.7968559  0.91677606 1.0579281 ],[8.028134 8.068816 8.101429 8.12289 ],[0.67326814 0.7159541  0.7663214  0.81699765]
DDK8,A,4e-07,24,True,False,TDD,vanilla,5,[0.10956424 0.20035022 0.36491117 0.58087045],[0.06602857 0.11901279 0.23760018 0.29500195],[ 19.798374  36.237755  66.98046  118.035164],[ 6.1504292 16.086033  38.990967  72.78305  ],[7.829287  7.7037587 7.517715  7.1610126],[0.79285145 0.9079331  1.06042    1.3276153 ],[7.927203  7.8822603 7.847619  7.832544 ],[0.74526685 0.8172085  0.8804765  0.9221472 ]
DDK8,A,4e-07,27,True,False,TDD,vanilla,5,[0.11445572 0.22848675 0.41286728 0.5992746 ],[0.07504518 0.17048663 0.32413554 0.3892212 ],[ 22.443066  46.489613  91.38543  152.38052 ],[  7.7385054  29.448792   73.32486   129.82916  ],[7.8824034 7.7779255 7.577689  7.3433256],[0.758771  0.8534071 1.0200408 1.1660541],[7.9919696 7.989279  7.998762  8.014314 ],[0.70994437 0.749423   0.7883426  0.81563747]
DDK8,A,4e-07,33,True,False,TDD,vanilla,5,[0.14101613 0.30991566 0.5789406  0.76482195],[0.11188582 0.23313448 0.45596245 0.48714158],[ 25.34293   57.772198 116.56792  182.90506 ],[  8.368868  39.370102  80.56465  132.71463 ],[7.8708634 7.6790166 7.367959  6.993246 ],[0.76866525 0.9355108  1.1744225  1.4148982 ],[7.995203  7.9802413 7.973531  7.9859047],[0.70891154 0.7746805  0.8564755  0.92781574]
DDK8,A,4e-07,36,True,False,TDD,vanilla,5,[0.13038078 0.25681466 0.48505643 0.7281758 ],[0.0818854  0.14971696 0.27854112 0.38940433],[ 27.182833  56.36019  110.61374  172.5312  ],[  9.619182  31.336636  68.72828  100.789955],[7.9849567 7.8291607 7.5060225 6.9836187],[0.8989688 0.9686641 1.1218479 1.4008646],[8.108352 8.090845 8.035079 7.95603 ],[0.8385771  0.8493455  0.87210375 0.9073687 ]
DDK8,A,4e-07,42,True,False,TDD,vanilla,5,[0.18663329 0.406086   0.69323045 0.91648984],[0.13883133 0.2529348  0.36802828 0.46643186],[ 31.57781   88.305466 177.59123  259.82104 ],[ 12.581384  60.102055 133.51282  177.57507 ],[7.7525606 7.588537  7.205633  6.8047237],[0.90171254 1.009051   1.1988355  1.3854293 ],[7.9211125 8.026638  8.094642  8.118456 ],[0.81548744 0.8076006  0.8508136  0.89531356]
DDK8,C,5e-08,3,True,False,TDD,vanilla,5,[0.04085592 0.07776475 0.13430843 0.21110602],[0.02052862 0.05080197 0.08649728 0.13335647],[ 8.089392 16.171284 29.847168 48.267677],[ 3.5204031 10.260593  20.874355  32.268223 ],[8.309014 8.29788  8.27797  8.24669 ],[0.20102936 0.21432953 0.23113683 0.25370535],[8.326575 8.326315 8.326018 8.325577],[0.19877578 0.20899162 0.22026956 0.2324996 ]
DDK8,C,5e-08,6,True,False,TDD,vanilla,5,[0.06154557 0.13160868 0.21879494 0.32118592],[0.02792335 0.07941703 0.13351472 0.18713027],[11.042329 23.7226   41.668354 64.74353 ],[ 4.1504183 10.971813  20.642328  33.44412  ],[8.202558 8.166198 8.113048 8.029981],[0.30364326 0.32980725 0.3617225  0.40514112],[8.230418 8.22319  8.218066 8.215206],[0.29918042 0.32049295 0.3425427  0.3658508 ]
DDK8,C,5e-08,9,True,False,TDD,vanilla,5,[0.07750239 0.19179322 0.28259316 0.4020649 ],[0.04465437 0.19293958 0.1985289  0.23434424],[13.367746 29.114626 53.785473 84.52305 ],[ 4.379266 11.851352 25.991257 46.346542],[8.219244 8.171871 8.082235 7.926551],[0.4021181  0.4519186  0.51681936 0.6176312 ],[8.254384 8.254124 8.254158 8.25498 ],[0.39488202 0.43240994 0.46764877 0.49863467]
DDK8,C,5e-08,12,True,False,TDD,vanilla,5,[0.0877879  0.19608401 0.35056937 0.5217134 ],[0.06838062 0.1342008  0.22168283 0.29296163],[ 15.141314  35.796886  71.30587  113.44396 ],[ 5.412757 19.620937 46.370358 74.89636 ],[8.244069  8.15711   7.98387   7.7189665],[0.42134604 0.47223634 0.57538366 0.7677802 ],[8.288876  8.277489  8.269999  8.2660885],[0.40042427 0.41886386 0.44892526 0.4908567 ]
DDK8,C,5e-08,15,True,False,TDD,vanilla,5,[0.09927899 0.2532425  0.45317796 0.59231764],[0.05032938 0.16247539 0.34110785 0.33455446],[ 17.368544  47.54548   92.24628  140.17882 ],[ 7.473153 30.97254  62.91404  92.56835 ],[8.234126  8.134719  7.9180975 7.6403956],[0.41235107 0.48087    0.6929943  0.9736247 ],[8.284434 8.291013 8.302465 8.324361],[0.4031638  0.44232005 0.4866336  0.5346952 ]
DDK8,C,5e-08,18,True,False,TDD,vanilla,5,[0.1592603  0.38408113 0.61908764 0.79470056],[0.12585923 0.2940209  0.40215296 0.4156813 ],[ 23.396091  71.36021  126.9105   174.69508 ],[ 12.762136  52.960606  93.656364 122.62606 ],[8.106113  7.852125  7.4129763 6.94783  ],[0.57558626 0.7825398  1.1445541  1.3619689 ],[8.200162 8.199213 8.199512 8.190836],[0.5350562  0.57275265 0.58666337 0.60950494]
DDK8,C,5e-08,21,True,False,TDD,vanilla,5,[0.1680662  0.40077668 0.63561606 0.84659815],[0.11508415 0.27530023 0.4085455  0.40011737],[ 27.951427  80.68529  134.68872  198.69566 ],[ 15.912548  63.221615  99.04795  122.316055],[8.166755  7.8673534 7.4314866 6.952275 ],[0.5354252 0.7835064 1.2035853 1.5126084],[8.273708 8.270968 8.278294 8.289778],[0.4893335 0.5536807 0.6028044 0.6329883]
DDK8,C,5e-08,24,True,False,TDD,vanilla,5,[0.19908103 0.45944038 0.6966899  0.8378742 ],[0.16168301 0.34622076 0.4184784  0.4261286 ],[ 33.441734  89.56751  149.12857  206.76567 ],[ 23.367426  67.0739   102.2483   136.75    ],[8.09401   7.699812  7.313204  6.7619724],[0.61836475 1.0374585  1.1304584  1.6028566 ],[8.232507 8.229933 8.229175 8.226252],[0.56549513 0.60039735 0.6194327  0.6659933 ]
DDK8,C,5e-08,27,True,False,TDD,vanilla,5,[0.26916268 0.5326351  0.82213396 0.9140033 ],[0.2887821  0.37027505 0.52099955 0.48356628],[ 39.88511  101.221855 159.49274  208.05597 ],[ 29.87613   77.31279  100.380875 115.08971 ],[7.9666467 7.4633884 7.0205317 6.6493335],[0.70807356 1.2181245  1.3584428  1.5628315 ],[8.173424 8.189116 8.193333 8.201783],[0.5681614  0.57618004 0.5760544  0.6105042 ]
DDK8,C,5e-08,33,True,False,TDD,vanilla,5,[0.34836662 0.7219486  0.95082927 1.1092708 ],[0.3415176  0.5953504  0.56461877 0.5823845 ],[ 59.514767 134.72316  200.86707  257.434   ],[ 51.058743  95.168594 128.6591   149.07602 ],[7.8581386 7.2268615 6.7645006 6.3521824],[0.7353981 1.2418104 1.3511562 1.4862944],[8.163975 8.166744 8.197453 8.228497],[0.55520767 0.59197205 0.6344895  0.69245917]
DDK8,C,5e-08,36,True,False,TDD,vanilla,5,[0.5127298  0.97298586 1.1715813  1.2629782 ],[0.39087462 0.62094474 0.6919023  0.6528903 ],[ 88.091446 185.07283  247.09682  287.8539  ],[ 71.73677 121.92661 139.73997 149.68515],[7.704511 6.816043 6.194763 5.844145],[0.8736306 1.4412447 1.5434358 1.4924659],[8.201372 8.212413 8.186459 8.202197],[0.5879251 0.6015146 0.5885965 0.6164567]
DDK8,C,5e-08,42,True,False,TDD,vanilla,5,[0.7615607 0.9555945 1.1778798 1.1711143],[1.0864487  0.7779687  0.64865315 0.5613345 ],[122.652405 174.70262  219.9208   274.04483 ],[118.65487 114.15677 116.08932 171.32307],[7.2774935 6.6413136 6.1328564 5.6479144],[1.2979908 1.5364205 1.6676459 1.8727963],[8.154698 8.128567 8.085518 8.078484],[0.6038881  0.6198292  0.71537834 0.8178851 ]
DDK8,C,2e-07,3,True,False,TDD,vanilla,5,[0.03359737 0.06055648 0.10665686 0.16202532],[0.01308599 0.03374584 0.06770492 0.0962736 ],[ 8.386258 15.654458 28.168839 43.695953],[ 3.2734149  9.236192  18.92924   27.335752 ],[8.247327 8.234851 8.213357 8.184035],[0.16651945 0.17978    0.19535995 0.21382172],[8.269406 8.268143 8.26673  8.265156],[0.16525045 0.17695566 0.18965855 0.20317249]
DDK8,C,2e-07,6,True,False,TDD,vanilla,5,[0.04836125 0.09661956 0.16580263 0.24191841],[0.01610567 0.03967217 0.07368007 0.10951008],[12.263868 25.102505 43.960438 64.74398 ],[ 4.1832166 10.85751   20.897919  31.34725  ],[8.2534485 8.214683  8.153443  8.067473 ],[0.24393271 0.2755807  0.3184218  0.38117537],[8.289013 8.28343  8.278104 8.273454],[0.23840481 0.2612574  0.2851649  0.3086477 ]
DDK8,C,2e-07,9,True,False,TDD,vanilla,5,[0.05887941 0.11786995 0.19858953 0.2975355 ],[0.0186167  0.04300926 0.08241212 0.12672985],[14.335454 29.33828  50.901905 78.8183  ],[ 3.606148  9.239801 20.744566 35.880318],[8.221531  8.179447  8.103967  7.9852533],[0.31035504 0.35951835 0.41796532 0.49768093],[8.265249 8.267987 8.272074 8.276913],[0.30145794 0.33881113 0.3764504  0.4147206 ]
DDK8,C,2e-07,12,True,False,TDD,vanilla,5,[0.06480179 0.14459893 0.2645289  0.40101963],[0.02303592 0.07202871 0.15262522 0.21671817],[ 15.802345  36.1001    68.37047  108.67068 ],[ 4.889658 17.480934 39.25647  67.22632 ],[8.223301 8.146223 7.991717 7.765646],[0.35911843 0.42688137 0.5349906  0.70187694],[8.275466 8.271283 8.26691  8.262678],[0.34935436 0.39719546 0.44388452 0.48593506]
DDK8,C,2e-07,15,True,False,TDD,vanilla,5,[0.08069055 0.20049892 0.36230096 0.5318618 ],[0.03301196 0.10594411 0.18994306 0.25177583],[ 19.05769   49.177685  94.46299  144.59764 ],[ 7.347119 25.114038 51.36226  79.752495],[8.133628  8.000437  7.7434874 7.3806195],[0.4690968  0.5512419  0.7364679  0.98906577],[8.207965 8.210038 8.215867 8.224112],[0.45113933 0.4856871  0.5191998  0.54643935]
DDK8,C,2e-07,18,True,False,TDD,vanilla,5,[0.09322429 0.2336731  0.40117595 0.560768  ],[0.05404915 0.14786138 0.23310626 0.25895703],[ 21.683155  61.17393  114.83859  169.01297 ],[ 10.371769  45.25719   94.41226  125.81095 ],[8.170602  8.004437  7.693042  7.3298187],[0.5240852  0.62501436 0.84919834 1.0581065 ],[8.257838 8.261139 8.260707 8.264115],[0.49564663 0.5484521  0.60611343 0.6623807 ]
DDK8,C,2e-07,21,True,False,TDD,vanilla,5,[0.10786478 0.27584615 0.43935502 0.6058897 ],[0.06620023 0.19811843 0.2692125  0.2563097 ],[ 26.401386  74.25493  126.50739  182.0764  ],[ 16.770838  61.736523  98.25026  108.38818 ],[8.128851  7.8842077 7.491322  7.1698565],[0.5138995 0.7159773 1.1355544 1.2590055],[8.236614 8.255446 8.269096 8.275333],[0.48349896 0.5265164  0.5651753  0.60599506]
DDK8,C,2e-07,24,True,False,TDD,vanilla,5,[0.14341788 0.37549913 0.5816166  0.7813927 ],[0.0845458  0.21160251 0.26507798 0.28764987],[ 31.917221  94.41095  154.53305  214.66318 ],[ 19.435429  64.79572   97.03383  114.271774],[7.982505  7.6198144 7.1414824 6.559819 ],[0.62614554 0.8251516  1.1073684  1.4909925 ],[8.131182 8.132619 8.148181 8.162027],[0.5804273  0.61564034 0.6213094  0.64173055]
DDK8,C,2e-07,27,True,False,TDD,vanilla,5,[0.14963263 0.3773474  0.60021484 0.75147593],[0.08254077 0.21738611 0.29402095 0.31744894],[ 34.7934    93.794685 152.9913   196.5835  ],[ 19.67637   63.921337  91.31554  107.15207 ],[8.003221  7.609923  7.034603  6.5439568],[0.6001648 0.8487971 1.2237048 1.449426 ],[8.16426  8.148859 8.14116  8.125651],[0.5455145  0.57448643 0.5996173  0.65095395]
DDK8,C,2e-07,33,True,False,TDD,vanilla,5,[0.24269643 0.52832353 0.72888756 0.8421276 ],[0.1866656  0.33503035 0.37624198 0.29737616],[ 53.05059  123.586815 179.0951   225.90993 ],[ 37.563995  85.08164  100.99004  119.673416],[7.849016  7.2228913 6.7451406 6.3636346],[0.7763937 1.1843244 1.4586556 1.3761634],[8.134128 8.123875 8.132454 8.157437],[0.62713987 0.62046474 0.62091714 0.6189508 ]
DDK8,C,2e-07,36,True,False,TDD,vanilla,5,[0.23709004 0.5294583  0.69915444 0.8316519 ],[0.2326986  0.4518565  0.38116467 0.39297274],[ 56.61223 130.40761 180.50781 224.05795],[ 56.91381 100.63615  96.91035 108.97616],[7.9588017 7.3778014 6.889833  6.514552 ],[0.69380444 1.1779493  1.458582   1.5027062 ],[8.223166 8.203659 8.193959 8.197771],[0.5721486  0.62228054 0.6435787  0.6443599 ]
DDK8,C,2e-07,42,True,False,TDD,vanilla,5,[0.34935308 0.62672937 0.8202564  1.0125794 ],[0.36585677 0.36788103 0.35299766 0.4540768 ],[ 85.13072 159.13467 221.79347 282.59924],[120.99743  98.30418 125.68249 151.75356],[7.699321  7.08134   6.644547  6.1789556],[1.0416567 1.4648495 1.3171953 1.2635666],[8.202137 8.208331 8.213117 8.186108],[0.62006235 0.64596266 0.66607225 0.7035478 ]
DDK8,C,4e-07,3,True,False,TDD,vanilla,5,[0.03668064 0.06449696 0.11221156 0.16731519],[0.01380339 0.03622856 0.07468574 0.1028828 ],[ 9.993755 18.18338  32.256424 48.982555],[ 4.1490064 11.4193735 23.602016  33.156315 ],[8.287985 8.276965 8.257564 8.232055],[0.18380384 0.19850783 0.21546903 0.235001  ],[8.31983  8.321709 8.323363 8.324781],[0.1824369  0.19586535 0.21045375 0.22601187]
DDK8,C,4e-07,6,True,False,TDD,vanilla,5,[0.05091755 0.09759478 0.16758816 0.23245881],[0.01607518 0.04108579 0.07618843 0.09726363],[13.289664 26.257124 46.054855 64.78347 ],[ 4.659484 12.130007 23.233412 30.8103  ],[8.212798 8.183547 8.138368 8.090017],[0.26941174 0.29392913 0.32305834 0.3549622 ],[8.259438 8.260148 8.261916 8.265042],[0.26467186 0.2839932  0.30338576 0.3230583 ]
DDK8,C,4e-07,9,True,False,TDD,vanilla,5,[0.06305657 0.11687417 0.18915087 0.2761467 ],[0.01999815 0.0423076  0.07572459 0.1079622 ],[15.957013 30.280218 50.027905 74.07984 ],[ 4.6365986 10.960184  22.165071  34.489063 ],[8.242218 8.191348 8.115517 8.011093],[0.34929886 0.39941952 0.4545031  0.52202576],[8.299542  8.2919655 8.284302  8.276176 ],[0.3363756  0.3739166  0.41209707 0.44999707]
DDK8,C,4e-07,12,True,False,TDD,vanilla,5,[0.07070912 0.1386854  0.23731452 0.36383972],[0.02012802 0.04975642 0.09342616 0.14557822],[17.963392 35.83791  63.026173 98.9038  ],[ 4.9894495 13.45539   28.140497  48.73505  ],[8.184729  8.117156  7.9976416 7.816771 ],[0.37731415 0.42454234 0.49050573 0.59318477],[8.254019 8.249561 8.239468 8.22615 ],[0.36668321 0.40296978 0.44160876 0.48203832]
DDK8,C,4e-07,15,True,False,TDD,vanilla,5,[0.07768752 0.16930948 0.30115274 0.4471643 ],[0.02297665 0.0668521  0.13531552 0.2096362 ],[ 20.23214   46.160667  86.793564 134.26488 ],[ 5.230086 19.453438 48.207115 85.71479 ],[8.216652  8.124078  7.9648805 7.6764393],[0.3829745  0.4585997  0.5694218  0.80943024],[8.300738 8.310435 8.318503 8.321449],[0.36233523 0.4033232  0.448278   0.4995451 ]
DDK8,C,4e-07,18,True,False,TDD,vanilla,5,[0.09446447 0.21595234 0.36265948 0.5158934 ],[0.04322958 0.12638973 0.19824351 0.22941458],[ 23.270166  55.899517 100.78251  152.93097 ],[ 8.3996525 29.230873  55.353687  85.464195 ],[8.141295  7.9913197 7.7344117 7.456515 ],[0.5458481  0.6865113  0.96913356 1.1343853 ],[8.245845 8.256775 8.268593 8.282536],[0.5129303  0.5608195  0.60647964 0.64250934]
DDK8,C,4e-07,21,True,False,TDD,vanilla,5,[0.11731587 0.2777473  0.4484545  0.68178403],[0.06148446 0.15691996 0.22530314 0.26228547],[ 27.620686  72.11402  124.62187  205.00224 ],[ 11.487981  43.31686   75.36401  107.68837 ],[8.078098  7.864896  7.5508723 7.0642977],[0.5329507 0.6774835 0.9175416 1.1891044],[8.208268 8.233376 8.263854 8.301309],[0.48909435 0.49843127 0.5081799  0.52443814]
DDK8,C,4e-07,24,True,False,TDD,vanilla,5,[0.12880763 0.3071577  0.5045566  0.65701413],[0.06613675 0.18540916 0.26563266 0.2549766 ],[ 30.65263  78.4606  133.20753 183.82562],[ 14.800136  54.830086  84.18158  104.19219 ],[8.085335  7.8277225 7.396496  7.013689 ],[0.5364722 0.6674162 1.0097666 1.1652836],[8.224326 8.216809 8.205311 8.196901],[0.5019927  0.53854054 0.5763094  0.6127203 ]
DDK8,C,4e-07,27,True,False,TDD,vanilla,5,[0.14039344 0.31432003 0.48875862 0.6592733 ],[0.07565027 0.17236693 0.20979463 0.21834949],[ 35.27359  83.42427 133.77301 188.09268],[ 24.771978  59.496544  80.725975 103.94176 ],[8.0500145 7.7767544 7.4657764 7.0650377],[0.5571065 0.7060212 0.8755908 1.0353363],[8.212278 8.205426 8.209401 8.201062],[0.52702165 0.5741107  0.6127436  0.64407486]
DDK8,C,4e-07,33,True,False,TDD,vanilla,5,[0.18998186 0.39459687 0.59069204 0.7477513 ],[0.11596756 0.23222044 0.28437606 0.291933  ],[ 44.85716   99.480255 153.68726  201.0086  ],[ 26.918617  63.02836   82.09986  105.25695 ],[7.9604273 7.591709  7.256437  6.7666874],[0.7444698 1.026581  1.1606462 1.4417773],[8.183739 8.192224 8.175432 8.147135],[0.6432265  0.66101295 0.6978664  0.7402622 ]
DDK8,C,4e-07,36,True,False,TDD,vanilla,5,[0.21890254 0.45728338 0.6789471  0.8018723 ],[0.1588067  0.25886506 0.31193087 0.2870172 ],[ 53.704926 122.88915  188.39621  237.14606 ],[ 34.34864  72.22265  99.9023  117.96635],[8.005359  7.538247  6.9925127 6.6806264],[0.74476665 1.1131549  1.4766314  1.5017556 ],[8.265757  8.2690735 8.257155  8.252183 ],[0.6276491  0.67769957 0.705928   0.7128718 ]
DDK8,C,4e-07,42,True,False,TDD,vanilla,5,[0.27279788 0.5294883  0.7180634  0.9126165 ],[0.19839802 0.27208796 0.2888469  0.2942527 ],[ 69.77616 141.0148  193.78026 260.2166 ],[ 63.401314  99.16232  100.57587  127.702095],[7.841862  7.361308  6.8691006 6.186463 ],[0.7250441  0.91080165 1.1831875  1.4066873 ],[8.192731 8.206451 8.21126  8.215601],[0.59920657 0.60754186 0.64400005 0.6513544 ]
DDK8,D,5e-08,3,True,False,TDD,vanilla,5,[0.01572561 0.04110079 0.07799394 0.12889962],[0.01330273 0.04021454 0.07617792 0.11468306],[ 4.6382933 12.155157  23.07312   38.19143  ],[ 3.935002 11.883008 22.499935 33.843815],[8.291694  8.2865715 8.2792225 8.269665 ],[0.07561259 0.08130559 0.08771891 0.09449642],[8.299658 8.29858  8.297538 8.29653 ],[0.07468852 0.07996947 0.08556426 0.0913942 ]
DDK8,D,5e-08,6,True,False,TDD,vanilla,5,[0.02126928 0.05371758 0.09568048 0.14343451],[0.01492393 0.04168319 0.0742574  0.09852151],[ 6.340677 16.045265 28.589798 42.91385 ],[ 4.457699 12.362508 22.02032  29.387764],[8.3015995 8.295383  8.285663  8.272012 ],[0.12088205 0.1338587  0.14802971 0.16450377],[8.311767 8.311415 8.310966 8.310436],[0.12025459 0.13231722 0.14488111 0.15781623]
DDK8,D,5e-08,9,True,False,TDD,vanilla,5,[0.02643425 0.06526583 0.10328588 0.14784852],[0.01348071 0.0374782  0.06777592 0.09567911],[ 7.8437343 19.3372    30.573008  43.66247  ],[ 4.0745497 11.299825  20.499588  29.378067 ],[8.286036 8.273925 8.256977 8.235187],[0.13310352 0.15448216 0.17771128 0.20288415],[8.297676 8.293371 8.288761 8.283954],[0.1321482  0.15266456 0.17479543 0.19807528]
DDK8,D,5e-08,12,True,False,TDD,vanilla,5,[0.0249656  0.05774374 0.09004167 0.13490424],[0.01196596 0.03688361 0.06232313 0.08847944],[ 7.189339 16.667177 26.22911  39.34283 ],[ 3.284668  10.3864355 17.72157   25.47142  ],[8.268547 8.256218 8.237718 8.214919],[0.1889889  0.21432151 0.2420025  0.2717134 ],[8.282729 8.280233 8.277586 8.274747],[0.18684064 0.21076299 0.2355141  0.26066127]
DDK8,D,5e-08,15,True,False,TDD,vanilla,5,[0.0279729  0.06648134 0.11561114 0.17177239],[0.01288063 0.03843033 0.07365926 0.10848077],[ 8.098796 19.329304 33.676174 50.21176 ],[ 3.6660025 10.986453  21.149183  31.798143 ],[8.253256 8.237331 8.21664  8.192764],[0.21258703 0.2343527  0.2570747  0.2841536 ],[8.270022 8.268729 8.268344 8.268918],[0.2086949  0.22577141 0.24269079 0.25992864]
DDK8,D,5e-08,18,True,False,TDD,vanilla,5,[0.0323279  0.07529323 0.12216268 0.18604314],[0.01409007 0.04465469 0.07820108 0.11542685],[ 9.23719  21.359978 34.421165 52.523006],[ 3.9401553 12.681312  22.080389  32.33705  ],[8.248297 8.21821  8.182237 8.139531],[0.2382991  0.27083138 0.30777633 0.35199296],[8.267819  8.256482  8.2475815 8.242658 ],[0.2351493 0.2640463 0.2919402 0.3160511]
DDK8,D,5e-08,21,True,False,TDD,vanilla,5,[0.03058242 0.0715746  0.12373845 0.20934622],[0.01252564 0.04258935 0.07598734 0.13101208],[ 8.877264 21.029112 36.693604 63.05082 ],[ 3.714654 13.444416 25.125633 43.83637 ],[8.256561 8.24184  8.218753 8.182017],[0.25509033 0.29096082 0.33525124 0.39232117],[8.27719   8.282884  8.2891655 8.295584 ],[0.25249338 0.2854534  0.32003936 0.35299757]
DDK8,D,5e-08,24,True,False,TDD,vanilla,5,[0.03161161 0.07012862 0.12507941 0.19725671],[0.0156149  0.04703075 0.08476222 0.14416759],[ 9.07729  20.255426 36.836117 58.802143],[ 4.219549 13.696308 27.310062 47.177654],[8.258397 8.232412 8.195039 8.152556],[0.2502498  0.28026447 0.3133659  0.34609208],[8.280112  8.273623  8.264235  8.2512455],[0.24701582 0.27596948 0.30649292 0.3357034 ]
DDK8,D,5e-08,27,True,False,TDD,vanilla,5,[0.03456795 0.07616103 0.1366222  0.23379488],[0.01487531 0.0496317  0.09483211 0.1988009 ],[ 9.817223 21.224533 38.629284 68.625725],[ 4.0149946 13.151052  25.602436  58.24979  ],[8.237748 8.216608 8.189899 8.153445],[0.30176163 0.3238866  0.35441917 0.3970802 ],[8.262777 8.265217 8.269065 8.273772],[0.2979555  0.3138878  0.33165452 0.3518799 ]
DDK8,D,5e-08,33,True,False,TDD,vanilla,5,[0.03837694 0.07373918 0.13623515 0.2108016 ],[0.01820738 0.04554125 0.09407304 0.12889126],[10.7535095 20.455347  38.249577  61.186573 ],[ 5.0744715 13.273249  26.88364   42.04255  ],[8.206413 8.17448  8.142055 8.103721],[0.31920493 0.3386386  0.35435838 0.3656259 ],[8.235228 8.229521 8.229554 8.238303],[0.31300098 0.32693157 0.3373971  0.34345612]
DDK8,D,5e-08,36,True,False,TDD,vanilla,5,[0.04016546 0.07610453 0.14614964 0.24579316],[0.01930165 0.04759694 0.0941289  0.20551774],[12.006744 23.1974   44.681473 74.80834 ],[ 5.431433 15.739549 30.6509   57.312904],[8.305542  8.2775545 8.2397995 8.194327 ],[0.28612798 0.30563056 0.32733494 0.35757077],[8.336734 8.337908 8.336387 8.332141],[0.27704263 0.29162735 0.30735877 0.3248851 ]
DDK8,D,5e-08,42,True,False,TDD,vanilla,5,[0.04608515 0.09798492 0.17530845 0.30758002],[0.02319428 0.06245456 0.10408641 0.20953506],[13.4779415 29.312912  54.37583   96.85543  ],[ 6.7692947 19.255949  35.62182   68.207794 ],[8.253075 8.247332 8.222925 8.174828],[0.3081258  0.3227972  0.34670493 0.39915112],[8.291798 8.319096 8.342037 8.351114],[0.29859725 0.30620685 0.31966177 0.34217647]
DDK8,D,2e-07,3,True,False,TDD,vanilla,5,[0.01889959 0.04330894 0.07847838 0.12527142],[0.01325733 0.03733711 0.06920224 0.10139577],[ 5.6277986 12.979177  23.556223  37.6859   ],[ 3.9746194 11.255468  20.845272  30.580126 ],[8.291753 8.288334 8.282375 8.27445 ],[0.05620552 0.06333868 0.07065084 0.07830924],[8.30472  8.305355 8.306001 8.306659],[0.05492547 0.06174164 0.06871933 0.07579485]
DDK8,D,2e-07,6,True,False,TDD,vanilla,5,[0.02690914 0.05886257 0.10017989 0.14695042],[0.01511731 0.04070237 0.07372402 0.09890907],[ 7.988506 17.486975 29.775911 43.698368],[ 4.4599223 11.980756  21.788607  29.348616 ],[8.289226 8.282528 8.272196 8.259206],[0.08499377 0.09655008 0.10880744 0.12137105],[8.304998 8.30393  8.302717 8.301365],[0.08359402 0.0947236  0.10591125 0.1170879 ]
DDK8,D,2e-07,9,True,False,TDD,vanilla,5,[0.03830861 0.08791225 0.13395515 0.17873833],[0.0142182  0.03940547 0.07454198 0.10849943],[11.424979 26.297197 40.21457  53.76613 ],[ 4.2218723 11.815198  22.727285  33.24256  ],[8.285852 8.278311 8.265454 8.249905],[0.13130297 0.14671317 0.16284458 0.17875768],[8.304958 8.305161 8.30541  8.30564 ],[0.12817776 0.14271183 0.15739685 0.17246187]
DDK8,D,2e-07,12,True,False,TDD,vanilla,5,[0.03165363 0.06763744 0.10772339 0.15390363],[0.01201328 0.03809097 0.06974019 0.10720646],[ 9.401236 20.027647 31.869362 45.322983],[ 3.3711724 10.697094  19.256529  28.767159 ],[8.293992 8.285748 8.272388 8.258017],[0.14495352 0.16780986 0.19218351 0.2168341 ],[8.313007 8.312093 8.310837 8.309354],[0.14296053 0.16523613 0.1881396  0.2113783 ]
DDK8,D,2e-07,15,True,False,TDD,vanilla,5,[0.03407675 0.07050135 0.11166018 0.15499933],[0.01249948 0.03765909 0.06407709 0.09131669],[ 9.995676 20.627747 32.847805 45.69924 ],[ 3.5752904 10.5910425 18.323072  26.391808 ],[8.270979 8.258334 8.242112 8.220755],[0.18907891 0.2116399  0.2358649  0.26156795],[8.293565  8.2920685 8.2905855 8.289156 ],[0.18703032 0.20940296 0.23131841 0.25235698]
DDK8,D,2e-07,18,True,False,TDD,vanilla,5,[0.03629193 0.06852101 0.10458517 0.15481773],[0.0125091  0.03783606 0.06346654 0.09408685],[10.75756  20.35835  31.290346 46.759003],[ 3.6973264 11.37629   19.329338  28.728971 ],[8.280706 8.272906 8.259885 8.243653],[0.22555809 0.24758522 0.26918662 0.2878024 ],[8.305725 8.309488 8.312395 8.314784],[0.22037174 0.2390583  0.25812885 0.27720353]
DDK8,D,2e-07,21,True,False,TDD,vanilla,5,[0.03692966 0.06997618 0.11127207 0.1940338 ],[0.01509118 0.04309729 0.07551632 0.11629598],[10.553156 20.097256 32.65962  57.494   ],[ 4.1175456 12.302913  22.585344  35.3655   ],[8.237918 8.226799 8.213858 8.194073],[0.25108364 0.2739699  0.29223865 0.31298953],[8.264703 8.267769 8.272947 8.279535],[0.24443386 0.26372743 0.2798239  0.2931526 ]
DDK8,D,2e-07,24,True,False,TDD,vanilla,5,[0.03980616 0.07156713 0.12009859 0.20935576],[0.01538867 0.04307368 0.07799458 0.15983947],[11.530527 20.81862  35.82463  62.33806 ],[ 4.167801 12.479592 24.633152 45.446922],[8.248968 8.238379 8.225594 8.200503],[0.24805288 0.2682244  0.28746167 0.3160503 ],[8.277871 8.283131 8.289918 8.296556],[0.24175097 0.25661522 0.27360883 0.29408902]
DDK8,D,2e-07,27,True,False,TDD,vanilla,5,[0.04145515 0.07437133 0.12673655 0.20157066],[0.01392906 0.0424355  0.07089448 0.13151982],[11.903399 21.537691 36.536015 58.51042 ],[ 4.2562466 13.41521   22.136429  38.666767 ],[8.222661 8.207056 8.18791  8.164519],[0.27072254 0.2949431  0.32495794 0.36025912],[8.2537155 8.252774  8.254282  8.257275 ],[0.26518136 0.28589198 0.31270012 0.34290448]
DDK8,D,2e-07,33,True,False,TDD,vanilla,5,[0.04234634 0.07370952 0.13901001 0.2171588 ],[0.01804845 0.04354235 0.09461168 0.14983514],[12.391952 21.38372  41.19372  66.85813 ],[ 4.9485583 11.4171505 27.127247  48.551907 ],[8.262264 8.245676 8.222359 8.201275],[0.3006183  0.3094013  0.32714194 0.3410901 ],[8.294483 8.296839 8.303677 8.315007],[0.29260948 0.29500195 0.30127394 0.31653824]
DDK8,D,2e-07,36,True,False,TDD,vanilla,5,[0.04594242 0.08184664 0.13765565 0.24976665],[0.02030848 0.05583001 0.09296087 0.17603016],[12.960226 22.61605  38.457016 72.58626 ],[ 5.582508 14.688281 24.811838 58.835075],[8.218851 8.172544 8.121284 8.068466],[0.3150711  0.34359416 0.37581366 0.39468503],[8.254462  8.231821  8.213254  8.2022705],[0.30821246 0.33105987 0.3529215  0.36922216]
DDK8,D,2e-07,42,True,False,TDD,vanilla,5,[0.04820832 0.09670149 0.15186422 0.24636139],[0.0224024  0.05522285 0.09064281 0.14656924],[13.867291 28.245756 44.260674 74.216354],[ 6.1629663 17.259962  26.879206  48.158287 ],[8.234225 8.199494 8.161943 8.119349],[0.32103828 0.34013987 0.3584666  0.36712638],[8.275828 8.271634 8.268322 8.26755 ],[0.31351313 0.32876962 0.3366903  0.34487548]
DDK8,D,4e-07,3,True,False,TDD,vanilla,5,[0.0262467  0.0540707  0.09225386 0.13945305],[0.01631792 0.04290413 0.07881647 0.11302713],[ 7.7334375 16.012829  27.337563  41.363354 ],[ 4.8576965 12.850806  23.598133  33.897526 ],[8.27554  8.268507 8.258895 8.247432],[0.05541852 0.06372132 0.07212475 0.080661  ],[8.293405 8.290766 8.28805  8.285257],[0.05372701 0.06171242 0.06978194 0.07790729]
DDK8,D,4e-07,6,True,False,TDD,vanilla,5,[0.03636339 0.07668839 0.1262843  0.17726348],[0.01779497 0.04698778 0.08649327 0.11735659],[10.79666  22.896246 37.853073 53.257313],[ 5.3114896 14.098224  26.23404   35.796524 ],[8.280837 8.276324 8.268491 8.257944],[0.10014774 0.11416996 0.12802273 0.14163852],[8.302427 8.303819 8.305447 8.30732 ],[0.09781612 0.11133109 0.12449647 0.1372722 ]
DDK8,D,4e-07,9,True,False,TDD,vanilla,5,[0.03974915 0.08230719 0.12294474 0.16395059],[0.01572663 0.03753557 0.06955159 0.10150646],[11.864483 24.648632 36.93558  49.378067],[ 4.631159 11.083992 20.556835 29.928848],[8.2869835 8.283261  8.275324  8.266557 ],[0.12579213 0.14479797 0.16410783 0.18311675],[8.310682 8.313534 8.316418 8.319339],[0.1229313  0.14134116 0.15957414 0.17754117]
DDK8,D,4e-07,12,True,False,TDD,vanilla,5,[0.03799896 0.07111363 0.10245445 0.13958402],[0.01487229 0.0368371  0.06032526 0.08402671],[11.342712 21.295574 30.880836 42.378883],[ 4.403446 10.934473 18.40263  26.587906],[8.289807  8.283418  8.2733755 8.259404 ],[0.1587234  0.18076123 0.203597   0.22616652],[8.314311 8.315415 8.316559 8.31765 ],[0.15571669 0.17662454 0.19755578 0.21827404]
DDK8,D,4e-07,15,True,False,TDD,vanilla,5,[0.04131119 0.07435782 0.1076061  0.14443143],[0.0152397  0.03723288 0.06164129 0.08674884],[12.461238 22.755188 33.209446 44.92836 ],[ 4.484473 11.778575 20.100628 28.324757],[8.3027315 8.297794  8.289333  8.276403 ],[0.17968455 0.19983353 0.2202575  0.24067341],[8.331775 8.336437 8.340626 8.344339],[0.17464425 0.1934692  0.21228619 0.23092636]
DDK8,D,4e-07,18,True,False,TDD,vanilla,5,[0.04272619 0.07678462 0.11231112 0.15064372],[0.01555217 0.04106479 0.06465273 0.09346076],[12.585304 22.677057 33.067337 44.000595],[ 4.6754575 12.1142025 19.221146  27.853046 ],[8.256083 8.243417 8.226711 8.207335],[0.1928959  0.2139236  0.23961903 0.26999113],[8.286208 8.283078 8.280533 8.278921],[0.19004631 0.20961969 0.23211282 0.2563469 ]
DDK8,D,4e-07,21,True,False,TDD,vanilla,5,[0.04560132 0.08068327 0.12184599 0.19019783],[0.01568674 0.03964842 0.07019248 0.12786756],[13.682667 24.316383 37.128273 58.883427],[ 4.7665267 12.29271   23.565943  47.46464  ],[8.284503  8.269571  8.2514105 8.222184 ],[0.21288347 0.2531524  0.29540423 0.3406416 ],[8.315765 8.314188 8.310797 8.306976],[0.20739509 0.2451768  0.28654093 0.3257228 ]
DDK8,D,4e-07,24,True,False,TDD,vanilla,5,[0.04988644 0.08476622 0.1334422  0.21155769],[0.01605874 0.04207686 0.07667881 0.14494134],[14.629656 25.026375 39.585636 63.007137],[ 4.4176354 12.453117  22.968534  47.80385  ],[8.26082  8.247487 8.227981 8.20196 ],[0.24805635 0.2769038  0.3077935  0.3410952 ],[8.2942295 8.294001  8.29249   8.29053  ],[0.24053971 0.2657455  0.29513124 0.32629207]
DDK8,D,4e-07,27,True,False,TDD,vanilla,5,[0.04541994 0.07602017 0.12228938 0.18840547],[0.01692054 0.04313624 0.07596266 0.14682315],[13.146697 22.29339  36.16087  55.93178 ],[ 4.4157453 13.127824  24.144289  42.945435 ],[8.250706 8.242534 8.225217 8.198954],[0.25303835 0.26434454 0.28289524 0.31475428],[8.284804 8.288184 8.289756 8.287945],[0.24599674 0.25614992 0.27404147 0.30254942]
DDK8,D,4e-07,33,True,False,TDD,vanilla,5,[0.05061003 0.07642641 0.12969372 0.2355855 ],[0.0215705  0.04242243 0.07678777 0.18442902],[14.722329 22.210415 38.648182 72.172714],[ 6.407993 13.143638 25.50182  61.66391 ],[8.244563 8.231235 8.217013 8.194843],[0.30334032 0.32635486 0.3480625  0.36606142],[8.283479 8.285306 8.291762 8.302665],[0.29424185 0.31225926 0.32923257 0.3390499 ]
DDK8,D,4e-07,36,True,False,TDD,vanilla,5,[0.05722536 0.08178283 0.15515651 0.25094742],[0.0240922  0.04886902 0.13092011 0.16465539],[15.8271055 22.68836   43.862625  72.510895 ],[ 6.090906 12.530043 36.35522  50.67374 ],[8.182111 8.170635 8.156249 8.121126],[0.3153097  0.34746084 0.37582564 0.45532736],[8.223469 8.229465 8.240253 8.252065],[0.30499366 0.32756943 0.34636486 0.3621993 ]
DDK8,D,4e-07,42,True,False,TDD,vanilla,5,[0.05406654 0.088604   0.17956504 0.23766491],[0.02348821 0.0617731  0.12257739 0.15704057],[15.602278 25.337103 51.46762  68.56842 ],[ 5.8359666 16.15638   33.845314  43.891132 ],[8.2540045 8.218965  8.177749  8.131801 ],[0.2684006  0.29289386 0.30982926 0.33252218],[8.293684 8.277752 8.263025 8.253034],[0.2600928  0.2811057  0.29591087 0.3149146 ]
DDK8,A,5e-08,3,True,False,TDD,vanilla,10,[0.02327948 0.04977607 0.09192861 0.15253156],[0.01361462 0.03794706 0.06796807 0.09954936],[ 5.088552 11.385005 21.951162 37.34816 ],[ 2.9808805  8.971569  17.64738   26.525084 ],[8.228226 8.228335 8.22508  8.218433],[0.36631855 0.38186255 0.39982262 0.4200005 ],[8.233838 8.237641 8.241822 8.246357],[0.36562672 0.3805851  0.39700893 0.4147793 ]
DDK8,A,5e-08,6,True,False,TDD,vanilla,10,[0.03501954 0.08089345 0.141346   0.22072752],[0.01898055 0.04603744 0.08324116 0.1257686 ],[ 7.9217863 18.877718  34.287163  53.739555 ],[ 4.3193207 11.814401  21.839653  33.62358  ],[8.272632 8.2644   8.247728 8.219927],[0.44475555 0.48510122 0.52896035 0.57889074],[8.28204  8.2848   8.287399 8.290143],[0.44220755 0.47809482 0.5148415  0.55173457]
DDK8,A,5e-08,9,True,False,TDD,vanilla,10,[0.04969268 0.12250897 0.19342527 0.28756583],[0.03185372 0.09950387 0.1429315  0.22488913],[ 9.818946 23.198486 38.135605 57.175255],[ 4.621106 12.376    21.12844  36.296795],[8.218987 8.188016 8.147697 8.088056],[0.55340546 0.61365014 0.6803411  0.75900924],[8.232175 8.218963 8.206256 8.19461 ],[0.5494946  0.6048245  0.66238713 0.7200331 ]
DDK8,A,5e-08,12,True,False,TDD,vanilla,10,[0.05470097 0.14409417 0.23785093 0.3706819 ],[0.0377474  0.14089893 0.2426409  0.3613032 ],[ 9.6679325 22.965916  41.53087   68.41088  ],[ 5.1495996 13.994258  26.91652   48.269352 ],[8.151491  8.119674  8.074435  7.9882374],[0.57516026 0.6565321  0.7467646  0.8569873 ],[8.1713705 8.169162  8.165635  8.1618185],[0.5680532  0.6353437  0.7046337  0.77285534]
DDK8,A,5e-08,15,True,False,TDD,vanilla,10,[0.06805091 0.17262076 0.27503246 0.46846712],[0.06189076 0.21468788 0.25671443 0.4979227 ],[12.142518 29.471392 53.511635 86.28152 ],[ 6.3390846 18.386673  40.124542  78.73628  ],[8.201836 8.159315 8.104212 7.980756],[0.731319   0.82110083 0.92409277 1.0700378 ],[8.229278 8.228537 8.234898 8.246084],[0.716445   0.7802941  0.83712816 0.889672  ]
DDK8,A,5e-08,18,True,False,TDD,vanilla,10,[0.09676494 0.22695632 0.39262462 0.68644243],[0.09949801 0.26401994 0.44782695 0.8862237 ],[13.266537 31.460726 57.95787  99.50085 ],[ 6.4490314 19.940977  45.25197   83.322655 ],[8.126462  8.072421  7.989909  7.8171306],[0.84349906 0.928889   1.0397161  1.2265575 ],[8.165414 8.166351 8.164887 8.15692 ],[0.8150258 0.8670547 0.9366969 1.025056 ]
DDK8,A,5e-08,21,True,False,TDD,vanilla,10,[0.08991892 0.21543476 0.33556977 0.5714559 ],[0.0694285  0.21646887 0.27589053 0.396957  ],[ 14.083796  33.301258  57.39189  112.83318 ],[ 7.01452  21.623213 42.544086 79.82672 ],[8.05626   7.970194  7.8585663 7.6353645],[0.9172537  0.99459136 1.0791692  1.2248942 ],[8.097888  8.0776415 8.057297  8.0439825],[0.8918794  0.9238005  0.95249516 0.97904676]
DDK8,A,5e-08,24,True,False,TDD,vanilla,10,[0.10392332 0.22372805 0.4097044  0.58003646],[0.10521145 0.26366594 0.45808563 0.43603343],[ 16.598719  33.687252  71.72464  131.05777 ],[ 10.101102  26.462278  66.61812  109.73273 ],[8.200549  8.117277  7.9610515 7.643221 ],[0.80082965 0.8907385  1.0064061  1.3002834 ],[8.248478 8.227171 8.202078 8.1868  ],[0.7698817  0.82811874 0.88698286 0.9156224 ]
DDK8,A,5e-08,27,True,False,TDD,vanilla,10,[0.12223407 0.26425123 0.45647418 0.77925026],[0.1123344  0.23214446 0.40427542 0.7818192 ],[ 18.076666  42.573803  82.25668  138.39008 ],[ 10.903038  33.125256  69.06741  124.015236],[8.021042 7.924567 7.752079 7.42991 ],[0.84051865 0.92789733 1.0668639  1.3078105 ],[8.073305 8.057036 8.035699 8.017298],[0.81447893 0.87702554 0.95565355 1.0139018 ]
DDK8,A,5e-08,33,True,False,TDD,vanilla,10,[0.18661824 0.38390654 0.7034479  0.8224025 ],[0.24496482 0.5666727  0.8968092  0.641905  ],[ 22.78277  53.91092 115.36777 183.34334],[ 14.125247  48.587708 102.51098  173.1776  ],[8.101934  7.9738135 7.6538606 7.3104   ],[1.0115008 1.1634144 1.4232316 1.4692361],[8.180847  8.193614  8.203002  8.1704445],[0.9456215  0.95782167 0.92753166 0.9645922 ]
DDK8,A,5e-08,36,True,False,TDD,vanilla,10,[0.21095644 0.47229177 1.0687999  1.1333278 ],[0.2820402 0.5737534 1.9243613 1.0313658],[ 24.178608  62.48052  132.68411  223.25653 ],[ 13.587342  51.31792  113.443085 174.6036  ],[7.9996343 7.809903  7.3869767 6.8343396],[0.91183454 1.0881646  1.4561929  1.6607506 ],[8.093336 8.087319 8.075918 8.088953],[0.84122604 0.8823591  0.96047276 0.99210644]
DDK8,A,5e-08,42,True,False,TDD,vanilla,10,[0.25362512 0.5447406  0.79197764 1.1563396 ],[0.26343137 0.6049075  0.60343    1.0428951 ],[ 28.071726  77.79238  146.74298  218.46    ],[ 20.808352  63.130077 117.87584  161.12225 ],[7.695775  7.449131  7.0611157 6.6729264],[1.1437227 1.3735973 1.5872571 1.491334 ],[7.833758 7.885902 7.919857 7.917343],[1.0413706 1.023846  1.0217247 1.0423343]
DDK8,A,2e-07,3,True,False,TDD,vanilla,10,[0.02528518 0.04971179 0.08648832 0.13627528],[0.01359128 0.03767908 0.06686846 0.09410886],[ 5.4709783 11.527567  20.764221  34.181778 ],[ 3.2456706 10.043376  17.88073   25.350965 ],[8.118314 8.117056 8.112234 8.104189],[0.6306427  0.6349284  0.64077985 0.64798963],[8.130689 8.134304 8.138219 8.142409],[0.6257091 0.6282687 0.6312905 0.6347323]
DDK8,A,2e-07,6,True,False,TDD,vanilla,10,[0.03378201 0.07611675 0.1328127  0.19943246],[0.02106464 0.06294073 0.10873183 0.15708461],[ 7.9663677 18.536715  33.805164  52.439342 ],[ 4.784615 14.227632 26.652166 37.889126],[8.260716 8.255562 8.244529 8.226504],[0.6070567  0.62797135 0.6539385  0.6878147 ],[8.274826 8.279523 8.284403 8.289545],[0.6015826  0.61828643 0.63822275 0.6610321 ]
DDK8,A,2e-07,9,True,False,TDD,vanilla,10,[0.0402859  0.08553242 0.13235791 0.19676946],[0.02270993 0.05560386 0.08831435 0.12564373],[ 8.962857 19.763842 31.432222 47.978226],[ 4.271309 11.943132 22.074741 35.382477],[8.193945 8.188087 8.172054 8.138166],[0.68047166 0.70637095 0.73809314 0.78794086],[8.212872 8.222125 8.22945  8.234579],[0.6716166  0.6904289  0.7124399  0.73767006]
DDK8,A,2e-07,12,True,False,TDD,vanilla,10,[0.05379549 0.11767241 0.18525593 0.26898947],[0.0352435  0.10575493 0.14851421 0.17532243],[10.187996 21.721743 35.698666 55.425415],[ 4.155819 12.911146 26.522932 45.351433],[8.089286  8.041047  7.978378  7.8953013],[0.7422391 0.795352  0.8643567 0.9485334],[8.118894 8.099322 8.080267 8.061373],[0.72288525 0.7593847  0.79724795 0.8372211 ]
DDK8,A,2e-07,15,True,False,TDD,vanilla,10,[0.06835055 0.15347649 0.25032333 0.38227177],[0.05799384 0.1555931  0.26531386 0.34716073],[10.661949 22.787592 40.167618 68.092384],[ 4.3039594 12.15512   27.094574  53.135777 ],[7.920096  7.8657374 7.79601   7.6791286],[0.8368771 0.914355  1.0031592 1.1190785],[7.960368 7.953955 7.952423 7.9545  ],[0.8137213 0.856927  0.8997762 0.942242 ]
DDK8,A,2e-07,18,True,False,TDD,vanilla,10,[0.06544968 0.1458931  0.25642562 0.43787357],[0.04515096 0.13162819 0.2718482  0.47800437],[11.900984 25.217216 45.499718 76.62559 ],[ 4.1124578 11.8187    28.30461   53.47063  ],[8.087009  8.02145   7.9272375 7.756759 ],[0.8326598 0.9009516 0.9918235 1.1551855],[8.126295 8.107923 8.089695 8.074124],[0.8090824  0.8441579  0.88169974 0.92264533]
DDK8,A,2e-07,21,True,False,TDD,vanilla,10,[0.07756077 0.1582008  0.29709718 0.5024416 ],[0.05076744 0.11492357 0.29633036 0.38421783],[ 13.548683  27.33416   51.3433   101.04901 ],[ 4.4154906 12.934983  31.739925  61.761883 ],[8.061446  8.004256  7.9089704 7.709508 ],[0.87978077 0.9383143  1.0265429  1.1688093 ],[8.111541 8.108097 8.098149 8.079145],[0.84507656 0.87269056 0.9155379  0.9743686 ]
DDK8,A,2e-07,24,True,False,TDD,vanilla,10,[0.08938787 0.17736013 0.32354236 0.5536193 ],[0.09145078 0.18897596 0.259233   0.46110702],[ 14.373574  28.506636  60.932163 117.95181 ],[ 5.549678 17.645449 36.63485  81.30224 ],[8.046084 7.950957 7.808338 7.570341],[0.8695418 0.9953691 1.1410997 1.3335756],[8.102798 8.079458 8.073869 8.082761],[0.8285165 0.893055  0.9226012 0.9377865]
DDK8,A,2e-07,27,True,False,TDD,vanilla,10,[0.07942201 0.18017863 0.3495602  0.5547841 ],[0.055388   0.15805005 0.28261214 0.44143757],[ 14.074937  32.552128  67.05307  116.1402  ],[  5.78887   26.787222  61.37763  110.65336 ],[8.056993  7.9570055 7.784715  7.46656  ],[0.8217708  0.91787213 1.0537556  1.3043948 ],[8.11104  8.084653 8.048851 8.015041],[0.78864    0.83198315 0.884727   0.9329143 ]
DDK8,A,2e-07,33,True,False,TDD,vanilla,10,[0.10096839 0.26046887 0.51569116 0.7383036 ],[0.07258514 0.20106782 0.41222367 0.4384642 ],[ 18.580578  51.943237 113.72008  177.74986 ],[  9.713634  45.628567 101.67669  160.4761  ],[8.1482935 8.026827  7.7560368 7.301236 ],[0.85271686 0.95274687 1.1492041  1.4590985 ],[8.216682  8.2085085 8.163704  8.084707 ],[0.8136454 0.8615523 0.9495743 1.0525955]
DDK8,A,2e-07,36,True,False,TDD,vanilla,10,[0.12129207 0.2981826  0.6663192  0.9364922 ],[0.09407783 0.3081363  0.8102976  0.65095043],[ 20.177866  50.577553 119.107605 214.31389 ],[ 10.773603  41.750153  99.90757  173.968   ],[7.9935017 7.826627  7.495516  7.1497655],[0.8813624 1.0191436 1.3016397 1.3808647],[8.077505 8.06925  8.089985 8.128924],[0.82759804 0.8323908  0.8334932  0.87066954]
DDK8,A,2e-07,42,True,False,TDD,vanilla,10,[0.1493884  0.42551085 0.73393816 0.97947663],[0.11994404 0.5279775  0.66024876 0.6865434 ],[ 23.600698  64.142654 132.43463  207.64124 ],[ 20.315716  65.561325 160.09744  173.7999  ],[7.8184757 7.537506  7.149148  6.806897 ],[1.0279969 1.2678118 1.445688  1.4961616],[7.927911  7.910005  7.917583  7.9121513],[0.96075475 0.9710648  0.9386558  0.9704687 ]
DDK8,A,4e-07,3,True,False,TDD,vanilla,10,[0.02796702 0.05496123 0.09616774 0.14933091],[0.01328802 0.03996187 0.07674991 0.11267773],[ 7.7053847 15.449571  27.243458  42.8832   ],[ 3.7497563 11.6904955 22.770536  34.339535 ],[8.122954  8.114882  8.1027775 8.086557 ],[0.34225538 0.35126522 0.3621919  0.37556866],[8.140506 8.137633 8.134504 8.131127],[0.34248444 0.35056454 0.35972664 0.36985973]
DDK8,A,4e-07,6,True,False,TDD,vanilla,10,[0.03742269 0.07898202 0.13015725 0.1817382 ],[0.01539377 0.04367756 0.07616025 0.10433745],[ 9.974229 21.173803 35.347366 49.69122 ],[ 4.3560357 12.339178  22.02271   30.87935  ],[8.153645 8.14348  8.125716 8.100455],[0.39188692 0.4229551  0.45796168 0.4966384 ],[8.176272 8.178738 8.180604 8.181811],[0.39123917 0.4205529  0.45303023 0.4878832 ]
DDK8,A,4e-07,9,True,False,TDD,vanilla,10,[0.04411704 0.09040356 0.13617498 0.1918725 ],[0.01785392 0.04820777 0.07877583 0.10997783],[11.588763 23.55476  35.62635  51.279835],[ 4.3420434 10.673602  19.531435  30.371595 ],[8.155961 8.136065 8.108445 8.070597],[0.4805638  0.5266417  0.57274306 0.629758  ],[8.184002 8.182483 8.180069 8.177103],[0.4719663  0.5057804  0.54053843 0.5759417 ]
DDK8,A,4e-07,12,True,False,TDD,vanilla,10,[0.04912727 0.093378   0.1464564  0.22490618],[0.01913186 0.04615467 0.07973309 0.12302745],[12.501822 23.603819 37.64033  59.53208 ],[ 4.3824687 11.239912  21.802498  33.525524 ],[8.120555 8.096021 8.059667 7.988168],[0.5825421  0.638721   0.69758725 0.7731776 ],[8.15235  8.154115 8.15547  8.156445],[0.5726108  0.6156969  0.65478444 0.68982166]
DDK8,A,4e-07,15,True,False,TDD,vanilla,10,[0.05619919 0.11228081 0.18314275 0.2800561 ],[0.02874991 0.06515025 0.11314286 0.15485683],[12.5739975 24.538591  41.929302  66.96497  ],[ 4.451384 10.074893 23.00906  43.962784],[8.027757  7.9997315 7.9580507 7.8773417],[0.585573   0.6432092  0.7103862  0.79515064],[8.066401 8.071935 8.077987 8.082911],[0.5711157  0.6151953  0.66565377 0.7195561 ]
DDK8,A,4e-07,18,True,False,TDD,vanilla,10,[0.06197348 0.12557136 0.2229243  0.36905217],[0.02921792 0.07715278 0.13997813 0.24178433],[ 14.169992  29.613836  57.914616 104.373024],[ 4.841028 13.918709 39.82924  82.33728 ],[8.048072 8.037919 8.004344 7.898897],[0.6376228  0.7059651  0.7946622  0.91492575],[8.09442  8.127554 8.160606 8.190095],[0.6232103  0.6795312  0.74975705 0.8271956 ]
DDK8,A,4e-07,21,True,False,TDD,vanilla,10,[0.07062227 0.13932474 0.24800463 0.42007115],[0.04046461 0.09490224 0.16921832 0.2584086 ],[ 14.897787  29.950085  58.181156 109.127464],[ 5.0247583 15.893262  45.58842   82.09492  ],[7.9673285 7.949359  7.8876863 7.734308 ],[0.6991631  0.77471584 0.8834865  1.0226676 ],[8.028134 8.068816 8.101429 8.12289 ],[0.67326814 0.7159541  0.7663214  0.81699765]
DDK8,A,4e-07,24,True,False,TDD,vanilla,10,[0.07823117 0.16106577 0.31965348 0.54594576],[0.04507783 0.105531   0.20993495 0.3004219 ],[ 14.7163725  28.699726   57.98214   107.61835  ],[ 5.121818 13.898218 36.176758 68.86182 ],[7.8652534 7.7535677 7.579398  7.251873 ],[0.7749236  0.88394284 1.0321486  1.2832165 ],[7.927203  7.8822603 7.847619  7.832544 ],[0.74526685 0.8172085  0.8804765  0.9221472 ]
DDK8,A,4e-07,27,True,False,TDD,vanilla,10,[0.08584276 0.19173105 0.3758702  0.57180375],[0.05491504 0.15644611 0.32145667 0.4043225 ],[ 17.10688   38.377186  81.74911  142.26134 ],[  6.702095  26.981829  71.32324  128.63785 ],[7.9182954 7.827802  7.6453953 7.4181647],[0.7430255  0.83044535 0.9833624  1.1411203 ],[7.9919696 7.989279  7.998762  8.014314 ],[0.70994437 0.749423   0.7883426  0.81563747]
DDK8,A,4e-07,33,True,False,TDD,vanilla,10,[0.11209581 0.27481818 0.55034655 0.7401461 ],[0.1088026  0.23438574 0.48935226 0.50679874],[ 19.576359  49.5498   107.39344  174.9525  ],[  7.544154  37.764225  80.13994  133.57655 ],[7.90892   7.7362275 7.4423485 7.0859594],[0.7506757  0.90427566 1.1460564  1.3654864 ],[7.995203  7.9802413 7.973531  7.9859047],[0.70891154 0.7746805  0.8564755  0.92781574]
DDK8,A,4e-07,36,True,False,TDD,vanilla,10,[0.09811786 0.21852995 0.4497167  0.6991716 ],[0.0580495  0.13590673 0.27921474 0.39958474],[ 20.929985  47.407494 100.77012  162.99773 ],[ 8.155533 28.312675 66.04505  97.82403 ],[8.025139  7.8894615 7.5906353 7.091007 ],[0.87572104 0.93788844 1.0820769  1.3484309 ],[8.108352 8.090845 8.035079 7.95603 ],[0.8385771  0.8493455  0.87210375 0.9073687 ]
DDK8,A,4e-07,42,True,False,TDD,vanilla,10,[0.14971022 0.37139088 0.6662897  0.9040835 ],[0.12406233 0.2499461  0.37906513 0.48817968],[ 25.425104  80.017044 169.22607  253.83687 ],[ 12.161902  58.662643 132.90463  177.4151  ],[7.7991724 7.6548004 7.293377  6.914133 ],[0.8767954 0.9795281 1.1699493 1.3638308],[7.9211125 8.026638  8.094642  8.118456 ],[0.81548744 0.8076006  0.8508136  0.89531356]
DDK8,C,5e-08,3,True,False,TDD,vanilla,10,[0.02970907 0.06333289 0.11559261 0.18999588],[0.01604896 0.04547037 0.08216333 0.13004935],[ 6.186657 13.705034 26.203728 43.96305 ],[ 3.1772444  9.837448  19.802553  30.209808 ],[8.31576  8.307047 8.29045  8.263333],[0.20049006 0.21342419 0.22994284 0.25142276],[8.326575 8.326315 8.326018 8.325577],[0.19877578 0.20899162 0.22026956 0.2324996 ]
DDK8,C,5e-08,6,True,False,TDD,vanilla,10,[0.04708681 0.11116995 0.19494241 0.2961206 ],[0.02447304 0.07418168 0.13476461 0.18790025],[ 8.726403 20.35772  37.003494 59.544018],[ 3.6237917 10.126114  19.393393  31.739891 ],[8.211292 8.179444 8.131285 8.054202],[0.30232406 0.3273378  0.35762838 0.39856493],[8.230418 8.22319  8.218066 8.215206],[0.29918042 0.32049295 0.3425427  0.3658508 ]
DDK8,C,5e-08,9,True,False,TDD,vanilla,10,[0.0597028  0.16615228 0.2501775  0.37784493],[0.03639661 0.18668234 0.18958955 0.2399439 ],[10.625649 25.41829  48.72932  79.78107 ],[ 3.7925262 11.358937  25.486326  46.111145 ],[8.229148  8.187549  8.105866  7.9620166],[0.39907685 0.44526953 0.50381833 0.5914391 ],[8.254384 8.254124 8.254158 8.25498 ],[0.39488202 0.43240994 0.46764877 0.49863467]
DDK8,C,5e-08,12,True,False,TDD,vanilla,10,[0.06906888 0.17308645 0.32694253 0.49787098],[0.06492799 0.12970896 0.22530209 0.28641447],[ 12.024327  31.787823  66.52803  108.99302 ],[ 4.800267 19.155333 46.225933 74.74108 ],[8.25521   8.174871  8.006329  7.7493606],[0.4186466  0.46669593 0.5740537  0.7744732 ],[8.288876  8.277489  8.269999  8.2660885],[0.40042427 0.41886386 0.44892526 0.4908567 ]
DDK8,C,5e-08,15,True,False,TDD,vanilla,10,[0.08112124 0.2333186  0.43246785 0.5680487 ],[0.04904877 0.1701512  0.36161843 0.3311903 ],[ 14.278492  43.40367   87.232735 135.51833 ],[ 7.10601  30.785898 63.448334 92.97589 ],[8.245352  8.152769  7.9460626 7.675672 ],[0.4104213  0.47608027 0.68489754 0.98123217],[8.284434 8.291013 8.302465 8.324361],[0.4031638  0.44232005 0.4866336  0.5346952 ]
DDK8,C,5e-08,18,True,False,TDD,vanilla,10,[0.13930926 0.3601452  0.5962973  0.7744438 ],[0.1272057  0.29012695 0.40121308 0.4066968 ],[ 19.855387  66.86652  122.354706 170.6787  ],[ 12.224929  52.164913  93.460106 123.660194],[8.120843  7.878114  7.4582305 6.994762 ],[0.57019645 0.7733627  1.0997535  1.3318614 ],[8.200162 8.199213 8.199512 8.190836],[0.5350562  0.57275265 0.58666337 0.60950494]
DDK8,C,5e-08,21,True,False,TDD,vanilla,10,[0.149934   0.38314766 0.62075895 0.8414585 ],[0.11428062 0.27849004 0.41595334 0.41905373],[ 24.458    76.29551 130.58786 195.33348],[ 15.880804  63.31867   99.46866  122.99792 ],[8.180301 7.890764 7.45774  6.97823 ],[0.52959543 0.77697414 1.2094917  1.5069396 ],[8.273708 8.270968 8.278294 8.289778],[0.4893335 0.5536807 0.6028044 0.6329883]
DDK8,C,5e-08,24,True,False,TDD,vanilla,10,[0.17700958 0.43935555 0.67652494 0.8170687 ],[0.1539039  0.3382792  0.42445636 0.42109784],[ 29.615156  85.59508  145.47511  204.40968 ],[ 23.05334  66.69338 103.01748 139.39377],[8.1105385 7.721926  7.356022  6.797753 ],[0.6103045 1.0328294 1.0996722 1.6070148],[8.232507 8.229933 8.229175 8.226252],[0.56549513 0.60039735 0.6194327  0.6659933 ]
DDK8,C,5e-08,27,True,False,TDD,vanilla,10,[0.25498822 0.51857203 0.7943657  0.90250534],[0.3256304  0.37576318 0.49815837 0.4878375 ],[ 36.44971  97.49284 155.76805 205.31293],[ 29.855165  77.723236 101.409225 115.62506 ],[7.9834857 7.4866943 7.063654  6.690528 ],[0.6969186 1.2190918 1.3248019 1.5547526],[8.173424 8.189116 8.193333 8.201783],[0.5681614  0.57618004 0.5760544  0.6105042 ]
DDK8,C,5e-08,33,True,False,TDD,vanilla,10,[0.3348717 0.7114677 0.9377081 1.0948169],[0.36546707 0.62300205 0.60101134 0.5870679 ],[ 56.180927 132.05945  197.66928  254.28804 ],[ 52.496925  96.825615 130.16208  147.94162 ],[7.8773656 7.2481585 6.796606  6.400083 ],[0.7280044 1.2264766 1.3575789 1.4603106],[8.163975 8.166744 8.197453 8.228497],[0.55520767 0.59197205 0.6344895  0.69245917]
DDK8,C,5e-08,36,True,False,TDD,vanilla,10,[0.4954993  0.96524096 1.1750199  1.2619517 ],[0.39087   0.6260272 0.7146267 0.6608121],[ 84.954666 183.10657  245.61594  287.7442  ],[ 72.647835 123.153854 140.58208  150.95444 ],[7.7268414 6.8449464 6.2219996 5.867168 ],[0.8578487 1.4259509 1.544618  1.4895334],[8.201372 8.212413 8.186459 8.202197],[0.5879251 0.6015146 0.5885965 0.6164567]
DDK8,C,5e-08,42,True,False,TDD,vanilla,10,[0.7534095 0.945991  1.1707915 1.1708539],[1.1578057 0.7773353 0.6556498 0.5812104],[119.518135 171.7757   217.39389  272.523   ],[120.10663  113.521355 115.83046  171.10242 ],[7.290359  6.678217  6.1692224 5.7005334],[1.3131024 1.5446941 1.6516473 1.8505496],[8.154698 8.128567 8.085518 8.078484],[0.6038881  0.6198292  0.71537834 0.8178851 ]
DDK8,C,2e-07,3,True,False,TDD,vanilla,10,[0.02559534 0.05187038 0.09392998 0.1497882 ],[0.01144345 0.03305334 0.0636792  0.09247097],[ 6.576649 13.821125 25.36528  41.19484 ],[ 2.9986708  9.245782  18.007273  26.607254 ],[8.255531 8.245536 8.227059 8.20081 ],[0.1661868  0.17913455 0.19448829 0.212726  ],[8.269406 8.268143 8.26673  8.265156],[0.16525045 0.17695566 0.18965855 0.20317249]
DDK8,C,2e-07,6,True,False,TDD,vanilla,10,[0.03631756 0.08021412 0.14188448 0.21565251],[0.01251133 0.03486369 0.0673736  0.1073897 ],[ 9.472947 21.304401 38.039932 58.092148],[ 3.4339023  9.77069   19.10294   30.203707 ],[8.265419 8.231935 8.178064 8.098484],[0.24227427 0.2724541  0.31285372 0.3739605 ],[8.289013 8.28343  8.278104 8.273454],[0.23840481 0.2612574  0.2851649  0.3086477 ]
DDK8,C,2e-07,9,True,False,TDD,vanilla,10,[0.04482385 0.09819113 0.1720024  0.26996532],[0.01457214 0.03886738 0.07918092 0.12619507],[11.106401 24.70617  44.24424  71.83997 ],[ 2.915997  8.330413 19.721235 35.135372],[8.23579  8.199905 8.132578 8.022495],[0.30722693 0.35444963 0.41029176 0.4868367 ],[8.265249 8.267987 8.272074 8.276913],[0.30145794 0.33881113 0.3764504  0.4147206 ]
DDK8,C,2e-07,12,True,False,TDD,vanilla,10,[0.04950793 0.12383382 0.23922691 0.37684575],[0.01877978 0.06751504 0.1544002  0.2188049 ],[ 12.2292595  30.904078   61.545975  102.01669  ],[ 4.198909 16.281473 38.692966 67.60501 ],[8.238515 8.168548 8.023647 7.807802],[0.3557952  0.42090422 0.52430683 0.68436193],[8.275466 8.271283 8.26691  8.262678],[0.34935436 0.39719546 0.44388452 0.48593506]
DDK8,C,2e-07,15,True,False,TDD,vanilla,10,[0.06375956 0.17910065 0.33942696 0.5127664 ],[0.03006529 0.10683228 0.19514973 0.26022893],[ 15.178614  43.740128  88.21296  139.01553 ],[ 6.9834785 24.794773  52.009724  80.39729  ],[8.151485  8.02753   7.7802577 7.4264226],[0.4639626  0.543455   0.72642237 0.97987545],[8.207965 8.210038 8.215867 8.224112],[0.45113933 0.4856871  0.5191998  0.54643935]
DDK8,C,2e-07,18,True,False,TDD,vanilla,10,[0.07497305 0.21189596 0.38001406 0.54343253],[0.04883312 0.1473007  0.23877594 0.26631778],[ 17.36895   55.509476 108.924385 163.71034 ],[  9.459231  44.262814  94.348976 126.04308 ],[8.190393  8.031168  7.7226467 7.366656 ],[0.5169541 0.6174567 0.8589529 1.0658581],[8.257838 8.261139 8.260707 8.264115],[0.49564663 0.5484521  0.60611343 0.6623807 ]
DDK8,C,2e-07,21,True,False,TDD,vanilla,10,[0.08926769 0.25482354 0.42133185 0.59006655],[0.06410325 0.20008424 0.2756556  0.2657904 ],[ 21.912666  68.67282  121.24502  176.97928 ],[ 16.52959   61.721886  98.755295 109.41882 ],[8.15072   7.912689  7.5295687 7.2109113],[0.5064144  0.71107465 1.1309993  1.26313   ],[8.236614 8.255446 8.269096 8.275333],[0.48349896 0.5265164  0.5651753  0.60599506]
DDK8,C,2e-07,24,True,False,TDD,vanilla,10,[0.12250113 0.35551915 0.56595445 0.7704844 ],[0.0805153  0.21506536 0.27026075 0.29904392],[ 27.291122  89.435745 150.79555  211.7957  ],[ 18.713217  64.577545  97.91949  115.78636 ],[8.0084305 7.6535563 7.1862154 6.61167  ],[0.61384434 0.8135775  1.084265   1.4856045 ],[8.131182 8.132619 8.148181 8.162027],[0.5804273  0.61564034 0.6213094  0.64173055]
DDK8,C,2e-07,27,True,False,TDD,vanilla,10,[0.13110404 0.35978144 0.58443046 0.74236375],[0.08174092 0.22289583 0.30416277 0.32497844],[ 30.23128  89.11845 148.78677 193.7777 ],[ 19.183914  64.474625  93.464584 108.58702 ],[8.02615   7.640621  7.0762067 6.5842175],[0.5938182 0.8397711 1.2135901 1.442628 ],[8.16426  8.148859 8.14116  8.125651],[0.5455145  0.57448643 0.5996173  0.65095395]
DDK8,C,2e-07,33,True,False,TDD,vanilla,10,[0.2238864 0.5124122 0.7172374 0.8323323],[0.18671799 0.3384975  0.3820535  0.30495048],[ 48.919632 119.621506 175.39412  223.08647 ],[ 37.911358  86.096275 102.389915 120.998634],[7.87277   7.256979  6.7901387 6.4122686],[0.76854146 1.1730235  1.4403011  1.3557339 ],[8.134128 8.123875 8.132454 8.157437],[0.62713987 0.62046474 0.62091714 0.6189508 ]
DDK8,C,2e-07,36,True,False,TDD,vanilla,10,[0.21938217 0.51650506 0.68896616 0.82406145],[0.2369534  0.4665685  0.39078304 0.40832758],[ 52.41743 126.50203 177.24617 221.4657 ],[ 57.89809 102.83666  97.43834 110.05887],[7.982633  7.409548  6.9319463 6.5443616],[0.68396384 1.1704992  1.4398295  1.5102361 ],[8.223166 8.203659 8.193959 8.197771],[0.5721486  0.62228054 0.6435787  0.6443599 ]
DDK8,C,2e-07,42,True,False,TDD,vanilla,10,[0.33441794 0.61565477 0.8172019  1.0145372 ],[0.37690172 0.3806748  0.368306   0.48327258],[ 81.55074 155.69293 219.89067 281.6081 ],[124.47274  99.76571 126.44742 152.79892],[7.7203083 7.127446  6.6758103 6.2232537],[1.0534474 1.4226438 1.320749  1.2630337],[8.202137 8.208331 8.213117 8.186108],[0.62006235 0.64596266 0.66607225 0.7035478 ]
DDK8,C,4e-07,3,True,False,TDD,vanilla,10,[0.02697306 0.05275664 0.09467026 0.14830661],[0.01154201 0.03390441 0.06700522 0.09652112],[ 7.536835 15.220438 27.59118  43.79996 ],[ 3.580496 10.785861 21.133547 30.58703 ],[8.299192 8.292213 8.278194 8.257635],[0.18311886 0.1972743  0.21325816 0.2315516 ],[8.31983  8.321709 8.323363 8.324781],[0.1824369  0.19586535 0.21045375 0.22601187]
DDK8,C,4e-07,6,True,False,TDD,vanilla,10,[0.03741818 0.07841631 0.13656753 0.19870399],[0.01278724 0.03605885 0.06440691 0.0879605 ],[ 9.970943 21.313816 37.616116 55.47041 ],[ 3.8027396 10.59033   19.465714  27.48545  ],[8.2290535 8.20657   8.171361  8.127294 ],[0.26781648 0.2913294  0.3183209  0.34968287],[8.259438 8.260148 8.261916 8.265042],[0.26467186 0.2839932  0.30338576 0.3230583 ]
DDK8,C,4e-07,9,True,False,TDD,vanilla,10,[0.04528362 0.09301767 0.15595074 0.24009438],[0.01407309 0.03628622 0.06908203 0.10910782],[11.785366 24.293797 41.082733 63.49691 ],[ 3.592719  9.210087 19.18305  32.199406],[8.262349 8.220054 8.154732 8.056591],[0.34489492 0.3934381  0.4463947  0.5123575 ],[8.299542  8.2919655 8.284302  8.276176 ],[0.3363756  0.3739166  0.41209707 0.44999707]
DDK8,C,4e-07,12,True,False,TDD,vanilla,10,[0.05142298 0.11151008 0.20149648 0.32523984],[0.01573467 0.04527481 0.09165505 0.15039767],[13.21473  28.813122 53.210323 87.618614],[ 3.9557176 11.818792  25.98783   47.02275  ],[8.207861  8.150921  8.043812  7.8777556],[0.3738961  0.4200712  0.48519984 0.5851102 ],[8.254019 8.249561 8.239468 8.22615 ],[0.36668321 0.40296978 0.44160876 0.48203832]
DDK8,C,4e-07,15,True,False,TDD,vanilla,10,[0.05664194 0.13789877 0.26369557 0.40751588],[0.01902154 0.06528641 0.1365762  0.21503188],[ 14.825291  37.601524  76.0427   122.58565 ],[ 4.4788485 18.444519  47.271416  86.49714  ],[8.242914 8.162839 8.016979 7.744475],[0.3772699  0.45276108 0.55833787 0.7938139 ],[8.300738 8.310435 8.318503 8.321449],[0.36233523 0.4033232  0.448278   0.4995451 ]
DDK8,C,4e-07,18,True,False,TDD,vanilla,10,[0.07044439 0.18523291 0.32764587 0.48049733],[0.03546328 0.12317011 0.19986077 0.23743086],[ 17.50678   47.5926    90.591446 141.68759 ],[ 7.3261533 28.134176  54.39061   83.67033  ],[8.172094  8.037482  7.8036475 7.535898 ],[0.53598696 0.66882676 0.9215325  1.1009427 ],[8.245845 8.256775 8.268593 8.282536],[0.5129303  0.5608195  0.60647964 0.64250934]
DDK8,C,4e-07,21,True,False,TDD,vanilla,10,[0.09101184 0.24602951 0.41775352 0.6500746 ],[0.0543104  0.1585709  0.23292741 0.2739712 ],[ 21.495865  63.46903  115.54605  194.54797 ],[ 10.715365  43.046593  75.92859  107.44728 ],[8.1120615 7.9177284 7.6238747 7.1723137],[0.522972  0.66224   0.8954629 1.1635957],[8.208268 8.233376 8.263854 8.301309],[0.48909435 0.49843127 0.5081799  0.52443814]
DDK8,C,4e-07,24,True,False,TDD,vanilla,10,[0.10132712 0.27838022 0.47858098 0.6311063 ],[0.05783431 0.18509461 0.27002102 0.2610094 ],[ 24.39529   71.119705 126.03558  176.23125 ],[ 14.12647   55.222965  85.39718  105.10056 ],[8.119489  7.8761897 7.453341  7.0921006],[0.52661455 0.65251833 0.9979893  1.1518422 ],[8.224326 8.216809 8.205311 8.196901],[0.5019927  0.53854054 0.5763094  0.6127203 ]
DDK8,C,4e-07,27,True,False,TDD,vanilla,10,[0.11404426 0.28615615 0.45825833 0.6354574 ],[0.07128848 0.17544568 0.21333306 0.22566915],[ 29.30105   76.237015 124.961975 180.52641 ],[ 24.225855  59.560658  79.82516  103.25934 ],[8.085317  7.825369  7.538139  7.1570635],[0.545201   0.68946916 0.8524049  1.0059354 ],[8.212278 8.205426 8.209401 8.201062],[0.52702165 0.5741107  0.6127436  0.64407486]
DDK8,C,4e-07,33,True,False,TDD,vanilla,10,[0.1618403  0.36319554 0.5611885  0.72714895],[0.11222199 0.23059861 0.2892246  0.30463505],[ 38.38662   91.405785 144.6919   193.00963 ],[ 26.3475    62.963024  80.91589  101.62042 ],[8.000079  7.6558857 7.335816  6.9007964],[0.7273733 0.9993157 1.1366882 1.3785082],[8.183739 8.192224 8.175432 8.147135],[0.6432265  0.66101295 0.6978664  0.7402622 ]
DDK8,C,4e-07,36,True,False,TDD,vanilla,10,[0.19235845 0.4299563  0.6556131  0.77958757],[0.15490837 0.25789276 0.3214639  0.29298133],[ 47.659813 115.48121  180.71698  229.60736 ],[ 34.35468  71.60629  99.54797 116.07033],[8.044102  7.598482  7.0701594 6.77635  ],[0.7207128 1.0800642 1.4609078 1.4912997],[8.265757  8.2690735 8.257155  8.252183 ],[0.6276491  0.67769957 0.705928   0.7128718 ]
DDK8,C,4e-07,42,True,False,TDD,vanilla,10,[0.24638093 0.50376    0.6955708  0.89618754],[0.20043676 0.27799022 0.30888486 0.305347  ],[ 63.721878 133.83911  186.2368   254.59886 ],[ 63.67423   99.569885 100.53362  126.57972 ],[7.8836727 7.4296527 6.9723263 6.274505 ],[0.70708114 0.88211715 1.1577114  1.4004537 ],[8.192731 8.206451 8.21126  8.215601],[0.59920657 0.60754186 0.64400005 0.6513544 ]
DDK8,D,5e-08,3,True,False,TDD,vanilla,10,[0.01277104 0.03648844 0.06830451 0.11607978],[0.01282601 0.03974364 0.0698994  0.10527603],[ 3.7624166 10.770068  20.188118  34.35292  ],[ 3.7806892 11.703833  20.63324   31.00557  ],[8.295397 8.292091 8.287262 8.280324],[0.07525484 0.08085928 0.08703011 0.09368607],[8.299658 8.29858  8.297538 8.29653 ],[0.07468852 0.07996947 0.08556426 0.0913942 ]
DDK8,D,5e-08,6,True,False,TDD,vanilla,10,[0.01729983 0.0471391  0.08456439 0.13028613],[0.01377265 0.0392868  0.06859087 0.09069589],[ 5.161407 14.08887  25.300804 39.041706],[ 4.092628 11.631616 20.362206 27.164848],[8.306165 8.302345 8.29582  8.285401],[0.12064641 0.13338985 0.14688225 0.1621216 ],[8.311767 8.311415 8.310966 8.310436],[0.12025459 0.13231722 0.14488111 0.15781623]
DDK8,D,5e-08,9,True,False,TDD,vanilla,10,[0.02217947 0.05786749 0.09108821 0.1352434 ],[0.01302048 0.03652608 0.06301302 0.08908301],[ 6.601966 17.220192 27.025782 40.022453],[ 3.9292467 11.034289  19.030376  27.434715 ],[8.2911    8.281815  8.2685585 8.250155 ],[0.1328123  0.15392889 0.17701615 0.20258072],[8.297676 8.293371 8.288761 8.283954],[0.1321482  0.15266456 0.17479543 0.19807528]
DDK8,D,5e-08,12,True,False,TDD,vanilla,10,[0.02055713 0.05090238 0.08030844 0.12512465],[0.01168716 0.03620207 0.05881269 0.08322692],[ 5.9482746 14.727435  23.407482  36.431606 ],[ 3.2514424 10.206422  16.566208  23.741879 ],[8.27429  8.26457  8.249019 8.230165],[0.18809888 0.21336801 0.24076183 0.2708332 ],[8.282729 8.280233 8.277586 8.274747],[0.18684064 0.21076299 0.2355141  0.26066127]
DDK8,D,5e-08,15,True,False,TDD,vanilla,10,[0.02325086 0.05857215 0.10464693 0.15798226],[0.01246713 0.03678831 0.06855173 0.10154837],[ 6.760866 17.10466  30.601112 46.383842],[ 3.585448 10.69892  19.95423  30.317871],[8.2594795 8.247124  8.2301035 8.21139  ],[0.21122214 0.23191874 0.25303382 0.2752384 ],[8.270022 8.268729 8.268344 8.268918],[0.2086949  0.22577141 0.24269079 0.25992864]
DDK8,D,5e-08,18,True,False,TDD,vanilla,10,[0.02674389 0.06635308 0.11032341 0.17425884],[0.01374419 0.04337281 0.07249834 0.10845502],[ 7.671123 18.928581 31.245865 49.44666 ],[ 3.8729906 12.468064  20.702856  30.737555 ],[8.254908 8.228176 8.196221 8.157823],[0.23687829 0.2684214  0.3034019  0.34386873],[8.267819  8.256482  8.2475815 8.242658 ],[0.2351493 0.2640463 0.2919402 0.3160511]
DDK8,D,5e-08,21,True,False,TDD,vanilla,10,[0.02530599 0.06232382 0.11180339 0.19529195],[0.0117594  0.041058   0.07345817 0.1296988 ],[ 7.4023156 18.500063  33.45789   59.196327 ],[ 3.584029 13.230046 24.7897   43.702023],[8.262995 8.251647 8.232683 8.202055],[0.25381604 0.28788862 0.32928103 0.3828386 ],[8.27719   8.282884  8.2891655 8.295584 ],[0.25249338 0.2854534  0.32003936 0.35299757]
DDK8,D,5e-08,24,True,False,TDD,vanilla,10,[0.026865   0.06341213 0.11784621 0.18907565],[0.0149328  0.04558475 0.08213314 0.14177312],[ 7.733981 18.339054 34.79464  56.572807],[ 4.1477947 13.414326  26.744175  46.790462 ],[8.264629  8.241624  8.2071495 8.169211 ],[0.24890168 0.2782661  0.31063768 0.34071824],[8.280112  8.273623  8.264235  8.2512455],[0.24701582 0.27596948 0.30649292 0.3357034 ]
DDK8,D,5e-08,27,True,False,TDD,vanilla,10,[0.02964449 0.06834128 0.12791665 0.2234738 ],[0.01422178 0.04708227 0.09060802 0.19364378],[ 8.425307 19.107084 36.2705   65.82436 ],[ 3.923052 12.768899 24.793867 57.338573],[8.243782 8.226049 8.203093 8.171641],[0.30040115 0.32030162 0.3485927  0.39183912],[8.262777 8.265217 8.269065 8.273772],[0.2979555  0.3138878  0.33165452 0.3518799 ]
DDK8,D,5e-08,33,True,False,TDD,vanilla,10,[0.03234533 0.06582935 0.12728442 0.20146708],[0.01640314 0.04289027 0.0914019  0.12641637],[ 9.116432 18.286118 35.73342  58.6228  ],[ 4.7133613 12.581789  25.890617  41.336636 ],[8.213201 8.183747 8.154972 8.12145 ],[0.31713733 0.33668694 0.35212922 0.3614612 ],[8.235228 8.229521 8.229554 8.238303],[0.31300098 0.32693157 0.3373971  0.34345612]
DDK8,D,5e-08,36,True,False,TDD,vanilla,10,[0.03567028 0.06952903 0.13861993 0.23556872],[0.01969788 0.04523241 0.09558681 0.20071176],[10.686174 21.295315 42.45015  71.84708 ],[ 5.618595 15.228294 31.035051 56.11936 ],[8.311139  8.285985  8.2512245 8.210431 ],[0.2851017  0.30450937 0.32654285 0.35576662],[8.336734 8.337908 8.336387 8.332141],[0.27704263 0.29162735 0.30735877 0.3248851 ]
DDK8,D,5e-08,42,True,False,TDD,vanilla,10,[0.04051106 0.09028441 0.1661986  0.29439372],[0.02317635 0.06118523 0.10241877 0.20305677],[11.919001 27.089489 51.635445 92.97632 ],[ 6.8529463 19.14004   35.040943  66.88348  ],[8.259433 8.257343 8.237493 8.19561 ],[0.3063732  0.32092783 0.3448991  0.39520496],[8.291798 8.319096 8.342037 8.351114],[0.29859725 0.30620685 0.31966177 0.34217647]
DDK8,D,2e-07,3,True,False,TDD,vanilla,10,[0.01528705 0.03877218 0.07083511 0.11684725],[0.01232172 0.03750469 0.06564903 0.0968122 ],[ 4.5689287 11.6407175 21.292046  35.17954  ],[ 3.7068284 11.293408  19.732885  29.105719 ],[8.296845 8.295113 8.291512 8.286859],[0.05577738 0.06281926 0.0699973  0.07729019],[8.30472  8.305355 8.306001 8.306659],[0.05492547 0.06174164 0.06871933 0.07579485]
DDK8,D,2e-07,6,True,False,TDD,vanilla,10,[0.0215402  0.05184088 0.08922465 0.13478929],[0.01373437 0.03873275 0.068023   0.09129025],[ 6.4029546 15.42259   26.545767  40.130898 ],[ 4.067231 11.438804 20.180965 27.193789],[8.29541   8.2906475 8.283389  8.272865 ],[0.08443708 0.09579653 0.10732634 0.11986063],[8.304998 8.30393  8.302717 8.301365],[0.08359402 0.0947236  0.10591125 0.1170879 ]
DDK8,D,2e-07,9,True,False,TDD,vanilla,10,[0.03144912 0.07810894 0.11773284 0.1616589 ],[0.01310655 0.03808134 0.07007404 0.10100042],[ 9.391468 23.383884 35.40906  48.76537 ],[ 3.8885403 11.403975  21.371237  31.034657 ],[8.293401 8.288448 8.279998 8.268139],[0.12999396 0.14517671 0.16068812 0.17582053],[8.304958 8.305161 8.30541  8.30564 ],[0.12817776 0.14271183 0.15739685 0.17246187]
DDK8,D,2e-07,12,True,False,TDD,vanilla,10,[0.02578183 0.06032077 0.09598777 0.14279276],[0.01165249 0.03897612 0.06577776 0.10216863],[ 7.652839 17.863503 28.361721 42.01446 ],[ 3.2676663 11.045632  18.184845  27.299334 ],[8.301156 8.294945 8.284636 8.273872],[0.14441355 0.16731584 0.19148898 0.21558969],[8.313007 8.312093 8.310837 8.309354],[0.14296053 0.16523613 0.1881396  0.2113783 ]
DDK8,D,2e-07,15,True,False,TDD,vanilla,10,[0.02759531 0.06126051 0.09941397 0.14202294],[0.01171043 0.03650489 0.05844466 0.08417927],[ 8.121578 17.964777 29.362469 42.05613 ],[ 3.4014885 10.438382  17.080814  24.948881 ],[8.27856  8.26834  8.254535 8.237598],[0.18833274 0.21097453 0.23446105 0.25818184],[8.293565  8.2920685 8.2905855 8.289156 ],[0.18703032 0.20940296 0.23131841 0.25235698]
DDK8,D,2e-07,18,True,False,TDD,vanilla,10,[0.02888769 0.05949641 0.09369963 0.14299071],[0.01166855 0.03635518 0.05856347 0.08946899],[ 8.608536 17.786772 28.179075 43.385574],[ 3.5785317 11.224519  18.285034  27.563837 ],[8.28931  8.283127 8.272609 8.259671],[0.22382279 0.24563716 0.26645762 0.28537622],[8.305725 8.309488 8.312395 8.314784],[0.22037174 0.2390583  0.25812885 0.27720353]
DDK8,D,2e-07,21,True,False,TDD,vanilla,10,[0.02980153 0.06053107 0.09980626 0.1811304 ],[0.01413174 0.04120881 0.07035093 0.11249819],[ 8.550051 17.463692 29.397514 53.92043 ],[ 4.026349 12.065368 21.416368 34.691673],[8.246152 8.237855 8.22805  8.212018],[0.24909423 0.27092847 0.2893705  0.30876198],[8.264703 8.267769 8.272947 8.279535],[0.24443386 0.26372743 0.2798239  0.2931526 ]
DDK8,D,2e-07,24,True,False,TDD,vanilla,10,[0.0316328  0.06133104 0.10889025 0.1978569 ],[0.01371701 0.03932647 0.07475761 0.15425974],[ 9.228786 17.945053 32.614285 59.193893],[ 3.8987372 11.611318  23.624058  44.593426 ],[8.257561  8.248932  8.2386675 8.218374 ],[0.24614204 0.26576045 0.28393564 0.31204015],[8.277871 8.283131 8.289918 8.296556],[0.24175097 0.25661522 0.27360883 0.29408902]
DDK8,D,2e-07,27,True,False,TDD,vanilla,10,[0.0339717  0.06551102 0.11623518 0.18952443],[0.01296114 0.04195164 0.06890251 0.12980835],[ 9.797075 19.080105 33.654697 55.285484],[ 4.0308867 13.485128  21.862116  38.82489  ],[8.231296 8.217277 8.200666 8.181879],[0.26885182 0.2921122  0.32199597 0.35478222],[8.2537155 8.252774  8.254282  8.257275 ],[0.26518136 0.28589198 0.31270012 0.34290448]
DDK8,D,2e-07,33,True,False,TDD,vanilla,10,[0.03538043 0.06504017 0.12895423 0.20682374],[0.01583746 0.0391739  0.09133259 0.14674267],[10.435756 19.007198 38.37069  63.79747 ],[ 4.5913444 10.726821  26.524166  47.89153  ],[8.270517  8.256323  8.237162  8.2208395],[0.298115   0.30447608 0.3213593  0.33481318],[8.294483 8.296839 8.303677 8.315007],[0.29260948 0.29500195 0.30127394 0.31653824]
DDK8,D,2e-07,36,True,False,TDD,vanilla,10,[0.03786846 0.0719383  0.12627675 0.23912036],[0.01913733 0.05445521 0.09001255 0.17335215],[10.742673 20.025984 35.46954  69.77753 ],[ 5.3799844 14.534811  24.518877  58.003544 ],[8.227865 8.184008 8.135624 8.08605 ],[0.31310785 0.33998874 0.37223327 0.39354438],[8.254462  8.231821  8.213254  8.2022705],[0.30821246 0.33105987 0.3529215  0.36922216]
DDK8,D,2e-07,42,True,False,TDD,vanilla,10,[0.04059966 0.08717921 0.14324299 0.23605232],[0.02093389 0.05275582 0.08834784 0.1440595 ],[11.721784 25.524033 41.86257  71.251686],[ 5.8723755 16.886238  26.735445  47.621944 ],[8.242127 8.210471 8.176145 8.139358],[0.31939784 0.33771715 0.3549939  0.36417657],[8.275828 8.271634 8.268322 8.26755 ],[0.31351313 0.32876962 0.3366903  0.34487548]
DDK8,D,4e-07,3,True,False,TDD,vanilla,10,[0.02133491 0.04824423 0.08349571 0.12901717],[0.01438936 0.04128617 0.07303609 0.10479614],[ 6.309067 14.320949 24.804441 38.338474],[ 4.295694 12.36096  21.889492 31.435276],[8.281578 8.276151 8.268974 8.260616],[0.05501676 0.06328336 0.07170233 0.08006129],[8.293405 8.290766 8.28805  8.285257],[0.05372701 0.06171242 0.06978194 0.07790729]
DDK8,D,4e-07,6,True,False,TDD,vanilla,10,[0.02990489 0.06803554 0.11342468 0.16204977],[0.0162231  0.04448733 0.08009434 0.10941479],[ 8.887276 20.34727  34.05075  48.717926],[ 4.8474255 13.360985  24.341242  33.363487 ],[8.28817   8.285524  8.280718  8.2739105],[0.09945551 0.11352191 0.12714422 0.1404702 ],[8.302427 8.303819 8.305447 8.30732 ],[0.09781612 0.11133109 0.12449647 0.1372722 ]
DDK8,D,4e-07,9,True,False,TDD,vanilla,10,[0.03292894 0.07372646 0.11107197 0.15306836],[0.01366542 0.03467343 0.06342594 0.09333371],[ 9.856911 22.133726 33.421    46.151493],[ 4.0441804 10.326216  18.79449   27.452858 ],[8.29478  8.29287  8.288213 8.281986],[0.12496008 0.14398095 0.16287763 0.18137826],[8.310682 8.313534 8.316418 8.319339],[0.1229313  0.14134116 0.15957414 0.17754117]
DDK8,D,4e-07,12,True,False,TDD,vanilla,10,[0.03038359 0.06108578 0.09038871 0.1288471 ],[0.01348747 0.03505755 0.05600491 0.07712439],[ 9.070287 18.321058 27.250643 39.18235 ],[ 3.9674454 10.465862  17.053726  24.500431 ],[8.297748 8.293378 8.285968 8.274939],[0.15785359 0.17961775 0.20178826 0.22358227],[8.314311 8.315415 8.316559 8.31765 ],[0.15571669 0.17662454 0.19755578 0.21827404]
DDK8,D,4e-07,15,True,False,TDD,vanilla,10,[0.03358844 0.06503901 0.09620854 0.13200039],[0.01311561 0.03524727 0.05626463 0.08043652],[10.170155 19.967842 29.791197 41.287975],[ 4.0013666 11.262276  18.52307   26.62965  ],[8.311274  8.3078375 8.3015175 8.291945 ],[0.17789535 0.1976725  0.2174295  0.23697084],[8.331775 8.336437 8.340626 8.344339],[0.17464425 0.1934692  0.21228619 0.23092636]
DDK8,D,4e-07,18,True,False,TDD,vanilla,10,[0.03381065 0.06621739 0.10063832 0.13911425],[0.01374269 0.03909292 0.0591977  0.0881523 ],[ 9.981809 19.613852 29.769043 40.889294],[ 4.1631317 11.597842  17.8769    26.673647 ],[8.26528  8.25433  8.239918 8.223932],[0.19214709 0.2127705  0.23724894 0.2658062 ],[8.286208 8.283078 8.280533 8.278921],[0.19004631 0.20961969 0.23211282 0.2563469 ]
DDK8,D,4e-07,21,True,False,TDD,vanilla,10,[0.03735165 0.07061777 0.1100027  0.1787007 ],[0.01415693 0.03836375 0.06669538 0.12626475],[11.228746 21.34796  33.66132  55.641327],[ 4.258632 11.867555 22.433558 46.98001 ],[8.293095 8.280144 8.264883 8.238384],[0.21137947 0.25062123 0.29271004 0.33806813],[8.315765 8.314188 8.310797 8.306976],[0.20739509 0.2451768  0.28654093 0.3257228 ]
DDK8,D,4e-07,24,True,False,TDD,vanilla,10,[0.04091911 0.07364711 0.12005673 0.19808897],[0.01405173 0.03941804 0.07215859 0.14119947],[12.068674 21.872368 35.742783 59.0221  ],[ 4.122803 11.922473 21.883118 46.742973],[8.270313 8.259434 8.242717 8.221803],[0.24581042 0.2738075  0.3048126  0.33789647],[8.2942295 8.294001  8.29249   8.29053  ],[0.24053971 0.2657455  0.29513124 0.32629207]
DDK8,D,4e-07,27,True,False,TDD,vanilla,10,[0.03657883 0.06691888 0.11014768 0.17827238],[0.01559941 0.04165577 0.07269846 0.14045323],[10.611197 19.660246 32.703136 53.174683],[ 4.2912545 12.832824  23.391602  41.86419  ],[8.260187 8.253017 8.238817 8.216155],[0.25161266 0.2637114  0.28252763 0.3117277 ],[8.284804 8.288184 8.289756 8.287945],[0.24599674 0.25614992 0.27404147 0.30254942]
DDK8,D,4e-07,33,True,False,TDD,vanilla,10,[0.04188504 0.06808695 0.11894615 0.22369461],[0.01902995 0.04043642 0.07434447 0.17844273],[12.252842 19.903164 35.632526 68.73719 ],[ 5.885847 12.829868 25.16105  60.005543],[8.254117 8.241148 8.228962 8.210764],[0.30076835 0.32297465 0.3442393  0.36254093],[8.283479 8.285306 8.291762 8.302665],[0.29424185 0.31225926 0.32923257 0.3390499 ]
DDK8,D,4e-07,36,True,False,TDD,vanilla,10,[0.04778057 0.07180505 0.14456612 0.23649164],[0.02199146 0.04686852 0.12304498 0.15982163],[13.237199 19.922464 40.842144 68.466965],[ 5.619522 12.0587   33.89736  48.704758],[8.191848 8.182365 8.170162 8.13912 ],[0.31317845 0.34394458 0.3735532  0.47309747],[8.223469 8.229465 8.240253 8.252065],[0.30499366 0.32756943 0.34636486 0.3621993 ]
DDK8,D,4e-07,42,True,False,TDD,vanilla,10,[0.0454046  0.07921978 0.16943252 0.2289962 ],[0.02165435 0.05816371 0.1174927  0.15224627],[13.1071005 22.687172  48.71723   66.33693  ],[ 5.4655094 15.176474  32.78822   43.320175 ],[8.263202 8.229197 8.189912 8.146526],[0.26627403 0.29130608 0.308415   0.33158904],[8.293684 8.277752 8.263025 8.253034],[0.2600928  0.2811057  0.29591087 0.3149146 ]
DDK8,A,5e-08,3,True,False,TDD,vanilla,15,[0.01918893 0.04545804 0.08633492 0.14783604],[0.01218741 0.03661881 0.06428682 0.09376586],[ 4.407152  10.6943655 20.994968  36.717407 ],[ 2.757112  8.729327 16.946362 25.68536 ],[8.230344 8.231209 8.229115 8.224118],[0.36623147 0.38170162 0.3994524  0.41932285],[8.233838 8.237641 8.241822 8.246357],[0.36562672 0.3805851  0.39700893 0.4147793 ]
DDK8,A,5e-08,6,True,False,TDD,vanilla,15,[0.02926902 0.07320549 0.13130125 0.21089613],[0.0167941  0.04211464 0.07645695 0.1190751 ],[ 6.9121594 17.554077  32.45805   51.94895  ],[ 3.9992676 11.185692  20.762865  32.337673 ],[8.275547 8.268565 8.25382  8.228986],[0.44399494 0.48356092 0.5261638  0.5744897 ],[8.28204  8.2848   8.287399 8.290143],[0.44220755 0.47809482 0.5148415  0.55173457]
DDK8,A,5e-08,9,True,False,TDD,vanilla,15,[0.04145864 0.11414532 0.18189882 0.28235695],[0.02630355 0.09819964 0.14352803 0.24631925],[ 8.623351 21.83533  36.14102  55.59033 ],[ 4.284723 12.054646 20.576311 36.205326],[8.222402 8.192445 8.153308 8.095092],[0.55226815 0.61221576 0.6783047  0.7553486 ],[8.232175 8.218963 8.206256 8.19461 ],[0.5494946  0.6048245  0.66238713 0.7200331 ]
DDK8,A,5e-08,12,True,False,TDD,vanilla,15,[0.0476365  0.13700876 0.22685447 0.36396718],[0.03586778 0.13547869 0.2238547  0.35747764],[ 8.395628 21.367277 39.22788  66.488266],[ 4.811519 13.623097 26.272526 47.973904],[8.155301 8.124377 8.080692 7.994803],[0.57444835 0.6562465  0.7475117  0.8605529 ],[8.1713705 8.169162  8.165635  8.1618185],[0.5680532  0.6353437  0.7046337  0.77285534]
DDK8,A,5e-08,15,True,False,TDD,vanilla,15,[0.060029   0.16233248 0.2634605  0.46526292],[0.05453962 0.19891825 0.2497012  0.5093024 ],[10.724266 27.34374  51.009296 84.13992 ],[ 5.9470496 17.752953  39.53332   78.68133  ],[8.205902 8.165563 8.112809 7.991724],[0.7290422  0.81704295 0.9172506  1.0605409 ],[8.229278 8.228537 8.234898 8.246084],[0.716445   0.7802941  0.83712816 0.889672  ]
DDK8,A,5e-08,18,True,False,TDD,vanilla,15,[0.08738835 0.22389448 0.39306727 0.682986  ],[0.09180024 0.28616682 0.4864037  0.8959397 ],[11.838319 29.610163 55.793495 97.55529 ],[ 6.171193 19.286585 44.309937 82.80689 ],[8.131059  8.07784   7.9980025 7.8248024],[0.8415213  0.92720246 1.0383419  1.2273519 ],[8.165414 8.166351 8.164887 8.15692 ],[0.8150258 0.8670547 0.9366969 1.025056 ]
DDK8,A,5e-08,21,True,False,TDD,vanilla,15,[0.08236405 0.21148084 0.32527626 0.5684181 ],[0.06589439 0.25559095 0.2620375  0.40346327],[ 12.797899  31.665228  55.557846 111.25934 ],[ 6.770217 21.24756  42.334133 79.80614 ],[8.061795  7.977531  7.869535  7.6472583],[0.913163  0.9901475 1.0699457 1.220464 ],[8.097888  8.0776415 8.057297  8.0439825],[0.8918794  0.9238005  0.95249516 0.97904676]
DDK8,A,5e-08,24,True,False,TDD,vanilla,15,[0.09661956 0.21552883 0.40170354 0.57551116],[0.10199524 0.2699832  0.4594215  0.44207057],[ 15.137467  31.576666  69.44624  128.59648 ],[  9.609562  25.20229   65.76354  108.8608  ],[8.205379  8.124835  7.97147   7.6683435],[0.79785043 0.8851564  0.9994087  1.2660196 ],[8.248478 8.227171 8.202078 8.1868  ],[0.7698817  0.82811874 0.88698286 0.9156224 ]
DDK8,A,5e-08,27,True,False,TDD,vanilla,15,[0.11016419 0.25374758 0.4426507  0.7645049 ],[0.10098549 0.23281488 0.3821882  0.77439487],[ 16.413664  40.31472   79.82009  136.49738 ],[ 10.318633  32.1162    68.10215  124.02939 ],[8.026768  7.9319944 7.763429  7.4473305],[0.83723885 0.9227629  1.0601373  1.293104  ],[8.073305 8.057036 8.035699 8.017298],[0.81447893 0.87702554 0.95565355 1.0139018 ]
DDK8,A,5e-08,33,True,False,TDD,vanilla,15,[0.1757907  0.36605874 0.6946502  0.828849  ],[0.23222594 0.52884614 0.90554893 0.7249797 ],[ 20.769903  51.38977  113.06931  181.69199 ],[ 13.135873  47.848213 103.168686 174.8974  ],[8.109055  7.987083  7.6727953 7.325736 ],[1.0057048 1.1463379 1.3978492 1.455107 ],[8.180847  8.193614  8.203002  8.1704445],[0.9456215  0.95782167 0.92753166 0.9645922 ]
DDK8,A,5e-08,36,True,False,TDD,vanilla,15,[0.19881542 0.46103618 1.0454174  1.1364309 ],[0.280063   0.55913854 1.8779495  1.0637518 ],[ 22.305458  60.12992  130.783    221.55315 ],[ 13.101065  50.486515 113.385414 174.56181 ],[8.008325  7.8246293 7.405858  6.855925 ],[0.90558684 1.0733534  1.4295791  1.6578977 ],[8.093336 8.087319 8.075918 8.088953],[0.84122604 0.8823591  0.96047276 0.99210644]
DDK8,A,5e-08,42,True,False,TDD,vanilla,15,[0.2422854  0.53312814 0.7814639  1.1442314 ],[0.25548935 0.59436786 0.59519607 1.0108103 ],[ 26.380316  76.12412  145.51314  217.31956 ],[ 20.184265  63.167877 118.559364 160.94592 ],[7.7043366 7.456292  7.0752897 6.6770353],[1.1392152 1.3720336 1.5745063 1.4879537],[7.833758 7.885902 7.919857 7.917343],[1.0413706 1.023846  1.0217247 1.0423343]
DDK8,A,2e-07,3,True,False,TDD,vanilla,15,[0.02152618 0.04688277 0.0818193  0.13364501],[0.01250758 0.03868204 0.06411532 0.09235521],[ 4.80076  11.089172 19.870815 33.755184],[ 3.1068344 10.222577  16.954645  24.427803 ],[8.121899 8.121766 8.118361 8.111688],[0.6300666 0.6340683 0.6396955 0.6469395],[8.130689 8.134304 8.138219 8.142409],[0.6257091 0.6282687 0.6312905 0.6347323]
DDK8,A,2e-07,6,True,False,TDD,vanilla,15,[0.02911905 0.07110373 0.12579349 0.19536741],[0.01895826 0.06090197 0.105492   0.15948638],[ 7.0796514 17.608952  32.026894  51.062016 ],[ 4.4298916 13.842983  24.929976  36.55964  ],[8.264857 8.261053 8.251475 8.235315],[0.6061386 0.6265232 0.6523373 0.685765 ],[8.274826 8.279523 8.284403 8.289545],[0.6015826  0.61828643 0.63822275 0.6610321 ]
DDK8,A,2e-07,9,True,False,TDD,vanilla,15,[0.03452048 0.07923176 0.1236624  0.18983078],[0.02038878 0.05394997 0.0875392  0.12935142],[ 7.9038496 18.453466  29.2458    45.67311  ],[ 3.9697413 11.414419  20.92776   34.701073 ],[8.19898  8.194409 8.180631 8.148249],[0.6791112  0.70503503 0.7354922  0.78540397],[8.212872 8.222125 8.22945  8.234579],[0.6716166  0.6904289  0.7124399  0.73767006]
DDK8,A,2e-07,12,True,False,TDD,vanilla,15,[0.04573298 0.10862304 0.17183308 0.25825015],[0.0298192  0.09788451 0.13714877 0.17179155],[ 8.973006 20.160734 33.12571  52.84082 ],[ 3.8647451 12.391371  25.126762  44.49995  ],[8.096524  8.049797  7.990121  7.9093394],[0.7380552 0.7905942 0.8568465 0.9398607],[8.118894 8.099322 8.080267 8.061373],[0.72288525 0.7593847  0.79724795 0.8372211 ]
DDK8,A,2e-07,15,True,False,TDD,vanilla,15,[0.05976437 0.14460766 0.23902933 0.3746088 ],[0.05181145 0.15544249 0.26294988 0.35791317],[ 9.391453 20.92655  37.343857 65.129616],[ 4.0199876 11.650561  25.476574  51.28295  ],[7.9278154 7.8751087 7.8087907 7.6968126],[0.83386755 0.9102955  0.99635434 1.1075087 ],[7.960368 7.953955 7.952423 7.9545  ],[0.8137213 0.856927  0.8997762 0.942242 ]
DDK8,A,2e-07,18,True,False,TDD,vanilla,15,[0.05745508 0.13443524 0.244234   0.4357484 ],[0.04333356 0.12477177 0.25914332 0.5202644 ],[10.406175 22.851397 42.43121  73.158264],[ 3.8873835 11.346909  27.324495  53.3526   ],[8.095014  8.032251  7.9415355 7.774866 ],[0.8295117  0.8969928  0.98727727 1.1474924 ],[8.126295 8.107923 8.089695 8.074124],[0.8090824  0.8441579  0.88169974 0.92264533]
DDK8,A,2e-07,21,True,False,TDD,vanilla,15,[0.06818166 0.14682108 0.28783435 0.4965476 ],[0.04453838 0.11152893 0.30782086 0.39906698],[11.9683895 24.673086  47.943993  97.356575 ],[ 4.1388297 12.181347  30.427721  60.48693  ],[8.07098   8.017032  7.9254417 7.7262654],[0.8734824  0.93033165 1.0191721  1.16312   ],[8.111541 8.108097 8.098149 8.079145],[0.84507656 0.87269056 0.9155379  0.9743686 ]
DDK8,A,2e-07,24,True,False,TDD,vanilla,15,[0.07880394 0.16173662 0.31064478 0.5425871 ],[0.07937823 0.16524552 0.24566792 0.4515339 ],[ 12.682186  25.74116   57.83759  114.031136],[ 5.137189 15.917301 35.322033 80.42013 ],[8.056318  7.965509  7.8286085 7.59893  ],[0.8631043  0.98462474 1.1238897  1.3097876 ],[8.102798 8.079458 8.073869 8.082761],[0.8285165 0.893055  0.9226012 0.9377865]
DDK8,A,2e-07,27,True,False,TDD,vanilla,15,[0.06910238 0.16802363 0.33695576 0.5459481 ],[0.04826659 0.1522939  0.273909   0.45243976],[ 12.408391  30.070086  64.06625  112.791794],[  5.45937   25.988466  59.99788  109.26539 ],[8.066624  7.969775  7.8026686 7.4881825],[0.81623095 0.91120136 1.0420072  1.2943732 ],[8.11104  8.084653 8.048851 8.015041],[0.78864    0.83198315 0.884727   0.9329143 ]
DDK8,A,2e-07,33,True,False,TDD,vanilla,15,[0.09010074 0.24697615 0.49808356 0.7330775 ],[0.06705032 0.19840279 0.3883036  0.4489685 ],[ 16.593246  49.055805 111.098885 175.5546  ],[  9.186244  44.477245 101.16131  160.48737 ],[8.159523  8.043333  7.7808037 7.3327084],[0.84495753 0.9413533  1.129421   1.4388767 ],[8.216682  8.2085085 8.163704  8.084707 ],[0.8136454 0.8615523 0.9495743 1.0525955]
DDK8,A,2e-07,36,True,False,TDD,vanilla,15,[0.11282904 0.28549904 0.6612055  0.9432637 ],[0.09334535 0.293056   0.79812205 0.6675712 ],[ 18.398474  47.85347  116.38842  211.98201 ],[ 10.1847515  40.721573   99.711525  173.07947  ],[8.003972  7.841594  7.519104  7.1733727],[0.8759888 1.0133246 1.2887205 1.3827997],[8.077505 8.06925  8.089985 8.128924],[0.82759804 0.8323908  0.8334932  0.87066954]
DDK8,A,2e-07,42,True,False,TDD,vanilla,15,[0.13788134 0.4090432  0.7319973  0.9883492 ],[0.11467449 0.49147496 0.66511315 0.72094434],[ 21.937473  61.733192 130.30959  206.22644 ],[ 20.605503  66.1281   160.9561   174.59682 ],[7.83065   7.556918  7.171965  6.8297048],[1.0214111 1.2569473 1.4355712 1.5002462],[7.927911  7.910005  7.917583  7.9121513],[0.96075475 0.9710648  0.9386558  0.9704687 ]
DDK8,A,4e-07,3,True,False,TDD,vanilla,15,[0.02399989 0.05044885 0.08707751 0.13992804],[0.01163727 0.03790267 0.067845   0.10239034],[ 6.8352075 14.491     25.002098  40.49923  ],[ 3.403722 11.243274 20.30125  31.350891],[8.12819  8.12213  8.112561 8.098921],[0.34192416 0.35075098 0.3613517  0.37415433],[8.140506 8.137633 8.134504 8.131127],[0.34248444 0.35056454 0.35972664 0.36985973]
DDK8,A,4e-07,6,True,False,TDD,vanilla,15,[0.03194468 0.07108466 0.11559048 0.16726753],[0.01381734 0.04082983 0.06729883 0.09607534],[ 8.788542 19.264349 31.526838 45.655186],[ 3.9992287 11.386364  19.241428  27.931992 ],[8.160088 8.152241 8.137232 8.113584],[0.39094782 0.42195788 0.45695052 0.49597508],[8.176272 8.178738 8.180604 8.181811],[0.39123917 0.4205529  0.45303023 0.4878832 ]
DDK8,A,4e-07,9,True,False,TDD,vanilla,15,[0.03719608 0.08077182 0.12039825 0.17513481],[0.01559435 0.04555173 0.07118016 0.10579999],[10.074391 21.286488 31.680397 46.63869 ],[ 3.9347968 10.0052    17.672665  28.890947 ],[8.163931 8.146592 8.122678 8.086049],[0.47836772 0.5233984  0.5675376  0.6267904 ],[8.184002 8.182483 8.180069 8.177103],[0.4719663  0.5057804  0.54053843 0.5759417 ]
DDK8,A,4e-07,12,True,False,TDD,vanilla,15,[0.0415271  0.08237015 0.12925708 0.20616305],[0.01652722 0.04319173 0.07433964 0.12262449],[10.8487425 21.058683  33.246746  54.111595 ],[ 4.1625886 10.563456  19.740564  31.263977 ],[8.129623 8.108062 8.074942 8.005653],[0.5797521  0.63467216 0.6925314  0.7690025 ],[8.15235  8.154115 8.15547  8.156445],[0.5726108  0.6156969  0.65478444 0.68982166]
DDK8,A,4e-07,15,True,False,TDD,vanilla,15,[0.04759467 0.09985752 0.16319786 0.2586607 ],[0.02548149 0.06535722 0.1083591  0.15732515],[10.819821 21.711033 37.27866  61.39995 ],[ 4.115569  9.498925 21.581972 42.54906 ],[8.037253  8.012516  7.975039  7.8981805],[0.5827233 0.6397949 0.7055255 0.7888672],[8.066401 8.071935 8.077987 8.082911],[0.5711157  0.6151953  0.66565377 0.7195561 ]
DDK8,A,4e-07,18,True,False,TDD,vanilla,15,[0.05279508 0.11168019 0.20666914 0.35653186],[0.02526596 0.07681305 0.1477629  0.2677449 ],[12.274844 26.085922 52.656464 98.1952  ],[ 4.581698 13.076604 37.904694 80.621   ],[8.058705  8.052542  8.024677  7.9227824],[0.63416255 0.7014715  0.7889698  0.9074257 ],[8.09442  8.127554 8.160606 8.190095],[0.6232103  0.6795312  0.74975705 0.8271956 ]
DDK8,A,4e-07,21,True,False,TDD,vanilla,15,[0.05953771 0.12512216 0.23184651 0.4058386 ],[0.03457473 0.09234983 0.173022   0.27285856],[ 12.811984  26.523596  53.306305 103.05612 ],[ 4.7950587 14.981708  43.219173  78.97754  ],[7.9808216 7.9679813 7.912674  7.7656264],[0.6931979  0.7679387  0.87473345 1.0150592 ],[8.028134 8.068816 8.101429 8.12289 ],[0.67326814 0.7159541  0.7663214  0.81699765]
DDK8,A,4e-07,24,True,False,TDD,vanilla,15,[0.06731644 0.14736365 0.30532268 0.5356874 ],[0.03950445 0.10174964 0.20895246 0.3081067 ],[ 12.84968   25.973892  54.328617 103.5002  ],[ 4.827942 13.216667 35.133526 68.088356],[7.878669  7.772197  7.604724  7.2874913],[0.7687849 0.8752933 1.0211319 1.2649716],[7.927203  7.8822603 7.847619  7.832544 ],[0.74526685 0.8172085  0.8804765  0.9221472 ]
DDK8,A,4e-07,27,True,False,TDD,vanilla,15,[0.07463904 0.17684168 0.3590352  0.5542208 ],[0.04837274 0.15210518 0.3165996  0.39597914],[ 15.031177  35.0291    77.3637   137.23264 ],[  6.462625  26.187635  70.181305 127.560295],[7.9325504 7.8487763 7.6769896 7.4506364],[0.73595273 0.8213491  0.9643311  1.1306733 ],[7.9919696 7.989279  7.998762  8.014314 ],[0.70994437 0.749423   0.7883426  0.81563747]
DDK8,A,4e-07,33,True,False,TDD,vanilla,15,[0.09952848 0.25789368 0.5315428  0.72188026],[0.10456642 0.23280694 0.49411198 0.5023599 ],[ 17.477936  46.249588 103.20207  171.02887 ],[  7.428648  36.95548   79.478516 134.00908 ],[7.923756  7.7600856 7.4753876 7.1322975],[0.7435128  0.88969016 1.1353586  1.3369057 ],[7.995203  7.9802413 7.973531  7.9859047],[0.70891154 0.7746805  0.8564755  0.92781574]
DDK8,A,4e-07,36,True,False,TDD,vanilla,15,[0.08463011 0.19939955 0.4322128  0.6860986 ],[0.04988271 0.12681644 0.27721813 0.41096187],[ 18.485855  43.6292    96.38217  158.88293 ],[ 7.8182454 27.31742   64.818436  96.524155 ],[8.0412445 7.9152665 7.6279607 7.1375313],[0.8660259 0.9254773 1.0641197 1.3320081],[8.108352 8.090845 8.035079 7.95603 ],[0.8385771  0.8493455  0.87210375 0.9073687 ]
DDK8,A,4e-07,42,True,False,TDD,vanilla,15,[0.13612865 0.3563758  0.65287834 0.8942757 ],[0.120578   0.25005737 0.38645023 0.49187973],[ 23.20376   76.377014 165.46985  251.00856 ],[ 12.085749  57.727154 132.55595  177.56569 ],[7.8156753 7.680915  7.3237286 6.9617305],[0.868367   0.96952856 1.1656482  1.3444285 ],[7.9211125 8.026638  8.094642  8.118456 ],[0.81548744 0.8076006  0.8508136  0.89531356]
DDK8,C,5e-08,3,True,False,TDD,vanilla,15,[0.02499623 0.05902917 0.1094612  0.18536757],[0.01546593 0.04739276 0.08029367 0.12838924],[ 5.3909416 13.037398  25.232079  43.624622 ],[ 3.006734  9.664355 18.916082 29.676807],[8.31867  8.310902 8.295307 8.269383],[0.20020503 0.21279113 0.22875297 0.24956764],[8.326575 8.326315 8.326018 8.325577],[0.19877578 0.20899162 0.22026956 0.2324996 ]
DDK8,C,5e-08,6,True,False,TDD,vanilla,15,[0.0402916  0.10366579 0.18671061 0.291523  ],[0.02150176 0.07071908 0.13230641 0.19032685],[ 7.68889  19.111904 35.320457 58.28315 ],[ 3.3813114  9.8118925 18.720243  31.37303  ],[8.215389 8.184662 8.137811 8.060507],[0.3017264  0.32677785 0.35737807 0.39950922],[8.230418 8.22319  8.218066 8.215206],[0.29918042 0.32049295 0.3425427  0.3658508 ]
DDK8,C,5e-08,9,True,False,TDD,vanilla,15,[0.05153507 0.15407105 0.23847987 0.3644574 ],[0.03399484 0.17917274 0.17928576 0.23651116],[ 9.323558 23.659765 46.212135 77.36175 ],[ 3.4734845 10.985025  25.049944  45.680325 ],[8.233778 8.193986 8.114684 7.976211],[0.39844534 0.44484013 0.50414556 0.59137005],[8.254384 8.254124 8.254158 8.25498 ],[0.39488202 0.43240994 0.46764877 0.49863467]
DDK8,C,5e-08,12,True,False,TDD,vanilla,15,[0.06033801 0.16281664 0.3182353  0.49206054],[0.05996633 0.12604116 0.22508676 0.28962225],[ 10.536163  29.790932  64.19857  106.782265],[ 4.436434 18.625248 45.90951  74.781204],[8.260434 8.182537 8.017361 7.766363],[0.4160933  0.4611837  0.56483173 0.7639671 ],[8.288876  8.277489  8.269999  8.2660885],[0.40042427 0.41886386 0.44892526 0.4908567 ]
DDK8,C,5e-08,15,True,False,TDD,vanilla,15,[0.07148178 0.2219724  0.42215165 0.5577979 ],[0.04633129 0.17145015 0.37043133 0.32855693],[ 12.687035  41.217518  84.748436 133.37218 ],[ 6.8780503 30.452658  63.417885  93.57384  ],[8.250256  8.159652  7.9578896 7.6907983],[0.40958256 0.4751562  0.6775411  0.9654288 ],[8.284434 8.291013 8.302465 8.324361],[0.4031638  0.44232005 0.4866336  0.5346952 ]
DDK8,C,5e-08,18,True,False,TDD,vanilla,15,[0.12935129 0.35041633 0.5858805  0.76956576],[0.12503394 0.29287612 0.3994387  0.41287085],[ 18.307535  65.16402  120.760635 169.34264 ],[ 12.220383  52.239567  93.64439  124.09114 ],[8.126486  7.8854103 7.4672127 7.0058455],[0.5688044  0.77138597 1.1033075  1.3226718 ],[8.200162 8.199213 8.199512 8.190836],[0.5350562  0.57275265 0.58666337 0.60950494]
DDK8,C,5e-08,21,True,False,TDD,vanilla,15,[0.13933551 0.37418184 0.6131824  0.83030283],[0.11081095 0.28268635 0.42386872 0.41559383],[ 22.654123  74.10836  127.998886 192.93771 ],[ 15.760754  63.54546   99.58834  122.72533 ],[8.186969  7.900471  7.4776387 6.994864 ],[0.5288885 0.7764195 1.1986324 1.5189692],[8.273708 8.270968 8.278294 8.289778],[0.4893335 0.5536807 0.6028044 0.6329883]
DDK8,C,5e-08,24,True,False,TDD,vanilla,15,[0.16853368 0.42986804 0.6680232  0.81257063],[0.15468404 0.33878288 0.4232584  0.42844963],[ 28.001856  83.68342  143.46744  203.06633 ],[ 23.024036  67.018036 103.20124  140.0633  ],[8.117016  7.7327557 7.3721952 6.8070064],[0.60861194 1.0278188  1.0935595  1.6188958 ],[8.232507 8.229933 8.229175 8.226252],[0.56549513 0.60039735 0.6194327  0.6659933 ]
DDK8,C,5e-08,27,True,False,TDD,vanilla,15,[0.24467693 0.50924987 0.7868189  0.8971505 ],[0.3144971  0.38130218 0.51222277 0.4953748 ],[ 34.70665  95.30113 153.36502 203.21255],[ 30.05058  77.83956 101.57112 115.36972],[7.9915524 7.5031195 7.0821986 6.7000136],[0.69530076 1.2071606  1.3247166  1.5736973 ],[8.173424 8.189116 8.193333 8.201783],[0.5681614  0.57618004 0.5760544  0.6105042 ]
DDK8,C,5e-08,33,True,False,TDD,vanilla,15,[0.32777995 0.7071143  0.93263704 1.0948837 ],[0.37431967 0.6272893  0.59771264 0.603105  ],[ 54.823692 130.39105  195.99387  253.32462 ],[ 52.94964  97.51314 130.481   148.30779],[7.8833165 7.2632666 6.815909  6.425494 ],[0.72822845 1.2179029  1.3430811  1.4402077 ],[8.163975 8.166744 8.197453 8.228497],[0.55520767 0.59197205 0.6344895  0.69245917]
DDK8,C,5e-08,36,True,False,TDD,vanilla,15,[0.49384025 0.967807   1.1708863  1.2690799 ],[0.40055257 0.6395262  0.7124338  0.6969158 ],[ 83.65701 182.24986 244.83752 287.33563],[ 73.1388  124.53821 141.40887 151.57953],[7.7356725 6.858444  6.241533  5.8839355],[0.85488254 1.4233795  1.5410475  1.475582  ],[8.201372 8.212413 8.186459 8.202197],[0.5879251 0.6015146 0.5885965 0.6164567]
DDK8,C,5e-08,42,True,False,TDD,vanilla,15,[0.7543118  0.94332075 1.1673642  1.1673478 ],[1.1972686  0.78069687 0.6613638  0.58052784],[118.42694 170.67091 216.3217  271.6473 ],[120.742424 114.061584 115.73704  171.33835 ],[7.2992244 6.6819067 6.1919374 5.729251 ],[1.3076931 1.5633205 1.6415142 1.8265896],[8.154698 8.128567 8.085518 8.078484],[0.6038881  0.6198292  0.71537834 0.8178851 ]
DDK8,C,2e-07,3,True,False,TDD,vanilla,15,[0.02192882 0.0487495  0.08875833 0.1468118 ],[0.0103457  0.0325     0.05933316 0.08919925],[ 5.7567515 13.211309  24.258446  40.691822 ],[ 2.7944067  9.196776  16.88679   25.768023 ],[8.259324 8.250568 8.233633 8.208185],[0.16599977 0.17882311 0.19396812 0.21213631],[8.269406 8.268143 8.26673  8.265156],[0.16525045 0.17695566 0.18965855 0.20317249]
DDK8,C,2e-07,6,True,False,TDD,vanilla,15,[0.03148422 0.07412802 0.13269551 0.20702164],[0.01106999 0.03342545 0.06478811 0.10793754],[ 8.3409395 19.837479  35.64091   55.788002 ],[ 3.078346  9.198087 17.882864 29.648396],[8.270892 8.239521 8.188504 8.109465],[0.24143979 0.27110055 0.3115644  0.37353155],[8.289013 8.28343  8.278104 8.273454],[0.23840481 0.2612574  0.2851649  0.3086477 ]
DDK8,C,2e-07,9,True,False,TDD,vanilla,15,[0.03789955 0.08906105 0.15981893 0.25839755],[0.01240484 0.0370138  0.07862652 0.12881896],[ 9.547606 22.530907 41.0903   68.69803 ],[ 2.614098  8.011795 19.316328 35.286774],[8.242707 8.209545 8.145751 8.036096],[0.3057907  0.35210404 0.40693417 0.4838057 ],[8.265249 8.267987 8.272074 8.276913],[0.30145794 0.33881113 0.3764504  0.4147206 ]
DDK8,C,2e-07,12,True,False,TDD,vanilla,15,[0.04155907 0.11291735 0.22637029 0.36619705],[0.01655942 0.06471431 0.15374744 0.22118394],[10.416346 28.227123 58.08988  98.91289 ],[ 3.861989 15.523895 38.138325 67.65702 ],[8.24611   8.179383  8.037556  7.8219204],[0.35418355 0.41827208 0.5213684  0.6822407 ],[8.275466 8.271283 8.26691  8.262678],[0.34935436 0.39719546 0.44388452 0.48593506]
DDK8,C,2e-07,15,True,False,TDD,vanilla,15,[0.05516851 0.167365   0.327032   0.50297225],[0.02777407 0.10519662 0.19645377 0.26180872],[ 13.266272  40.879284  84.97405  136.18958 ],[ 6.712105 24.438541 52.202164 80.503265],[8.160644  8.040533  7.7973895 7.448879 ],[0.46128052 0.5394857  0.7211326  0.9652979 ],[8.207965 8.210038 8.215867 8.224112],[0.45113933 0.4856871  0.5191998  0.54643935]
DDK8,C,2e-07,18,True,False,TDD,vanilla,15,[0.06573155 0.2007332  0.37066445 0.5377642 ],[0.04567156 0.14661345 0.24362223 0.2711127 ],[ 15.378593  52.769302 106.33988  161.84279 ],[  9.255956  44.076138  95.47215  127.25433 ],[8.199831 8.04385  7.738405 7.382529],[0.51310563 0.60978365 0.8485504  1.0597816 ],[8.257838 8.261139 8.260707 8.264115],[0.49564663 0.5484521  0.60611343 0.6623807 ]
DDK8,C,2e-07,21,True,False,TDD,vanilla,15,[0.08036029 0.24475136 0.41269442 0.58223736],[0.06271935 0.20238431 0.27909613 0.2693723 ],[ 19.83066  66.07983 118.94981 174.59676],[ 16.15249  62.24405  99.65469 109.88066],[8.16108   7.9266424 7.546141  7.222192 ],[0.5020742 0.702167  1.119476  1.2728223],[8.236614 8.255446 8.269096 8.275333],[0.48349896 0.5265164  0.5651753  0.60599506]
DDK8,C,2e-07,24,True,False,TDD,vanilla,15,[0.11217099 0.3452233  0.5575403  0.76506585],[0.07915975 0.21698827 0.27376115 0.304052  ],[ 25.076548  86.85909  148.66919  210.23955 ],[ 18.560106  64.42427   98.40868  116.119125],[8.020294  7.6687617 7.2050476 6.626094 ],[0.6105139 0.8127422 1.081205  1.499019 ],[8.131182 8.132619 8.148181 8.162027],[0.5804273  0.61564034 0.6213094  0.64173055]
DDK8,C,2e-07,27,True,False,TDD,vanilla,15,[0.12074444 0.3500757  0.5776491  0.7382843 ],[0.07951235 0.22552708 0.30983555 0.3302462 ],[ 28.00338  86.79018 147.0113  192.42189],[ 18.938461  64.96085   94.55866  109.390884],[8.037879  7.6540923 7.0925145 6.601218 ],[0.58901423 0.83793116 1.2172463  1.4473128 ],[8.16426  8.148859 8.14116  8.125651],[0.5455145  0.57448643 0.5996173  0.65095395]
DDK8,C,2e-07,33,True,False,TDD,vanilla,15,[0.21508129 0.5065014  0.7130696  0.8311427 ],[0.18438788 0.3410568  0.3833124  0.30836943],[ 47.227154 118.00104  174.09486  222.19934 ],[ 37.94421  86.85742 102.91938 121.43333],[7.8848267 7.274218  6.801572  6.440534 ],[0.7607317 1.159886  1.4442568 1.3416958],[8.134128 8.123875 8.132454 8.157437],[0.62713987 0.62046474 0.62091714 0.6189508 ]
DDK8,C,2e-07,36,True,False,TDD,vanilla,15,[0.2115196  0.5105881  0.68506515 0.8230615 ],[0.23791459 0.468366   0.39289093 0.4126085 ],[ 50.55185  124.662834 176.02788  220.46227 ],[ 58.01272  103.12211   97.984146 110.18645 ],[7.9935536 7.4209075 6.9419904 6.5567055],[0.67812854 1.1711924  1.4475961  1.5117993 ],[8.223166 8.203659 8.193959 8.197771],[0.5721486  0.62228054 0.6435787  0.6443599 ]
DDK8,C,2e-07,42,True,False,TDD,vanilla,15,[0.32649636 0.60988486 0.8167131  1.0159848 ],[0.38060182 0.38264725 0.37517458 0.49512044],[ 80.051   154.04341 218.8966  281.44116],[126.037704 100.36496  126.598816 153.91306 ],[7.7314563 7.1450744 6.688573  6.2326155],[1.0502805 1.413006  1.3254877 1.2680212],[8.202137 8.208331 8.213117 8.186108],[0.62006235 0.64596266 0.66607225 0.7035478 ]
DDK8,C,4e-07,3,True,False,TDD,vanilla,15,[0.02272213 0.04742277 0.08504945 0.13748494],[0.01005117 0.03186667 0.0589586  0.08744472],[ 6.47523  13.864863 24.976734 40.787693],[ 3.1480603 10.100917  18.540483  27.412968 ],[8.303939 8.299127 8.287838 8.269998],[0.18296446 0.19706106 0.2128406  0.2308056 ],[8.31983  8.321709 8.323363 8.324781],[0.1824369  0.19586535 0.21045375 0.22601187]
DDK8,C,4e-07,6,True,False,TDD,vanilla,15,[0.0314917  0.06887873 0.11910088 0.18077712],[0.01152928 0.0339758  0.05745472 0.0817442 ],[ 8.529516 18.870693 32.877647 50.399323],[ 3.4332747  9.875445  17.301552  25.298689 ],[8.236011 8.217632 8.188072 8.145993],[0.26712674 0.28973663 0.31502813 0.3464599 ],[8.259438 8.260148 8.261916 8.265042],[0.26467186 0.2839932  0.30338576 0.3230583 ]
DDK8,C,4e-07,9,True,False,TDD,vanilla,15,[0.03768034 0.08263892 0.14031573 0.22400136],[0.01164506 0.03377987 0.06534413 0.10798512],[10.036472 21.775084 36.97976  58.894936],[ 3.1555345  8.571622  17.81049   31.362768 ],[8.271039 8.23313  8.173199 8.0773  ],[0.34274453 0.39040446 0.44292304 0.5097488 ],[8.299542  8.2919655 8.284302  8.276176 ],[0.3363756  0.3739166  0.41209707 0.44999707]
DDK8,C,4e-07,12,True,False,TDD,vanilla,15,[0.04251624 0.09854431 0.1844626  0.30730188],[0.01333216 0.0422681  0.08923986 0.15101562],[11.11315  25.584848 48.713306 82.61108 ],[ 3.5286083 10.963569  24.91435   46.34356  ],[8.218083 8.166581 8.065242 7.905685],[0.37222308 0.41739425 0.47997534 0.5786711 ],[8.254019 8.249561 8.239468 8.22615 ],[0.36668321 0.40296978 0.44160876 0.48203832]
DDK8,C,4e-07,15,True,False,TDD,vanilla,15,[0.04764339 0.1250353  0.24836351 0.39079893],[0.01748675 0.06551868 0.13972917 0.2202441 ],[ 12.641197  34.1522    71.48967  117.417404],[ 4.2354846 18.211876  47.356426  87.405685 ],[8.253678  8.178299  8.03703   7.7722893],[0.37493667 0.45165437 0.55769616 0.78922635],[8.300738 8.310435 8.318503 8.321449],[0.36233523 0.4033232  0.448278   0.4995451 ]
DDK8,C,4e-07,18,True,False,TDD,vanilla,15,[0.06079469 0.1731667  0.31268576 0.46557915],[0.03292411 0.12320482 0.20302658 0.24277866],[ 15.258297  44.481285  86.141    136.85332 ],[ 7.1677666 28.277285  54.430763  83.517784 ],[8.184493 8.05502  7.830437 7.571275],[0.5312956  0.6629201  0.91212237 1.0908117 ],[8.245845 8.256775 8.268593 8.282536],[0.5129303  0.5608195  0.60647964 0.64250934]
DDK8,C,4e-07,21,True,False,TDD,vanilla,15,[0.08061411 0.23304851 0.40409008 0.63662314],[0.05300722 0.15898202 0.23612523 0.28018585],[ 19.11728   60.135826 111.63975  190.2496  ],[ 10.574248  43.428173  76.35891  108.00431 ],[8.125589  7.9393787 7.653056  7.208228 ],[0.51833546 0.65052325 0.88562936 1.1711702 ],[8.208268 8.233376 8.263854 8.301309],[0.48909435 0.49843127 0.5081799  0.52443814]
DDK8,C,4e-07,24,True,False,TDD,vanilla,15,[0.08989549 0.2670775  0.46569404 0.618438  ],[0.05414582 0.18719846 0.2700627  0.26343498],[ 21.893833  68.37133  122.92652  173.06824 ],[ 13.830694  55.966995  85.901596 105.90148 ],[8.133779  7.8948126 7.4802527 7.1332464],[0.52202576 0.6473844  0.98609024 1.1264077 ],[8.224326 8.216809 8.205311 8.196901],[0.5019927  0.53854054 0.5763094  0.6127203 ]
DDK8,C,4e-07,27,True,False,TDD,vanilla,15,[0.10387976 0.27392006 0.44489583 0.62552816],[0.07132348 0.17861527 0.21631119 0.23023032],[ 27.035328  73.27786  121.33471  177.316   ],[ 24.477158  60.241596  79.77825  104.004875],[8.098671  7.844003  7.5667143 7.195322 ],[0.54023194 0.6840045  0.84611887 0.9846442 ],[8.212278 8.205426 8.209401 8.201062],[0.52702165 0.5741107  0.6127436  0.64407486]
DDK8,C,4e-07,33,True,False,TDD,vanilla,15,[0.15123153 0.35319182 0.55053526 0.71824235],[0.11040489 0.2313224  0.29380053 0.30486852],[ 36.118736  88.81694  141.27338  190.10722 ],[ 26.257446  63.233246  80.906265 100.57688 ],[8.014364  7.679507  7.3680806 6.9526157],[0.7214309  0.98692566 1.1255678  1.3515604 ],[8.183739 8.192224 8.175432 8.147135],[0.6432265  0.66101295 0.6978664  0.7402622 ]
DDK8,C,4e-07,36,True,False,TDD,vanilla,15,[0.18243676 0.4220931  0.6463987  0.77130324],[0.15384836 0.26152542 0.32597253 0.29878452],[ 45.41601  113.022736 177.69698  226.65639 ],[ 34.555687  71.89969   99.70231  115.725334],[8.058792  7.618413  7.0983233 6.807317 ],[0.7119812 1.0754758 1.4516006 1.4918998],[8.265757  8.2690735 8.257155  8.252183 ],[0.6276491  0.67769957 0.705928   0.7128718 ]
DDK8,C,4e-07,42,True,False,TDD,vanilla,15,[0.23643604 0.49389803 0.68676585 0.8868571 ],[0.20277269 0.2809282  0.31279364 0.30156058],[ 61.55973 131.14948 183.46275 252.34946],[ 64.544846  99.79352  100.859184 126.2088  ],[7.8986335 7.4552116 7.0034676 6.301882 ],[0.7018175 0.8729031 1.1564138 1.4143764],[8.192731 8.206451 8.21126  8.215601],[0.59920657 0.60754186 0.64400005 0.6513544 ]
DDK8,D,5e-08,3,True,False,TDD,vanilla,15,[0.01213483 0.03596985 0.06615808 0.11462205],[0.01338753 0.04072024 0.06784839 0.10182253],[ 3.5796134 10.634033  19.58559   33.988438 ],[ 3.9492583 11.9964695 20.039574  30.00532  ],[8.297054  8.294326  8.2903805 8.28443  ],[0.07510199 0.0806905  0.08689785 0.09358358],[8.299658 8.29858  8.297538 8.29653 ],[0.07468852 0.07996947 0.08556426 0.0913942 ]
DDK8,D,5e-08,6,True,False,TDD,vanilla,15,[0.01581664 0.04568432 0.08172076 0.12742934],[0.0135112  0.03904295 0.06682942 0.08724827],[ 4.725903 13.664964 24.47187  38.211735],[ 3.9998908 11.532858  19.781534  26.114227 ],[8.308198 8.305212 8.300017 8.290487],[0.12048405 0.13312986 0.14650775 0.16199669],[8.311767 8.311415 8.310966 8.310436],[0.12025459 0.13231722 0.14488111 0.15781623]
DDK8,D,5e-08,9,True,False,TDD,vanilla,15,[0.0206203  0.05634144 0.08849465 0.13367718],[0.01296011 0.03632171 0.06267623 0.08698557],[ 6.143134 16.760483 26.2357   39.547916],[ 3.8990288 10.956994  18.877144  26.804058 ],[8.293246  8.284787  8.2727785 8.255589 ],[0.13252068 0.15352625 0.17653753 0.20177847],[8.297676 8.293371 8.288761 8.283954],[0.1321482  0.15266456 0.17479543 0.19807528]
DDK8,D,5e-08,12,True,False,TDD,vanilla,15,[0.01877216 0.04870779 0.07674703 0.12353604],[0.01179832 0.03626401 0.05722083 0.0810938 ],[ 5.4525023 14.112039  22.410542  36.06927  ],[ 3.3207188 10.262285  16.136189  23.34062  ],[8.276621 8.267437 8.252615 8.234966],[0.18782498 0.21312863 0.24059758 0.2704577 ],[8.282729 8.280233 8.277586 8.274747],[0.18684064 0.21076299 0.2355141  0.26066127]
DDK8,D,5e-08,15,True,False,TDD,vanilla,15,[0.02135374 0.05618443 0.10165422 0.15521263],[0.01236024 0.0363654  0.06828426 0.0996251 ],[ 6.2368555 16.467972  29.791786  45.687332 ],[ 3.6092029 10.713558  19.922508  29.935822 ],[8.261945  8.250202  8.234436  8.2169895],[0.2106509  0.2313977  0.25221753 0.27463725],[8.270022 8.268729 8.268344 8.268918],[0.2086949  0.22577141 0.24269079 0.25992864]
DDK8,D,5e-08,18,True,False,TDD,vanilla,15,[0.02514273 0.06444481 0.10780289 0.17230016],[0.01412461 0.04405609 0.07249184 0.10737783],[ 7.2269   18.423454 30.544912 48.92665 ],[ 4.0201793 12.722048  20.67857   30.439358 ],[8.257526 8.231254 8.200641 8.163982],[0.23620321 0.26742306 0.30229884 0.34094065],[8.267819  8.256482  8.2475815 8.242658 ],[0.2351493 0.2640463 0.2919402 0.3160511]
DDK8,D,5e-08,21,True,False,TDD,vanilla,15,[0.02377752 0.06064044 0.10888941 0.1927503 ],[0.01158751 0.04087003 0.07326542 0.12951255],[ 7.001035 18.069984 32.687717 58.562943],[ 3.6106641 13.295026  24.85901   43.797897 ],[8.265554  8.254786  8.2377615 8.209989 ],[0.25321522 0.28701106 0.32731092 0.37885872],[8.27719   8.282884  8.2891655 8.295584 ],[0.25249338 0.2854534  0.32003936 0.35299757]
DDK8,D,5e-08,24,True,False,TDD,vanilla,15,[0.0251454  0.06131757 0.11561996 0.18777655],[0.01503563 0.04611096 0.08226191 0.14428958],[ 7.2387085 17.722649  34.18721   56.233566 ],[ 4.1927576 13.486127  26.79676   47.561188 ],[8.267163 8.244286 8.211023 8.17443 ],[0.24851295 0.27801824 0.30950293 0.33866957],[8.280112  8.273623  8.264235  8.2512455],[0.24701582 0.27596948 0.30649292 0.3357034 ]
DDK8,D,5e-08,27,True,False,TDD,vanilla,15,[0.0279248  0.06616711 0.12502371 0.22167364],[0.01404556 0.0460671  0.08926057 0.19700807],[ 7.9636707 18.566664  35.530502  65.4017   ],[ 4.002398 12.621348 24.505741 58.360363],[8.246106 8.228921 8.207392 8.175432],[0.29974458 0.31900477 0.34635442 0.38987038],[8.262777 8.265217 8.269065 8.273772],[0.2979555  0.3138878  0.33165452 0.3518799 ]
DDK8,D,5e-08,33,True,False,TDD,vanilla,15,[0.03016678 0.06388184 0.12580192 0.20111975],[0.01565301 0.04252549 0.09096766 0.1290199 ],[ 8.520861 17.752213 35.25846  58.44187 ],[ 4.5568914 12.505992  25.489372  41.30457  ],[8.215584 8.18629  8.158686 8.126029],[0.31651574 0.33624628 0.35151315 0.3625848 ],[8.235228 8.229521 8.229554 8.238303],[0.31300098 0.32693157 0.3373971  0.34345612]
DDK8,D,5e-08,36,True,False,TDD,vanilla,15,[0.03439324 0.06779435 0.13781051 0.23278323],[0.02040373 0.04487055 0.09808968 0.20195282],[10.306113 20.75798  42.20088  71.11703 ],[ 5.8550797 15.068292  31.796314  56.49857  ],[8.312938 8.288534 8.254776 8.216195],[0.28464386 0.30396348 0.3255165  0.35426694],[8.336734 8.337908 8.336387 8.332141],[0.27704263 0.29162735 0.30735877 0.3248851 ]
DDK8,D,5e-08,42,True,False,TDD,vanilla,15,[0.03893282 0.08841143 0.16441688 0.29310536],[0.02351768 0.06039935 0.10230368 0.20437585],[11.464723 26.546062 51.127094 92.53647 ],[ 6.9616094 19.031946  35.20165   67.05794  ],[8.261442 8.259584 8.240954 8.200999],[0.3059736  0.32039157 0.3448328  0.39481282],[8.291798 8.319096 8.342037 8.351114],[0.29859725 0.30620685 0.31966177 0.34217647]
DDK8,D,2e-07,3,True,False,TDD,vanilla,15,[0.0139748  0.03809227 0.06924103 0.11724354],[0.01223638 0.03832432 0.06428528 0.09510181],[ 4.184245 11.457974 20.866915 35.354137],[ 3.693851 11.571172 19.398922 28.661943],[8.299132  8.298098  8.295662  8.2922735],[0.05559293 0.06252965 0.06968072 0.07692719],[8.30472  8.305355 8.306001 8.306659],[0.05492547 0.06174164 0.06871933 0.07579485]
DDK8,D,2e-07,6,True,False,TDD,vanilla,15,[0.01906803 0.04925289 0.08541452 0.13116117],[0.01305276 0.03767372 0.06511469 0.0877104 ],[ 5.6787457 14.67433   25.436804  39.091827 ],[ 3.883719 11.16856  19.353552 26.221006],[8.2984295 8.294533  8.288556  8.279274 ],[0.08424514 0.09555008 0.10704134 0.11932382],[8.304998 8.30393  8.302717 8.301365],[0.08359402 0.0947236  0.10591125 0.1170879 ]
DDK8,D,2e-07,9,True,False,TDD,vanilla,15,[0.02830476 0.07464094 0.11117302 0.1557736 ],[0.01261426 0.03762629 0.06853096 0.09880048],[ 8.476187 22.385986 33.478165 47.04805 ],[ 3.7602413 11.282551  20.882635  30.510601 ],[8.296978 8.292796 8.286217 8.275734],[0.12945622 0.14466354 0.15998417 0.1749782 ],[8.304958 8.305161 8.30541  8.30564 ],[0.12817776 0.14271183 0.15739685 0.17246187]
DDK8,D,2e-07,12,True,False,TDD,vanilla,15,[0.02295374 0.05748027 0.09073457 0.13944358],[0.01145686 0.03938598 0.06328811 0.09811594],[ 6.8353744 17.057453  26.86656   41.1157   ],[ 3.2574115 11.244971  17.630686  26.328882 ],[8.304707 8.299219 8.290065 8.280042],[0.14397779 0.16679871 0.19099379 0.21462959],[8.313007 8.312093 8.310837 8.309354],[0.14296053 0.16523613 0.1881396  0.2113783 ]
DDK8,D,2e-07,15,True,False,TDD,vanilla,15,[0.0242447  0.05758534 0.09446436 0.13853557],[0.01156651 0.03685698 0.0566447  0.0829578 ],[ 7.1320996 16.879402  27.962234  41.06615  ],[ 3.3094609 10.480893  16.704147  24.739038 ],[8.282478 8.272858 8.260257 8.244072],[0.18797214 0.21045788 0.23334624 0.2564317 ],[8.293565  8.2920685 8.2905855 8.289156 ],[0.18703032 0.20940296 0.23131841 0.25235698]
DDK8,D,2e-07,18,True,False,TDD,vanilla,15,[0.02531352 0.05498893 0.08905049 0.13939013],[0.01173582 0.03623096 0.05724284 0.0882513 ],[ 7.5595098 16.439413  26.793102  42.37788  ],[ 3.6147552 11.129678  17.917425  27.232641 ],[8.293585 8.287793 8.277967 8.265068],[0.22302045 0.24464495 0.265675   0.28409806],[8.305725 8.309488 8.312395 8.314784],[0.22037174 0.2390583  0.25812885 0.27720353]
DDK8,D,2e-07,21,True,False,TDD,vanilla,15,[0.02612831 0.05603646 0.09580098 0.17775184],[0.01351403 0.04040414 0.06899782 0.11203948],[ 7.512677 16.192793 28.2854   53.077618],[ 3.8993819 11.90107   21.084496  34.680584 ],[8.250499 8.242484 8.233222 8.218185],[0.24799037 0.26957715 0.2877423  0.30698743],[8.264703 8.267769 8.272947 8.279535],[0.24443386 0.26372743 0.2798239  0.2931526 ]
DDK8,D,2e-07,24,True,False,TDD,vanilla,15,[0.02752925 0.05644178 0.10448328 0.19485836],[0.01289363 0.03854141 0.07437298 0.15636937],[ 8.064847 16.581844 31.38419  58.339252],[ 3.7372422 11.516062  23.64995   44.903057 ],[8.262058 8.253717 8.24385  8.224712],[0.24524389 0.26449445 0.28270185 0.31036675],[8.277871 8.283131 8.289918 8.296556],[0.24175097 0.25661522 0.27360883 0.29408902]
DDK8,D,2e-07,27,True,False,TDD,vanilla,15,[0.03020413 0.06158274 0.11249926 0.1858008 ],[0.012907   0.04228863 0.06889211 0.13150012],[ 8.747812 17.989971 32.610012 54.316696],[ 4.068359 13.605342 21.885893 39.379158],[8.236002 8.222087 8.206928 8.189984],[0.26794058 0.29100615 0.32046896 0.35270983],[8.2537155 8.252774  8.254282  8.257275 ],[0.26518136 0.28589198 0.31270012 0.34290448]
DDK8,D,2e-07,33,True,False,TDD,vanilla,15,[0.03160134 0.06083517 0.12434237 0.20355633],[0.01508844 0.03774271 0.09011962 0.1465278 ],[ 9.349961 17.824339 37.119488 62.94104 ],[ 4.462516 10.451574 26.338095 48.24792 ],[8.274878 8.261236 8.244329 8.227562],[0.29685035 0.30273423 0.3174069  0.33084765],[8.294483 8.296839 8.303677 8.315007],[0.29260948 0.29500195 0.30127394 0.31653824]
DDK8,D,2e-07,36,True,False,TDD,vanilla,15,[0.03389847 0.06713541 0.12191229 0.2355661 ],[0.0184441  0.05326434 0.08817235 0.17123875],[ 9.651575 18.726477 34.30342  68.9271  ],[ 5.232896 14.186995 24.023357 57.70125 ],[8.232209  8.1889305 8.141793  8.092652 ],[0.3122874  0.33887053 0.36974016 0.39101833],[8.254462  8.231821  8.213254  8.2022705],[0.30821246 0.33105987 0.3529215  0.36922216]
DDK8,D,2e-07,42,True,False,TDD,vanilla,15,[0.03679437 0.08261044 0.14041074 0.23435348],[0.0201244  0.05168847 0.08796097 0.1440134 ],[10.658322 24.245132 41.062504 70.87701 ],[ 5.735853 16.662334 26.569254 47.812553],[8.246749 8.216093 8.181885 8.146816],[0.31822178 0.3360345  0.35308114 0.36252138],[8.275828 8.271634 8.268322 8.26755 ],[0.31351313 0.32876962 0.3366903  0.34487548]
DDK8,D,4e-07,3,True,False,TDD,vanilla,15,[0.01931472 0.04661383 0.08069024 0.12780371],[0.01381221 0.04134189 0.07020758 0.1017855 ],[ 5.7198887 13.849112  23.973886  37.991207 ],[ 4.1306906 12.384163  21.058172  30.58813  ],[8.28443  8.279757 8.273807 8.266831],[0.05489918 0.06311724 0.07166695 0.08003296],[8.293405 8.290766 8.28805  8.285257],[0.05372701 0.06171242 0.06978194 0.07790729]
DDK8,D,4e-07,6,True,False,TDD,vanilla,15,[0.02689136 0.06527435 0.10896394 0.1577388 ],[0.01543642 0.04380976 0.07711594 0.10551732],[ 8.012177 19.553358 32.764355 47.47407 ],[ 4.628589 13.173272 23.480444 32.23709 ],[8.291824 8.289983 8.286708 8.281192],[0.09920891 0.11312222 0.12690383 0.14012966],[8.302427 8.303819 8.305447 8.30732 ],[0.09781612 0.11133109 0.12449647 0.1372722 ]
DDK8,D,4e-07,9,True,False,TDD,vanilla,15,[0.0296272  0.07023859 0.1060457  0.15064849],[0.01266368 0.0337286  0.06163953 0.09155001],[ 8.8909855 21.115671  31.90789   45.38722  ],[ 3.7666645 10.057858  18.227007  26.821472 ],[8.2986765 8.297437  8.2942    8.288581 ],[0.12464224 0.14365771 0.1625203  0.1811982 ],[8.310682 8.313534 8.316418 8.319339],[0.1229313  0.14134116 0.15957414 0.17754117]
DDK8,D,4e-07,12,True,False,TDD,vanilla,15,[0.026503   0.05641728 0.08517621 0.12490924],[0.0126672  0.03437122 0.05463163 0.07562751],[ 7.9299455 16.961987  25.72557   38.090332 ],[ 3.7438257 10.33649   16.729687  24.349215 ],[8.301905 8.298198 8.291792 8.281994],[0.15729202 0.1790846  0.20111881 0.22244553],[8.314311 8.315415 8.316559 8.31765 ],[0.15571669 0.17662454 0.19755578 0.21827404]
DDK8,D,4e-07,15,True,False,TDD,vanilla,15,[0.02930465 0.06085655 0.09139702 0.12885204],[0.01198098 0.03513591 0.05563445 0.08036304],[ 8.898069 18.72391  28.376663 40.39867 ],[ 3.7509887 11.30523   18.40398   26.653215 ],[8.315989 8.312689 8.307123 8.297749],[0.17703953 0.19671479 0.21653455 0.23579197],[8.331775 8.336437 8.340626 8.344339],[0.17464425 0.1934692  0.21228619 0.23092636]
DDK8,D,4e-07,18,True,False,TDD,vanilla,15,[0.02932512 0.06108965 0.09582731 0.13589557],[0.01272098 0.03795321 0.05741386 0.08790094],[ 8.669591 18.091873 28.302984 39.92065 ],[ 3.8482864 11.211095  17.113003  26.25045  ],[8.270029 8.259488 8.245623 8.230209],[0.19178677 0.21248998 0.2368378  0.26537347],[8.286208 8.283078 8.280533 8.278921],[0.19004631 0.20961969 0.23211282 0.2563469 ]
DDK8,D,4e-07,21,True,False,TDD,vanilla,15,[0.03265941 0.06506438 0.10461805 0.17397586],[0.01322697 0.03778567 0.06520345 0.1263167 ],[ 9.843177 19.666714 31.986675 54.18084 ],[ 4.033385  11.5593815 21.788607  46.801155 ],[8.298056 8.285631 8.2709   8.245624],[0.21029866 0.2495817  0.29199925 0.33664677],[8.315765 8.314188 8.310797 8.306976],[0.20739509 0.2451768  0.28654093 0.3257228 ]
DDK8,D,4e-07,24,True,False,TDD,vanilla,15,[0.03592084 0.06850186 0.11463188 0.19456911],[0.01316446 0.03947863 0.07135789 0.14217767],[10.635332 20.379604 34.14069  57.947147],[ 3.943288 11.841001 21.474163 47.025852],[8.275475 8.264878 8.249034 8.228542],[0.24464172 0.27275702 0.30447212 0.33734122],[8.2942295 8.294001  8.29249   8.29053  ],[0.24053971 0.2657455  0.29513124 0.32629207]
DDK8,D,4e-07,27,True,False,TDD,vanilla,15,[0.03212893 0.06262761 0.10539655 0.17572813],[0.01491027 0.04142103 0.0722838  0.14113915],[ 9.332842 18.402372 31.309425 52.443115],[ 4.175098 12.819737 23.256166 42.021217],[8.26497   8.2575655 8.243904  8.221478 ],[0.25083593 0.26381078 0.28289515 0.31082022],[8.284804 8.288184 8.289756 8.287945],[0.24599674 0.25614992 0.27404147 0.30254942]
DDK8,D,4e-07,33,True,False,TDD,vanilla,15,[0.03716449 0.0631493  0.11415792 0.2208665 ],[0.01825356 0.03912444 0.07408908 0.17963566],[10.912828 18.52057  34.302208 67.9936  ],[ 5.703149 12.564003 25.186785 60.439278],[8.259336 8.246261 8.234561 8.216346],[0.2991749  0.32097164 0.3422721  0.3610487 ],[8.283479 8.285306 8.291762 8.302665],[0.29424185 0.31225926 0.32923257 0.3390499 ]
DDK8,D,4e-07,36,True,False,TDD,vanilla,15,[0.04332042 0.06716461 0.14137794 0.23240939],[0.02127342 0.04497486 0.12526523 0.15917979],[12.045218 18.710695 39.960155 67.407   ],[ 5.5721707 11.892563  34.482212  48.736668 ],[8.196972 8.187924 8.177158 8.147918],[0.31184596 0.3412528  0.36888608 0.4602631 ],[8.223469 8.229465 8.240253 8.252065],[0.30499366 0.32756943 0.34636486 0.3621993 ]
DDK8,D,4e-07,42,True,False,TDD,vanilla,15,[0.04109359 0.0747168  0.16630092 0.22771297],[0.02206955 0.05810753 0.11774869 0.15263632],[11.852091 21.39011  47.81721  65.946915],[ 5.5764184 15.106495  32.962814  43.63398  ],[8.268028 8.234465 8.195546 8.152254],[0.26526222 0.2905736  0.30819157 0.33117858],[8.293684 8.277752 8.263025 8.253034],[0.2600928  0.2811057  0.29591087 0.3149146 ]
DDK8,A,5e-08,3,True,False,TDD,vanilla,20,[0.01751226 0.04426787 0.08555239 0.14894526],[0.01102922 0.03579094 0.06281008 0.09335423],[ 4.152337 10.553658 20.868881 36.98077 ],[ 2.6596203  8.6175785 16.504198  25.317398 ],[8.231252 8.232427 8.230746 8.22623 ],[0.36620682 0.38163564 0.39932743 0.41899657],[8.233838 8.237641 8.241822 8.246357],[0.36562672 0.3805851  0.39700893 0.4147793 ]
DDK8,A,5e-08,6,True,False,TDD,vanilla,20,[0.02693572 0.07114655 0.12986964 0.2107147 ],[0.01551082 0.04168094 0.07699982 0.12040846],[ 6.546383 17.134571 31.926918 51.596554],[ 3.8770082 10.94722   20.27047   32.083427 ],[8.276727 8.269968 8.255397 8.230982],[0.4438065  0.48333248 0.52600974 0.5742033 ],[8.28204  8.2848   8.287399 8.290143],[0.44220755 0.47809482 0.5148415  0.55173457]
DDK8,A,5e-08,9,True,False,TDD,vanilla,20,[0.0379309  0.10999057 0.17837621 0.28182918],[0.02408491 0.09598733 0.1499078  0.26226193],[ 8.121839 21.133492 35.104324 54.332176],[ 4.0699263 11.653908  19.927443  35.662464 ],[8.223895 8.194335 8.155497 8.0982  ],[0.5520259  0.61180997 0.67804366 0.7539093 ],[8.232175 8.218963 8.206256 8.19461 ],[0.5494946  0.6048245  0.66238713 0.7200331 ]
DDK8,A,5e-08,12,True,False,TDD,vanilla,20,[0.04464776 0.13446474 0.22405136 0.36000076],[0.03510258 0.14061251 0.23080276 0.35929155],[ 7.840073 20.612473 38.0231   65.0356  ],[ 4.6938176 13.402105  25.811148  47.447536 ],[8.15695   8.1261215 8.0827    7.9973993],[0.5740077  0.65574646 0.7465654  0.8589578 ],[8.1713705 8.169162  8.165635  8.1618185],[0.5680532  0.6353437  0.7046337  0.77285534]
DDK8,A,5e-08,15,True,False,TDD,vanilla,20,[0.05624165 0.15756848 0.26031268 0.46278206],[0.05137906 0.19934694 0.25191483 0.51312727],[10.090882 26.316133 49.605072 82.694626],[ 5.77948  17.327291 38.66089  78.030754],[8.207871 8.167747 8.114844 7.994755],[0.7276264  0.81574196 0.9164207  1.058679  ],[8.229278 8.228537 8.234898 8.246084],[0.716445   0.7802941  0.83712816 0.889672  ]
DDK8,A,5e-08,18,True,False,TDD,vanilla,20,[0.0829218  0.21600285 0.3845631  0.6760554 ],[0.08955572 0.27489567 0.46994746 0.8994011 ],[11.1412525 28.49672   54.47794   96.04865  ],[ 5.9710326 18.854485  43.71876   81.75229  ],[8.13333  8.080491 8.001782 7.830565],[0.83996934 0.92559636 1.0348822  1.2229893 ],[8.165414 8.166351 8.164887 8.15692 ],[0.8150258 0.8670547 0.9366969 1.025056 ]
DDK8,A,5e-08,21,True,False,TDD,vanilla,20,[0.07781353 0.20444636 0.32238984 0.56782866],[0.06228052 0.24360193 0.26919627 0.41140282],[ 12.212398  30.759438  54.425247 110.04739 ],[ 6.662747 20.92678  42.028725 79.3597  ],[8.0644455 7.9810395 7.8736467 7.652216 ],[0.9114339 0.9872954 1.0673586 1.2177838],[8.097888  8.0776415 8.057297  8.0439825],[0.8918794  0.9238005  0.95249516 0.97904676]
DDK8,A,5e-08,24,True,False,TDD,vanilla,20,[0.09246522 0.21011814 0.39971882 0.5730931 ],[0.0976462  0.2622082  0.46582645 0.44636205],[ 14.367999  30.47706   68.1005   127.260155],[  9.360011  24.616915  64.87381  108.11605 ],[8.207614  8.127384  7.973755  7.6726885],[0.79713684 0.8850115  1.002215   1.2696071 ],[8.248478 8.227171 8.202078 8.1868  ],[0.7698817  0.82811874 0.88698286 0.9156224 ]
DDK8,A,5e-08,27,True,False,TDD,vanilla,20,[0.10673514 0.24798353 0.43736038 0.76669145],[0.10181123 0.23071365 0.38464862 0.8089135 ],[ 15.626862  38.975304  78.48007  135.43353 ],[ 10.118578  31.437538  67.35333  123.61506 ],[8.02961   7.9362187 7.768689  7.4503913],[0.83571607 0.9208033  1.0570384  1.2916641 ],[8.073305 8.057036 8.035699 8.017298],[0.81447893 0.87702554 0.95565355 1.0139018 ]
DDK8,A,5e-08,33,True,False,TDD,vanilla,20,[0.16898064 0.36096698 0.69309294 0.82325476],[0.22439495 0.5230395  0.90177524 0.69047964],[ 19.955956  50.19376  111.997284 180.4162  ],[ 12.766383  47.35741  102.75413  174.33748 ],[8.11173   7.990738  7.6732354 7.327796 ],[1.0045598 1.1447027 1.4068938 1.4591463],[8.180847  8.193614  8.203002  8.1704445],[0.9456215  0.95782167 0.92753166 0.9645922 ]
DDK8,A,5e-08,36,True,False,TDD,vanilla,20,[0.19613497 0.45494184 1.0387889  1.1408741 ],[0.28388458 0.5552912  1.8791671  1.0727621 ],[ 21.542261  58.946117 129.63814  220.67012 ],[ 13.017042  50.547905 113.27948  174.93881 ],[8.010995  7.829749  7.4105186 6.868742 ],[0.9045402 1.0714703 1.4277625 1.6434903],[8.093336 8.087319 8.075918 8.088953],[0.84122604 0.8823591  0.96047276 0.99210644]
DDK8,A,5e-08,42,True,False,TDD,vanilla,20,[0.23782894 0.52957326 0.7814268  1.1418046 ],[0.25218815 0.6077986  0.5965162  1.0330793 ],[ 25.657175  74.97409  144.69139  216.50537 ],[ 20.057291  62.928246 118.45187  160.66817 ],[7.7084017 7.464334  7.0829573 6.6908593],[1.1361462 1.3659639 1.5730711 1.4809191],[7.833758 7.885902 7.919857 7.917343],[1.0413706 1.023846  1.0217247 1.0423343]
DDK8,A,2e-07,3,True,False,TDD,vanilla,20,[0.01994588 0.04582733 0.07962435 0.13279745],[0.01182645 0.03852512 0.06034089 0.08903093],[ 4.551232 10.959499 19.430937 33.602097],[ 2.9714105 10.175488  15.946258  23.4976   ],[8.12348  8.12405  8.121444 8.115599],[0.62975097 0.6335292  0.63896865 0.6459213 ],[8.130689 8.134304 8.138219 8.142409],[0.6257091 0.6282687 0.6312905 0.6347323]
DDK8,A,2e-07,6,True,False,TDD,vanilla,20,[0.02710661 0.06945737 0.12266037 0.1951186 ],[0.01799353 0.06154177 0.10431389 0.16350932],[ 6.7077465 17.240047  31.098213  50.58009  ],[ 4.246178 13.653243 23.656906 35.45764 ],[8.266772 8.26376  8.255209 8.23923 ],[0.6057956  0.62574965 0.6508468  0.6842044 ],[8.274826 8.279523 8.284403 8.289545],[0.6015826  0.61828643 0.63822275 0.6610321 ]
DDK8,A,2e-07,9,True,False,TDD,vanilla,20,[0.03190466 0.07658292 0.12072067 0.18811963],[0.01863417 0.05109407 0.08545655 0.13080251],[ 7.443971 17.90168  28.32918  44.669594],[ 3.7732704 10.975034  19.828445  33.924805 ],[8.20126  8.1971   8.183843 8.150916],[0.6784459  0.7044521  0.73481196 0.78702503],[8.212872 8.222125 8.22945  8.234579],[0.6716166  0.6904289  0.7124399  0.73767006]
DDK8,A,2e-07,12,True,False,TDD,vanilla,20,[0.04259087 0.1054005  0.1671291  0.25446528],[0.02830263 0.09844363 0.13631536 0.17420597],[ 8.460211 19.482563 31.862144 51.47435 ],[ 3.7167628 11.9919195 24.015184  43.61931  ],[8.099632  8.053478  7.994688  7.9151073],[0.73655707 0.7893088  0.85520774 0.93677926],[8.118894 8.099322 8.080267 8.061373],[0.72288525 0.7593847  0.79724795 0.8372211 ]
DDK8,A,2e-07,15,True,False,TDD,vanilla,20,[0.05610188 0.1411723  0.23486435 0.37054244],[0.04950089 0.15629381 0.26671636 0.35871342],[ 8.834653 20.109684 35.93304  63.55671 ],[ 3.8417277 11.382087  24.769753  50.13531  ],[7.931346 7.879396 7.814898 7.70386 ],[0.8323917  0.9087527  0.99274296 1.1042285 ],[7.960368 7.953955 7.952423 7.9545  ],[0.8137213 0.856927  0.8997762 0.942242 ]
DDK8,A,2e-07,18,True,False,TDD,vanilla,20,[0.05410868 0.1311741  0.24054754 0.4370484 ],[0.04049377 0.1263652  0.26518828 0.5444412 ],[ 9.905349 22.059345 41.08815  71.47228 ],[ 3.861604  11.1962185 26.813868  52.748966 ],[8.097882  8.035746  7.9469233 7.7819657],[0.82876074 0.8966228  0.9863906  1.1450722 ],[8.126295 8.107923 8.089695 8.074124],[0.8090824  0.8441579  0.88169974 0.92264533]
DDK8,A,2e-07,21,True,False,TDD,vanilla,20,[0.0643582  0.14219701 0.2842054  0.49503174],[0.0418915  0.1098353  0.3149884  0.40911987],[11.380353 23.644966 46.54056  95.46112 ],[ 4.0764227 11.887563  29.699238  59.70592  ],[8.07459   8.021771  7.931458  7.7347784],[0.8714805 0.9277493 1.0167701 1.1596545],[8.111541 8.108097 8.098149 8.079145],[0.84507656 0.87269056 0.9155379  0.9743686 ]
DDK8,A,2e-07,24,True,False,TDD,vanilla,20,[0.07361588 0.15640974 0.30624455 0.5415067 ],[0.07150272 0.16321254 0.24851187 0.4657838 ],[ 12.071329  24.681128  56.49953  112.24672 ],[ 5.0895314 15.318948  34.870426  80.02433  ],[8.060254  7.9712377 7.837505  7.6117883],[0.8614633  0.98162675 1.1188725  1.2983752 ],[8.102798 8.079458 8.073869 8.082761],[0.8285165 0.893055  0.9226012 0.9377865]
DDK8,A,2e-07,27,True,False,TDD,vanilla,20,[0.06518938 0.1638533  0.3328817  0.5412274 ],[0.04542866 0.15267636 0.27103353 0.45590943],[ 11.783682  29.005474  62.879593 111.17669 ],[  5.2661734  25.413864   59.08082   108.29515  ],[8.07049   7.975314  7.8102355 7.498985 ],[0.81403846 0.9080122  1.0380551  1.2914032 ],[8.11104  8.084653 8.048851 8.015041],[0.78864    0.83198315 0.884727   0.9329143 ]
DDK8,A,2e-07,33,True,False,TDD,vanilla,20,[0.08604788 0.24075131 0.49380028 0.7286473 ],[0.0639925  0.19672222 0.38425508 0.4492353 ],[ 15.9798765  47.7872    109.75691   174.12138  ],[  9.076102  43.97078  100.66764  160.25537 ],[8.16325   8.049695  7.78978   7.3454866],[0.842369  0.9364441 1.1229746 1.4323409],[8.216682  8.2085085 8.163704  8.084707 ],[0.8136454 0.8615523 0.9495743 1.0525955]
DDK8,A,2e-07,36,True,False,TDD,vanilla,20,[0.10824826 0.28138557 0.66008794 0.9401095 ],[0.09034345 0.29790905 0.8083181  0.671772  ],[ 17.704626  46.69411  115.159485 210.77858 ],[ 10.128482  40.371582  99.701584 172.9009  ],[8.008092  7.848583  7.5309267 7.189582 ],[0.87327296 1.0089796  1.2791862  1.3736339 ],[8.077505 8.06925  8.089985 8.128924],[0.82759804 0.8323908  0.8334932  0.87066954]
DDK8,A,2e-07,42,True,False,TDD,vanilla,20,[0.13340612 0.4025615  0.7280699  0.9911628 ],[0.11406217 0.48548457 0.6675039  0.7385691 ],[ 21.25035   60.575283 129.00797  205.24211 ],[ 20.654165  66.2105   161.026    174.50221 ],[7.836232  7.56664   7.1885653 6.8440685],[1.0177548 1.2515228 1.4253808 1.5010235],[7.927911  7.910005  7.917583  7.9121513],[0.96075475 0.9710648  0.9386558  0.9704687 ]
DDK8,A,4e-07,3,True,False,TDD,vanilla,20,[0.02270717 0.04946991 0.08399735 0.13718526],[0.01096934 0.03734207 0.06338169 0.09623765],[ 6.562292 14.313804 24.223383 39.79059 ],[ 3.2423093 11.081777  18.973612  29.50997  ],[8.130307 8.125182 8.116917 8.104875],[0.3416786  0.35036817 0.36080953 0.37322468],[8.140506 8.137633 8.134504 8.131127],[0.34248444 0.35056454 0.35972664 0.36985973]
DDK8,A,4e-07,6,True,False,TDD,vanilla,20,[0.02978243 0.06797251 0.10934608 0.16207388],[0.01320747 0.04015593 0.06317671 0.09272021],[ 8.344246 18.522253 29.84243  44.156372],[ 3.8947048 11.10576   17.954746  26.511297 ],[8.162993 8.156494 8.142904 8.120214],[0.3905004  0.42129847 0.45624486 0.49543568],[8.176272 8.178738 8.180604 8.181811],[0.39123917 0.4205529  0.45303023 0.4878832 ]
DDK8,A,4e-07,9,True,False,TDD,vanilla,20,[0.03415756 0.07650744 0.11298802 0.16796601],[0.014412   0.04376116 0.06594801 0.10226359],[ 9.455165 20.353992 29.96106  44.843983],[ 3.8081384  9.767376  16.606869  27.993443 ],[8.16741  8.151222 8.128639 8.092403],[0.47731292 0.5219912  0.5659589  0.62674713],[8.184002 8.182483 8.180069 8.177103],[0.4719663  0.5057804  0.54053843 0.5759417 ]
DDK8,A,4e-07,12,True,False,TDD,vanilla,20,[0.03855535 0.07845727 0.12263597 0.19997692],[0.01570286 0.04276828 0.07287804 0.12376069],[10.202498 20.05408  31.420294 52.117775],[ 4.0392437 10.166152  18.666115  30.483902 ],[8.133199 8.112585 8.080303 8.011816],[0.57850575 0.6334043  0.69157773 0.7688592 ],[8.15235  8.154115 8.15547  8.156445],[0.5726108  0.6156969  0.65478444 0.68982166]
DDK8,A,4e-07,15,True,False,TDD,vanilla,20,[0.04417245 0.09524626 0.15508604 0.24932227],[0.02465363 0.0668907  0.11288914 0.15970421],[10.147724 20.710386 35.24998  59.111237],[ 4.051579  9.429947 20.900469 42.5241  ],[8.041067  8.017412  7.9818873 7.905094 ],[0.5811965  0.63823235 0.703397   0.7866203 ],[8.066401 8.071935 8.077987 8.082911],[0.5711157  0.6151953  0.66565377 0.7195561 ]
DDK8,A,4e-07,18,True,False,TDD,vanilla,20,[0.04893788 0.10662837 0.20023236 0.35213375],[0.02353338 0.07939568 0.1552704  0.28611416],[11.537708 24.731962 50.50669  95.861565],[ 4.4642086 12.774907  37.308495  80.07541  ],[8.062996 8.058545 8.033214 7.932251],[0.632469   0.70014787 0.7871268  0.90551203],[8.09442  8.127554 8.160606 8.190095],[0.6232103  0.6795312  0.74975705 0.8271956 ]
DDK8,A,4e-07,21,True,False,TDD,vanilla,20,[0.0552303  0.11948416 0.22449669 0.3970179 ],[0.03275635 0.09218621 0.17372678 0.26942548],[ 12.033019  25.317398  51.340965 100.77187 ],[ 4.7449226 14.645031  42.00506   77.93776  ],[7.9857683 7.975144  7.9228034 7.7780757],[0.6906411 0.7642801 0.8698449 1.0107685],[8.028134 8.068816 8.101429 8.12289 ],[0.67326814 0.7159541  0.7663214  0.81699765]
DDK8,A,4e-07,24,True,False,TDD,vanilla,20,[0.06315778 0.14190748 0.29919186 0.5310614 ],[0.03703982 0.09990104 0.2082303  0.31136546],[ 12.171289  24.961454  52.87157  101.643875],[ 4.7393847 12.958511  34.624977  67.67328  ],[7.883854  7.7798705 7.616878  7.307107 ],[0.7663311 0.872053  1.015158  1.2542542],[7.927203  7.8822603 7.847619  7.832544 ],[0.74526685 0.8172085  0.8804765  0.9221472 ]
DDK8,A,4e-07,27,True,False,TDD,vanilla,20,[0.07067987 0.17190956 0.3538385  0.5504816 ],[0.04536128 0.15073033 0.31532928 0.39657253],[ 14.336373  33.829506  75.6057   135.22182 ],[  6.4169965  25.930851   69.624565  127.17272  ],[7.9372277 7.8567867 7.689471  7.460391 ],[0.73375106 0.81715983 0.9530891  1.1310333 ],[7.9919696 7.989279  7.998762  8.014314 ],[0.70994437 0.749423   0.7883426  0.81563747]
DDK8,A,4e-07,33,True,False,TDD,vanilla,20,[0.09527904 0.2518872  0.52537614 0.714833  ],[0.10292812 0.23113507 0.49661055 0.50655925],[ 16.766886  45.023907 101.51755  169.28291 ],[  7.415232  36.59016   78.95886  133.72049 ],[7.9286895 7.7687616 7.4907618 7.151994 ],[0.74101853 0.88351506 1.124541   1.3195407 ],[7.995203  7.9802413 7.973531  7.9859047],[0.70891154 0.7746805  0.8564755  0.92781574]
DDK8,A,4e-07,36,True,False,TDD,vanilla,20,[0.07986624 0.19316539 0.42639735 0.6834216 ],[0.04669254 0.12543122 0.278037   0.4271211 ],[ 17.630999  42.31207   94.69817  157.19373 ],[ 7.7082214 27.14282   64.40479   95.90453  ],[8.047061  7.9244714 7.6411157 7.1575236],[0.8627555 0.9211593 1.0584205 1.3227371],[8.108352 8.090845 8.035079 7.95603 ],[0.8385771  0.8493455  0.87210375 0.9073687 ]
DDK8,A,4e-07,42,True,False,TDD,vanilla,20,[0.13149697 0.35088313 0.6460948  0.89140207],[0.1205077  0.25147694 0.3890045  0.49478468],[ 22.464607  75.21331  163.88127  249.93149 ],[ 12.1001005  57.5661    132.30188   177.75058  ],[7.8219557 7.6912665 7.3415895 6.978917 ],[0.8650705 0.9655189 1.1565825 1.345763 ],[7.9211125 8.026638  8.094642  8.118456 ],[0.81548744 0.8076006  0.8508136  0.89531356]
DDK8,C,5e-08,3,True,False,TDD,vanilla,20,[0.02275231 0.05758981 0.10820086 0.18689238],[0.01410493 0.04595648 0.07957263 0.13046579],[ 5.0799904 12.914812  25.013264  43.835815 ],[ 2.9574752  9.747599  18.656343  29.589453 ],[8.319935  8.312444  8.2971525 8.271445 ],[0.20003358 0.21253303 0.2283173  0.24895161],[8.326575 8.326315 8.326018 8.325577],[0.19877578 0.20899162 0.22026956 0.2324996 ]
DDK8,C,5e-08,6,True,False,TDD,vanilla,20,[0.03696251 0.09948485 0.18156269 0.28741828],[0.02021274 0.06941142 0.1313534  0.19144766],[ 7.217335 18.454098 34.400967 57.685387],[ 3.228516  9.560614 18.21926  31.061594],[8.217344  8.1875925 8.141618  8.064815 ],[0.30136287 0.3260406  0.3561175  0.3979528 ],[8.230418 8.22319  8.218066 8.215206],[0.29918042 0.32049295 0.3425427  0.3658508 ]
DDK8,C,5e-08,9,True,False,TDD,vanilla,20,[0.04767974 0.14902592 0.23352106 0.36064288],[0.032027   0.17689966 0.17915352 0.23701893],[ 8.748802 22.84561  45.07695  76.26727 ],[ 3.3066604 10.757805  24.797459  45.56765  ],[8.23592   8.196785  8.117866  7.9790215],[0.39810476 0.44467908 0.50512016 0.5929405 ],[8.254384 8.254124 8.254158 8.25498 ],[0.39488202 0.43240994 0.46764877 0.49863467]
DDK8,C,5e-08,12,True,False,TDD,vanilla,20,[0.05620165 0.15892968 0.31540254 0.49005648],[0.05817016 0.12850215 0.23194577 0.2967828 ],[  9.850237  28.822659  63.10301  105.85313 ],[ 4.315037 18.637474 46.090343 75.34815 ],[8.2626915 8.185268  8.019428  7.765505 ],[0.41558748 0.4603905  0.56727463 0.7732462 ],[8.288876  8.277489  8.269999  8.2660885],[0.40042427 0.41886386 0.44892526 0.4908567 ]
DDK8,C,5e-08,15,True,False,TDD,vanilla,20,[0.06711669 0.2167729  0.41781148 0.5557369 ],[0.04558715 0.17280027 0.3811623  0.3365659 ],[ 11.892793  40.004635  83.15395  132.05263 ],[ 6.6893697 30.223326  63.441204  93.81353  ],[8.2528    8.163331  7.9639683 7.697328 ],[0.40913442 0.47492003 0.67546445 0.959097  ],[8.284434 8.291013 8.302465 8.324361],[0.4031638  0.44232005 0.4866336  0.5346952 ]
DDK8,C,5e-08,18,True,False,TDD,vanilla,20,[0.12621783 0.34946576 0.58401775 0.7698477 ],[0.12649561 0.2997343  0.40315324 0.41786563],[ 17.659771  64.28694  119.833015 168.70074 ],[ 12.19353   52.258976  93.679054 124.52106 ],[8.1288185 7.8878584 7.4732494 7.0110064],[0.56867623 0.7724751  1.0954362  1.3193855 ],[8.200162 8.199213 8.199512 8.190836],[0.5350562  0.57275265 0.58666337 0.60950494]
DDK8,C,5e-08,21,True,False,TDD,vanilla,20,[0.13485046 0.36936077 0.6100738  0.82917213],[0.11022525 0.28303373 0.42701614 0.42285   ],[ 21.875038  73.04507  126.78684  191.91774 ],[ 15.6880455  63.536552   99.76294   122.9206   ],[8.190002  7.9043913 7.481504  7.0037293],[0.5276729  0.77570724 1.2030649  1.5149845 ],[8.273708 8.270968 8.278294 8.289778],[0.4893335 0.5536807 0.6028044 0.6329883]
DDK8,C,5e-08,24,True,False,TDD,vanilla,20,[0.16461337 0.42753524 0.6675116  0.8120415 ],[0.15529393 0.34283385 0.4313287  0.43547773],[ 27.275782  82.85283  142.4701   202.31476 ],[ 23.19232   67.4689   103.258446 140.47253 ],[8.119802  7.7346635 7.375691  6.806156 ],[0.607787  1.0292095 1.0964231 1.6218374],[8.232507 8.229933 8.229175 8.226252],[0.56549513 0.60039735 0.6194327  0.6659933 ]
DDK8,C,5e-08,27,True,False,TDD,vanilla,20,[0.24066673 0.50720125 0.7865652  0.8950015 ],[0.31885806 0.38534263 0.5187586  0.5002478 ],[ 33.982765  94.53675  152.52     202.40239 ],[ 30.154211  78.0104   101.91023  115.59956 ],[7.994668  7.505675  7.0860424 6.7040453],[0.6941285 1.2080631 1.3273289 1.5774996],[8.173424 8.189116 8.193333 8.201783],[0.5681614  0.57618004 0.5760544  0.6105042 ]
DDK8,C,5e-08,33,True,False,TDD,vanilla,20,[0.323354   0.70341146 0.93395823 1.0963683 ],[0.3738442  0.6293904  0.60586774 0.60811913],[ 54.14187 129.62285 195.29898 252.55217],[ 53.155163  97.70649  130.79735  148.42546 ],[7.8866687 7.266044  6.823726  6.4351344],[0.7280633 1.2231514 1.3381872 1.4381078],[8.163975 8.166744 8.197453 8.228497],[0.55520767 0.59197205 0.6344895  0.69245917]
DDK8,C,5e-08,36,True,False,TDD,vanilla,20,[0.49110427 0.9672205  1.1715055  1.2774929 ],[0.40178213 0.64078724 0.7140646  0.7248364 ],[ 83.17319 181.6442  244.65955 287.24945],[ 73.7318  124.79908 141.83241 151.69504],[7.738163  6.8688216 6.246855  5.8958387],[0.85500515 1.4144903  1.5447587  1.4631037 ],[8.201372 8.212413 8.186459 8.202197],[0.5879251 0.6015146 0.5885965 0.6164567]
DDK8,C,5e-08,42,True,False,TDD,vanilla,20,[0.75093305 0.9426771  1.1665947  1.1665313 ],[1.1911824 0.7851135 0.6584932 0.581092 ],[118.13744 170.00438 215.56969 271.41257],[121.438034 114.29517  115.592094 171.62212 ],[7.3011823 6.68827   6.1986885 5.743251 ],[1.3089335 1.5614744 1.6419612 1.8231015],[8.154698 8.128567 8.085518 8.078484],[0.6038881  0.6198292  0.71537834 0.8178851 ]
DDK8,C,2e-07,3,True,False,TDD,vanilla,20,[0.02047477 0.04789058 0.08720493 0.14670059],[0.00966613 0.03216385 0.05597827 0.08592946],[ 5.4566717 13.098442  23.974411  40.771324 ],[ 2.6827254  9.181303  16.031006  24.93897  ],[8.2609415 8.252724  8.236346  8.211045 ],[0.16592889 0.17877764 0.19387276 0.21233231],[8.269406 8.268143 8.26673  8.265156],[0.16525045 0.17695566 0.18965855 0.20317249]
DDK8,C,2e-07,6,True,False,TDD,vanilla,20,[0.02920064 0.07100516 0.12768397 0.20288017],[0.01035361 0.03264647 0.06309316 0.10803048],[ 7.817814 19.0645   34.29949  54.567528],[ 2.899334  8.87447  17.146666 29.234957],[8.273465 8.243446 8.193897 8.114678],[0.24108683 0.2703921  0.31055218 0.37238884],[8.289013 8.28343  8.278104 8.273454],[0.23840481 0.2612574  0.2851649  0.3086477 ]
DDK8,C,2e-07,9,True,False,TDD,vanilla,20,[0.03465994 0.08438141 0.15316373 0.25184956],[0.01128554 0.03589464 0.07667395 0.12857176],[ 8.87162  21.546543 39.658886 67.119865],[ 2.4860651  7.9220924 19.169804  35.32562  ],[8.245931 8.214196 8.151751 8.0422  ],[0.30502373 0.3509893  0.40529072 0.4826103 ],[8.265249 8.267987 8.272074 8.276913],[0.30145794 0.33881113 0.3764504  0.4147206 ]
DDK8,C,2e-07,12,True,False,TDD,vanilla,20,[0.03821033 0.1083104  0.22067289 0.36004525],[0.01575434 0.06402929 0.1543892  0.22303112],[ 9.649283 27.02204  56.420116 96.995186],[ 3.719276 15.19455  37.89504  67.77878 ],[8.249598  8.1847515 8.044788  7.8306956],[0.35325527 0.41703996 0.51964194 0.6793904 ],[8.275466 8.271283 8.26691  8.262678],[0.34935436 0.39719546 0.44388452 0.48593506]
DDK8,C,2e-07,15,True,False,TDD,vanilla,20,[0.05173627 0.16345106 0.3232597  0.50120044],[0.02749891 0.10650334 0.19963479 0.2663406 ],[ 12.484766  39.78353   83.687035 135.1231  ],[ 6.654703 24.493744 52.645855 80.92607 ],[8.164314  8.045005  7.8021464 7.4533663],[0.46044952 0.53879    0.7200033  0.9660149 ],[8.207965 8.210038 8.215867 8.224112],[0.45113933 0.4856871  0.5191998  0.54643935]
DDK8,C,2e-07,18,True,False,TDD,vanilla,20,[0.06195053 0.19619136 0.36606976 0.5328395 ],[0.04528309 0.14874837 0.24731591 0.27376035],[ 14.525662  51.587017 105.08914  160.61139 ],[  9.227147  44.22814   96.01607  128.0145  ],[8.203787 8.048829 7.74433  7.387277],[0.51178247 0.6097946  0.8497358  1.0692688 ],[8.257838 8.261139 8.260707 8.264115],[0.49564663 0.5484521  0.60611343 0.6623807 ]
DDK8,C,2e-07,21,True,False,TDD,vanilla,20,[0.07655581 0.24059649 0.409151   0.5776795 ],[0.0618563  0.2036945  0.28204945 0.27257076],[ 19.005909  65.01164  117.9175   173.0984  ],[ 16.08393   62.579853 100.17095  110.23782 ],[8.16524   7.9332404 7.5523753 7.2319417],[0.50050247 0.6965932  1.1118355  1.2731003 ],[8.236614 8.255446 8.269096 8.275333],[0.48349896 0.5265164  0.5651753  0.60599506]
DDK8,C,2e-07,24,True,False,TDD,vanilla,20,[0.10830878 0.34157342 0.5549441  0.76419497],[0.07883757 0.21789612 0.27500215 0.30821404],[ 24.231997  85.89032  147.95506  209.74374 ],[ 18.499184  64.38002   98.54286  116.34243 ],[8.024979  7.6734905 7.2126646 6.6326857],[0.6086234 0.811724  1.0794755 1.5007443],[8.131182 8.132619 8.148181 8.162027],[0.5804273  0.61564034 0.6213094  0.64173055]
DDK8,C,2e-07,27,True,False,TDD,vanilla,20,[0.11635371 0.34524384 0.5737881  0.7363742 ],[0.07935402 0.22692817 0.31331435 0.33464125],[ 27.003014  85.663185 145.93819  191.59013 ],[ 18.804993  65.05929   95.01329  109.65867 ],[8.043102  7.6603847 7.0998216 6.6107917],[0.58714336 0.83677197 1.219343   1.4500458 ],[8.16426  8.148859 8.14116  8.125651],[0.5455145  0.57448643 0.5996173  0.65095395]
DDK8,C,2e-07,33,True,False,TDD,vanilla,20,[0.21167672 0.50376445 0.71119237 0.8305905 ],[0.18500008 0.34275806 0.38525763 0.31041506],[ 46.517433 117.19709  173.32768  221.72844 ],[ 38.104797  87.149925 103.146706 121.63413 ],[7.889029  7.2787547 6.814012  6.4574447],[0.76026624 1.1618565  1.4357382  1.3246068 ],[8.134128 8.123875 8.132454 8.157437],[0.62713987 0.62046474 0.62091714 0.6189508 ]
DDK8,C,2e-07,36,True,False,TDD,vanilla,20,[0.20796385 0.50847787 0.68277735 0.8212336 ],[0.23796907 0.46946225 0.39283037 0.41275597],[ 49.76499  124.010345 175.29045  219.87383 ],[ 58.02186  103.112526  97.76693  110.12592 ],[7.9976106 7.422852  6.94993   6.564483 ],[0.677022  1.1752222 1.4441957 1.5089136],[8.223166 8.203659 8.193959 8.197771],[0.5721486  0.62228054 0.6435787  0.6443599 ]
DDK8,C,2e-07,42,True,False,TDD,vanilla,20,[0.32393357 0.6080416  0.81684554 1.0163734 ],[0.38296986 0.38459265 0.3776177  0.49889824],[ 79.401184 153.41614  218.634    281.32312 ],[126.4203  100.60477 126.93845 154.40065],[7.735962  7.1499705 6.6927443 6.2443404],[1.0474256 1.4122682 1.3274332 1.2650603],[8.202137 8.208331 8.213117 8.186108],[0.62006235 0.64596266 0.66607225 0.7035478 ]
DDK8,C,4e-07,3,True,False,TDD,vanilla,20,[0.02111599 0.04549983 0.08065071 0.13275571],[0.00943111 0.03118255 0.0543072  0.08104265],[ 6.095291 13.429373 23.841612 39.546635],[ 3.0116746  9.935977  17.220201  25.4709   ],[8.305967 8.302245 8.292212 8.275599],[0.18288451 0.19692644 0.21258679 0.23056127],[8.31983  8.321709 8.323363 8.324781],[0.1824369  0.19586535 0.21045375 0.22601187]
DDK8,C,4e-07,6,True,False,TDD,vanilla,20,[0.02899429 0.06472761 0.11057626 0.1727654 ],[0.0108113  0.03286492 0.05331403 0.07788697],[ 7.9335346 17.815424  30.55916   48.09168  ],[ 3.245763  9.482305 15.98044  23.97427 ],[8.239007 8.222801 8.196004 8.154858],[0.26682392 0.28907508 0.31372106 0.34528294],[8.259438 8.260148 8.261916 8.265042],[0.26467186 0.2839932  0.30338576 0.3230583 ]
DDK8,C,4e-07,9,True,False,TDD,vanilla,20,[0.03452871 0.07880316 0.13512392 0.2201868 ],[0.01060181 0.03278718 0.06371273 0.10785783],[ 9.349611 20.92279  35.669785 57.826584],[ 2.9881783  8.498843  17.469498  31.450775 ],[8.274642 8.238605 8.180292 8.083933],[0.3418568  0.3888467  0.44123262 0.50905627],[8.299542  8.2919655 8.284302  8.276176 ],[0.3363756  0.3739166  0.41209707 0.44999707]
DDK8,C,4e-07,12,True,False,TDD,vanilla,20,[0.03873499 0.09345984 0.17781593 0.30160186],[0.01207976 0.04102411 0.08799895 0.15027344],[10.252142 24.384563 47.069805 81.1306  ],[ 3.374446 10.795774 24.891163 46.654938],[8.222313 8.172596 8.073328 7.915277],[0.37114614 0.41562146 0.47624835 0.5737431 ],[8.254019 8.249561 8.239468 8.22615 ],[0.36668321 0.40296978 0.44160876 0.48203832]
DDK8,C,4e-07,15,True,False,TDD,vanilla,20,[0.04395185 0.11988794 0.24164191 0.38395673],[0.01680823 0.06575891 0.14111531 0.2232585 ],[ 11.752232  32.8325    69.64192  115.55372 ],[ 4.1753483 18.32531   47.745525  88.256165 ],[8.258139  8.185102  8.046223  7.7822504],[0.3736289  0.44998708 0.5557164  0.7866118 ],[8.300738 8.310435 8.318503 8.321449],[0.36233523 0.4033232  0.448278   0.4995451 ]
DDK8,C,4e-07,18,True,False,TDD,vanilla,20,[0.05708085 0.16895367 0.3072567  0.46140593],[0.03187364 0.12385503 0.20480485 0.24554183],[ 14.415886  43.41475   84.65718  135.6361  ],[ 7.1119547 28.384811  54.606846  83.98452  ],[8.189348  8.061836  7.840557  7.5808935],[0.5297009 0.6620526 0.9083067 1.092876 ],[8.245845 8.256775 8.268593 8.282536],[0.5129303  0.5608195  0.60647964 0.64250934]
DDK8,C,4e-07,21,True,False,TDD,vanilla,20,[0.0760719  0.22817187 0.39846826 0.6303574 ],[0.05197091 0.16007513 0.23775946 0.28156963],[ 18.189306  58.961414 110.09709  188.3379  ],[ 10.608699  43.791767  76.602745 107.9284  ],[8.1308155 7.9462996 7.665869  7.225897 ],[0.5163088  0.64804995 0.878518   1.1656747 ],[8.208268 8.233376 8.263854 8.301309],[0.48909435 0.49843127 0.5081799  0.52443814]
DDK8,C,4e-07,24,True,False,TDD,vanilla,20,[0.08518307 0.26290601 0.4608812  0.61428833],[0.05233724 0.18691364 0.269918   0.26378167],[ 20.93582  67.39881 121.65685 171.88943],[ 13.72049   56.319122  86.077675 106.14661 ],[8.139024 7.900801 7.48899  7.144498],[0.5203183  0.6456624  0.98481137 1.1225078 ],[8.224326 8.216809 8.205311 8.196901],[0.5019927  0.53854054 0.5763094  0.6127203 ]
DDK8,C,4e-07,27,True,False,TDD,vanilla,20,[0.10025777 0.26979113 0.4409029  0.62339044],[0.07089878 0.17969012 0.21689929 0.23248774],[ 26.230192  72.29064  120.06964  176.25342 ],[ 24.374336  60.50298   79.83031  104.15525 ],[8.103737  7.851163  7.5774755 7.2076693],[0.5385142  0.68230224 0.84345895 0.9787274 ],[8.212278 8.205426 8.209401 8.201062],[0.52702165 0.5741107  0.6127436  0.64407486]
DDK8,C,4e-07,33,True,False,TDD,vanilla,20,[0.14779355 0.349678   0.5463164  0.71540916],[0.1104252  0.2317393  0.29234248 0.30341113],[ 35.399918  87.940994 140.11333  189.24165 ],[ 26.32653   63.451843  80.93612  100.41355 ],[8.018932  7.6878996 7.378802  6.9692245],[0.71989    0.98232275 1.1199988  1.3432014 ],[8.183739 8.192224 8.175432 8.147135],[0.6432265  0.66101295 0.6978664  0.7402622 ]
DDK8,C,4e-07,36,True,False,TDD,vanilla,20,[0.17863663 0.4184924  0.6432233  0.7682429 ],[0.15401585 0.26144892 0.3282648  0.30067235],[ 44.70175 112.25488 176.82204 225.80945],[ 34.750195  72.088936  99.89635  115.67176 ],[8.064264  7.6264286 7.1070943 6.8188233],[0.7075694 1.0684313 1.4508032 1.4937905],[8.265757  8.2690735 8.257155  8.252183 ],[0.6276491  0.67769957 0.705928   0.7128718 ]
DDK8,C,4e-07,42,True,False,TDD,vanilla,20,[0.23317964 0.49075708 0.6829241  0.88556075],[0.20412357 0.28251094 0.313394   0.30522245],[ 60.812332 130.38126  182.30869  251.84445 ],[ 64.74541 100.07516 101.01675 126.19348],[7.9041805 7.4631495 7.016033  6.315467 ],[0.70021904 0.8708946  1.1570432  1.4089047 ],[8.192731 8.206451 8.21126  8.215601],[0.59920657 0.60754186 0.64400005 0.6513544 ]
DDK8,D,5e-08,3,True,False,TDD,vanilla,20,[0.01189856 0.03675314 0.06662578 0.1169345 ],[0.01353886 0.04179236 0.06738458 0.10173161],[ 3.5089846 10.864553  19.728899  34.677967 ],[ 3.9899292 12.302028  19.908728  29.97157  ],[8.297778 8.295285 8.291788 8.286267],[0.07502071 0.08055962 0.08666879 0.09321962],[8.299658 8.29858  8.297538 8.29653 ],[0.07468852 0.07996947 0.08556426 0.0913942 ]
DDK8,D,5e-08,6,True,False,TDD,vanilla,20,[0.01535006 0.04576985 0.08172087 0.12816867],[0.01360974 0.03964486 0.06714419 0.0872139 ],[ 4.5919447 13.701412  24.479698  38.430378 ],[ 4.032366 11.72996  19.877554 26.10318 ],[8.309171 8.306477 8.301763 8.292312],[0.1204415  0.13303481 0.14634544 0.16183394],[8.311767 8.311415 8.310966 8.310436],[0.12025459 0.13231722 0.14488111 0.15781623]
DDK8,D,5e-08,9,True,False,TDD,vanilla,20,[0.01981806 0.05553679 0.08708736 0.13264774],[0.01282659 0.03638554 0.06271099 0.08682194],[ 5.908429 16.524069 25.810688 39.22295 ],[ 3.8547103 10.949118  18.812418  26.701319 ],[8.294353 8.286208 8.27473  8.257845],[0.13243602 0.15339497 0.17647742 0.20180145],[8.297676 8.293371 8.288761 8.283954],[0.1321482  0.15266456 0.17479543 0.19807528]
DDK8,D,5e-08,12,True,False,TDD,vanilla,20,[0.01812076 0.04847899 0.07616194 0.12376288],[0.0121058  0.03712893 0.05764462 0.08176065],[ 5.276127 14.065703 22.236416 36.098785],[ 3.4372654 10.523464  16.203342  23.440271 ],[8.277889 8.268779 8.254227 8.236684],[0.18764612 0.21297808 0.24042018 0.2704766 ],[8.282729 8.280233 8.277586 8.274747],[0.18684064 0.21076299 0.2355141  0.26066127]
DDK8,D,5e-08,15,True,False,TDD,vanilla,20,[0.02052049 0.05543768 0.1008326  0.15474534],[0.01227715 0.03637865 0.06744812 0.09877651],[ 6.00682  16.266916 29.560358 45.564518],[ 3.601165  10.7583685 19.694992  29.749908 ],[8.263273 8.251554 8.235803 8.218777],[0.21034865 0.23098174 0.2516685  0.273721  ],[8.270022 8.268729 8.268344 8.268918],[0.2086949  0.22577141 0.24269079 0.25992864]
DDK8,D,5e-08,18,True,False,TDD,vanilla,20,[0.02426691 0.06352658 0.10693752 0.1718137 ],[0.01409324 0.04410496 0.07217285 0.10720177],[ 6.984151 18.174154 30.315369 48.811172],[ 4.0279613 12.766636  20.701576  30.56999  ],[8.258826 8.232439 8.201946 8.165641],[0.23606077 0.26731032 0.30199552 0.34028605],[8.267819  8.256482  8.2475815 8.242658 ],[0.2351493 0.2640463 0.2919402 0.3160511]
DDK8,D,5e-08,21,True,False,TDD,vanilla,20,[0.02326964 0.06013454 0.10796919 0.19234455],[0.01172425 0.04119489 0.07295802 0.12971985],[ 6.866704 17.933046 32.39417  58.39241 ],[ 3.6655378 13.423765  24.632795  43.671135 ],[8.266838 8.255945 8.239518 8.212262],[0.25293726 0.28647798 0.3264573  0.3772717 ],[8.27719   8.282884  8.2891655 8.295584 ],[0.25249338 0.2854534  0.32003936 0.35299757]
DDK8,D,5e-08,24,True,False,TDD,vanilla,20,[0.02433893 0.06052143 0.1150429  0.18720865],[0.01492702 0.04620854 0.08235985 0.14497328],[ 7.017195 17.516695 34.039238 56.117733],[ 4.206984 13.577988 26.811647 47.8118  ],[8.268486  8.2454195 8.212563  8.176495 ],[0.24815038 0.2776377  0.3091361  0.33803502],[8.280112  8.273623  8.264235  8.2512455],[0.24701582 0.27596948 0.30649292 0.3357034 ]
DDK8,D,5e-08,27,True,False,TDD,vanilla,20,[0.02726563 0.06557939 0.12451649 0.22084677],[0.01424062 0.04683748 0.08955466 0.19795644],[ 7.789954 18.428112 35.41409  65.18768 ],[ 4.0906706 12.904775  24.617392  58.660866 ],[8.247258 8.229837 8.208384 8.17588 ],[0.29956034 0.31888247 0.34582058 0.39103392],[8.262777 8.265217 8.269065 8.273772],[0.2979555  0.3138878  0.33165452 0.3518799 ]
DDK8,D,5e-08,33,True,False,TDD,vanilla,20,[0.02953428 0.06312027 0.12528843 0.2006009 ],[0.01547287 0.04256278 0.09161008 0.13029993],[ 8.348869 17.536695 35.10518  58.26487 ],[ 4.525003 12.51875  25.653421 41.659206],[8.216711 8.187489 8.159887 8.127332],[0.31631032 0.3361583  0.3511313  0.36197233],[8.235228 8.229521 8.229554 8.238303],[0.31300098 0.32693157 0.3373971  0.34345612]
DDK8,D,5e-08,36,True,False,TDD,vanilla,20,[0.03404669 0.06737645 0.13827479 0.23308164],[0.02086519 0.04473504 0.1001146  0.20448455],[10.195863 20.63686  42.32747  71.161804],[ 5.9605913 15.004607  32.33783   57.12265  ],[8.313856 8.289594 8.255638 8.217047],[0.28476876 0.30385834 0.3254811  0.35447875],[8.336734 8.337908 8.336387 8.332141],[0.27704263 0.29162735 0.30735877 0.3248851 ]
DDK8,D,5e-08,42,True,False,TDD,vanilla,20,[0.03835541 0.08780305 0.16418171 0.2932098 ],[0.02369075 0.06047188 0.10214908 0.20692404],[11.295254 26.356085 51.006447 92.49864 ],[ 7.0011   19.063757 35.089497 67.4465  ],[8.262359 8.260571 8.242507 8.203153],[0.30574626 0.32038027 0.34491557 0.39479557],[8.291798 8.319096 8.342037 8.351114],[0.29859725 0.30620685 0.31966177 0.34217647]
DDK8,D,2e-07,3,True,False,TDD,vanilla,20,[0.0134895  0.03856784 0.06951308 0.11943047],[0.01238214 0.03918585 0.06354107 0.09493266],[ 4.0443306 11.610102  20.960577  36.024494 ],[ 3.7425153 11.845155  19.18514   28.638346 ],[8.300173  8.299444  8.2975645 8.29466  ],[0.05551096 0.06243141 0.06956002 0.07684932],[8.30472  8.305355 8.306001 8.306659],[0.05492547 0.06174164 0.06871933 0.07579485]
DDK8,D,2e-07,6,True,False,TDD,vanilla,20,[0.01813558 0.04866192 0.08461231 0.13174318],[0.01301349 0.03779823 0.06464089 0.08708064],[ 5.403359 14.491664 25.183636 39.24237 ],[ 3.8679051 11.183534  19.1801    25.985392 ],[8.299917 8.296393 8.291115 8.28178 ],[0.08412857 0.09542809 0.10687155 0.11944539],[8.304998 8.30393  8.302717 8.301365],[0.08359402 0.0947236  0.10591125 0.1170879 ]
DDK8,D,2e-07,9,True,False,TDD,vanilla,20,[0.02688892 0.0730095  0.10814666 0.15318653],[0.01260483 0.03797087 0.06851017 0.09981269],[ 8.061616 21.89691  32.574627 46.241955],[ 3.757343 11.353003 20.850481 30.734547],[8.29884  8.29516  8.289318 8.27914 ],[0.12926187 0.14446269 0.1599166  0.17495954],[8.304958 8.305161 8.30541  8.30564 ],[0.12817776 0.14271183 0.15739685 0.17246187]
DDK8,D,2e-07,12,True,False,TDD,vanilla,20,[0.02175284 0.05634856 0.08816657 0.13776511],[0.01168679 0.04014435 0.0625422  0.09754167],[ 6.479679 16.72501  26.119047 40.6584  ],[ 3.3314297 11.466173  17.46192   26.291786 ],[8.306599 8.301523 8.292915 8.282702],[0.14375809 0.16648324 0.19046561 0.21396716],[8.313007 8.312093 8.310837 8.309354],[0.14296053 0.16523613 0.1881396  0.2113783 ]
DDK8,D,2e-07,15,True,False,TDD,vanilla,20,[0.02253645 0.05541653 0.0917648  0.13607688],[0.01173007 0.03762273 0.05676332 0.08280944],[ 6.6343327 16.235485  27.137844  40.305836 ],[ 3.3607783 10.703218  16.648546  24.561829 ],[8.284656 8.275381 8.263159 8.247148],[0.18774036 0.21026671 0.23314025 0.25566512],[8.293565  8.2920685 8.2905855 8.289156 ],[0.18703032 0.20940296 0.23131841 0.25235698]
DDK8,D,2e-07,18,True,False,TDD,vanilla,20,[0.02336827 0.05262315 0.08643937 0.13788052],[0.01167611 0.0363107  0.05688818 0.08879972],[ 6.995676 15.747704 26.02643  41.95133 ],[ 3.5990663 11.135894  17.857445  27.432428 ],[8.2958975 8.290331  8.2809105 8.267623 ],[0.2225003  0.24424289 0.26503855 0.28361946],[8.305725 8.309488 8.312395 8.314784],[0.22037174 0.2390583  0.25812885 0.27720353]
DDK8,D,2e-07,21,True,False,TDD,vanilla,20,[0.02418933 0.05351509 0.09407239 0.17642923],[0.013297   0.04014453 0.06866432 0.11299827],[ 6.96665  15.480195 27.792418 52.696674],[ 3.880479 11.87047  21.087479 35.01116 ],[8.253086 8.245142 8.235948 8.220676],[0.24733286 0.26885623 0.2870095  0.30615678],[8.264703 8.267769 8.272947 8.279535],[0.24443386 0.26372743 0.2798239  0.2931526 ]
DDK8,D,2e-07,24,True,False,TDD,vanilla,20,[0.02555018 0.05382149 0.10223382 0.19333395],[0.01269533 0.03807003 0.07465594 0.15668389],[ 7.5181885 15.836571  30.735584  57.902428 ],[ 3.725466 11.430688 23.730034 45.111446],[8.264388 8.25599  8.246444 8.227039],[0.24479283 0.26406005 0.2822723  0.31073466],[8.277871 8.283131 8.289918 8.296556],[0.24175097 0.25661522 0.27360883 0.29408902]
DDK8,D,2e-07,27,True,False,TDD,vanilla,20,[0.02808055 0.05915716 0.1108693  0.18417656],[0.01285543 0.04241694 0.0694036  0.13293709],[ 8.157076 17.312864 32.18489  53.85759 ],[ 4.0671706 13.660398  22.099789  39.6323   ],[8.238614  8.224816  8.2098465 8.193045 ],[0.2674359  0.29043025 0.31989157 0.3521442 ],[8.2537155 8.252774  8.254282  8.257275 ],[0.26518136 0.28589198 0.31270012 0.34290448]
DDK8,D,2e-07,33,True,False,TDD,vanilla,20,[0.02981663 0.05900707 0.12270774 0.20252462],[0.01486165 0.03748129 0.09041909 0.14715013],[ 8.8505745 17.327566  36.666306  62.668514 ],[ 4.4456916 10.474194  26.42707   48.59463  ],[8.277205 8.263712 8.247261 8.230686],[0.29632756 0.30194354 0.3163786  0.32936192],[8.294483 8.296839 8.303677 8.315007],[0.29260948 0.29500195 0.30127394 0.31653824]
DDK8,D,2e-07,36,True,False,TDD,vanilla,20,[0.03203728 0.06456396 0.12005642 0.23498854],[0.01853736 0.05293757 0.08805387 0.1711642 ],[ 9.144413 18.029434 33.799854 68.7316  ],[ 5.235454 14.075315 24.051445 57.614037],[8.234549  8.191852  8.144937  8.0962925],[0.31181002 0.33820635 0.36902094 0.3905176 ],[8.254462  8.231821  8.213254  8.2022705],[0.30821246 0.33105987 0.3529215  0.36922216]
DDK8,D,2e-07,42,True,False,TDD,vanilla,20,[0.03489869 0.08053833 0.13886683 0.23352596],[0.02008858 0.05163931 0.08822218 0.14368957],[10.128154 23.65813  40.62183  70.669876],[ 5.742306 16.706156 26.734735 47.76326 ],[8.249111  8.2188015 8.185145  8.150051 ],[0.31761733 0.3350506  0.35160676 0.3613238 ],[8.275828 8.271634 8.268322 8.26755 ],[0.31351313 0.32876962 0.3366903  0.34487548]
DDK8,D,4e-07,3,True,False,TDD,vanilla,20,[0.01858195 0.04681914 0.08115372 0.12993784],[0.01366746 0.0417891  0.06985138 0.1018877 ],[ 5.5061083 13.909511  24.115606  38.61772  ],[ 4.088345 12.508148 20.948301 30.612751],[8.285697 8.28141  8.276051 8.269525],[0.05482157 0.06299297 0.0715013  0.07983819],[8.293405 8.290766 8.28805  8.285257],[0.05372701 0.06171242 0.06978194 0.07790729]
DDK8,D,4e-07,6,True,False,TDD,vanilla,20,[0.02559073 0.06429625 0.1070686  0.15693831],[0.01525193 0.04404427 0.0765478  0.10583185],[ 7.6353526 19.275785  32.21668   47.258404 ],[ 4.583525  13.2516165 23.337345  32.423515 ],[8.293573 8.292257 8.289821 8.284676],[0.09906122 0.11289016 0.12660177 0.13995567],[8.302427 8.303819 8.305447 8.30732 ],[0.09781612 0.11133109 0.12449647 0.1372722 ]
DDK8,D,4e-07,9,True,False,TDD,vanilla,20,[0.02819435 0.06916311 0.10423014 0.14982766],[0.01228593 0.0340026  0.06166637 0.09260052],[ 8.467587 20.799099 31.360205 45.140156],[ 3.6699483 10.156125  18.244118  27.176048 ],[8.300738 8.30009  8.297576 8.291874],[0.12437001 0.14323357 0.1620191  0.18079157],[8.310682 8.313534 8.316418 8.319339],[0.1229313  0.14134116 0.15957414 0.17754117]
DDK8,D,4e-07,12,True,False,TDD,vanilla,20,[0.02451148 0.05400572 0.08236501 0.1226097 ],[0.01243436 0.03423713 0.05386201 0.07574187],[ 7.349568 16.248539 24.879478 37.3906  ],[ 3.6859717 10.307329  16.471865  24.296915 ],[8.304235 8.301126 8.295263 8.285431],[0.15681013 0.17869861 0.2006815  0.22220135],[8.314311 8.315415 8.316559 8.31765 ],[0.15571669 0.17662454 0.19755578 0.21827404]
DDK8,D,4e-07,15,True,False,TDD,vanilla,20,[0.02683849 0.05793731 0.08791886 0.12619013],[0.01161296 0.03515968 0.05496919 0.08069705],[ 8.171244 17.866539 27.352783 39.642956],[ 3.6831052 11.37882   18.307285  26.835222 ],[8.318657  8.31565   8.310559  8.3014345],[0.17652228 0.19609244 0.21562004 0.23465657],[8.331775 8.336437 8.340626 8.344339],[0.17464425 0.1934692  0.21228619 0.23092636]
DDK8,D,4e-07,18,True,False,TDD,vanilla,20,[0.02703007 0.05829635 0.09274974 0.13327935],[0.01230516 0.03756553 0.05651757 0.08839472],[ 8.006223 17.274385 27.405523 39.16574 ],[ 3.7358806 11.112712  16.88688   26.441181 ],[8.272626 8.26227  8.248995 8.233267],[0.19149639 0.21220557 0.23620896 0.26467687],[8.286208 8.283078 8.280533 8.278921],[0.19004631 0.20961969 0.23211282 0.2563469 ]
DDK8,D,4e-07,21,True,False,TDD,vanilla,20,[0.03029601 0.06220986 0.10224383 0.17244612],[0.01294062 0.03829099 0.06599514 0.12765184],[ 9.147721 18.804775 31.260818 53.782406],[ 3.9562933 11.656962  21.916363  47.327236 ],[8.300806 8.28859  8.273776 8.248631],[0.20974739 0.24932589 0.29163402 0.3353646 ],[8.315765 8.314188 8.310797 8.306976],[0.20739509 0.2451768  0.28654093 0.3257228 ]
DDK8,D,4e-07,24,True,False,TDD,vanilla,20,[0.03330066 0.06514758 0.11133681 0.19197825],[0.01294377 0.03943652 0.07104375 0.14323944],[ 9.874531 19.386354 33.158455 57.22645 ],[ 3.8907962 11.813243  21.405233  47.402912 ],[8.278333 8.268109 8.252561 8.231559],[0.2441413  0.2720045  0.3036403  0.33633268],[8.2942295 8.294001  8.29249   8.29053  ],[0.24053971 0.2657455  0.29513124 0.32629207]
DDK8,D,4e-07,27,True,False,TDD,vanilla,20,[0.02975099 0.06010902 0.10265019 0.17351675],[0.0148137  0.04198582 0.07253543 0.14094864],[ 8.652804 17.669384 30.492146 51.763905],[ 4.206334 13.019257 23.317486 41.828545],[8.2677765 8.260271  8.246754  8.224153 ],[0.2502166  0.26319426 0.28231484 0.31017882],[8.284804 8.288184 8.289756 8.287945],[0.24599674 0.25614992 0.27404147 0.30254942]
DDK8,D,4e-07,33,True,False,TDD,vanilla,20,[0.03490491 0.06034403 0.11139157 0.2187906 ],[0.01801238 0.03816042 0.07421534 0.18000719],[10.291465 17.743647 33.536613 67.42502 ],[ 5.672515 12.315934 25.334654 60.60926 ],[8.262064 8.249065 8.237665 8.219715],[0.298362   0.31999424 0.34154826 0.36003253],[8.283479 8.285306 8.291762 8.302665],[0.29424185 0.31225926 0.32923257 0.3390499 ]
DDK8,D,4e-07,36,True,False,TDD,vanilla,20,[0.04089256 0.06469637 0.13909933 0.23031467],[0.02072316 0.04457153 0.12416781 0.16019753],[11.396939 18.031797 39.303326 66.82069 ],[ 5.4897833 11.876425  34.27313   49.073147 ],[8.199711 8.190945 8.180371 8.15308 ],[0.3112577  0.34010738 0.36700642 0.44639537],[8.223469 8.229465 8.240253 8.252065],[0.30499366 0.32756943 0.34636486 0.3621993 ]
DDK8,D,4e-07,42,True,False,TDD,vanilla,20,[0.03900314 0.07222023 0.16436985 0.2269136 ],[0.02176094 0.05742449 0.11793076 0.15247622],[11.267329 20.68084  47.23091  65.76598 ],[ 5.6126804 15.04424   32.975403  43.655018 ],[8.270359 8.237072 8.197971 8.154636],[0.26481888 0.2901897  0.3082132  0.33123288],[8.293684 8.277752 8.263025 8.253034],[0.2600928  0.2811057  0.29591087 0.3149146 ]
DDK8,A,5e-08,3,True,False,TDD,vanilla,25,[0.01684143 0.04388209 0.0850348  0.149304  ],[0.01057098 0.03563175 0.06157205 0.09265902],[ 4.063272 10.483125 20.758877 36.99487 ],[ 2.6069613  8.540352  16.197292  24.991962 ],[8.231659 8.232952 8.231458 8.227092],[0.36616096 0.38154027 0.39916164 0.41877708],[8.233838 8.237641 8.241822 8.246357],[0.36562672 0.3805851  0.39700893 0.4147793 ]
DDK8,A,5e-08,6,True,False,TDD,vanilla,25,[0.02610067 0.07066034 0.12909    0.21108459],[0.01526579 0.04220479 0.07792518 0.12276606],[ 6.371189 16.856289 31.40163  51.21713 ],[ 3.792812 10.731759 19.848545 31.684929],[8.2772665 8.270561  8.256153  8.231616 ],[0.44372463 0.48330915 0.52597535 0.57427937],[8.28204  8.2848   8.287399 8.290143],[0.44220755 0.47809482 0.5148415  0.55173457]
DDK8,A,5e-08,9,True,False,TDD,vanilla,25,[0.03661057 0.1076874  0.17629458 0.27878597],[0.02341609 0.0919276  0.14911182 0.2578079 ],[ 7.9258647 20.843067  34.644474  53.87128  ],[ 3.9992855 11.500569  19.643808  35.59285  ],[8.224562  8.1950245 8.156007  8.098459 ],[0.5518678 0.6116513 0.6779443 0.7540955],[8.232175 8.218963 8.206256 8.19461 ],[0.5494946  0.6048245  0.66238713 0.7200331 ]
DDK8,A,5e-08,12,True,False,TDD,vanilla,25,[0.04343903 0.13369033 0.22233228 0.35975426],[0.0350073  0.14111704 0.22791378 0.36659566],[ 7.6069317 20.327806  37.462208  64.204544 ],[ 4.6429815 13.305611  25.493547  47.055965 ],[8.157669  8.126706  8.083195  7.9979534],[0.5739065  0.65594804 0.7473005  0.86082983],[8.1713705 8.169162  8.165635  8.1618185],[0.5680532  0.6353437  0.7046337  0.77285534]
DDK8,A,5e-08,15,True,False,TDD,vanilla,25,[0.05497869 0.15556231 0.25648364 0.46011293],[0.05136931 0.19516103 0.2495356  0.5144571 ],[ 9.837356 25.866005 48.785244 81.80192 ],[ 5.7325654 17.216116  38.461063  77.850716 ],[8.208663  8.168536  8.1163    7.9966674],[0.7273633 0.8154881 0.9156344 1.0570916],[8.229278 8.228537 8.234898 8.246084],[0.716445   0.7802941  0.83712816 0.889672  ]
DDK8,A,5e-08,18,True,False,TDD,vanilla,25,[0.08079859 0.21279739 0.3827504  0.6747821 ],[0.0881047  0.27406383 0.4735061  0.9013812 ],[10.835102 27.980247 53.69039  95.188934],[ 5.877527 18.747797 43.386204 81.56156 ],[8.134434  8.081977  8.004088  7.8326445],[0.83929336 0.9243989  1.0332255  1.2219487 ],[8.165414 8.166351 8.164887 8.15692 ],[0.8150258 0.8670547 0.9366969 1.025056 ]
DDK8,A,5e-08,21,True,False,TDD,vanilla,25,[0.07631774 0.20569418 0.32009655 0.56547296],[0.06169394 0.25701612 0.2679377  0.4068309 ],[ 11.973797  30.35401   53.856865 109.45765 ],[ 6.6193433 20.774664  41.752186  79.22379  ],[8.065439  7.9821215 7.874731  7.6532764],[0.9108684  0.98662704 1.0671767  1.2177382 ],[8.097888  8.0776415 8.057297  8.0439825],[0.8918794  0.9238005  0.95249516 0.97904676]
DDK8,A,5e-08,24,True,False,TDD,vanilla,25,[0.09077661 0.20750123 0.3987863  0.57369405],[0.09680659 0.2586058  0.463832   0.4499808 ],[ 14.061008  29.979702  67.45136  126.48368 ],[  9.303226  24.379942  64.66588  107.89161 ],[8.208611  8.12889   7.9760423 7.6759777],[0.79658943 0.88386256 0.9998386  1.2677667 ],[8.248478 8.227171 8.202078 8.1868  ],[0.7698817  0.82811874 0.88698286 0.9156224 ]
DDK8,A,5e-08,27,True,False,TDD,vanilla,25,[0.1045353  0.24605158 0.43345818 0.76328367],[0.10017204 0.2307466  0.37595975 0.7975723 ],[ 15.329128  38.45738   77.80927  134.69286 ],[ 10.025463  31.134678  66.92738  123.16481 ],[8.03061   7.937434  7.7702346 7.4538336],[0.83546   0.9206428 1.057669  1.28924  ],[8.073305 8.057036 8.035699 8.017298],[0.81447893 0.87702554 0.95565355 1.0139018 ]
DDK8,A,5e-08,33,True,False,TDD,vanilla,25,[0.16604826 0.357967   0.6906244  0.82402873],[0.22011973 0.5174977  0.8972316  0.7061816 ],[ 19.614574  49.638607 111.48099  179.84792 ],[ 12.698429  47.152565 102.78033  174.5784  ],[8.1133175 7.9935255 7.6760674 7.333865 ],[1.0032942 1.1426206 1.4075693 1.4525064],[8.180847  8.193614  8.203002  8.1704445],[0.9456215  0.95782167 0.92753166 0.9645922 ]
DDK8,A,5e-08,36,True,False,TDD,vanilla,25,[0.19512361 0.4544935  1.0425866  1.1429349 ],[0.28717232 0.56588006 1.881874   1.0851141 ],[ 21.243662  58.487938 129.10909  220.12132 ],[ 12.977641  50.314075 113.1698   175.00815 ],[8.012608 7.832156 7.414781 6.878411],[0.90340984 1.0701104  1.4265832  1.6354293 ],[8.093336 8.087319 8.075918 8.088953],[0.84122604 0.8823591  0.96047276 0.99210644]
DDK8,A,5e-08,42,True,False,TDD,vanilla,25,[0.23499762 0.5262863  0.77948654 1.1429116 ],[0.25059795 0.61000973 0.5981468  1.0333408 ],[ 25.366062  74.59238  144.45123  216.4588  ],[ 20.033411  62.8783   118.63018  160.99124 ],[7.7105045 7.4674463 7.087579  6.689636 ],[1.1344861 1.3639923 1.5653654 1.4868793],[7.833758 7.885902 7.919857 7.917343],[1.0413706 1.023846  1.0217247 1.0423343]
DDK8,A,2e-07,3,True,False,TDD,vanilla,25,[0.01930408 0.04537347 0.07850919 0.13206568],[0.01156649 0.03865211 0.05866489 0.08712918],[ 4.453883 10.890019 19.164566 33.37499 ],[ 2.9279823 10.170495  15.415243  22.700415 ],[8.124187 8.125141 8.122982 8.117544],[0.6296465 0.6332906 0.6385799 0.6453807],[8.130689 8.134304 8.138219 8.142409],[0.6257091 0.6282687 0.6312905 0.6347323]
DDK8,A,2e-07,6,True,False,TDD,vanilla,25,[0.02624005 0.06860472 0.12044092 0.1946379 ],[0.0175538  0.06172748 0.1021808  0.16303594],[ 6.5584917 17.048244  30.48665   50.299984 ],[ 4.1737294 13.510405  22.728361  34.751564 ],[8.267702 8.265164 8.25715  8.241072],[0.6055927  0.62532043 0.6501611  0.68379945],[8.274826 8.279523 8.284403 8.289545],[0.6015826  0.61828643 0.63822275 0.6610321 ]
DDK8,A,2e-07,9,True,False,TDD,vanilla,25,[0.030717   0.07532236 0.11947009 0.18825184],[0.0181245  0.05063133 0.08505335 0.1329977 ],[ 7.2491956 17.69085   27.93152   44.369137 ],[ 3.7106438 10.864019  19.299137  33.663486 ],[8.202304 8.19837  8.185047 8.151015],[0.6781751  0.70432633 0.7350504  0.7895995 ],[8.212872 8.222125 8.22945  8.234579],[0.6716166  0.6904289  0.7124399  0.73767006]
DDK8,A,2e-07,12,True,False,TDD,vanilla,25,[0.04134188 0.10478456 0.16633871 0.2563968 ],[0.02820265 0.10078757 0.13744654 0.18067649],[ 8.247821 19.238096 31.312891 50.99892 ],[ 3.6387024 11.79152   23.345503  43.12208  ],[8.1009445 8.054822  7.99634   7.916637 ],[0.7358779  0.78882456 0.85455227 0.93589354],[8.118894 8.099322 8.080267 8.061373],[0.72288525 0.7593847  0.79724795 0.8372211 ]
DDK8,A,2e-07,15,True,False,TDD,vanilla,25,[0.05466888 0.14038731 0.2338286  0.37208787],[0.04853371 0.15780671 0.27070764 0.37247512],[ 8.640258 19.888468 35.39683  62.86047 ],[ 3.7840934 11.342857  24.477184  49.7383   ],[7.932506  7.8805513 7.8166265 7.7056475],[0.8322328 0.9087742 0.992237  1.1036471],[7.960368 7.953955 7.952423 7.9545  ],[0.8137213 0.856927  0.8997762 0.942242 ]
DDK8,A,2e-07,18,True,False,TDD,vanilla,25,[0.05283378 0.13037503 0.2396713  0.43802953],[0.03951628 0.12919654 0.27121    0.5510126 ],[ 9.726717 21.800299 40.555916 70.886566],[ 3.8526502 11.191834  26.701954  52.65912  ],[8.099022  8.037098  7.9492497 7.7839594],[0.8283732 0.8964736 0.9855687 1.1448545],[8.126295 8.107923 8.089695 8.074124],[0.8090824  0.8441579  0.88169974 0.92264533]
DDK8,A,2e-07,21,True,False,TDD,vanilla,25,[0.06294486 0.14049901 0.2838458  0.4963348 ],[0.04125525 0.10955876 0.32177082 0.41880032],[11.183918 23.32352  45.89439  94.73562 ],[ 4.078218 11.831786 29.334274 59.426743],[8.076077 8.02413  7.935166 7.739352],[0.87058294 0.92618716 1.0146976  1.1579996 ],[8.111541 8.108097 8.098149 8.079145],[0.84507656 0.87269056 0.9155379  0.9743686 ]
DDK8,A,2e-07,24,True,False,TDD,vanilla,25,[0.07235501 0.15532008 0.30547217 0.53954417],[0.07161473 0.16362466 0.2511004  0.4646656 ],[ 11.8272    24.277641  55.901974 111.36464 ],[ 5.0072513 15.03225   34.507454  79.80905  ],[8.061662 7.97333  7.840434 7.61604 ],[0.8607898  0.98023725 1.1187297  1.2983016 ],[8.102798 8.079458 8.073869 8.082761],[0.8285165 0.893055  0.9226012 0.9377865]
DDK8,A,2e-07,27,True,False,TDD,vanilla,25,[0.06407116 0.161786   0.33082196 0.5414869 ],[0.04531189 0.1513166  0.26860723 0.46316433],[ 11.608534  28.677147  62.40112  110.60411 ],[  5.236524  25.223291  58.63405  107.99532 ],[8.071821 7.977472 7.813467 7.503003],[0.8132222 0.9067464 1.0354221 1.2882923],[8.11104  8.084653 8.048851 8.015041],[0.78864    0.83198315 0.884727   0.9329143 ]
DDK8,A,2e-07,33,True,False,TDD,vanilla,25,[0.08463667 0.23849283 0.49296638 0.7267775 ],[0.06319849 0.1953629  0.38923618 0.44995785],[ 15.735949  47.263477 109.19748  173.46025 ],[  9.058249  43.69739  100.358315 160.18163 ],[8.1648    8.052105  7.7932143 7.351207 ],[0.8411541  0.93498486 1.1212243  1.4291577 ],[8.216682  8.2085085 8.163704  8.084707 ],[0.8136454 0.8615523 0.9495743 1.0525955]
DDK8,A,2e-07,36,True,False,TDD,vanilla,25,[0.1068453  0.2799276  0.66007376 0.9427195 ],[0.0900554 0.2971497 0.8045256 0.675899 ],[ 17.433107  46.223804 114.634186 210.34528 ],[ 10.049082  40.101746  99.54426  172.72464 ],[8.009854  7.8514986 7.535425  7.193487 ],[0.8722738 1.0074743 1.2764661 1.3726624],[8.077505 8.06925  8.089985 8.128924],[0.82759804 0.8323908  0.8334932  0.87066954]
DDK8,A,2e-07,42,True,False,TDD,vanilla,25,[0.1320403  0.40001136 0.7279448  0.993463  ],[0.11401   0.4827516 0.6687003 0.7464128],[ 21.006699  60.140064 128.50313  204.83795 ],[ 20.717197  66.066574 160.56004  174.50447 ],[7.837939  7.5700536 7.193067  6.8472514],[1.0170122 1.2490125 1.4223878 1.5039959],[7.927911  7.910005  7.917583  7.9121513],[0.96075475 0.9710648  0.9386558  0.9704687 ]
DDK8,A,4e-07,3,True,False,TDD,vanilla,25,[0.02223499 0.0492074  0.08255152 0.13661455],[0.01064819 0.03688808 0.06000809 0.09222167],[ 6.4683795 14.286473  23.876514  39.677567 ],[ 3.1640632 10.9568815 18.054237  28.426584 ],[8.131148 8.126439 8.118746 8.107474],[0.34163478 0.350314   0.36069432 0.37297985],[8.140506 8.137633 8.134504 8.131127],[0.34248444 0.35056454 0.35972664 0.36985973]
DDK8,A,4e-07,6,True,False,TDD,vanilla,25,[0.02887388 0.0669105  0.10718648 0.16150188],[0.01295577 0.04003118 0.06118978 0.09186209],[ 8.1661415 18.23106   29.168196  43.820885 ],[ 3.8351924 10.952824  17.225203  25.906452 ],[8.16431  8.158469 8.145509 8.123232],[0.39027172 0.42099935 0.4559445  0.49528906],[8.176272 8.178738 8.180604 8.181811],[0.39123917 0.4205529  0.45303023 0.4878832 ]
DDK8,A,4e-07,9,True,False,TDD,vanilla,25,[0.03301131 0.07536748 0.11084808 0.16677707],[0.01400646 0.04346029 0.06367914 0.10122092],[ 9.226026 20.09118  29.421654 44.5674  ],[ 3.7679787  9.790169  16.233938  27.91324  ],[8.168794 8.153075 8.13083  8.094228],[0.47671336 0.52117044 0.5648384  0.6267468 ],[8.184002 8.182483 8.180069 8.177103],[0.4719663  0.5057804  0.54053843 0.5759417 ]
DDK8,A,4e-07,12,True,False,TDD,vanilla,25,[0.0373127  0.07718997 0.1205392  0.19835953],[0.01529239 0.04300414 0.07322565 0.12506713],[ 9.963629 19.733688 30.764204 51.545433],[ 4.0116487 10.067784  18.278522  30.286268 ],[8.134631 8.11437  8.08241  8.013874],[0.57801515 0.63314426 0.6913684  0.76955456],[8.15235  8.154115 8.15547  8.156445],[0.5726108  0.6156969  0.65478444 0.68982166]
DDK8,A,4e-07,15,True,False,TDD,vanilla,25,[0.0428599  0.09414097 0.1533805  0.24826644],[0.02440377 0.07040258 0.12183762 0.16964969],[ 9.902738 20.39138  34.586464 58.401657],[ 4.028453  9.444611 20.577475 42.360886],[8.042508  8.019025  7.9837294 7.9069242],[0.58062005 0.6379425  0.7034878  0.7870547 ],[8.066401 8.071935 8.077987 8.082911],[0.5711157  0.6151953  0.66565377 0.7195561 ]
DDK8,A,4e-07,18,True,False,TDD,vanilla,25,[0.0477448  0.10508977 0.19824573 0.35180366],[0.02323945 0.0798968  0.15887424 0.29803035],[11.293288 24.333567 49.772236 95.016594],[ 4.4334426 12.668092  37.08808   79.91355  ],[8.064439 8.060356 8.03558  7.935171],[0.6319181 0.6996954 0.7867127 0.9047028],[8.09442  8.127554 8.160606 8.190095],[0.6232103  0.6795312  0.74975705 0.8271956 ]
DDK8,A,4e-07,21,True,False,TDD,vanilla,25,[0.05385622 0.11792552 0.2226271  0.39514846],[0.03253541 0.09295547 0.17504475 0.27302834],[ 11.790718  25.025955  50.87181  100.25607 ],[ 4.7846346 14.743897  41.89236   77.8275   ],[7.987508  7.9775057 7.9256535 7.7818127],[0.6898107 0.763149  0.8681423 1.008408 ],[8.028134 8.068816 8.101429 8.12289 ],[0.67326814 0.7159541  0.7663214  0.81699765]
DDK8,A,4e-07,24,True,False,TDD,vanilla,25,[0.06190913 0.14065371 0.29858047 0.5320503 ],[0.0366907  0.10050995 0.21119139 0.31584305],[ 11.965665  24.690088  52.43312  101.169716],[ 4.735209 12.965187 34.48299  67.531136],[7.885359  7.7821794 7.620091  7.3114476],[0.7657499  0.87116325 1.014723   1.2534293 ],[7.927203  7.8822603 7.847619  7.832544 ],[0.74526685 0.8172085  0.8804765  0.9221472 ]
DDK8,A,4e-07,27,True,False,TDD,vanilla,25,[0.06919652 0.16991793 0.35171676 0.5480228 ],[0.04440735 0.14945135 0.31394005 0.3938902 ],[ 14.06958  33.4572   74.98971 134.5801 ],[  6.3687453  25.817219   69.361015  126.89571  ],[7.9390106 7.859167  7.6941223 7.463543 ],[0.73279184 0.8157535  0.94786876 1.128607  ],[7.9919696 7.989279  7.998762  8.014314 ],[0.70994437 0.749423   0.7883426  0.81563747]
DDK8,A,4e-07,33,True,False,TDD,vanilla,25,[0.09375674 0.2506751  0.524109   0.7118988 ],[0.10244396 0.23458086 0.50314593 0.5070673 ],[ 16.519999  44.605797 100.931786 168.6933  ],[  7.413842  36.422726  78.93947  133.85413 ],[7.9304805 7.7716007 7.4945936 7.15942  ],[0.73990464 0.8815894  1.1237127  1.3146579 ],[7.995203  7.9802413 7.973531  7.9859047],[0.70891154 0.7746805  0.8564755  0.92781574]
DDK8,A,4e-07,36,True,False,TDD,vanilla,25,[0.07821893 0.19118589 0.42507127 0.68391854],[0.04589587 0.12480798 0.28175542 0.44233114],[ 17.341347  41.887318  94.13663  156.65854 ],[ 7.695871 27.089277 64.23351  95.70079 ],[8.048857  7.9277606 7.646267  7.1644616],[0.8616316 0.9193939 1.0563021 1.3209718],[8.108352 8.090845 8.035079 7.95603 ],[0.8385771  0.8493455  0.87210375 0.9073687 ]
DDK8,A,4e-07,42,True,False,TDD,vanilla,25,[0.1297824  0.34948024 0.6435899  0.89019865],[0.12041152 0.2526811  0.38876456 0.4945191 ],[ 22.215792  74.87085  163.377    249.68388 ],[ 12.107586  57.449306 132.14998  177.69423 ],[7.82396   7.6945276 7.348619  6.9847517],[0.86383927 0.9640393  1.1529881  1.3472354 ],[7.9211125 8.026638  8.094642  8.118456 ],[0.81548744 0.8076006  0.8508136  0.89531356]
DDK8,C,5e-08,3,True,False,TDD,vanilla,25,[0.02180589 0.05703751 0.10728835 0.18697466],[0.01329697 0.04563546 0.07861785 0.12995343],[ 4.9447236 12.803143  24.802309  43.718998 ],[ 2.9024317  9.696003  18.349258  29.248718 ],[8.320483 8.313166 8.298206 8.272658],[0.19994998 0.21238646 0.22811644 0.24881494],[8.326575 8.326315 8.326018 8.325577],[0.19877578 0.20899162 0.22026956 0.2324996 ]
DDK8,C,5e-08,6,True,False,TDD,vanilla,25,[0.03550053 0.09726535 0.17844717 0.2855647 ],[0.01978854 0.06889076 0.1311915  0.19167322],[ 7.0010514 18.064686  33.71738   57.123    ],[ 3.1810246  9.444418  17.999283  30.970617 ],[8.2182665 8.189174  8.1440115 8.067487 ],[0.301271   0.32587233 0.35584074 0.39772275],[8.230418 8.22319  8.218066 8.215206],[0.29918042 0.32049295 0.3425427  0.3658508 ]
DDK8,C,5e-08,9,True,False,TDD,vanilla,25,[0.04582305 0.14651406 0.23053305 0.35883695],[0.03152497 0.17837813 0.17691085 0.23668887],[ 8.452151 22.378172 44.365234 75.48213 ],[ 3.228    10.560383 24.455353 45.220978],[8.237063 8.198522 8.120171 7.980981],[0.3979635  0.44450817 0.5051814  0.5940288 ],[8.254384 8.254124 8.254158 8.25498 ],[0.39488202 0.43240994 0.46764877 0.49863467]
DDK8,C,5e-08,12,True,False,TDD,vanilla,25,[0.05407734 0.15634754 0.31263342 0.48865914],[0.05635286 0.1281052  0.23174413 0.29741368],[  9.523846  28.292425  62.407604 105.152565],[ 4.2620306 18.488356  46.07145   75.47837  ],[8.2639475 8.186919  8.020749  7.7671165],[0.4151116  0.4602141  0.56975204 0.77385455],[8.288876  8.277489  8.269999  8.2660885],[0.40042427 0.41886386 0.44892526 0.4908567 ]
DDK8,C,5e-08,15,True,False,TDD,vanilla,25,[0.06483222 0.21441942 0.41584834 0.5542407 ],[0.04528537 0.17413893 0.3830247  0.33939674],[ 11.541722  39.462086  82.434296 131.17671 ],[ 6.68339  30.357382 63.66152  93.95565 ],[8.253883  8.16454   7.9653497 7.699721 ],[0.4090205  0.47496146 0.6764642  0.9574294 ],[8.284434 8.291013 8.302465 8.324361],[0.4031638  0.44232005 0.4866336  0.5346952 ]
DDK8,C,5e-08,18,True,False,TDD,vanilla,25,[0.12412266 0.34788567 0.58352715 0.7689656 ],[0.12606984 0.30186284 0.40714362 0.4197314 ],[ 17.30118   63.83346  119.290306 168.08672 ],[ 12.107854  52.196716  93.69075  124.71772 ],[8.130336 7.889402 7.473528 7.015603],[0.56808347 0.7729805  1.1014171  1.3181014 ],[8.200162 8.199213 8.199512 8.190836],[0.5350562  0.57275265 0.58666337 0.60950494]
DDK8,C,5e-08,21,True,False,TDD,vanilla,25,[0.13290247 0.36887187 0.60828066 0.8289406 ],[0.10988721 0.28519928 0.42894715 0.42734948],[ 21.553581  72.61676  126.16525  191.2858  ],[ 15.693925  63.801548 100.05517  123.16943 ],[8.191405  7.906949  7.4849963 7.0067644],[0.52721953 0.77337456 1.2010596  1.5173225 ],[8.273708 8.270968 8.278294 8.289778],[0.4893335 0.5536807 0.6028044 0.6329883]
DDK8,C,5e-08,24,True,False,TDD,vanilla,25,[0.1624334  0.4264958  0.66817117 0.812071  ],[0.15417275 0.34431836 0.43453965 0.43745896],[ 26.896782  82.48025  142.0567   201.88414 ],[ 23.103344  67.62944  103.46891  140.64291 ],[8.121514  7.7354107 7.377629  6.8082423],[0.60692656 1.0302997  1.0971206  1.6226707 ],[8.232507 8.229933 8.229175 8.226252],[0.56549513 0.60039735 0.6194327  0.6659933 ]
DDK8,C,5e-08,27,True,False,TDD,vanilla,25,[0.23989281 0.50585824 0.78634995 0.89603996],[0.3245638  0.38569358 0.52077955 0.50514853],[ 33.704212  94.31302  152.18695  201.9914  ],[ 30.184721  78.130646 102.00038  115.573586],[7.9962425 7.507501  7.0893574 6.707524 ],[0.69349796 1.2067271  1.3250122  1.5799874 ],[8.173424 8.189116 8.193333 8.201783],[0.5681614  0.57618004 0.5760544  0.6105042 ]
DDK8,C,5e-08,33,True,False,TDD,vanilla,25,[0.32254884 0.70212615 0.93332565 1.09665   ],[0.37642166 0.62836075 0.60554504 0.6117908 ],[ 53.970367 129.28885  195.0254   252.3201  ],[ 53.266663  97.750015 130.88113  148.561   ],[7.887656  7.2666736 6.825038  6.440994 ],[0.7280092 1.2254728 1.3397322 1.4375554],[8.163975 8.166744 8.197453 8.228497],[0.55520767 0.59197205 0.6344895  0.69245917]
DDK8,C,5e-08,36,True,False,TDD,vanilla,25,[0.49036735 0.9678691  1.1735665  1.2754147 ],[0.40439293 0.6435247  0.72141546 0.7140595 ],[ 83.06476 181.55362 244.47948 286.9838 ],[ 74.10424 125.10865 141.93579 151.65356],[7.739003  6.8699145 6.2485    5.901845 ],[0.8542931 1.414165  1.5460767 1.4565384],[8.201372 8.212413 8.186459 8.202197],[0.5879251 0.6015146 0.5885965 0.6164567]
DDK8,C,5e-08,42,True,False,TDD,vanilla,25,[0.74991655 0.94277644 1.165585   1.1675738 ],[1.181959   0.78770703 0.65995365 0.5854597 ],[118.08496 169.82797 215.42319 271.37302],[121.768326 114.47114  115.690956 171.81232 ],[7.300954  6.689599  6.2014713 5.746359 ],[1.3102859 1.5601447 1.637015  1.8221674],[8.154698 8.128567 8.085518 8.078484],[0.6038881  0.6198292  0.71537834 0.8178851 ]
DDK8,C,2e-07,3,True,False,TDD,vanilla,25,[0.01987187 0.04751614 0.08627674 0.14627169],[0.00935738 0.0320328  0.05421492 0.08363416],[ 5.333502 13.037819 23.783064 40.69095 ],[ 2.617129  9.136973 15.5232   24.252584],[8.261657  8.2537365 8.237665  8.212328 ],[0.16586405 0.17869139 0.1937914  0.21243553],[8.269406 8.268143 8.26673  8.265156],[0.16525045 0.17695566 0.18965855 0.20317249]
DDK8,C,2e-07,6,True,False,TDD,vanilla,25,[0.02822077 0.06973108 0.1254916  0.20151351],[0.01006349 0.03266541 0.06265589 0.10843054],[ 7.5958295 18.753752  33.71665   54.129425 ],[ 2.8348112  8.812564  16.884653  29.114824 ],[8.274576 8.24516  8.196066 8.116168],[0.2408604  0.27001765 0.31016344 0.37241384],[8.289013 8.28343  8.278104 8.273454],[0.23840481 0.2612574  0.2851649  0.3086477 ]
DDK8,C,2e-07,9,True,False,TDD,vanilla,25,[0.03321129 0.08235864 0.15039282 0.2489756 ],[0.01088692 0.03554524 0.07681014 0.12936436],[ 8.578324 21.10647  38.94786  66.3119  ],[ 2.4640512  7.9383745 19.258059  35.48518  ],[8.247334 8.216377 8.154731 8.04536 ],[0.3047144  0.35030693 0.40421087 0.4815225 ],[8.265249 8.267987 8.272074 8.276913],[0.30145794 0.33881113 0.3764504  0.4147206 ]
DDK8,C,2e-07,12,True,False,TDD,vanilla,25,[0.03679449 0.1062324  0.21808454 0.3576368 ],[0.01548967 0.06369586 0.15479845 0.22366284],[ 9.339879 26.529203 55.69726  96.20621 ],[ 3.6894817 15.1076355 37.885536  67.93332  ],[8.250976 8.186923 8.047706 7.834323],[0.3529249  0.41657642 0.51866335 0.6771311 ],[8.275466 8.271283 8.26691  8.262678],[0.34935436 0.39719546 0.44388452 0.48593506]
DDK8,C,2e-07,15,True,False,TDD,vanilla,25,[0.05005013 0.16137968 0.3207682  0.49962825],[0.02686227 0.10602473 0.2005214  0.26839364],[ 12.148506  39.325516  83.009796 134.60655 ],[ 6.6217647 24.453093  52.694565  81.22865  ],[8.165981  8.047347  7.8052325 7.455741 ],[0.45994836 0.5382417  0.719576   0.9666445 ],[8.207965 8.210038 8.215867 8.224112],[0.45113933 0.4856871  0.5191998  0.54643935]
DDK8,C,2e-07,18,True,False,TDD,vanilla,25,[0.0602228  0.19404055 0.3640355  0.53145474],[0.04483612 0.14886694 0.24843995 0.27574915],[ 14.164063  51.073414 104.4893   160.04146 ],[  9.127822  44.208187  96.164    128.31187 ],[8.205463  8.0511265 7.746892  7.389393 ],[0.5111622 0.6089444 0.8495472 1.0681192],[8.257838 8.261139 8.260707 8.264115],[0.49564663 0.5484521  0.60611343 0.6623807 ]
DDK8,C,2e-07,21,True,False,TDD,vanilla,25,[0.07498741 0.23887748 0.4072758  0.57537997],[0.06141505 0.20409262 0.28313512 0.27384263],[ 18.661484  64.63392  117.439415 172.45404 ],[ 15.940281  62.663525 100.32634  110.400566],[8.166894  7.9355736 7.55552   7.2330775],[0.4999453 0.6949329 1.1100931 1.2802973],[8.236614 8.255446 8.269096 8.275333],[0.48349896 0.5265164  0.5651753  0.60599506]
DDK8,C,2e-07,24,True,False,TDD,vanilla,25,[0.1068653  0.34070152 0.5545126  0.76485616],[0.07879813 0.21888554 0.27677009 0.31048957],[ 23.911238  85.63974  147.70674  209.6817  ],[ 18.469786  64.46543   98.64727  116.4925  ],[8.026674  7.674369  7.2153153 6.6339483],[0.60802996 0.8129656  1.0788229  1.5007282 ],[8.131182 8.132619 8.148181 8.162027],[0.5804273  0.61564034 0.6213094  0.64173055]
DDK8,C,2e-07,27,True,False,TDD,vanilla,25,[0.11456695 0.34377396 0.57189834 0.73444366],[0.07872778 0.22798054 0.31406346 0.33569244],[ 26.64928  85.27228 145.50066 191.11732],[ 18.777494  65.1404    95.23843  109.72639 ],[8.045103  7.6629186 7.103316  6.6146784],[0.58589655 0.8360066  1.2186267  1.451559  ],[8.16426  8.148859 8.14116  8.125651],[0.5455145  0.57448643 0.5996173  0.65095395]
DDK8,C,2e-07,33,True,False,TDD,vanilla,25,[0.21033272 0.5032573  0.7108185  0.8304805 ],[0.18466781 0.34346628 0.38655713 0.3120953 ],[ 46.257652 116.9773   173.0355   221.52289 ],[ 38.141174  87.206154 103.189026 121.73922 ],[7.8907733 7.2803693 6.814502  6.463532 ],[0.7591551 1.1617377 1.4404228 1.3217406],[8.134128 8.123875 8.132454 8.157437],[0.62713987 0.62046474 0.62091714 0.6189508 ]
DDK8,C,2e-07,36,True,False,TDD,vanilla,25,[0.20638175 0.50718457 0.68198794 0.82057524],[0.23738731 0.46866205 0.3936851  0.41306803],[ 49.435604 123.67396  175.05833  219.69801 ],[ 58.001125 103.093834  97.90458  110.19267 ],[7.9996643 7.425701  6.9514666 6.5669003],[0.6753399 1.172186  1.4429436 1.5079536],[8.223166 8.203659 8.193959 8.197771],[0.5721486  0.62228054 0.6435787  0.6443599 ]
DDK8,C,2e-07,42,True,False,TDD,vanilla,25,[0.32268152 0.6073611  0.8168122  1.017793  ],[0.38333055 0.3853581  0.3782368  0.5034525 ],[ 79.17789 153.18892 218.37102 281.36154],[126.588585 100.76857  126.74239  154.61113 ],[7.737807  7.1533527 6.6938233 6.246689 ],[1.0463847 1.4093673 1.3314271 1.2640016],[8.202137 8.208331 8.213117 8.186108],[0.62006235 0.64596266 0.66607225 0.7035478 ]
DDK8,C,4e-07,3,True,False,TDD,vanilla,25,[0.02053187 0.04506143 0.0790174  0.1316805 ],[0.00919784 0.0312265  0.05202761 0.07833743],[ 5.9627233 13.35748   23.440886  39.292267 ],[ 2.952928  9.934925 16.566359 24.616627],[8.306825 8.303583 8.29412  8.277918],[0.1828388  0.19684063 0.21246058 0.2304421 ],[8.31983  8.321709 8.323363 8.324781],[0.1824369  0.19586535 0.21045375 0.22601187]
DDK8,C,4e-07,6,True,False,TDD,vanilla,25,[0.02808432 0.06338082 0.1073344  0.17028686],[0.01063418 0.03262503 0.05172031 0.07678543],[ 7.724012 17.488684 29.680365 47.31712 ],[ 3.1919413  9.396806  15.426948  23.485727 ],[8.240194 8.224792 8.199062 8.157702],[0.26667133 0.2887503  0.3131123  0.34503573],[8.259438 8.260148 8.261916 8.265042],[0.26467186 0.2839932  0.30338576 0.3230583 ]
DDK8,C,4e-07,9,True,False,TDD,vanilla,25,[0.03321227 0.07725433 0.13317445 0.21993196],[0.01027222 0.03274606 0.06365161 0.10931569],[ 9.076903 20.593637 35.149147 57.652847],[ 2.930509  8.525407 17.368343 31.770948],[8.276096 8.240704 8.18305  8.085309],[0.34157977 0.388463   0.44106454 0.5097194 ],[8.299542  8.2919655 8.284302  8.276176 ],[0.3363756  0.3739166  0.41209707 0.44999707]
DDK8,C,4e-07,12,True,False,TDD,vanilla,25,[0.03727463 0.09157689 0.17548865 0.300877  ],[0.01156472 0.04042268 0.08737682 0.15044996],[ 9.939552 23.976604 46.53599  81.003654],[ 3.311835 10.719881 24.848097 46.889584],[8.223947  8.17493   8.076203  7.9167852],[0.37079138 0.41504568 0.47513676 0.573954  ],[8.254019 8.249561 8.239468 8.22615 ],[0.36668321 0.40296978 0.44160876 0.48203832]
DDK8,C,4e-07,15,True,False,TDD,vanilla,25,[0.0425856  0.11800231 0.2397659  0.38241035],[0.01658369 0.06598199 0.14221565 0.22439644],[ 11.429748  32.368137  69.08038  115.06331 ],[ 4.125394 18.306353 47.868893 88.47876 ],[8.259793  8.187512  8.049149  7.7845335],[0.37313542 0.44955426 0.5556142  0.78853637],[8.300738 8.310435 8.318503 8.321449],[0.36233523 0.4033232  0.448278   0.4995451 ]
DDK8,C,4e-07,18,True,False,TDD,vanilla,25,[0.05574621 0.16805227 0.30621698 0.46116135],[0.03169888 0.12446303 0.20571306 0.24664257],[ 14.121303  43.181377  84.3027   135.51553 ],[ 7.12375  28.479574 54.70792  84.190575],[8.191116 8.063808 7.843    7.582834],[0.52892107 0.66150963 0.90867627 1.0955223 ],[8.245845 8.256775 8.268593 8.282536],[0.5129303  0.5608195  0.60647964 0.64250934]
DDK8,C,4e-07,21,True,False,TDD,vanilla,25,[0.07467788 0.22731848 0.39769393 0.6300455 ],[0.05182873 0.1608699  0.23909555 0.28274706],[ 17.855888  58.67139  109.74896  188.0948  ],[ 10.590729  43.934826  76.77448  108.20232 ],[8.132713  7.9480786 7.668706  7.227733 ],[0.5156873 0.6480607 0.8765787 1.168228 ],[8.208268 8.233376 8.263854 8.301309],[0.48909435 0.49843127 0.5081799  0.52443814]
DDK8,C,4e-07,24,True,False,TDD,vanilla,25,[0.08363932 0.26171622 0.45904312 0.6131798 ],[0.05224672 0.18809585 0.27065206 0.26489532],[ 20.576685  67.07935  121.216805 171.6013  ],[ 13.668143  56.49714   86.3286   106.35886 ],[8.141099  7.903534  7.4916644 7.1476784],[0.5196449  0.64466035 0.98640794 1.1223962 ],[8.224326 8.216809 8.205311 8.196901],[0.5019927  0.53854054 0.5763094  0.6127203 ]
DDK8,C,4e-07,27,True,False,TDD,vanilla,25,[0.09889065 0.2683056  0.43898022 0.62295717],[0.07084896 0.18040563 0.21730787 0.23350273],[ 25.941225  71.97953  119.624855 176.00558 ],[ 24.390339  60.723946  79.885544 104.24919 ],[8.105495  7.8534136 7.580571  7.210303 ],[0.5379035  0.6814516  0.84372985 0.9785045 ],[8.212278 8.205426 8.209401 8.201062],[0.52702165 0.5741107  0.6127436  0.64407486]
DDK8,C,4e-07,33,True,False,TDD,vanilla,25,[0.14676781 0.34899765 0.5460064  0.7154032 ],[0.11037755 0.23168418 0.29309082 0.30439335],[ 35.19504   87.760124 139.89972  189.09879 ],[ 26.409822  63.552174  81.08892  100.31552 ],[8.020389 7.69018  7.381227 6.976474],[0.7192014 0.9812899 1.1206483 1.3388964],[8.183739 8.192224 8.175432 8.147135],[0.6432265  0.66101295 0.6978664  0.7402622 ]
DDK8,C,4e-07,36,True,False,TDD,vanilla,25,[0.17728719 0.41748297 0.64214194 0.76765513],[0.15373372 0.2612032  0.32848606 0.3014653 ],[ 44.412716 112.00209  176.5277   225.6133  ],[ 34.795055  72.06912   99.97882  115.719604],[8.066451  7.6290236 7.111311  6.8232503],[0.70602787 1.0673771  1.4482765  1.4921987 ],[8.265757  8.2690735 8.257155  8.252183 ],[0.6276491  0.67769957 0.705928   0.7128718 ]
DDK8,C,4e-07,42,True,False,TDD,vanilla,25,[0.2318744  0.48922202 0.6818583  0.8848811 ],[0.2046266 0.2828309 0.3155104 0.3049545],[ 60.54067 130.07472 181.95952 251.60896],[ 64.80734 100.24192 101.20408 126.16109],[7.9058104 7.466551  7.0201335 6.3174744],[0.69964254 0.8691332  1.1546507  1.4084944 ],[8.192731 8.206451 8.21126  8.215601],[0.59920657 0.60754186 0.64400005 0.6513544 ]
DDK8,D,5e-08,3,True,False,TDD,vanilla,25,[0.01187791 0.0373906  0.06739166 0.11890025],[0.01361086 0.04239917 0.06731359 0.10203806],[ 3.504362 11.053053 19.961035 35.259876],[ 4.010483 12.472502 19.881622 30.043774],[8.2981205 8.295742  8.292416  8.286962 ],[0.0749635  0.08047697 0.08658016 0.09314898],[8.299658 8.29858  8.297538 8.29653 ],[0.07468852 0.07996947 0.08556426 0.0913942 ]
DDK8,D,5e-08,6,True,False,TDD,vanilla,25,[0.01519252 0.04592148 0.08156286 0.1287713 ],[0.01358132 0.03978788 0.06670242 0.08739708],[ 4.544711 13.746136 24.42641  38.595978],[ 4.0193286 11.769658  19.724176  26.115402 ],[8.309662  8.30716   8.302726  8.2934265],[0.12042617 0.13300808 0.14630005 0.16173816],[8.311767 8.311415 8.310966 8.310436],[0.12025459 0.13231722 0.14488111 0.15781623]
DDK8,D,5e-08,9,True,False,TDD,vanilla,25,[0.01945342 0.05527743 0.086489   0.1322755 ],[0.01279079 0.03659543 0.06249334 0.08783454],[ 5.800892 16.446573 25.62603  39.08615 ],[ 3.8428516 10.997527  18.70392   26.927063 ],[8.294944 8.286989 8.275692 8.258624],[0.1323998  0.1533439  0.17644523 0.20188336],[8.297676 8.293371 8.288761 8.283954],[0.1321482  0.15266456 0.17479543 0.19807528]
DDK8,D,5e-08,12,True,False,TDD,vanilla,25,[0.01775513 0.04839076 0.07601258 0.12378775],[0.01216739 0.03737734 0.05788302 0.0826909 ],[ 5.179491 14.061978 22.213873 36.111702],[ 3.4789982 10.6429825 16.304129  23.719088 ],[8.278645 8.269611 8.254955 8.237227],[0.18754065 0.21286573 0.2404209  0.27077624],[8.282729 8.280233 8.277586 8.274747],[0.18684064 0.21076299 0.2355141  0.26066127]
DDK8,D,5e-08,15,True,False,TDD,vanilla,25,[0.02012135 0.05508303 0.10045011 0.15503874],[0.01229536 0.0366756  0.06743819 0.0996136 ],[ 5.893406 16.162312 29.447363 45.613457],[ 3.6240654 10.86004   19.711365  29.902822 ],[8.264012 8.252263 8.236272 8.219351],[0.21014883 0.23081543 0.2516702  0.27354902],[8.270022 8.268729 8.268344 8.268918],[0.2086949  0.22577141 0.24269079 0.25992864]
DDK8,D,5e-08,18,True,False,TDD,vanilla,25,[0.02373803 0.06307909 0.10631889 0.17145997],[0.01412581 0.04442179 0.07236958 0.10790618],[ 6.8376026 18.04361   30.14201   48.675045 ],[ 4.049213 12.853652 20.77212  30.713343],[8.2596035 8.233021  8.202495  8.166012 ],[0.23593082 0.26724407 0.3020747  0.34015554],[8.267819  8.256482  8.2475815 8.242658 ],[0.2351493 0.2640463 0.2919402 0.3160511]
DDK8,D,5e-08,21,True,False,TDD,vanilla,25,[0.02296429 0.0598671  0.10783079 0.19212489],[0.01178405 0.04160876 0.0732068  0.13012964],[ 6.786792 17.865295 32.3694   58.32478 ],[ 3.6983895 13.585989  24.719498  43.73865  ],[8.267556 8.256477 8.240078 8.21294 ],[0.25274578 0.2862264  0.32616097 0.3767649 ],[8.27719   8.282884  8.2891655 8.295584 ],[0.25249338 0.2854534  0.32003936 0.35299757]
DDK8,D,5e-08,24,True,False,TDD,vanilla,25,[0.02402522 0.06032559 0.1152271  0.18717119],[0.01487851 0.04654985 0.08233032 0.14465183],[ 6.927366 17.45091  34.080536 56.06255 ],[ 4.199887 13.652277 26.794258 47.63309 ],[8.269264 8.245941 8.213068 8.176683],[0.24799831 0.27748698 0.30908865 0.3380781 ],[8.280112  8.273623  8.264235  8.2512455],[0.24701582 0.27596948 0.30649292 0.3357034 ]
DDK8,D,5e-08,27,True,False,TDD,vanilla,25,[0.02688882 0.06512432 0.12426214 0.22056456],[0.01436063 0.04688488 0.08967809 0.19774081],[ 7.682495 18.309324 35.340153 65.081825],[ 4.117772 12.963054 24.684832 58.55134 ],[8.247974 8.230335 8.208689 8.176381],[0.2994569  0.31873032 0.34569642 0.39034835],[8.262777 8.265217 8.269065 8.273772],[0.2979555  0.3138878  0.33165452 0.3518799 ]
DDK8,D,5e-08,33,True,False,TDD,vanilla,25,[0.02934922 0.06296414 0.12502253 0.20042603],[0.01556208 0.04258104 0.09177015 0.13035613],[ 8.301001 17.484167 35.0095   58.182175],[ 4.5576324 12.480615  25.691334  41.70536  ],[8.217153 8.187907 8.160255 8.127456],[0.31620196 0.33601996 0.35118553 0.3620408 ],[8.235228 8.229521 8.229554 8.238303],[0.31300098 0.32693157 0.3373971  0.34345612]
DDK8,D,5e-08,36,True,False,TDD,vanilla,25,[0.03373842 0.06702776 0.13825911 0.23300333],[0.02115382 0.04487551 0.10065025 0.205586  ],[10.104449 20.533348 42.318657 71.14415 ],[ 6.0542307 15.074717  32.48709   57.424213 ],[8.3143425 8.290153  8.256031  8.217155 ],[0.2848446  0.30380806 0.32528836 0.35508934],[8.336734 8.337908 8.336387 8.332141],[0.27704263 0.29162735 0.30735877 0.3248851 ]
DDK8,D,5e-08,42,True,False,TDD,vanilla,25,[0.03811978 0.0873738  0.16393124 0.29325578],[0.02385233 0.06024521 0.1020039  0.207843  ],[11.234981 26.246618 50.95072  92.48905 ],[ 7.0607514 19.031616  35.069942  67.52856  ],[8.262767 8.260957 8.243174 8.203442],[0.30565622 0.3203171  0.3447072  0.39532623],[8.291798 8.319096 8.342037 8.351114],[0.29859725 0.30620685 0.31966177 0.34217647]
DDK8,D,2e-07,3,True,False,TDD,vanilla,25,[0.01335831 0.03893407 0.06987435 0.12060816],[0.01236278 0.03953832 0.06305555 0.09437459],[ 4.0057173 11.718916  21.06538   36.3694   ],[ 3.736082 11.950527 19.032995 28.450644],[8.30063  8.300114 8.298508 8.295761],[0.055484   0.06238787 0.069566   0.07684631],[8.30472  8.305355 8.306001 8.306659],[0.05492547 0.06174164 0.06871933 0.07579485]
DDK8,D,2e-07,6,True,False,TDD,vanilla,25,[0.01775607 0.04828379 0.08353894 0.13127834],[0.01301925 0.03797869 0.06378907 0.08686651],[ 5.2922378 14.385592  24.876472  39.113155 ],[ 3.873917 11.251014 18.963362 25.952087],[8.3006   8.297432 8.292606 8.283407],[0.08407558 0.09532025 0.1066943  0.11929367],[8.304998 8.30393  8.302717 8.301365],[0.08359402 0.0947236  0.10591125 0.1170879 ]
DDK8,D,2e-07,9,True,False,TDD,vanilla,25,[0.02626853 0.07220867 0.10647674 0.15155618],[0.01256755 0.03812448 0.06802413 0.10039856],[ 7.881361 21.660328 32.087727 45.76116 ],[ 3.7548995 11.396651  20.735102  30.952877 ],[8.299728 8.296482 8.290921 8.280697],[0.1291448  0.14431289 0.15975823 0.17472342],[8.304958 8.305161 8.30541  8.30564 ],[0.12817776 0.14271183 0.15739685 0.17246187]
DDK8,D,2e-07,12,True,False,TDD,vanilla,25,[0.02121218 0.05585418 0.08712871 0.1369171 ],[0.01190124 0.04076043 0.06259453 0.09844679],[ 6.320551 16.579012 25.81522  40.373558],[ 3.3956788 11.643619  17.476137  26.497293 ],[8.307519 8.302808 8.294354 8.284004],[0.14362335 0.1662766  0.1902498  0.21381877],[8.313007 8.312093 8.310837 8.309354],[0.14296053 0.16523613 0.1881396  0.2113783 ]
DDK8,D,2e-07,15,True,False,TDD,vanilla,25,[0.02171438 0.05420906 0.09006452 0.13447914],[0.01187556 0.03816522 0.05684316 0.08334789],[ 6.3949475 15.866166  26.625462  39.813824 ],[ 3.3965385 10.825453  16.61298   24.679422 ],[8.285874 8.276914 8.26479  8.248772],[0.18759258 0.21005921 0.23279262 0.25520664],[8.293565  8.2920685 8.2905855 8.289156 ],[0.18703032 0.20940296 0.23131841 0.25235698]
DDK8,D,2e-07,18,True,False,TDD,vanilla,25,[0.02247561 0.05133968 0.08478865 0.1361206 ],[0.01167508 0.03649411 0.0563409  0.08867265],[ 6.742272 15.378643 25.53574  41.42247 ],[ 3.6153626 11.184901  17.695015  27.421139 ],[8.297039 8.291708 8.282419 8.269237],[0.22224386 0.24392974 0.2648772  0.28351003],[8.305725 8.309488 8.312395 8.314784],[0.22037174 0.2390583  0.25812885 0.27720353]
DDK8,D,2e-07,21,True,False,TDD,vanilla,25,[0.02331727 0.05231101 0.09307504 0.17515746],[0.01318319 0.04012436 0.06845675 0.11312242],[ 6.725973 15.157984 27.519054 52.304134],[ 3.8657246 11.9281    21.066841  35.00916  ],[8.254287 8.246457 8.237132 8.221981],[0.24701218 0.26837158 0.28669655 0.3057111 ],[8.264703 8.267769 8.272947 8.279535],[0.24443386 0.26372743 0.2798239  0.2931526 ]
DDK8,D,2e-07,24,True,False,TDD,vanilla,25,[0.02466933 0.05261731 0.10121577 0.1926144 ],[0.0127014  0.03786653 0.07479705 0.15820809],[ 7.276221 15.499899 30.44698  57.697575],[ 3.7508793 11.389411  23.817497  45.393627 ],[8.265591 8.257148 8.247692 8.22811 ],[0.24444962 0.2636583  0.28185293 0.31040502],[8.277871 8.283131 8.289918 8.296556],[0.24175097 0.25661522 0.27360883 0.29408902]
DDK8,D,2e-07,27,True,False,TDD,vanilla,25,[0.02727235 0.05826738 0.11013713 0.18376455],[0.01285078 0.04282175 0.07010663 0.13451202],[ 7.9376507 17.076107  31.998804  53.69777  ],[ 4.0941324 13.826083  22.369137  39.86535  ],[8.239815  8.226014  8.211191  8.1943245],[0.2672336  0.29037738 0.3197814  0.35240376],[8.2537155 8.252774  8.254282  8.257275 ],[0.26518136 0.28589198 0.31270012 0.34290448]
DDK8,D,2e-07,33,True,False,TDD,vanilla,25,[0.02915036 0.05820508 0.12188548 0.20176077],[0.01486919 0.03736906 0.09063525 0.14735712],[ 8.665287 17.106678 36.43595  62.441593],[ 4.4733043 10.492962  26.485607  48.578533 ],[8.278175 8.264839 8.248714 8.232243],[0.29610088 0.30152714 0.31557584 0.32854968],[8.294483 8.296839 8.303677 8.315007],[0.29260948 0.29500195 0.30127394 0.31653824]
DDK8,D,2e-07,36,True,False,TDD,vanilla,25,[0.03120433 0.06333018 0.11908402 0.23435372],[0.01853993 0.05307873 0.08831515 0.17165558],[ 8.915045 17.682476 33.522526 68.57416 ],[ 5.2312555 14.041994  24.05579   57.80371  ],[8.23561  8.193157 8.146196 8.097362],[0.3115963  0.33793798 0.3689009  0.3903517 ],[8.254462  8.231821  8.213254  8.2022705],[0.30821246 0.33105987 0.3529215  0.36922216]
DDK8,D,2e-07,42,True,False,TDD,vanilla,25,[0.03415474 0.07955714 0.13830777 0.23309433],[0.02015734 0.05171395 0.08837362 0.14387076],[ 9.921447 23.386053 40.46374  70.51855 ],[ 5.7710285 16.71603   26.762346  47.729694 ],[8.250165 8.220204 8.186438 8.151317],[0.31733468 0.33481076 0.3512537  0.36141562],[8.275828 8.271634 8.268322 8.26755 ],[0.31351313 0.32876962 0.3366903  0.34487548]
DDK8,D,4e-07,3,True,False,TDD,vanilla,25,[0.01837074 0.0470504  0.08139826 0.13107696],[0.01362305 0.04207477 0.06946133 0.10178193],[ 5.4459863 13.986286  24.200047  38.970577 ],[ 4.0772142 12.597718  20.842333  30.59277  ],[8.286246 8.282307 8.277292 8.271069],[0.05481244 0.06295163 0.07143591 0.07977914],[8.293405 8.290766 8.28805  8.285257],[0.05372701 0.06171242 0.06978194 0.07790729]
DDK8,D,4e-07,6,True,False,TDD,vanilla,25,[0.02506391 0.06355903 0.10548075 0.15592007],[0.01519442 0.0438522  0.07556437 0.10554899],[ 7.480588 19.053722 31.74828  46.943237],[ 4.566795 13.184196 23.056423 32.31801 ],[8.294384 8.293564 8.29174  8.286611],[0.09900278 0.11276585 0.12635429 0.13974302],[8.302427 8.303819 8.305447 8.30732 ],[0.09781612 0.11133109 0.12449647 0.1372722 ]
DDK8,D,4e-07,9,True,False,TDD,vanilla,25,[0.02752561 0.06841311 0.10305738 0.14872897],[0.01215473 0.0342358  0.06132935 0.09281953],[ 8.268376 20.575493 31.006    44.79782 ],[ 3.6264038 10.210507  18.119968  27.192373 ],[8.301694 8.301626 8.29948  8.293847],[0.12425262 0.14302388 0.1618661  0.1807485 ],[8.310682 8.313534 8.316418 8.319339],[0.1229313  0.14134116 0.15957414 0.17754117]
DDK8,D,4e-07,12,True,False,TDD,vanilla,25,[0.02353126 0.05263715 0.08057725 0.12082969],[0.01226443 0.03411312 0.05353874 0.0759994 ],[ 7.0646753 15.847607  24.354609  36.877487 ],[ 3.6459155 10.274134  16.378523  24.39593  ],[8.305423  8.302822  8.2970705 8.287124 ],[0.15652357 0.17833279 0.20031253 0.22186403],[8.314311 8.315415 8.316559 8.31765 ],[0.15571669 0.17662454 0.19755578 0.21827404]
DDK8,D,4e-07,15,True,False,TDD,vanilla,25,[0.02569752 0.05667675 0.08626556 0.12431604],[0.01161161 0.03559704 0.05503658 0.08117622],[ 7.8322496 17.494818  26.869024  39.091007 ],[ 3.691041 11.516281 18.340525 26.989809],[8.320062 8.317394 8.312411 8.30339 ],[0.17633168 0.19579707 0.21522683 0.23417905],[8.331775 8.336437 8.340626 8.344339],[0.17464425 0.1934692  0.21228619 0.23092636]
DDK8,D,4e-07,18,True,False,TDD,vanilla,25,[0.02590117 0.0567087  0.09110731 0.13191006],[0.01224174 0.03759957 0.05664458 0.08947323],[ 7.680492 16.807133 26.936155 38.74055 ],[ 3.7172947 11.108444  16.945694  26.664839 ],[8.274005  8.263975  8.2508335 8.234958 ],[0.19134595 0.21203466 0.23586169 0.26430795],[8.286208 8.283078 8.280533 8.278921],[0.19004631 0.20961969 0.23211282 0.2563469 ]
DDK8,D,4e-07,21,True,False,TDD,vanilla,25,[0.02913738 0.06073473 0.10045245 0.17091356],[0.0127251  0.03830257 0.06554354 0.12811238],[ 8.810505 18.371128 30.725035 53.31432 ],[ 3.919145 11.659313 21.76331  47.4314  ],[8.302147 8.290198 8.275594 8.250213],[0.2094759  0.24902305 0.29131845 0.3351758 ],[8.315765 8.314188 8.310797 8.306976],[0.20739509 0.2451768  0.28654093 0.3257228 ]
DDK8,D,4e-07,24,True,False,TDD,vanilla,25,[0.0321161  0.06333724 0.10938624 0.19029398],[0.01287988 0.03928732 0.07097369 0.14342058],[ 9.531282 18.858414 32.5707   56.72581 ],[ 3.8736432 11.760525  21.34384   47.425816 ],[8.279695 8.269879 8.254586 8.233314],[0.24391015 0.2715924  0.30323288 0.33583128],[8.2942295 8.294001  8.29249   8.29053  ],[0.24053971 0.2657455  0.29513124 0.32629207]
DDK8,D,4e-07,27,True,False,TDD,vanilla,25,[0.02867398 0.05884637 0.101299   0.17222787],[0.01478232 0.04213726 0.07261942 0.14140335],[ 8.351252 17.308931 30.108475 51.386444],[ 4.248904 13.105615 23.387058 41.86467 ],[8.269067 8.261626 8.248081 8.225613],[0.24987505 0.26309013 0.28214732 0.30982816],[8.284804 8.288184 8.289756 8.287945],[0.24599674 0.25614992 0.27404147 0.30254942]
DDK8,D,4e-07,33,True,False,TDD,vanilla,25,[0.033825   0.05896809 0.10995577 0.21762772],[0.01804367 0.03792816 0.0741226  0.17988199],[ 9.994499 17.373608 33.126858 67.11492 ],[ 5.7048426 12.287998  25.321596  60.572628 ],[8.263292 8.250418 8.238961 8.220974],[0.29792094 0.31941256 0.34107122 0.3589537 ],[8.283479 8.285306 8.291762 8.302665],[0.29424185 0.31225926 0.32923257 0.3390499 ]
DDK8,D,4e-07,36,True,False,TDD,vanilla,25,[0.03992573 0.06358445 0.13838632 0.22953223],[0.02068782 0.04406081 0.12485464 0.16025782],[11.143379 17.735943 39.100353 66.611565],[ 5.520195 11.828704 34.439632 49.171135],[8.2008095 8.192281  8.181661  8.154673 ],[0.31087974 0.33951825 0.36620867 0.44170785],[8.223469 8.229465 8.240253 8.252065],[0.30499366 0.32756943 0.34636486 0.3621993 ]
DDK8,D,4e-07,42,True,False,TDD,vanilla,25,[0.03836925 0.0713843  0.16402736 0.22629309],[0.02196155 0.05809148 0.11890972 0.1532493 ],[11.088893 20.439325 47.132565 65.55075 ],[ 5.708949 15.237034 33.300896 43.78708 ],[8.271363 8.238323 8.199266 8.15599 ],[0.26460254 0.2898575  0.30788076 0.33097112],[8.293684 8.277752 8.263025 8.253034],[0.2600928  0.2811057  0.29591087 0.3149146 ]
