model,cm,ds,ms,is_gen,is_U2D,scenario,noise_type,noise_degree,nmse_mean,nmse_std,mse_mean,mse_std,se_mean,se_std,se0_mean,se0_std
TRANSFORMER,B,5e-08,3,True,False,TDD,vanilla,0,[0.04619137 0.07326312 0.11890569 0.17682497],[0.01985083 0.03463312 0.06817658 0.09342433],[ 8.105688 14.3369   24.92022  42.010986],[ 2.7773426  7.003742  14.08841   23.559273 ],[8.274527 8.253628 8.213474 8.164633],[0.29043967 0.3028871  0.31856507 0.33621466],[8.310018 8.311025 8.311322 8.311014],[0.2866387  0.29886192 0.3112389  0.32331753]
TRANSFORMER,B,5e-08,6,True,False,TDD,vanilla,0,[0.07792303 0.15209657 0.2613658  0.3807492 ],[0.04143801 0.09162176 0.16711964 0.23281066],[13.172507 29.015266 54.22219  83.83095 ],[ 6.73884  19.11579  38.127182 56.04881 ],[8.139609  8.0641365 7.911228  7.715487 ],[0.40729025 0.44910002 0.5561169  0.72060555],[8.200852 8.201835 8.201868 8.201473],[0.3916575  0.3997785  0.4085088  0.41598982]
TRANSFORMER,B,5e-08,9,True,False,TDD,vanilla,0,[0.11150291 0.23620246 0.39143395 0.5539607 ],[0.06726345 0.16111918 0.24450354 0.3234181 ],[ 21.710543  49.910046  88.96646  129.42542 ],[12.7655525 34.73734   62.366455  80.461205 ],[8.157019  8.020363  7.7614913 7.4475484],[0.46889558 0.5581787  0.79811144 1.0280082 ],[8.251503 8.261046 8.269067 8.268886],[0.43901262 0.44828576 0.46303815 0.48474985]
TRANSFORMER,B,5e-08,12,True,False,TDD,vanilla,0,[0.1653651  0.3617481  0.5654626  0.69440055],[0.10467402 0.2431775  0.34644002 0.32185695],[ 32.072086  75.59404  122.44607  165.24785 ],[ 22.184784  56.086155  82.1098   100.27194 ],[8.022532  7.7246423 7.2907853 6.884857 ],[0.4717334  0.79361695 1.138356   1.3789936 ],[8.1689005 8.177474  8.178661  8.1839   ],[0.42534238 0.45664805 0.49680933 0.52424616]
TRANSFORMER,B,5e-08,15,True,False,TDD,vanilla,0,[0.22879483 0.45963168 0.64905703 0.7745296 ],[0.14969334 0.2842582  0.34088248 0.33853254],[ 52.481846 113.97254  167.52687  208.2517  ],[ 36.564236  81.9993   109.00163  126.0742  ],[8.080874  7.6416736 7.061314  6.602297 ],[0.6075554 0.9437282 1.3801696 1.5634028],[8.301512 8.301376 8.2951   8.286509],[0.51885885 0.5244441  0.5284308  0.55424315]
TRANSFORMER,B,5e-08,18,True,False,TDD,vanilla,0,[0.3318434  0.67767924 0.884003   1.0049337 ],[0.18434627 0.3855905  0.420459   0.40560734],[ 72.76907 157.04082 215.46315 259.23172],[ 49.15633 105.7101  126.54553 145.56923],[7.762674  6.8545976 6.178274  5.715871 ],[0.6636425 1.4119079 1.6575991 1.7661773],[8.143848 8.165355 8.190139 8.226463],[0.55700666 0.5532856  0.58807176 0.6425339 ]
TRANSFORMER,B,5e-08,21,True,False,TDD,vanilla,0,[0.3823587  0.71549714 0.88695025 0.96335447],[0.21505284 0.35068008 0.3396207  0.25539583],[ 87.053566 172.64058  219.60138  253.94238 ],[ 58.930145 107.89638  113.176765 120.535904],[7.6225176 6.6167383 5.9249783 5.4971013],[0.80480784 1.4622617  1.6724992  1.6612307 ],[8.123272 8.136701 8.135805 8.151181],[0.5637357  0.5555875  0.58310056 0.62311316]
TRANSFORMER,B,5e-08,24,True,False,TDD,vanilla,0,[0.408358  0.6921952 0.8430683 0.9512121],[0.27953985 0.35380563 0.29748282 0.2738485 ],[ 98.65753 180.95244 231.02032 268.34207],[ 74.84284 120.45468 134.17943 143.74448],[7.7179523 6.799075  6.2292876 5.7670326],[0.86007345 1.5556182  1.6019183  1.5733408 ],[8.27013  8.258452 8.255481 8.262504],[0.5118271  0.5137656  0.52345896 0.57083213]
TRANSFORMER,B,5e-08,27,True,False,TDD,vanilla,0,[0.4765005 0.7791039 0.9320501 0.9941182],[0.25413066 0.33422798 0.3730753  0.2679289 ],[113.43515 194.55402 233.84872 262.35425],[ 87.808556 123.60451  126.17624  131.46664 ],[7.4962964 6.406084  5.787364  5.289176 ],[0.86168176 1.5871016  1.7288595  1.7509898 ],[8.164666 8.149782 8.144776 8.15001 ],[0.5907433  0.6523984  0.6741813  0.66140956]
TRANSFORMER,B,5e-08,33,True,False,TDD,vanilla,0,[0.54927164 0.89863425 0.99436295 1.0731955 ],[0.31998906 0.39943352 0.30485824 0.27952164],[138.34996 222.6999  260.93704 285.92392],[100.65858 132.81943 137.4561  142.68524],[7.3373804 6.3231153 5.7544465 5.2057824],[1.2261008 1.6676048 1.6423779 1.63375  ],[8.244222 8.21752  8.208188 8.190938],[0.59182024 0.6487663  0.6651303  0.6921988 ]
TRANSFORMER,B,5e-08,36,True,False,TDD,vanilla,0,[0.69762045 0.9820423  1.0726396  1.0900476 ],[0.3517681  0.46177813 0.30801076 0.22525398],[173.79115 250.02795 281.3973  298.96106],[103.3791   121.497925 114.290276 119.06334 ],[6.958398  5.792389  5.175575  4.6239204],[1.4512191 1.7390889 1.7015663 1.698355 ],[8.266979 8.223077 8.203336 8.203679],[0.63908565 0.639546   0.6131122  0.6540083 ]
TRANSFORMER,B,5e-08,42,True,False,TDD,vanilla,0,[0.75916594 0.96576226 1.013939   1.0621047 ],[0.38230115 0.30373493 0.23433715 0.24203391],[182.97926 251.68347 285.1742  310.20514],[113.40054 129.64366 123.33037 132.21693],[6.639494  5.6885433 5.165532  4.7997966],[1.4295719 1.5781788 1.4924377 1.5648725],[8.1687   8.187472 8.230034 8.259732],[0.55716753 0.59658355 0.62573683 0.63968205]
TRANSFORMER,B,2e-07,3,True,False,TDD,vanilla,0,[0.18343495 0.20747271 0.24666573 0.2935867 ],[0.08717232 0.09203738 0.10302323 0.11364728],[40.018383 45.75415  55.36928  69.38282 ],[19.477049 20.186922 22.958952 28.153818],[7.9103627 7.8822155 7.83188   7.779864 ],[0.48103383 0.4946131  0.5157045  0.53608626],[8.140387 8.142667 8.144901 8.14683 ],[0.40203154 0.40776485 0.4140067  0.42071092]
TRANSFORMER,B,2e-07,6,True,False,TDD,vanilla,0,[0.20418501 0.25892076 0.34098095 0.4283472 ],[0.09602966 0.11135617 0.13979384 0.16932252],[ 46.565468  59.68391   80.602325 105.73003 ],[21.640244 24.916292 32.1225   40.87919 ],[7.9429493 7.8711524 7.7419877 7.59898  ],[0.4714365  0.51035166 0.58573925 0.68299484],[8.200198 8.203735 8.207058 8.210534],[0.37354085 0.38056552 0.38964164 0.39972013]
TRANSFORMER,B,2e-07,9,True,False,TDD,vanilla,0,[0.21977465 0.32114965 0.45807904 0.59508115],[0.07898097 0.10283652 0.149377   0.19141962],[ 51.24545  77.57994 116.10849 158.63504],[18.618952 30.91175  53.243725 75.49174 ],[7.950973  7.8065925 7.5510783 7.2347193],[0.48187992 0.49967134 0.5618048  0.68749505],[8.216351 8.215251 8.214624 8.214304],[0.40763524 0.41026488 0.41645426 0.42503932]
TRANSFORMER,B,2e-07,12,True,False,TDD,vanilla,0,[0.2752217  0.42648762 0.5891395  0.7173216 ],[0.10895705 0.18441905 0.24990387 0.26258704],[ 60.37      96.173004 136.82907  175.95529 ],[23.90053  43.420788 61.48124  76.31097 ],[7.7596974 7.4605284 7.0260143 6.5994196],[0.5968976 0.8040803 1.1449388 1.3640138],[8.120098  8.1142645 8.112743  8.113856 ],[0.43833026 0.45556214 0.4728695  0.49387437]
TRANSFORMER,B,2e-07,15,True,False,TDD,vanilla,0,[0.31774968 0.49965194 0.65877366 0.7746513 ],[0.12527567 0.21301268 0.22954866 0.21990022],[ 74.77069  125.661385 177.94923  219.38866 ],[29.38134  56.406754 78.19769  91.71999 ],[7.7864404 7.3753905 6.8839436 6.4418874],[0.6411283  0.94700813 1.2095362  1.3572692 ],[8.197627 8.204033 8.217084 8.230653],[0.4852605  0.50316983 0.5246719  0.54396856]
TRANSFORMER,B,2e-07,18,True,False,TDD,vanilla,0,[0.35885856 0.5632698  0.7315676  0.8444794 ],[0.14828116 0.2416829  0.25588146 0.23054504],[ 85.00022 142.57005 196.04128 235.14558],[ 44.227398  81.368904 100.950165 104.645546],[7.6904564 7.1647725 6.592871  6.148396 ],[0.64679825 1.0891371  1.351965   1.42039   ],[8.1638975 8.175692  8.188434  8.202104 ],[0.48944053 0.50745434 0.51854205 0.52203894]
TRANSFORMER,B,2e-07,21,True,False,TDD,vanilla,0,[0.4344361 0.6932234 0.8446889 0.9530628],[0.15969178 0.23114417 0.23523532 0.23184459],[109.263   183.13321 224.8401  255.87012],[46.252346 79.99574  88.12105  94.5068  ],[7.550014 6.705498 6.098727 5.632254],[0.66445976 1.1627771  1.3094133  1.3436853 ],[8.188612 8.176667 8.144227 8.140654],[0.44568118 0.44044286 0.45722884 0.47989476]
TRANSFORMER,B,2e-07,24,True,False,TDD,vanilla,0,[0.4627879  0.72046036 0.8761309  0.94704986],[0.18872485 0.28607008 0.2824871  0.22332554],[113.728485 183.74918  231.25745  268.07587 ],[ 54.24168  83.53751  92.98996 107.07237],[7.434115  6.5245495 5.936634  5.5580153],[0.7990661 1.4231316 1.553204  1.619695 ],[8.138821 8.121225 8.131564 8.179232],[0.5049219 0.5401906 0.5545749 0.5767097]
TRANSFORMER,B,2e-07,27,True,False,TDD,vanilla,0,[0.4821783  0.7559885  0.89344895 0.9725691 ],[0.19903521 0.27675313 0.24215789 0.19773777],[127.80675 204.79025 243.65976 268.52597],[ 71.76011 103.4358  100.05155 100.6949 ],[7.4289107 6.587398  5.9340987 5.526663 ],[0.90954655 1.3955038  1.5101959  1.499911  ],[8.195907 8.177614 8.161719 8.149494],[0.58492225 0.59560144 0.5773279  0.56295604]
TRANSFORMER,B,2e-07,33,True,False,TDD,vanilla,0,[0.5840323  0.83652997 0.9470406  1.0160058 ],[0.21458544 0.2503465  0.1874612  0.14168283],[145.86128 222.03069 260.8015  284.1515 ],[ 71.8243   99.52937 100.6202  111.02364],[7.0322285 6.109057  5.4392285 4.9922185],[1.0073031 1.4636419 1.4427868 1.3887897],[8.113809 8.133947 8.133893 8.112729],[0.5259433 0.5533906 0.5503319 0.5765364]
TRANSFORMER,B,2e-07,36,True,False,TDD,vanilla,0,[0.56832945 0.83157957 0.9500621  1.0215943 ],[0.23902592 0.28097135 0.2322167  0.22406292],[146.53961 217.78844 253.3045  266.6871 ],[ 75.85804   98.104576 104.11967   99.36336 ],[7.13647   6.12338   5.5989943 5.024458 ],[1.065784  1.5774877 1.4691341 1.5307482],[8.202237 8.165164 8.124358 8.063301],[0.48082298 0.53177947 0.57521355 0.61029977]
TRANSFORMER,B,2e-07,42,True,False,TDD,vanilla,0,[0.6821754  0.90518785 0.9853864  1.0215479 ],[0.27352723 0.24132283 0.15900756 0.12876222],[170.44717 243.87444 272.8403  280.10602],[ 82.166214 102.5494   116.469604 114.23548 ],[6.631262  5.7508497 5.098761  4.8575473],[1.4399269 1.4854472 1.3637004 1.1796203],[8.116588  8.1407385 8.108494  8.074529 ],[0.5461968  0.52060753 0.52204317 0.5106326 ]
TRANSFORMER,B,4e-07,3,True,False,TDD,vanilla,0,[0.20672317 0.22533838 0.25874946 0.30294535],[0.08028686 0.08263439 0.08751129 0.09418056],[52.884033 58.427036 68.48156  82.99509 ],[17.9298   18.44413  21.395706 26.398026],[7.9149146 7.890374  7.8476605 7.8036017],[0.42496505 0.43681762 0.4498956  0.46128556],[8.20847  8.210395 8.212237 8.213969],[0.33442357 0.33968475 0.345037   0.3505006 ]
TRANSFORMER,B,4e-07,6,True,False,TDD,vanilla,0,[0.22604662 0.27506328 0.35212445 0.43930465],[0.07026549 0.07830087 0.10098458 0.12628572],[ 56.675907  70.51551   92.96384  119.72966 ],[17.851551 21.24669  30.629114 42.317547],[7.8764424 7.8022184 7.673837  7.538673 ],[0.38368022 0.40425754 0.4431823  0.49553573],[8.184885 8.185724 8.186444 8.187491],[0.32194275 0.32802504 0.33519444 0.3429576 ]
TRANSFORMER,B,4e-07,9,True,False,TDD,vanilla,0,[0.24344946 0.33557677 0.45319295 0.5684119 ],[0.08681781 0.1125542  0.14965102 0.18040988],[ 62.920547  88.20366  121.9621   156.92075 ],[24.148447 33.91744  50.61719  67.39804 ],[7.8524446 7.715086  7.4880986 7.2270226],[0.42062938 0.44262767 0.5244972  0.6578862 ],[8.193824  8.191843  8.1865635 8.178488 ],[0.33316842 0.33920404 0.35002944 0.36503997]
TRANSFORMER,B,4e-07,12,True,False,TDD,vanilla,0,[0.29100063 0.42238933 0.56689686 0.7012932 ],[0.0851859  0.1243512  0.16595052 0.19396435],[ 74.62933 111.87032 154.86407 197.3505 ],[23.977217 38.058594 53.596233 67.765114],[7.738066 7.506577 7.138874 6.738046],[0.4133492  0.49854422 0.69476795 0.9209633 ],[8.155842 8.160818 8.163987 8.167347],[0.32843772 0.33568704 0.35014972 0.36756453]
TRANSFORMER,B,4e-07,15,True,False,TDD,vanilla,0,[0.35613683 0.5468496  0.70606005 0.8398268 ],[0.12262085 0.200115   0.2303259  0.23831385],[ 93.11262 145.71674 193.90994 234.4007 ],[35.74058  58.619366 74.71535  88.17976 ],[7.6224575 7.191505  6.655929  6.2763696],[0.56083   0.848122  1.0959332 1.1954802],[8.153601 8.155079 8.152279 8.149134],[0.41019136 0.43171164 0.44939855 0.4603841 ]
TRANSFORMER,B,4e-07,18,True,False,TDD,vanilla,0,[0.40064046 0.6099356  0.75398284 0.8669796 ],[0.14263065 0.20876192 0.20386834 0.18677066],[102.30465 162.76796 209.21486 245.68881],[44.86908 72.44427 81.61744 88.04996],[7.5036364 6.896801  6.3062763 5.9172387],[0.62801164 0.94563097 1.1488377  1.142409  ],[8.1320305 8.137831  8.141356  8.146607 ],[0.4299151  0.43325627 0.43164545 0.42852744]
TRANSFORMER,B,4e-07,21,True,False,TDD,vanilla,0,[0.4291432  0.6384258  0.79365593 0.9073892 ],[0.16164422 0.20699361 0.1936057  0.16908649],[117.61113 181.77586 230.86732 261.04428],[ 58.97517   90.242096 108.06384  114.26243 ],[7.470818  6.8058543 6.1973314 5.7152495],[0.6032055  0.91810817 1.056294   1.1064968 ],[8.166336 8.156872 8.151517 8.130608],[0.39600894 0.41945392 0.43816084 0.4560646 ]
TRANSFORMER,B,4e-07,24,True,False,TDD,vanilla,0,[0.482141   0.7206246  0.8558053  0.94880325],[0.18000153 0.23466235 0.20928931 0.1934085 ],[133.92717 209.22224 254.6204  287.6203 ],[ 57.962933  90.73084   95.29919  102.35475 ],[7.385836  6.5104394 5.9538517 5.619859 ],[0.7048286 1.241958  1.2681543 1.1877595],[8.199759 8.205041 8.207555 8.21912 ],[0.40476805 0.4265331  0.437374   0.43781117]
TRANSFORMER,B,4e-07,27,True,False,TDD,vanilla,0,[0.53023046 0.7846762  0.9138238  0.979974  ],[0.17599705 0.22929308 0.18008405 0.14752123],[144.48984 214.99455 252.30191 275.2303 ],[55.514557 77.886955 76.65283  77.331184],[7.1817646 6.1851363 5.596359  5.3557506],[0.71390706 1.1831216  1.1805273  1.0456009 ],[8.149213 8.11694  8.104064 8.116798],[0.38061866 0.3709262  0.37762538 0.39070326]
TRANSFORMER,B,4e-07,33,True,False,TDD,vanilla,0,[0.59734243 0.8285397  0.93915254 0.9949419 ],[0.18109863 0.18866481 0.14496803 0.12744263],[177.39803 259.49564 291.5564  306.1799 ],[ 77.55846 104.98816  87.64561  92.74486],[7.1097264 6.16699   5.6243443 5.2419605],[0.8555055 1.234249  1.1054167 1.1231962],[8.246286 8.265709 8.252911 8.226303],[0.46850497 0.4546497  0.43810767 0.4547688 ]
TRANSFORMER,B,4e-07,36,True,False,TDD,vanilla,0,[0.6775166 0.8989266 0.9751135 1.0249498],[0.21022996 0.20033592 0.1234645  0.11296189],[173.88869 242.87451 279.8319  304.22162],[60.952614 77.71434  84.44699  92.07965 ],[6.605036  5.748671  5.1935496 4.93221  ],[1.1049926  1.2498605  1.0670214  0.96240914],[8.057566 8.079076 8.129921 8.168676],[0.40291405 0.39826262 0.400419   0.4095985 ]
TRANSFORMER,B,4e-07,42,True,False,TDD,vanilla,0,[0.7106951  0.90128297 0.9848003  1.0124059 ],[0.23105855 0.21085647 0.11822711 0.09741551],[196.94049 251.11932 280.88034 296.1952 ],[83.576035 89.06332  90.99596  89.50969 ],[6.4401073 5.801525  5.2123165 4.8971944],[1.2348118 1.2472814 1.0475417 1.038018 ],[8.13121   8.1205845 8.131761  8.168282 ],[0.45830318 0.4678817  0.483578   0.4428105 ]
TRANSFORMER,E,5e-08,3,True,False,TDD,vanilla,0,[0.02218813 0.02627093 0.03262978 0.04212156],[0.00623126 0.00785616 0.01098205 0.01569678],[ 6.4429073  7.6174636  9.437128  12.294822 ],[1.902462  2.3870087 3.37796   4.959581 ],[8.253017 8.245872 8.237755 8.229739],[0.1074158  0.10835043 0.10967641 0.1117545 ],[8.275206 8.273342 8.271564 8.269935],[0.10735613 0.10797673 0.10877382 0.10978277]
TRANSFORMER,E,5e-08,6,True,False,TDD,vanilla,0,[0.02692267 0.03537586 0.04584691 0.0589412 ],[0.00808534 0.01192494 0.01699763 0.02200973],[ 7.7131257 10.151852  13.163548  17.252295 ],[2.2404995 3.3040702 4.748199  6.6575255],[8.250272 8.241639 8.230949 8.22024 ],[0.11478725 0.11763661 0.12119238 0.12327306],[8.276046 8.276882 8.277935 8.278976],[0.11304255 0.11515561 0.11746035 0.1195814 ]
TRANSFORMER,E,5e-08,9,True,False,TDD,vanilla,0,[0.03085918 0.04582675 0.06152771 0.0772797 ],[0.01075829 0.02103739 0.03158741 0.03786372],[ 8.921181 13.27326  17.87299  22.837025],[ 2.8219635  5.6881742  8.747534  11.039119 ],[8.264144 8.250528 8.233233 8.217115],[0.13085315 0.13646084 0.14412194 0.15144916],[8.294175 8.29685  8.298473 8.298301],[0.12703057 0.12796013 0.1290341  0.13212253]
TRANSFORMER,E,5e-08,12,True,False,TDD,vanilla,0,[0.03543426 0.05588763 0.07620135 0.09739834],[0.01155322 0.02253212 0.03291672 0.04258931],[10.074256 15.891947 21.664167 28.012245],[ 3.187937   6.2975826  9.468963  12.889314 ],[8.211649 8.186385 8.156852 8.131107],[0.11075957 0.11556957 0.1262512  0.13922137],[8.245989 8.241977 8.236683 8.23173 ],[0.10888104 0.11287002 0.11957746 0.12670897]
TRANSFORMER,E,5e-08,15,True,False,TDD,vanilla,0,[0.04381947 0.06782316 0.09350764 0.11570243],[0.02066595 0.03109077 0.04136755 0.04836319],[12.479951 19.348999 26.850714 33.78661 ],[ 5.8570523  8.722636  11.762924  14.385446 ],[8.2223015 8.193928  8.165067  8.14884  ],[0.14014821 0.14998013 0.15932536 0.1633303 ],[8.262611  8.2612095 8.260151  8.261041 ],[0.134938   0.13911162 0.14343648 0.14577532]
TRANSFORMER,E,5e-08,18,True,False,TDD,vanilla,0,[0.05279735 0.07809084 0.10669284 0.13512613],[0.02930178 0.03772411 0.05241976 0.06770494],[15.293611 22.814337 31.259415 40.10623 ],[ 8.304832 11.141442 15.245643 20.565453],[8.233939 8.204124 8.1732   8.151207],[0.14251961 0.15093482 0.16167653 0.17051339],[8.281872 8.281912 8.279536 8.27891 ],[0.13541304 0.14105989 0.14464791 0.14809407]
TRANSFORMER,E,5e-08,21,True,False,TDD,vanilla,0,[0.05870473 0.08707138 0.11099836 0.14438848],[0.03189528 0.04363492 0.05336897 0.07413864],[17.325752 25.647903 32.592205 43.045517],[ 9.079378 12.772219 15.696335 22.941847],[8.254057 8.214618 8.183636 8.154612],[0.15094289 0.15321198 0.16655055 0.17121564],[8.307358 8.301057 8.291944 8.288347],[0.14678082 0.14288224 0.14931943 0.1521184 ]
TRANSFORMER,E,5e-08,24,True,False,TDD,vanilla,0,[0.07006059 0.10339209 0.13213569 0.17339346],[0.03849558 0.04978594 0.06141584 0.08438662],[20.616673 30.387236 38.633846 51.354927],[11.144242 14.744145 18.112953 25.728298],[8.222777 8.17495  8.140201 8.10834 ],[0.14236668 0.15442002 0.17615674 0.19764148],[8.2875   8.278505 8.268627 8.264957],[0.13044441 0.13442534 0.15097408 0.1635157 ]
TRANSFORMER,E,5e-08,27,True,False,TDD,vanilla,0,[0.06757526 0.09811189 0.12991124 0.18182348],[0.03195552 0.04054426 0.05394115 0.08590373],[19.737967 28.913795 38.561535 55.1644  ],[ 9.315897 12.169775 16.329138 27.379244],[8.2181   8.19276  8.168363 8.130443],[0.13515097 0.15539324 0.15894982 0.17652917],[8.279845  8.286421  8.2941885 8.295663 ],[0.1292807  0.14179234 0.1378462  0.14801463]
TRANSFORMER,E,5e-08,33,True,False,TDD,vanilla,0,[0.08266031 0.11138685 0.14301217 0.18471332],[0.04602018 0.04652195 0.05618044 0.07883737],[24.418625 32.90758  42.337196 55.66063 ],[13.832842 13.682747 16.2914   25.236588],[8.206609 8.178767 8.13948  8.111327],[0.1595731  0.16055335 0.18148312 0.183517  ],[8.287059 8.28844  8.283365 8.28227 ],[0.14250231 0.14087306 0.14854088 0.15866248]
TRANSFORMER,E,5e-08,36,True,False,TDD,vanilla,0,[0.08367898 0.12152693 0.15436208 0.20396928],[0.04342283 0.05355689 0.06853631 0.08714902],[24.340778 35.84397  45.748306 61.92689 ],[12.054369  15.3817215 19.98275   26.802294 ],[8.20191  8.171321 8.141459 8.117279],[0.18413603 0.20385626 0.21536776 0.2137662 ],[8.281623 8.287588 8.29217  8.30194 ],[0.16172272 0.17149192 0.17695847 0.17350183]
TRANSFORMER,E,5e-08,42,True,False,TDD,vanilla,0,[0.08081406 0.11850138 0.15175875 0.19657171],[0.03447525 0.0474996  0.05322745 0.07612965],[23.619001 34.84332  44.937115 58.824764],[10.137722 14.172683 17.290712 25.264595],[8.207057 8.161625 8.127738 8.1014  ],[0.16068822 0.1734671  0.17323127 0.17501298],[8.2850485 8.277092  8.275991  8.275187 ],[0.15040702 0.15980265 0.16346735 0.16856034]
TRANSFORMER,E,2e-07,3,True,False,TDD,vanilla,0,[0.05958369 0.06298401 0.06820595 0.0740101 ],[0.02040827 0.02130596 0.0236841  0.02565359],[17.864058 18.876705 20.434206 22.197687],[6.0891194 6.3545322 7.0641956 7.6652894],[8.23284  8.228162 8.22182  8.217147],[0.04655781 0.04801129 0.0509656  0.05316572],[8.280581 8.280627 8.280685 8.280739],[0.03952417 0.04055549 0.04168776 0.04291363]
TRANSFORMER,E,2e-07,6,True,False,TDD,vanilla,0,[0.05761179 0.0639475  0.07243719 0.08040117],[0.0188591  0.01987812 0.02141139 0.02335582],[17.379522 19.294727 21.851902 24.283413],[5.819702  6.1288924 6.636616  7.307372 ],[8.245009  8.236711  8.2255535 8.217696 ],[0.0459541  0.04952196 0.05376363 0.05802936],[8.293882 8.294105 8.294251 8.294382],[0.04388143 0.04748654 0.05115876 0.05493958]
TRANSFORMER,E,2e-07,9,True,False,TDD,vanilla,0,[0.06245042 0.07274096 0.08072064 0.08888067],[0.02549219 0.02763469 0.03011612 0.03170606],[18.874266 21.96176  24.360601 26.85218 ],[7.6179366 8.201972  8.898763  9.40015  ],[8.239971 8.229439 8.218721 8.210191],[0.06912168 0.07676155 0.08485257 0.09199917],[8.294298 8.295323 8.296029 8.296503],[0.05927258 0.06526424 0.07138931 0.0777242 ]
TRANSFORMER,E,2e-07,12,True,False,TDD,vanilla,0,[0.06500548 0.07733607 0.08730714 0.09863137],[0.02334146 0.02630512 0.02966994 0.03350557],[19.579082 23.296707 26.30152  29.786741],[6.8751016 7.7437034 8.669213  9.990653 ],[8.23592  8.222258 8.209817 8.199674],[0.07527614 0.08231138 0.09149818 0.09936484],[8.292668 8.29359  8.29417  8.294293],[0.06883647 0.07497934 0.08134441 0.08748707]
TRANSFORMER,E,2e-07,15,True,False,TDD,vanilla,0,[0.07656312 0.09135059 0.10474972 0.11693379],[0.02662121 0.03068642 0.03446929 0.03865067],[22.970242 27.418451 31.451109 35.12119 ],[ 8.121918  9.354464 10.537027 11.887116],[8.215453 8.196558 8.1808   8.171752],[0.07361253 0.0821922  0.09082856 0.09832298],[8.278367 8.277282 8.276983 8.27687 ],[0.06547176 0.07076026 0.07667455 0.08393788]
TRANSFORMER,E,2e-07,18,True,False,TDD,vanilla,0,[0.07916734 0.0906384  0.10459068 0.12168833],[0.03134655 0.03211285 0.03706178 0.04803301],[23.634628 27.05816  31.241423 36.447475],[ 9.484135  9.786369 11.401108 14.75007 ],[8.208098 8.191409 8.177947 8.169564],[0.08818655 0.0972072  0.10650964 0.11300707],[8.273221 8.273726 8.274927 8.276924],[0.07880083 0.08553306 0.09271663 0.09996621]
TRANSFORMER,E,2e-07,21,True,False,TDD,vanilla,0,[0.07410024 0.09042774 0.10157268 0.1259527 ],[0.0243973  0.02730475 0.03202596 0.05362786],[22.302711 27.230251 30.684229 38.207882],[ 7.6551332  8.533534  10.366767  17.270582 ],[8.224618 8.207208 8.196855 8.179298],[0.09805664 0.10897945 0.11590078 0.12493332],[8.2915325 8.292838  8.293352  8.293094 ],[0.090754   0.09886748 0.10661585 0.11423085]
TRANSFORMER,E,2e-07,24,True,False,TDD,vanilla,0,[0.08129641 0.09623639 0.10990211 0.14426598],[0.02752719 0.02903713 0.03217572 0.05985947],[24.3914   28.730864 32.699245 43.002914],[ 8.408699  8.893908 10.033054 18.735239],[8.211717 8.189952 8.171513 8.144052],[0.10354901 0.11282814 0.11963562 0.1292955 ],[8.283634 8.277485 8.2726   8.268844],[0.09705425 0.10391297 0.11168886 0.11914225]
TRANSFORMER,E,2e-07,27,True,False,TDD,vanilla,0,[0.08994374 0.1024232  0.11551151 0.14732824],[0.03518952 0.03498058 0.03747175 0.06092228],[27.041527 30.906784 34.91284  44.78146 ],[10.609949 10.643914 11.382377 19.263521],[8.209825 8.199806 8.188494 8.170733],[0.10626627 0.11383556 0.12443779 0.1360817 ],[8.285105 8.289516 8.293084 8.295244],[0.09349083 0.10003029 0.10766774 0.1156425 ]
TRANSFORMER,E,2e-07,33,True,False,TDD,vanilla,0,[0.08690882 0.10177384 0.11593273 0.15630352],[0.02914359 0.02937395 0.0346913  0.06060379],[26.299139 30.987234 35.502472 48.253937],[ 9.435968  9.840414 11.676071 20.09048 ],[8.217058 8.213204 8.205112 8.187696],[0.11481123 0.12270781 0.12952398 0.1344408 ],[8.293464 8.300457 8.306935 8.31096 ],[0.11219409 0.11779475 0.12364816 0.12861179]
TRANSFORMER,E,2e-07,36,True,False,TDD,vanilla,0,[0.08772783 0.10031061 0.11561956 0.15223798],[0.03073408 0.02988918 0.03571628 0.06813058],[25.83415  29.43736  33.942154 44.97594 ],[ 8.881477  8.748761 10.512941 20.767443],[8.183601 8.167335 8.151316 8.131496],[0.11112061 0.12591596 0.14690079 0.16475213],[8.260142  8.257455  8.2576065 8.260585 ],[0.10467422 0.11562987 0.1296093  0.14268416]
TRANSFORMER,E,2e-07,42,True,False,TDD,vanilla,0,[0.09400208 0.10766979 0.12116207 0.15718262],[0.02854114 0.02709917 0.03124134 0.05974399],[28.327286 32.3119   36.354164 47.196117],[ 8.960036  8.541678 10.065202 18.538904],[8.204149 8.187265 8.171157 8.150445],[0.10524587 0.12024992 0.13229127 0.14664268],[8.285831 8.281849 8.278591 8.276519],[0.10005277 0.1097375  0.12256964 0.13150129]
TRANSFORMER,E,4e-07,3,True,False,TDD,vanilla,0,[0.05857851 0.06185928 0.06662343 0.0719722 ],[0.01995581 0.02080551 0.02220087 0.0235364 ],[17.577873 18.552017 19.973902 21.591415],[6.0669594 6.3165627 6.7381215 7.1452947],[8.238626 8.23349  8.226798 8.222187],[0.03653349 0.03880446 0.04198447 0.04368288],[8.288958 8.288683 8.288403 8.288103],[0.02915178 0.03073191 0.03247377 0.03435925]
TRANSFORMER,E,4e-07,6,True,False,TDD,vanilla,0,[0.06444058 0.07086491 0.0775048  0.08294943],[0.02316524 0.02377862 0.02555638 0.02560772],[19.321098 21.241394 23.212742 24.854048],[7.1087375 7.3149557 7.8481464 7.8911524],[8.228559 8.219807 8.21008  8.204463],[0.04741288 0.05069306 0.05568796 0.05982744],[8.284499 8.284238 8.283938 8.283623],[0.03912412 0.04321399 0.04740645 0.05164114]
TRANSFORMER,E,4e-07,9,True,False,TDD,vanilla,0,[0.06949317 0.0789334  0.08534496 0.09073479],[0.02396454 0.0255956  0.02658617 0.02739857],[20.859364 23.67342  25.598953 27.240461],[7.5016694 8.058234  8.43511   8.797516 ],[8.2216215 8.209585  8.198993  8.192123 ],[0.05674675 0.06261103 0.06842845 0.07517946],[8.280015 8.279101 8.278396 8.278026],[0.05211921 0.05833428 0.06446905 0.07061163]
TRANSFORMER,E,4e-07,12,True,False,TDD,vanilla,0,[0.07261264 0.083553   0.09132561 0.10321198],[0.02305651 0.02533569 0.028473   0.03822884],[21.846281 25.118797 27.4909   31.143213],[ 7.183167   7.7810206  8.713386  11.656548 ],[8.223771 8.211829 8.203647 8.195581],[0.07029503 0.07901249 0.08534361 0.09261065],[8.285689 8.287141 8.288548 8.289801],[0.06437871 0.07084928 0.07688562 0.08259349]
TRANSFORMER,E,4e-07,15,True,False,TDD,vanilla,0,[0.07272972 0.08418406 0.09332821 0.10628776],[0.02125048 0.0227773  0.02550315 0.03436459],[21.851694 25.31578  28.112112 32.18133 ],[ 6.6499476  7.0796275  7.870861  10.858953 ],[8.224955 8.214016 8.205699 8.199299],[0.08044174 0.08986595 0.09895494 0.10704114],[8.2887745 8.291263  8.293829  8.296032 ],[0.07523516 0.0827314  0.09050896 0.09828034]
TRANSFORMER,E,4e-07,18,True,False,TDD,vanilla,0,[0.07826835 0.08755708 0.10014281 0.11593622],[0.02798702 0.02713202 0.03486444 0.04581496],[23.362978 26.082205 29.800564 34.54529 ],[ 8.539049  8.287559 10.729133 14.231973],[8.212865 8.195786 8.180297 8.169036],[0.0785341  0.08616461 0.09336087 0.09933966],[8.27856  8.276337 8.274124 8.272225],[0.06968127 0.07664186 0.08386727 0.09061535]
TRANSFORMER,E,4e-07,21,True,False,TDD,vanilla,0,[0.08573194 0.09539066 0.10404497 0.12476669],[0.02810829 0.02893151 0.03236406 0.05153089],[25.59199  28.490896 30.998354 37.263203],[ 8.455831  8.793258  9.925194 15.829062],[8.203388 8.189056 8.179806 8.164853],[0.09824461 0.11039856 0.12375436 0.1354391 ],[8.276323 8.276242 8.275361 8.274577],[0.09324117 0.10310405 0.11220797 0.12068655]
TRANSFORMER,E,4e-07,24,True,False,TDD,vanilla,0,[0.08823016 0.10197034 0.11179113 0.13839993],[0.03105406 0.03584097 0.04028493 0.06325401],[26.49754  30.78357  33.907436 42.17714 ],[ 9.13791  10.63473  12.211851 19.34535 ],[8.211318 8.201687 8.196611 8.187381],[0.10721588 0.11566091 0.12335806 0.13208002],[8.286703 8.293116 8.298703 8.30418 ],[0.09379451 0.09931409 0.10363215 0.10734855]
TRANSFORMER,E,4e-07,27,True,False,TDD,vanilla,0,[0.08588331 0.09866051 0.11231503 0.14948693],[0.0295041  0.03125945 0.03726037 0.06836402],[25.631481 29.546919 33.730293 45.15578 ],[ 8.968147  9.600464 11.293509 20.871775],[8.2016325 8.194473  8.183933  8.167024 ],[0.09861807 0.10352846 0.11374293 0.12984684],[8.276787 8.280539 8.284522 8.288042],[0.08973098 0.09296615 0.09940283 0.10667281]
TRANSFORMER,E,4e-07,33,True,False,TDD,vanilla,0,[0.09014585 0.10108913 0.11330633 0.14389981],[0.03008155 0.03116232 0.03420144 0.04895726],[26.985943 30.170183 33.84725  43.10019 ],[ 9.510651   9.8080225 10.771511  15.057647 ],[8.199074 8.187166 8.172982 8.157044],[0.11641532 0.1149891  0.11584935 0.11733315],[8.277196 8.275805 8.27659  8.27708 ],[0.10656    0.10650315 0.10475282 0.10291515]
TRANSFORMER,E,4e-07,36,True,False,TDD,vanilla,0,[0.08861358 0.10128994 0.11508015 0.14956862],[0.02714358 0.02792323 0.03395975 0.05807046],[26.649067 30.386667 34.36879  44.74496 ],[ 8.449186  8.600323 10.287302 18.253635],[8.210669  8.199233  8.1815605 8.159654 ],[0.12697268 0.13794674 0.14130037 0.14306799],[8.287193 8.285667 8.282404 8.278148],[0.11921627 0.12636288 0.1280906  0.1266932 ]
TRANSFORMER,E,4e-07,42,True,False,TDD,vanilla,0,[0.09419046 0.10473147 0.12049417 0.15282983],[0.02902881 0.02911822 0.0380207  0.05702056],[28.337017 31.34715  35.915638 45.592148],[ 9.056615  8.884311 11.427979 17.560205],[8.20434   8.191037  8.1714325 8.149836 ],[0.10808741 0.11734691 0.12943117 0.13934417],[8.284267 8.282584 8.279294 8.275064],[0.10080136 0.10741471 0.11493789 0.1236635 ]
TRANSFORMER,B,5e-08,3,True,False,TDD,vanilla,5,[0.02744253 0.05006685 0.088756   0.14449649],[0.0123975  0.02501557 0.04560715 0.07633214],[ 5.347243 10.657086 20.179533 36.198666],[ 2.5580404  6.761803  13.632155  22.834232 ],[8.288168 8.271191 8.235745 8.189928],[0.28835526 0.30076614 0.31556472 0.33308634],[8.310018 8.311025 8.311322 8.311014],[0.2866387  0.29886192 0.3112389  0.32331753]
TRANSFORMER,B,5e-08,6,True,False,TDD,vanilla,5,[0.05529361 0.12715998 0.23291965 0.3543001 ],[0.0344649  0.09187127 0.17056838 0.23776852],[10.09065 24.96588 48.95222 78.0423 ],[ 6.4228554 18.82395   37.675312  55.692314 ],[8.155746 8.085385 7.943457 7.75495 ],[0.40269306 0.44620138 0.5475424  0.7025712 ],[8.200852 8.201835 8.201868 8.201473],[0.3916575  0.3997785  0.4085088  0.41598982]
TRANSFORMER,B,5e-08,9,True,False,TDD,vanilla,5,[0.09154463 0.21224663 0.36612567 0.5315927 ],[0.06239039 0.16079827 0.24270853 0.33413255],[ 18.45323  45.71744  84.04519 123.20505],[12.42556  34.974747 62.893227 81.39255 ],[8.174227  8.043372  7.796747  7.4971538],[0.46205118 0.5512141  0.77906805 1.0058044 ],[8.251503 8.261046 8.269067 8.268886],[0.43901262 0.44828576 0.46303815 0.48474985]
TRANSFORMER,B,5e-08,12,True,False,TDD,vanilla,5,[0.14447746 0.33415067 0.53855443 0.66932386],[0.1049048  0.24370389 0.3558069  0.3322152 ],[ 28.294262  70.88541  116.6897   158.80617 ],[ 21.974253  56.432995  82.16567  100.7715  ],[8.044049  7.755382  7.3383455 6.951462 ],[0.46755016 0.7930856  1.1342989  1.3561976 ],[8.1689005 8.177474  8.178661  8.1839   ],[0.42534238 0.45664805 0.49680933 0.52424616]
TRANSFORMER,B,5e-08,15,True,False,TDD,vanilla,5,[0.20996496 0.43618476 0.6219431  0.7490094 ],[0.15036653 0.2845091  0.3381042  0.3440645 ],[ 48.67181 108.85389 162.41743 203.0032 ],[ 36.211086  81.44342  109.47639  127.30799 ],[8.101184  7.684476  7.1334767 6.7037153],[0.60444474 0.93714756 1.3480198  1.4887162 ],[8.301512 8.301376 8.2951   8.286509],[0.51885885 0.5244441  0.5284308  0.55424315]
TRANSFORMER,B,5e-08,18,True,False,TDD,vanilla,5,[0.31731507 0.65922624 0.87107503 0.98374856],[0.19473742 0.38972038 0.44765803 0.38967413],[ 70.29936 154.43575 212.82248 256.56912],[ 50.00589 107.60583 128.41035 147.43398],[7.780809  6.885182  6.2352366 5.799731 ],[0.6577904 1.4157963 1.617558  1.7198796],[8.143848 8.165355 8.190139 8.226463],[0.55700666 0.5532856  0.58807176 0.6425339 ]
TRANSFORMER,B,5e-08,21,True,False,TDD,vanilla,5,[0.36516562 0.6998489  0.8751913  0.94776833],[0.21601056 0.35577872 0.34162638 0.25860363],[ 83.96384 169.54874 216.6925  250.69579],[ 59.81124  109.787796 113.50208  120.03099 ],[7.6555357 6.6592016 5.997287  5.53144  ],[0.7721312 1.4482356 1.6389912 1.710704 ],[8.123272 8.136701 8.135805 8.151181],[0.5637357  0.5555875  0.58310056 0.62311316]
TRANSFORMER,B,5e-08,24,True,False,TDD,vanilla,5,[0.39095062 0.6664748  0.8255868  0.9392995 ],[0.28605285 0.35714287 0.30843037 0.2866739 ],[ 94.58813 176.52255 227.62572 265.65085],[ 75.52823 121.74322 135.07031 144.9102 ],[7.7485185 6.8475494 6.299087  5.8519993],[0.8566849 1.5595958 1.5797982 1.5513631],[8.27013  8.258452 8.255481 8.262504],[0.5118271  0.5137656  0.52345896 0.57083213]
TRANSFORMER,B,5e-08,27,True,False,TDD,vanilla,5,[0.4568193  0.76563555 0.92583346 0.99080795],[0.2563994  0.34016544 0.3951909  0.28140342],[109.603065 192.08105  232.3715   261.34448 ],[ 87.97988 124.60072 127.46894 133.17824],[7.5234795 6.458137  5.8351674 5.3269844],[0.8565585 1.5711393 1.6991296 1.7647387],[8.164666 8.149782 8.144776 8.15001 ],[0.5907433  0.6523984  0.6741813  0.66140956]
TRANSFORMER,B,5e-08,33,True,False,TDD,vanilla,5,[0.5356033  0.8786137  0.97391844 1.0719239 ],[0.3282726  0.40141037 0.29219928 0.28119642],[135.1546  219.33037 257.79047 283.17783],[101.07883 132.956   137.7502  142.42758],[7.362278  6.379806  5.868792  5.2434907],[1.2325567 1.6503192 1.5665905 1.6925981],[8.244222 8.21752  8.208188 8.190938],[0.59182024 0.6487663  0.6651303  0.6921988 ]
TRANSFORMER,B,5e-08,36,True,False,TDD,vanilla,5,[0.67962146 0.9697329  1.0673993  1.0861611 ],[0.34728327 0.45487317 0.31889677 0.22770369],[170.7725  247.28848 279.56635 297.69812],[103.86184  121.888145 115.02236  119.705185],[7.0010557 5.8492994 5.2570343 4.7165747],[1.4287943 1.7090187 1.6645949 1.6390364],[8.266979 8.223077 8.203336 8.203679],[0.63908565 0.639546   0.6131122  0.6540083 ]
TRANSFORMER,B,5e-08,42,True,False,TDD,vanilla,5,[0.7498268 0.9605686 1.0140377 1.0677129],[0.3854288  0.3115856  0.25730205 0.26242697],[180.02058 249.92183 283.038   309.23065],[113.515915 130.67761  121.80446  132.17348 ],[6.7204647 5.730191  5.22756   4.845451 ],[1.3508698 1.583243  1.5034093 1.5750462],[8.1687   8.187472 8.230034 8.259732],[0.55716753 0.59658355 0.62573683 0.63968205]
TRANSFORMER,B,2e-07,3,True,False,TDD,vanilla,5,[0.16907044 0.19018789 0.22437689 0.26883113],[0.08552931 0.09017599 0.09994624 0.11043927],[37.18238  42.210518 50.781563 63.92234 ],[19.223164 19.924807 22.404053 27.221453],[7.928081  7.9038715 7.8606176 7.812035 ],[0.47802994 0.4903228  0.5079963  0.52717507],[8.140387 8.142667 8.144901 8.14683 ],[0.40203154 0.40776485 0.4140067  0.42071092]
TRANSFORMER,B,2e-07,6,True,False,TDD,vanilla,5,[0.1870101  0.23812105 0.31480235 0.40031758],[0.09455885 0.11015692 0.13976128 0.171947  ],[42.96216 55.10662 74.68097 98.86408],[21.277912 24.20844  31.18087  39.90624 ],[7.9649916 7.899542  7.7812877 7.644035 ],[0.46659413 0.50468355 0.57439715 0.6681988 ],[8.200198 8.203735 8.207058 8.210534],[0.37354085 0.38056552 0.38964164 0.39972013]
TRANSFORMER,B,2e-07,9,True,False,TDD,vanilla,5,[0.20515619 0.3032746  0.43764985 0.5737232 ],[0.0785148  0.10472874 0.15465496 0.20042047],[ 48.07221  73.5257  111.20257 152.93404],[18.571857 31.029135 53.746296 76.312355],[7.970534  7.833769  7.588654  7.2822795],[0.47828707 0.49699473 0.5571164  0.6811021 ],[8.216351 8.215251 8.214624 8.214304],[0.40763524 0.41026488 0.41645426 0.42503932]
TRANSFORMER,B,2e-07,12,True,False,TDD,vanilla,5,[0.25618988 0.40859535 0.5761163  0.70567876],[0.10783269 0.19105259 0.26677364 0.28285983],[ 56.536755  91.72712  132.33438  171.06667 ],[23.483004 43.106174 61.675068 76.47746 ],[7.785243 7.494762 7.075773 6.656664],[0.58665764 0.7944763  1.1241817  1.3584707 ],[8.120098  8.1142645 8.112743  8.113856 ],[0.43833026 0.45556214 0.4728695  0.49387437]
TRANSFORMER,B,2e-07,15,True,False,TDD,vanilla,5,[0.29632226 0.47403216 0.6366274  0.75514513],[0.122529   0.20869179 0.2305752  0.22570549],[ 70.615654 120.078766 172.32039  213.97983 ],[29.717422 56.843525 79.24742  93.35802 ],[7.817924  7.4326234 6.96718   6.5270624],[0.6292863 0.9122923 1.1612862 1.3202207],[8.197627 8.204033 8.217084 8.230653],[0.4852605  0.50316983 0.5246719  0.54396856]
TRANSFORMER,B,2e-07,18,True,False,TDD,vanilla,5,[0.34207946 0.54354286 0.71550643 0.8301535 ],[0.1504311  0.24666642 0.266469   0.23968574],[ 81.10126 137.02896 190.64867 230.03368],[ 43.89925  81.00156 101.21945 105.58411],[7.715874  7.208313  6.6592007 6.249085 ],[0.6423681 1.1007843 1.3415166 1.3788227],[8.1638975 8.175692  8.188434  8.202104 ],[0.48944053 0.50745434 0.51854205 0.52203894]
TRANSFORMER,B,2e-07,21,True,False,TDD,vanilla,5,[0.41808304 0.6769078  0.83240426 0.9431905 ],[0.1610444  0.23951253 0.2464882  0.24322274],[104.89994 178.23354 220.18785 252.20451],[45.699802 80.315254 87.7203   95.23834 ],[7.58044   6.754684  6.1992164 5.737013 ],[0.6555375 1.1686056 1.2672552 1.3502227],[8.188612 8.176667 8.144227 8.140654],[0.44568118 0.44044286 0.45722884 0.47989476]
TRANSFORMER,B,2e-07,24,True,False,TDD,vanilla,5,[0.44636768 0.70385855 0.86251855 0.9372929 ],[0.19273543 0.2894545  0.29229203 0.23180345],[109.65669 179.46706 227.33524 265.15063],[ 54.16441  83.22705  92.62262 107.42754],[7.4659033 6.5750427 6.00614   5.6393523],[0.7938197 1.4072    1.5560303 1.6065521],[8.138821 8.121225 8.131564 8.179232],[0.5049219 0.5401906 0.5545749 0.5767097]
TRANSFORMER,B,2e-07,27,True,False,TDD,vanilla,5,[0.46369758 0.73901933 0.8818803  0.9610707 ],[0.2002702  0.28053388 0.24452908 0.20173837],[123.385994 200.47418  240.42468  265.50674 ],[ 71.221954 104.69315  101.07975  100.67345 ],[7.4585595 6.6493073 5.9917707 5.6273627],[0.90893114 1.4032681  1.528948   1.4987696 ],[8.195907 8.177614 8.161719 8.149494],[0.58492225 0.59560144 0.5773279  0.56295604]
TRANSFORMER,B,2e-07,33,True,False,TDD,vanilla,5,[0.56857675 0.8235233  0.9389147  1.0090526 ],[0.21897458 0.25734    0.19504675 0.14812571],[141.66011 218.14902 257.67914 281.70782],[ 71.97127  100.00485  101.72539  110.619675],[7.068764 6.184843 5.523542 5.146868],[1.0033387 1.4442207 1.4498649 1.3828408],[8.113809 8.133947 8.133893 8.112729],[0.5259433 0.5533906 0.5503319 0.5765364]
TRANSFORMER,B,2e-07,36,True,False,TDD,vanilla,5,[0.55133057 0.8176601  0.9412941  1.0151463 ],[0.23811989 0.28142443 0.22922619 0.22280069],[141.93452 213.87799 250.62366 265.04346],[ 74.406204  96.605934 102.4675    99.93648 ],[7.1795826 6.20595   5.647627  5.1222844],[1.0516568 1.5370142 1.4604083 1.5453112],[8.202237 8.165164 8.124358 8.063301],[0.48082298 0.53177947 0.57521355 0.61029977]
TRANSFORMER,B,2e-07,42,True,False,TDD,vanilla,5,[0.6677243 0.8956378 0.9771354 1.0137237],[0.27442643 0.24781653 0.16785601 0.13417944],[166.06367 240.52112 270.58542 278.36014],[ 81.51236 102.23452 117.35402 114.70876],[6.6764607 5.7958198 5.1784053 4.926085 ],[1.4327507 1.5245655 1.3448918 1.2139645],[8.116588  8.1407385 8.108494  8.074529 ],[0.5461968  0.52060753 0.52204317 0.5106326 ]
TRANSFORMER,B,4e-07,3,True,False,TDD,vanilla,5,[0.19379336 0.21051863 0.24067652 0.28245106],[0.07983645 0.08153418 0.08614892 0.09315773],[49.75209  54.747314 63.953648 77.70641 ],[17.846033 18.193985 20.804308 25.669027],[7.934146  7.912599  7.8737535 7.832284 ],[0.42291734 0.4333272  0.44644526 0.45768884],[8.20847  8.210395 8.212237 8.213969],[0.33442357 0.33968475 0.345037   0.3505006 ]
TRANSFORMER,B,4e-07,6,True,False,TDD,vanilla,5,[0.21069086 0.25546962 0.3280724  0.41319355],[0.06879521 0.07680119 0.09929387 0.12404225],[ 53.050087  65.747246  86.92234  113.018776],[17.36906  20.463442 29.498241 41.04521 ],[7.8998785 7.833249  7.714225  7.581807 ],[0.38051626 0.3990151  0.43528733 0.48745164],[8.184885 8.185724 8.186444 8.187491],[0.32194275 0.32802504 0.33519444 0.3429576 ]
TRANSFORMER,B,4e-07,9,True,False,TDD,vanilla,5,[0.22736657 0.31605595 0.43140465 0.5450976 ],[0.08715421 0.11367268 0.15410058 0.18501836],[ 58.88135  83.15425 115.9414  150.33237],[23.995903 33.31292  50.088497 66.80397 ],[7.8771358 7.7467723 7.530659  7.273309 ],[0.41709295 0.43766165 0.5196521  0.65721023],[8.193824  8.191843  8.1865635 8.178488 ],[0.33316842 0.33920404 0.35002944 0.36503997]
TRANSFORMER,B,4e-07,12,True,False,TDD,vanilla,5,[0.2730699  0.39978585 0.54187006 0.67489934],[0.08255196 0.12313305 0.16779043 0.19824336],[ 70.38028 106.31092 148.50781 190.28899],[23.317049 37.1343   53.35503  68.06702 ],[7.76833   7.5490675 7.1993675 6.8115764],[0.40675038 0.48951846 0.68573326 0.9189738 ],[8.155842 8.160818 8.163987 8.167347],[0.32843772 0.33568704 0.35014972 0.36756453]
TRANSFORMER,B,4e-07,15,True,False,TDD,vanilla,5,[0.33982646 0.52539825 0.6878187  0.8230976 ],[0.1215002  0.1990501  0.23427264 0.24456094],[ 89.14018 140.29521 188.98338 229.30247],[35.471436 58.110218 74.315506 87.50541 ],[7.6549907 7.2419295 6.714065  6.3417244],[0.54962826 0.83094174 1.0889559  1.2002414 ],[8.153601 8.155079 8.152279 8.149134],[0.41019136 0.43171164 0.44939855 0.4603841 ]
TRANSFORMER,B,4e-07,18,True,False,TDD,vanilla,5,[0.38216588 0.59111357 0.73735887 0.8523743 ],[0.1416397  0.21013732 0.20950074 0.19333349],[ 98.06515 158.06425 204.7186  241.48016],[44.375965 72.4242   82.32442  88.53362 ],[7.539422  6.945829  6.380027  6.0000515],[0.6132679 0.9300683 1.1451833 1.1437825],[8.1320305 8.137831  8.141356  8.146607 ],[0.4299151  0.43325627 0.43164545 0.42852744]
TRANSFORMER,B,4e-07,21,True,False,TDD,vanilla,5,[0.40999395 0.6212068  0.7809762  0.89888835],[0.15999576 0.20902467 0.19906618 0.17725627],[112.80371 176.9963  227.32231 258.6521 ],[ 57.946495  89.62568  108.46322  115.1056  ],[7.5132427 6.8640947 6.2723484 5.8057966],[0.58246124 0.9159881  1.0261943  1.0914012 ],[8.166336 8.156872 8.151517 8.130608],[0.39600894 0.41945392 0.43816084 0.4560646 ]
TRANSFORMER,B,4e-07,24,True,False,TDD,vanilla,5,[0.4664477  0.7055944  0.8466871  0.94153947],[0.17894867 0.23769967 0.21683016 0.20129485],[129.79062 205.04057 251.49475 285.50555],[ 57.995487  90.896835  95.99328  103.1929  ],[7.4276605 6.595603  6.0328884 5.7398033],[0.6729698 1.1797704 1.2620112 1.1639439],[8.199759 8.205041 8.207555 8.21912 ],[0.40476805 0.4265331  0.437374   0.43781117]
TRANSFORMER,B,4e-07,27,True,False,TDD,vanilla,5,[0.51240337 0.7705798  0.9032959  0.9730773 ],[0.17794892 0.22943494 0.18409206 0.15192044],[139.28198 211.26505 249.16202 273.0414 ],[55.200443 78.07304  76.29283  76.92455 ],[7.225253  6.231151  5.6968346 5.4527745],[0.7034256 1.1715498 1.1556456 1.0348737],[8.149213 8.11694  8.104064 8.116798],[0.38061866 0.3709262  0.37762538 0.39070326]
TRANSFORMER,B,4e-07,33,True,False,TDD,vanilla,5,[0.5809845  0.81510764 0.9305291  0.98808646],[0.18225928 0.19071653 0.15055542 0.129727  ],[172.23549 255.59186 288.8647  304.18866],[ 76.46388  104.716774  88.04136   92.981476],[7.1543236 6.246662  5.705939  5.329672 ],[0.84824073 1.2018931  1.0851698  1.1187593 ],[8.246286 8.265709 8.252911 8.226303],[0.46850497 0.4546497  0.43810767 0.4547688 ]
TRANSFORMER,B,4e-07,36,True,False,TDD,vanilla,5,[0.66187996 0.8887972  0.96708834 1.0192593 ],[0.21248434 0.20368709 0.12309035 0.11446862],[169.56705 239.9959  277.89404 302.70135],[61.09007 77.88761 84.16469 91.30077],[6.671241  5.8183355 5.336757  5.009399 ],[1.0692115 1.2441031 1.0162438 0.9768809],[8.057566 8.079076 8.129921 8.168676],[0.40291405 0.39826262 0.400419   0.4095985 ]
TRANSFORMER,B,4e-07,42,True,False,TDD,vanilla,5,[0.6936774  0.8861111  0.97277284 1.00615   ],[0.23819639 0.21546678 0.12450168 0.10558803],[191.91606 247.14569 277.99167 294.67957],[84.09268  89.745285 91.01189  89.49663 ],[6.52034   5.8856597 5.339354  5.000593 ],[1.2204114 1.2553481 1.078706  1.0931696],[8.13121   8.1205845 8.131761  8.168282 ],[0.45830318 0.4678817  0.483578   0.4428105 ]
TRANSFORMER,E,5e-08,3,True,False,TDD,vanilla,5,[0.01451303 0.01735906 0.02181346 0.02920699],[0.00529351 0.00643367 0.00843549 0.01225806],[4.2137313 5.020267  6.2967625 8.5281925],[1.6078414 1.9256182 2.5987754 3.849705 ],[8.264032 8.259333 8.253212 8.245692],[0.10755603 0.10834656 0.10954974 0.11160541],[8.275206 8.273342 8.271564 8.269935],[0.10735613 0.10797673 0.10877382 0.10978277]
TRANSFORMER,E,5e-08,6,True,False,TDD,vanilla,5,[0.01857461 0.02516779 0.03373971 0.04384685],[0.00730223 0.01060683 0.01501221 0.01933675],[ 5.3100185  7.2110276  9.679956  12.830013 ],[2.0456126 3.0031366 4.318163  5.876552 ],[8.262539 8.257434 8.249303 8.240235],[0.1139847  0.1161779  0.11907198 0.12113068],[8.276046 8.276882 8.277935 8.278976],[0.11304255 0.11515561 0.11746035 0.1195814 ]
TRANSFORMER,E,5e-08,9,True,False,TDD,vanilla,5,[0.02155644 0.03470553 0.04829044 0.06113476],[0.00939106 0.01907474 0.02910903 0.03695814],[ 6.2282434 10.013128  13.955533  17.873178 ],[ 2.4872005  5.1676674  8.131911  10.608973 ],[8.277346  8.267606  8.2534275 8.239435 ],[0.12946683 0.13328953 0.1390836  0.14751431],[8.294175 8.29685  8.298473 8.298301],[0.12703057 0.12796013 0.1290341  0.13212253]
TRANSFORMER,E,5e-08,12,True,False,TDD,vanilla,5,[0.02696468 0.04537508 0.0628475  0.07882257],[0.0113997  0.02223072 0.03279374 0.04012669],[ 7.6275635 12.839531  17.805204  22.612625 ],[ 3.0851827  6.1440344  9.382983  12.166161 ],[8.224668 8.203346 8.177389 8.155254],[0.1105504  0.11525163 0.12601812 0.13846196],[8.245989 8.241977 8.236683 8.23173 ],[0.10888104 0.11287002 0.11957746 0.12670897]
TRANSFORMER,E,5e-08,15,True,False,TDD,vanilla,5,[0.03476021 0.05554654 0.07657354 0.09465957],[0.0195147  0.02959137 0.03934029 0.04474403],[ 9.860369 15.727017 21.855614 27.503445],[ 5.459722   8.166878  11.0244255 13.042582 ],[8.235839 8.212844 8.190664 8.177279],[0.13891147 0.1481744  0.15561156 0.15716799],[8.262611  8.2612095 8.260151  8.261041 ],[0.134938   0.13911162 0.14343648 0.14577532]
TRANSFORMER,E,5e-08,18,True,False,TDD,vanilla,5,[0.04389402 0.06597663 0.08911995 0.10916481],[0.02922591 0.03705183 0.05182703 0.05988367],[12.703976 19.138195 25.898535 32.20177 ],[ 8.30739  10.632588 14.416502 17.585903],[8.2480545 8.224088  8.201165  8.185502 ],[0.14037095 0.14925885 0.15796989 0.16448824],[8.281872 8.281912 8.279536 8.27891 ],[0.13541304 0.14105989 0.14464791 0.14809407]
TRANSFORMER,E,5e-08,21,True,False,TDD,vanilla,5,[0.04916817 0.07452669 0.09395181 0.12079594],[0.03205309 0.04237677 0.05053238 0.06711829],[14.4560375 21.798285  27.4652    36.026947 ],[ 9.10122  12.17873  14.609177 20.805668],[8.269024  8.234757  8.210501  8.1860075],[0.1495966  0.15105723 0.16257907 0.16445358],[8.307358 8.301057 8.291944 8.288347],[0.14678082 0.14288224 0.14931943 0.1521184 ]
TRANSFORMER,E,5e-08,24,True,False,TDD,vanilla,5,[0.06051725 0.08905068 0.11194246 0.14666007],[0.0371661  0.04683806 0.05682799 0.07615857],[17.756157 26.109665 32.664356 43.44135 ],[10.695975 13.750035 16.527107 23.183853],[8.237172 8.196182 8.169186 8.145461],[0.14053673 0.15076572 0.17086262 0.18890898],[8.2875   8.278505 8.268627 8.264957],[0.13044441 0.13442534 0.15097408 0.1635157 ]
TRANSFORMER,E,5e-08,27,True,False,TDD,vanilla,5,[0.05712117 0.08151665 0.10685842 0.15146522],[0.03065516 0.03583838 0.04538729 0.07536852],[16.656847 23.844358 31.522245 45.781425],[ 8.9493065 10.549759  13.58882   23.848537 ],[8.23412  8.217435 8.202568 8.174692],[0.13256297 0.15100454 0.15449034 0.1718619 ],[8.279845  8.286421  8.2941885 8.295663 ],[0.1292807  0.14179234 0.1378462  0.14801463]
TRANSFORMER,E,5e-08,33,True,False,TDD,vanilla,5,[0.071374   0.09471995 0.12053276 0.15482025],[0.04387275 0.04079674 0.04945632 0.06863133],[21.0983   27.903803 35.665016 46.656353],[13.134714 11.868934 14.578237 22.11742 ],[8.222418 8.20335  8.172081 8.151964],[0.15676463 0.15606283 0.17317866 0.17506701],[8.287059 8.28844  8.283365 8.28227 ],[0.14250231 0.14087306 0.14854088 0.15866248]
TRANSFORMER,E,5e-08,36,True,False,TDD,vanilla,5,[0.07436841 0.10588124 0.13373186 0.17458051],[0.04322139 0.05110249 0.06402738 0.08020324],[21.544407 31.057398 39.468964 52.861744],[11.952883 14.507942 18.487463 24.591896],[8.217568 8.195519 8.171875 8.158682],[0.1814949  0.19924213 0.20920916 0.20191516],[8.281623 8.287588 8.29217  8.30194 ],[0.16172272 0.17149192 0.17695847 0.17350183]
TRANSFORMER,E,5e-08,42,True,False,TDD,vanilla,5,[0.07154772 0.10285356 0.1299549  0.16416363],[0.03484923 0.04565013 0.04953111 0.06864344],[20.81037  30.109015 38.282413 49.10095 ],[10.141339 13.224575 15.693668 22.696133],[8.222485 8.186209 8.16138  8.145619],[0.15862231 0.17058745 0.17065808 0.17218632],[8.2850485 8.277092  8.275991  8.275187 ],[0.15040702 0.15980265 0.16346735 0.16856034]
TRANSFORMER,E,2e-07,3,True,False,TDD,vanilla,5,[0.05238122 0.05489809 0.05849482 0.06204115],[0.0201749  0.02088666 0.02239005 0.02350521],[15.721589 16.474241 17.549719 18.633581],[6.0327487 6.2423673 6.695739  7.0491014],[8.243745 8.241221 8.2372   8.233382],[0.04608397 0.0474346  0.04931227 0.05109241],[8.280581 8.280627 8.280685 8.280739],[0.03952417 0.04055549 0.04168776 0.04291363]
TRANSFORMER,E,2e-07,6,True,False,TDD,vanilla,5,[0.04958204 0.0545545  0.06097591 0.06626079],[0.01888298 0.01941962 0.02058533 0.02206256],[14.971249 16.47337  18.410057 20.035896],[5.8041773 5.975585  6.337157  6.8629723],[8.25725  8.251963 8.243926 8.23718 ],[0.04598483 0.04927603 0.05342608 0.05710882],[8.293882 8.294105 8.294251 8.294382],[0.04388143 0.04748654 0.05115876 0.05493958]
TRANSFORMER,E,2e-07,9,True,False,TDD,vanilla,5,[0.05515075 0.06433063 0.06984691 0.07360642],[0.0251089  0.02727439 0.02817719 0.02916573],[16.679855 19.445507 21.114456 22.274359],[7.5241046 8.142946  8.379489  8.64565  ],[8.252098 8.244709 8.237186 8.231715],[0.06761967 0.0746559  0.08151422 0.0881915 ],[8.294298 8.295323 8.296029 8.296503],[0.05927258 0.06526424 0.07138931 0.0777242 ]
TRANSFORMER,E,2e-07,12,True,False,TDD,vanilla,5,[0.05682735 0.06733762 0.07431796 0.08023814],[0.02276155 0.02569201 0.02821206 0.02941966],[17.123846 20.297247 22.409273 24.232405],[6.7319517 7.5967455 8.29294   8.754508 ],[8.248867 8.239641 8.231241 8.224857],[0.07368202 0.07978585 0.08778732 0.09512922],[8.292668 8.29359  8.29417  8.294293],[0.06883647 0.07497934 0.08134441 0.08748707]
TRANSFORMER,E,2e-07,15,True,False,TDD,vanilla,5,[0.06853265 0.08067744 0.08947584 0.09582428],[0.02671192 0.03017867 0.03272868 0.03432586],[20.575293 24.232628 26.902632 28.838839],[ 8.140418  9.19485   9.981187 10.53394 ],[8.228838 8.21484  8.205959 8.200195],[0.07257337 0.08060021 0.08829192 0.09466065],[8.278367 8.277282 8.276983 8.27687 ],[0.06547176 0.07076026 0.07667455 0.08393788]
TRANSFORMER,E,2e-07,18,True,False,TDD,vanilla,5,[0.07217351 0.08069576 0.08808241 0.09781128],[0.03213189 0.03160624 0.03283234 0.0393642 ],[21.573797 24.13445  26.388931 29.356325],[ 9.746943  9.639217 10.214601 12.220234],[8.220663 8.209238 8.203487 8.199159],[0.0868287  0.09533629 0.10203525 0.10891024],[8.273221 8.273726 8.274927 8.276924],[0.07880083 0.08553306 0.09271663 0.09996621]
TRANSFORMER,E,2e-07,21,True,False,TDD,vanilla,5,[0.06531212 0.07889847 0.08507001 0.10136186],[0.02361287 0.02567936 0.02802167 0.04571154],[19.67877  23.778145 25.74559  30.846016],[ 7.417769  8.005749  9.177794 14.945198],[8.23885  8.226923 8.223194 8.212634],[0.09647572 0.10605987 0.11278307 0.11965819],[8.2915325 8.292838  8.293352  8.293094 ],[0.090754   0.09886748 0.10661585 0.11423085]
TRANSFORMER,E,2e-07,24,True,False,TDD,vanilla,5,[0.07214916 0.08318506 0.08961214 0.11531415],[0.0266983  0.02649857 0.02607583 0.0501442 ],[21.659492 24.839348 26.674183 34.39972 ],[ 8.11099    8.00538    7.9676557 15.66509  ],[8.226395 8.210959 8.20109  8.181779],[0.10217032 0.11075936 0.11779119 0.12538207],[8.283634 8.277485 8.2726   8.268844],[0.09705425 0.10391297 0.11168886 0.11914225]
TRANSFORMER,E,2e-07,27,True,False,TDD,vanilla,5,[0.08225287 0.08944102 0.09649052 0.1197587 ],[0.03497269 0.0321648  0.03299648 0.05171563],[24.721165 27.022427 29.201506 36.483257],[10.542618  9.842834 10.143021 16.546385],[8.2238035 8.221006  8.217405  8.208114 ],[0.1040653  0.10984952 0.11957531 0.12854934],[8.285105 8.289516 8.293084 8.295244],[0.09349083 0.10003029 0.10766774 0.1156425 ]
TRANSFORMER,E,2e-07,33,True,False,TDD,vanilla,5,[0.07875057 0.08911508 0.09712637 0.12822431],[0.02921757 0.02775384 0.03026891 0.05441433],[23.886927 27.19275  29.835066 39.669106],[ 9.4814415  9.335847  10.341966  18.030226 ],[8.23048  8.233023 8.231815 8.223889],[0.11228225 0.11910061 0.1245505  0.12938394],[8.293464 8.300457 8.306935 8.31096 ],[0.11219409 0.11779475 0.12364816 0.12861179]
TRANSFORMER,E,2e-07,36,True,False,TDD,vanilla,5,[0.07987836 0.08731396 0.09594981 0.12440214],[0.03147241 0.02774224 0.03112126 0.06052531],[23.553307 25.675892 28.246809 36.875668],[ 9.1635475  8.21282    9.406413  18.754705 ],[8.197987 8.188766 8.181659 8.170438],[0.10815288 0.12147556 0.13838647 0.15300448],[8.260142  8.257455  8.2576065 8.260585 ],[0.10467422 0.11562987 0.1296093  0.14268416]
TRANSFORMER,E,2e-07,42,True,False,TDD,vanilla,5,[0.08601501 0.09415588 0.10077968 0.1292379 ],[0.0278706  0.0253392  0.02713438 0.05185808],[25.971315 28.34355  30.35544  38.93153 ],[ 8.803964  8.146012  8.983339 16.406088],[8.218221 8.208253 8.200652 8.18706 ],[0.10277256 0.11572458 0.12579812 0.13665783],[8.285831 8.281849 8.278591 8.276519],[0.10005277 0.1097375  0.12256964 0.13150129]
TRANSFORMER,E,4e-07,3,True,False,TDD,vanilla,5,[0.05128629 0.05333634 0.05619717 0.05946037],[0.01981614 0.02026177 0.02075415 0.02172262],[15.407825 16.016247 16.869951 17.862825],[6.028486  6.163194  6.3207016 6.6263404],[8.249805 8.247214 8.243335 8.239318],[0.03553505 0.03688596 0.03870862 0.04057689],[8.288958 8.288683 8.288403 8.288103],[0.02915178 0.03073191 0.03247377 0.03435925]
TRANSFORMER,E,4e-07,6,True,False,TDD,vanilla,5,[0.05701237 0.06216979 0.06683083 0.06905841],[0.02274038 0.02341703 0.02420248 0.02375864],[17.105667 18.647198 20.034893 20.720642],[6.9740214 7.1885347 7.434195  7.346898 ],[8.240308 8.234891 8.22869  8.224271],[0.04656738 0.04986816 0.05389146 0.05785552],[8.284499 8.284238 8.283938 8.283623],[0.03912412 0.04321399 0.04740645 0.05164114]
TRANSFORMER,E,4e-07,9,True,False,TDD,vanilla,5,[0.06210828 0.07041773 0.07423647 0.07548692],[0.02388335 0.02522564 0.02606083 0.02579417],[18.651049 21.133509 22.284433 22.679981],[7.4479637 7.9035892 8.221419  8.216227 ],[8.234032  8.2257395 8.21878   8.214599 ],[0.0563543  0.06199197 0.06781626 0.07386794],[8.280015 8.279101 8.278396 8.278026],[0.05211921 0.05833428 0.06446905 0.07061163]
TRANSFORMER,E,4e-07,12,True,False,TDD,vanilla,5,[0.06492769 0.07432753 0.0791278  0.08452047],[0.02314782 0.0255741  0.02749085 0.03244903],[19.541035 22.364405 23.838135 25.526394],[7.1906734 7.857176  8.402678  9.890813 ],[8.236429 8.228457 8.224042 8.22025 ],[0.06947058 0.07704868 0.08351289 0.08967432],[8.285689 8.287141 8.288548 8.289801],[0.06437871 0.07084928 0.07688562 0.08259349]
TRANSFORMER,E,4e-07,15,True,False,TDD,vanilla,5,[0.06525223 0.07458185 0.07983103 0.08755671],[0.02103345 0.02184569 0.02292574 0.02959126],[19.60677  22.439507 24.063553 26.510046],[6.561921  6.8447614 7.1395745 9.309497 ],[8.237452  8.230838  8.2279825 8.225682 ],[0.07987064 0.08833385 0.09600694 0.10328449],[8.2887745 8.291263  8.293829  8.296032 ],[0.07523516 0.0827314  0.09050896 0.09828034]
TRANSFORMER,E,4e-07,18,True,False,TDD,vanilla,5,[0.07042989 0.0766326  0.08375715 0.09402173],[0.02858226 0.02582202 0.03121757 0.04065799],[21.037327 22.840488 24.948357 28.06571 ],[ 8.711556  7.885195  9.608755 12.628102],[8.226217  8.2147255 8.206885  8.199262 ],[0.07646801 0.0837227  0.08914444 0.09563163],[8.27856  8.276337 8.274124 8.272225],[0.06968127 0.07664186 0.08386727 0.09061535]
TRANSFORMER,E,4e-07,21,True,False,TDD,vanilla,5,[0.07722272 0.08372868 0.08715324 0.099221  ],[0.0277347  0.02697416 0.0284154  0.04072737],[23.077784 25.03307  26.035295 29.722403],[ 8.362501  8.236165  8.914815 12.827418],[8.217317 8.208326 8.206362 8.197866],[0.09687247 0.10828318 0.11834438 0.12689464],[8.276323 8.276242 8.275361 8.274577],[0.09324117 0.10310405 0.11220797 0.12068655]
TRANSFORMER,E,4e-07,24,True,False,TDD,vanilla,5,[0.08024427 0.08938424 0.09345157 0.11354025],[0.03082405 0.03253887 0.03425139 0.05367681],[24.084604 26.983912 28.368206 34.626354],[ 9.066451  9.635244 10.477148 16.50965 ],[8.224936 8.22201  8.224654 8.221362],[0.10583663 0.1123805  0.11725257 0.12262328],[8.286703 8.293116 8.298703 8.30418 ],[0.09379451 0.09931409 0.10363215 0.10734855]
TRANSFORMER,E,4e-07,27,True,False,TDD,vanilla,5,[0.07757176 0.08525902 0.09233001 0.12020591],[0.03007617 0.02955452 0.03190132 0.05775222],[23.170942 25.567556 27.790169 36.398705],[ 9.141798  9.079699  9.833878 17.860565],[8.215882 8.215072 8.213577 8.207324],[0.09665643 0.09949927 0.10611422 0.11572614],[8.276787 8.280539 8.284522 8.288042],[0.08973098 0.09296615 0.09940283 0.10667281]
TRANSFORMER,E,4e-07,33,True,False,TDD,vanilla,5,[0.08207824 0.08865687 0.0942843  0.11677548],[0.03017668 0.03042882 0.03058905 0.04270299],[24.584291 26.509785 28.231604 35.03433 ],[ 9.517324   9.641273   9.7503195 13.1926775],[8.212625 8.207004 8.200528 8.191343],[0.11496765 0.11209462 0.11082096 0.11009956],[8.277196 8.275805 8.27659  8.27708 ],[0.10656    0.10650315 0.10475282 0.10291515]
TRANSFORMER,E,4e-07,36,True,False,TDD,vanilla,5,[0.07922292 0.08747306 0.09469321 0.12070575],[0.02649845 0.0262497  0.02947465 0.04987462],[23.84064  26.257114 28.30528  36.16778 ],[ 8.250242  8.09642   8.98296  15.742651],[8.225885 8.220972 8.212192 8.197773],[0.12562358 0.13509937 0.13750005 0.13742666],[8.287193 8.285667 8.282404 8.278148],[0.11921627 0.12636288 0.1280906  0.1266932 ]
TRANSFORMER,E,4e-07,42,True,False,TDD,vanilla,5,[0.08615654 0.09022128 0.09875097 0.12411396],[0.02937499 0.02778978 0.03220083 0.048313  ],[25.936413 27.048174 29.485664 37.05445 ],[ 9.168631  8.582137  9.841396 14.98019 ],[8.218103 8.212539 8.20415  8.189533],[0.10579207 0.11338885 0.12316503 0.13311747],[8.284267 8.282584 8.279294 8.275064],[0.10080136 0.10741471 0.11493789 0.1236635 ]
TRANSFORMER,B,5e-08,3,True,False,TDD,vanilla,10,[0.02000172 0.04134919 0.07792816 0.13344482],[0.00982042 0.02384702 0.04737122 0.08062873],[ 4.3218246  9.384859  18.47715   34.159588 ],[ 2.4672742  6.6612    13.524843  22.60848  ],[8.2930765 8.277146  8.243793  8.198612 ],[0.28755125 0.29935044 0.31272703 0.33000728],[8.310018 8.311025 8.311322 8.311014],[0.2866387  0.29886192 0.3112389  0.32331753]
TRANSFORMER,B,5e-08,6,True,False,TDD,vanilla,10,[0.04769665 0.11900814 0.22088909 0.33992758],[0.03376669 0.09204211 0.16900009 0.23681702],[ 8.985359 23.646784 47.30884  75.98034 ],[ 6.4077764 18.890207  38.025703  56.267296 ],[8.161754  8.09298   7.9538317 7.766401 ],[0.40123498 0.443963   0.54229665 0.69798243],[8.200852 8.201835 8.201868 8.201473],[0.3916575  0.3997785  0.4085088  0.41598982]
TRANSFORMER,B,5e-08,9,True,False,TDD,vanilla,10,[0.08306756 0.20225611 0.35515076 0.52097166],[0.06269494 0.16271594 0.24667776 0.34452277],[ 17.200848  44.087143  81.980354 120.95286 ],[12.642662 35.426403 63.71326  82.54632 ],[8.180787  8.052078  7.8085656 7.513072 ],[0.45970482 0.54740524 0.774503   0.9938564 ],[8.251503 8.261046 8.269067 8.268886],[0.43901262 0.44828576 0.46303815 0.48474985]
TRANSFORMER,B,5e-08,12,True,False,TDD,vanilla,10,[0.138721   0.32606217 0.5290983  0.6617917 ],[0.10869243 0.24729113 0.36110765 0.3376148 ],[ 27.515423  69.770615 115.6812   157.7337  ],[ 22.282923  56.81791   82.858574 101.31083 ],[8.049191  7.7633805 7.3490562 6.955639 ],[0.46613353 0.79446137 1.124343   1.3701595 ],[8.1689005 8.177474  8.178661  8.1839   ],[0.42534238 0.45664805 0.49680933 0.52424616]
TRANSFORMER,B,5e-08,15,True,False,TDD,vanilla,10,[0.20254713 0.42887098 0.6153899  0.7461544 ],[0.14822729 0.2864607  0.33920902 0.35040584],[ 47.549335 107.57466  161.23338  201.77136 ],[ 36.35483   82.00472  110.01986  127.683464],[8.107813  7.6931067 7.1409636 6.731487 ],[0.60332054 0.9388407  1.3566064  1.4668274 ],[8.301512 8.301376 8.2951   8.286509],[0.51885885 0.5244441  0.5284308  0.55424315]
TRANSFORMER,B,5e-08,18,True,False,TDD,vanilla,10,[0.31084612 0.6537817  0.8657058  0.9830191 ],[0.19572529 0.39559606 0.449239   0.40382636],[ 69.30708 153.16203 211.50124 255.3731 ],[ 50.499203 108.05068  129.25365  148.43018 ],[7.789357  6.9058933 6.270996  5.837102 ],[0.656272  1.397516  1.5901701 1.6941347],[8.143848 8.165355 8.190139 8.226463],[0.55700666 0.5532856  0.58807176 0.6425339 ]
TRANSFORMER,B,5e-08,21,True,False,TDD,vanilla,10,[0.35932672 0.695024   0.8731257  0.95175534],[0.21695383 0.35707745 0.34553045 0.26657993],[ 82.9818  168.50856 215.97124 250.7049 ],[ 60.01932 110.21598 114.3573  120.91278],[7.66316   6.6793237 6.0125165 5.566496 ],[0.77435726 1.4258226  1.6472492  1.6876684 ],[8.123272 8.136701 8.135805 8.151181],[0.5637357  0.5555875  0.58310056 0.62311316]
TRANSFORMER,B,5e-08,24,True,False,TDD,vanilla,10,[0.38361844 0.66338503 0.8189965  0.93361396],[0.28308672 0.35949254 0.31033397 0.2884101 ],[ 92.98123 175.45367 226.3049  264.09045],[ 75.194786 122.43279  135.97409  145.45216 ],[7.7616467 6.862741  6.319292  5.8884625],[0.8455847 1.5456654 1.5704334 1.5472271],[8.27013  8.258452 8.255481 8.262504],[0.5118271  0.5137656  0.52345896 0.57083213]
TRANSFORMER,B,5e-08,27,True,False,TDD,vanilla,10,[0.44965228 0.7634422  0.9174913  0.9832463 ],[0.2610866  0.35077614 0.3745958  0.27209857],[108.69192 191.32375 231.72571 260.32608],[ 88.93829  125.346504 128.31636  133.21643 ],[7.528281 6.456891 5.854965 5.351709],[0.86257803 1.5944401  1.6859703  1.7384502 ],[8.164666 8.149782 8.144776 8.15001 ],[0.5907433  0.6523984  0.6741813  0.66140956]
TRANSFORMER,B,5e-08,33,True,False,TDD,vanilla,10,[0.53072816 0.8754777  0.9785385  1.0719093 ],[0.33209398 0.40841016 0.29997146 0.29286957],[134.08194 218.42108 257.14944 282.63983],[101.425896 132.7988   137.50539  142.03334 ],[7.375085  6.3914394 5.865387  5.252803 ],[1.2188439 1.6613322 1.6054177 1.6875982],[8.244222 8.21752  8.208188 8.190938],[0.59182024 0.6487663  0.6651303  0.6921988 ]
TRANSFORMER,B,5e-08,36,True,False,TDD,vanilla,10,[0.67786765 0.97159684 1.06503    1.083159  ],[0.35293433 0.50593203 0.31422055 0.2281552 ],[169.95662 246.57115 278.7231  297.27502],[103.48367  121.902664 114.625435 119.765   ],[7.0134764 5.881904  5.2591577 4.66605  ],[1.4195029 1.7017838 1.6513759 1.6664147],[8.266979 8.223077 8.203336 8.203679],[0.63908565 0.639546   0.6131122  0.6540083 ]
TRANSFORMER,B,5e-08,42,True,False,TDD,vanilla,10,[0.74707985 0.9561127  1.0125213  1.0690272 ],[0.3885169  0.30822653 0.2550278  0.26144493],[179.77791 248.99377 282.74408 309.26523],[113.946884 130.90729  121.341644 131.6433  ],[6.701264  5.7592072 5.234741  4.863979 ],[1.3995756 1.5777354 1.497035  1.5707779],[8.1687   8.187472 8.230034 8.259732],[0.55716753 0.59658355 0.62573683 0.63968205]
TRANSFORMER,B,2e-07,3,True,False,TDD,vanilla,10,[0.16449334 0.18394999 0.21738358 0.26067412],[0.08564791 0.08972661 0.09933687 0.11007405],[36.305424 41.017723 49.42223  62.23038 ],[19.210571 19.840796 22.327848 27.010033],[7.9337173 7.9116077 7.86904   7.820868 ],[0.47738147 0.48919466 0.50623953 0.52549374],[8.140387 8.142667 8.144901 8.14683 ],[0.40203154 0.40776485 0.4140067  0.42071092]
TRANSFORMER,B,2e-07,6,True,False,TDD,vanilla,10,[0.18173675 0.23206921 0.30779412 0.39334375],[0.09411883 0.11008872 0.14036696 0.17370766],[41.835426 53.717167 72.95934  96.9284  ],[21.228294 24.226696 31.298334 40.042316],[7.9716616 7.9081173 7.792372  7.655237 ],[0.4650247  0.5031982  0.57308596 0.66849184],[8.200198 8.203735 8.207058 8.210534],[0.37354085 0.38056552 0.38964164 0.39972013]
TRANSFORMER,B,2e-07,9,True,False,TDD,vanilla,10,[0.19812086 0.29447246 0.4277988  0.564087  ],[0.07787094 0.10405502 0.1548114  0.20089374],[ 46.697464  71.61771  108.8974   150.50546 ],[18.46963  30.765078 53.52306  76.17058 ],[7.978817  7.8464336 7.607294  7.304271 ],[0.47681236 0.4937292  0.5516393  0.6744873 ],[8.216351 8.215251 8.214624 8.214304],[0.40763524 0.41026488 0.41645426 0.42503932]
TRANSFORMER,B,2e-07,12,True,False,TDD,vanilla,10,[0.24941029 0.39866027 0.5646311  0.6946199 ],[0.10787227 0.19085464 0.26598546 0.28485754],[ 55.165672  89.87051  130.17043  168.68236 ],[23.452284 43.449226 62.22775  76.918976],[7.794873  7.509556  7.0943775 6.6882854],[0.5830035  0.79143256 1.1295837  1.3530705 ],[8.120098  8.1142645 8.112743  8.113856 ],[0.43833026 0.45556214 0.4728695  0.49387437]
TRANSFORMER,B,2e-07,15,True,False,TDD,vanilla,10,[0.2903541  0.46750602 0.6292872  0.748054  ],[0.12228809 0.21067011 0.23538835 0.22907142],[ 69.14797 118.62349 170.63922 212.37752],[29.531565 57.135815 79.63131  93.675545],[7.8273616 7.4437313 6.971826  6.5430074],[0.62443703 0.9067355  1.1903161  1.3274899 ],[8.197627 8.204033 8.217084 8.230653],[0.4852605  0.50316983 0.5246719  0.54396856]
TRANSFORMER,B,2e-07,18,True,False,TDD,vanilla,10,[0.3343805  0.5347074  0.70695424 0.82125616],[0.14954507 0.24710849 0.26775396 0.24157608],[ 79.61875 135.21696 188.83127 228.04515],[ 43.783558  81.27855  101.66922  105.897354],[7.727627  7.2295513 6.684485  6.273744 ],[0.6384129 1.0860893 1.3352286 1.3823222],[8.1638975 8.175692  8.188434  8.202104 ],[0.48944053 0.50745434 0.51854205 0.52203894]
TRANSFORMER,B,2e-07,21,True,False,TDD,vanilla,10,[0.41166264 0.6694211  0.82725    0.93985075],[0.16129963 0.23865823 0.24577948 0.24209031],[103.26263 176.45264 218.96909 251.14146],[45.624584 79.854515 87.53576  94.72872 ],[7.595374  6.781365  6.2139177 5.7575865],[0.6492131 1.162081  1.2811754 1.3562642],[8.188612 8.176667 8.144227 8.140654],[0.44568118 0.44044286 0.45722884 0.47989476]
TRANSFORMER,B,2e-07,24,True,False,TDD,vanilla,10,[0.44249573 0.69934386 0.8573292  0.93336654],[0.19440924 0.29240435 0.29510912 0.23499447],[108.60661 178.05917 225.6006  263.92862],[ 54.361675  83.50263   92.58432  108.0353  ],[7.475233  6.5918083 6.0404577 5.6603975],[0.79015595 1.4123471  1.546204   1.614114  ],[8.138821 8.121225 8.131564 8.179232],[0.5049219 0.5401906 0.5545749 0.5767097]
TRANSFORMER,B,2e-07,27,True,False,TDD,vanilla,10,[0.4588927  0.73434013 0.8794318  0.95823646],[0.20321418 0.28633094 0.25350237 0.20695017],[122.0596  198.93883 239.2935  264.74228],[ 71.550255 105.20231  101.20864  101.03329 ],[7.4702764 6.6700716 6.0242395 5.6412325],[0.90284157 1.3887316  1.5010202  1.4954305 ],[8.195907 8.177614 8.161719 8.149494],[0.58492225 0.59560144 0.5773279  0.56295604]
TRANSFORMER,B,2e-07,33,True,False,TDD,vanilla,10,[0.56277    0.8202277  0.93439865 1.0048312 ],[0.21977922 0.26255712 0.1957444  0.14824028],[140.40886 217.12502 256.662   280.9427 ],[ 72.18739 100.96461 102.14546 110.89586],[7.081256  6.212502  5.559342  5.1563463],[0.999453  1.4303622 1.4489379 1.3899428],[8.113809 8.133947 8.133893 8.112729],[0.5259433 0.5533906 0.5503319 0.5765364]
TRANSFORMER,B,2e-07,36,True,False,TDD,vanilla,10,[0.54730016 0.8162085  0.9409904  1.0161937 ],[0.24078971 0.28430817 0.23808587 0.22792444],[140.47299 213.22449 250.23499 264.95593],[ 74.00534   97.016815 103.228676 100.02653 ],[7.1945043 6.21999   5.6686153 5.1300983],[1.0475523 1.5407065 1.4725032 1.535728 ],[8.202237 8.165164 8.124358 8.063301],[0.48082298 0.53177947 0.57521355 0.61029977]
TRANSFORMER,B,2e-07,42,True,False,TDD,vanilla,10,[0.663409   0.89078283 0.97508085 1.0122546 ],[0.27630356 0.248151   0.16681322 0.13444684],[165.14726 239.84135 270.60196 278.1364 ],[ 81.749016 102.43357  117.87991  115.27429 ],[6.693207  5.7917385 5.1951246 4.928168 ],[1.4284346 1.5410045 1.3444746 1.2145927],[8.116588  8.1407385 8.108494  8.074529 ],[0.5461968  0.52060753 0.52204317 0.5106326 ]
TRANSFORMER,B,4e-07,3,True,False,TDD,vanilla,10,[0.18927383 0.20479597 0.23340763 0.27414915],[0.07945523 0.08130362 0.08567479 0.09238635],[48.64098  53.353294 62.163364 75.61547 ],[17.693237 18.048359 20.528612 25.303741],[7.941062  7.9212084 7.8846216 7.8442926],[0.42182824 0.43217552 0.4443096  0.45549363],[8.20847  8.210395 8.212237 8.213969],[0.33442357 0.33968475 0.345037   0.3505006 ]
TRANSFORMER,B,4e-07,6,True,False,TDD,vanilla,10,[0.20599972 0.24938367 0.32090056 0.40543234],[0.06821449 0.0755096  0.09861721 0.1232473 ],[ 51.983047  64.32847   85.15463  110.9779  ],[17.269596 20.294294 29.322805 40.730804],[7.906412  7.8420687 7.7247267 7.594814 ],[0.37893885 0.3961294  0.43239146 0.48231193],[8.184885 8.185724 8.186444 8.187491],[0.32194275 0.32802504 0.33519444 0.3429576 ]
TRANSFORMER,B,4e-07,9,True,False,TDD,vanilla,10,[0.22194275 0.30903405 0.42250347 0.5360253 ],[0.08699025 0.11492714 0.15723652 0.189148  ],[ 57.577045  81.36273  113.628555 147.93448 ],[23.88398  33.17109  49.982857 66.76065 ],[7.885978  7.7591486 7.548993  7.296162 ],[0.4143616  0.43439776 0.51558405 0.65131605],[8.193824  8.191843  8.1865635 8.178488 ],[0.33316842 0.33920404 0.35002944 0.36503997]
TRANSFORMER,B,4e-07,12,True,False,TDD,vanilla,10,[0.26763347 0.39281127 0.53493524 0.6684307 ],[0.08261322 0.12334638 0.16956584 0.20015515],[ 69.04191  104.442726 146.49126  188.24632 ],[23.376127 37.183926 53.55202  68.05697 ],[7.77756   7.5626082 7.2161183 6.831386 ],[0.40461835 0.48574826 0.6856891  0.91543657],[8.155842 8.160818 8.163987 8.167347],[0.32843772 0.33568704 0.35014972 0.36756453]
TRANSFORMER,B,4e-07,15,True,False,TDD,vanilla,10,[0.33330697 0.5180231  0.680569   0.8160645 ],[0.12104727 0.19905299 0.23571548 0.24810304],[ 87.63303 138.49353 187.18605 227.4158 ],[35.446606 58.016285 74.59323  87.87937 ],[7.665538  7.258178  6.7338285 6.367789 ],[0.5475179  0.82798696 1.084405   1.194338  ],[8.153601 8.155079 8.152279 8.149134],[0.41019136 0.43171164 0.44939855 0.4603841 ]
TRANSFORMER,B,4e-07,18,True,False,TDD,vanilla,10,[0.3763767  0.58633006 0.7328954  0.8488033 ],[0.14124148 0.21231087 0.21157952 0.19433649],[ 96.677986 156.73505  203.41594  240.39569 ],[44.180374 72.72473  82.52976  88.475464],[7.549294  6.9517684 6.3889527 6.007807 ],[0.6103271 0.9391073 1.1446793 1.1465074],[8.1320305 8.137831  8.141356  8.146607 ],[0.4299151  0.43325627 0.43164545 0.42852744]
TRANSFORMER,B,4e-07,21,True,False,TDD,vanilla,10,[0.40471828 0.61523753 0.7770497  0.8960493 ],[0.15869619 0.20897764 0.20010771 0.17887023],[111.44546 175.40518 226.1692  257.60614],[ 57.57198   89.5451   108.789215 115.40494 ],[7.5234485 6.882172  6.288745  5.8305836],[0.5781689  0.91339254 1.0291178  1.0930767 ],[8.166336 8.156872 8.151517 8.130608],[0.39600894 0.41945392 0.43816084 0.4560646 ]
TRANSFORMER,B,4e-07,24,True,False,TDD,vanilla,10,[0.46029463 0.6991737  0.8422584  0.9387166 ],[0.17836855 0.23834428 0.21796712 0.20323464],[128.1025  203.24518 250.43773 284.7869 ],[ 57.61817   91.008675  96.56392  104.0076  ],[7.444331 6.615507 6.058979 5.779655],[0.6678027 1.1823372 1.2505866 1.1515002],[8.199759 8.205041 8.207555 8.21912 ],[0.40476805 0.4265331  0.437374   0.43781117]
TRANSFORMER,B,4e-07,27,True,False,TDD,vanilla,10,[0.5058761  0.765431   0.90025103 0.96939474],[0.17936152 0.23257615 0.18901138 0.15597913],[137.44078 209.79097 248.17076 271.93475],[55.3315   78.21704  76.756645 77.05392 ],[7.2435284 6.249223  5.715321  5.494448 ],[0.69889253 1.1697028  1.1635412  1.0298926 ],[8.149213 8.11694  8.104064 8.116798],[0.38061866 0.3709262  0.37762538 0.39070326]
TRANSFORMER,B,4e-07,33,True,False,TDD,vanilla,10,[0.5740414  0.8099681  0.92703104 0.9841903 ],[0.1829878  0.19184953 0.15378267 0.13109587],[170.23135 254.03404 287.861   302.96045],[ 76.52716  104.570496  88.239006  92.971924],[7.176819  6.26551   5.720951  5.3559933],[0.8357072 1.2014158 1.0972788 1.1211909],[8.246286 8.265709 8.252911 8.226303],[0.46850497 0.4546497  0.43810767 0.4547688 ]
TRANSFORMER,B,4e-07,36,True,False,TDD,vanilla,10,[0.6562255  0.88325226 0.9658073  1.0188079 ],[0.21344426 0.20425324 0.1261319  0.11705938],[168.0034  238.58629 277.2263  302.45364],[61.130478 77.80734  84.279564 91.54128 ],[6.6953597 5.8367753 5.348424  5.050896 ],[1.0590094  1.2447602  1.0218816  0.97896016],[8.057566 8.079076 8.129921 8.168676],[0.40291405 0.39826262 0.400419   0.4095985 ]
TRANSFORMER,B,4e-07,42,True,False,TDD,vanilla,10,[0.68881136 0.8839259  0.97194207 1.0053294 ],[0.2389776  0.2172706  0.1238805  0.10430804],[190.4258  246.33951 277.7532  294.3074 ],[83.70843  89.63238  91.164055 89.46053 ],[6.533206 5.901116 5.355337 5.018839],[1.2231715 1.2574093 1.070864  1.0776793],[8.13121   8.1205845 8.131761  8.168282 ],[0.45830318 0.4678817  0.483578   0.4428105 ]
TRANSFORMER,E,5e-08,3,True,False,TDD,vanilla,10,[0.01212091 0.01455746 0.01856431 0.02503227],[0.00502742 0.00592605 0.0076068  0.01117865],[3.5198164 4.2074275 5.3539844 7.301814 ],[1.5220593 1.7688582 2.3395889 3.5159278],[8.267567 8.263777 8.258201 8.250967],[0.10766494 0.10865829 0.10990081 0.11195419],[8.275206 8.273342 8.271564 8.269935],[0.10735613 0.10797673 0.10877382 0.10978277]
TRANSFORMER,E,5e-08,6,True,False,TDD,vanilla,10,[0.01600271 0.02197965 0.02959283 0.03883629],[0.00707118 0.01003185 0.01380927 0.01848776],[ 4.5719028  6.295515   8.493066  11.348888 ],[1.9881678 2.8318985 3.9740672 5.597956 ],[8.2662325 8.262257  8.255233  8.246786 ],[0.11398314 0.1161636  0.11875584 0.12052381],[8.276046 8.276882 8.277935 8.278976],[0.11304255 0.11515561 0.11746035 0.1195814 ]
TRANSFORMER,E,5e-08,9,True,False,TDD,vanilla,10,[0.0190658  0.03170492 0.0445393  0.05621375],[0.00935476 0.01838538 0.02795888 0.03521577],[ 5.4903307  9.141182  12.861851  16.423056 ],[ 2.4864247  5.008868   7.887382  10.22051  ],[8.281383 8.272829 8.25967  8.246182],[0.12898727 0.13232908 0.13797879 0.14571972],[8.294175 8.29685  8.298473 8.298301],[0.12703057 0.12796013 0.1290341  0.13212253]
TRANSFORMER,E,5e-08,12,True,False,TDD,vanilla,10,[0.02453038 0.04232419 0.05869662 0.07268748],[0.01184421 0.02265376 0.03269777 0.03934645],[ 6.944405 12.002006 16.636076 20.828558],[ 3.2087498  6.247919   9.299013  11.832556 ],[8.228939 8.208985 8.184521 8.163507],[0.1102245  0.11433794 0.12462773 0.13746786],[8.245989 8.241977 8.236683 8.23173 ],[0.10888104 0.11287002 0.11957746 0.12670897]
TRANSFORMER,E,5e-08,15,True,False,TDD,vanilla,10,[0.03216491 0.05178422 0.07108875 0.08771116],[0.02019478 0.0293455  0.03855254 0.04336432],[ 9.128526 14.68757  20.289232 25.444204],[ 5.641218  8.122234 10.798646 12.666018],[8.240063 8.219094 8.19895  8.186012],[0.13848472 0.14716774 0.1545695  0.15617986],[8.262611  8.2612095 8.260151  8.261041 ],[0.134938   0.13911162 0.14343648 0.14577532]
TRANSFORMER,E,5e-08,18,True,False,TDD,vanilla,10,[0.04116058 0.06231524 0.0842089  0.10259352],[0.029568   0.03664113 0.05104429 0.05718542],[11.909571 18.064224 24.402674 30.197565],[ 8.381813 10.487438 14.134944 16.7949  ],[8.252444 8.230138 8.20911  8.194232],[0.13993488 0.14831445 0.15709667 0.1624514 ],[8.281872 8.281912 8.279536 8.27891 ],[0.13541304 0.14105989 0.14464791 0.14809407]
TRANSFORMER,E,5e-08,21,True,False,TDD,vanilla,10,[0.04636377 0.07063363 0.08891262 0.11381554],[0.03176166 0.04154638 0.04942009 0.06493023],[13.610796 20.565924 25.924572 33.844376],[ 8.95111  11.663539 14.151908 20.001667],[8.273469 8.240799 8.217964 8.195861],[0.14901812 0.15086295 0.16214292 0.16440903],[8.307358 8.301057 8.291944 8.288347],[0.14678082 0.14288224 0.14931943 0.1521184 ]
TRANSFORMER,E,5e-08,24,True,False,TDD,vanilla,10,[0.05738194 0.0846236  0.1053872  0.13863702],[0.03701045 0.04604978 0.05472265 0.07305501],[16.82755  24.740582 30.638372 40.99112 ],[10.659586 13.39939  15.701567 22.244926],[8.241901 8.202975 8.179366 8.156666],[0.13965422 0.1511808  0.17041205 0.18635349],[8.2875   8.278505 8.268627 8.264957],[0.13044441 0.13442534 0.15097408 0.1635157 ]
TRANSFORMER,E,5e-08,27,True,False,TDD,vanilla,10,[0.05409917 0.07706255 0.10043048 0.14194539],[0.03057487 0.03513295 0.04407733 0.07294118],[15.758532 22.529991 29.619177 42.915695],[ 8.929487 10.375448 13.301415 23.091501],[8.238941 8.224157 8.212154 8.187946],[0.13162422 0.1489336  0.1507678  0.1687805 ],[8.279845  8.286421  8.2941885 8.295663 ],[0.1292807  0.14179234 0.1378462  0.14801463]
TRANSFORMER,E,5e-08,33,True,False,TDD,vanilla,10,[0.06893158 0.09180928 0.1149513  0.14643297],[0.0445471  0.04148377 0.04922437 0.0679798 ],[20.341818 26.975672 33.978104 44.096996],[13.295735 11.960343 14.449632 21.733942],[8.226636 8.208045 8.180203 8.162817],[0.15657984 0.1560185  0.17221715 0.17433794],[8.287059 8.28844  8.283365 8.28227 ],[0.14250231 0.14087306 0.14854088 0.15866248]
TRANSFORMER,E,5e-08,36,True,False,TDD,vanilla,10,[0.07155447 0.10143898 0.12695272 0.16523045],[0.04387293 0.04979803 0.06291725 0.07830363],[20.708311 29.677734 37.420815 50.01213 ],[12.19254  14.194409 18.206087 23.903877],[8.222034 8.202145 8.181458 8.171465],[0.18049802 0.1971747  0.20920639 0.20340924],[8.281623 8.287588 8.29217  8.30194 ],[0.16172272 0.17149192 0.17695847 0.17350183]
TRANSFORMER,E,5e-08,42,True,False,TDD,vanilla,10,[0.06877597 0.09899974 0.12473167 0.15556517],[0.03479956 0.0457571  0.04814608 0.06580938],[19.950596 28.924257 36.626366 46.47689 ],[10.090679 13.053879 15.1328   21.618177],[8.22698  8.192038 8.169559 8.156609],[0.15790921 0.17138818 0.16932043 0.17117514],[8.2850485 8.277092  8.275991  8.275187 ],[0.15040702 0.15980265 0.16346735 0.16856034]
TRANSFORMER,E,2e-07,3,True,False,TDD,vanilla,10,[0.0501123  0.0523154  0.05546091 0.05848181],[0.01988571 0.02050726 0.02161512 0.02281786],[15.045008 15.701598 16.646626 17.572643],[5.952561  6.1352215 6.474989  6.856632 ],[8.247194 8.245425 8.242122 8.23827 ],[0.04574535 0.04691391 0.04841124 0.05011958],[8.280581 8.280627 8.280685 8.280739],[0.03952417 0.04055549 0.04168776 0.04291363]
TRANSFORMER,E,2e-07,6,True,False,TDD,vanilla,10,[0.04728446 0.05193513 0.05761826 0.06209798],[0.01871334 0.01938391 0.02037941 0.02204452],[14.282396 15.685801 17.40433  18.79166 ],[5.755061  5.962635  6.2795825 6.854914 ],[8.260948 8.256786 8.249809 8.243397],[0.04575309 0.04907878 0.05301049 0.05675508],[8.293882 8.294105 8.294251 8.294382],[0.04388143 0.04748654 0.05115876 0.05493958]
TRANSFORMER,E,2e-07,9,True,False,TDD,vanilla,10,[0.05298318 0.06190002 0.0665471  0.06915385],[0.02493233 0.0272493  0.0280871  0.02905223],[16.029839 18.71509  20.122719 20.93302 ],[7.470357 8.145326 8.367881 8.635717],[8.255844 8.24956  8.243277 8.238606],[0.06728391 0.07438767 0.08109061 0.08777203],[8.294298 8.295323 8.296029 8.296503],[0.05927258 0.06526424 0.07138931 0.0777242 ]
TRANSFORMER,E,2e-07,12,True,False,TDD,vanilla,10,[0.05443877 0.0648044  0.07053593 0.07476288],[0.02278422 0.02603029 0.02822162 0.02861406],[16.406548 19.541904 21.28814  22.594294],[6.736789 7.70319  8.31955  8.490402],[8.252721 8.2446   8.237794 8.2325  ],[0.07345313 0.07937256 0.0868884  0.09420165],[8.292668 8.29359  8.29417  8.294293],[0.06883647 0.07497934 0.08134441 0.08748707]
TRANSFORMER,E,2e-07,15,True,False,TDD,vanilla,10,[0.06621714 0.07750998 0.08517136 0.08987048],[0.02687431 0.0300725  0.03232739 0.03334447],[19.884905 23.291393 25.621828 27.054337],[ 8.197238  9.170441  9.88285  10.236608],[8.2329035 8.220486  8.213152  8.208409 ],[0.07200699 0.07965237 0.08690837 0.09345485],[8.278367 8.277282 8.276983 8.27687 ],[0.06547176 0.07076026 0.07667455 0.08393788]
TRANSFORMER,E,2e-07,18,True,False,TDD,vanilla,10,[0.0696396  0.0774135  0.08311387 0.09100688],[0.03231782 0.03158249 0.03216173 0.03752918],[20.81752  23.164558 24.926243 27.355774],[ 9.78527   9.643689 10.047115 11.737398],[8.22497  8.215065 8.211591 8.208065],[0.08630695 0.09447233 0.10061613 0.10694727],[8.273221 8.273726 8.274927 8.276924],[0.07880083 0.08553306 0.09271663 0.09996621]
TRANSFORMER,E,2e-07,21,True,False,TDD,vanilla,10,[0.063031   0.07545844 0.07989638 0.09421205],[0.02370759 0.02470029 0.02628699 0.04252639],[19.002968 22.752048 24.201784 28.690235],[ 7.4614253  7.7074823  8.604129  13.907353 ],[8.242766 8.232426 8.23062  8.221428],[0.09581368 0.10473304 0.11114413 0.11756829],[8.2915325 8.292838  8.293352  8.293094 ],[0.090754   0.09886748 0.10661585 0.11423085]
TRANSFORMER,E,2e-07,24,True,False,TDD,vanilla,10,[0.06946902 0.07959576 0.08474274 0.10809817],[0.0268587  0.02635753 0.02521166 0.04916009],[20.86378  23.781605 25.231169 32.25078 ],[ 8.153661   7.9705105  7.6993184 15.251797 ],[8.230974 8.216909 8.209421 8.192516],[0.10182945 0.11030281 0.1166941  0.12516664],[8.283634 8.277485 8.2726   8.268844],[0.09705425 0.10391297 0.11168886 0.11914225]
TRANSFORMER,E,2e-07,27,True,False,TDD,vanilla,10,[0.07973447 0.08580065 0.0916469  0.112658  ],[0.0347244  0.03169686 0.03182962 0.04957177],[23.976057 25.929977 27.761774 34.346916],[10.485517  9.708275  9.841463 15.881517],[8.22815  8.226881 8.225126 8.217924],[0.10337579 0.1089422  0.11788885 0.1260172 ],[8.285105 8.289516 8.293084 8.295244],[0.09349083 0.10003029 0.10766774 0.1156425 ]
TRANSFORMER,E,2e-07,33,True,False,TDD,vanilla,10,[0.07587979 0.08483579 0.09079859 0.11809653],[0.02874199 0.02676134 0.02967143 0.05083513],[23.039257 25.923546 27.920435 36.59331 ],[ 9.365145  9.075109 10.132455 16.94117 ],[8.234884 8.239159 8.240573 8.23594 ],[0.11155204 0.11766429 0.12353396 0.12817514],[8.293464 8.300457 8.306935 8.31096 ],[0.11219409 0.11779475 0.12364816 0.12861179]
TRANSFORMER,E,2e-07,36,True,False,TDD,vanilla,10,[0.07766387 0.0834915  0.08980935 0.11588958],[0.03125735 0.027109   0.03015962 0.05824678],[22.899696 24.557274 26.45089  34.371002],[ 9.120058  8.0489    9.12206  18.07167 ],[8.202344 8.195638 8.191551 8.182867],[0.10773259 0.12006544 0.13615851 0.15066811],[8.260142  8.257455  8.2576065 8.260585 ],[0.10467422 0.11562987 0.1296093  0.14268416]
TRANSFORMER,E,2e-07,42,True,False,TDD,vanilla,10,[0.08351748 0.09080133 0.09567381 0.12119576],[0.02765809 0.02481582 0.02649014 0.05042402],[25.227798 27.343426 28.827072 36.518227],[ 8.745955  7.995344  8.74507  15.869475],[8.222633  8.214095  8.2087345 8.196886 ],[0.10233967 0.11451947 0.12473781 0.1352835 ],[8.285831 8.281849 8.278591 8.276519],[0.10005277 0.1097375  0.12256964 0.13150129]
TRANSFORMER,E,4e-07,3,True,False,TDD,vanilla,10,[0.04909085 0.05091827 0.05344309 0.05599755],[0.01962058 0.02009869 0.02047481 0.02120659],[14.752725 15.295476 16.049023 16.825058],[5.9707847 6.116381  6.2382913 6.46394  ],[8.253065 8.251229 8.247919 8.244232],[0.03536958 0.03669101 0.03840497 0.04021359],[8.288958 8.288683 8.288403 8.288103],[0.02915178 0.03073191 0.03247377 0.03435925]
TRANSFORMER,E,4e-07,6,True,False,TDD,vanilla,10,[0.05453586 0.0592798  0.06316617 0.06493892],[0.02266007 0.02336866 0.02408731 0.02392825],[16.36798  17.786982 18.944689 19.495478],[6.9495554 7.173929  7.397479  7.3849087],[8.244306 8.239974 8.234947 8.230807],[0.04644987 0.04971328 0.05359426 0.05759914],[8.284499 8.284238 8.283938 8.283623],[0.03912412 0.04321399 0.04740645 0.05164114]
TRANSFORMER,E,4e-07,9,True,False,TDD,vanilla,10,[0.05958013 0.06768624 0.07050996 0.07091412],[0.0236084  0.02503896 0.02572831 0.02546381],[17.900475 20.321016 21.175531 21.31752 ],[7.3603697 7.8361707 8.104419  8.089494 ],[8.238149 8.23098  8.225496 8.221844],[0.05601031 0.06157464 0.06734762 0.07349544],[8.280015 8.279101 8.278396 8.278026],[0.05211921 0.05833428 0.06446905 0.07061163]
TRANSFORMER,E,4e-07,12,True,False,TDD,vanilla,10,[0.06245759 0.07129517 0.07485154 0.07876415],[0.02322432 0.02528283 0.02671031 0.03054465],[18.800346 21.460373 22.56057  23.802822],[7.2103624 7.7863336 8.186253  9.329026 ],[8.2407055 8.234256  8.231467  8.228534 ],[0.06930704 0.07656627 0.08273437 0.08847989],[8.285689 8.287141 8.288548 8.289801],[0.06437871 0.07084928 0.07688562 0.08259349]
TRANSFORMER,E,4e-07,15,True,False,TDD,vanilla,10,[0.06274402 0.07183295 0.07551792 0.08117871],[0.02109697 0.02172561 0.02237319 0.02717434],[18.858006 21.61731  22.761192 24.580078],[6.591905  6.816594  6.9561787 8.570427 ],[8.241662 8.236201 8.235116 8.234049],[0.07958469 0.08781157 0.09562406 0.1027852 ],[8.2887745 8.291263  8.293829  8.296032 ],[0.07523516 0.0827314  0.09050896 0.09828034]
TRANSFORMER,E,4e-07,18,True,False,TDD,vanilla,10,[0.0684145  0.07346185 0.07863238 0.08645606],[0.0289287  0.02535681 0.0294606  0.03670366],[20.432318 21.895292 23.429127 25.80578 ],[ 8.8049555  7.7446203  9.110001  11.387245 ],[8.2304535 8.2204685 8.215166  8.20847  ],[0.07610107 0.08311412 0.08835865 0.09509202],[8.27856  8.276337 8.274124 8.272225],[0.06968127 0.07664186 0.08386727 0.09061535]
TRANSFORMER,E,4e-07,21,True,False,TDD,vanilla,10,[0.07506003 0.08069648 0.08253345 0.09197345],[0.02779226 0.02650872 0.02731506 0.03822853],[22.431467 24.140266 24.69149  27.598648],[ 8.373125  8.124137  8.707867 12.195728],[8.221757  8.214328  8.214488  8.2082405],[0.09594182 0.10676453 0.1154159  0.12294964],[8.276323 8.276242 8.275361 8.274577],[0.09324117 0.10310405 0.11220797 0.12068655]
TRANSFORMER,E,4e-07,24,True,False,TDD,vanilla,10,[0.07805222 0.08625521 0.08838449 0.10614667],[0.03137606 0.03236355 0.03330954 0.05063483],[23.429811 26.040451 26.845894 32.39458 ],[ 9.258227   9.623382  10.2255335 15.625603 ],[8.228851 8.227383 8.232379 8.231174],[0.10545572 0.11151575 0.11571965 0.12076718],[8.286703 8.293116 8.298703 8.30418 ],[0.09379451 0.09931409 0.10363215 0.10734855]
TRANSFORMER,E,4e-07,27,True,False,TDD,vanilla,10,[0.07543989 0.08187557 0.08710936 0.11174666],[0.02975893 0.02898083 0.03081792 0.05506044],[22.533607 24.567732 26.242292 33.859737],[ 9.0344925  8.904389   9.509571  17.04763  ],[8.220011 8.221374 8.222509 8.218525],[0.09626797 0.09871325 0.10469333 0.114153  ],[8.276787 8.280539 8.284522 8.288042],[0.08973098 0.09296615 0.09940283 0.10667281]
TRANSFORMER,E,4e-07,33,True,False,TDD,vanilla,10,[0.07999402 0.08525447 0.08926801 0.10864973],[0.02987091 0.03007477 0.02928108 0.03972404],[23.959866 25.500177 26.740606 32.603973],[ 9.410968  9.522478  9.323912 12.222095],[8.216848 8.213146 8.209158 8.202171],[0.11482012 0.1114963  0.11043799 0.10966551],[8.277196 8.275805 8.27659  8.27708 ],[0.10656    0.10650315 0.10475282 0.10291515]
TRANSFORMER,E,4e-07,36,True,False,TDD,vanilla,10,[0.07692629 0.08378579 0.08950558 0.11243807],[0.02692301 0.02639923 0.02871849 0.04734818],[23.15681  25.155825 26.762733 33.712364],[ 8.371504  8.145973  8.790692 14.947992],[8.230219 8.22725  8.220844 8.208414],[0.12489557 0.134078   0.13599446 0.13593176],[8.287193 8.285667 8.282404 8.278148],[0.11921627 0.12636288 0.1280906  0.1266932 ]
TRANSFORMER,E,4e-07,42,True,False,TDD,vanilla,10,[0.08352149 0.08630132 0.09307466 0.11544453],[0.02905914 0.02726383 0.03150608 0.04619047],[25.146194 25.879606 27.804405 34.472042],[ 9.076589  8.4423    9.657877 14.294519],[8.222652 8.219114 8.213475 8.200968],[0.10535362 0.11233821 0.12130962 0.13118865],[8.284267 8.282584 8.279294 8.275064],[0.10080136 0.10741471 0.11493789 0.1236635 ]
TRANSFORMER,B,5e-08,3,True,False,TDD,vanilla,15,[0.01779296 0.03826573 0.07297874 0.12739319],[0.00908759 0.02310923 0.04460452 0.07595213],[ 4.0288405  8.956613  17.92373   33.416466 ],[ 2.4477704  6.6124067 13.472512  22.445642 ],[8.294544 8.279263 8.246554 8.202153],[0.2872118  0.2989437  0.31186634 0.32888907],[8.310018 8.311025 8.311322 8.311014],[0.2866387  0.29886192 0.3112389  0.32331753]
TRANSFORMER,B,5e-08,6,True,False,TDD,vanilla,15,[0.0449459  0.11528812 0.21708578 0.3380301 ],[0.03342535 0.09210626 0.16855532 0.23731463],[ 8.660063 23.226551 46.73127  75.28493 ],[ 6.392839 18.961592 38.09792  56.20206 ],[8.163453 8.095161 7.95631  7.76886 ],[0.40086517 0.4431151  0.5445228  0.7042249 ],[8.200852 8.201835 8.201868 8.201473],[0.3916575  0.3997785  0.4085088  0.41598982]
TRANSFORMER,B,5e-08,9,True,False,TDD,vanilla,15,[0.0807393 0.2005085 0.352244  0.5177401],[0.06233357 0.16446437 0.24813138 0.3414839 ],[ 16.864918  43.676426  81.52359  120.48515 ],[12.63282 35.40915 63.94159 82.68428],[8.182577  8.0543585 7.811764  7.5163174],[0.4593454  0.54788667 0.77519035 0.9937284 ],[8.251503 8.261046 8.269067 8.268886],[0.43901262 0.44828576 0.46303815 0.48474985]
TRANSFORMER,B,5e-08,12,True,False,TDD,vanilla,15,[0.13540132 0.32184342 0.52396184 0.65543854],[0.10823125 0.24724585 0.35998744 0.3353879 ],[ 27.04934   69.259285 114.98416  156.78026 ],[ 22.298038  56.93305   82.82426  101.08798 ],[8.051407  7.766554  7.3561177 6.969027 ],[0.46518517 0.79075205 1.1219764  1.3628473 ],[8.1689005 8.177474  8.178661  8.1839   ],[0.42534238 0.45664805 0.49680933 0.52424616]
TRANSFORMER,B,5e-08,15,True,False,TDD,vanilla,15,[0.20084234 0.4265841  0.6139883  0.7442398 ],[0.14800504 0.2879672  0.34258115 0.35328817],[ 47.15767 107.02948 160.4797  200.88326],[ 36.18121   81.805824 109.79774  127.587746],[8.10925   7.6952605 7.1411967 6.737232 ],[0.60114837 0.93764687 1.3656874  1.4713867 ],[8.301512 8.301376 8.2951   8.286509],[0.51885885 0.5244441  0.5284308  0.55424315]
TRANSFORMER,B,5e-08,18,True,False,TDD,vanilla,15,[0.30809808 0.6519595  0.8646033  0.9816846 ],[0.1953323  0.40050972 0.4505804  0.406466  ],[ 68.79656 152.5741  210.85281 254.78448],[ 50.163963 107.894165 129.12518  148.2112  ],[7.7935205 6.909332  6.275436  5.831992 ],[0.65463597 1.4061657  1.5931865  1.7190331 ],[8.143848 8.165355 8.190139 8.226463],[0.55700666 0.5532856  0.58807176 0.6425339 ]
TRANSFORMER,B,5e-08,21,True,False,TDD,vanilla,15,[0.35812414 0.6943604  0.8698283  0.94731826],[0.21859287 0.35903227 0.34317067 0.26578733],[ 82.63519 168.25539 215.6878  250.11407],[ 60.028873 110.24423  114.248604 120.6721  ],[7.6641655 6.671527  6.013299  5.5797997],[0.78140694 1.4452361  1.6470408  1.6781348 ],[8.123272 8.136701 8.135805 8.151181],[0.5637357  0.5555875  0.58310056 0.62311316]
TRANSFORMER,B,5e-08,24,True,False,TDD,vanilla,15,[0.38161826 0.66093093 0.8188839  0.9312618 ],[0.28290725 0.36026135 0.3125868  0.28805122],[ 92.74672 174.93925 225.78618 263.75522],[ 75.25288 122.64305 135.87944 145.5842 ],[7.764592  6.866049  6.333453  5.8936677],[0.84444857 1.5563986  1.5592407  1.543422  ],[8.27013  8.258452 8.255481 8.262504],[0.5118271  0.5137656  0.52345896 0.57083213]
TRANSFORMER,B,5e-08,27,True,False,TDD,vanilla,15,[0.4482971 0.760859  0.914814  0.9837058],[0.26033628 0.34711784 0.373731   0.2755    ],[108.426346 191.10733  231.2971   260.25345 ],[ 88.76871 125.63644 128.21107 133.38019],[7.530093  6.4660335 5.8526654 5.3581867],[0.8618324 1.5877472 1.6951046 1.7395196],[8.164666 8.149782 8.144776 8.15001 ],[0.5907433  0.6523984  0.6741813  0.66140956]
TRANSFORMER,B,5e-08,33,True,False,TDD,vanilla,15,[0.5277119  0.87742335 0.97697747 1.0695596 ],[0.33193666 0.4117781  0.30141386 0.28757462],[133.47002 218.06952 256.7801  282.34338],[101.43762 132.72223 137.53798 142.0076 ],[7.3825765 6.3947363 5.877398  5.2629533],[1.2173606 1.6624756 1.5924138 1.6848794],[8.244222 8.21752  8.208188 8.190938],[0.59182024 0.6487663  0.6651303  0.6921988 ]
TRANSFORMER,B,5e-08,36,True,False,TDD,vanilla,15,[0.67669076 0.96939117 1.0674679  1.0851715 ],[0.3528838  0.49284884 0.32231176 0.23128548],[169.46556 246.14037 278.7941  297.54163],[103.686165 121.60318  114.71015  120.11692 ],[7.0175166 5.8928022 5.269013  4.702375 ],[1.4249235 1.695317  1.653058  1.6492354],[8.266979 8.223077 8.203336 8.203679],[0.63908565 0.639546   0.6131122  0.6540083 ]
TRANSFORMER,B,5e-08,42,True,False,TDD,vanilla,15,[0.7448539  0.95484924 1.0143429  1.0701215 ],[0.39089218 0.30742785 0.26062164 0.2659497 ],[179.03159 249.02719 282.68906 309.33142],[113.83955 131.09982 121.68134 132.26833],[6.7150393 5.7646704 5.2377753 4.8828845],[1.3861562 1.569128  1.5032654 1.5705005],[8.1687   8.187472 8.230034 8.259732],[0.55716753 0.59658355 0.62573683 0.63968205]
TRANSFORMER,B,2e-07,3,True,False,TDD,vanilla,15,[0.16314931 0.18249606 0.21534318 0.25853398],[0.0855327  0.0897662  0.09938969 0.1102846 ],[36.0395   40.71025  48.957516 61.691265],[19.207293 19.832771 22.23819  26.862307],[7.9354615 7.9135394 7.8719997 7.8242493],[0.47692406 0.48898214 0.50632703 0.52550817],[8.140387 8.142667 8.144901 8.14683 ],[0.40203154 0.40776485 0.4140067  0.42071092]
TRANSFORMER,B,2e-07,6,True,False,TDD,vanilla,15,[0.18020505 0.23008366 0.30480734 0.3896638 ],[0.09426216 0.11006853 0.1404137  0.17383589],[41.490036 53.280167 72.336235 96.22745 ],[21.247719 24.234827 31.313702 40.06946 ],[7.973661  7.9108086 7.7962523 7.6594715],[0.46483165 0.5023212  0.5718815  0.66714674],[8.200198 8.203735 8.207058 8.210534],[0.37354085 0.38056552 0.38964164 0.39972013]
TRANSFORMER,B,2e-07,9,True,False,TDD,vanilla,15,[0.1969279  0.29288766 0.42556214 0.5613536 ],[0.07777913 0.10423667 0.15514766 0.20097776],[ 46.392868  71.2225   108.370895 149.83513 ],[18.499945 30.804651 53.568016 76.06261 ],[7.980771  7.8489003 7.610677  7.3094664],[0.4762146  0.49325767 0.5511526  0.67145884],[8.216351 8.215251 8.214624 8.214304],[0.40763524 0.41026488 0.41645426 0.42503932]
TRANSFORMER,B,2e-07,12,True,False,TDD,vanilla,15,[0.24752025 0.39666831 0.5622915  0.6926204 ],[0.10797495 0.19100702 0.2663737  0.28449658],[ 54.78714  89.37186 129.55261 168.12091],[23.52217 43.4557  62.29192 77.07221],[7.797289  7.51263   7.0994387 6.6883326],[0.58223414 0.790433   1.1271338  1.3604449 ],[8.120098  8.1142645 8.112743  8.113856 ],[0.43833026 0.45556214 0.4728695  0.49387437]
TRANSFORMER,B,2e-07,15,True,False,TDD,vanilla,15,[0.2879604  0.4644981  0.62627614 0.7460549 ],[0.12274752 0.21174845 0.2349303  0.22971481],[ 68.686676 117.921776 169.85635  211.63503 ],[29.628782 57.076103 79.46463  93.54447 ],[7.8305693 7.45008   6.9859147 6.5514746],[0.62368166 0.9074404  1.1788052  1.3340275 ],[8.197627 8.204033 8.217084 8.230653],[0.4852605  0.50316983 0.5246719  0.54396856]
TRANSFORMER,B,2e-07,18,True,False,TDD,vanilla,15,[0.33294427 0.53401464 0.70696443 0.82057184],[0.14898129 0.24787241 0.27000234 0.24210605],[ 79.236435 134.94795  188.69073  227.75214 ],[ 43.712944  81.28124  101.947685 106.116295],[7.7305675 7.230698  6.6931267 6.2749104],[0.6355036 1.086699  1.3163314 1.3741566],[8.1638975 8.175692  8.188434  8.202104 ],[0.48944053 0.50745434 0.51854205 0.52203894]
TRANSFORMER,B,2e-07,21,True,False,TDD,vanilla,15,[0.41021672 0.6686987  0.82684046 0.9394515 ],[0.16181467 0.24080187 0.24909158 0.24433042],[102.97286 176.29396 218.71295 250.82462],[45.781155 80.34373  87.8741   94.93477 ],[7.597887  6.7857924 6.22796   5.76743  ],[0.6477992 1.154851  1.2723272 1.3573893],[8.188612 8.176667 8.144227 8.140654],[0.44568118 0.44044286 0.45722884 0.47989476]
TRANSFORMER,B,2e-07,24,True,False,TDD,vanilla,15,[0.43998346 0.69674903 0.85500914 0.932016  ],[0.19421588 0.2923211  0.2938989  0.23491614],[108.147995 177.47746  225.24352  263.6332  ],[ 54.25863   83.6096    92.60422  107.922554],[7.479874  6.595867  6.0491796 5.676982 ],[0.78835744 1.4153831  1.5431062  1.6097703 ],[8.138821 8.121225 8.131564 8.179232],[0.5049219 0.5401906 0.5545749 0.5767097]
TRANSFORMER,B,2e-07,27,True,False,TDD,vanilla,15,[0.4575191  0.73273444 0.87929803 0.9585381 ],[0.2032536  0.2852684  0.25341165 0.20769913],[121.65618 198.47408 239.17195 264.5789 ],[ 71.28839 104.6977  100.82126 100.95621],[7.473779  6.670437  6.030923  5.6511555],[0.89843625 1.3963048  1.4955733  1.495835  ],[8.195907 8.177614 8.161719 8.149494],[0.58492225 0.59560144 0.5773279  0.56295604]
TRANSFORMER,B,2e-07,33,True,False,TDD,vanilla,15,[0.5606437 0.8179344 0.9335213 1.0051923],[0.22019249 0.26220602 0.19712417 0.15037727],[139.83788 216.61894 256.47836 280.93237],[ 72.20097 101.05907 102.73287 111.37604],[7.088937  6.2242956 5.5663757 5.1760497],[0.99706066 1.4286305  1.448074   1.3924674 ],[8.113809 8.133947 8.133893 8.112729],[0.5259433 0.5533906 0.5503319 0.5765364]
TRANSFORMER,B,2e-07,36,True,False,TDD,vanilla,15,[0.545606   0.81434596 0.93999857 1.0149602 ],[0.2410877  0.28571287 0.23900425 0.22719711],[139.98944 212.68068 249.89467 264.6665 ],[ 73.82229   96.428024 103.44445  100.01875 ],[7.1988673 6.226211  5.674678  5.1486053],[1.044727  1.5435596 1.4702433 1.534726 ],[8.202237 8.165164 8.124358 8.063301],[0.48082298 0.53177947 0.57521355 0.61029977]
TRANSFORMER,B,2e-07,42,True,False,TDD,vanilla,15,[0.6625266 0.8900754 0.974613  1.0115557],[0.27769265 0.24864584 0.1676919  0.13513812],[164.76149 239.54071 270.16483 277.91544],[ 81.48544 102.52553 117.62059 114.89695],[6.693976  5.806815  5.196886  4.9550133],[1.4328688 1.5286466 1.3588912 1.2126267],[8.116588  8.1407385 8.108494  8.074529 ],[0.5461968  0.52060753 0.52204317 0.5106326 ]
TRANSFORMER,B,4e-07,3,True,False,TDD,vanilla,15,[0.18795677 0.20319746 0.23112248 0.27164873],[0.07932502 0.08109318 0.08516674 0.09189819],[48.320766 52.96547  61.62287  74.96443 ],[17.698727 17.99975  20.436155 25.141521],[7.943024  7.923451  7.887733  7.8475513],[0.42157763 0.43196574 0.44393072 0.4550311 ],[8.20847  8.210395 8.212237 8.213969],[0.33442357 0.33968475 0.345037   0.3505006 ]
TRANSFORMER,B,4e-07,6,True,False,TDD,vanilla,15,[0.20426995 0.247284   0.31788284 0.40247035],[0.06807208 0.07531317 0.0980856  0.12316646],[ 51.563133  63.833023  84.44158  110.25757 ],[17.232727 20.222107 29.22897  40.74559 ],[7.9092083 7.8452296 7.729936  7.6005297],[0.37863636 0.39591655 0.43119508 0.48098618],[8.184885 8.185724 8.186444 8.187491],[0.32194275 0.32802504 0.33519444 0.3429576 ]
TRANSFORMER,B,4e-07,9,True,False,TDD,vanilla,15,[0.22039118 0.3068221  0.4193307  0.5325831 ],[0.0869622  0.11499682 0.15679877 0.18839018],[ 57.198654  80.84436  112.93097  147.06787 ],[23.859114 33.16278  49.97793  66.611115],[7.8885884 7.7626605 7.554428  7.3032856],[0.41387135 0.43335602 0.5136071  0.64916474],[8.193824  8.191843  8.1865635 8.178488 ],[0.33316842 0.33920404 0.35002944 0.36503997]
TRANSFORMER,B,4e-07,12,True,False,TDD,vanilla,15,[0.26621333 0.39127162 0.5327206  0.66614836],[0.08250061 0.1235656  0.17010374 0.20092513],[ 68.712494 104.05695  145.93814  187.71587 ],[23.296232 37.10966  53.52689  68.21436 ],[7.780306  7.565449  7.2215104 6.838419 ],[0.40386698 0.48555288 0.68565905 0.9135575 ],[8.155842 8.160818 8.163987 8.167347],[0.32843772 0.33568704 0.35014972 0.36756453]
TRANSFORMER,B,4e-07,15,True,False,TDD,vanilla,15,[0.3322307  0.51635367 0.67885774 0.8141295 ],[0.12116294 0.19899212 0.23642558 0.24864224],[ 87.406815 138.12106  186.70868  226.83112 ],[35.548695 58.079887 74.65388  87.83873 ],[7.6674843 7.262588  6.7420583 6.3704667],[0.54648703 0.8251896  1.0765917  1.1991901 ],[8.153601 8.155079 8.152279 8.149134],[0.41019136 0.43171164 0.44939855 0.4603841 ]
TRANSFORMER,B,4e-07,18,True,False,TDD,vanilla,15,[0.37442905 0.583702   0.7301691  0.84609795],[0.14163749 0.21200138 0.21187358 0.1957627 ],[ 96.092735 155.97191  202.71141  239.61337 ],[43.996475 72.53308  82.86867  88.70901 ],[7.5547314 6.9645905 6.4042134 6.0226817],[0.6102196 0.9293049 1.1384851 1.1454878],[8.1320305 8.137831  8.141356  8.146607 ],[0.4299151  0.43325627 0.43164545 0.42852744]
TRANSFORMER,B,4e-07,21,True,False,TDD,vanilla,15,[0.40281782 0.6132477  0.7759468  0.89605296],[0.15882793 0.20908856 0.20030545 0.17949525],[110.90943 174.79027 225.65623 257.38095],[ 57.542053  89.48292  108.8027   115.58048 ],[7.5277214 6.8945026 6.2957582 5.8380013],[0.57670176 0.904341   1.0293005  1.0924623 ],[8.166336 8.156872 8.151517 8.130608],[0.39600894 0.41945392 0.43816084 0.4560646 ]
TRANSFORMER,B,4e-07,24,True,False,TDD,vanilla,15,[0.45879787 0.6977626  0.84190047 0.9375988 ],[0.17873575 0.23965536 0.22049524 0.20504947],[127.6941  202.9319  250.27518 284.5358 ],[ 57.64336  91.18089  96.84274 104.29514],[7.4463267 6.615418  6.0647364 5.7823524],[0.66725075 1.1899935  1.2510141  1.158358  ],[8.199759 8.205041 8.207555 8.21912 ],[0.40476805 0.4265331  0.437374   0.43781117]
TRANSFORMER,B,4e-07,27,True,False,TDD,vanilla,15,[0.5045469 0.7642789 0.8998797 0.9693231],[0.18016475 0.23471217 0.18965276 0.15743409],[137.10995 209.4278  247.90741 271.77597],[55.494682 78.55362  76.60506  77.111206],[7.2468605 6.2596755 5.731201  5.5135937],[0.69775   1.1620848 1.1586717 1.0239986],[8.149213 8.11694  8.104064 8.116798],[0.38061866 0.3709262  0.37762538 0.39070326]
TRANSFORMER,B,4e-07,33,True,False,TDD,vanilla,15,[0.57306516 0.8093167  0.9271205  0.9839227 ],[0.18286756 0.1916996  0.15350665 0.13212572],[169.91519 253.87279 287.89835 302.8287 ],[ 76.520454 104.9196    88.49614   93.26089 ],[7.1786304 6.2678437 5.7324176 5.36406  ],[0.8348478 1.206136  1.0911834 1.1232507],[8.246286 8.265709 8.252911 8.226303],[0.46850497 0.4546497  0.43810767 0.4547688 ]
TRANSFORMER,B,4e-07,36,True,False,TDD,vanilla,15,[0.6544599  0.88263845 0.96507514 1.0175025 ],[0.21430455 0.20553419 0.12678422 0.11701644],[167.62408 238.33377 277.02307 302.14563],[61.21673 77.78735 84.37661 91.78862],[6.6973944 5.840016  5.3579493 5.0732636],[1.0604336 1.2489164 1.0244385 0.9691355],[8.057566 8.079076 8.129921 8.168676],[0.40291405 0.39826262 0.400419   0.4095985 ]
TRANSFORMER,B,4e-07,42,True,False,TDD,vanilla,15,[0.6873828 0.8823247 0.9713823 1.0049925],[0.23933807 0.2163836  0.12449918 0.10550404],[190.0881  245.97908 277.42242 294.03497],[84.15178 89.48825 90.99856 89.41227],[6.541292  5.908317  5.380428  5.0451884],[1.216871  1.2596989 1.0784379 1.0699425],[8.13121   8.1205845 8.131761  8.168282 ],[0.45830318 0.4678817  0.483578   0.4428105 ]
TRANSFORMER,E,5e-08,3,True,False,TDD,vanilla,15,[0.01136429 0.01365184 0.0175005  0.02384929],[0.00495631 0.00581857 0.00742249 0.01093365],[3.2994492 3.9442167 5.0401173 6.9498296],[1.4946496 1.7242961 2.247776  3.4073257],[8.26868  8.265144 8.259775 8.2525  ],[0.10769105 0.10869251 0.11006194 0.11202142],[8.275206 8.273342 8.271564 8.269935],[0.10735613 0.10797673 0.10877382 0.10978277]
TRANSFORMER,E,5e-08,6,True,False,TDD,vanilla,15,[0.01523754 0.02102808 0.02830614 0.03735837],[0.00703146 0.01000544 0.01350956 0.01803924],[ 4.3539333  6.0251045  8.129602  10.92448  ],[1.9836372 2.8333857 3.8846328 5.452066 ],[8.267421  8.263863  8.2572565 8.248782 ],[0.11384364 0.11594767 0.11857207 0.12057883],[8.276046 8.276882 8.277935 8.278976],[0.11304255 0.11515561 0.11746035 0.1195814 ]
TRANSFORMER,E,5e-08,9,True,False,TDD,vanilla,15,[0.01822796 0.03076558 0.04316127 0.05465981],[0.00947214 0.01870781 0.02823737 0.03559271],[ 5.242539  8.86382  12.445493 15.934902],[ 2.5197575  5.091695   7.896722  10.221346 ],[8.282556 8.274292 8.261726 8.248543],[0.12895907 0.13241923 0.13787939 0.14571908],[8.294175 8.29685  8.298473 8.298301],[0.12703057 0.12796013 0.1290341  0.13212253]
TRANSFORMER,E,5e-08,12,True,False,TDD,vanilla,15,[0.02359001 0.0413438  0.05710889 0.07064146],[0.01180314 0.02260584 0.0325623  0.03897812],[ 6.67884  11.713798 16.172888 20.226347],[ 3.1894841  6.2092586  9.220021  11.693644 ],[8.230186 8.21069  8.187011 8.166437],[0.11016712 0.11427722 0.12451421 0.13723609],[8.245989 8.241977 8.236683 8.23173 ],[0.10888104 0.11287002 0.11957746 0.12670897]
TRANSFORMER,E,5e-08,15,True,False,TDD,vanilla,15,[0.03120411 0.05075064 0.06995917 0.08590713],[0.02011197 0.02925742 0.03881836 0.04306124],[ 8.846559 14.368264 19.928896 24.887781],[ 5.6020036  8.070503  10.77856   12.468526 ],[8.241507 8.220965 8.201154 8.188694],[0.13860857 0.14749895 0.15507646 0.15661636],[8.262611  8.2612095 8.260151  8.261041 ],[0.134938   0.13911162 0.14343648 0.14577532]
TRANSFORMER,E,5e-08,18,True,False,TDD,vanilla,15,[0.04020325 0.06103024 0.08240025 0.09979341],[0.02953953 0.03658582 0.05108677 0.05622177],[11.622753 17.673141 23.868923 29.38753 ],[ 8.372476 10.467344 14.146397 16.534302],[8.253966 8.232224 8.212003 8.19822 ],[0.13973635 0.14830117 0.15718026 0.1617886 ],[8.281872 8.281912 8.279536 8.27891 ],[0.13541304 0.14105989 0.14464791 0.14809407]
TRANSFORMER,E,5e-08,21,True,False,TDD,vanilla,15,[0.04543252 0.06929973 0.086993   0.11109512],[0.03160189 0.04128469 0.04864858 0.06401999],[13.329293 20.143059 25.338146 33.041115],[ 8.926366 11.54898  13.923314 19.764292],[8.274793  8.2428465 8.220652  8.199215 ],[0.14893644 0.15054655 0.16202663 0.1640393 ],[8.307358 8.301057 8.291944 8.288347],[0.14678082 0.14288224 0.14931943 0.1521184 ]
TRANSFORMER,E,5e-08,24,True,False,TDD,vanilla,15,[0.05650809 0.08322351 0.10344097 0.13574456],[0.03713177 0.0456915  0.05469811 0.07247578],[16.560057 24.326195 30.067238 40.152374],[10.669818 13.300986 15.681249 22.068645],[8.243538 8.205289 8.182527 8.160588],[0.13959502 0.15036592 0.1695012  0.18596044],[8.2875   8.278505 8.268627 8.264957],[0.13044441 0.13442534 0.15097408 0.1635157 ]
TRANSFORMER,E,5e-08,27,True,False,TDD,vanilla,15,[0.05331162 0.07594732 0.09871522 0.1394954 ],[0.03047952 0.03497814 0.04406805 0.0726651 ],[15.521165 22.17762  29.07455  42.12562 ],[ 8.909874 10.314882 13.260486 22.91531 ],[8.240361 8.226124 8.215154 8.192144],[0.13156663 0.1488172  0.15051997 0.16801992],[8.279845  8.286421  8.2941885 8.295663 ],[0.1292807  0.14179234 0.1378462  0.14801463]
TRANSFORMER,E,5e-08,33,True,False,TDD,vanilla,15,[0.06778315 0.08990934 0.11255623 0.14366771],[0.04427218 0.04048115 0.04795923 0.06738167],[19.993532 26.426792 33.26207  43.268368],[13.25045  11.724944 14.167754 21.564434],[8.22836  8.210962 8.184096 8.167246],[0.15541486 0.15443292 0.16993919 0.17286326],[8.287059 8.28844  8.283365 8.28227 ],[0.14250231 0.14087306 0.14854088 0.15866248]
TRANSFORMER,E,5e-08,36,True,False,TDD,vanilla,15,[0.07062856 0.10035494 0.12614575 0.16335857],[0.04417042 0.05019189 0.06371599 0.07815163],[20.418215 29.339914 37.145046 49.42193 ],[12.246758 14.315148 18.448126 23.917744],[8.2235775 8.20402   8.18341   8.174558 ],[0.18040682 0.19667298 0.208671   0.20205255],[8.281623 8.287588 8.29217  8.30194 ],[0.16172272 0.17149192 0.17695847 0.17350183]
TRANSFORMER,E,5e-08,42,True,False,TDD,vanilla,15,[0.06792991 0.09770323 0.12280259 0.15347455],[0.03468809 0.04566728 0.04833491 0.06588406],[19.693323 28.549131 36.079166 45.864643],[10.009165 13.050306 15.153237 21.581915],[8.228288  8.19434   8.1723995 8.159932 ],[0.15801218 0.17051189 0.16923867 0.1707624 ],[8.2850485 8.277092  8.275991  8.275187 ],[0.15040702 0.15980265 0.16346735 0.16856034]
TRANSFORMER,E,2e-07,3,True,False,TDD,vanilla,15,[0.0494067  0.05152429 0.05459266 0.05730182],[0.01988409 0.02046942 0.02151915 0.02256054],[14.833757 15.464688 16.3859   17.220736],[5.949093  6.122457  6.444349  6.7830873],[8.248266  8.2467785 8.243709  8.239862 ],[0.04567481 0.0467735  0.04811753 0.04984311],[8.280581 8.280627 8.280685 8.280739],[0.03952417 0.04055549 0.04168776 0.04291363]
TRANSFORMER,E,2e-07,6,True,False,TDD,vanilla,15,[0.04649939 0.05099706 0.0565084  0.06080735],[0.01881209 0.01944913 0.02044138 0.0219175 ],[14.04616  15.404815 17.070543 18.402452],[5.7807355 5.9834385 6.2938333 6.8063807],[8.262124 8.258343 8.251702 8.245308],[0.04578615 0.04909236 0.05295904 0.05669398],[8.293882 8.294105 8.294251 8.294382],[0.04388143 0.04748654 0.05115876 0.05493958]
TRANSFORMER,E,2e-07,9,True,False,TDD,vanilla,15,[0.0522777  0.06116404 0.06556867 0.06779803],[0.02484589 0.02717549 0.02785671 0.02881952],[15.817611 18.495121 19.828812 20.522842],[7.4461765 8.126919  8.302726  8.562896 ],[8.2570305 8.251117  8.245135  8.240619 ],[0.06723545 0.07426752 0.08092135 0.08754399],[8.294298 8.295323 8.296029 8.296503],[0.05927258 0.06526424 0.07138931 0.0777242 ]
TRANSFORMER,E,2e-07,12,True,False,TDD,vanilla,15,[0.05366087 0.06380023 0.06931168 0.07292487],[0.02259415 0.0257809  0.02805387 0.02829795],[16.177048 19.24401  20.924683 22.046875],[6.686646  7.6322227 8.2713995 8.393079 ],[8.254015 8.24637  8.23993  8.23513 ],[0.07323357 0.07901469 0.086417   0.09371328],[8.292668 8.29359  8.29417  8.294293],[0.06883647 0.07497934 0.08134441 0.08748707]
TRANSFORMER,E,2e-07,15,True,False,TDD,vanilla,15,[0.06551792 0.07658559 0.08354784 0.0874829 ],[0.02686878 0.0299175  0.03197604 0.03261928],[19.675745 23.016094 25.144497 26.347475],[ 8.19317   9.12555   9.788557 10.03873 ],[8.23422  8.222325 8.215878 8.211548],[0.07199323 0.0796153  0.08685778 0.09314024],[8.278367 8.277282 8.276983 8.27687 ],[0.06547176 0.07076026 0.07667455 0.08393788]
TRANSFORMER,E,2e-07,18,True,False,TDD,vanilla,15,[0.06860033 0.07625131 0.08145398 0.08882622],[0.0321698  0.03136418 0.03194569 0.03697566],[20.51139  22.819344 24.433098 26.707823],[ 9.752406  9.578041  9.974187 11.574754],[8.226506 8.21704  8.214129 8.210743],[0.08603518 0.09401493 0.09991423 0.10638566],[8.273221 8.273726 8.274927 8.276924],[0.07880083 0.08553306 0.09271663 0.09996621]
TRANSFORMER,E,2e-07,21,True,False,TDD,vanilla,15,[0.06214581 0.07439998 0.0784627  0.0920621 ],[0.02380267 0.02476211 0.02630225 0.04219473],[18.740025 22.437151 23.78034  28.055984],[ 7.4867244  7.726551   8.623184  13.80648  ],[8.244195 8.234163 8.232994 8.224353],[0.09562806 0.10456277 0.11089516 0.1174996 ],[8.2915325 8.292838  8.293352  8.293094 ],[0.090754   0.09886748 0.10661585 0.11423085]
TRANSFORMER,E,2e-07,24,True,False,TDD,vanilla,15,[0.0687122  0.0784794  0.08296442 0.10542757],[0.02699109 0.02643787 0.02497286 0.04802563],[20.638678 23.450562 24.698332 31.456602],[ 8.191514   7.983479   7.5875845 14.924105 ],[8.232231 8.218874 8.212203 8.19602 ],[0.10164405 0.1101822  0.11676449 0.12488628],[8.283634 8.277485 8.2726   8.268844],[0.09705425 0.10391297 0.11168886 0.11914225]
TRANSFORMER,E,2e-07,27,True,False,TDD,vanilla,15,[0.07906534 0.0848166  0.09027503 0.11029913],[0.03483829 0.03179612 0.03167618 0.0488697 ],[23.770262 25.630058 27.349268 33.626522],[10.512067  9.732539  9.781988 15.643045],[8.229428  8.228635  8.2273655 8.220744 ],[0.10330074 0.10887539 0.11765154 0.12613337],[8.285105 8.289516 8.293084 8.295244],[0.09349083 0.10003029 0.10766774 0.1156425 ]
TRANSFORMER,E,2e-07,33,True,False,TDD,vanilla,15,[0.07519326 0.08371407 0.08899603 0.11558358],[0.02876614 0.02662489 0.02894832 0.04986344],[22.834112 25.577969 27.371475 35.82298 ],[ 9.37865   9.016059  9.905514 16.616755],[8.236183 8.241062 8.243368 8.239021],[0.111385   0.11753833 0.12317405 0.12759544],[8.293464 8.300457 8.306935 8.31096 ],[0.11219409 0.11779475 0.12364816 0.12861179]
TRANSFORMER,E,2e-07,36,True,False,TDD,vanilla,15,[0.07685279 0.08225669 0.08777019 0.1127371 ],[0.03153989 0.02694535 0.02934509 0.05707876],[22.657043 24.196331 25.863605 33.445423],[ 9.164544  7.983118  8.906935 17.679605],[8.203984 8.197768 8.194408 8.186519],[0.1075106  0.11976039 0.13503759 0.1498814 ],[8.260142  8.257455  8.2576065 8.260585 ],[0.10467422 0.11562987 0.1296093  0.14268416]
TRANSFORMER,E,2e-07,42,True,False,TDD,vanilla,15,[0.08279027 0.0894928  0.09341689 0.11797582],[0.02791067 0.02496002 0.0261438  0.04902808],[25.007952 26.953928 28.161781 35.57049 ],[ 8.803318  8.044202  8.649954 15.475488],[8.224015 8.216124 8.212156 8.201225],[0.10220957 0.1142451  0.1244081  0.13453925],[8.285831 8.281849 8.278591 8.276519],[0.10005277 0.1097375  0.12256964 0.13150129]
TRANSFORMER,E,4e-07,3,True,False,TDD,vanilla,15,[0.04840919 0.05014379 0.05249754 0.0549929 ],[0.01958474 0.02004279 0.0203272  0.02111889],[14.548551 15.06349  15.767163 16.526579],[5.959835 6.098401 6.194174 6.439024],[8.254124 8.252543 8.249518 8.24574 ],[0.03534567 0.03653987 0.03815541 0.03996027],[8.288958 8.288683 8.288403 8.288103],[0.02915178 0.03073191 0.03247377 0.03435925]
TRANSFORMER,E,4e-07,6,True,False,TDD,vanilla,15,[0.05379006 0.05845659 0.06219749 0.06368571],[0.02267237 0.02339309 0.02406749 0.02378748],[16.14454  17.540478 18.653921 19.11964 ],[6.9500895 7.1785765 7.3871093 7.3373737],[8.245449 8.241488 8.236743 8.232629],[0.04645451 0.04972192 0.0535575  0.05749547],[8.284499 8.284238 8.283938 8.283623],[0.03912412 0.04321399 0.04740645 0.05164114]
TRANSFORMER,E,4e-07,9,True,False,TDD,vanilla,15,[0.05880605 0.06680566 0.06952599 0.06958387],[0.02364745 0.02514763 0.02595196 0.02552984],[17.668068 20.056213 20.881533 20.918085],[7.3694606 7.86259   8.162152  8.103637 ],[8.239458 8.232774 8.22753  8.223996],[0.05589755 0.06152857 0.06725162 0.07346539],[8.280015 8.279101 8.278396 8.278026],[0.05211921 0.05833428 0.06446905 0.07061163]
TRANSFORMER,E,4e-07,12,True,False,TDD,vanilla,15,[0.06167519 0.07035598 0.07365907 0.07721117],[0.02322512 0.02537586 0.02688589 0.03071207],[18.568043 21.18058  22.205677 23.342134],[7.2074075 7.8073525 8.229999  9.377444 ],[8.2419615 8.235907  8.233683  8.230924 ],[0.06919102 0.0763992  0.08247784 0.08814418],[8.285689 8.287141 8.288548 8.289801],[0.06437871 0.07084928 0.07688562 0.08259349]
TRANSFORMER,E,4e-07,15,True,False,TDD,vanilla,15,[0.06187437 0.07094637 0.07437303 0.07979936],[0.02097647 0.02163872 0.02239896 0.027111  ],[18.597057 21.349276 22.414362 24.166468],[6.5503883 6.771186  6.9429636 8.531453 ],[8.243057 8.238016 8.237453 8.236415],[0.0795133  0.08771439 0.09557915 0.1026503 ],[8.2887745 8.291263  8.293829  8.296032 ],[0.07523516 0.0827314  0.09050896 0.09828034]
TRANSFORMER,E,4e-07,18,True,False,TDD,vanilla,15,[0.06759525 0.07245835 0.07709407 0.08431052],[0.02921193 0.02534989 0.02915281 0.0360171 ],[20.194273 21.608242 22.986635 25.181883],[ 8.901334   7.7502317  9.021701  11.189773 ],[8.231824 8.222262 8.217507 8.211277],[0.07598957 0.08276553 0.08804942 0.09474716],[8.27856  8.276337 8.274124 8.272225],[0.06968127 0.07664186 0.08386727 0.09061535]
TRANSFORMER,E,4e-07,21,True,False,TDD,vanilla,15,[0.07438751 0.07988191 0.08141358 0.08990062],[0.02790256 0.02669775 0.0274967  0.03757059],[22.234808 23.90121  24.357054 26.985432],[ 8.403016  8.172274  8.716936 11.975955],[8.22297  8.215911 8.216739 8.210941],[0.09585461 0.10671625 0.11558783 0.12303275],[8.276323 8.276242 8.275361 8.274577],[0.09324117 0.10310405 0.11220797 0.12068655]
TRANSFORMER,E,4e-07,24,True,False,TDD,vanilla,15,[0.07731582 0.08506387 0.08652588 0.10363803],[0.03112372 0.03201415 0.03286422 0.04986389],[23.210205 25.691133 26.293823 31.635548],[ 9.184217  9.530249 10.099277 15.387945],[8.230242 8.229559 8.23531  8.234698],[0.10515858 0.11092194 0.11470516 0.11956909],[8.286703 8.293116 8.298703 8.30418 ],[0.09379451 0.09931409 0.10363215 0.10734855]
TRANSFORMER,E,4e-07,27,True,False,TDD,vanilla,15,[0.07473937 0.08079832 0.08557385 0.10915899],[0.02977429 0.02884165 0.03044046 0.05395246],[22.325867 24.248236 25.785337 33.087284],[ 9.039585  8.866096  9.399011 16.7143  ],[8.22121  8.222976 8.224599 8.221233],[0.09611852 0.09860872 0.10426416 0.11371871],[8.276787 8.280539 8.284522 8.288042],[0.08973098 0.09296615 0.09940283 0.10667281]
TRANSFORMER,E,4e-07,33,True,False,TDD,vanilla,15,[0.07941626 0.08413215 0.08769241 0.10593546],[0.02986481 0.03000212 0.02908434 0.03919453],[23.787962 25.17272  26.28171  31.8087  ],[ 9.408375  9.503432  9.284469 12.123056],[8.218071 8.21505  8.211691 8.205636],[0.11450666 0.1111111  0.10962512 0.10838737],[8.277196 8.275805 8.27659  8.27708 ],[0.10656    0.10650315 0.10475282 0.10291515]
TRANSFORMER,E,4e-07,36,True,False,TDD,vanilla,15,[0.07608477 0.08244663 0.08758847 0.10986688],[0.02676349 0.02609886 0.02860445 0.0468161 ],[22.89814  24.761265 26.200323 32.95399 ],[ 8.312372  8.074311  8.784767 14.796833],[8.231579 8.229404 8.223685 8.212088],[0.12484501 0.13359952 0.13556597 0.13543539],[8.287193 8.285667 8.282404 8.278148],[0.11921627 0.12636288 0.1280906  0.1266932 ]
TRANSFORMER,E,4e-07,42,True,False,TDD,vanilla,15,[0.08292378 0.08538918 0.09163669 0.11316901],[0.02917453 0.02722669 0.03141584 0.04551605],[24.964832 25.60548  27.368984 33.781902],[ 9.106193  8.422723  9.578772 14.050978],[8.223961 8.220703 8.216142 8.204273],[0.10508437 0.11209626 0.12115352 0.13124128],[8.284267 8.282584 8.279294 8.275064],[0.10080136 0.10741471 0.11493789 0.1236635 ]
TRANSFORMER,B,5e-08,3,True,False,TDD,vanilla,20,[0.0171224  0.03758362 0.07237598 0.12698089],[0.00914041 0.02307714 0.04513946 0.077467  ],[ 3.9186027  8.84439   17.754406  33.2493   ],[ 2.4469218  6.614914  13.478183  22.475878 ],[8.295069 8.279793 8.247322 8.202763],[0.28717306 0.29879346 0.31176123 0.32862583],[8.310018 8.311025 8.311322 8.311014],[0.2866387  0.29886192 0.3112389  0.32331753]
TRANSFORMER,B,5e-08,6,True,False,TDD,vanilla,20,[0.04422367 0.11407939 0.21587433 0.33671555],[0.03303581 0.09059193 0.16863975 0.23768717],[ 8.5723295 23.084908  46.607025  75.17611  ],[ 6.3662667 18.87119   38.08367   56.272842 ],[8.163952  8.096042  7.9574676 7.7701087],[0.40052524 0.4423972  0.54247415 0.7015544 ],[8.200852 8.201835 8.201868 8.201473],[0.3916575  0.3997785  0.4085088  0.41598982]
TRANSFORMER,B,5e-08,9,True,False,TDD,vanilla,20,[0.07981365 0.19889873 0.35135797 0.51763296],[0.06169193 0.16297829 0.24880338 0.34472585],[ 16.768608  43.496723  81.27747  120.1655  ],[12.660764 35.36974  63.81174  82.47635 ],[8.183132  8.055525  7.8135624 7.519259 ],[0.45891243 0.54662955 0.7754479  0.9918848 ],[8.251503 8.261046 8.269067 8.268886],[0.43901262 0.44828576 0.46303815 0.48474985]
TRANSFORMER,B,5e-08,12,True,False,TDD,vanilla,20,[0.13440114 0.32126048 0.5236303  0.6563993 ],[0.10806143 0.24781601 0.3605722  0.33707073],[ 26.935    69.1248  114.83985 156.6753 ],[ 22.33744   57.002117  82.89895  101.24277 ],[8.052563  7.7687917 7.3573503 6.9715014],[0.46448272 0.7865395  1.1226805  1.3589313 ],[8.1689005 8.177474  8.178661  8.1839   ],[0.42534238 0.45664805 0.49680933 0.52424616]
TRANSFORMER,B,5e-08,15,True,False,TDD,vanilla,20,[0.20043251 0.42636147 0.6134379  0.7428024 ],[0.14795572 0.2879872  0.3423105  0.35283214],[ 47.07752  106.927155 160.33395  200.74042 ],[ 36.20122   81.904724 109.917786 127.726326],[8.109874  7.6969385 7.145769  6.7397923],[0.6014549 0.9365257 1.360378  1.470357 ],[8.301512 8.301376 8.2951   8.286509],[0.51885885 0.5244441  0.5284308  0.55424315]
TRANSFORMER,B,5e-08,18,True,False,TDD,vanilla,20,[0.30748427 0.6508245  0.86300415 0.9792726 ],[0.1957125  0.39883882 0.4502792  0.40179744],[ 68.65375 152.40111 210.71547 254.77611],[ 50.22329  107.846695 129.02116  148.31401 ],[7.7944427 6.912943  6.2709517 5.8259273],[0.6537165 1.4022748 1.6016794 1.7288889],[8.143848 8.165355 8.190139 8.226463],[0.55700666 0.5532856  0.58807176 0.6425339 ]
TRANSFORMER,B,5e-08,21,True,False,TDD,vanilla,20,[0.35746965 0.6927885  0.8685013  0.94706815],[0.21910164 0.35988    0.3434972  0.26612824],[ 82.58642 168.12495 215.51213 250.0439 ],[ 60.118332 110.41002  114.38846  120.68295 ],[7.6647468 6.676489  6.0211573 5.580462 ],[0.7807538 1.437359  1.6404955 1.6844144],[8.123272 8.136701 8.135805 8.151181],[0.5637357  0.5555875  0.58310056 0.62311316]
TRANSFORMER,B,5e-08,24,True,False,TDD,vanilla,20,[0.3810603  0.66033846 0.8182898  0.9314368 ],[0.28394613 0.3598414  0.31276825 0.2894103 ],[ 92.604324 174.80624  225.66132  263.63388 ],[ 75.28934  122.614426 135.9434   145.56468 ],[7.764306  6.8706965 6.3387628 5.8967333],[0.84738314 1.5491316  1.5563774  1.5442742 ],[8.27013  8.258452 8.255481 8.262504],[0.5118271  0.5137656  0.52345896 0.57083213]
TRANSFORMER,B,5e-08,27,True,False,TDD,vanilla,20,[0.44686386 0.7608431  0.9159014  0.9856387 ],[0.2603049  0.3495169  0.37651563 0.2790825 ],[108.170166 190.89587  231.40575  260.29126 ],[ 88.49314 125.47381 128.33739 133.31635],[7.5323772 6.4689317 5.854841  5.354251 ],[0.8601293 1.5835301 1.6962416 1.7499884],[8.164666 8.149782 8.144776 8.15001 ],[0.5907433  0.6523984  0.6741813  0.66140956]
TRANSFORMER,B,5e-08,33,True,False,TDD,vanilla,20,[0.52694345 0.87706816 0.9761336  1.0701525 ],[0.3313956  0.4148766  0.30039704 0.2886634 ],[133.44304 217.88707 256.6491  282.23987],[101.59821 133.016   137.65442 142.13243],[7.383619  6.4001317 5.8730965 5.264046 ],[1.213615  1.6579345 1.6000099 1.6890836],[8.244222 8.21752  8.208188 8.190938],[0.59182024 0.6487663  0.6651303  0.6921988 ]
TRANSFORMER,B,5e-08,36,True,False,TDD,vanilla,20,[0.67618555 0.9673765  1.0661074  1.0840052 ],[0.35379437 0.4859481  0.31814343 0.22838432],[169.30302 245.88129 278.63806 297.41016],[103.8409  121.70005 114.71369 119.96716],[7.01896   5.8869066 5.266621  4.688121 ],[1.4217715 1.7053099 1.6540148 1.6697533],[8.266979 8.223077 8.203336 8.203679],[0.63908565 0.639546   0.6131122  0.6540083 ]
TRANSFORMER,B,5e-08,42,True,False,TDD,vanilla,20,[0.74343526 0.9540812  1.0131578  1.0676385 ],[0.39095148 0.3084098  0.25916943 0.26321894],[178.90506 248.66188 282.5525  309.10126],[113.81276 131.01811 121.77476 132.3283 ],[6.713687  5.772339  5.2394586 4.8979993],[1.392657  1.5627776 1.5058366 1.5741719],[8.1687   8.187472 8.230034 8.259732],[0.55716753 0.59658355 0.62573683 0.63968205]
TRANSFORMER,B,2e-07,3,True,False,TDD,vanilla,20,[0.16254124 0.18176615 0.21431689 0.25749913],[0.08543828 0.08963612 0.09905525 0.10988876],[35.930946 40.570324 48.767666 61.45705 ],[19.198586 19.804789 22.183228 26.743275],[7.936001  7.9142094 7.872916  7.8250346],[0.4767666  0.48876643 0.5058623  0.52521884],[8.140387 8.142667 8.144901 8.14683 ],[0.40203154 0.40776485 0.4140067  0.42071092]
TRANSFORMER,B,2e-07,6,True,False,TDD,vanilla,20,[0.17962082 0.2292087  0.30348346 0.3879157 ],[0.09432166 0.11040504 0.14110696 0.17434278],[41.38778 53.13197 72.13383 95.9142 ],[21.258005 24.263586 31.369438 40.089947],[7.974175  7.911506  7.7972045 7.6611304],[0.4647365  0.50228333 0.5717543  0.66669714],[8.200198 8.203735 8.207058 8.210534],[0.37354085 0.38056552 0.38964164 0.39972013]
TRANSFORMER,B,2e-07,9,True,False,TDD,vanilla,20,[0.19608912 0.29160115 0.423946   0.559934  ],[0.07777379 0.10412723 0.15524842 0.20168793],[ 46.202084  70.952805 108.020615 149.52174 ],[18.47945  30.765999 53.520355 76.114105],[7.981737  7.8505836 7.6130834 7.3114576],[0.47595012 0.49238005 0.5506428  0.6730262 ],[8.216351 8.215251 8.214624 8.214304],[0.40763524 0.41026488 0.41645426 0.42503932]
TRANSFORMER,B,2e-07,12,True,False,TDD,vanilla,20,[0.24677527 0.39586282 0.5610101  0.69094104],[0.10769986 0.1905936  0.26598734 0.2843282 ],[ 54.6567   89.23744 129.3723  167.92468],[23.461725 43.423676 62.280167 77.09488 ],[7.798274 7.513935 7.101721 6.692156],[0.5819074 0.7896616 1.1259314 1.3572525],[8.120098  8.1142645 8.112743  8.113856 ],[0.43833026 0.45556214 0.4728695  0.49387437]
TRANSFORMER,B,2e-07,15,True,False,TDD,vanilla,20,[0.287831   0.46418735 0.62587184 0.74538195],[0.12301629 0.21231954 0.2359312  0.23000039],[ 68.640564 117.884636 169.8487   211.59639 ],[29.635416 57.252556 79.78908  93.83191 ],[7.830771  7.4499865 6.9875255 6.554853 ],[0.6237131  0.90882486 1.1762674  1.3292584 ],[8.197627 8.204033 8.217084 8.230653],[0.4852605  0.50316983 0.5246719  0.54396856]
TRANSFORMER,B,2e-07,18,True,False,TDD,vanilla,20,[0.3320791 0.5331454 0.7058258 0.8197228],[0.14896391 0.24867062 0.27028894 0.24295878],[ 79.06907 134.70227 188.33742 227.43657],[ 43.70489  81.33377 101.88373 106.03877],[7.7312026 7.2329326 6.695155  6.277808 ],[0.63566893 1.0857053  1.319629   1.3775059 ],[8.1638975 8.175692  8.188434  8.202104 ],[0.48944053 0.50745434 0.51854205 0.52203894]
TRANSFORMER,B,2e-07,21,True,False,TDD,vanilla,20,[0.409947   0.66787744 0.82605886 0.9392173 ],[0.1620814  0.24043705 0.24864984 0.24374534],[102.903984 176.092    218.54898  250.7885  ],[45.834484 80.28953  87.82517  94.948746],[7.5982575 6.7865863 6.229506  5.761727 ],[0.6483689 1.1577073 1.2710422 1.3609103],[8.188612 8.176667 8.144227 8.140654],[0.44568118 0.44044286 0.45722884 0.47989476]
TRANSFORMER,B,2e-07,24,True,False,TDD,vanilla,20,[0.43967447 0.69626945 0.85492253 0.9324899 ],[0.19433409 0.29182178 0.29399332 0.23607133],[108.00116 177.40944 225.21269 263.65692],[ 54.23988   83.55721   92.61489  107.875946],[7.481123 6.600503 6.052215 5.670384],[0.7884068 1.4119036 1.5421298 1.6157414],[8.138821 8.121225 8.131564 8.179232],[0.5049219 0.5401906 0.5545749 0.5767097]
TRANSFORMER,B,2e-07,27,True,False,TDD,vanilla,20,[0.45635295 0.7319886  0.8783833  0.9573394 ],[0.20330383 0.28689408 0.2548124  0.20818236],[121.45566 198.23149 238.72989 264.18054],[ 71.34596  104.80404  100.592636 100.88123 ],[7.474916 6.673996 6.03297  5.653131],[0.89936686 1.3908811  1.4986326  1.5002061 ],[8.195907 8.177614 8.161719 8.149494],[0.58492225 0.59560144 0.5773279  0.56295604]
TRANSFORMER,B,2e-07,33,True,False,TDD,vanilla,20,[0.5606385  0.8176289  0.93331456 1.005686  ],[0.22057667 0.26190594 0.19603175 0.14956637],[139.87715 216.59471 256.47534 281.0416 ],[ 72.303246 101.00038  102.48339  111.180405],[7.0859413 6.2239447 5.5687714 5.1793504],[1.002642  1.4271895 1.4431471 1.3884797],[8.113809 8.133947 8.133893 8.112729],[0.5259433 0.5533906 0.5503319 0.5765364]
TRANSFORMER,B,2e-07,36,True,False,TDD,vanilla,20,[0.5457352  0.81523    0.94059885 1.0151186 ],[0.24131171 0.2866783  0.23958753 0.22814368],[139.94069 212.75986 249.9246  264.71033],[ 73.741234  96.457214 103.290565 100.03861 ],[7.1996703 6.2207966 5.6742377 5.1523266],[1.0441716 1.5494847 1.4693645 1.532363 ],[8.202237 8.165164 8.124358 8.063301],[0.48082298 0.53177947 0.57521355 0.61029977]
TRANSFORMER,B,2e-07,42,True,False,TDD,vanilla,20,[0.66160613 0.8898654  0.97458506 1.0124375 ],[0.27773717 0.24971175 0.16866077 0.13675456],[164.59787 239.53056 270.20276 278.0334 ],[ 81.59009  102.51755  117.551575 114.97221 ],[6.6942263 5.806445  5.199173  4.9531965],[1.434073  1.5310103 1.3553827 1.2176989],[8.116588  8.1407385 8.108494  8.074529 ],[0.5461968  0.52060753 0.52204317 0.5106326 ]
TRANSFORMER,B,4e-07,3,True,False,TDD,vanilla,20,[0.18751323 0.20271692 0.23057844 0.27092057],[0.07929046 0.08109462 0.0852633  0.09205991],[48.21919  52.85397  61.494003 74.78442 ],[17.703964 18.02707  20.481386 25.19088 ],[7.9436283 7.924039  7.8882384 7.8480663],[0.42143306 0.4317924  0.4437064  0.45496693],[8.20847  8.210395 8.212237 8.213969],[0.33442357 0.33968475 0.345037   0.3505006 ]
TRANSFORMER,B,4e-07,6,True,False,TDD,vanilla,20,[0.20370606 0.24659196 0.31711695 0.40164366],[0.0680069  0.07535326 0.09843593 0.1238012 ],[ 51.4423    63.670433  84.25482  110.05047 ],[17.229609 20.196388 29.215788 40.775116],[7.909891  7.846146  7.730846  7.6011224],[0.37847567 0.39584437 0.43136176 0.48197064],[8.184885 8.185724 8.186444 8.187491],[0.32194275 0.32802504 0.33519444 0.3429576 ]
TRANSFORMER,B,4e-07,9,True,False,TDD,vanilla,20,[0.21992403 0.30612487 0.41857034 0.53151023],[0.08707208 0.11457177 0.15642576 0.18818569],[ 57.105724  80.68472  112.75676  146.8044  ],[23.885925 33.13512  49.98535  66.63157 ],[7.889101  7.7636085 7.5559235 7.305389 ],[0.414096   0.43354404 0.5133821  0.6473959 ],[8.193824  8.191843  8.1865635 8.178488 ],[0.33316842 0.33920404 0.35002944 0.36503997]
TRANSFORMER,B,4e-07,12,True,False,TDD,vanilla,20,[0.26537776 0.39023784 0.531665   0.6653463 ],[0.08249325 0.12337879 0.17018971 0.20152396],[ 68.51898  103.798035 145.69557  187.47986 ],[23.31002  37.100643 53.625763 68.29376 ],[7.781339  7.567163  7.2246156 6.840314 ],[0.40365764 0.48463386 0.6832153  0.91503453],[8.155842 8.160818 8.163987 8.167347],[0.32843772 0.33568704 0.35014972 0.36756453]
TRANSFORMER,B,4e-07,15,True,False,TDD,vanilla,20,[0.33181652 0.5160072  0.6784516  0.81328166],[0.12123671 0.19958788 0.23722108 0.24877599],[ 87.2777  137.99234 186.5672  226.60619],[35.524857 58.183315 74.82649  88.024124],[7.6686263 7.2636986 6.743869  6.3726106],[0.54614294 0.82434815 1.0752937  1.1984475 ],[8.153601 8.155079 8.152279 8.149134],[0.41019136 0.43171164 0.44939855 0.4603841 ]
TRANSFORMER,B,4e-07,18,True,False,TDD,vanilla,20,[0.3737403  0.5832181  0.72962916 0.84588534],[0.1416437  0.21208745 0.21215528 0.19580346],[ 95.993256 155.91626  202.58252  239.52534 ],[44.08108  72.66429  82.88876  88.714386],[7.55522   6.9645214 6.4060826 6.028226 ],[0.6086033  0.92939824 1.1370114  1.1396126 ],[8.1320305 8.137831  8.141356  8.146607 ],[0.4299151  0.43325627 0.43164545 0.42852744]
TRANSFORMER,B,4e-07,21,True,False,TDD,vanilla,20,[0.4026333  0.612509   0.774956   0.89522743],[0.15924188 0.20949647 0.20091534 0.18029408],[110.857216 174.61937  225.47424  257.2499  ],[ 57.612236  89.53337  108.844444 115.6863  ],[7.5279374 6.894434  6.2985315 5.8407097],[0.5775197  0.90574217 1.0279242  1.0904096 ],[8.166336 8.156872 8.151517 8.130608],[0.39600894 0.41945392 0.43816084 0.4560646 ]
TRANSFORMER,B,4e-07,24,True,False,TDD,vanilla,20,[0.45809978 0.6968998  0.84092027 0.9372684 ],[0.1789621  0.2395361  0.22017922 0.2043631 ],[127.50655 202.64427 249.97852 284.35934],[ 57.6033    91.073135  96.77408  104.1605  ],[7.447433  6.6174927 6.068246  5.781963 ],[0.66719115 1.1885587  1.2497005  1.1576704 ],[8.199759 8.205041 8.207555 8.21912 ],[0.40476805 0.4265331  0.437374   0.43781117]
TRANSFORMER,B,4e-07,27,True,False,TDD,vanilla,20,[0.5041249  0.7632877  0.89880896 0.96908915],[0.17993519 0.23375846 0.18975918 0.15772729],[137.00453 209.22525 247.71086 271.71692],[55.463528 78.51446  76.75159  77.20064 ],[7.2485228 6.262096  5.7323856 5.5176406],[0.6968835 1.1633298 1.1560525 1.020975 ],[8.149213 8.11694  8.104064 8.116798],[0.38061866 0.3709262  0.37762538 0.39070326]
TRANSFORMER,B,4e-07,33,True,False,TDD,vanilla,20,[0.5727263  0.8093239  0.92691576 0.98373723],[0.18336587 0.19218679 0.15374461 0.13232855],[169.83372 253.91463 287.84402 302.75543],[ 76.62608 105.14119  88.47426  93.12967],[7.1814938 6.2690277 5.733259  5.3687687],[0.83480024 1.2070206  1.0944341  1.1248298 ],[8.246286 8.265709 8.252911 8.226303],[0.46850497 0.4546497  0.43810767 0.4547688 ]
TRANSFORMER,B,4e-07,36,True,False,TDD,vanilla,20,[0.65375197 0.88176817 0.9644659  1.0172337 ],[0.21440206 0.20536134 0.12643805 0.11773305],[167.46623 238.1623  276.89233 302.0827 ],[61.33662  77.86715  84.34185  91.782646],[6.703722  5.8444853 5.361369  5.075145 ],[1.0494282 1.2483363 1.0217035 0.9722544],[8.057566 8.079076 8.129921 8.168676],[0.40291405 0.39826262 0.400419   0.4095985 ]
TRANSFORMER,B,4e-07,42,True,False,TDD,vanilla,20,[0.6868254  0.88212293 0.9709021  1.0046989 ],[0.23976053 0.21699847 0.12505932 0.1056997 ],[189.88246 245.88025 277.38956 294.03485],[84.07404 89.60326 91.18736 89.3799 ],[6.5459156 5.910882  5.381248  5.0430512],[1.216008  1.2578187 1.0712417 1.0763652],[8.13121   8.1205845 8.131761  8.168282 ],[0.45830318 0.4678817  0.483578   0.4428105 ]
TRANSFORMER,E,5e-08,3,True,False,TDD,vanilla,20,[0.0111334  0.01340372 0.01718916 0.02353955],[0.00489497 0.00576054 0.00734341 0.01091964],[3.2326777 3.8717575 4.950333  6.8585486],[1.4743179 1.7074249 2.224938  3.4124432],[8.269027 8.26557  8.260262 8.252989],[0.10770031 0.10866912 0.11000013 0.11194167],[8.275206 8.273342 8.271564 8.269935],[0.10735613 0.10797673 0.10877382 0.10978277]
TRANSFORMER,E,5e-08,6,True,False,TDD,vanilla,20,[0.01494116 0.02066552 0.02794504 0.03705065],[0.00698836 0.0099499  0.01351515 0.01806176],[ 4.269552   5.9215355  8.024593  10.828043 ],[1.9690613 2.8109417 3.878797  5.44504  ],[8.267812 8.264323 8.257772 8.249217],[0.11382595 0.11593843 0.11850688 0.12053984],[8.276046 8.276882 8.277935 8.278976],[0.11304255 0.11515561 0.11746035 0.1195814 ]
TRANSFORMER,E,5e-08,9,True,False,TDD,vanilla,20,[0.01795416 0.03036096 0.04267924 0.05416337],[0.00937111 0.01848254 0.02798798 0.03542767],[ 5.165732  8.748486 12.30464  15.786508],[ 2.5004318  5.040449   7.8414154 10.189778 ],[8.282958 8.274891 8.262428 8.249277],[0.1288813  0.13223058 0.13769399 0.14557071],[8.294175 8.29685  8.298473 8.298301],[0.12703057 0.12796013 0.1290341  0.13212253]
TRANSFORMER,E,5e-08,12,True,False,TDD,vanilla,20,[0.02332367 0.04098018 0.05661731 0.07002502],[0.0118179  0.02248263 0.03231786 0.03882799],[ 6.6023145 11.608172  16.02731   20.04441  ],[ 3.1965468  6.1903515  9.1593485 11.653356 ],[8.230607 8.211299 8.187802 8.16731 ],[0.11014036 0.11422703 0.12450548 0.13715643],[8.245989 8.241977 8.236683 8.23173 ],[0.10888104 0.11287002 0.11957746 0.12670897]
TRANSFORMER,E,5e-08,15,True,False,TDD,vanilla,20,[0.03092083 0.05043987 0.06942888 0.08516105],[0.02012362 0.02939081 0.03868923 0.04274661],[ 8.767483 14.278743 19.781975 24.682306],[ 5.5998616  8.098086  10.747932  12.398921 ],[8.241956  8.2215185 8.201914  8.189613 ],[0.13856879 0.1474489  0.15493591 0.15640268],[8.262611  8.2612095 8.260151  8.261041 ],[0.134938   0.13911162 0.14343648 0.14577532]
TRANSFORMER,E,5e-08,18,True,False,TDD,vanilla,20,[0.04004731 0.06075696 0.08217087 0.09946582],[0.02963824 0.03659204 0.05109204 0.05629754],[11.579525 17.588915 23.780056 29.247873],[ 8.390908  10.446239  14.0816145 16.463314 ],[8.254248 8.232727 8.212573 8.199021],[0.13991769 0.14837258 0.15712094 0.16216457],[8.281872 8.281912 8.279536 8.27891 ],[0.13541304 0.14105989 0.14464791 0.14809407]
TRANSFORMER,E,5e-08,21,True,False,TDD,vanilla,20,[0.04514249 0.06894918 0.08631858 0.11034223],[0.0315543  0.04108848 0.048342   0.06373693],[13.245829 20.05126  25.147057 32.803955],[ 8.902477 11.506771 13.810858 19.630133],[8.275291 8.243522 8.221757 8.200543],[0.14893176 0.1504079  0.16162725 0.16384342],[8.307358 8.301057 8.291944 8.288347],[0.14678082 0.14288224 0.14931943 0.1521184 ]
TRANSFORMER,E,5e-08,24,True,False,TDD,vanilla,20,[0.05623338 0.08269871 0.10284725 0.1348371 ],[0.03716274 0.04546406 0.05447041 0.07197027],[16.47893  24.161646 29.898235 39.89762 ],[10.672299 13.225312 15.624322 21.916428],[8.24387  8.205952 8.183154 8.161511],[0.13946028 0.15027644 0.16940133 0.18580177],[8.2875   8.278505 8.268627 8.264957],[0.13044441 0.13442534 0.15097408 0.1635157 ]
TRANSFORMER,E,5e-08,27,True,False,TDD,vanilla,20,[0.05301319 0.07559928 0.09829021 0.13896161],[0.03051542 0.03500958 0.04426972 0.07273705],[15.431417 22.061592 28.937712 41.95723 ],[ 8.90797  10.303139 13.283279 22.912003],[8.240824 8.226392 8.215472 8.19241 ],[0.13161074 0.14912705 0.15097319 0.16864894],[8.279845  8.286421  8.2941885 8.295663 ],[0.1292807  0.14179234 0.1378462  0.14801463]
TRANSFORMER,E,5e-08,33,True,False,TDD,vanilla,20,[0.0676315  0.08951358 0.11193261 0.14282486],[0.044447   0.04057904 0.04775878 0.06749789],[19.939716 26.312832 33.07527  43.02728 ],[13.279639 11.74971  14.112358 21.622442],[8.228773 8.211533 8.18504  8.167753],[0.15543629 0.15439981 0.16954103 0.17304432],[8.287059 8.28844  8.283365 8.28227 ],[0.14250231 0.14087306 0.14854088 0.15866248]
TRANSFORMER,E,5e-08,36,True,False,TDD,vanilla,20,[0.0703707  0.09970395 0.12498684 0.16225477],[0.04404444 0.0499091  0.06326968 0.07823259],[20.346424 29.147879 36.8178   49.092632],[12.237259  14.2114935 18.30338   23.90161  ],[8.2240505 8.205116  8.185151  8.176168 ],[0.1801274  0.1963431  0.20820282 0.20248069],[8.281623 8.287588 8.29217  8.30194 ],[0.16172272 0.17149192 0.17695847 0.17350183]
TRANSFORMER,E,5e-08,42,True,False,TDD,vanilla,20,[0.06749201 0.09728152 0.12253901 0.15291427],[0.03432542 0.04548884 0.04804019 0.06552348],[19.563602 28.41572  35.982327 45.67965 ],[ 9.911592 12.978046 15.04473  21.474907],[8.228958 8.195015 8.173186 8.160818],[0.15789828 0.17047186 0.16890281 0.17099151],[8.2850485 8.277092  8.275991  8.275187 ],[0.15040702 0.15980265 0.16346735 0.16856034]
TRANSFORMER,E,2e-07,3,True,False,TDD,vanilla,20,[0.04920081 0.05125889 0.05426651 0.05693619],[0.0198968  0.02048865 0.02156816 0.02256299],[14.772435 15.386017 16.289682 17.111858],[5.953528  6.128787  6.460263  6.7825522],[8.248585 8.247198 8.244195 8.240406],[0.04568275 0.04678639 0.04818542 0.04985382],[8.280581 8.280627 8.280685 8.280739],[0.03952417 0.04055549 0.04168776 0.04291363]
TRANSFORMER,E,2e-07,6,True,False,TDD,vanilla,20,[0.04626746 0.05077147 0.05622043 0.06043971],[0.01878685 0.01942614 0.02041971 0.02187322],[13.977334  15.3371935 16.985815  18.293333 ],[5.771089  5.973225  6.2862606 6.7941794],[8.262505 8.258797 8.252244 8.24589 ],[0.04574713 0.04899447 0.05291975 0.05666794],[8.293882 8.294105 8.294251 8.294382],[0.04388143 0.04748654 0.05115876 0.05493958]
TRANSFORMER,E,2e-07,9,True,False,TDD,vanilla,20,[0.05205234 0.06088128 0.06521294 0.06733448],[0.02489842 0.02720167 0.02785396 0.02884707],[15.750602 18.410896 19.723417 20.385178],[7.462599 8.136824 8.30565  8.577671],[8.2574215 8.251582  8.245731  8.241327 ],[0.06719412 0.07419905 0.08076578 0.08733346],[8.294298 8.295323 8.296029 8.296503],[0.05927258 0.06526424 0.07138931 0.0777242 ]
TRANSFORMER,E,2e-07,12,True,False,TDD,vanilla,20,[0.05349855 0.06366889 0.06910864 0.07253893],[0.02264565 0.02586349 0.02815301 0.02836612],[16.127129 19.202965 20.863195 21.927439],[6.70362   7.6604457 8.30445   8.4081335],[8.2543745 8.246795  8.240482  8.235754 ],[0.0731598  0.0789462  0.08630468 0.09368743],[8.292668 8.29359  8.29417  8.294293],[0.06883647 0.07497934 0.08134441 0.08748707]
TRANSFORMER,E,2e-07,15,True,False,TDD,vanilla,20,[0.06531093 0.07634219 0.083278   0.08709505],[0.02686953 0.02981448 0.03183092 0.03250429],[19.614355 22.94287  25.062685 26.2289  ],[8.192862 9.093177 9.744648 9.994072],[8.234573 8.222791 8.216552 8.212263],[0.07194544 0.07953542 0.0867486  0.09317283],[8.278367 8.277282 8.276983 8.27687 ],[0.06547176 0.07076026 0.07667455 0.08393788]
TRANSFORMER,E,2e-07,18,True,False,TDD,vanilla,20,[0.06847805 0.07604852 0.08115628 0.08830487],[0.03230779 0.0314396  0.03193469 0.03683425],[20.475807 22.761547 24.349194 26.554058],[ 9.790711   9.6022835  9.976105  11.526992 ],[8.226897 8.217519 8.21484  8.211588],[0.08604287 0.09399731 0.09986702 0.10632656],[8.273221 8.273726 8.274927 8.276924],[0.07880083 0.08553306 0.09271663 0.09996621]
TRANSFORMER,E,2e-07,21,True,False,TDD,vanilla,20,[0.06182203 0.07411522 0.07791881 0.09124906],[0.02378478 0.02477321 0.02626131 0.04181397],[18.643656 22.350552 23.614546 27.807922],[ 7.482565  7.725931  8.600049 13.68744 ],[8.244643 8.234738 8.233801 8.225429],[0.095635   0.10456426 0.11084224 0.1173121 ],[8.2915325 8.292838  8.293352  8.293094 ],[0.090754   0.09886748 0.10661585 0.11423085]
TRANSFORMER,E,2e-07,24,True,False,TDD,vanilla,20,[0.06840131 0.07806834 0.08240328 0.10456882],[0.02700313 0.02630372 0.02468834 0.0478052 ],[20.547861 23.332983 24.535084 31.203619],[ 8.197485   7.9510293  7.5032797 14.852255 ],[8.232738  8.2195015 8.213153  8.197295 ],[0.10154198 0.11009561 0.11671459 0.12501115],[8.283634 8.277485 8.2726   8.268844],[0.09705425 0.10391297 0.11168886 0.11914225]
TRANSFORMER,E,2e-07,27,True,False,TDD,vanilla,20,[0.0787873  0.08441929 0.08952495 0.1092715 ],[0.03474772 0.03169851 0.03150007 0.04850993],[23.687246 25.514666 27.129036 33.31969 ],[10.486324  9.715294  9.754237 15.539676],[8.229901  8.229217  8.228355  8.2221155],[0.10317043 0.10866269 0.11740079 0.12581988],[8.285105 8.289516 8.293084 8.295244],[0.09349083 0.10003029 0.10766774 0.1156425 ]
TRANSFORMER,E,2e-07,33,True,False,TDD,vanilla,20,[0.07492386 0.08323804 0.08835906 0.11457324],[0.02883209 0.02666271 0.02897527 0.04978149],[22.754673 25.438366 27.180696 35.511646],[ 9.396415  9.022504  9.896803 16.569874],[8.236573 8.241634 8.24416  8.240341],[0.11126801 0.11739213 0.12327696 0.1278212 ],[8.293464 8.300457 8.306935 8.31096 ],[0.11219409 0.11779475 0.12364816 0.12861179]
TRANSFORMER,E,2e-07,36,True,False,TDD,vanilla,20,[0.07664675 0.08183938 0.087157   0.11195789],[0.03157364 0.02675757 0.02921683 0.05699675],[22.600971 24.076628 25.684473 33.21553 ],[ 9.194737  7.942424  8.875415 17.643116],[8.204385 8.198384 8.195396 8.187617],[0.10739245 0.11944067 0.13487418 0.1498575 ],[8.260142  8.257455  8.2576065 8.260585 ],[0.10467422 0.11562987 0.1296093  0.14268416]
TRANSFORMER,E,2e-07,42,True,False,TDD,vanilla,20,[0.08267358 0.08911834 0.09298835 0.11733733],[0.02803498 0.02496844 0.02610916 0.04910952],[24.973394 26.845257 28.033842 35.374252],[ 8.833557   8.050658   8.6175165 15.470464 ],[8.224451 8.216781 8.212904 8.202253],[0.10211392 0.11412182 0.12422551 0.13437063],[8.285831 8.281849 8.278591 8.276519],[0.10005277 0.1097375  0.12256964 0.13150129]
TRANSFORMER,E,4e-07,3,True,False,TDD,vanilla,20,[0.04820901 0.04991046 0.05222316 0.05468019],[0.01958975 0.02002102 0.02029559 0.02112357],[14.488961 14.994655 15.686062 16.433054],[5.9610467 6.092094  6.185643  6.440103 ],[8.254463 8.252951 8.249997 8.246223],[0.035332   0.03652009 0.03809932 0.03991931],[8.288958 8.288683 8.288403 8.288103],[0.02915178 0.03073191 0.03247377 0.03435925]
TRANSFORMER,E,4e-07,6,True,False,TDD,vanilla,20,[0.05354782 0.05817752 0.06189291 0.06332114],[0.02262554 0.02331705 0.02400828 0.02370674],[16.073706 17.459057 18.565228 19.009577],[6.935667  7.1552615 7.3695564 7.311272 ],[8.245823 8.241984 8.237369 8.233251],[0.04641886 0.04967198 0.05351958 0.05745462],[8.284499 8.284238 8.283938 8.283623],[0.03912412 0.04321399 0.04740645 0.05164114]
TRANSFORMER,E,4e-07,9,True,False,TDD,vanilla,20,[0.05861019 0.0666471  0.06923415 0.06916614],[0.02365    0.02520121 0.0259392  0.02545619],[17.610249 20.009485 20.794268 20.793901],[7.3689036 7.8752494 8.153869  8.079279 ],[8.239816 8.233232 8.22817  8.224703],[0.05587475 0.06148593 0.06720124 0.07333387],[8.280015 8.279101 8.278396 8.278026],[0.05211921 0.05833428 0.06446905 0.07061163]
TRANSFORMER,E,4e-07,12,True,False,TDD,vanilla,20,[0.06148711 0.07009788 0.07320778 0.07652623],[0.02329575 0.02541298 0.02685972 0.0305815 ],[18.51178  21.103664 22.071373 23.135918],[7.228169  7.8205194 8.226413  9.339132 ],[8.242372 8.236481 8.234496 8.2319  ],[0.06919    0.07631449 0.08247437 0.08813347],[8.285689 8.287141 8.288548 8.289801],[0.06437871 0.07084928 0.07688562 0.08259349]
TRANSFORMER,E,4e-07,15,True,False,TDD,vanilla,20,[0.06167503 0.07065275 0.07397731 0.07925196],[0.02105906 0.02168744 0.02246846 0.02711177],[18.538006 21.262262 22.295961 24.0003  ],[6.5735354 6.787625  6.968023  8.537965 ],[8.243416 8.238535 8.238114 8.237214],[0.07948226 0.0876184  0.0954731  0.102507  ],[8.2887745 8.291263  8.293829  8.296032 ],[0.07523516 0.0827314  0.09050896 0.09828034]
TRANSFORMER,E,4e-07,18,True,False,TDD,vanilla,20,[0.06743684 0.07214464 0.07652357 0.08347525],[0.02924206 0.02521883 0.02904755 0.03583193],[20.146576 21.514126 22.81842  24.935541],[ 8.90826   7.712614  9.000004 11.138332],[8.232181 8.222806 8.218415 8.21241 ],[0.07595471 0.08269139 0.08785646 0.09471215],[8.27856  8.276337 8.274124 8.272225],[0.06968127 0.07664186 0.08386727 0.09061535]
TRANSFORMER,E,4e-07,21,True,False,TDD,vanilla,20,[0.07407278 0.07945418 0.08088742 0.08918927],[0.02782078 0.02661507 0.02761377 0.03741413],[22.141176 23.775314 24.201    26.775854],[ 8.380973  8.152614  8.75406  11.931237],[8.223419 8.216582 8.217569 8.21195 ],[0.09583274 0.10656887 0.115246   0.12276829],[8.276323 8.276242 8.275361 8.274577],[0.09324117 0.10310405 0.11220797 0.12068655]
TRANSFORMER,E,4e-07,24,True,False,TDD,vanilla,20,[0.07710158 0.08474854 0.08611103 0.10312152],[0.03118772 0.03202133 0.03278296 0.04971447],[23.146643 25.594337 26.167112 31.472044],[ 9.2061205  9.532358  10.080445  15.337464 ],[8.230659 8.230088 8.235993 8.235527],[0.10520961 0.11097658 0.11468517 0.11969618],[8.286703 8.293116 8.298703 8.30418 ],[0.09379451 0.09931409 0.10363215 0.10734855]
TRANSFORMER,E,4e-07,27,True,False,TDD,vanilla,20,[0.07446288 0.08050217 0.08499633 0.10814892],[0.02978036 0.02879173 0.03024298 0.05343867],[22.24337  24.157713 25.607866 32.779194],[ 9.036879  8.844918  9.342009 16.566196],[8.221695 8.223593 8.225497 8.222463],[0.0960068  0.0985449  0.10425793 0.11356253],[8.276787 8.280539 8.284522 8.288042],[0.08973098 0.09296615 0.09940283 0.10667281]
TRANSFORMER,E,4e-07,33,True,False,TDD,vanilla,20,[0.07919545 0.08386412 0.08720402 0.10505643],[0.02976045 0.03004717 0.02894673 0.03884997],[23.724068 25.093979 26.13799  31.545538],[ 9.38164   9.525052  9.247168 12.008572],[8.2185545 8.21564   8.212611  8.20668  ],[0.1143653  0.11093073 0.10936135 0.10815427],[8.277196 8.275805 8.27659  8.27708 ],[0.10656    0.10650315 0.10475282 0.10291515]
TRANSFORMER,E,4e-07,36,True,False,TDD,vanilla,20,[0.07595549 0.08219136 0.08710896 0.10896173],[0.0268382  0.0261372  0.02840278 0.04634037],[22.858967 24.681126 26.055204 32.682056],[ 8.331069  8.068493  8.717322 14.655462],[8.231991 8.229868 8.224334 8.212942],[0.12480771 0.13356605 0.13544053 0.13540554],[8.287193 8.285667 8.282404 8.278148],[0.11921627 0.12636288 0.1280906  0.1266932 ]
TRANSFORMER,E,4e-07,42,True,False,TDD,vanilla,20,[0.08270726 0.08508086 0.09104917 0.11237816],[0.02913666 0.02727529 0.03134902 0.0453646 ],[24.897516 25.512213 27.19386  33.54823 ],[ 9.088604  8.430147  9.576286 14.013512],[8.224377 8.221352 8.217058 8.205362],[0.10509321 0.11210854 0.12111904 0.13119853],[8.284267 8.282584 8.279294 8.275064],[0.10080136 0.10741471 0.11493789 0.1236635 ]
TRANSFORMER,B,5e-08,3,True,False,TDD,vanilla,25,[0.01689806 0.0373067  0.07181019 0.1262508 ],[0.00901912 0.02298847 0.04424781 0.07593881],[ 3.8849528  8.799008  17.697725  33.16791  ],[ 2.4311776  6.6090355 13.447701  22.463654 ],[8.295199 8.279938 8.247442 8.202924],[0.28715834 0.2987916  0.31182954 0.32880113],[8.310018 8.311025 8.311322 8.311014],[0.2866387  0.29886192 0.3112389  0.32331753]
TRANSFORMER,B,5e-08,6,True,False,TDD,vanilla,25,[0.04391031 0.11381215 0.21523175 0.33612117],[0.03309819 0.09094895 0.16844052 0.2379037 ],[ 8.529987 23.024595 46.50119  75.03755 ],[ 6.382095 18.873583 38.055473 56.21544 ],[8.164167  8.096324  7.9580007 7.770964 ],[0.40052086 0.4423807  0.54219294 0.70068604],[8.200852 8.201835 8.201868 8.201473],[0.3916575  0.3997785  0.4085088  0.41598982]
TRANSFORMER,B,5e-08,9,True,False,TDD,vanilla,25,[0.07937147 0.19848485 0.35054287 0.5169177 ],[0.06177561 0.16329874 0.24825126 0.345033  ],[ 16.693066  43.43342   81.23142  120.154854],[12.63775  35.394714 63.88997  82.62651 ],[8.18351   8.055867  7.813969  7.5196157],[0.45879465 0.54706043 0.77651703 0.99235266],[8.251503 8.261046 8.269067 8.268886],[0.43901262 0.44828576 0.46303815 0.48474985]
TRANSFORMER,B,5e-08,12,True,False,TDD,vanilla,25,[0.1342706  0.32089797 0.5232734  0.6567353 ],[0.10839965 0.24758998 0.3607355  0.33837512],[ 26.893877  69.05561  114.76661  156.6205  ],[ 22.312222  57.045704  82.93768  101.275894],[8.052565  7.7683954 7.358865  6.970086 ],[0.46466613 0.78986734 1.1181084  1.3612591 ],[8.1689005 8.177474  8.178661  8.1839   ],[0.42534238 0.45664805 0.49680933 0.52424616]
TRANSFORMER,B,5e-08,15,True,False,TDD,vanilla,25,[0.19986351 0.42613047 0.6127048  0.7419539 ],[0.14704561 0.2881999  0.3419329  0.35250273],[ 47.02772 106.87273 160.25302 200.64098],[ 36.23113  81.90963 109.93965 127.74459],[8.110227  7.6974425 7.1471376 6.7396216],[0.60125244 0.93625265 1.3578795  1.4718326 ],[8.301512 8.301376 8.2951   8.286509],[0.51885885 0.5244441  0.5284308  0.55424315]
TRANSFORMER,B,5e-08,18,True,False,TDD,vanilla,25,[0.3075309  0.65021294 0.8625466  0.97962916],[0.19602595 0.39780107 0.44881263 0.40162948],[ 68.684616 152.382    210.70851  254.75438 ],[ 50.25949 107.87341 129.11896 148.33516],[7.7940965 6.9128723 6.272086  5.8268948],[0.6539268 1.402823  1.6019412 1.7290918],[8.143848 8.165355 8.190139 8.226463],[0.55700666 0.5532856  0.58807176 0.6425339 ]
TRANSFORMER,B,5e-08,21,True,False,TDD,vanilla,25,[0.35732582 0.6930303  0.86825347 0.9463082 ],[0.21882069 0.3603626  0.34377488 0.2659184 ],[ 82.53837 168.07674 215.44287 249.99591],[ 60.14163 110.36989 114.28823 120.72138],[7.665342  6.6769385 6.021107  5.582286 ],[0.7782922 1.4382651 1.6410818 1.6838367],[8.123272 8.136701 8.135805 8.151181],[0.5637357  0.5555875  0.58310056 0.62311316]
TRANSFORMER,B,5e-08,24,True,False,TDD,vanilla,25,[0.38120103 0.6606487  0.81821877 0.9308913 ],[0.28356934 0.36012742 0.3129332  0.28834772],[ 92.6542  174.87285 225.72963 263.72833],[ 75.35762 122.64576 135.93504 145.55956],[7.7641087 6.8702765 6.3363094 5.9001374],[0.8471928 1.5480775 1.558574  1.5325564],[8.27013  8.258452 8.255481 8.262504],[0.5118271  0.5137656  0.52345896 0.57083213]
TRANSFORMER,B,5e-08,27,True,False,TDD,vanilla,25,[0.4466306  0.76046634 0.9155518  0.9851369 ],[0.2597962  0.34930077 0.37650883 0.27844664],[108.176765 190.9048   231.34857  260.29657 ],[ 88.581276 125.523705 128.22676  133.32808 ],[7.532721  6.470752  5.8569183 5.352873 ],[0.8604152 1.5814109 1.6944234 1.7515842],[8.164666 8.149782 8.144776 8.15001 ],[0.5907433  0.6523984  0.6741813  0.66140956]
TRANSFORMER,B,5e-08,33,True,False,TDD,vanilla,25,[0.5270391  0.87662244 0.97533417 1.0693285 ],[0.3320373  0.41498828 0.29946804 0.28815314],[133.39508 217.8171  256.57187 282.17477],[101.579155 132.94148  137.65276  142.12297 ],[7.383273  6.3991613 5.878817  5.2595897],[1.2173337 1.6593874 1.5927575 1.6915281],[8.244222 8.21752  8.208188 8.190938],[0.59182024 0.6487663  0.6651303  0.6921988 ]
TRANSFORMER,B,5e-08,36,True,False,TDD,vanilla,25,[0.67646897 0.96781945 1.0664954  1.0837883 ],[0.3541802  0.49273354 0.31928903 0.22896539],[169.41783 245.93358 278.67294 297.3263 ],[103.85157 121.68955 114.822   119.91975],[7.0174894 5.8875446 5.2696667 4.695454 ],[1.4212509 1.7065763 1.6544064 1.6621208],[8.266979 8.223077 8.203336 8.203679],[0.63908565 0.639546   0.6131122  0.6540083 ]
TRANSFORMER,B,5e-08,42,True,False,TDD,vanilla,25,[0.74375117 0.9545904  1.0136205  1.0681969 ],[0.3902384  0.30870065 0.25874153 0.26332924],[178.82835 248.6891  282.587   309.1274 ],[113.76292 130.93094 121.71298 132.2656 ],[6.7150745 5.7693415 5.2381535 4.8997793],[1.3914176 1.5659221 1.505757  1.564774 ],[8.1687   8.187472 8.230034 8.259732],[0.55716753 0.59658355 0.62573683 0.63968205]
TRANSFORMER,B,2e-07,3,True,False,TDD,vanilla,25,[0.16240609 0.18159811 0.21405464 0.25722742],[0.08543859 0.08961705 0.09904353 0.10994081],[35.902714 40.54092  48.72953  61.41859 ],[19.193335 19.795    22.174671 26.746021],[7.9362116 7.914457  7.8732305 7.825328 ],[0.47673902 0.4887415  0.505938   0.5253384 ],[8.140387 8.142667 8.144901 8.14683 ],[0.40203154 0.40776485 0.4140067  0.42071092]
TRANSFORMER,B,2e-07,6,True,False,TDD,vanilla,25,[0.17947    0.22904241 0.30331632 0.38782325],[0.09423839 0.11032237 0.14098199 0.17425844],[41.35709  53.090363 72.08964  95.872215],[21.250782 24.254204 31.353508 40.08151 ],[7.974418  7.9118495 7.797668  7.661687 ],[0.4646664 0.5022132 0.5715176 0.666339 ],[8.200198 8.203735 8.207058 8.210534],[0.37354085 0.38056552 0.38964164 0.39972013]
TRANSFORMER,B,2e-07,9,True,False,TDD,vanilla,25,[0.19593805 0.29146722 0.42393416 0.5600233 ],[0.07774681 0.1040218  0.15528747 0.20177902],[ 46.17644  70.92101 107.99612 149.51039],[18.464197 30.739115 53.50184  76.17369 ],[7.9818892 7.850725  7.613153  7.3116174],[0.47583145 0.49220702 0.55019385 0.67140245],[8.216351 8.215251 8.214624 8.214304],[0.40763524 0.41026488 0.41645426 0.42503932]
TRANSFORMER,B,2e-07,12,True,False,TDD,vanilla,25,[0.24653965 0.39550903 0.5607359  0.6909885 ],[0.10778491 0.19086699 0.26613867 0.28410876],[ 54.623302  89.173294 129.30424  167.88693 ],[23.467688 43.456253 62.33336  77.12106 ],[7.7984624 7.5145707 7.1035194 6.694432 ],[0.58185506 0.7890649  1.1222636  1.3533847 ],[8.120098  8.1142645 8.112743  8.113856 ],[0.43833026 0.45556214 0.4728695  0.49387437]
TRANSFORMER,B,2e-07,15,True,False,TDD,vanilla,25,[0.28741786 0.4638666  0.6256155  0.7454407 ],[0.12276852 0.2123446  0.23605186 0.23055027],[ 68.56717 117.7927  169.73637 211.54787],[29.597557 57.181778 79.69392  93.828545],[7.8313503 7.4506373 6.9882135 6.556436 ],[0.6231412  0.90889907 1.1780175  1.3300407 ],[8.197627 8.204033 8.217084 8.230653],[0.4852605  0.50316983 0.5246719  0.54396856]
TRANSFORMER,B,2e-07,18,True,False,TDD,vanilla,25,[0.33189705 0.5327657  0.70569575 0.81974864],[0.14891614 0.24815804 0.2700263  0.242854  ],[ 79.0235  134.62718 188.3002  227.39397],[ 43.707687  81.25907  101.91271  106.0436  ],[7.731818  7.2339997 6.696197  6.278057 ],[0.6351817 1.0845442 1.3186208 1.3782635],[8.1638975 8.175692  8.188434  8.202104 ],[0.48944053 0.50745434 0.51854205 0.52203894]
TRANSFORMER,B,2e-07,21,True,False,TDD,vanilla,25,[0.40971193 0.6676062  0.8258477  0.93875116],[0.16194429 0.24036035 0.2486437  0.2441482 ],[102.862976 176.0406   218.4659   250.63792 ],[45.835426 80.2646   87.79751  94.899055],[7.5984774 6.787057  6.229496  5.7651176],[0.64834183 1.1587455  1.2728393  1.3612247 ],[8.188612 8.176667 8.144227 8.140654],[0.44568118 0.44044286 0.45722884 0.47989476]
TRANSFORMER,B,2e-07,24,True,False,TDD,vanilla,25,[0.4390597  0.6957038  0.85475373 0.93211395],[0.1940869  0.29159266 0.29383287 0.23581606],[107.87468 177.27725 225.16484 263.6414 ],[ 54.190716  83.52395   92.63409  107.97942 ],[7.4823055 6.6006947 6.052876  5.6732945],[0.78781825 1.4111168  1.5409557  1.6109209 ],[8.138821 8.121225 8.131564 8.179232],[0.5049219 0.5401906 0.5545749 0.5767097]
TRANSFORMER,B,2e-07,27,True,False,TDD,vanilla,25,[0.45601764 0.7316573  0.8788329  0.957989  ],[0.20305912 0.28646198 0.25511402 0.20867755],[121.376144 198.1886   238.89328  264.4102  ],[ 71.30084 104.8395  100.77133 101.01386],[7.475626 6.674902 6.034406 5.653981],[0.89949626 1.3925741  1.4973117  1.5001559 ],[8.195907 8.177614 8.161719 8.149494],[0.58492225 0.59560144 0.5773279  0.56295604]
TRANSFORMER,B,2e-07,33,True,False,TDD,vanilla,25,[0.5604037 0.817474  0.933221  1.0057614],[0.22064397 0.26171222 0.19632713 0.15011437],[139.77916 216.5744  256.423   281.04587],[ 72.26382  101.046715 102.55044  111.314705],[7.087546  6.225024  5.5665627 5.177966 ],[0.9999407 1.4265025 1.4467796 1.390176 ],[8.113809 8.133947 8.133893 8.112729],[0.5259433 0.5533906 0.5503319 0.5765364]
TRANSFORMER,B,2e-07,36,True,False,TDD,vanilla,25,[0.54544795 0.81474245 0.94021153 1.0148053 ],[0.2415247 0.285623  0.239048  0.2282138],[139.87787 212.73247 249.846   264.60837],[ 73.76779   96.39833  103.338356 100.030495],[7.1989965 6.224458  5.677573  5.1491523],[1.0470692 1.5452967 1.4685423 1.5360888],[8.202237 8.165164 8.124358 8.063301],[0.48082298 0.53177947 0.57521355 0.61029977]
TRANSFORMER,B,2e-07,42,True,False,TDD,vanilla,25,[0.66181844 0.8897964  0.9742968  1.0121481 ],[0.2783007  0.25022516 0.16841944 0.13627668],[164.59    239.50699 270.0894  277.9387 ],[ 81.576584 102.63721  117.52369  114.89318 ],[6.6955304 5.808382  5.2044544 4.951496 ],[1.4319733 1.5288627 1.3495244 1.2198064],[8.116588  8.1407385 8.108494  8.074529 ],[0.5461968  0.52060753 0.52204317 0.5106326 ]
TRANSFORMER,B,4e-07,3,True,False,TDD,vanilla,25,[0.18735982 0.20249909 0.230287   0.27063948],[0.07930694 0.08106058 0.08517567 0.09191037],[48.18806  52.815376 61.437366 74.72919 ],[17.701162 18.01433  20.445393 25.13523 ],[7.9437976 7.9243293 7.888628  7.8484383],[0.42140058 0.4316833  0.44351828 0.4547675 ],[8.20847  8.210395 8.212237 8.213969],[0.33442357 0.33968475 0.345037   0.3505006 ]
TRANSFORMER,B,4e-07,6,True,False,TDD,vanilla,25,[0.2035581  0.2464344  0.316937   0.40146232],[0.06811303 0.07549969 0.09853584 0.12386136],[ 51.405487  63.63478   84.21826  110.01711 ],[17.252329 20.235317 29.257893 40.82485 ],[7.910069 7.846331 7.731129 7.601277],[0.37854236 0.39599097 0.4314261  0.48182055],[8.184885 8.185724 8.186444 8.187491],[0.32194275 0.32802504 0.33519444 0.3429576 ]
TRANSFORMER,B,4e-07,9,True,False,TDD,vanilla,25,[0.21964985 0.30571324 0.4180998  0.5312442 ],[0.08700247 0.11452158 0.15641552 0.1884412 ],[ 57.03556  80.59624 112.63549 146.72202],[23.867722 33.13718  49.98258  66.62921 ],[7.88954   7.7641463 7.5566726 7.3053746],[0.41389    0.43357283 0.5136064  0.6487024 ],[8.193824  8.191843  8.1865635 8.178488 ],[0.33316842 0.33920404 0.35002944 0.36503997]
TRANSFORMER,B,4e-07,12,True,False,TDD,vanilla,25,[0.2652546 0.3901401 0.5318108 0.6653715],[0.0825036  0.12362105 0.17057629 0.20151325],[ 68.47768  103.756516 145.68857  187.47818 ],[23.307941 37.11446  53.672367 68.30301 ],[7.781515  7.5673714 7.2240157 6.840391 ],[0.40373468 0.48523602 0.6847434  0.9150205 ],[8.155842 8.160818 8.163987 8.167347],[0.32843772 0.33568704 0.35014972 0.36756453]
TRANSFORMER,B,4e-07,15,True,False,TDD,vanilla,25,[0.33168626 0.51579016 0.6780881  0.813197  ],[0.12136108 0.19967046 0.23712023 0.24887134],[ 87.22209 137.92015 186.49095 226.61774],[35.488487 58.150017 74.77868  87.98911 ],[7.6689544 7.264141  6.745421  6.3750725],[0.54662985 0.8257935  1.0757169  1.196217  ],[8.153601 8.155079 8.152279 8.149134],[0.41019136 0.43171164 0.44939855 0.4603841 ]
TRANSFORMER,B,4e-07,18,True,False,TDD,vanilla,25,[0.37360653 0.5827871  0.72938925 0.8455915 ],[0.1417039  0.21193458 0.21219002 0.19618616],[ 95.96203 155.81088 202.52322 239.45392],[44.08176  72.618744 82.872635 88.69097 ],[7.5556297 6.9668927 6.408218  6.029474 ],[0.6089763 0.9260066 1.1365384 1.1407609],[8.1320305 8.137831  8.141356  8.146607 ],[0.4299151  0.43325627 0.43164545 0.42852744]
TRANSFORMER,B,4e-07,21,True,False,TDD,vanilla,25,[0.40213138 0.61222744 0.77488166 0.8954569 ],[0.1591968  0.20945393 0.2007107  0.18033238],[110.741936 174.58044  225.45117  257.30536 ],[ 57.61347   89.55021  108.873146 115.7361  ],[7.5291853 6.8958044 6.2994094 5.8415914],[0.57644135 0.90421    1.0255017  1.0886832 ],[8.166336 8.156872 8.151517 8.130608],[0.39600894 0.41945392 0.43816084 0.4560646 ]
TRANSFORMER,B,4e-07,24,True,False,TDD,vanilla,25,[0.45782855 0.6966471  0.84050214 0.9368348 ],[0.17886893 0.23968205 0.22007824 0.20398067],[127.47307 202.60614 249.89363 284.2925 ],[ 57.616127  91.06105   96.69804  104.10037 ],[7.447905  6.6183968 6.069308  5.7831445],[0.6669647 1.1870635 1.2502023 1.1585922],[8.199759 8.205041 8.207555 8.21912 ],[0.40476805 0.4265331  0.437374   0.43781117]
TRANSFORMER,B,4e-07,27,True,False,TDD,vanilla,25,[0.5040328  0.7634021  0.8990876  0.96902907],[0.17996916 0.233728   0.1897679  0.1576232 ],[136.99654 209.25128 247.74963 271.68533],[55.48924  78.49793  76.705894 77.142845],[7.2483854 6.2595863 5.733468  5.5161324],[0.6969624 1.1655114 1.1547483 1.0184149],[8.149213 8.11694  8.104064 8.116798],[0.38061866 0.3709262  0.37762538 0.39070326]
TRANSFORMER,B,4e-07,33,True,False,TDD,vanilla,25,[0.57258934 0.8092227  0.9269401  0.9839023 ],[0.18329827 0.1922386  0.15394628 0.13235961],[169.80028 253.86398 287.82135 302.775  ],[ 76.5542   105.01546   88.476234  93.12419 ],[7.1812615 6.270903  5.732511  5.3694673],[0.83569765 1.2059537  1.0963643  1.1262856 ],[8.246286 8.265709 8.252911 8.226303],[0.46850497 0.4546497  0.43810767 0.4547688 ]
TRANSFORMER,B,4e-07,36,True,False,TDD,vanilla,25,[0.65348893 0.88177526 0.96432817 1.0173007 ],[0.21434756 0.20527276 0.12623335 0.11743852],[167.39449 238.11012 276.84485 302.0486 ],[61.32348 77.78304 84.33363 91.74419],[6.703402  5.843552  5.3616114 5.0770974],[1.0534649 1.2481017 1.0221603 0.9692126],[8.057566 8.079076 8.129921 8.168676],[0.40291405 0.39826262 0.400419   0.4095985 ]
TRANSFORMER,B,4e-07,42,True,False,TDD,vanilla,25,[0.6863147 0.8818419 0.9709938 1.0044345],[0.23940961 0.21684676 0.12500797 0.10560064],[189.7205  245.82945 277.37704 293.98492],[83.948715 89.60244  91.18974  89.45914 ],[6.5470014 5.912164  5.381875  5.0493536],[1.2154464 1.2579346 1.0740895 1.0717907],[8.13121   8.1205845 8.131761  8.168282 ],[0.45830318 0.4678817  0.483578   0.4428105 ]
TRANSFORMER,E,5e-08,3,True,False,TDD,vanilla,25,[0.01106248 0.01333158 0.01708731 0.02340036],[0.00492944 0.00577631 0.00732205 0.01084976],[3.2116885 3.8496506 4.9184165 6.816748 ],[1.483803  1.7109786 2.2113364 3.3763168],[8.269128 8.265682 8.260413 8.253132],[0.10770626 0.10869759 0.11003991 0.11201473],[8.275206 8.273342 8.271564 8.269935],[0.10735613 0.10797673 0.10877382 0.10978277]
TRANSFORMER,E,5e-08,6,True,False,TDD,vanilla,25,[0.01486939 0.02059494 0.02780999 0.03685986],[0.00698747 0.00996739 0.01347971 0.01801932],[ 4.2484813  5.8995833  7.9871755 10.775521 ],[1.9675055 2.8146584 3.873242  5.4323597],[8.26791  8.264481 8.257983 8.249447],[0.11382025 0.11593034 0.11845625 0.12053247],[8.276046 8.276882 8.277935 8.278976],[0.11304255 0.11515561 0.11746035 0.1195814 ]
TRANSFORMER,E,5e-08,9,True,False,TDD,vanilla,25,[0.01785252 0.03028847 0.0426552  0.05410342],[0.00935979 0.01855985 0.02815116 0.03555217],[ 5.1365094  8.72626   12.29761   15.76555  ],[ 2.499154  5.058565  7.886037 10.225637],[8.283102 8.275056 8.262549 8.249412],[0.1288512  0.13223383 0.13772759 0.14554776],[8.294175 8.29685  8.298473 8.298301],[0.12703057 0.12796013 0.1290341  0.13212253]
TRANSFORMER,E,5e-08,12,True,False,TDD,vanilla,25,[0.02325455 0.04085174 0.05650255 0.06979804],[0.01188206 0.02246922 0.03229193 0.03876866],[ 6.582838 11.57088  15.995425 19.97911 ],[ 3.2103746  6.181386   9.151648  11.641788 ],[8.230731 8.211506 8.187977 8.167569],[0.11016772 0.11425865 0.12447749 0.1370938 ],[8.245989 8.241977 8.236683 8.23173 ],[0.10888104 0.11287002 0.11957746 0.12670897]
TRANSFORMER,E,5e-08,15,True,False,TDD,vanilla,25,[0.03089774 0.05040414 0.06933103 0.08495855],[0.02016688 0.02942663 0.03887187 0.04275634],[ 8.761055 14.274423 19.758722 24.619043],[ 5.613606  8.107348 10.80082  12.390868],[8.242047 8.221594 8.202087 8.18996 ],[0.13855124 0.1474359  0.15488099 0.15632313],[8.262611  8.2612095 8.260151  8.261041 ],[0.134938   0.13911162 0.14343648 0.14577532]
TRANSFORMER,E,5e-08,18,True,False,TDD,vanilla,25,[0.03994228 0.06060173 0.0819652  0.09912719],[0.02968842 0.03672232 0.05113689 0.05625338],[11.549607 17.544348 23.721125 29.14806 ],[ 8.401169 10.480378 14.115186 16.458206],[8.25445  8.232977 8.212854 8.19937 ],[0.13983284 0.14823493 0.1569776  0.16203135],[8.281872 8.281912 8.279536 8.27891 ],[0.13541304 0.14105989 0.14464791 0.14809407]
TRANSFORMER,E,5e-08,21,True,False,TDD,vanilla,25,[0.04509731 0.06882221 0.08624846 0.11000888],[0.03159038 0.04114531 0.04861992 0.06369595],[13.23609  20.008766 25.123413 32.708378],[ 8.923463 11.510184 13.893455 19.626589],[8.2754   8.243729 8.221918 8.200839],[0.1489503  0.15046251 0.16177794 0.16386525],[8.307358 8.301057 8.291944 8.288347],[0.14678082 0.14288224 0.14931943 0.1521184 ]
TRANSFORMER,E,5e-08,24,True,False,TDD,vanilla,25,[0.05615108 0.08267788 0.10273079 0.13471326],[0.03712229 0.04552037 0.05449625 0.07204321],[16.456066 24.151917 29.85772  39.85651 ],[10.668235 13.236803 15.621236 21.936705],[8.244045 8.206023 8.183408 8.161891],[0.13940974 0.15020722 0.16946566 0.18574184],[8.2875   8.278505 8.268627 8.264957],[0.13044441 0.13442534 0.15097408 0.1635157 ]
TRANSFORMER,E,5e-08,27,True,False,TDD,vanilla,25,[0.05304332 0.07546802 0.09809168 0.13858818],[0.03062177 0.034962   0.04398895 0.0723227 ],[15.434793 22.019463 28.8787   41.849945],[ 8.936922 10.285347 13.208912 22.789783],[8.240901 8.226707 8.215845 8.192949],[0.13149749 0.14891955 0.15066528 0.16835661],[8.279845  8.286421  8.2941885 8.295663 ],[0.1292807  0.14179234 0.1378462  0.14801463]
TRANSFORMER,E,5e-08,33,True,False,TDD,vanilla,25,[0.06757955 0.08938558 0.11193234 0.14259614],[0.04444888 0.04043531 0.04786073 0.06724813],[19.92269  26.279097 33.064484 42.956894],[13.277632 11.730645 14.123042 21.527555],[8.228808 8.211663 8.185061 8.168058],[0.15542082 0.15430129 0.16973177 0.17296678],[8.287059 8.28844  8.283365 8.28227 ],[0.14250231 0.14087306 0.14854088 0.15866248]
TRANSFORMER,E,5e-08,36,True,False,TDD,vanilla,25,[0.07027595 0.09946976 0.12463433 0.16178262],[0.0440372  0.05003567 0.0632024  0.07800125],[20.312279 29.07573  36.7053   48.949306],[12.220656 14.236272 18.276007 23.84395 ],[8.224233 8.205465 8.185581 8.176696],[0.18019369 0.19641131 0.2080728  0.20205322],[8.281623 8.287588 8.29217  8.30194 ],[0.16172272 0.17149192 0.17695847 0.17350183]
TRANSFORMER,E,5e-08,42,True,False,TDD,vanilla,25,[0.06749093 0.09712158 0.12237848 0.15263236],[0.03452201 0.04555806 0.04812011 0.06549212],[19.560003 28.367237 35.932358 45.591133],[ 9.962672 12.981917 15.048572 21.422892],[8.228973 8.195281 8.173406 8.161304],[0.15795447 0.17041424 0.1689898  0.17109682],[8.2850485 8.277092  8.275991  8.275187 ],[0.15040702 0.15980265 0.16346735 0.16856034]
TRANSFORMER,E,2e-07,3,True,False,TDD,vanilla,25,[0.04912494 0.0512056  0.05421175 0.05682992],[0.01987243 0.02046186 0.02151575 0.02252781],[14.749582 15.370245 16.273003 17.080162],[5.945852  6.1205463 6.4439397 6.772384 ],[8.248718 8.247327 8.244342 8.240559],[0.04566143 0.04676007 0.04814278 0.0497936 ],[8.280581 8.280627 8.280685 8.280739],[0.03952417 0.04055549 0.04168776 0.04291363]
TRANSFORMER,E,2e-07,6,True,False,TDD,vanilla,25,[0.04618521 0.05069454 0.0561449  0.0603198 ],[0.01879786 0.01943547 0.02044235 0.02188726],[13.952151 15.313485 16.962347 18.257215],[5.775084  5.97712   6.2936525 6.797862 ],[8.262635 8.258958 8.252422 8.246083],[0.04572894 0.04898413 0.05288842 0.05666042],[8.293882 8.294105 8.294251 8.294382],[0.04388143 0.04748654 0.05115876 0.05493958]
TRANSFORMER,E,2e-07,9,True,False,TDD,vanilla,25,[0.05199458 0.06086931 0.06517673 0.06727041],[0.02488247 0.02721866 0.02786289 0.02883273],[15.732262 18.405283 19.711346 20.36526 ],[7.456643 8.138966 8.307519 8.575251],[8.257511 8.251697 8.245872 8.241487],[0.06719052 0.07419289 0.08076645 0.08729197],[8.294298 8.295323 8.296029 8.296503],[0.05927258 0.06526424 0.07138931 0.0777242 ]
TRANSFORMER,E,2e-07,12,True,False,TDD,vanilla,25,[0.053402   0.06356427 0.06895323 0.07234292],[0.02263228 0.02589937 0.02820544 0.02835102],[16.098125 19.171703 20.817513 21.870289],[6.699363  7.6703324 8.320842  8.4065485],[8.2544985 8.246958  8.240673  8.235966 ],[0.07317416 0.0789768  0.0863049  0.09366821],[8.292668 8.29359  8.29417  8.294293],[0.06883647 0.07497934 0.08134441 0.08748707]
TRANSFORMER,E,2e-07,15,True,False,TDD,vanilla,25,[0.06518964 0.07619701 0.08299372 0.08672701],[0.02688483 0.02984506 0.03185808 0.03252146],[19.578133 22.899197 24.978167 26.119562],[8.198009 9.103997 9.754539 9.99877 ],[8.234756 8.22302  8.216896 8.212722],[0.07190449 0.07949293 0.08663832 0.09306905],[8.278367 8.277282 8.276983 8.27687 ],[0.06547176 0.07076026 0.07667455 0.08393788]
TRANSFORMER,E,2e-07,18,True,False,TDD,vanilla,25,[0.06838745 0.075935   0.08086503 0.08786818],[0.03228682 0.03147104 0.03187006 0.03659783],[20.449997 22.728254 24.262451 26.424316],[ 9.783504   9.6112585  9.9563875 11.462245 ],[8.227034  8.2177105 8.215143  8.21191  ],[0.08604595 0.09398858 0.09982886 0.10626921],[8.273221 8.273726 8.274927 8.276924],[0.07880083 0.08553306 0.09271663 0.09996621]
TRANSFORMER,E,2e-07,21,True,False,TDD,vanilla,25,[0.06175302 0.07398611 0.07773317 0.09106568],[0.02383221 0.02477305 0.02620963 0.04175582],[18.624027 22.312983 23.56004  27.753529],[ 7.49875    7.7239275  8.580147  13.661775 ],[8.244763 8.234901 8.23401  8.225653],[0.09561138 0.10459164 0.11087242 0.11729092],[8.2915325 8.292838  8.293352  8.293094 ],[0.090754   0.09886748 0.10661585 0.11423085]
TRANSFORMER,E,2e-07,24,True,False,TDD,vanilla,25,[0.06836627 0.07801641 0.08226262 0.10442086],[0.02708771 0.02639553 0.02464713 0.04778644],[20.537434 23.316767 24.495367 31.15981 ],[ 8.221258   7.9732995  7.501895  14.855663 ],[8.232865 8.219675 8.21337  8.197489],[0.10155141 0.11010146 0.11659082 0.12486657],[8.283634 8.277485 8.2726   8.268844],[0.09705425 0.10391297 0.11168886 0.11914225]
TRANSFORMER,E,2e-07,27,True,False,TDD,vanilla,25,[0.07877629 0.08434755 0.08946247 0.10911205],[0.03478563 0.03163436 0.03140705 0.04849551],[23.684254 25.492588 27.110119 33.270176],[10.498152  9.69564   9.725287 15.532893],[8.229969 8.229361 8.228487 8.222254],[0.10318581 0.10865116 0.11731668 0.1257838 ],[8.285105 8.289516 8.293084 8.295244],[0.09349083 0.10003029 0.10766774 0.1156425 ]
TRANSFORMER,E,2e-07,33,True,False,TDD,vanilla,25,[0.07485086 0.08317745 0.08821965 0.11435704],[0.02876836 0.02662338 0.02891998 0.04972905],[22.732094 25.418184 27.135857 35.445217],[ 9.375355  9.00843   9.873239 16.548916],[8.236717 8.24182  8.244442 8.240713],[0.11122628 0.11741311 0.12325963 0.12776738],[8.293464 8.300457 8.306935 8.31096 ],[0.11219409 0.11779475 0.12364816 0.12861179]
TRANSFORMER,E,2e-07,36,True,False,TDD,vanilla,25,[0.07659984 0.08182789 0.08709911 0.11174315],[0.03157817 0.02686174 0.02938644 0.05690853],[22.586123 24.073006 25.66833  33.155636],[ 9.192808  7.969536  8.923313 17.626328],[8.204536 8.198522 8.195597 8.187984],[0.10734581 0.11947069 0.13489246 0.14978668],[8.260142  8.257455  8.2576065 8.260585 ],[0.10467422 0.11562987 0.1296093  0.14268416]
TRANSFORMER,E,2e-07,42,True,False,TDD,vanilla,25,[0.08247723 0.08898363 0.09274879 0.1169586 ],[0.02793469 0.02488484 0.02604902 0.04880235],[24.92007  26.807497 27.963762 35.26198 ],[ 8.821673  8.03309   8.605902 15.406199],[8.224622 8.216991 8.213266 8.202724],[0.10213566 0.11416044 0.12420092 0.13440765],[8.285831 8.281849 8.278591 8.276519],[0.10005277 0.1097375  0.12256964 0.13150129]
TRANSFORMER,E,4e-07,3,True,False,TDD,vanilla,25,[0.04814434 0.04985404 0.05215197 0.05457543],[0.01957041 0.02000467 0.02027639 0.02111509],[14.469701 14.977516 15.664669 16.401392],[5.9552884 6.0870113 6.1797814 6.4372077],[8.254587 8.253097 8.250168 8.246395],[0.03530991 0.03649973 0.03807143 0.0398984 ],[8.288958 8.288683 8.288403 8.288103],[0.02915178 0.03073191 0.03247377 0.03435925]
TRANSFORMER,E,4e-07,6,True,False,TDD,vanilla,25,[0.05349697 0.05811883 0.06182337 0.06322411],[0.02262231 0.02332163 0.02399959 0.02371429],[16.057869 17.440866 18.543999 18.98111 ],[6.9344683 7.156283  7.3667088 7.314935 ],[8.245941 8.242134 8.237561 8.233445],[0.04642699 0.04969832 0.05353073 0.05745685],[8.284499 8.284238 8.283938 8.283623],[0.03912412 0.04321399 0.04740645 0.05164114]
TRANSFORMER,E,4e-07,9,True,False,TDD,vanilla,25,[0.05851505 0.06654949 0.06912774 0.06904199],[0.0236437  0.02516555 0.02588388 0.02544659],[17.581621 19.979988 20.762407 20.756325],[7.3669987 7.864709  8.137479  8.074808 ],[8.239969 8.233399 8.228377 8.224929],[0.05588336 0.06149323 0.06720925 0.0733728 ],[8.280015 8.279101 8.278396 8.278026],[0.05211921 0.05833428 0.06446905 0.07061163]
TRANSFORMER,E,4e-07,12,True,False,TDD,vanilla,25,[0.06140186 0.0700503  0.07310021 0.07633224],[0.02329062 0.0253983  0.02685256 0.03050747],[18.485636 21.088535 22.038565 23.077625],[7.226539 7.814408 8.225816 9.320627],[8.242518 8.236631 8.234701 8.232102],[0.0691718  0.07630455 0.08239688 0.08800716],[8.285689 8.287141 8.288548 8.289801],[0.06437871 0.07084928 0.07688562 0.08259349]
TRANSFORMER,E,4e-07,15,True,False,TDD,vanilla,25,[0.06156189 0.07049972 0.07380865 0.07901872],[0.02102644 0.02161684 0.02241386 0.02696497],[18.50475  21.216486 22.245167 23.92885 ],[6.5670686 6.770495  6.9534793 8.486462 ],[8.243556 8.238724 8.238379 8.23758 ],[0.07946392 0.08761477 0.09550256 0.10253327],[8.2887745 8.291263  8.293829  8.296032 ],[0.07523516 0.0827314  0.09050896 0.09828034]
TRANSFORMER,E,4e-07,18,True,False,TDD,vanilla,25,[0.06738511 0.07210964 0.07648033 0.08329963],[0.02924897 0.02528001 0.02906122 0.03585959],[20.129717 21.5023   22.803547 24.884321],[ 8.906872  7.72798   8.999003 11.147471],[8.232323 8.222947 8.218578 8.212657],[0.07600103 0.08275473 0.08788232 0.09470988],[8.27856  8.276337 8.274124 8.272225],[0.06968127 0.07664186 0.08386727 0.09061535]
TRANSFORMER,E,4e-07,21,True,False,TDD,vanilla,25,[0.07400061 0.07931805 0.08072454 0.08894379],[0.02784302 0.02664169 0.02760766 0.03735524],[22.117954 23.734356 24.152807 26.702063],[ 8.382632  8.161016  8.753992 11.907523],[8.223558 8.216781 8.217772 8.212228],[0.09583756 0.10653438 0.11526344 0.1227978 ],[8.276323 8.276242 8.275361 8.274577],[0.09324117 0.10310405 0.11220797 0.12068655]
TRANSFORMER,E,4e-07,24,True,False,TDD,vanilla,25,[0.07707062 0.08465955 0.08595052 0.10297166],[0.03121833 0.03202122 0.03270958 0.04964065],[23.13694  25.568445 26.121414 31.429537],[ 9.215634  9.534349 10.061225 15.317236],[8.2307625 8.230281  8.236329  8.235835 ],[0.10515356 0.11086823 0.11450453 0.11939181],[8.286703 8.293116 8.298703 8.30418 ],[0.09379451 0.09931409 0.10363215 0.10734855]
TRANSFORMER,E,4e-07,27,True,False,TDD,vanilla,25,[0.07440922 0.08040881 0.08490679 0.10801008],[0.02980322 0.02879094 0.030239   0.05341972],[22.22605 24.12791 25.58074 32.73819],[ 9.039779  8.838099  9.332614 16.55251 ],[8.221844 8.22378  8.225726 8.222757],[0.09607435 0.09854606 0.10420783 0.1135369 ],[8.276787 8.280539 8.284522 8.288042],[0.08973098 0.09296615 0.09940283 0.10667281]
TRANSFORMER,E,4e-07,33,True,False,TDD,vanilla,25,[0.07912461 0.08378035 0.08710785 0.10489757],[0.02980172 0.03004321 0.02890883 0.03884077],[23.701807 25.070246 26.110447 31.498816],[ 9.390074   9.525143   9.236177  12.0038185],[8.218677 8.215787 8.212887 8.207043],[0.11439759 0.11091015 0.10936412 0.10816725],[8.277196 8.275805 8.27659  8.27708 ],[0.10656    0.10650315 0.10475282 0.10291515]
TRANSFORMER,E,4e-07,36,True,False,TDD,vanilla,25,[0.07587685 0.08205281 0.08703129 0.10875944],[0.02684814 0.02616159 0.02854097 0.04629416],[22.836565 24.641102 26.033892 32.624622],[ 8.336787  8.081478  8.764604 14.643516],[8.232075 8.230045 8.224558 8.213312],[0.12478349 0.13350773 0.13540456 0.13537683],[8.287193 8.285667 8.282404 8.278148],[0.11921627 0.12636288 0.1280906  0.1266932 ]
TRANSFORMER,E,4e-07,42,True,False,TDD,vanilla,25,[0.08270627 0.08503399 0.0909749  0.11217442],[0.02913977 0.02727399 0.03147826 0.04539118],[24.897793 25.500483 27.172146 33.486115],[ 9.092966   8.436047   9.608768  14.0121975],[8.224449 8.221476 8.217226 8.205664],[0.10509221 0.11206139 0.12099772 0.13105789],[8.284267 8.282584 8.279294 8.275064],[0.10080136 0.10741471 0.11493789 0.1236635 ]
