model,cm,ds,ms,is_gen,is_U2D,scenario,noise_type,noise_degree,nmse_mean,nmse_std,mse_mean,mse_std,se_mean,se_std,se0_mean,se0_std
DDK8,A,5e-08,3,True,False,TDD,vanilla,0,[0.04274336 0.05446433 0.06909278 0.08903677],[0.02495633 0.0300017  0.04196916 0.05954626],[ 7.427144  9.780985 12.243827 15.790579],[2.39995   3.7055423 5.2779856 7.727563 ],[8.2109995 8.205987  8.199594  8.19017  ],[0.3673627  0.38393858 0.4022873  0.42297855],[8.233838 8.237641 8.241822 8.246357],[0.36562672 0.3805851  0.39700893 0.4147793 ]
DDK8,A,5e-08,6,True,False,TDD,vanilla,0,[0.05755022 0.08582809 0.12109474 0.15821594],[0.0325774  0.05452318 0.08671878 0.10991926],[ 9.995823 14.788632 20.934212 28.97629 ],[ 3.1423209  5.5859356  9.625291  16.391735 ],[8.251167 8.234825 8.211432 8.18261 ],[0.4478646  0.48739696 0.5310294  0.5768477 ],[8.28204  8.2848   8.287399 8.290143],[0.44220755 0.47809482 0.5148415  0.55173457]
DDK8,A,5e-08,9,True,False,TDD,vanilla,0,[0.08378685 0.13080625 0.20129317 0.26546153],[0.07795008 0.11009096 0.18018617 0.2754845 ],[11.870478 18.508081 27.776575 38.39535 ],[ 3.76758    6.9097137 11.931576  18.822498 ],[8.192006 8.150281 8.096129 8.038138],[0.5603379  0.6225075  0.69258565 0.7684896 ],[8.232175 8.218963 8.206256 8.19461 ],[0.5494946  0.6048245  0.66238713 0.7200331 ]
DDK8,A,5e-08,12,True,False,TDD,vanilla,0,[0.08378836 0.15194419 0.23013702 0.33033466],[0.06078287 0.1296241  0.24213332 0.30283695],[13.3817625 23.606585  34.75199   54.553787 ],[ 4.254012 10.641352 17.738398 34.053684],[8.123573  8.078804  8.022573  7.9441566],[0.58298576 0.66614205 0.7607853  0.86534995],[8.1713705 8.169162  8.165635  8.1618185],[0.5680532  0.6353437  0.7046337  0.77285534]
DDK8,A,5e-08,15,True,False,TDD,vanilla,0,[0.09895866 0.17888466 0.2612883  0.41921547],[0.08088172 0.15100096 0.21778162 0.3913384 ],[16.934425 31.184242 49.523766 78.86337 ],[ 7.060912 17.665844 35.213417 66.2642  ],[8.168643  8.111995  8.052802  7.9503174],[0.7442968  0.83579075 0.9360665  1.0497268 ],[8.229278 8.228537 8.234898 8.246084],[0.716445   0.7802941  0.83712816 0.889672  ]
DDK8,A,5e-08,18,True,False,TDD,vanilla,0,[0.1455205  0.27306494 0.40797836 0.587688  ],[0.15634234 0.44381362 0.4731711  0.615563  ],[18.295149 33.273403 54.949444 89.89546 ],[ 6.8180523 16.921602  35.19704   70.805725 ],[8.088357 8.022837 7.927928 7.76642 ],[0.8659543 0.9567614 1.0834389 1.2764736],[8.165414 8.166351 8.164887 8.15692 ],[0.8150258 0.8670547 0.9366969 1.025056 ]
DDK8,A,5e-08,21,True,False,TDD,vanilla,0,[0.140905   0.24439207 0.38755637 0.5207113 ],[0.12316924 0.25963753 0.38818428 0.4104792 ],[20.086697 35.616936 60.95822  96.91925 ],[ 8.7997465 19.801394  38.92101   72.349106 ],[8.009762  7.9125657 7.762837  7.554738 ],[0.9492818 1.032815  1.1341056 1.2692865],[8.097888  8.0776415 8.057297  8.0439825],[0.8918794  0.9238005  0.95249516 0.97904676]
DDK8,A,5e-08,24,True,False,TDD,vanilla,0,[0.13857076 0.27112225 0.4644577  0.57817143],[0.11945982 0.372412   0.59756845 0.54508877],[ 22.216986  40.308014  73.72146  117.47799 ],[ 9.142205 26.24993  57.28285  93.16414 ],[8.166394  8.072864  7.894213  7.6173983],[0.8150335 0.9053018 1.0685158 1.3558598],[8.248478 8.227171 8.202078 8.1868  ],[0.7698817  0.82811874 0.88698286 0.9156224 ]
DDK8,A,5e-08,27,True,False,TDD,vanilla,0,[0.166258   0.30316538 0.52500594 0.8232878 ],[0.1575694  0.2575511  0.5315029  0.89794415],[ 22.435188  44.774097  83.30403  133.27666 ],[  8.66784   27.05654   62.259026 109.85349 ],[7.973321  7.854034  7.6339574 7.2960997],[0.8717448 0.9749089 1.1331189 1.4240329],[8.073305 8.057036 8.035699 8.017298],[0.81447893 0.87702554 0.95565355 1.0139018 ]
DDK8,A,5e-08,33,True,False,TDD,vanilla,0,[0.2348072  0.40700504 0.64848083 0.7674377 ],[0.2558511  0.45396534 0.5918082  0.4468197 ],[ 30.73652  61.0163  118.8818  178.89766],[ 15.876914  43.928886  94.47978  154.6463  ],[8.0559    7.9221263 7.5877967 7.0906954],[1.0324969 1.1523567 1.3250352 1.5563606],[8.180847  8.193614  8.203002  8.1704445],[0.9456215  0.95782167 0.92753166 0.9645922 ]
DDK8,A,5e-08,36,True,False,TDD,vanilla,0,[0.24477595 0.47789678 0.81007934 1.0423051 ],[0.24764788 0.43956062 0.80768204 0.98709226],[ 31.624033  66.90978  131.36885  204.58336 ],[ 14.315453  46.81199  103.58015  159.50583 ],[7.949437  7.7765284 7.397609  6.9262037],[0.9292192 1.0529037 1.3576088 1.5636551],[8.093336 8.087319 8.075918 8.088953],[0.84122604 0.8823591  0.96047276 0.99210644]
DDK8,A,5e-08,42,True,False,TDD,vanilla,0,[0.326648  0.5750442 0.7941202 1.1759514],[0.29349485 0.5424298  0.5738745  1.3216469 ],[ 35.393055  81.80886  144.5523   207.71454 ],[ 23.00967   57.755947  99.27526  148.88266 ],[7.6333966 7.3933764 6.946557  6.468299 ],[1.1679578 1.3469019 1.6441263 1.7370864],[7.833758 7.885902 7.919857 7.917343],[1.0413706 1.023846  1.0217247 1.0423343]
DDK8,A,2e-07,3,True,False,TDD,vanilla,0,[0.04619733 0.05767319 0.07096903 0.088312  ],[0.0214871  0.02786765 0.03632147 0.04620537],[ 8.7892685 10.862322  13.307757  16.851652 ],[2.4287994 3.4124444 4.8595166 7.245622 ],[8.0917015 8.085374  8.077899  8.067051 ],[0.6350226 0.6397125 0.6456937 0.6531539],[8.130689 8.134304 8.138219 8.142409],[0.6257091 0.6282687 0.6312905 0.6347323]
DDK8,A,2e-07,6,True,False,TDD,vanilla,0,[0.05310539 0.07335012 0.09817651 0.12863545],[0.02436674 0.03651825 0.05304395 0.07100041],[10.903164 14.879121 20.148617 27.211287],[ 3.1869898  5.317038   8.834686  13.837011 ],[8.230392 8.217723 8.201334 8.179166],[0.6133657  0.6351336  0.66203636 0.6937045 ],[8.274826 8.279523 8.284403 8.289545],[0.6015826  0.61828643 0.63822275 0.6610321 ]
DDK8,A,2e-07,9,True,False,TDD,vanilla,0,[0.06706484 0.09692392 0.1360346  0.17803742],[0.03723238 0.05805014 0.08420497 0.1094918 ],[12.761122 18.128511 25.99344  35.7184  ],[ 3.630934  6.25306  11.442656 20.103678],[8.158014 8.143657 8.117182 8.086904],[0.69130903 0.7182159  0.7525932  0.7890629 ],[8.212872 8.222125 8.22945  8.234579],[0.6716166  0.6904289  0.7124399  0.73767006]
DDK8,A,2e-07,12,True,False,TDD,vanilla,0,[0.09040312 0.13779831 0.19350964 0.26664057],[0.05822665 0.08879857 0.1380522  0.19602361],[15.215736 23.218508 32.615803 46.704536],[ 4.496278   9.023553  15.4098215 28.967379 ],[8.03917   7.9758716 7.9052496 7.818612 ],[0.7657539  0.8250351  0.88860303 0.9670507 ],[8.118894 8.099322 8.080267 8.061373],[0.72288525 0.7593847  0.79724795 0.8372211 ]
DDK8,A,2e-07,15,True,False,TDD,vanilla,0,[0.10608435 0.17230047 0.24851252 0.35281274],[0.06495833 0.11407626 0.16810817 0.23105547],[16.579159 28.13142  42.754498 67.59578 ],[ 5.579444 13.54344  26.251854 53.235367],[7.867783  7.798331  7.723364  7.6017776],[0.85366184 0.9291323  1.0114007  1.1358144 ],[7.960368 7.953955 7.952423 7.9545  ],[0.8137213 0.856927  0.8997762 0.942242 ]
DDK8,A,2e-07,18,True,False,TDD,vanilla,0,[0.10324177 0.170096   0.26046428 0.395963  ],[0.05336627 0.09835041 0.16735762 0.283504  ],[19.596684 32.04949  48.96167  77.37937 ],[ 7.6785874 13.934337  26.078703  51.80976  ],[8.034012  7.953376  7.8447046 7.6735954],[0.84773153 0.9252552  1.0225247  1.1599035 ],[8.126295 8.107923 8.089695 8.074124],[0.8090824  0.8441579  0.88169974 0.92264533]
DDK8,A,2e-07,21,True,False,TDD,vanilla,0,[0.13217656 0.20387173 0.30956063 0.45842528],[0.09030943 0.13468343 0.19373421 0.27921247],[22.56754  35.804985 58.27236  92.61848 ],[ 7.4259214 13.621993  27.037128  50.84208  ],[7.990344 7.916851 7.793024 7.596026],[0.9172837  0.99185526 1.0806258  1.2215148 ],[8.111541 8.108097 8.098149 8.079145],[0.84507656 0.87269056 0.9155379  0.9743686 ]
DDK8,A,2e-07,24,True,False,TDD,vanilla,0,[0.1443852  0.2351418  0.3685881  0.51430833],[0.12146398 0.21429043 0.3657189  0.43114647],[ 24.234705  39.335003  67.12127  106.05862 ],[ 8.113469 16.792318 33.326836 62.46153 ],[7.9722137 7.8568435 7.6740847 7.452271 ],[0.90620494 1.052069   1.211607   1.3870215 ],[8.102798 8.079458 8.073869 8.082761],[0.8285165 0.893055  0.9226012 0.9377865]
DDK8,A,2e-07,27,True,False,TDD,vanilla,0,[0.13393599 0.22420599 0.3762524  0.54890305],[0.09133369 0.16323961 0.25672787 0.37807158],[ 24.040407  42.07429   76.38354  118.05256 ],[  9.971103  27.488995  68.04729  112.17888 ],[7.9854255 7.8680754 7.640272  7.3594103],[0.8586467  0.95995617 1.1167303  1.2858386 ],[8.11104  8.084653 8.048851 8.015041],[0.78864    0.83198315 0.884727   0.9329143 ]
DDK8,A,2e-07,33,True,False,TDD,vanilla,0,[0.1649714  0.30977872 0.5092118  0.69613665],[0.12830614 0.22036424 0.3208485  0.37212235],[ 30.465662  62.579746 117.2925   171.20459 ],[ 11.758439  41.108257  91.504265 138.05977 ],[8.072146  7.934017  7.6241655 7.1900964],[0.90158415 1.0185165  1.209811   1.4252892 ],[8.216682  8.2085085 8.163704  8.084707 ],[0.8136454 0.8615523 0.9495743 1.0525955]
DDK8,A,2e-07,36,True,False,TDD,vanilla,0,[0.18563429 0.35626656 0.6177655  0.8477208 ],[0.14035377 0.31961197 0.48886344 0.5193611 ],[ 31.130613  61.87793  122.119255 196.87677 ],[ 13.054664  38.832703  87.00461  149.49817 ],[7.902834  7.717165  7.3446374 7.003931 ],[0.9414285 1.0657954 1.3489448 1.4218224],[8.077505 8.06925  8.089985 8.128924],[0.82759804 0.8323908  0.8334932  0.87066954]
DDK8,A,2e-07,42,True,False,TDD,vanilla,0,[0.22436382 0.46559486 0.7278446  0.9554906 ],[0.18472426 0.59468186 0.52646285 0.5632921 ],[ 33.65154  70.62815 136.26137 202.57925],[ 16.445467  48.532913 114.08342  168.36394 ],[7.72224  7.437121 6.981436 6.486574],[1.0809869 1.3084054 1.503743  1.6166321],[7.927911  7.910005  7.917583  7.9121513],[0.96075475 0.9710648  0.9386558  0.9704687 ]
DDK8,A,4e-07,3,True,False,TDD,vanilla,0,[0.04723215 0.05649928 0.06613381 0.08220457],[0.01442008 0.01971949 0.02668441 0.03655871],[11.641178 13.746639 15.915454 20.05782 ],[2.8531663 4.0467377 5.5209694 9.01423  ],[8.08433   8.0712185 8.05848   8.041038 ],[0.34403852 0.35293636 0.3631382  0.375065  ],[8.140506 8.137633 8.134504 8.131127],[0.34248444 0.35056454 0.35972664 0.36985973]
DDK8,A,4e-07,6,True,False,TDD,vanilla,0,[0.06276583 0.0819166  0.10646205 0.13691694],[0.02114206 0.03197205 0.04623604 0.06323008],[14.718243 18.786858 24.322458 31.72792 ],[ 3.6569653  5.3700285  8.38732   13.485087 ],[8.110279 8.093505 8.072851 8.045089],[0.39613363 0.4296352  0.46804038 0.5094171 ],[8.176272 8.178738 8.180604 8.181811],[0.39123917 0.4205529  0.45303023 0.4878832 ]
DDK8,A,4e-07,9,True,False,TDD,vanilla,0,[0.07442182 0.09997102 0.13584092 0.17560025],[0.03176207 0.04517329 0.06603307 0.08722465],[17.061241 22.562458 30.618355 40.40453 ],[ 3.72317    5.6123953  9.608909  14.536076 ],[8.105125 8.079113 8.044103 8.002558],[0.49276778 0.53755546 0.5866337  0.64040434],[8.184002 8.182483 8.180069 8.177103],[0.4719663  0.5057804  0.54053843 0.5759417 ]
DDK8,A,4e-07,12,True,False,TDD,vanilla,0,[0.09198869 0.13539563 0.1865775  0.24739057],[0.05647165 0.08842211 0.13333946 0.17781189],[20.324001 29.795368 40.886986 57.477806],[ 5.297676  9.862164 14.097    23.835255],[8.056384  8.012586  7.962379  7.8942614],[0.6037679  0.67003727 0.73680365 0.8132747 ],[8.15235  8.154115 8.15547  8.156445],[0.5726108  0.6156969  0.65478444 0.68982166]
DDK8,A,4e-07,15,True,False,TDD,vanilla,0,[0.11009966 0.16781622 0.23059602 0.3205637 ],[0.06717802 0.10085156 0.12572007 0.16163154],[22.792448 35.636753 50.573395 75.271774],[ 7.7848425 16.034386  24.055437  45.22572  ],[7.9551153 7.9060307 7.850008  7.75364  ],[0.61096925 0.6717574  0.7459311  0.8357974 ],[8.066401 8.071935 8.077987 8.082911],[0.5711157  0.6151953  0.66565377 0.7195561 ]
DDK8,A,4e-07,18,True,False,TDD,vanilla,0,[0.12249016 0.19284369 0.27503332 0.3784246 ],[0.06210476 0.09393276 0.12954761 0.16988295],[ 25.946735  44.070248  68.63502  105.66759 ],[ 6.737138 17.427809 36.463165 65.86126 ],[7.962831  7.926961  7.8718786 7.7666035],[0.664932   0.74586964 0.8403988  0.9575035 ],[8.09442  8.127554 8.160606 8.190095],[0.6232103  0.6795312  0.74975705 0.8271956 ]
DDK8,A,4e-07,21,True,False,TDD,vanilla,0,[0.14236706 0.22083898 0.3229854  0.43981522],[0.08229727 0.1270514  0.17843144 0.21300599],[ 28.12547   46.431183  74.3926   113.90837 ],[ 6.8970265 17.785303  42.10694   77.35804  ],[7.865768  7.8197093 7.7170887 7.5445905],[0.74357706 0.8370972  0.95643616 1.0897065 ],[8.028134 8.068816 8.101429 8.12289 ],[0.67326814 0.7159541  0.7663214  0.81699765]
DDK8,A,4e-07,24,True,False,TDD,vanilla,0,[0.16157328 0.24243984 0.38303974 0.5368371 ],[0.10270352 0.12606505 0.196948   0.2632    ],[ 28.130993  43.500683  71.57043  107.72612 ],[ 8.155932 16.679075 35.898937 65.893974],[7.7525196 7.61852   7.3863587 7.120708 ],[0.82738185 0.942842   1.1346686  1.3172193 ],[7.927203  7.8822603 7.847619  7.832544 ],[0.74526685 0.8172085  0.8804765  0.9221472 ]
DDK8,A,4e-07,27,True,False,TDD,vanilla,0,[0.16730842 0.26693255 0.41442472 0.58059406],[0.12516344 0.17759714 0.26312253 0.40115082],[ 31.07978  53.50005  91.8065  139.5726 ],[  9.013995  27.262423  61.95114  106.200226],[7.799873  7.6772203 7.4632    7.203495 ],[0.801488   0.90036356 1.0402123  1.1718359 ],[7.9919696 7.989279  7.998762  8.014314 ],[0.70994437 0.749423   0.7883426  0.81563747]
DDK8,A,4e-07,33,True,False,TDD,vanilla,0,[0.19644913 0.36065984 0.5650838  0.7316412 ],[0.1301769  0.2488464  0.36596027 0.40712574],[ 35.183964  66.33085  116.35977  175.44199 ],[ 10.305292  36.520958  73.52736  119.74289 ],[7.789497  7.590945  7.2375727 6.8028755],[0.80168617 0.96990603 1.2382207  1.5053016 ],[7.995203  7.9802413 7.973531  7.9859047],[0.70891154 0.7746805  0.8564755  0.92781574]
DDK8,A,4e-07,36,True,False,TDD,vanilla,0,[0.18583897 0.306078   0.5087076  0.7246086 ],[0.11293422 0.1788386  0.3169461  0.5115929 ],[ 38.16765   66.404144 115.59714  167.74207 ],[ 12.365339  32.36466   68.08937  108.98114 ],[7.895719  7.7230196 7.328653  6.8101563],[0.94904953 1.0333703  1.2391475  1.483684  ],[8.108352 8.090845 8.035079 7.95603 ],[0.8385771  0.8493455  0.87210375 0.9073687 ]
DDK8,A,4e-07,42,True,False,TDD,vanilla,0,[0.25346172 0.43497533 0.66331184 0.8499922 ],[0.15590987 0.23711711 0.32511476 0.37259397],[ 44.249897  94.74122  173.60164  250.36023 ],[ 14.617428  57.03436  124.112564 171.29512 ],[7.645283  7.4718366 7.0988536 6.642517 ],[0.94592774 1.0739957  1.195519   1.3650389 ],[7.9211125 8.026638  8.094642  8.118456 ],[0.81548744 0.8076006  0.8508136  0.89531356]
DDK8,C,5e-08,3,True,False,TDD,vanilla,0,[0.05289404 0.07087857 0.09103223 0.11695156],[0.02187464 0.03268025 0.04063679 0.05368936],[ 9.157097 12.359544 16.13639  21.60862 ],[2.064322  3.5233994 5.634424  8.892788 ],[8.295177  8.2824745 8.266291  8.243357 ],[0.20065066 0.21204816 0.22557385 0.24218178],[8.326575 8.326315 8.326018 8.325577],[0.19877578 0.20899162 0.22026956 0.2324996 ]
DDK8,C,5e-08,6,True,False,TDD,vanilla,0,[0.07132535 0.11138    0.16661942 0.23876472],[0.03066654 0.0619238  0.09809621 0.14297189],[11.30396  17.974167 28.293022 43.048607],[ 3.0001233  7.0505204 15.674628  29.514112 ],[8.185761  8.146634  8.089794  8.0113535],[0.3059119  0.33227935 0.36618736 0.40780002],[8.230418 8.22319  8.218066 8.215206],[0.29918042 0.32049295 0.3425427  0.3658508 ]
DDK8,C,5e-08,9,True,False,TDD,vanilla,0,[0.09038325 0.1756248  0.26842752 0.37271446],[0.0464698  0.13267092 0.1886391  0.22106197],[14.392498 26.432896 46.51753  72.20657 ],[ 4.0261607 11.983573  27.25515   45.938896 ],[8.198391  8.142077  8.040177  7.8928666],[0.4069332  0.45495093 0.5150452  0.594698  ],[8.254384 8.254124 8.254158 8.25498 ],[0.39488202 0.43240994 0.46764877 0.49863467]
DDK8,C,5e-08,12,True,False,TDD,vanilla,0,[0.10186372 0.1931495  0.3175286  0.46116439],[0.06332302 0.12149521 0.2033267  0.28701332],[16.842598 34.04216  61.977814 97.79408 ],[ 5.315123 18.031063 42.692425 70.48992 ],[8.222844  8.12648   7.9648314 7.7165484],[0.42332357 0.48243496 0.5712417  0.7378653 ],[8.288876  8.277489  8.269999  8.2660885],[0.40042427 0.41886386 0.44892526 0.4908567 ]
DDK8,C,5e-08,15,True,False,TDD,vanilla,0,[0.12557049 0.25379565 0.42716148 0.5475249 ],[0.06600045 0.16540398 0.28459927 0.32589084],[ 20.64808   46.870644  84.05085  127.11513 ],[ 9.4072075 34.089607  63.342297  91.57203  ],[8.207247  8.098791  7.882718  7.5596066],[0.41744137 0.48594555 0.6888181  1.0739464 ],[8.284434 8.291013 8.302465 8.324361],[0.4031638  0.44232005 0.4866336  0.5346952 ]
DDK8,C,5e-08,18,True,False,TDD,vanilla,0,[0.18386964 0.38431615 0.6164146  0.7452638 ],[0.15092558 0.26631188 0.44473398 0.4091361 ],[ 27.122688  69.553825 118.76984  161.57439 ],[ 13.593472  48.605347  81.46961  103.90601 ],[8.076257  7.830871  7.4448333 6.953256 ],[0.5864135 0.7612254 1.0050789 1.3503575],[8.200162 8.199213 8.199512 8.190836],[0.5350562  0.57275265 0.58666337 0.60950494]
DDK8,C,5e-08,21,True,False,TDD,vanilla,0,[0.18742602 0.41394734 0.61314565 0.77837163],[0.11310895 0.27770904 0.34688595 0.368941  ],[ 31.768147  81.690216 133.73141  183.0028  ],[ 15.806227  62.910164  95.70285  117.10536 ],[8.136758  7.819416  7.3936367 6.9727297],[0.5455208 0.8338113 1.178886  1.3634479],[8.273708 8.270968 8.278294 8.289778],[0.4893335 0.5536807 0.6028044 0.6329883]
DDK8,C,5e-08,24,True,False,TDD,vanilla,0,[0.22713983 0.45976302 0.6234205  0.76562446],[0.16476603 0.32318068 0.34161115 0.3604043 ],[ 37.437653  89.241936 139.7144   186.93475 ],[ 21.959715  63.426006  90.54987  118.86128 ],[8.060224  7.6579084 7.255676  6.7415075],[0.6352018 1.0474137 1.2533935 1.5669681],[8.232507 8.229933 8.229175 8.226252],[0.56549513 0.60039735 0.6194327  0.6659933 ]
DDK8,C,5e-08,27,True,False,TDD,vanilla,0,[0.2742316  0.53321207 0.72202474 0.878157  ],[0.2183037  0.38037667 0.41860503 0.52517056],[ 43.517017 104.74873  153.59541  194.4099  ],[ 26.203962  78.459305  97.83276  102.99467 ],[7.9377394 7.4373794 6.943999  6.5866303],[0.71944624 1.229472   1.4177039  1.5338155 ],[8.173424 8.189116 8.193333 8.201783],[0.5681614  0.57618004 0.5760544  0.6105042 ]
DDK8,C,5e-08,33,True,False,TDD,vanilla,0,[0.39743644 0.6735402  0.9102852  1.0675415 ],[0.4076916  0.47526655 0.5369774  0.66482943],[ 63.14237 133.80794 197.93222 239.40234],[ 55.14788   87.974335 122.92749  135.12308 ],[7.8488936 7.1769295 6.7822595 6.3216124],[0.6819462 1.336429  1.3038607 1.5658134],[8.163975 8.166744 8.197453 8.228497],[0.55520767 0.59197205 0.6344895  0.69245917]
DDK8,C,5e-08,36,True,False,TDD,vanilla,0,[0.58862704 0.92188895 1.1764312  1.1640807 ],[0.54037875 0.6215357  0.8431172  0.70189846],[ 95.908134 177.08336  236.83533  264.32678 ],[ 99.58331  112.781654 144.5993   140.77026 ],[7.6964607 6.891417  6.1744604 6.0706606],[0.8840534 1.3770056 1.6377006 1.5526354],[8.201372 8.212413 8.186459 8.202197],[0.5879251 0.6015146 0.5885965 0.6164567]
DDK8,C,5e-08,42,True,False,TDD,vanilla,0,[0.94204926 0.97208834 1.1543453  1.1861836 ],[1.6176348  0.85548466 0.78547317 0.668095  ],[139.02014 173.83861 226.839   263.74683],[188.04726  111.965416 134.91241  148.25542 ],[7.3187847 6.78016   6.1794567 5.556924 ],[1.1578809 1.3415246 1.4844935 1.712285 ],[8.154698 8.128567 8.085518 8.078484],[0.6038881  0.6198292  0.71537834 0.8178851 ]
DDK8,C,2e-07,3,True,False,TDD,vanilla,0,[0.04171831 0.05404905 0.06872009 0.08906364],[0.01135432 0.01701155 0.0249384  0.03589476],[ 9.864091 12.834491 16.430765 21.649141],[2.0644014 3.4393888 5.4406676 8.459245 ],[8.230481 8.216993 8.200702 8.17783 ],[0.16656509 0.17891175 0.19332124 0.20969853],[8.269406 8.268143 8.26673  8.265156],[0.16525045 0.17695566 0.18965855 0.20317249]
DDK8,C,2e-07,6,True,False,TDD,vanilla,0,[0.05746655 0.08822229 0.1317818  0.18754105],[0.01760531 0.03549289 0.06434099 0.10029278],[13.653608 21.004978 32.01861  46.80207 ],[ 3.2374988  7.2479444 14.560176  24.72711  ],[8.232671 8.19233  8.1325   8.048858],[0.24815965 0.28180495 0.32834303 0.3964049 ],[8.289013 8.28343  8.278104 8.273454],[0.23840481 0.2612574  0.2851649  0.3086477 ]
DDK8,C,2e-07,9,True,False,TDD,vanilla,0,[0.07153467 0.11894941 0.19180714 0.2788647 ],[0.02352172 0.04956654 0.0924826  0.13602681],[16.530382 27.900484 46.317543 70.53378 ],[ 3.8453233  9.956892  21.255316  36.279278 ],[8.195214  8.143792  8.055448  7.9268203],[0.31531483 0.36484405 0.43132544 0.5232173 ],[8.265249 8.267987 8.272074 8.276913],[0.30145794 0.33881113 0.3764504  0.4147206 ]
DDK8,C,2e-07,12,True,False,TDD,vanilla,0,[0.08334234 0.15911393 0.26140556 0.37079933],[0.03247382 0.09150111 0.17324232 0.22478439],[19.359138 37.585537 63.219933 95.64439 ],[ 6.4700356 19.526718  37.599464  59.94354  ],[8.19241   8.10154   7.9560714 7.760788 ],[0.36620942 0.44656366 0.5661887  0.7344957 ],[8.275466 8.271283 8.26691  8.262678],[0.34935436 0.39719546 0.44388452 0.48593506]
DDK8,C,2e-07,15,True,False,TDD,vanilla,0,[0.10493751 0.21849133 0.35408154 0.49641114],[0.04275195 0.11875411 0.19212496 0.24063173],[ 23.845016  52.375156  89.92185  132.75322 ],[ 8.725667 29.55987  53.032352 74.677986],[8.097398  7.9473443 7.7011085 7.359822 ],[0.47843373 0.56684065 0.7323209  0.95323986],[8.207965 8.210038 8.215867 8.224112],[0.45113933 0.4856871  0.5191998  0.54643935]
DDK8,C,2e-07,18,True,False,TDD,vanilla,0,[0.11853541 0.2468787  0.3938551  0.5322283 ],[0.0598144  0.13974631 0.20781338 0.24215555],[ 27.46754   63.210903 109.2192   156.14175 ],[ 11.6767645  42.688763   82.5653    117.186516 ],[8.134335  7.9674144 7.6810236 7.3071012],[0.5348658 0.6382481 0.8010483 1.0535247],[8.257838 8.261139 8.260707 8.264115],[0.49564663 0.5484521  0.60611343 0.6623807 ]
DDK8,C,2e-07,21,True,False,TDD,vanilla,0,[0.13751188 0.28440997 0.43084067 0.57264334],[0.07069427 0.18464652 0.23217581 0.23976351],[ 33.544422  75.446365 121.697014 169.89357 ],[ 18.315756  58.91635   86.77107  102.53286 ],[8.081837  7.867484  7.5186815 7.109765 ],[0.52751374 0.68275887 0.9602219  1.21947   ],[8.236614 8.255446 8.269096 8.275333],[0.48349896 0.5265164  0.5651753  0.60599506]
DDK8,C,2e-07,24,True,False,TDD,vanilla,0,[0.17842966 0.38705352 0.5739398  0.7248126 ],[0.0927977  0.1979477  0.25486124 0.23808275],[ 40.095924  96.6168   150.49416  198.63373 ],[ 23.019962  64.154396  89.081825 103.220436],[7.9331527 7.580662  7.1432652 6.5699577],[0.64319414 0.8470751  1.0773555  1.4369019 ],[8.131182 8.132619 8.148181 8.162027],[0.5804273  0.61564034 0.6213094  0.64173055]
DDK8,C,2e-07,27,True,False,TDD,vanilla,0,[0.18129015 0.37889445 0.5711626  0.7210993 ],[0.08977839 0.19212128 0.25720617 0.26668847],[ 41.76669  94.4954  144.67134 188.00342],[20.54299  58.385597 78.76218  92.85256 ],[7.9540224 7.5986853 7.1180096 6.569528 ],[0.6204866 0.8179214 1.1427908 1.3913314],[8.16426  8.148859 8.14116  8.125651],[0.5455145  0.57448643 0.5996173  0.65095395]
DDK8,C,2e-07,33,True,False,TDD,vanilla,0,[0.28093225 0.52820885 0.7050542  0.7994976 ],[0.20439902 0.34630406 0.39615014 0.28612766],[ 60.22411 121.48857 174.57365 211.1509 ],[ 38.71824  78.66994 103.61646 106.7083 ],[7.7924623 7.246205  6.769     6.4114923],[0.7962323 1.1584407 1.3537129 1.4081   ],[8.134128 8.123875 8.132454 8.157437],[0.62713987 0.62046474 0.62091714 0.6189508 ]
DDK8,C,2e-07,36,True,False,TDD,vanilla,0,[0.26743233 0.5090414  0.72160167 0.8192687 ],[0.23803557 0.35022143 0.50837237 0.32736376],[ 62.50963 128.58815 184.52977 223.84293],[ 48.060757  91.08236  110.544716 111.61828 ],[7.899072  7.395037  6.9493666 6.4887695],[0.7150871 1.1109878 1.295561  1.3964816],[8.223166 8.203659 8.193959 8.197771],[0.5721486  0.62228054 0.6435787  0.6443599 ]
DDK8,C,2e-07,42,True,False,TDD,vanilla,0,[0.5138174  0.6455454  0.91433245 1.0134234 ],[0.93553185 0.38462853 0.6986173  0.45066452],[128.67426 162.47934 237.62808 272.29688],[356.6022    98.801216 153.4262   134.61734 ],[7.581491  7.1199017 6.542834  5.9585156],[1.1522754 1.2603618 1.3720253 1.3915318],[8.202137 8.208331 8.213117 8.186108],[0.62006235 0.64596266 0.66607225 0.7035478 ]
DDK8,C,4e-07,3,True,False,TDD,vanilla,0,[0.04838991 0.05996135 0.07321955 0.09430732],[0.01183467 0.01743439 0.02481044 0.03720475],[12.6820755 15.652768  19.090185  24.820602 ],[2.9813704 4.402593  6.3969235 9.962171 ],[8.263249 8.252677 8.240059 8.220922],[0.1856499  0.20062996 0.21674226 0.23573339],[8.31983  8.321709 8.323363 8.324781],[0.1824369  0.19586535 0.21045375 0.22601187]
DDK8,C,4e-07,6,True,False,TDD,vanilla,0,[0.06356222 0.08740831 0.11949594 0.16120256],[0.0171992  0.02939796 0.04732523 0.07026301],[15.890267 21.944029 30.258696 41.40273 ],[ 4.4556627  8.038812  13.404021  20.848633 ],[8.183376 8.154954 8.117847 8.069585],[0.27180707 0.29584488 0.32373506 0.35707644],[8.259438 8.260148 8.261916 8.265042],[0.26467186 0.2839932  0.30338576 0.3230583 ]
DDK8,C,4e-07,9,True,False,TDD,vanilla,0,[0.08176535 0.12286943 0.18232371 0.25690347],[0.02792506 0.04898326 0.08052973 0.12241857],[19.660547 29.77146  45.382618 65.37867 ],[ 4.8954854 10.570695  21.120628  34.070736 ],[8.20548   8.147782  8.064815  7.9530354],[0.35776812 0.4097932  0.46798158 0.5438704 ],[8.299542  8.2919655 8.284302  8.276176 ],[0.3363756  0.3739166  0.41209707 0.44999707]
DDK8,C,4e-07,12,True,False,TDD,vanilla,0,[0.09444087 0.15628833 0.24188717 0.34617138],[0.02893459 0.06111375 0.10486933 0.14884448],[23.062778 38.937016 62.091938 91.55692 ],[ 6.278746 16.092995 31.311535 49.67367 ],[8.140833  8.05623   7.9222813 7.735223 ],[0.38580745 0.43857798 0.51082695 0.6144829 ],[8.254019 8.249561 8.239468 8.22615 ],[0.36668321 0.40296978 0.44160876 0.48203832]
DDK8,C,4e-07,15,True,False,TDD,vanilla,0,[0.11120518 0.20329674 0.31493104 0.44105947],[0.03537142 0.08191999 0.13602948 0.19194275],[ 28.272995  53.88402   87.673416 128.33904 ],[ 7.948402 23.548023 44.776405 71.21196 ],[8.162976  8.051487  7.8853664 7.635677 ],[0.39482874 0.47387844 0.5851733  0.7573552 ],[8.300738 8.310435 8.318503 8.321449],[0.36233523 0.4033232  0.448278   0.4995451 ]
DDK8,C,4e-07,18,True,False,TDD,vanilla,0,[0.13287486 0.2527762  0.38527036 0.52188826],[0.05706502 0.13288212 0.19248354 0.22657396],[ 32.18781  64.3774  105.00111 152.12206],[10.381298 30.732656 56.690487 84.035286],[8.08045  7.917814 7.668797 7.327939],[0.56560135 0.7098995  0.91489947 1.1844046 ],[8.245845 8.256775 8.268593 8.282536],[0.5129303  0.5608195  0.60647964 0.64250934]
DDK8,C,4e-07,21,True,False,TDD,vanilla,0,[0.16569436 0.30506083 0.4638274  0.6067281 ],[0.07273003 0.15252517 0.20646326 0.21989867],[ 38.84166  77.8781  127.18733 179.67102],[14.229105 41.727097 67.84993  93.639984],[8.002994  7.8058043 7.4809546 7.074973 ],[0.55369586 0.67615926 0.8971688  1.1561302 ],[8.208268 8.233376 8.263854 8.301309],[0.48909435 0.49843127 0.5081799  0.52443814]
DDK8,C,4e-07,24,True,False,TDD,vanilla,0,[0.17373283 0.33535117 0.49386853 0.6308611 ],[0.07729801 0.17824982 0.21888047 0.21705316],[ 41.32772  86.57522 132.94968 177.40013],[16.969904 56.324486 79.077156 96.12726 ],[8.011117  7.7347474 7.3600144 6.918477 ],[0.5601425 0.7090301 0.9168772 1.1615515],[8.224326 8.216809 8.205311 8.196901],[0.5019927  0.53854054 0.5763094  0.6127203 ]
DDK8,C,4e-07,27,True,False,TDD,vanilla,0,[0.18812534 0.35238656 0.51832557 0.65807307],[0.0820384  0.17164019 0.21257825 0.2204188 ],[ 46.59579   92.832375 140.43011  183.55878 ],[24.584097 64.01003  83.48457  98.20368 ],[7.9734497 7.6665053 7.3230963 6.9146533],[0.58544135 0.7945887  0.9764909  1.1700176 ],[8.212278 8.205426 8.209401 8.201062],[0.52702165 0.5741107  0.6127436  0.64407486]
DDK8,C,4e-07,33,True,False,TDD,vanilla,0,[0.24601917 0.42558578 0.60205626 0.7168709 ],[0.13599786 0.22061117 0.26350707 0.2763643 ],[ 57.110497 107.6527   156.41516  192.34348 ],[ 29.834969  62.135464  81.18549  101.7284  ],[7.8603554 7.5130215 7.0907025 6.7354198],[0.7837298 1.0268906 1.2459486 1.4087029],[8.183739 8.192224 8.175432 8.147135],[0.6432265  0.66101295 0.6978664  0.7402622 ]
DDK8,C,4e-07,36,True,False,TDD,vanilla,0,[0.26730728 0.5004336  0.68935865 0.77098703],[0.16973704 0.28837124 0.3109515  0.25567675],[ 64.01228 131.15512 188.8528  223.53355],[ 31.706945  71.40258   91.29188  107.93177 ],[7.9169297 7.422198  6.8677783 6.5978594],[0.7968764 1.1967896 1.5421698 1.5436181],[8.265757  8.2690735 8.257155  8.252183 ],[0.6276491  0.67769957 0.705928   0.7128718 ]
DDK8,C,4e-07,42,True,False,TDD,vanilla,0,[0.3699894  0.56270623 0.7695137  0.9116007 ],[0.30081946 0.26023948 0.29814377 0.257067  ],[ 96.978584 147.56433  212.8127   258.3262  ],[107.26023  87.20576 118.13145 123.72322],[7.6448255 7.2277775 6.6976013 6.1427107],[0.88329047 1.0666085  1.2394152  1.30527   ],[8.192731 8.206451 8.21126  8.215601],[0.59920657 0.60754186 0.64400005 0.6513544 ]
DDK8,D,5e-08,3,True,False,TDD,vanilla,0,[0.01296154 0.01800442 0.02239636 0.0284178 ],[0.00381518 0.00675882 0.00974407 0.01358178],[3.8017642 5.2817664 6.562868  8.32483  ],[1.0957321 1.9667013 2.848638  4.004014 ],[8.282722 8.27488  8.267803 8.259012],[0.07640333 0.08263133 0.08941796 0.0967788 ],[8.299658 8.29858  8.297538 8.29653 ],[0.07468852 0.07996947 0.08556426 0.0913942 ]
DDK8,D,5e-08,6,True,False,TDD,vanilla,0,[0.01660249 0.02469478 0.03270188 0.04263239],[0.00534446 0.00923303 0.01368223 0.01880211],[ 4.902163   7.3174105  9.683184  12.620131 ],[1.5347358 2.6922977 3.9255216 5.3655543],[8.290074 8.278977 8.267714 8.25429 ],[0.12095913 0.13374867 0.14818485 0.16368498],[8.311767 8.311415 8.310966 8.310436],[0.12025459 0.13231722 0.14488111 0.15781623]
DDK8,D,5e-08,9,True,False,TDD,vanilla,0,[0.0192029  0.02923887 0.04073292 0.0545806 ],[0.00480621 0.0086488  0.01393606 0.02157317],[ 5.6032166  8.515075  11.818568  15.748665 ],[1.3349422 2.359108  3.7171094 5.44431  ],[8.272365 8.254677 8.234371 8.212434],[0.13395074 0.15601009 0.18045253 0.20834394],[8.297676 8.293371 8.288761 8.283954],[0.1321482  0.15266456 0.17479543 0.19807528]
DDK8,D,5e-08,12,True,False,TDD,vanilla,0,[0.02326296 0.03600127 0.05155713 0.06987567],[0.00720959 0.01301027 0.02059629 0.03079209],[ 6.641314 10.270604 14.670254 19.943308],[1.8152086 3.4990375 5.7240562 8.989556 ],[8.252588 8.233684 8.210945 8.186387],[0.191833   0.21740586 0.24489991 0.27303085],[8.282729 8.280233 8.277586 8.274747],[0.18684064 0.21076299 0.2355141  0.26066127]
DDK8,D,5e-08,15,True,False,TDD,vanilla,0,[0.02710122 0.04490129 0.06458704 0.08825694],[0.0116768  0.02263794 0.03574343 0.04975767],[ 7.649796 12.663541 18.222162 25.144356],[ 2.7020788  5.4788814  9.01412   13.395702 ],[8.235294 8.210499 8.18621  8.158348],[0.21674043 0.24069464 0.26340997 0.28725886],[8.270022 8.268729 8.268344 8.268918],[0.2086949  0.22577141 0.24269079 0.25992864]
DDK8,D,5e-08,18,True,False,TDD,vanilla,0,[0.03068141 0.05142549 0.07692947 0.10796427],[0.01054958 0.02128032 0.03646382 0.05274943],[ 8.660257 14.343594 21.286917 30.037983],[ 2.5176387  4.963427   8.809231  13.576661 ],[8.228221 8.190324 8.148881 8.107862],[0.24346325 0.27951255 0.31844413 0.35439256],[8.267819  8.256482  8.2475815 8.242658 ],[0.2351493 0.2640463 0.2919402 0.3160511]
DDK8,D,5e-08,21,True,False,TDD,vanilla,0,[0.0317454  0.0543126  0.08482429 0.11943024],[0.01109526 0.02432348 0.0419832  0.06331614],[ 9.119197 15.652416 24.692427 35.21372 ],[ 3.084306   6.6926575 11.788979  18.664904 ],[8.236782  8.214171  8.1855135 8.151689 ],[0.25755662 0.29648608 0.3403376  0.38711318],[8.27719   8.282884  8.2891655 8.295584 ],[0.25249338 0.2854534  0.32003936 0.35299757]
DDK8,D,5e-08,24,True,False,TDD,vanilla,0,[0.03412764 0.05687587 0.08845465 0.1203384 ],[0.01181144 0.02307927 0.03602302 0.05207464],[ 9.748333 16.27722  25.284279 34.52224 ],[ 2.9320319  6.4293437 10.359473  15.764606 ],[8.237434 8.20308  8.156943 8.109195],[0.25416768 0.28681052 0.32415572 0.36308962],[8.280112  8.273623  8.264235  8.2512455],[0.24701582 0.27596948 0.30649292 0.3357034 ]
DDK8,D,5e-08,27,True,False,TDD,vanilla,0,[0.03679086 0.06332923 0.09798815 0.13645545],[0.01349053 0.03396825 0.05809297 0.08613945],[10.48186  17.716206 27.629187 38.905075],[ 3.8214867  9.0015335 15.336937  23.68688  ],[8.216769 8.187374 8.150396 8.118082],[0.30697882 0.33313817 0.36609367 0.39946935],[8.262777 8.265217 8.269065 8.273772],[0.2979555  0.3138878  0.33165452 0.3518799 ]
DDK8,D,5e-08,33,True,False,TDD,vanilla,0,[0.04219231 0.07134435 0.11614379 0.15726277],[0.01747751 0.03534365 0.05886061 0.07138714],[11.550785 19.454866 32.01066  44.886322],[ 3.5733354  8.568447  15.132604  22.141329 ],[8.183215 8.142596 8.092156 8.062338],[0.32622966 0.3480901  0.37157813 0.37661585],[8.235228 8.229521 8.229554 8.238303],[0.31300098 0.32693157 0.3373971  0.34345612]
DDK8,D,5e-08,36,True,False,TDD,vanilla,0,[0.04408654 0.07789531 0.12591782 0.17427681],[0.01930887 0.04461206 0.07353068 0.0962164 ],[12.990562 23.103977 37.53299  52.679955],[ 4.8307643 13.121572  21.322983  28.25329  ],[8.283826  8.248397  8.195667  8.1450405],[0.2910575  0.31539357 0.343815   0.3795063 ],[8.336734 8.337908 8.336387 8.332141],[0.27704263 0.29162735 0.30735877 0.3248851 ]
DDK8,D,5e-08,42,True,False,TDD,vanilla,0,[0.05156413 0.09822641 0.15314558 0.20901307],[0.02428803 0.05427508 0.08477501 0.11000891],[14.785989 28.534712 45.936485 64.35169 ],[ 5.7336283 12.2937    23.553642  37.10836  ],[8.230766 8.211684 8.184081 8.131708],[0.31549993 0.33700666 0.3614924  0.40332696],[8.291798 8.319096 8.342037 8.351114],[0.29859725 0.30620685 0.31966177 0.34217647]
DDK8,D,2e-07,3,True,False,TDD,vanilla,0,[0.01930917 0.02453719 0.02925804 0.03501661],[0.00656222 0.00943402 0.01248499 0.01595998],[ 5.7037797  7.2504225  8.653965  10.375981 ],[1.8796308 2.729382  3.6266372 4.6645794],[8.280815 8.274597 8.269142 8.262367],[0.05729385 0.06461412 0.07257261 0.08080599],[8.30472  8.305355 8.306001 8.306659],[0.05492547 0.06174164 0.06871933 0.07579485]
DDK8,D,2e-07,6,True,False,TDD,vanilla,0,[0.02289256 0.03132787 0.03894317 0.04825657],[0.00637753 0.01026284 0.01401543 0.01854524],[ 6.7551274  9.244101  11.497411  14.252303 ],[1.7878165 2.927712  4.028973  5.3876324],[8.276634  8.2645235 8.253046  8.239786 ],[0.08653054 0.09894832 0.11175527 0.12483059],[8.304998 8.30393  8.302717 8.301365],[0.08359402 0.0947236  0.10591125 0.1170879 ]
DDK8,D,2e-07,9,True,False,TDD,vanilla,0,[0.02875284 0.03914827 0.05098254 0.06438527],[0.00795158 0.01008379 0.01350238 0.01750973],[ 8.4345875 11.507097  15.012565  19.033684 ],[2.008613  2.5554059 3.555852  4.8596034],[8.269648 8.256545 8.241021 8.224664],[0.13311435 0.14865257 0.16486134 0.18135858],[8.304958 8.305161 8.30541  8.30564 ],[0.12817776 0.14271183 0.15739685 0.17246187]
DDK8,D,2e-07,12,True,False,TDD,vanilla,0,[0.02917034 0.03974614 0.05068645 0.06476548],[0.00892571 0.01261199 0.01478384 0.01948124],[ 8.658594 11.787493 15.06069  19.283642],[2.6592414 3.675907  4.362044  5.873022 ],[8.277719 8.26289  8.247372 8.229132],[0.14612544 0.17000948 0.1940294  0.21901822],[8.313007 8.312093 8.310837 8.309354],[0.14296053 0.16523613 0.1881396  0.2113783 ]
DDK8,D,2e-07,15,True,False,TDD,vanilla,0,[0.03463369 0.05030712 0.0654861  0.08595018],[0.0102218  0.01581629 0.02084094 0.0296605 ],[10.166954 14.816533 19.299742 25.504597],[ 3.0457284  4.8221383  6.5402775 10.023426 ],[8.251963 8.230605 8.211365 8.186268],[0.190145   0.21359001 0.23741928 0.26088363],[8.293565  8.2920685 8.2905855 8.289156 ],[0.18703032 0.20940296 0.23131841 0.25235698]
DDK8,D,2e-07,18,True,False,TDD,vanilla,0,[0.03747438 0.05241673 0.06851224 0.09194416],[0.01311123 0.01971809 0.02605431 0.03594583],[10.9379835 15.313399  20.130722  27.219654 ],[ 3.3122816  4.7486334  6.6401815 10.117996 ],[8.260648 8.245591 8.229532 8.206303],[0.22856908 0.2522889  0.27627605 0.29891434],[8.305725 8.309488 8.312395 8.314784],[0.22037174 0.2390583  0.25812885 0.27720353]
DDK8,D,2e-07,21,True,False,TDD,vanilla,0,[0.03973845 0.05609651 0.07828246 0.10749632],[0.01475277 0.02031323 0.03055478 0.04151202],[11.26557  16.026697 22.464802 31.185896],[ 3.5632763  5.2044005  7.915333  11.502772 ],[8.217108 8.199872 8.181043 8.156321],[0.2546806  0.27750462 0.30031332 0.32272872],[8.264703 8.267769 8.272947 8.279535],[0.24443386 0.26372743 0.2798239  0.2931526 ]
DDK8,D,2e-07,24,True,False,TDD,vanilla,0,[0.04375002 0.06201919 0.09080642 0.12183484],[0.01479513 0.02231865 0.03480504 0.04848303],[12.462231 17.659773 26.003042 35.514507],[ 3.661294  5.349063  8.693895 13.889647],[8.22609  8.209648 8.184673 8.162469],[0.25220203 0.27289265 0.29704565 0.32227433],[8.277871 8.283131 8.289918 8.296556],[0.24175097 0.25661522 0.27360883 0.29408902]
DDK8,D,2e-07,27,True,False,TDD,vanilla,0,[0.04405478 0.06518106 0.09710347 0.13083446],[0.01473813 0.02373525 0.04006285 0.06037398],[12.436252 18.4327   27.633806 37.765633],[ 3.673242  6.217123 11.174734 17.812817],[8.201631 8.177174 8.147894 8.119905],[0.27457994 0.3006686  0.33299342 0.3686439 ],[8.2537155 8.252774  8.254282  8.257275 ],[0.26518136 0.28589198 0.31270012 0.34290448]
DDK8,D,2e-07,33,True,False,TDD,vanilla,0,[0.04700826 0.07306273 0.11224943 0.14814758],[0.01908259 0.04020707 0.05923314 0.07755468],[13.532724 20.790327 32.5711   44.45625 ],[ 4.4623985  9.267838  15.508431  24.138988 ],[8.240351 8.214047 8.181294 8.16012 ],[0.30572334 0.3220257  0.3340073  0.34787798],[8.294483 8.296839 8.303677 8.315007],[0.29260948 0.29500195 0.30127394 0.31653824]
DDK8,D,2e-07,36,True,False,TDD,vanilla,0,[0.04996579 0.07797452 0.12174917 0.1620236 ],[0.01854851 0.03767787 0.06609314 0.08744814],[13.88703  21.160357 32.936447 44.25987 ],[ 4.298574  8.588931 15.952304 22.722143],[8.196228 8.142939 8.081712 8.031244],[0.3210491  0.3584344  0.39431483 0.42577606],[8.254462  8.231821  8.213254  8.2022705],[0.30821246 0.33105987 0.3529215  0.36922216]
DDK8,D,2e-07,42,True,False,TDD,vanilla,0,[0.05701061 0.09580372 0.14754857 0.19872603],[0.02099355 0.04053812 0.06187855 0.07866183],[16.328316 27.64523  43.234795 59.62418 ],[ 5.2670927 11.610816  21.369009  30.647884 ],[8.209512 8.166188 8.110435 8.067122],[0.3259746  0.34856245 0.36793375 0.38017783],[8.275828 8.271634 8.268322 8.26755 ],[0.31351313 0.32876962 0.3366903  0.34487548]
DDK8,D,4e-07,3,True,False,TDD,vanilla,0,[0.02592622 0.03183242 0.03677865 0.0430535 ],[0.0080728  0.01076888 0.01377873 0.01725679],[ 7.5887914  9.312326  10.748059  12.5695715],[2.3101273 3.102921  3.979877  5.000278 ],[8.263542 8.253205 8.243984 8.233088],[0.0562047  0.06464875 0.07329544 0.08229144],[8.293405 8.290766 8.28805  8.285257],[0.05372701 0.06171242 0.06978194 0.07790729]
DDK8,D,4e-07,6,True,False,TDD,vanilla,0,[0.03059779 0.03917201 0.04711487 0.05655609],[0.0094014  0.01241673 0.01575739 0.01996893],[ 8.990753 11.53563  13.925122 16.750076],[2.6635153 3.544199  4.5651555 5.824055 ],[8.2667055 8.256894  8.24789   8.237648 ],[0.10127491 0.11544712 0.12949164 0.14363848],[8.302427 8.303819 8.305447 8.30732 ],[0.09781612 0.11133109 0.12449647 0.1372722 ]
DDK8,D,4e-07,9,True,False,TDD,vanilla,0,[0.03523667 0.0449466  0.05504255 0.06643824],[0.01062775 0.01300755 0.01535556 0.01836787],[10.442453  13.3686905 16.433655  19.883358 ],[3.03703   3.7194378 4.462569  5.343837 ],[8.269861  8.2602625 8.249709  8.237968 ],[0.12738329 0.14660366 0.16571477 0.1852007 ],[8.310682 8.313534 8.316418 8.319339],[0.1229313  0.14134116 0.15957414 0.17754117]
DDK8,D,4e-07,12,True,False,TDD,vanilla,0,[0.0356524  0.04580182 0.0558825  0.06887879],[0.01094705 0.01467658 0.01878895 0.02376276],[10.5924425 13.610177  16.650423  20.616716 ],[3.2561252 4.317621  5.472094  7.0111084],[8.273847 8.261957 8.25025  8.236713],[0.16026329 0.18318294 0.20633745 0.22815731],[8.314311 8.315415 8.316559 8.31765 ],[0.15571669 0.17662454 0.19755578 0.21827404]
DDK8,D,4e-07,15,True,False,TDD,vanilla,0,[0.04319973 0.05613088 0.06914477 0.08675811],[0.01644218 0.02022699 0.02418779 0.03071239],[12.904571 16.84465  20.837835 26.291765],[4.5178304 5.624465  6.7564325 8.804294 ],[8.283126 8.271313 8.260649 8.244404],[0.18277965 0.20309576 0.22311263 0.24399987],[8.331775 8.336437 8.340626 8.344339],[0.17464425 0.1934692  0.21228619 0.23092636]
DDK8,D,4e-07,18,True,False,TDD,vanilla,0,[0.0448519  0.05869928 0.07480931 0.0964212 ],[0.01368045 0.01655556 0.02250407 0.03453903],[13.099606 17.117819 21.719639 28.071068],[ 3.9437642  4.765225   6.325195  10.024304 ],[8.235461 8.214891 8.195033 8.170009],[0.19489148 0.21653849 0.2431528  0.27228132],[8.286208 8.283078 8.280533 8.278921],[0.19004631 0.20961969 0.23211282 0.2563469 ]
DDK8,D,4e-07,21,True,False,TDD,vanilla,0,[0.04606281 0.06186916 0.08115078 0.10686058],[0.01515628 0.01960075 0.02538797 0.03650738],[13.576524 18.290823 23.931316 31.644775],[ 4.1615996  5.546196   7.135592  11.050969 ],[8.2634945 8.242288  8.217591  8.18657  ],[0.21689607 0.25694722 0.30271766 0.34748563],[8.315765 8.314188 8.310797 8.306976],[0.20739509 0.2451768  0.28654093 0.3257228 ]
DDK8,D,4e-07,24,True,False,TDD,vanilla,0,[0.04900555 0.0645948  0.08943237 0.11715757],[0.01879867 0.0257784  0.03634423 0.04905437],[14.094512 18.584404 25.798576 34.104828],[ 4.5841603  5.890919   8.645697  12.867677 ],[8.238971 8.220777 8.192691 8.167308],[0.25429657 0.28505257 0.32093945 0.35310286],[8.2942295 8.294001  8.29249   8.29053  ],[0.24053971 0.2657455  0.29513124 0.32629207]
DDK8,D,4e-07,27,True,False,TDD,vanilla,0,[0.04903695 0.06483476 0.09288643 0.1226666 ],[0.01770829 0.02184306 0.03304199 0.04879828],[14.138049 18.7794   27.09341  36.13812 ],[ 4.45901    5.5687885  9.724853  15.610199 ],[8.22949  8.214712 8.185948 8.156761],[0.25693628 0.26886252 0.28934687 0.3182107 ],[8.284804 8.288184 8.289756 8.287945],[0.24599674 0.25614992 0.27404147 0.30254942]
DDK8,D,4e-07,33,True,False,TDD,vanilla,0,[0.05599086 0.07709569 0.11375223 0.14920692],[0.02114794 0.03101603 0.04937613 0.06933426],[15.931658 21.97613  32.797985 43.96068 ],[ 4.846351   7.6460285 13.0118    20.680164 ],[8.22104  8.200092 8.17056  8.151316],[0.3098136  0.33527517 0.36435074 0.38233024],[8.283479 8.285306 8.291762 8.302665],[0.29424185 0.31225926 0.32923257 0.3390499 ]
DDK8,D,4e-07,36,True,False,TDD,vanilla,0,[0.06031135 0.08548932 0.12750018 0.16866171],[0.02286728 0.04083717 0.06757416 0.09221738],[16.287992 23.223614 35.191925 48.03    ],[ 4.607853  8.892972 16.083778 25.706379],[8.156344 8.137982 8.104668 8.073259],[0.32273412 0.35552758 0.39412937 0.42691806],[8.223469 8.229465 8.240253 8.252065],[0.30499366 0.32756943 0.34636486 0.3621993 ]
DDK8,D,4e-07,42,True,False,TDD,vanilla,0,[0.05701058 0.08679335 0.13034436 0.17653851],[0.02071244 0.03592979 0.055947   0.08031186],[16.367502 24.817717 37.434242 51.110607],[ 4.8655744  9.4209585 16.843407  25.745478 ],[8.23033  8.184872 8.130119 8.084964],[0.27422503 0.30381247 0.3259082  0.3443694 ],[8.293684 8.277752 8.263025 8.253034],[0.2600928  0.2811057  0.29591087 0.3149146 ]
DDK8,A,5e-08,3,True,False,TDD,vanilla,5,[0.02243198 0.0294308  0.03891762 0.05176903],[0.01243387 0.01685526 0.02507154 0.03569117],[4.099952  5.326546  6.9153347 9.257878 ],[1.2806778 1.9532148 3.0714612 4.6865172],[8.223616 8.22294  8.221394 8.217749],[0.36648476 0.38193393 0.39906776 0.41833654],[8.233838 8.237641 8.241822 8.246357],[0.36562672 0.3805851  0.39700893 0.4147793 ]
DDK8,A,5e-08,6,True,False,TDD,vanilla,5,[0.03074593 0.04857721 0.07535485 0.10901546],[0.01676215 0.03166095 0.05556824 0.08605288],[ 5.6490307  8.443881  13.107914  19.66321  ],[ 1.8284477  3.3035223  6.62857   12.41514  ],[8.267609  8.2593355 8.244611  8.223828 ],[0.44510606 0.48400617 0.52618766 0.57188714],[8.28204  8.2848   8.287399 8.290143],[0.44220755 0.47809482 0.5148415  0.55173457]
DDK8,A,5e-08,9,True,False,TDD,vanilla,5,[0.04496955 0.0812712  0.14460212 0.20892143],[0.0377169  0.0691634  0.14592318 0.2736218 ],[ 6.943074 11.662414 19.172548 28.503687],[ 2.4166255  5.1169925  9.714149  16.408394 ],[8.212935 8.180608 8.137743 8.090774],[0.55505884 0.6152008  0.6824517  0.7535721 ],[8.232175 8.218963 8.206256 8.19461 ],[0.5494946  0.6048245  0.66238713 0.7200331 ]
DDK8,A,5e-08,12,True,False,TDD,vanilla,5,[0.05079053 0.10650551 0.16271292 0.2566394 ],[0.04247733 0.10120434 0.15922983 0.24346519],[ 8.162964 16.170006 25.526491 43.973095],[ 2.8684313  8.5761175 15.537779  31.498682 ],[8.146519 8.114801 8.073105 8.012703],[0.57604545 0.65488607 0.74217945 0.8370674 ],[8.1713705 8.169162  8.165635  8.1618185],[0.5680532  0.6353437  0.7046337  0.77285534]
DDK8,A,5e-08,15,True,False,TDD,vanilla,5,[0.06294826 0.12637968 0.1996844  0.336877  ],[0.0524877  0.10867853 0.18188019 0.3369392 ],[10.868111 21.90973  38.29344  65.46359 ],[ 5.259299 15.068257 33.4921   65.09163 ],[8.195649 8.156186 8.114411 8.036188],[0.7330704 0.8179404 0.9040306 0.9996931],[8.229278 8.228537 8.234898 8.246084],[0.716445   0.7802941  0.83712816 0.889672  ]
DDK8,A,5e-08,18,True,False,TDD,vanilla,5,[0.08983991 0.17984076 0.28895625 0.47294435],[0.08654253 0.19822602 0.27596378 0.45432937],[11.750442 23.90101  44.066563 77.32927 ],[ 4.890296 14.210643 31.988417 67.43376 ],[8.12082   8.074238  8.002509  7.8716803],[0.84450924 0.9219925  1.0221128  1.1793941 ],[8.165414 8.166351 8.164887 8.15692 ],[0.8150258 0.8670547 0.9366969 1.025056 ]
DDK8,A,5e-08,21,True,False,TDD,vanilla,5,[0.09359369 0.18037163 0.29555786 0.42727378],[0.08638076 0.21290734 0.3025907  0.31937116],[13.187649 25.97948  47.535854 81.06509 ],[ 6.7086186 18.438597  37.346233  68.59404  ],[8.0446615 7.970507  7.855968  7.6775823],[0.93012553 0.99548024 1.076468   1.212896  ],[8.097888  8.0776415 8.057297  8.0439825],[0.8918794  0.9238005  0.95249516 0.97904676]
DDK8,A,5e-08,24,True,False,TDD,vanilla,5,[0.09480978 0.18024726 0.3520921  0.48096135],[0.08547101 0.18433887 0.4252524  0.43454045],[ 14.867768  30.318491  61.50579  103.301125],[ 6.7989283 23.29539   55.16742   90.970825 ],[8.197275  8.125552  7.9789333 7.748533 ],[0.8001622 0.8781021 1.0197219 1.260289 ],[8.248478 8.227171 8.202078 8.1868  ],[0.7698817  0.82811874 0.88698286 0.9156224 ]
DDK8,A,5e-08,27,True,False,TDD,vanilla,5,[0.11774366 0.2306596  0.43034893 0.6822431 ],[0.11750688 0.19615674 0.58152443 0.65883917],[ 15.528625  35.05489   71.007454 121.20414 ],[  7.321541  25.399143  59.91685  107.511986],[8.010282 7.919505 7.74294  7.447312],[0.8495599  0.93721086 1.070247   1.313038  ],[8.073305 8.057036 8.035699 8.017298],[0.81447893 0.87702554 0.95565355 1.0139018 ]
DDK8,A,5e-08,33,True,False,TDD,vanilla,5,[0.16818242 0.31862307 0.55058926 0.677478  ],[0.17073193 0.32505915 0.5108411  0.39463335],[ 22.032927  50.295044 106.27182  165.91295 ],[ 13.171424  41.737835  93.67762  154.40532 ],[8.096987  7.9934034 7.719035  7.297975 ],[1.0022204 1.0942286 1.2223514 1.4095618],[8.180847  8.193614  8.203002  8.1704445],[0.9456215  0.95782167 0.92753166 0.9645922 ]
DDK8,A,5e-08,36,True,False,TDD,vanilla,5,[0.19550078 0.4064035  0.7411848  0.9396223 ],[0.24156356 0.38369754 0.8316652  0.814082  ],[ 23.50052  57.2689  120.34954 193.37871],[ 12.853074  45.632027 101.94604  156.59433 ],[7.9935317 7.8455977 7.506456  7.0558968],[0.9029786 1.0165186 1.2946047 1.5502899],[8.093336 8.087319 8.075918 8.088953],[0.84122604 0.8823591  0.96047276 0.99210644]
DDK8,A,5e-08,42,True,False,TDD,vanilla,5,[0.24506305 0.47968525 0.7152603  1.071145  ],[0.2147362 0.4524903 0.5371624 1.1754351],[ 27.205172  70.91263  133.81743  198.97612 ],[ 20.618282  54.56665   97.7532   147.87285 ],[7.6888585 7.5004554 7.1014977 6.6290145],[1.1351126 1.299373  1.5723388 1.694625 ],[7.833758 7.885902 7.919857 7.917343],[1.0413706 1.023846  1.0217247 1.0423343]
DDK8,A,2e-07,3,True,False,TDD,vanilla,5,[0.02598789 0.03248187 0.04047829 0.05230137],[0.01105425 0.01498067 0.02154178 0.02997356],[5.0734596 6.1390214 7.406121  9.468046 ],[1.1537328 1.5396662 2.2426665 3.4799356],[8.11034  8.108462 8.106066 8.100993],[0.6320216  0.63595575 0.6408508  0.64732563],[8.130689 8.134304 8.138219 8.142409],[0.6257091 0.6282687 0.6312905 0.6347323]
DDK8,A,2e-07,6,True,False,TDD,vanilla,5,[0.02997629 0.04266046 0.06013075 0.08304191],[0.01393208 0.02260856 0.03488207 0.0499378 ],[ 6.2067194  8.529538  12.024727  17.08905  ],[1.6507118 2.877982  5.514757  9.588232 ],[8.252161  8.246636  8.2377205 8.224495 ],[0.6085184  0.62778896 0.65117747 0.6786637 ],[8.274826 8.279523 8.284403 8.289545],[0.6015826  0.61828643 0.63822275 0.6610321 ]
DDK8,A,2e-07,9,True,False,TDD,vanilla,5,[0.03890821 0.05981012 0.08924294 0.1242501 ],[0.02075528 0.03659096 0.05872684 0.08377582],[ 7.421796 10.830195 16.229637 23.885767],[ 2.009474   3.708677   7.8600917 15.852843 ],[8.18431  8.1783   8.163409 8.142208],[0.68300986 0.70724666 0.7377752  0.772016  ],[8.212872 8.222125 8.22945  8.234579],[0.6716166  0.6904289  0.7124399  0.73767006]
DDK8,A,2e-07,12,True,False,TDD,vanilla,5,[0.05289891 0.08772819 0.12974624 0.19119868],[0.03262204 0.05968012 0.09564567 0.13951682],[ 8.822812 14.155542 21.111109 33.06062 ],[ 2.5770092  6.097285  12.262741  24.53862  ],[8.077064  8.028856  7.9761724 7.9076014],[0.7462597  0.7977865  0.85211957 0.9240832 ],[8.118894 8.099322 8.080267 8.061373],[0.72288525 0.7593847  0.79724795 0.8372211 ]
DDK8,A,2e-07,15,True,False,TDD,vanilla,5,[0.06511307 0.11621721 0.17897156 0.27424496],[0.04012996 0.07861007 0.1200688  0.18102878],[ 9.981994 18.227394 30.007679 52.590492],[ 3.3679512  9.417887  20.717346  46.544018 ],[7.9090314 7.8593445 7.808271  7.717274 ],[0.8360669  0.9003496  0.96771926 1.064655  ],[7.960368 7.953955 7.952423 7.9545  ],[0.8137213 0.856927  0.8997762 0.942242 ]
DDK8,A,2e-07,18,True,False,TDD,vanilla,5,[0.06418367 0.11539074 0.1914181  0.31889188],[0.03649077 0.07613151 0.13510244 0.24167901],[11.672455 20.362856 34.39191  60.710094],[ 4.1034493  8.849983  20.10125   45.13482  ],[8.074545  8.011532  7.9286985 7.7885156],[0.835098  0.9041464 0.9850175 1.1022282],[8.126295 8.107923 8.089695 8.074124],[0.8090824  0.8441579  0.88169974 0.92264533]
DDK8,A,2e-07,21,True,False,TDD,vanilla,5,[0.08428159 0.14179763 0.23605183 0.3793108 ],[0.06361201 0.10293006 0.16479495 0.23762336],[13.848457 23.847454 43.2248   75.74685 ],[ 4.481431  10.2599535 23.04798   47.19115  ],[8.043007  7.9915776 7.8972416 7.734045 ],[0.8893946  0.94619584 1.0299505  1.1543658 ],[8.111541 8.108097 8.098149 8.079145],[0.84507656 0.87269056 0.9155379  0.9743686 ]
DDK8,A,2e-07,24,True,False,TDD,vanilla,5,[0.09054483 0.1588477  0.2714673  0.4168952 ],[0.07503194 0.13967021 0.23848492 0.32878223],[14.754182 26.173159 50.07949  87.84445 ],[ 4.597186 12.048797 29.250559 57.72365 ],[8.027357  7.9372883 7.79682   7.5972   ],[0.87813455 1.0016792  1.1384861  1.3230648 ],[8.102798 8.079458 8.073869 8.082761],[0.8285165 0.893055  0.9226012 0.9377865]
DDK8,A,2e-07,27,True,False,TDD,vanilla,5,[0.08581893 0.1666141  0.30205005 0.4752787 ],[0.05965983 0.13879213 0.23805429 0.34748858],[ 15.129282  30.230522  61.055508 102.84985 ],[  6.1691046  23.127567   63.166504  108.298676 ],[8.03709   7.9388623 7.751845  7.495004 ],[0.8321874 0.9267601 1.0725133 1.2304349],[8.11104  8.084653 8.048851 8.015041],[0.78864    0.83198315 0.884727   0.9329143 ]
DDK8,A,2e-07,33,True,False,TDD,vanilla,5,[0.1110018  0.23861904 0.42579556 0.6186775 ],[0.08564645 0.17940412 0.27560654 0.34521168],[ 20.122272  48.5338   100.291794 155.53831 ],[  9.279004  38.35527   89.02583  135.97868 ],[8.129153  8.01983   7.758524  7.3563595],[0.86534595 0.9644005  1.132068   1.3348513 ],[8.216682  8.2085085 8.163704  8.084707 ],[0.8136454 0.8615523 0.9495743 1.0525955]
DDK8,A,2e-07,36,True,False,TDD,vanilla,5,[0.13270909 0.28587306 0.54252386 0.7810628 ],[0.11275947 0.27703512 0.46300438 0.49120918],[ 21.464954  49.161346 106.959335 183.5814  ],[ 10.72552  37.95212  86.98746 151.29373],[7.967291  7.815717  7.4959865 7.121318 ],[0.9023588 1.0039463 1.2700135 1.4328818],[8.077505 8.06925  8.089985 8.128924],[0.82759804 0.8323908  0.8334932  0.87066954]
DDK8,A,2e-07,42,True,False,TDD,vanilla,5,[0.16159882 0.38401437 0.65573746 0.89187014],[0.13037403 0.4357762  0.5072869  0.5543918 ],[ 24.177986  59.133446 124.01489  191.34059 ],[ 14.966815  50.49842  119.53623  171.86732 ],[7.7904377 7.5414257 7.1424575 6.685164 ],[1.044249  1.249387  1.4542311 1.5415864],[7.927911  7.910005  7.917583  7.9121513],[0.96075475 0.9710648  0.9386558  0.9704687 ]
DDK8,A,4e-07,3,True,False,TDD,vanilla,5,[0.02768206 0.03307059 0.03843698 0.04772537],[0.00711993 0.00957844 0.01306736 0.01859369],[ 7.1205196  8.331501   9.514426  11.729384 ],[1.6484442 2.18966   2.842309  4.3297887],[8.110747  8.101582  8.0919895 8.080047 ],[0.34301338 0.35175347 0.36163974 0.37339905],[8.140506 8.137633 8.134504 8.131127],[0.34248444 0.35056454 0.35972664 0.36985973]
DDK8,A,4e-07,6,True,False,TDD,vanilla,5,[0.03723422 0.04943503 0.06544366 0.0859827 ],[0.01236253 0.01965307 0.03134863 0.04505478],[ 9.032165 11.551477 14.849083 19.411903],[2.2101755 3.1311517 4.8846707 8.083532 ],[8.140997 8.131063 8.118564 8.101089],[0.39296186 0.42476    0.4606108  0.4990964 ],[8.176272 8.178738 8.180604 8.181811],[0.39123917 0.4205529  0.45303023 0.4878832 ]
DDK8,A,4e-07,9,True,False,TDD,vanilla,5,[0.04368082 0.06038803 0.08495685 0.11428952],[0.01619658 0.02589625 0.04290242 0.06120751],[10.475188 13.957048 19.027493 25.75927 ],[2.54737   3.500607  5.7518044 9.856279 ],[8.14197  8.124302 8.100206 8.071141],[0.48147374 0.52125174 0.56525224 0.61215293],[8.184002 8.182483 8.180069 8.177103],[0.4719663  0.5057804  0.54053843 0.5759417 ]
DDK8,A,4e-07,12,True,False,TDD,vanilla,5,[0.05447904 0.08286145 0.12044469 0.17059743],[0.03091443 0.05288722 0.09524976 0.1349406 ],[12.252415 18.042328 25.216314 37.912617],[ 3.1249905  5.722991   9.050489  17.4345   ],[8.102442 8.074848 8.042303 7.99315 ],[0.58823335 0.6459226  0.7049111  0.77257   ],[8.15235  8.154115 8.15547  8.156445],[0.5726108  0.6156969  0.65478444 0.68982166]
DDK8,A,4e-07,15,True,False,TDD,vanilla,5,[0.06433197 0.1040273  0.1570915  0.23603101],[0.03314984 0.05524624 0.09070943 0.13092668],[13.827695 22.197649 33.969112 55.03092 ],[ 4.916907  9.941794 18.61553  40.287956],[8.007245  7.9768734 7.938452  7.86549  ],[0.5901314  0.64301723 0.70936346 0.79044455],[8.066401 8.071935 8.077987 8.082911],[0.5711157  0.6151953  0.66565377 0.7195561 ]
DDK8,A,4e-07,18,True,False,TDD,vanilla,5,[0.07258018 0.12291306 0.19427025 0.2913941 ],[0.03585799 0.06697575 0.11108088 0.15375921],[15.543763 27.306128 46.944286 79.74168 ],[ 4.2556753 11.298467  28.009825  54.827927 ],[8.024951  8.013562  7.9850883 7.911153 ],[0.6440453  0.71516967 0.8008661  0.9094132 ],[8.09442  8.127554 8.160606 8.190095],[0.6232103  0.6795312  0.74975705 0.8271956 ]
DDK8,A,4e-07,21,True,False,TDD,vanilla,5,[0.08367518 0.14260957 0.23305711 0.34373954],[0.04672893 0.09060924 0.15191928 0.19286603],[16.847794 29.238928 52.135075 87.90998 ],[ 4.661879 13.577222 37.128166 71.40057 ],[7.939739  7.9223113 7.8535576 7.7245154],[0.710021   0.78635645 0.8934656  1.0093093 ],[8.028134 8.068816 8.101429 8.12289 ],[0.67326814 0.7159541  0.7663214  0.81699765]
DDK8,A,4e-07,24,True,False,TDD,vanilla,5,[0.09447635 0.16034608 0.28364837 0.43504003],[0.05794956 0.08837906 0.1634077  0.23006226],[16.8961   28.143883 52.50311  87.75444 ],[ 5.0024433 11.240417  29.536098  59.178925 ],[7.836676  7.72726   7.5449786 7.311568 ],[0.7857524  0.89264345 1.0505761  1.2275616 ],[7.927203  7.8822603 7.847619  7.832544 ],[0.74526685 0.8172085  0.8804765  0.9221472 ]
DDK8,A,4e-07,27,True,False,TDD,vanilla,5,[0.103499   0.18738793 0.3223322  0.48176253],[0.07444801 0.14175084 0.22937782 0.3340937 ],[ 19.34781   36.606686  70.7732   117.74533 ],[  6.6318235  22.827076   57.664013  102.83218  ],[7.8816915 7.7907796 7.6226363 7.396767 ],[0.7653583  0.85302085 0.97717243 1.1190757 ],[7.9919696 7.989279  7.998762  8.014314 ],[0.70994437 0.749423   0.7883426  0.81563747]
DDK8,A,4e-07,33,True,False,TDD,vanilla,5,[0.12754026 0.27253333 0.47206146 0.66126055],[0.0928084  0.21463497 0.3468171  0.41182184],[ 22.50245   48.881836  95.30691  156.75017 ],[  8.033055  32.71978   69.575554 117.80721 ],[7.879055  7.719298  7.4271355 7.009297 ],[0.759832  0.9020941 1.1504338 1.455368 ],[7.995203  7.9802413 7.973531  7.9859047],[0.70891154 0.7746805  0.8564755  0.92781574]
DDK8,A,4e-07,36,True,False,TDD,vanilla,5,[0.11907533 0.22441481 0.41904214 0.6387176 ],[0.07273663 0.13616674 0.2697595  0.41062135],[ 24.507286  48.1691    94.56746  148.72246 ],[  9.429279  26.6945    61.385197 104.47421 ],[7.987585  7.8538666 7.5268917 7.036202 ],[0.8970892 0.9585889 1.1279966 1.3818748],[8.108352 8.090845 8.035079 7.95603 ],[0.8385771  0.8493455  0.87210375 0.9073687 ]
DDK8,A,4e-07,42,True,False,TDD,vanilla,5,[0.17820802 0.35413125 0.5941077  0.8100591 ],[0.12962885 0.21952213 0.3343162  0.395621  ],[ 30.08161  75.97713 155.6845  238.03752],[ 12.523469  52.4099   121.202576 170.83214 ],[7.7565017 7.6283474 7.306529  6.866809 ],[0.89267725 1.0049467  1.122073   1.3328377 ],[7.9211125 8.026638  8.094642  8.118456 ],[0.81548744 0.8076006  0.8508136  0.89531356]
DDK8,C,5e-08,3,True,False,TDD,vanilla,5,[0.02899715 0.03948806 0.05373415 0.07383159],[0.01230517 0.01893135 0.02746174 0.04115868],[ 5.1242433  6.8363185  9.306546  13.117959 ],[1.1393503 1.8468934 3.3539743 5.896922 ],[8.310895 8.304157 8.294361 8.279455],[0.2000773  0.21117407 0.22438292 0.23965034],[8.326575 8.326315 8.326018 8.325577],[0.19877578 0.20899162 0.22026956 0.2324996 ]
DDK8,C,5e-08,6,True,False,TDD,vanilla,5,[0.03993691 0.06762922 0.10968356 0.16943277],[0.01722449 0.04468738 0.0767332  0.11729662],[ 6.5061216 10.50157   18.125202  30.52042  ],[ 1.8975093  4.802448  12.230073  25.728498 ],[8.207346  8.18213   8.1430025 8.084071 ],[0.3029641  0.32696366 0.35487378 0.3877478 ],[8.230418 8.22319  8.218066 8.215206],[0.29918042 0.32049295 0.3425427  0.3658508 ]
DDK8,C,5e-08,9,True,False,TDD,vanilla,5,[0.05268757 0.11473078 0.19172397 0.29210734],[0.02982198 0.10074568 0.15501298 0.19746564],[ 8.583266 17.398502 34.060074 57.49803 ],[ 2.8554742 10.07171   24.794085  44.195553 ],[8.224636 8.187615 8.114418 7.999312],[0.40010187 0.44158623 0.49029988 0.5511678 ],[8.254384 8.254124 8.254158 8.25498 ],[0.39488202 0.43240994 0.46764877 0.49863467]
DDK8,C,5e-08,12,True,False,TDD,vanilla,5,[0.06277516 0.13768372 0.2500544  0.37825078],[0.04343973 0.09942143 0.18776125 0.25602305],[10.481969 24.314226 49.468662 83.82693 ],[ 3.882112 15.792446 40.313374 68.36247 ],[8.251705  8.179447  8.049157  7.8418603],[0.41403794 0.45764259 0.5328905  0.6742562 ],[8.288876  8.277489  8.269999  8.2660885],[0.40042427 0.41886386 0.44892526 0.4908567 ]
DDK8,C,5e-08,15,True,False,TDD,vanilla,5,[0.08203074 0.19516724 0.35445076 0.48370358],[0.04898071 0.16060382 0.27364895 0.32313564],[ 13.631845  36.422916  71.95375  114.74777 ],[ 7.678496 32.231075 62.59458  91.960304],[8.23839  8.154594 7.969784 7.674161],[0.41021448 0.47173613 0.6503111  1.0190836 ],[8.284434 8.291013 8.302465 8.324361],[0.4031638  0.44232005 0.4866336  0.5346952 ]
DDK8,C,5e-08,18,True,False,TDD,vanilla,5,[0.13662794 0.33073232 0.54075855 0.68976897],[0.13430357 0.27048084 0.412431   0.4092308 ],[ 19.654737  59.769413 108.214745 151.60458 ],[ 12.357095  47.35404   82.45747  106.39112 ],[8.112679  7.894558  7.542022  7.0893955],[0.57757413 0.74343693 0.999438   1.3099424 ],[8.200162 8.199213 8.199512 8.190836],[0.5350562  0.57275265 0.58666337 0.60950494]
DDK8,C,5e-08,21,True,False,TDD,vanilla,5,[0.14336807 0.36679688 0.5583253  0.71973085],[0.1058732  0.27921575 0.35813695 0.37873828],[ 23.655973  72.378426 123.47148  172.98773 ],[ 15.423122  64.22358   96.945625 119.53944 ],[8.175767  7.878401  7.4865527 7.0874605],[0.5295006  0.81840837 1.1626959  1.3453932 ],[8.273708 8.270968 8.278294 8.289778],[0.4893335 0.5536807 0.6028044 0.6329883]
DDK8,C,5e-08,24,True,False,TDD,vanilla,5,[0.18100105 0.40185848 0.5767797  0.7212802 ],[0.15625882 0.307727   0.35722956 0.36803335],[ 29.42736  79.81361 129.94257 178.12543],[ 21.854353  64.19466   93.07941  120.523834],[8.101581  7.7364063 7.3620033 6.86389  ],[0.6198151 0.9875343 1.2412424 1.5496439],[8.232507 8.229933 8.229175 8.226252],[0.56549513 0.60039735 0.6194327  0.6659933 ]
DDK8,C,5e-08,27,True,False,TDD,vanilla,5,[0.23074138 0.48488456 0.6694052  0.8425148 ],[0.21645917 0.37627545 0.40749297 0.52470505],[ 35.351692  96.00486  145.53548  186.66841 ],[ 26.10478  80.48863 101.5482  105.7161 ],[7.9818187 7.5044494 6.998785  6.666435 ],[0.6995831 1.2061675 1.4745997 1.5759429],[8.173424 8.189116 8.193333 8.201783],[0.5681614  0.57618004 0.5760544  0.6105042 ]
DDK8,C,5e-08,33,True,False,TDD,vanilla,5,[0.3465594  0.62336844 0.8635041  1.0164809 ],[0.3905696 0.4886553 0.5653689 0.623683 ],[ 54.779613 124.776436 189.96724  231.43071 ],[ 56.982204  88.71457  127.57543  132.4641  ],[7.8973446 7.2567306 6.9100866 6.4276075],[0.6639436 1.3081616 1.2262843 1.5619668],[8.163975 8.166744 8.197453 8.228497],[0.55520767 0.59197205 0.6344895  0.69245917]
DDK8,C,5e-08,36,True,False,TDD,vanilla,5,[0.5498948 0.8997279 1.177351  1.1522899],[0.5435917  0.61658055 0.9130402  0.71315587],[ 88.838425 171.9731   233.49432  259.77475 ],[102.17267  117.768135 152.49234  141.3592  ],[7.7442408 6.9483576 6.2689342 6.1204033],[0.85762584 1.3936447  1.6275966  1.5803549 ],[8.201372 8.212413 8.186459 8.202197],[0.5879251 0.6015146 0.5885965 0.6164567]
DDK8,C,5e-08,42,True,False,TDD,vanilla,5,[0.934386   0.93644136 1.1276922  1.1503917 ],[1.8615215  0.8639135  0.84421945 0.64969337],[139.59157 167.19252 220.77869 257.90216],[235.05736  113.821236 135.207    147.13232 ],[7.3684087 6.859455  6.2895064 5.674153 ],[1.181559  1.3252451 1.4508224 1.7115339],[8.154698 8.128567 8.085518 8.078484],[0.6038881  0.6198292  0.71537834 0.8178851 ]
DDK8,C,2e-07,3,True,False,TDD,vanilla,5,[0.02432615 0.03144286 0.04080646 0.05506703],[0.00722011 0.01103303 0.01746948 0.02701445],[ 5.7936573  7.420678   9.625124  13.177106 ],[1.234525  1.97566   3.4081748 5.8035007],[8.248665 8.240383 8.229551 8.213803],[0.16623075 0.17864409 0.19274336 0.2083137 ],[8.269406 8.268143 8.26673  8.265156],[0.16525045 0.17695566 0.18965855 0.20317249]
DDK8,C,2e-07,6,True,False,TDD,vanilla,5,[0.03308465 0.05264428 0.08553835 0.1329202 ],[0.01000117 0.02318372 0.0497264  0.08604616],[ 7.9072185 12.480303  20.551424  32.930763 ],[ 1.8880444  4.7384853 11.002173  20.785997 ],[8.258956 8.232619 8.190775 8.129439],[0.24360116 0.2729661  0.31173536 0.36562654],[8.289013 8.28343  8.278104 8.273454],[0.23840481 0.2612574  0.2851649  0.3086477 ]
DDK8,C,2e-07,9,True,False,TDD,vanilla,5,[0.04183752 0.07462213 0.1306762  0.20828173],[0.01428794 0.03480518 0.06966572 0.11537449],[ 9.785496 17.688442 32.100914 53.699306],[ 2.6616645  7.8780684 18.270208  33.058662 ],[8.227204 8.195352 8.13773  8.044953],[0.30756494 0.3506975  0.40328762 0.4751954 ],[8.265249 8.267987 8.272074 8.276913],[0.30145794 0.33881113 0.3764504  0.4147206 ]
DDK8,C,2e-07,12,True,False,TDD,vanilla,5,[0.05071577 0.1103126  0.20091991 0.30961326],[0.02222104 0.07543509 0.15616041 0.21615319],[11.743077 25.839777 48.644947 80.725006],[ 4.497837 16.124802 34.55415  59.038982],[8.228575  8.162858  8.049004  7.8804536],[0.3574682  0.42574006 0.5294543  0.67584693],[8.275466 8.271283 8.26691  8.262678],[0.34935436 0.39719546 0.44388452 0.48593506]
DDK8,C,2e-07,15,True,False,TDD,vanilla,5,[0.06778666 0.16557279 0.29325175 0.43777204],[0.03344728 0.11149361 0.18886817 0.24679165],[ 15.531783  40.07352   75.12137  118.16815 ],[ 7.499431 28.412848 52.51145  76.363235],[8.140538  8.022479  7.8187656 7.5253377],[0.46526316 0.54101884 0.6901945  0.87936455],[8.207965 8.210038 8.215867 8.224112],[0.45113933 0.4856871  0.5191998  0.54643935]
DDK8,C,2e-07,18,True,False,TDD,vanilla,5,[0.07880854 0.1915027  0.3343887  0.47437915],[0.04713743 0.13498344 0.21017995 0.24998896],[ 18.436953  49.87104   94.27791  141.38872 ],[ 10.260743  41.58136   82.22206  118.50728 ],[8.180351 8.046583 7.79463  7.468202],[0.51805586 0.60740346 0.77329946 0.9958287 ],[8.257838 8.261139 8.260707 8.264115],[0.49564663 0.5484521  0.60611343 0.6623807 ]
DDK8,C,2e-07,21,True,False,TDD,vanilla,5,[0.09756832 0.23638125 0.37794933 0.52407867],[0.0650484  0.18852425 0.24175423 0.25438762],[ 23.945408  63.3412   108.47495  157.60954 ],[ 17.852592  58.945503  88.907555 106.2686  ],[8.134041  7.9467077 7.6393437 7.2606144],[0.5062589  0.65462714 0.91482055 1.1860563 ],[8.236614 8.255446 8.269096 8.275333],[0.48349896 0.5265164  0.5651753  0.60599506]
DDK8,C,2e-07,24,True,False,TDD,vanilla,5,[0.13433988 0.33592358 0.5226944  0.6813403 ],[0.08712073 0.20307553 0.26621655 0.2526022 ],[ 30.15263   84.472946 138.63269  188.39067 ],[ 21.71917   64.08388   91.32314  105.621765],[7.9915185 7.675914  7.2822585 6.7288384],[0.62067056 0.81001675 1.0185422  1.4000798 ],[8.131182 8.132619 8.148181 8.162027],[0.5804273  0.61564034 0.6213094  0.64173055]
DDK8,C,2e-07,27,True,False,TDD,vanilla,5,[0.13666676 0.32981578 0.52023435 0.67787284],[0.08367395 0.19499673 0.26660642 0.27722806],[ 31.320768  82.446976 131.67682  177.03482 ],[19.290455 58.87684  80.38584  94.25582 ],[8.011933  7.6840377 7.2531624 6.7466893],[0.6013928  0.78936154 1.0815303  1.3141915 ],[8.16426  8.148859 8.14116  8.125651],[0.5455145  0.57448643 0.5996173  0.65095395]
DDK8,C,2e-07,33,True,False,TDD,vanilla,5,[0.23656724 0.4882622  0.6709703  0.76489276],[0.19797646 0.35552785 0.40864363 0.3041688 ],[ 50.918823 112.91522  166.5743   202.83882 ],[ 40.58647  82.33747 106.50719 108.41095],[7.8552203 7.330482  6.8805547 6.565205 ],[0.76656675 1.1248221  1.3316879  1.3673067 ],[8.134128 8.123875 8.132454 8.157437],[0.62713987 0.62046474 0.62091714 0.6189508 ]
DDK8,C,2e-07,36,True,False,TDD,vanilla,5,[0.23407277 0.4734069  0.6921828  0.79216444],[0.25567776 0.37830102 0.55781513 0.3601817 ],[ 53.499832 117.98428  175.63274  215.87672 ],[ 49.880432  93.95346  116.16597  114.040146],[7.952121 7.480033 7.050173 6.61111 ],[0.70268077 1.0909225  1.2888366  1.3702126 ],[8.223166 8.203659 8.193959 8.197771],[0.5721486  0.62228054 0.6435787  0.6443599 ]
DDK8,C,2e-07,42,True,False,TDD,vanilla,5,[0.46738082 0.621158   0.89872354 1.0055538 ],[0.83120406 0.41822007 0.7732006  0.49391207],[106.211845 154.99162  230.89465  268.2843  ],[225.31934 103.40837 159.84125 138.96843],[7.6436853 7.203206  6.6579475 6.1008763],[1.139444  1.2419808 1.3668363 1.3633878],[8.202137 8.208331 8.213117 8.186108],[0.62006235 0.64596266 0.66607225 0.7035478 ]
DDK8,C,4e-07,3,True,False,TDD,vanilla,5,[0.02780152 0.03500661 0.04323024 0.05698913],[0.00642224 0.01011006 0.01562311 0.02456428],[ 7.3789244  9.223666  11.354112  15.074845 ],[1.6489136 2.5664449 3.9801552 6.482164 ],[8.288782 8.282897 8.275285 8.263211],[0.18381454 0.19798478 0.21321914 0.23041055],[8.31983  8.321709 8.323363 8.324781],[0.1824369  0.19586535 0.21045375 0.22601187]
DDK8,C,4e-07,6,True,False,TDD,vanilla,5,[0.03661238 0.05191634 0.07378049 0.10496177],[0.00962118 0.01784239 0.03237673 0.05368527],[ 9.194201 13.004217 18.594332 26.812477],[ 2.5002985  4.808012   9.166443  15.993218 ],[8.217722 8.199875 8.175135 8.14225 ],[0.26836804 0.29023248 0.31404954 0.34188327],[8.259438 8.260148 8.261916 8.265042],[0.26467186 0.2839932  0.30338576 0.3230583 ]
DDK8,C,4e-07,9,True,False,TDD,vanilla,5,[0.04717042 0.07494844 0.11864026 0.18035798],[0.01611057 0.03212195 0.05992405 0.09855953],[11.388441 18.037903 29.13102  45.573917],[ 2.9399824  7.0248337 15.541644  27.977943 ],[8.247982 8.208613 8.15091  8.068326],[0.34740385 0.3932479  0.44356817 0.5046786 ],[8.299542  8.2919655 8.284302  8.276176 ],[0.3363756  0.3739166  0.41209707 0.44999707]
DDK8,C,4e-07,12,True,False,TDD,vanilla,5,[0.05552891 0.10048842 0.16949968 0.26403192],[0.0175083  0.04700837 0.09184638 0.14059867],[13.584295 24.763437 43.149464 69.39326 ],[ 4.0035644 11.952055  26.626707  44.82435  ],[8.191246  8.13289   8.034912  7.8899126],[0.37634382 0.4234791  0.48599222 0.5732725 ],[8.254019 8.249561 8.239468 8.22615 ],[0.36668321 0.40296978 0.44160876 0.48203832]
DDK8,C,4e-07,15,True,False,TDD,vanilla,5,[0.06605989 0.13724856 0.23668562 0.36077106],[0.02241894 0.06706055 0.12648521 0.18964233],[ 16.835897  36.190174  65.69147  104.91885 ],[ 5.0939384 18.952991  40.49599   67.92723  ],[8.222635  8.145816  8.020688  7.8205786],[0.38128546 0.44977584 0.54557866 0.69464827],[8.300738 8.310435 8.318503 8.321449],[0.36233523 0.4033232  0.448278   0.4995451 ]
DDK8,C,4e-07,18,True,False,TDD,vanilla,5,[0.08309092 0.18640326 0.30882698 0.44665185],[0.04327738 0.12977764 0.19312966 0.23383915],[ 20.066475  46.932236  83.622246 129.84686 ],[ 7.780681 28.818766 54.018436 81.88678 ],[8.150063 8.0235   7.823833 7.536539],[0.5434527  0.6781503  0.86608845 1.1206712 ],[8.245845 8.256775 8.268593 8.282536],[0.5129303  0.5608195  0.60647964 0.64250934]
DDK8,C,4e-07,21,True,False,TDD,vanilla,5,[0.10595226 0.23562369 0.38854682 0.5385723 ],[0.05763115 0.15006599 0.21509351 0.23610471],[ 24.728792  59.76233  106.00561  159.54224 ],[11.321752 40.27966  67.14646  93.84274 ],[8.086542  7.9263334 7.6566224 7.2822285],[0.5284623  0.6321133  0.86281604 1.1412652 ],[8.208268 8.233376 8.263854 8.301309],[0.48909435 0.49843127 0.5081799  0.52443814]
DDK8,C,4e-07,24,True,False,TDD,vanilla,5,[0.1158074  0.26785365 0.42254016 0.56785184],[0.06194647 0.177879   0.22929037 0.231689  ],[ 27.785206  69.58912  114.17454  159.93974 ],[15.0832615 55.648598  80.34575   97.79792  ],[8.091254  7.8515224 7.524458  7.1236644],[0.536073   0.67670757 0.88502353 1.130134  ],[8.224326 8.216809 8.205311 8.196901],[0.5019927  0.53854054 0.5763094  0.6127203 ]
DDK8,C,4e-07,27,True,False,TDD,vanilla,5,[0.13029657 0.28491208 0.44498795 0.5916012 ],[0.07249988 0.17354599 0.21794462 0.2242631 ],[ 32.49017   75.236435 120.3541   164.69757 ],[22.592798 61.445396 80.10006  94.875206],[8.058791 7.79117  7.512177 7.155269],[0.56039786 0.7640508  0.9195524  1.1018488 ],[8.212278 8.205426 8.209401 8.201062],[0.52702165 0.5741107  0.6127436  0.64407486]
DDK8,C,4e-07,33,True,False,TDD,vanilla,5,[0.18288366 0.3583638  0.53095424 0.65168834],[0.12359595 0.2191414  0.271565   0.28061303],[ 42.60566  90.07116 135.8327  172.3424 ],[29.080015 61.950542 78.160706 95.70935 ],[7.958025  7.6485615 7.27654   6.9572735],[0.7417538 0.9736935 1.2077221 1.3832111],[8.183739 8.192224 8.175432 8.147135],[0.6432265  0.66101295 0.6978664  0.7402622 ]
DDK8,C,4e-07,36,True,False,TDD,vanilla,5,[0.20630616 0.4423866  0.6334957  0.72693557],[0.15692303 0.28933266 0.33049387 0.27801135],[ 50.106247 115.45337  172.14027  208.9186  ],[ 32.843166  72.41169   92.78859  106.18622 ],[8.011442 7.546083 7.051101 6.779917],[0.74437326 1.1581591  1.4861933  1.5282141 ],[8.265757  8.2690735 8.257155  8.252183 ],[0.6276491  0.67769957 0.705928   0.7128718 ]
DDK8,C,4e-07,42,True,False,TDD,vanilla,5,[0.3107804  0.5021898  0.7184162  0.87829435],[0.30181256 0.27567738 0.31530505 0.2789916 ],[ 82.436104 130.77568  196.92072  246.16777 ],[105.78469   87.525604 116.6127   119.435555],[7.7464976 7.3770084 6.8919697 6.3737664],[0.84889084 1.0503471  1.2205882  1.2751882 ],[8.192731 8.206451 8.21126  8.215601],[0.59920657 0.60754186 0.64400005 0.6513544 ]
DDK8,D,5e-08,3,True,False,TDD,vanilla,5,[0.00612856 0.00849867 0.01081403 0.01384344],[0.00180564 0.00298078 0.00450429 0.00642812],[1.7889775 2.4801795 3.154016  4.0370483],[0.5036882 0.8453324 1.2932986 1.8613664],[8.291941 8.287658 8.283635 8.278698],[0.07562517 0.08134913 0.08748786 0.09415632],[8.299658 8.29858  8.297538 8.29653 ],[0.07468852 0.07996947 0.08556426 0.0913942 ]
DDK8,D,5e-08,6,True,False,TDD,vanilla,5,[0.00795717 0.01191407 0.01640881 0.02226991],[0.00272325 0.00461542 0.00724567 0.01067752],[2.3406994 3.5069056 4.8272343 6.550119 ],[0.7550402 1.2892407 2.0104995 2.9762647],[8.301885 8.296307 8.290135 8.282186],[0.12081703 0.13330178 0.14674646 0.16106956],[8.311767 8.311415 8.310966 8.310436],[0.12025459 0.13231722 0.14488111 0.15781623]
DDK8,D,5e-08,9,True,False,TDD,vanilla,5,[0.00914043 0.0146006  0.02158768 0.03072595],[0.00252012 0.00495197 0.00898676 0.01506004],[2.6709561 4.2547717 6.2621174 8.884727 ],[0.70572627 1.3660873  2.4359775  3.9940753 ],[8.286376  8.27523   8.2617655 8.246295 ],[0.1328803  0.15398005 0.17708418 0.2023997 ],[8.297676 8.293371 8.288761 8.283954],[0.1321482  0.15266456 0.17479543 0.19807528]
DDK8,D,5e-08,12,True,False,TDD,vanilla,5,[0.01125149 0.01944343 0.02979438 0.04361072],[0.0040068  0.00925422 0.01684058 0.02709433],[ 3.2062194  5.5189037  8.453751  12.408557 ],[1.0346451 2.53095   4.7924967 8.062683 ],[8.268856 8.256541 8.241373 8.223486],[0.18894638 0.21390001 0.24077693 0.26795086],[8.282729 8.280233 8.277586 8.274747],[0.18684064 0.21076299 0.2355141  0.26066127]
DDK8,D,5e-08,15,True,False,TDD,vanilla,5,[0.01415083 0.02534346 0.03915139 0.05645012],[0.00702975 0.01537814 0.02919114 0.04187067],[ 3.9747415  7.115114  11.022617  16.091002 ],[ 1.6634747  3.8253012  7.5822988 11.446287 ],[8.253237 8.238354 8.22139  8.203244],[0.21287355 0.23376389 0.25557148 0.2777489 ],[8.270022 8.268729 8.268344 8.268918],[0.2086949  0.22577141 0.24269079 0.25992864]
DDK8,D,5e-08,18,True,False,TDD,vanilla,5,[0.01617959 0.03099862 0.0498054  0.0741704 ],[0.00681784 0.01718096 0.03222888 0.04677366],[ 4.581938  8.639115 13.742489 20.67356 ],[ 1.7240034  4.261391   8.033986  12.456677 ],[8.248426  8.220112  8.188637  8.1583395],[0.23859523 0.27104208 0.3074902  0.34021747],[8.267819  8.256482  8.2475815 8.242658 ],[0.2351493 0.2640463 0.2919402 0.3160511]
DDK8,D,5e-08,21,True,False,TDD,vanilla,5,[0.0174943  0.03388535 0.05752191 0.08477827],[0.00776143 0.02039232 0.03744746 0.05754504],[ 5.038744  9.833622 16.874348 25.260004],[ 2.3006356  6.0057383 11.041161  17.839748 ],[8.256468 8.242945 8.224434 8.203454],[0.2544804  0.29034114 0.33090475 0.372965  ],[8.27719   8.282884  8.2891655 8.295584 ],[0.25249338 0.2854534  0.32003936 0.35299757]
DDK8,D,5e-08,24,True,False,TDD,vanilla,5,[0.0185981  0.03569468 0.05882461 0.08539492],[0.00800077 0.01799001 0.03224188 0.04855591],[ 5.337206 10.268623 16.98875  24.78173 ],[ 2.1771283  5.226745   9.817797  15.288102 ],[8.2582   8.23268  8.199305 8.161562],[0.2499571  0.28083697 0.31375235 0.34892222],[8.280112  8.273623  8.264235  8.2512455],[0.24701582 0.27596948 0.30649292 0.3357034 ]
DDK8,D,5e-08,27,True,False,TDD,vanilla,5,[0.02078686 0.04130967 0.06816493 0.10191625],[0.00981343 0.02861554 0.05359363 0.08297428],[ 5.9220824 11.615156  19.321594  29.261902 ],[ 2.891945  8.113625 14.731643 23.49237 ],[8.238865 8.218212 8.194699 8.170477],[0.30139    0.32263747 0.3515182  0.3855893 ],[8.262777 8.265217 8.269065 8.273772],[0.2979555  0.3138878  0.33165452 0.3518799 ]
DDK8,D,5e-08,33,True,False,TDD,vanilla,5,[0.02476059 0.04904482 0.08325648 0.12116871],[0.01353143 0.03224164 0.05452948 0.06691011],[ 6.7758937 13.396559  23.049717  34.80872  ],[ 3.0060592  8.351166  14.734935  20.938196 ],[8.20698  8.175364 8.141648 8.121668],[0.31942454 0.337592   0.35847357 0.36346745],[8.235228 8.229521 8.229554 8.238303],[0.31300098 0.32693157 0.3373971  0.34345612]
DDK8,D,5e-08,36,True,False,TDD,vanilla,5,[0.02765061 0.05764316 0.09790883 0.14149557],[0.01618129 0.04333268 0.07752085 0.10352946],[ 8.100525 17.006891 29.076355 42.742496],[ 4.102293 12.424272 21.719881 29.542395],[8.305622 8.277628 8.240542 8.197531],[0.28593427 0.30978787 0.3371138  0.37555578],[8.336734 8.337908 8.336387 8.332141],[0.27704263 0.29162735 0.30735877 0.3248851 ]
DDK8,D,5e-08,42,True,False,TDD,vanilla,5,[0.03474686 0.07479295 0.12267862 0.17233701],[0.02159026 0.04929812 0.08250359 0.10438321],[ 9.972096 21.756567 37.00191  53.587906],[ 5.576465 12.343224 23.507723 35.996536],[8.253725 8.246884 8.231839 8.194288],[0.30934834 0.3260048  0.3456274  0.37840316],[8.291798 8.319096 8.342037 8.351114],[0.29859725 0.30620685 0.31966177 0.34217647]
DDK8,D,2e-07,3,True,False,TDD,vanilla,5,[0.01043725 0.01298971 0.01555377 0.01862425],[0.00411692 0.00528902 0.00683316 0.00860162],[3.0844293 3.8417616 4.6019044 5.514058 ],[1.1766108 1.5212985 1.9728843 2.4895825],[8.292042 8.289405 8.28706  8.28392 ],[0.05623476 0.06320839 0.07041833 0.07798439],[8.30472  8.305355 8.306001 8.306659],[0.05492547 0.06174164 0.06871933 0.07579485]
DDK8,D,2e-07,6,True,False,TDD,vanilla,5,[0.01259183 0.01691192 0.02152278 0.02693213],[0.00356039 0.00538607 0.00755667 0.01013096],[3.7184536 4.991168  6.3442883 7.9388704],[0.9947796 1.5207034 2.1488621 2.9127762],[8.289854 8.283484 8.27666  8.269149],[0.08506645 0.0967531  0.10873926 0.12086797],[8.304998 8.30393  8.302717 8.301365],[0.08359402 0.0947236  0.10591125 0.1170879 ]
DDK8,D,2e-07,9,True,False,TDD,vanilla,5,[0.01585677 0.02201411 0.02910062 0.03765078],[0.00517647 0.00694159 0.0093498  0.01252022],[ 4.6475596  6.478313   8.580267  11.160418 ],[1.3314286 1.8035572 2.5045083 3.6008816],[8.286206 8.279076 8.270868 8.261306],[0.13104759 0.1461695  0.16151512 0.17712463],[8.304958 8.305161 8.30541  8.30564 ],[0.12817776 0.14271183 0.15739685 0.17246187]
DDK8,D,2e-07,12,True,False,TDD,vanilla,5,[0.01631718 0.02302942 0.0298694  0.03874232],[0.00532062 0.00817903 0.010046   0.01353931],[ 4.841736  6.835743  8.871206 11.519787],[1.5735695 2.4032223 2.9193227 4.0259905],[8.294101  8.285308  8.2762165 8.265508 ],[0.14494908 0.16804011 0.19154043 0.21632262],[8.313007 8.312093 8.310837 8.309354],[0.14296053 0.16523613 0.1881396  0.2113783 ]
DDK8,D,2e-07,15,True,False,TDD,vanilla,5,[0.02017177 0.03011439 0.03995687 0.05448426],[0.00675521 0.01079975 0.01590294 0.02377991],[ 5.925965  8.865844 11.76977  16.158838],[2.031215  3.2884717 4.8695846 7.585409 ],[8.270846 8.257796 8.245205 8.230041],[0.18874468 0.21134502 0.2344915  0.2573122 ],[8.293565  8.2920685 8.2905855 8.289156 ],[0.18703032 0.20940296 0.23131841 0.25235698]
DDK8,D,2e-07,18,True,False,TDD,vanilla,5,[0.02207145 0.03216016 0.04206782 0.05979894],[0.00866885 0.01364625 0.01897449 0.02669457],[ 6.3948298  9.365656  12.3340645 17.69391  ],[2.1189852 3.3926914 5.027204  7.6408553],[8.280736 8.273799 8.265509 8.252515],[0.22575226 0.24729158 0.26925027 0.29045343],[8.305725 8.309488 8.312395 8.314784],[0.22037174 0.2390583  0.25812885 0.27720353]
DDK8,D,2e-07,21,True,False,TDD,vanilla,5,[0.02369621 0.03529129 0.05127079 0.07084217],[0.00993772 0.01572586 0.02660741 0.03537551],[ 6.7030573 10.025091  14.629955  20.516657 ],[2.3701756 4.0122757 6.9435678 9.979726 ],[8.238166 8.228667 8.21793  8.20649 ],[0.25054836 0.27285457 0.2946276  0.31411597],[8.264703 8.267769 8.272947 8.279535],[0.24443386 0.26372743 0.2798239  0.2931526 ]
DDK8,D,2e-07,24,True,False,TDD,vanilla,5,[0.02601057 0.03928656 0.06009424 0.08461619],[0.00963684 0.01736946 0.02874561 0.04309102],[ 7.4155183 11.166522  17.209785  24.690838 ],[ 2.5144691  4.308721   7.2598867 12.134231 ],[8.249083 8.240902 8.228021 8.214851],[0.24723165 0.26582032 0.28774568 0.3129552 ],[8.277871 8.283131 8.289918 8.296556],[0.24175097 0.25661522 0.27360883 0.29408902]
DDK8,D,2e-07,27,True,False,TDD,vanilla,5,[0.02758435 0.04281663 0.06694258 0.09468313],[0.01093896 0.02027907 0.03550524 0.05335767],[ 7.736515 12.086474 19.024961 27.382309],[ 2.579586  5.221352  9.984786 15.769326],[8.223355 8.20747  8.188516 8.170893],[0.2708146  0.29485545 0.32562876 0.36052322],[8.2537155 8.252774  8.254282  8.257275 ],[0.26518136 0.28589198 0.31270012 0.34290448]
DDK8,D,2e-07,33,True,False,TDD,vanilla,5,[0.02969161 0.05064083 0.0817497  0.11366136],[0.01310052 0.03033253 0.05052694 0.06749003],[ 8.578212 14.488422 23.860134 34.233353],[ 3.2809536  7.4462757 14.187061  21.094398 ],[8.262259 8.244823 8.22521  8.21293 ],[0.30000854 0.31002247 0.32027608 0.33567947],[8.294483 8.296839 8.303677 8.315007],[0.29260948 0.29500195 0.30127394 0.31653824]
DDK8,D,2e-07,36,True,False,TDD,vanilla,5,[0.03202531 0.05558283 0.09103879 0.12727854],[0.01365766 0.03504797 0.06378485 0.09125391],[ 8.902105 15.073574 24.610598 34.740067],[ 3.3295074  8.105216  15.6241255 23.37114  ],[8.219314 8.173544 8.125854 8.082757],[0.31528187 0.3501002  0.38396046 0.41890305],[8.254462  8.231821  8.213254  8.2022705],[0.30821246 0.33105987 0.3529215  0.36922216]
DDK8,D,2e-07,42,True,False,TDD,vanilla,5,[0.03845413 0.07254687 0.11916406 0.16803116],[0.01602392 0.03870438 0.06416918 0.08582358],[11.010764 21.003511 35.280216 50.913063],[ 4.157548 11.51484  22.472677 32.93981 ],[8.233587  8.1996765 8.157193  8.124582 ],[0.32127932 0.3425262  0.3611304  0.37229636],[8.275828 8.271634 8.268322 8.26755 ],[0.31351313 0.32876962 0.3366903  0.34487548]
DDK8,D,4e-07,3,True,False,TDD,vanilla,5,[0.01576183 0.01880359 0.02187008 0.02539379],[0.00534891 0.0066845  0.00854409 0.01040239],[4.610884  5.491782  6.3765106 7.390845 ],[1.5261472 1.9106567 2.44566   2.9762774],[8.2759285 8.2695265 8.263313  8.256268 ],[0.05541603 0.06359938 0.07194128 0.08058495],[8.293405 8.290766 8.28805  8.285257],[0.05372701 0.06171242 0.06978194 0.07790729]
DDK8,D,4e-07,6,True,False,TDD,vanilla,5,[0.01892138 0.02350872 0.02842927 0.03400396],[0.0065325  0.00807671 0.01011396 0.0122648 ],[ 5.563686   6.9283476  8.394778  10.061618 ],[1.8768052 2.341235  2.9405537 3.579685 ],[8.281316 8.277051 8.272845 8.268173],[0.09993257 0.1135519  0.12723032 0.14050934],[8.302427 8.303819 8.305447 8.30732 ],[0.09781612 0.11133109 0.12449647 0.1372722 ]
DDK8,D,4e-07,9,True,False,TDD,vanilla,5,[0.02185764 0.02760997 0.03347213 0.03999459],[0.00785184 0.00967509 0.01140574 0.01292114],[ 6.482359  8.21704   9.997057 11.98349 ],[2.2603543 2.7898717 3.333135  3.7771218],[8.28682  8.282854 8.2789   8.274374],[0.12569056 0.14455333 0.16308762 0.18155481],[8.310682 8.313534 8.316418 8.319339],[0.1229313  0.14134116 0.15957414 0.17754117]
DDK8,D,4e-07,12,True,False,TDD,vanilla,5,[0.02308428 0.02962681 0.03599172 0.04454151],[0.00794896 0.01063539 0.01312037 0.01688292],[ 6.849703  8.805652 10.714169 13.32452 ],[2.3650694 3.1633434 3.895414  5.141026 ],[8.289622 8.283304 8.276946 8.269583],[0.15844926 0.18050472 0.20287232 0.2241805 ],[8.314311 8.315415 8.316559 8.31765 ],[0.15571669 0.17662454 0.19755578 0.21827404]
DDK8,D,4e-07,15,True,False,TDD,vanilla,5,[0.02793232 0.0364984  0.04503778 0.05696953],[0.0117182  0.01485334 0.01766052 0.02314794],[ 8.327624 10.941104 13.562837 17.293161],[3.2156596 4.155577  5.0411696 6.831116 ],[8.302402  8.297831  8.293152  8.2856655],[0.1797209  0.19948244 0.21891816 0.23851031],[8.331775 8.336437 8.340626 8.344339],[0.17464425 0.1934692  0.21228619 0.23092636]
DDK8,D,4e-07,18,True,False,TDD,vanilla,5,[0.02851423 0.03719424 0.04757994 0.06305888],[0.00948263 0.01222656 0.01698712 0.02603539],[ 8.318448 10.8163   13.791882 18.287928],[2.7063723 3.467149  4.811346  7.4366007],[8.256164 8.243847 8.231245 8.215557],[0.19304904 0.21382952 0.23881875 0.2663552 ],[8.286208 8.283078 8.280533 8.278921],[0.19004631 0.20961969 0.23211282 0.2563469 ]
DDK8,D,4e-07,21,True,False,TDD,vanilla,5,[0.02997277 0.04057843 0.05412216 0.0727772 ],[0.01040643 0.01367136 0.01984137 0.02845098],[ 8.829082 11.976533 15.934083 21.492355],[2.9436684 3.8412335 5.4718127 8.16553  ],[8.284505 8.27149  8.25437  8.234412],[0.21263094 0.25246114 0.29732692 0.3398919 ],[8.315765 8.314188 8.310797 8.306976],[0.20739509 0.2451768  0.28654093 0.3257228 ]
DDK8,D,4e-07,24,True,False,TDD,vanilla,5,[0.0319803  0.04293734 0.06096165 0.08155285],[0.01282818 0.0179008  0.02720876 0.03823274],[ 9.216167 12.430813 17.708277 23.859438],[ 3.3310652  4.6624146  7.313518  10.873196 ],[8.260938 8.249709 8.232005 8.215071],[0.24798511 0.27522296 0.3081595  0.34120196],[8.2942295 8.294001  8.29249   8.29053  ],[0.24053971 0.2657455  0.29513124 0.32629207]
DDK8,D,4e-07,27,True,False,TDD,vanilla,5,[0.0325229  0.04404215 0.06347699 0.08654008],[0.01265564 0.01744076 0.02581631 0.04109557],[ 9.369174 12.784763 18.617085 25.57598 ],[ 3.2313387  4.7405043  8.084188  12.834128 ],[8.250806 8.243222 8.227033 8.2076  ],[0.2527643  0.2635557  0.2824377  0.31240374],[8.284804 8.288184 8.289756 8.287945],[0.24599674 0.25614992 0.27404147 0.30254942]
DDK8,D,4e-07,33,True,False,TDD,vanilla,5,[0.0369192  0.05389898 0.08215069 0.11301871],[0.01562697 0.02450061 0.04393584 0.06679887],[10.511303 15.39498  23.707703 33.319077],[ 3.8763776  6.574244  12.306298  20.159748 ],[8.244789 8.231645 8.21577  8.204861],[0.30373806 0.32690597 0.35216308 0.3695389 ],[8.283479 8.285306 8.291762 8.302665],[0.29424185 0.31225926 0.32923257 0.3390499 ]
DDK8,D,4e-07,36,True,False,TDD,vanilla,5,[0.03890144 0.06085317 0.09545526 0.13229463],[0.01733411 0.03667516 0.0682051  0.10169555],[10.489211 16.491901 26.292034 37.642895],[ 3.7131114  8.399784  16.987455  27.590061 ],[8.183486 8.172698 8.152925 8.130158],[0.31548887 0.346729   0.3816724  0.42178047],[8.223469 8.229465 8.240253 8.252065],[0.30499366 0.32756943 0.34636486 0.3621993 ]
DDK8,D,4e-07,42,True,False,TDD,vanilla,5,[0.03967608 0.06413186 0.10183474 0.14359209],[0.01647406 0.03203486 0.05432326 0.08054224],[11.3587475 18.312046  29.394575  41.846767 ],[ 4.0022554  8.963827  17.564547  27.759134 ],[8.252819 8.216201 8.171231 8.133597],[0.2699851  0.29808128 0.31861293 0.33820292],[8.293684 8.277752 8.263025 8.253034],[0.2600928  0.2811057  0.29591087 0.3149146 ]
DDK8,A,5e-08,3,True,False,TDD,vanilla,10,[0.01379712 0.01836104 0.02536726 0.03637916],[0.0069315  0.01101844 0.01781975 0.02902987],[2.6634302 3.3541324 4.426776  6.330693 ],[0.8114763 1.2147067 2.0168245 3.4446154],[8.22833  8.229654 8.230008 8.228632],[0.36642903 0.38175282 0.3988438  0.41781124],[8.233838 8.237641 8.241822 8.246357],[0.36562672 0.3805851  0.39700893 0.4147793 ]
DDK8,A,5e-08,6,True,False,TDD,vanilla,10,[0.01840398 0.03098818 0.05466218 0.08626236],[0.00966119 0.0226325  0.05184888 0.08084121],[ 3.58409   5.476186  9.286701 15.463284],[ 1.1800498  2.3012662  5.2758913 11.078038 ],[8.274242 8.269748 8.258963 8.24208 ],[0.44401944 0.48230404 0.5237899  0.56824577],[8.28204  8.2848   8.287399 8.290143],[0.44220755 0.47809482 0.5148415  0.55173457]
DDK8,A,5e-08,9,True,False,TDD,vanilla,10,[0.0289228  0.05931453 0.11032663 0.16802031],[0.02342071 0.05606409 0.10748094 0.17835501],[ 4.6061635  8.497108  15.146625  24.404835 ],[ 1.7055588  4.2991443  8.801504  15.9335165],[8.220702  8.192373  8.15459   8.1117325],[0.552614   0.61142313 0.677225   0.7468663 ],[8.232175 8.218963 8.206256 8.19461 ],[0.5494946  0.6048245  0.66238713 0.7200331 ]
DDK8,A,5e-08,12,True,False,TDD,vanilla,10,[0.03646544 0.08594105 0.1400611  0.231742  ],[0.03305956 0.08734997 0.14625914 0.25501388],[ 5.6355147 12.498707  20.822752  38.87326  ],[ 2.114534  7.413156 13.967509 30.314342],[8.154952 8.128286 8.092509 8.039867],[0.5739222  0.65089107 0.7353987  0.8274132 ],[8.1713705 8.169162  8.165635  8.1618185],[0.5680532  0.6353437  0.7046337  0.77285534]
DDK8,A,5e-08,15,True,False,TDD,vanilla,10,[0.04711006 0.10256661 0.176256   0.30121928],[0.04225608 0.09233293 0.17338262 0.30101392],[ 7.8809667 17.612394  33.466137  60.12872  ],[ 4.24108  13.896059 32.598774 64.000626],[8.205805 8.172466 8.135613 8.065227],[0.7281361 0.8106867 0.8950858 0.9869437],[8.229278 8.228537 8.234898 8.246084],[0.716445   0.7802941  0.83712816 0.889672  ]
DDK8,A,5e-08,18,True,False,TDD,vanilla,10,[0.06959059 0.16122809 0.26332766 0.42470634],[0.07016363 0.22802678 0.2512573  0.39818645],[ 8.688616 19.84839  39.37177  72.019196],[ 4.076885 13.105496 31.181446 66.71039 ],[8.133132 8.091691 8.027415 7.906865],[0.83565056 0.91044194 1.0054815  1.1590221 ],[8.165414 8.166351 8.164887 8.15692 ],[0.8150258 0.8670547 0.9366969 1.025056 ]
DDK8,A,5e-08,21,True,False,TDD,vanilla,10,[0.07436117 0.16745532 0.2577843  0.39102638],[0.07214466 0.3091532  0.2538098  0.3065002 ],[ 9.96758 21.73337 42.21088 75.0101 ],[ 5.592732 17.259985 36.222412 67.083466],[8.058898  7.9928284 7.8905725 7.7269173],[0.9193506 0.9798455 1.0577385 1.196979 ],[8.097888  8.0776415 8.057297  8.0439825],[0.8918794  0.9238005  0.95249516 0.97904676]
DDK8,A,5e-08,24,True,False,TDD,vanilla,10,[0.07642794 0.16202755 0.30683047 0.44967473],[0.07205085 0.21091574 0.35062936 0.42751423],[11.503995 25.65576  55.623882 97.58797 ],[ 5.874291 21.772726 54.127514 90.35203 ],[8.209089 8.143661 8.007425 7.785198],[0.7925059 0.8694826 1.0084382 1.257151 ],[8.248478 8.227171 8.202078 8.1868  ],[0.7698817  0.82811874 0.88698286 0.9156224 ]
DDK8,A,5e-08,27,True,False,TDD,vanilla,10,[0.09716014 0.20549127 0.3526707  0.6525892 ],[0.10755096 0.19844246 0.27900133 0.733699  ],[ 12.18448   30.609228  65.3313   114.96756 ],[  6.312584  24.663021  58.783913 105.5185  ],[8.023676  7.940621  7.7834096 7.5034413],[0.84243286 0.92749125 1.0452602  1.2940444 ],[8.073305 8.057036 8.035699 8.017298],[0.81447893 0.87702554 0.95565355 1.0139018 ]
DDK8,A,5e-08,33,True,False,TDD,vanilla,10,[0.1386953  0.28931952 0.517895   0.63704056],[0.13770752 0.29507855 0.48132458 0.3759046 ],[ 18.103867  45.519188 100.90785  161.06984 ],[ 12.189816  41.03954   93.95883  155.10463 ],[8.113384  8.021128  7.769586  7.3495727],[0.9887965 1.0699651 1.1739185 1.3959726],[8.180847  8.193614  8.203002  8.1704445],[0.9456215  0.95782167 0.92753166 0.9645922 ]
DDK8,A,5e-08,36,True,False,TDD,vanilla,10,[0.16001537 0.37913322 0.6654402  0.90822965],[0.18481947 0.39706343 0.68405384 0.8462394 ],[ 19.727062  52.44108  115.19205  188.88234 ],[ 12.005104  44.29549  102.13826  157.71094 ],[8.011004  7.8725414 7.5392914 7.0875034],[0.89234763 0.99934906 1.2769299  1.5587835 ],[8.093336 8.087319 8.075918 8.088953],[0.84122604 0.8823591  0.96047276 0.99210644]
DDK8,A,5e-08,42,True,False,TDD,vanilla,10,[0.21108836 0.44327167 0.6808491  0.9931336 ],[0.18823421 0.42479435 0.51854956 0.8467612 ],[ 23.393658  66.83003  129.67534  196.66934 ],[ 19.546074  53.322422  97.48868  149.56929 ],[7.7129087 7.531763  7.1543846 6.698131 ],[1.1169959 1.2732204 1.5775377 1.6872904],[7.833758 7.885902 7.919857 7.917343],[1.0413706 1.023846  1.0217247 1.0423343]
DDK8,A,2e-07,3,True,False,TDD,vanilla,10,[0.01723295 0.02127109 0.0269648  0.03597689],[0.00731368 0.01002193 0.0150959  0.0227711 ],[3.4992185 4.127407  4.967311  6.389973 ],[0.73341155 0.92411447 1.3598405  2.235451  ],[8.118263 8.118494 8.117948 8.11531 ],[0.63072145 0.6344098  0.63897353 0.64482224],[8.130689 8.134304 8.138219 8.142409],[0.6257091 0.6282687 0.6312905 0.6347323]
DDK8,A,2e-07,6,True,False,TDD,vanilla,10,[0.01961832 0.02855378 0.04234438 0.06155428],[0.00920004 0.01595757 0.02758001 0.04419265],[ 4.222511  5.772913  8.284145 12.257327],[1.0968378 1.9573694 4.133996  8.269029 ],[8.261502 8.259337 8.253971 8.244641],[0.6065369  0.62519693 0.64794546 0.6745788 ],[8.274826 8.279523 8.284403 8.289545],[0.6015826  0.61828643 0.63822275 0.6610321 ]
DDK8,A,2e-07,9,True,False,TDD,vanilla,10,[0.02636185 0.04239916 0.06710103 0.09824534],[0.01492448 0.02867643 0.04969    0.07477911],[ 5.155483  7.6656   11.873068 18.37114 ],[ 1.4142053  2.7271857  6.2103114 13.626403 ],[8.195383 8.193197 8.182896 8.166269],[0.67967176 0.70238113 0.73102945 0.7640608 ],[8.212872 8.222125 8.22945  8.234579],[0.6716166  0.6904289  0.7124399  0.73767006]
DDK8,A,2e-07,12,True,False,TDD,vanilla,10,[0.03511754 0.06453362 0.10051111 0.15937066],[0.02111762 0.04586884 0.07533894 0.12464059],[ 6.063327 10.249952 15.909977 26.502155],[ 1.8725349  4.7557826 10.218327  21.451916 ],[8.093159  8.050056  8.004253  7.9422135],[0.7382259  0.78762186 0.8389221  0.90961343],[8.118894 8.099322 8.080267 8.061373],[0.72288525 0.7593847  0.79724795 0.8372211 ]
DDK8,A,2e-07,15,True,False,TDD,vanilla,10,[0.04596248 0.08919771 0.1454977  0.23467001],[0.0282264  0.06427428 0.10506684 0.16108364],[ 7.122626 13.688865 24.064175 45.201096],[ 2.6065216  7.4934635 18.09993   43.266228 ],[7.9269977 7.886074  7.843597  7.7638464],[0.8283232 0.888001  0.9510041 1.0391654],[7.960368 7.953955 7.952423 7.9545  ],[0.8137213 0.856927  0.8997762 0.942242 ]
DDK8,A,2e-07,18,True,False,TDD,vanilla,10,[0.04741876 0.09048151 0.1581868  0.27765292],[0.0303733  0.0666572  0.12009887 0.21974787],[ 8.485    15.515938 27.685057 52.620724],[ 3.0025136  7.4201403 18.26029   43.160637 ],[8.091528  8.035892  7.96459   7.8399553],[0.8294084  0.89432395 0.9684826  1.0752592 ],[8.126295 8.107923 8.089695 8.074124],[0.8090824  0.8441579  0.88169974 0.92264533]
DDK8,A,2e-07,21,True,False,TDD,vanilla,10,[0.0626598  0.11491942 0.20418747 0.3414095 ],[0.04731565 0.08864396 0.15640749 0.22318582],[10.13144  18.567694 35.975857 67.4554  ],[ 3.447917  8.676413 21.252247 44.942234],[8.0655365 8.022154  7.940257  7.7887964],[0.87570375 0.92457175 1.00168    1.122452  ],[8.111541 8.108097 8.098149 8.079145],[0.84507656 0.87269056 0.9155379  0.9743686 ]
DDK8,A,2e-07,24,True,False,TDD,vanilla,10,[0.06792257 0.12666032 0.23069063 0.3776725 ],[0.06050843 0.10969786 0.19700001 0.30958712],[10.769578 20.472532 42.40482  79.59725 ],[ 3.750375 10.425235 27.697052 56.05965 ],[8.050733  7.9718533 7.847458  7.6623425],[0.8650372 0.9769781 1.1027006 1.2801218],[8.102798 8.079458 8.073869 8.082761],[0.8285165 0.893055  0.9226012 0.9377865]
DDK8,A,2e-07,27,True,False,TDD,vanilla,10,[0.06493833 0.13577591 0.2581117  0.4370901 ],[0.04642875 0.12164947 0.20314835 0.33760917],[11.535169 24.797915 53.377758 94.58304 ],[  5.412087  22.055416  61.67259  106.55402 ],[8.059864 7.972014 7.808029 7.566892],[0.8192693  0.90700054 1.0380145  1.1900481 ],[8.11104  8.084653 8.048851 8.015041],[0.78864    0.83198315 0.884727   0.9329143 ]
DDK8,A,2e-07,33,True,False,TDD,vanilla,10,[0.0866356  0.20301147 0.39022464 0.5820546 ],[0.06933701 0.16375488 0.27726477 0.34657255],[ 15.760963  41.414604  92.14565  147.82306 ],[  8.481966  36.04441   87.22685  133.4388  ],[8.153973  8.059242  7.8156934 7.435129 ],[0.8501861  0.93924016 1.105895   1.2964376 ],[8.216682  8.2085085 8.163704  8.084707 ],[0.8136454 0.8615523 0.9495743 1.0525955]
DDK8,A,2e-07,36,True,False,TDD,vanilla,10,[0.11132313 0.25524485 0.5093294  0.7499701 ],[0.10448311 0.26660824 0.45480058 0.4824847 ],[ 17.371183  42.998383  99.64175  177.26277 ],[  9.880462  36.324352  85.651825 150.81898 ],[7.9924235 7.856648  7.558751  7.1878242],[0.88956887 0.9804443  1.2371153  1.4203006 ],[8.077505 8.06925  8.089985 8.128924],[0.82759804 0.8323908  0.8334932  0.87066954]
DDK8,A,2e-07,42,True,False,TDD,vanilla,10,[0.13594791 0.34613404 0.6376232  0.8682005 ],[0.11638745 0.35935113 0.5403913  0.5668104 ],[ 20.159655  53.41467  118.27754  186.32228 ],[ 14.267631  49.76093  119.81528  172.69035 ],[7.8212914 7.5866966 7.196682  6.753096 ],[1.0265572 1.2271276 1.4377419 1.5402135],[7.927911  7.910005  7.917583  7.9121513],[0.96075475 0.9710648  0.9386558  0.9704687 ]
DDK8,A,4e-07,3,True,False,TDD,vanilla,10,[0.01919827 0.02262774 0.02643563 0.03246081],[0.00490922 0.00633551 0.00844751 0.01211276],[5.1522365 5.8902965 6.718314  8.066281 ],[1.2916985 1.5162021 1.8506397 2.56771  ],[8.122346 8.115456 8.107599 8.098302],[0.3422119  0.3507819  0.36068067 0.37209243],[8.140506 8.137633 8.134504 8.131127],[0.34248444 0.35056454 0.35972664 0.36985973]
DDK8,A,4e-07,6,True,False,TDD,vanilla,10,[0.02525835 0.03393975 0.04648464 0.06210126],[0.00851322 0.01335481 0.02340819 0.03581885],[ 6.4419203  8.234201  10.782153  14.154224 ],[1.8017712 2.4159014 3.857765  6.8003078],[8.155025 8.148648 8.138781 8.125413],[0.39162114 0.42288053 0.45781323 0.49534166],[8.176272 8.178738 8.180604 8.181811],[0.39123917 0.4205529  0.45303023 0.4878832 ]
DDK8,A,4e-07,9,True,False,TDD,vanilla,10,[0.02930931 0.04127041 0.05932282 0.08208751],[0.00995823 0.01624051 0.02889328 0.04531719],[ 7.43464   9.953021 13.680151 18.719206],[2.1887457 2.7532928 4.3559566 7.797504 ],[8.15889  8.145297 8.126353 8.10385 ],[0.47680885 0.51505005 0.5565696  0.60015583],[8.184002 8.182483 8.180069 8.177103],[0.4719663  0.5057804  0.54053843 0.5759417 ]
DDK8,A,4e-07,12,True,False,TDD,vanilla,10,[0.03630042 0.05731734 0.08657534 0.12735027],[0.01639507 0.03428805 0.07320423 0.1052041 ],[ 8.737499 12.850785 17.990911 27.848711],[ 2.569297  4.226637  6.575684 13.857249],[8.123486 8.103097 8.079275 8.042815],[0.58090127 0.634241   0.6892301  0.7488208 ],[8.15235  8.154115 8.15547  8.156445],[0.5726108  0.6156969  0.65478444 0.68982166]
DDK8,A,4e-07,15,True,False,TDD,vanilla,10,[0.0431688  0.0727417  0.11566618 0.18641879],[0.01916376 0.03641863 0.06413499 0.10721709],[ 9.773742 15.924739 25.57206  44.16218 ],[ 3.9428616  7.722931  16.041695  37.916306 ],[8.0307665 8.00901   7.979897  7.920744 ],[0.5813989  0.6314826  0.69438577 0.7707886 ],[8.066401 8.071935 8.077987 8.082911],[0.5711157  0.6151953  0.66565377 0.7195561 ]
DDK8,A,4e-07,18,True,False,TDD,vanilla,10,[0.0504826  0.09131733 0.15563963 0.24725592],[0.0255419  0.05866164 0.11593384 0.15489495],[11.129559 19.973022 36.523426 66.6045  ],[ 3.517987  8.903518 23.93023  49.502563],[8.051275  8.049573  8.03416   7.9766173],[0.63615733 0.70381117 0.78541195 0.88999146],[8.09442  8.127554 8.160606 8.190095],[0.6232103  0.6795312  0.74975705 0.8271956 ]
DDK8,A,4e-07,21,True,False,TDD,vanilla,10,[0.058802   0.10588889 0.18742426 0.29274535],[0.03393165 0.07299296 0.13487694 0.18024196],[12.160118 21.623135 41.2348   74.27047 ],[ 4.104578 11.249366 33.57121  65.557625],[7.9723234 7.967568  7.919858  7.815185 ],[0.6951486  0.76525646 0.863959   0.9759232 ],[8.028134 8.068816 8.101429 8.12289 ],[0.67326814 0.7159541  0.7663214  0.81699765]
DDK8,A,4e-07,24,True,False,TDD,vanilla,10,[0.06608622 0.12011255 0.23215628 0.3825447 ],[0.040629   0.07150186 0.14469808 0.21436945],[12.297863 21.350597 43.407536 77.39008 ],[ 4.422943  9.755127 27.837776 57.17586 ],[7.8705835 7.775763  7.6207623 7.413625 ],[0.76979506 0.86918604 1.0089478  1.1690964 ],[7.927203  7.8822603 7.847619  7.832544 ],[0.74526685 0.8172085  0.8804765  0.9221472 ]
DDK8,A,4e-07,27,True,False,TDD,vanilla,10,[0.07419331 0.14487132 0.27254134 0.42773777],[0.05458046 0.11782926 0.21176183 0.29811862],[ 14.074732  28.226385  59.629383 105.690636],[  5.9257584  20.784235   55.588184  101.551575 ],[7.9193635 7.848637  7.7073407 7.5001802],[0.7445153 0.82057   0.9313031 1.0754336],[7.9919696 7.989279  7.998762  8.014314 ],[0.70994437 0.749423   0.7883426  0.81563747]
DDK8,A,4e-07,33,True,False,TDD,vanilla,10,[0.0982881  0.23118304 0.4263307  0.6240144 ],[0.08361381 0.21366088 0.35063422 0.4398442 ],[ 17.366528  40.958878  85.64823  147.76411 ],[  7.628823  31.61153   68.96798  118.25572 ],[7.916336  7.778139  7.5176973 7.1114125],[0.744097  0.8728025 1.1113147 1.4468793],[7.995203  7.9802413 7.973531  7.9859047],[0.70891154 0.7746805  0.8564755  0.92781574]
DDK8,A,4e-07,36,True,False,TDD,vanilla,10,[0.08724992 0.17903137 0.3656927  0.58499104],[0.05228707 0.10985257 0.23045553 0.33544382],[ 18.655233  39.098244  83.13666  137.6378  ],[  8.727959  24.163212  57.930492 101.74579 ],[8.026978  7.9176307 7.62861   7.15232  ],[0.8734545  0.92222834 1.0703965  1.3482928 ],[8.108352 8.090845 8.035079 7.95603 ],[0.8385771  0.8493455  0.87210375 0.9073687 ]
DDK8,A,4e-07,42,True,False,TDD,vanilla,10,[0.14271559 0.31096965 0.56169796 0.7833011 ],[0.11800311 0.21139851 0.3539996  0.41581744],[ 24.218725  67.23463  146.78761  230.74298 ],[ 12.306172  51.22253  120.76697  171.5328  ],[7.8027554 7.7020655 7.397481  6.980534 ],[0.8691898 0.9614527 1.0974679 1.314589 ],[7.9211125 8.026638  8.094642  8.118456 ],[0.81548744 0.8076006  0.8508136  0.89531356]
DDK8,C,5e-08,3,True,False,TDD,vanilla,10,[0.01820052 0.02498149 0.03553415 0.05175281],[0.00727474 0.01270064 0.02078808 0.03312001],[3.3636682 4.4066873 6.1259174 9.25014  ],[0.75349164 1.2439405  2.4652948  4.7845497 ],[8.317267  8.313079  8.3060665 8.294497 ],[0.19977725 0.21066391 0.2233546  0.23818663],[8.326575 8.326315 8.326018 8.325577],[0.19877578 0.20899162 0.22026956 0.2324996 ]
DDK8,C,5e-08,6,True,False,TDD,vanilla,10,[0.02502417 0.0454189  0.08125649 0.13683668],[0.00991698 0.02991388 0.06252011 0.10655329],[ 4.24964   7.197762 13.533442 25.076189],[ 1.3016477  3.7845433 10.648298  23.955244 ],[8.216368 8.196181 8.164033 8.113426],[0.3012948  0.3245197  0.3512506  0.38186774],[8.230418 8.22319  8.218066 8.215206],[0.29918042 0.32049295 0.3425427  0.3658508 ]
DDK8,C,5e-08,9,True,False,TDD,vanilla,10,[0.03430083 0.08498621 0.15780559 0.2512888 ],[0.01785111 0.07706754 0.14617518 0.18682489],[ 5.818022 13.212079 28.155014 50.97288 ],[ 2.1855116  9.003266  23.432936  43.416702 ],[8.235196 8.205652 8.146204 8.048067],[0.39784113 0.4380142  0.48152575 0.53292793],[8.254384 8.254124 8.254158 8.25498 ],[0.39488202 0.43240994 0.46764877 0.49863467]
DDK8,C,5e-08,12,True,False,TDD,vanilla,10,[0.0447819  0.11150851 0.21616985 0.339791  ],[0.03819073 0.09222104 0.18212116 0.25090617],[ 7.401432 19.669317 43.176292 76.68564 ],[ 3.3376591 15.040976  39.392776  67.30472  ],[8.263201 8.19924  8.083485 7.896145],[0.41071823 0.45184538 0.520364   0.64748853],[8.288876  8.277489  8.269999  8.2660885],[0.40042427 0.41886386 0.44892526 0.4908567 ]
DDK8,C,5e-08,15,True,False,TDD,vanilla,10,[0.06254755 0.17091244 0.3255445  0.4536971 ],[0.04499574 0.16397251 0.2781856  0.32326493],[ 10.271346  31.954205  66.67543  109.426125],[ 6.945809 32.6459   63.05879  93.32939 ],[8.250954  8.17485   8.001728  7.7210236],[0.4073283  0.46600604 0.6415098  0.9978503 ],[8.284434 8.291013 8.302465 8.324361],[0.4031638  0.44232005 0.4866336  0.5346952 ]
DDK8,C,5e-08,18,True,False,TDD,vanilla,10,[0.11509456 0.30593508 0.50769126 0.656138  ],[0.12010612 0.27480322 0.40869567 0.40482783],[ 16.217218  55.361588 103.02419  146.86024 ],[ 12.241719  47.67023   82.98193  107.70649 ],[8.128581  7.9217863 7.594049  7.148555 ],[0.570361   0.72953    0.97155803 1.2866654 ],[8.200162 8.199213 8.199512 8.190836],[0.5350562  0.57275265 0.58666337 0.60950494]
DDK8,C,5e-08,21,True,False,TDD,vanilla,10,[0.12153032 0.34377125 0.5303287  0.6938973 ],[0.10112426 0.28717774 0.35536614 0.36899894],[ 19.804838  67.80879  118.79322  168.24643 ],[ 15.217063  64.0717    97.62758  120.10948 ],[8.191639  7.9017506 7.5246387 7.1430116],[0.52349895 0.81095505 1.1489223  1.3290428 ],[8.273708 8.270968 8.278294 8.289778],[0.4893335 0.5536807 0.6028044 0.6329883]
DDK8,C,5e-08,24,True,False,TDD,vanilla,10,[0.15931511 0.38043174 0.55247283 0.70281875],[0.1527876  0.31418216 0.36111256 0.37905976],[ 25.722149  75.48789  124.92014  173.69902 ],[ 21.772608  65.38147   94.69231  121.63709 ],[8.11828   7.7607527 7.4101496 6.929195 ],[0.6110624 0.9831757 1.2010494 1.5181487],[8.232507 8.229933 8.229175 8.226252],[0.56549513 0.60039735 0.6194327  0.6659933 ]
DDK8,C,5e-08,27,True,False,TDD,vanilla,10,[0.20942311 0.46602708 0.6586214  0.8280828 ],[0.2157832  0.3866249  0.43167248 0.5395027 ],[ 31.415627  91.69472  141.28598  183.18324 ],[ 25.851812  80.517235 103.008766 106.2367  ],[8.001629  7.532759  7.0357127 6.6886177],[0.6894608 1.1919258 1.4787214 1.6066294],[8.173424 8.189116 8.193333 8.201783],[0.5681614  0.57618004 0.5760544  0.6105042 ]
DDK8,C,5e-08,33,True,False,TDD,vanilla,10,[0.33362255 0.6121405  0.8501384  1.0101756 ],[0.41414607 0.5148022  0.5798489  0.6641453 ],[ 51.736763 121.46642  187.3031   228.42413 ],[ 57.925667  89.82426  130.17378  133.04605 ],[7.9121966 7.291243  6.947224  6.483887 ],[0.66275245 1.2874409  1.2164063  1.547235  ],[8.163975 8.166744 8.197453 8.228497],[0.55520767 0.59197205 0.6344895  0.69245917]
DDK8,C,5e-08,36,True,False,TDD,vanilla,10,[0.53103125 0.89111596 1.1739926  1.1461971 ],[0.5552321  0.6281307  0.96437836 0.7243009 ],[ 85.49429 169.29456 231.23297 257.891  ],[103.490425 119.68424  155.66301  143.6535  ],[7.7659802 6.9902735 6.3132124 6.172063 ],[0.85000503 1.3633372  1.6227173  1.565946  ],[8.201372 8.212413 8.186459 8.202197],[0.5879251 0.6015146 0.5885965 0.6164567]
DDK8,C,5e-08,42,True,False,TDD,vanilla,10,[0.89305437 0.925654   1.1122713  1.1475909 ],[1.6605036  0.86516887 0.79431576 0.66772133],[133.78276 163.98    217.81792 255.36519],[224.77283 114.95077 135.10423 146.00145],[7.4129157 6.8977904 6.3418202 5.728734 ],[1.0988003 1.3009286 1.4514736 1.7014271],[8.154698 8.128567 8.085518 8.078484],[0.6038881  0.6198292  0.71537834 0.8178851 ]
DDK8,C,2e-07,3,True,False,TDD,vanilla,10,[0.0162485  0.02043264 0.02662245 0.03709494],[0.00445713 0.00688882 0.0119319  0.02008057],[3.9672015 4.9087157 6.3559217 8.955035 ],[0.85280615 1.285653   2.404801   4.4240246 ],[8.25689  8.251475 8.243485 8.231523],[0.16580194 0.17791457 0.19161147 0.20647559],[8.269406 8.268143 8.26673  8.265156],[0.16525045 0.17695566 0.18965855 0.20317249]
DDK8,C,2e-07,6,True,False,TDD,vanilla,10,[0.02123176 0.0342541  0.06059466 0.10323973],[0.0059638  0.01538347 0.03849847 0.07502818],[ 5.190743  8.24904  14.747678 25.988794],[ 1.1898146  3.298825   8.950396  18.925993 ],[8.271153 8.251765 8.217808 8.166057],[0.24141741 0.2684876  0.30325723 0.3506333 ],[8.289013 8.28343  8.278104 8.273454],[0.23840481 0.2612574  0.2851649  0.3086477 ]
DDK8,C,2e-07,9,True,False,TDD,vanilla,10,[0.02759545 0.05206137 0.09902316 0.17156237],[0.00955397 0.02739967 0.06051476 0.10753338],[ 6.573116 12.528896 24.64979  44.75884 ],[ 1.9884373  6.917572  17.078793  32.098274 ],[8.241743 8.218744 8.174177 8.098437],[0.3045683  0.34535617 0.39256233 0.4537962 ],[8.265249 8.267987 8.272074 8.276913],[0.30145794 0.33881113 0.3764504  0.4147206 ]
DDK8,C,2e-07,12,True,False,TDD,vanilla,10,[0.03477013 0.08607481 0.17055224 0.2766011 ],[0.01676558 0.06999644 0.15317234 0.21297257],[ 8.203328 20.158344 41.152374 72.52324 ],[ 3.5743375 14.60961   32.99602   57.827106 ],[8.244681  8.188838  8.08989   7.9370093],[0.35417518 0.41777804 0.5120298  0.6429589 ],[8.275466 8.271283 8.26691  8.262678],[0.34935436 0.39719546 0.44388452 0.48593506]
DDK8,C,2e-07,15,True,False,TDD,vanilla,10,[0.05030189 0.13949294 0.26385677 0.4084204 ],[0.02881937 0.10807821 0.18923764 0.24956544],[ 11.643882  33.864105  67.69614  110.55251 ],[ 6.839566 27.529448 52.047394 76.58461 ],[8.159514  8.055324  7.870798  7.5944614],[0.45949364 0.52917504 0.6686186  0.85725343],[8.207965 8.210038 8.215867 8.224112],[0.45113933 0.4856871  0.5191998  0.54643935]
DDK8,C,2e-07,18,True,False,TDD,vanilla,10,[0.06076038 0.16636139 0.3091232  0.45019737],[0.04147216 0.13293613 0.2143493  0.2566367 ],[ 14.348764  43.66235   87.846535 135.19084 ],[  9.55312   40.567966  82.86937  119.70271 ],[8.200118  8.079217  7.8382277 7.525315 ],[0.51029956 0.59045005 0.75453186 0.99971116],[8.257838 8.261139 8.260707 8.264115],[0.49564663 0.5484521  0.60611343 0.6623807 ]
DDK8,C,2e-07,21,True,False,TDD,vanilla,10,[0.07831143 0.21401826 0.35228416 0.4998008 ],[0.06260075 0.18997464 0.24755569 0.26319474],[ 19.389036  57.503975 101.330345 150.88402 ],[ 17.460806  58.954544  89.35515  107.285225],[8.157146 7.979921 7.696315 7.338515],[0.49958384 0.6403132  0.88112026 1.1302632 ],[8.236614 8.255446 8.269096 8.275333],[0.48349896 0.5265164  0.5651753  0.60599506]
DDK8,C,2e-07,24,True,False,TDD,vanilla,10,[0.11511371 0.31499043 0.5001267  0.6593123 ],[0.08687617 0.20912787 0.2752251  0.26250723],[ 25.81215   79.226746 133.07971  183.6114  ],[ 21.269142  64.05801   91.70811  106.66817 ],[8.01485   7.709139  7.3353777 6.804879 ],[0.61537516 0.8052726  0.9966837  1.3554205 ],[8.131182 8.132619 8.148181 8.162027],[0.5804273  0.61564034 0.6213094  0.64173055]
DDK8,C,2e-07,27,True,False,TDD,vanilla,10,[0.11599647 0.30670834 0.49590302 0.65751153],[0.08141461 0.19689713 0.27151415 0.2830075 ],[ 26.579126  76.816216 125.86558  172.07144 ],[19.003275 59.11395  81.67245  95.946396],[8.037966  7.7233076 7.305538  6.807995 ],[0.5916775 0.7700512 1.0670075 1.3089625],[8.16426  8.148859 8.14116  8.125651],[0.5455145  0.57448643 0.5996173  0.65095395]
DDK8,C,2e-07,33,True,False,TDD,vanilla,10,[0.22190067 0.47739524 0.66070384 0.7500021 ],[0.20467104 0.3754895  0.43023267 0.31720194],[ 47.25479 109.37529 163.26245 199.13283],[ 41.950077  84.54863  109.73482  110.65693 ],[7.8794694 7.3616424 6.9144206 6.626723 ],[0.7541034 1.1125952 1.3387442 1.3384105],[8.134128 8.123875 8.132454 8.157437],[0.62713987 0.62046474 0.62091714 0.6189508 ]
DDK8,C,2e-07,36,True,False,TDD,vanilla,10,[0.21732318 0.4559167  0.6775715  0.775555  ],[0.26002127 0.37996972 0.5854135  0.37239492],[ 49.490986 113.23088  170.82588  211.31166 ],[ 50.902546  94.38972  118.613945 114.51034 ],[7.9754877 7.509861  7.1045513 6.669068 ],[0.69501233 1.083964   1.2713044  1.3730189 ],[8.223166 8.203659 8.193959 8.197771],[0.5721486  0.62228054 0.6435787  0.6443599 ]
DDK8,C,2e-07,42,True,False,TDD,vanilla,10,[0.43703634 0.60969144 0.89046746 1.0029165 ],[0.7668604 0.4342768 0.8010214 0.5029268],[ 99.76201 151.3206  228.59656 266.99307],[205.67993 105.78919 164.6944  140.21255],[7.6671824 7.2402306 6.693262  6.141693 ],[1.152673  1.2349885 1.3874116 1.3880564],[8.202137 8.208331 8.213117 8.186108],[0.62006235 0.64596266 0.66607225 0.7035478 ]
DDK8,C,4e-07,3,True,False,TDD,vanilla,10,[0.01848195 0.02283288 0.0286098  0.03806876],[0.00392941 0.0062841  0.01080234 0.01816503],[ 5.001785  6.084041  7.561659 10.090639],[1.0940758 1.6038241 2.7045379 4.701151 ],[8.3000345 8.297211  8.292462  8.284506 ],[0.1831897  0.19705397 0.21211252 0.2287957 ],[8.31983  8.321709 8.323363 8.324781],[0.1824369  0.19586535 0.21045375 0.22601187]
DDK8,C,4e-07,6,True,False,TDD,vanilla,10,[0.02389731 0.03422025 0.05137281 0.07746032],[0.00607552 0.01190354 0.02491073 0.04643524],[ 6.1039057  8.670134  13.039821  19.953505 ],[ 1.6388453  3.2508528  7.142439  14.005265 ],[8.233155 8.2215   8.203151 8.176914],[0.26688042 0.28747293 0.30938444 0.33427787],[8.259438 8.260148 8.261916 8.265042],[0.26467186 0.2839932  0.30338576 0.3230583 ]
DDK8,C,4e-07,9,True,False,TDD,vanilla,10,[0.0303648  0.05042886 0.08565044 0.13910373],[0.00974907 0.02287417 0.04850935 0.08667915],[ 7.5310693 12.295475  21.153526  35.471996 ],[ 2.0365324  5.18748   12.610399  24.865332 ],[8.26742  8.237271 8.190742 8.122087],[0.342386   0.38545248 0.4328769  0.48836377],[8.299542  8.2919655 8.284302  8.276176 ],[0.3363756  0.3739166  0.41209707 0.44999707]
DDK8,C,4e-07,12,True,False,TDD,vanilla,10,[0.03761336 0.07350855 0.13450843 0.2220063 ],[0.01316998 0.04142665 0.08816917 0.13866149],[ 9.293534 18.087292 34.176674 58.277576],[ 3.0615718 10.097233  24.439138  42.396275 ],[8.213437 8.16684  8.082644 7.957602],[0.37275797 0.4184688  0.47902292 0.559345  ],[8.254019 8.249561 8.239468 8.22615 ],[0.36668321 0.40296978 0.44160876 0.48203832]
DDK8,C,4e-07,15,True,False,TDD,vanilla,10,[0.04632648 0.10804785 0.20134042 0.32254305],[0.01815367 0.0643466  0.12687929 0.19254035],[11.950057 28.625755 56.204803 94.489296],[ 4.3830414 17.760817  39.595673  67.75271  ],[8.2482815 8.184582  8.071901  7.8896112],[0.3748316  0.44037554 0.5349023  0.678838  ],[8.300738 8.310435 8.318503 8.321449],[0.36233523 0.4033232  0.448278   0.4995451 ]
DDK8,C,4e-07,18,True,False,TDD,vanilla,10,[0.06009376 0.15508248 0.27180782 0.4064505 ],[0.03618021 0.12707815 0.1931788  0.23866184],[ 14.607462  39.060024  73.76246  118.468124],[ 6.864343 28.547926 53.703655 81.61953 ],[8.180064  8.070542  7.8928666 7.6407485],[0.5335148  0.65778375 0.8313685  1.0649652 ],[8.245845 8.256775 8.268593 8.282536],[0.5129303  0.5608195  0.60647964 0.64250934]
DDK8,C,4e-07,21,True,False,TDD,vanilla,10,[0.0801422  0.20426841 0.3530011  0.5050198 ],[0.05220278 0.14906989 0.218792   0.24357404],[ 18.807653  52.143246  96.63323  150.15323 ],[10.691824 40.302624 67.16807  94.30516 ],[8.120851 7.976407 7.730087 7.382817],[0.51815635 0.6150572  0.84149724 1.1110791 ],[8.208268 8.233376 8.263854 8.301309],[0.48909435 0.49843127 0.5081799  0.52443814]
DDK8,C,4e-07,24,True,False,TDD,vanilla,10,[0.09003468 0.23601891 0.38864243 0.5370999 ],[0.05668559 0.17697208 0.23301417 0.23984769],[ 21.995586  62.07119  105.949646 152.13728 ],[14.595811 55.47391  81.33935  98.9707  ],[8.124814 7.904097 7.600163 7.222021],[0.52496374 0.6515502  0.8533275  1.0880249 ],[8.224326 8.216809 8.205311 8.196901],[0.5019927  0.53854054 0.5763094  0.6127203 ]
DDK8,C,4e-07,27,True,False,TDD,vanilla,10,[0.10498516 0.25405797 0.4110117  0.5577662 ],[0.07047431 0.17727299 0.22389573 0.2302389 ],[ 26.730507  67.881516 111.54927  155.85852 ],[22.538025 61.393826 80.03597  94.880135],[8.092929  7.842283  7.5912547 7.2659802],[0.5482329 0.7478187 0.8902359 1.0582508],[8.212278 8.205426 8.209401 8.201062],[0.52702165 0.5741107  0.6127436  0.64407486]
DDK8,C,4e-07,33,True,False,TDD,vanilla,10,[0.15805122 0.32738143 0.4995911  0.6208542 ],[0.1218335  0.2196347  0.27484065 0.27302057],[ 36.999702  82.61203  127.40817  163.66798 ],[29.285286 62.706615 78.484955 93.71973 ],[7.9946594 7.711226  7.358015  7.0687523],[0.7269946 0.9416655 1.1789819 1.3466346],[8.183739 8.192224 8.175432 8.147135],[0.6432265  0.66101295 0.6978664  0.7402622 ]
DDK8,C,4e-07,36,True,False,TDD,vanilla,10,[0.1826282  0.41920808 0.61005044 0.7046756 ],[0.15625297 0.29291254 0.33993328 0.2886242 ],[ 44.48617 109.0797  165.38498 201.79854],[ 33.178394  73.61279   94.55472  105.14287 ],[8.046978 7.595454 7.12862  6.872219],[0.7255277 1.148317  1.4595433 1.501775 ],[8.265757  8.2690735 8.257155  8.252183 ],[0.6276491  0.67769957 0.705928   0.7128718 ]
DDK8,C,4e-07,42,True,False,TDD,vanilla,10,[0.2854505  0.4732869  0.69042295 0.85266936],[0.30877233 0.28557208 0.33437765 0.28737605],[ 76.33554  123.398026 188.63295  239.37514 ],[106.31236  89.30211 118.08464 120.50923],[7.7867527 7.4371953 6.9884048 6.476342 ],[0.8440807 1.0420319 1.2032646 1.2742813],[8.192731 8.206451 8.21126  8.215601],[0.59920657 0.60754186 0.64400005 0.6513544 ]
DDK8,D,5e-08,3,True,False,TDD,vanilla,10,[0.00331853 0.00454334 0.00581491 0.0075358 ],[0.00110689 0.00172501 0.00252902 0.00354285],[0.96772164 1.3218619  1.6865419  2.1825602 ],[0.30557108 0.47851607 0.70509285 0.99272704],[8.29573  8.293225 8.290625 8.287469],[0.0752296  0.08076385 0.08676045 0.09316347],[8.299658 8.29858  8.297538 8.29653 ],[0.07468852 0.07996947 0.08556426 0.0913942 ]
DDK8,D,5e-08,6,True,False,TDD,vanilla,10,[0.00439189 0.0066429  0.00967574 0.01382767],[0.00159059 0.00276138 0.00471451 0.00751951],[1.2883812 1.9460388 2.8367438 4.0628266],[0.43435752 0.75830525 1.3182937  2.1426797 ],[8.306576 8.30351  8.29943  8.293817],[0.12043591 0.13262565 0.14562544 0.15939598],[8.311767 8.311415 8.310966 8.310436],[0.12025459 0.13231722 0.14488111 0.15781623]
DDK8,D,5e-08,9,True,False,TDD,vanilla,10,[0.00511954 0.00869242 0.0136128  0.02059693],[0.00175795 0.00384152 0.00769466 0.01311438],[1.4963968 2.5318482 3.9390585 5.942642 ],[0.49128756 1.0560809  2.0673783  3.4717205 ],[8.291579 8.283198 8.272921 8.260449],[0.1325837  0.15346353 0.17647831 0.20141377],[8.297676 8.293371 8.288761 8.283954],[0.1321482  0.15266456 0.17479543 0.19807528]
DDK8,D,5e-08,12,True,False,TDD,vanilla,10,[0.00699444 0.01314531 0.0217861  0.03357533],[0.00329838 0.00823348 0.0157153  0.02615039],[1.993272  3.7249856 6.166217  9.544393 ],[0.8951684 2.2541363 4.454684  7.7619376],[8.27442  8.264734 8.252046 8.237792],[0.18813562 0.21306588 0.23962295 0.2662734 ],[8.282729 8.280233 8.277586 8.274747],[0.18684064 0.21076299 0.2355141  0.26066127]
DDK8,D,5e-08,15,True,False,TDD,vanilla,10,[0.00892807 0.01751666 0.02915443 0.04411855],[0.00516496 0.01288973 0.02715542 0.03983589],[ 2.508596  4.91736   8.200237 12.611722],[ 1.2930398  3.3320706  7.171335  11.097841 ],[8.260029 8.248996 8.235133 8.220904],[0.2111285  0.2311166  0.25239056 0.27274725],[8.270022 8.268729 8.268344 8.268918],[0.2086949  0.22577141 0.24269079 0.25992864]
DDK8,D,5e-08,18,True,False,TDD,vanilla,10,[0.01133873 0.02395799 0.03998474 0.06206553],[0.0058265  0.01648756 0.03125823 0.04641155],[ 3.230602   6.7018547 11.069342  17.428003 ],[ 1.6048801  4.2210865  7.879325  12.529417 ],[8.25523  8.230247 8.203022 8.176862],[0.23682745 0.26846513 0.3029946  0.33396906],[8.267819  8.256482  8.2475815 8.242658 ],[0.2351493 0.2640463 0.2919402 0.3160511]
DDK8,D,5e-08,21,True,False,TDD,vanilla,10,[0.01258647 0.02667115 0.04773151 0.07358693],[0.00733478 0.01996278 0.03761528 0.05916609],[ 3.6356988  7.7709312 14.053968  22.051546 ],[ 2.2089117  5.9051685 11.033756  18.287018 ],[8.263189  8.2529125 8.2383175 8.221854 ],[0.25375178 0.28834045 0.3283544  0.3682939 ],[8.27719   8.282884  8.2891655 8.295584 ],[0.25249338 0.2854534  0.32003936 0.35299757]
DDK8,D,5e-08,24,True,False,TDD,vanilla,10,[0.01364153 0.02901115 0.04883371 0.07409926],[0.00751527 0.01757995 0.03245273 0.0504097 ],[ 3.9388077  8.418712  14.233486  21.71688  ],[ 2.1470659  5.2641244 10.168495  15.976222 ],[8.26501  8.242546 8.213501 8.179758],[0.24858749 0.27838847 0.31012714 0.3435134 ],[8.280112  8.273623  8.264235  8.2512455],[0.24701582 0.27596948 0.30649292 0.3357034 ]
DDK8,D,5e-08,27,True,False,TDD,vanilla,10,[0.01574081 0.03399913 0.05813044 0.09075914],[0.00936555 0.02766175 0.05271639 0.08331847],[ 4.5097833  9.637324  16.55549   26.188528 ],[ 2.8108494  8.027529  14.610733  23.7091   ],[8.245659  8.228204  8.209036  8.1883135],[0.2996418  0.31912598 0.34753114 0.38069823],[8.262777 8.265217 8.269065 8.273772],[0.2979555  0.3138878  0.33165452 0.3518799 ]
DDK8,D,5e-08,33,True,False,TDD,vanilla,10,[0.02033559 0.04265085 0.07384691 0.1093832 ],[0.01366354 0.03350893 0.05628535 0.06818376],[ 5.566928 11.623168 20.388819 31.501514],[ 3.1320174  8.562428  14.968591  21.159962 ],[8.2133045 8.184737  8.156292  8.141481 ],[0.31803268 0.33579767 0.35655636 0.3601585 ],[8.235228 8.229521 8.229554 8.238303],[0.31300098 0.32693157 0.3373971  0.34345612]
DDK8,D,5e-08,36,True,False,TDD,vanilla,10,[0.02321593 0.05177549 0.08899771 0.13055086],[0.01645316 0.04364006 0.07966555 0.10623512],[ 6.7907414 15.287276  26.426619  39.517685 ],[ 4.2928505 12.565639  22.213236  30.284126 ],[8.311668 8.286385 8.254429 8.21641 ],[0.28460652 0.3077678  0.33324364 0.36671913],[8.336734 8.337908 8.336387 8.332141],[0.27704263 0.29162735 0.30735877 0.3248851 ]
DDK8,D,5e-08,42,True,False,TDD,vanilla,10,[0.03026736 0.0675863  0.11372855 0.16402571],[0.02214231 0.04921693 0.08188546 0.10540454],[ 8.694351 19.685387 34.31708  51.145824],[ 5.9068227 12.751864  23.610556  36.492966 ],[8.260394  8.2574005 8.246532  8.212107 ],[0.30761492 0.32333738 0.34505928 0.37543017],[8.291798 8.319096 8.342037 8.351114],[0.29859725 0.30620685 0.31966177 0.34217647]
DDK8,D,2e-07,3,True,False,TDD,vanilla,10,[0.00654823 0.00812372 0.0096327  0.01181587],[0.00301575 0.00376373 0.00464228 0.005926  ],[1.9395365 2.4075654 2.8555214 3.502291 ],[0.87223566 1.0887963  1.3478498  1.7197164 ],[8.296954 8.295903 8.294972 8.293238],[0.05579523 0.06266089 0.06960647 0.07689169],[8.30472  8.305355 8.306001 8.306659],[0.05492547 0.06174164 0.06871933 0.07579485]
DDK8,D,2e-07,6,True,False,TDD,vanilla,10,[0.00786518 0.01061817 0.01384526 0.01762774],[0.00242422 0.00356992 0.00529902 0.00710846],[2.3248675 3.1370544 4.0843315 5.195797 ],[0.68768746 1.0182011  1.5230696  2.0531147 ],[8.29566  8.291625 8.286864 8.281486],[0.08444798 0.09577965 0.1073045  0.11891286],[8.304998 8.30393  8.302717 8.301365],[0.08359402 0.0947236  0.10591125 0.1170879 ]
DDK8,D,2e-07,9,True,False,TDD,vanilla,10,[0.00987561 0.01408765 0.01924856 0.02549659],[0.00374387 0.00537499 0.0077055  0.01065702],[2.8946087 4.1446166 5.674043  7.56432  ],[0.98280334 1.4489176  2.129528   3.1764276 ],[8.2934885 8.289231  8.283933  8.277706 ],[0.12997237 0.1448961  0.16002075 0.17511572],[8.304958 8.305161 8.30541  8.30564 ],[0.12817776 0.14271183 0.15739685 0.17246187]
DDK8,D,2e-07,12,True,False,TDD,vanilla,10,[0.01054214 0.01556237 0.02089135 0.02790147],[0.00400739 0.00648455 0.00839551 0.0114312 ],[3.123507  4.6008577 6.183894  8.288873 ],[1.1595412 1.840596  2.3569374 3.3745131],[8.301186 8.295008 8.288125 8.280166],[0.14430678 0.16718926 0.19065598 0.21470173],[8.313007 8.312093 8.310837 8.309354],[0.14296053 0.16523613 0.1881396  0.2113783 ]
DDK8,D,2e-07,15,True,False,TDD,vanilla,10,[0.01375212 0.02147902 0.02996868 0.04217795],[0.00559718 0.00923836 0.01491762 0.02242761],[ 4.035347   6.3194838  8.832758  12.549305 ],[1.6595994 2.7481537 4.486273  7.1258593],[8.278645 8.268893 8.258722 8.247896],[0.18823455 0.21086596 0.23345183 0.2562967 ],[8.293565  8.2920685 8.2905855 8.289156 ],[0.18703032 0.20940296 0.23131841 0.25235698]
DDK8,D,2e-07,18,True,False,TDD,vanilla,10,[0.01527725 0.02351214 0.03169243 0.04758216],[0.00716058 0.01148988 0.01718208 0.02533224],[ 4.4131937  6.8283315  9.30221   14.098983 ],[1.8212073 2.945578  4.7825913 7.3877964],[8.289178 8.285171 8.279218 8.269549],[0.22405805 0.2451283  0.2660962  0.2869109 ],[8.305725 8.309488 8.312395 8.314784],[0.22037174 0.2390583  0.25812885 0.27720353]
DDK8,D,2e-07,21,True,False,TDD,vanilla,10,[0.0168786  0.02626201 0.04008835 0.05740349],[0.00780106 0.01391305 0.02459332 0.03412629],[ 4.781867   7.4871993 11.49552   16.75663  ],[ 1.909892   3.7301793  6.763585  10.191159 ],[8.2467   8.240159 8.232392 8.22562 ],[0.24864158 0.27001637 0.29046503 0.3087624 ],[8.264703 8.267769 8.272947 8.279535],[0.24443386 0.26372743 0.2798239  0.2931526 ]
DDK8,D,2e-07,24,True,False,TDD,vanilla,10,[0.01855724 0.03025952 0.04799072 0.07045842],[0.00767017 0.01518464 0.02721706 0.04256389],[ 5.287102  8.610196 13.762925 20.688576],[ 2.1246574  3.937426   7.2604675 12.468656 ],[8.258368  8.2525835 8.243873  8.235412 ],[0.24582654 0.263821   0.28503653 0.3090169 ],[8.277871 8.283131 8.289918 8.296556],[0.24175097 0.25661522 0.27360883 0.29408902]
DDK8,D,2e-07,27,True,False,TDD,vanilla,10,[0.02024774 0.03396801 0.05577861 0.0818199 ],[0.00918003 0.01858593 0.03506438 0.05392364],[ 5.6880226  9.647794  15.945255  23.853935 ],[ 2.208163  4.938638  9.908225 15.896433],[8.232294 8.218736 8.203509 8.189826],[0.2691544  0.29205415 0.32257572 0.35736167],[8.2537155 8.252774  8.254282  8.257275 ],[0.26518136 0.28589198 0.31270012 0.34290448]
DDK8,D,2e-07,33,True,False,TDD,vanilla,10,[0.02257913 0.04184509 0.06988476 0.10047659],[0.01131731 0.02913041 0.04931702 0.06685511],[ 6.535871 11.965492 20.38676  30.307833],[ 2.9170542  7.2266874 13.685135  20.712498 ],[8.271111 8.256384 8.241521 8.233384],[0.29799664 0.30735782 0.3169025  0.33267272],[8.294483 8.296839 8.303677 8.315007],[0.29260948 0.29500195 0.30127394 0.31653824]
DDK8,D,2e-07,36,True,False,TDD,vanilla,10,[0.02497818 0.04772536 0.08099521 0.11611403],[0.01247682 0.03537843 0.06408571 0.09299017],[ 6.9424725 12.928472  21.919075  31.703327 ],[ 3.087949  8.170111 15.842936 23.705517],[8.228166 8.184569 8.141033 8.101958],[0.3137345  0.34725437 0.37925547 0.4142174 ],[8.254462  8.231821  8.213254  8.2022705],[0.30821246 0.33105987 0.3529215  0.36922216]
DDK8,D,2e-07,42,True,False,TDD,vanilla,10,[0.03122378 0.06401974 0.10964236 0.15882766],[0.01492714 0.03735806 0.06426802 0.08853674],[ 8.968211 18.57072  32.619537 48.339878],[ 4.0297837 11.362971  23.234022  34.35939  ],[8.2427   8.210564 8.172926 8.14328 ],[0.31925452 0.3402073  0.3548925  0.3679842 ],[8.275828 8.271634 8.268322 8.26755 ],[0.31351313 0.32876962 0.3366903  0.34487548]
DDK8,D,4e-07,3,True,False,TDD,vanilla,10,[0.01095715 0.01294508 0.0148304  0.01759931],[0.00394669 0.00485312 0.00588253 0.00734625],[3.2055852 3.7794857 4.3194466 5.1142464],[1.1271858 1.3881676 1.6796887 2.0972657],[8.281513 8.27677  8.272049 8.266374],[0.05505066 0.06314415 0.07133729 0.07977397],[8.293405 8.290766 8.28805  8.285257],[0.05372701 0.06171242 0.06978194 0.07790729]
DDK8,D,4e-07,6,True,False,TDD,vanilla,10,[0.01312103 0.01619836 0.01956852 0.02365914],[0.00511801 0.00624123 0.00762555 0.00923766],[3.8563766 4.7716947 5.7723513 6.9939146],[1.4744838 1.8086524 2.2052948 2.6493385],[8.288134 8.286272 8.284128 8.281624],[0.09952296 0.11331521 0.12688404 0.14023845],[8.302427 8.303819 8.305447 8.30732 ],[0.09781612 0.11133109 0.12449647 0.1372722 ]
DDK8,D,4e-07,9,True,False,TDD,vanilla,10,[0.01530908 0.01950686 0.02391049 0.02885995],[0.00584027 0.00745784 0.00924877 0.01073661],[4.54061   5.8046722 7.1414204 8.6507635],[1.6857193 2.156291  2.7101696 3.1605136],[8.294332 8.292767 8.291132 8.28895 ],[0.12500034 0.14377701 0.16225947 0.1805793 ],[8.310682 8.313534 8.316418 8.319339],[0.1229313  0.14134116 0.15957414 0.17754117]
DDK8,D,4e-07,12,True,False,TDD,vanilla,10,[0.01624897 0.02136067 0.02646386 0.03339784],[0.00616449 0.00860643 0.01105269 0.01477881],[ 4.8171597  6.34944    7.8638597 10.004651 ],[1.8049858 2.5522792 3.2106078 4.498854 ],[8.29758  8.293529 8.289395 8.284759],[0.15768322 0.179383   0.201811   0.2227674 ],[8.314311 8.315415 8.316559 8.31765 ],[0.15571669 0.17662454 0.19755578 0.21827404]
DDK8,D,4e-07,15,True,False,TDD,vanilla,10,[0.02028902 0.02774157 0.03492917 0.04512026],[0.00906064 0.01223593 0.0156235  0.02100097],[ 6.058288  8.321013 10.515616 13.697616],[2.5308123 3.4644098 4.549592  6.369248 ],[8.311227 8.308802 8.306201 8.301926],[0.17805389 0.19778243 0.21735826 0.23674494],[8.331775 8.336437 8.340626 8.344339],[0.17464425 0.1934692  0.21228619 0.23092636]
DDK8,D,4e-07,18,True,False,TDD,vanilla,10,[0.02078811 0.02815499 0.03713495 0.05115816],[0.00748745 0.01035426 0.01492987 0.0242345 ],[ 6.0598664  8.203974  10.791634  14.890131 ],[2.1350713 2.9636323 4.341323  7.1249976],[8.265223 8.255117 8.244891 8.23268 ],[0.19202659 0.2123442  0.23681432 0.26404336],[8.286208 8.283078 8.280533 8.278921],[0.19004631 0.20961969 0.23211282 0.2563469 ]
DDK8,D,4e-07,21,True,False,TDD,vanilla,10,[0.02226367 0.03132461 0.0428933  0.05948591],[0.00804197 0.01127538 0.01758298 0.02578016],[ 6.5674043  9.253251  12.6396    17.602285 ],[2.3334556 3.2993298 5.122335  7.8017087],[8.293432 8.283237 8.269301 8.253221],[0.21100433 0.25002795 0.29429427 0.3360171 ],[8.315765 8.314188 8.310797 8.306976],[0.20739509 0.2451768  0.28654093 0.3257228 ]
DDK8,D,4e-07,24,True,False,TDD,vanilla,10,[0.02357522 0.03354769 0.04805335 0.06657594],[0.01015311 0.01533627 0.02427161 0.03479306],[ 6.7988863  9.695652  13.989898  19.594566 ],[ 2.745307  4.054928  6.857399 10.584056],[8.270687 8.261508 8.248105 8.234204],[0.24565889 0.27287045 0.30486313 0.33747444],[8.2942295 8.294001  8.29249   8.29053  ],[0.24053971 0.2657455  0.29513124 0.32629207]
DDK8,D,4e-07,27,True,False,TDD,vanilla,10,[0.02448211 0.03493822 0.05149189 0.07299399],[0.01042596 0.01592385 0.02440411 0.03863121],[ 7.043197 10.103123 15.113508 21.65541 ],[ 2.6369123  4.2770853  7.64098   12.235891 ],[8.260323 8.254171 8.242107 8.226046],[0.25097016 0.2627496  0.280513   0.3095189 ],[8.284804 8.288184 8.289756 8.287945],[0.24599674 0.25614992 0.27404147 0.30254942]
DDK8,D,4e-07,33,True,False,TDD,vanilla,10,[0.0282257  0.0446043  0.07002211 0.10059527],[0.01266659 0.0222722  0.04249879 0.06684817],[ 8.056802 12.827518 20.323471 29.88172 ],[ 3.3129647  6.335603  12.420635  21.03194  ],[8.254867 8.243278 8.231292 8.222985],[0.30100974 0.3230687  0.34718233 0.36321232],[8.283479 8.285306 8.291762 8.302665],[0.29424185 0.31225926 0.32923257 0.3390499 ]
DDK8,D,4e-07,36,True,False,TDD,vanilla,10,[0.03035123 0.05111888 0.08308326 0.12014412],[0.01464708 0.03439349 0.06876726 0.10736687],[ 8.172874 13.863682 22.874163 34.1519  ],[ 3.2107935  8.138341  17.27661   28.62754  ],[8.193398 8.184635 8.169381 8.148399],[0.31317088 0.34342313 0.37703815 0.4243828 ],[8.223469 8.229465 8.240253 8.252065],[0.30499366 0.32756943 0.34636486 0.3621993 ]
DDK8,D,4e-07,42,True,False,TDD,vanilla,10,[0.03149652 0.05486759 0.09056073 0.13365056],[0.01405314 0.03064778 0.05500673 0.08417797],[ 9.039322 15.691838 26.257275 39.227837],[ 3.4703248  8.749603  18.069117  29.47227  ],[8.262716 8.228671 8.188425 8.154362],[0.2675092  0.29474744 0.31465983 0.33213037],[8.293684 8.277752 8.263025 8.253034],[0.2600928  0.2811057  0.29591087 0.3149146 ]
DDK8,A,5e-08,3,True,False,TDD,vanilla,15,[0.0098691  0.01317918 0.01906349 0.02872305],[0.00468531 0.00808157 0.01417068 0.02389618],[2.0382276 2.5322523 3.4409988 5.1092577],[0.61767536 0.93588454 1.6264927  2.938158  ],[8.230435 8.232487 8.233528 8.233065],[0.36624634 0.38151735 0.3985835  0.41748074],[8.233838 8.237641 8.241822 8.246357],[0.36562672 0.3805851  0.39700893 0.4147793 ]
DDK8,A,5e-08,6,True,False,TDD,vanilla,15,[0.01334709 0.02393945 0.04430023 0.07493899],[0.0066341  0.01700053 0.03809493 0.06830011],[ 2.7073047  4.261759   7.6153436 13.624538 ],[ 0.88239056  1.880741    4.6714416  10.541806  ],[8.2770195 8.273827  8.26471   8.24969  ],[0.443544   0.4816465  0.5227313  0.56681883],[8.28204  8.2848   8.287399 8.290143],[0.44220755 0.47809482 0.5148415  0.55173457]
DDK8,A,5e-08,9,True,False,TDD,vanilla,15,[0.02141624 0.04820209 0.09289037 0.15064518],[0.01628413 0.04940429 0.09157337 0.17811072],[ 3.552389  6.908426 12.906019 21.703926],[ 1.3614964  3.7773879  8.133542  15.117242 ],[8.224203 8.197976 8.163004 8.123246],[0.5515883  0.6094638  0.67424285 0.7433028 ],[8.232175 8.218963 8.206256 8.19461 ],[0.5494946  0.6048245  0.66238713 0.7200331 ]
DDK8,A,5e-08,12,True,False,TDD,vanilla,15,[0.02943789 0.07789326 0.13398665 0.224992  ],[0.02579626 0.08604885 0.15915523 0.2643001 ],[ 4.5387416 10.87622   18.903831  36.765377 ],[ 1.8481097  7.048837  13.756242  30.295012 ],[8.158724 8.133846 8.099234 8.048482],[0.57289696 0.64936256 0.73334926 0.8247766 ],[8.1713705 8.169162  8.165635  8.1618185],[0.5680532  0.6353437  0.7046337  0.77285534]
DDK8,A,5e-08,15,True,False,TDD,vanilla,15,[0.03986872 0.09098549 0.16243742 0.28241235],[0.0387691  0.0880379  0.17010188 0.28183964],[ 6.5445986 15.680268  31.13081   57.565586 ],[ 3.8176072 13.254118  32.086075  63.77009  ],[8.210267 8.178847 8.14441  8.076437],[0.7262975  0.8074546  0.8899236  0.97896713],[8.229278 8.228537 8.234898 8.246084],[0.716445   0.7802941  0.83712816 0.889672  ]
DDK8,A,5e-08,18,True,False,TDD,vanilla,15,[0.0604166  0.14565377 0.24300472 0.40307185],[0.06474154 0.20851633 0.22273713 0.36397704],[ 7.3300433 17.945004  36.840847  69.16823  ],[ 3.7233067 12.684167  30.307777  65.53291  ],[8.13819   8.098508  8.039424  7.9248095],[0.8336952 0.9076541 0.9974437 1.1423726],[8.165414 8.166351 8.164887 8.15692 ],[0.8150258 0.8670547 0.9366969 1.025056 ]
DDK8,A,5e-08,21,True,False,TDD,vanilla,15,[0.06504795 0.1509361  0.24465682 0.37526214],[0.0666109  0.24756426 0.24666779 0.29381168],[ 8.656682 20.019156 39.892677 72.64383 ],[ 5.2761283 16.976532  35.96072   66.823006 ],[8.0647955 8.001978  7.904033  7.745889 ],[0.91514355 0.9717576  1.0477908  1.1842448 ],[8.097888  8.0776415 8.057297  8.0439825],[0.8918794  0.9238005  0.95249516 0.97904676]
DDK8,A,5e-08,24,True,False,TDD,vanilla,15,[0.06725275 0.14792205 0.2925822  0.43456692],[0.06565537 0.19322675 0.3551722  0.4196709 ],[ 9.925562 23.643015 52.89292  94.69851 ],[ 5.410956 21.24103  53.662617 89.48735 ],[8.214605 8.151402 8.01992  7.802131],[0.78946364 0.86446404 0.9975781  1.2460439 ],[8.248478 8.227171 8.202078 8.1868  ],[0.7698817  0.82811874 0.88698286 0.9156224 ]
DDK8,A,5e-08,27,True,False,TDD,vanilla,15,[0.08544688 0.18850076 0.34223706 0.625673  ],[0.0922015  0.17723581 0.2906963  0.6623153 ],[ 10.717691  28.469343  62.707104 112.68447 ],[  6.029511  24.189157  58.131714 105.58716 ],[8.0296545 7.950189  7.797834  7.5203915],[0.83902085 0.92129016 1.0381311  1.287837  ],[8.073305 8.057036 8.035699 8.017298],[0.81447893 0.87702554 0.95565355 1.0139018 ]
DDK8,A,5e-08,33,True,False,TDD,vanilla,15,[0.12646867 0.26703554 0.50167936 0.6247367 ],[0.12520933 0.2597974  0.47220004 0.38688204],[ 16.387531  42.920563  98.18565  158.47685 ],[ 11.934458  40.560513  94.21523  155.29243 ],[8.120842  8.036495  7.793937  7.3795342],[0.9833942 1.0533764 1.1453234 1.3744605],[8.180847  8.193614  8.203002  8.1704445],[0.9456215  0.95782167 0.92753166 0.9645922 ]
DDK8,A,5e-08,36,True,False,TDD,vanilla,15,[0.15068781 0.36610463 0.67041475 0.8833226 ],[0.18133184 0.38555023 0.74865425 0.76631516],[ 18.103018  50.45061  112.72067  186.43184 ],[ 11.679117  44.170677 102.1786   158.02864 ],[8.017932  7.8816695 7.56195   7.120483 ],[0.88910174 0.9931602  1.2491043  1.5304273 ],[8.093336 8.087319 8.075918 8.088953],[0.84122604 0.8823591  0.96047276 0.99210644]
DDK8,A,5e-08,42,True,False,TDD,vanilla,15,[0.20374388 0.42963666 0.67131805 0.9858848 ],[0.19680427 0.41978487 0.51521516 0.89492524],[ 21.754234  64.617096 127.7397   195.48729 ],[ 19.381857  52.965904  97.6593   150.3598  ],[7.7222958 7.5444183 7.1710744 6.71078  ],[1.1116811 1.2652876 1.5689957 1.6899958],[7.833758 7.885902 7.919857 7.917343],[1.0413706 1.023846  1.0217247 1.0423343]
DDK8,A,2e-07,3,True,False,TDD,vanilla,15,[0.01326629 0.01622384 0.02117849 0.02875437],[0.00568772 0.00769829 0.01200229 0.0186961 ],[2.8017411 3.246589  3.9694483 5.1038957],[0.57574517 0.7063356  1.0566719  1.7926826 ],[8.121981 8.123241 8.123392 8.121899],[0.6298962  0.633312   0.63783365 0.6434023 ],[8.130689 8.134304 8.138219 8.142409],[0.6257091 0.6282687 0.6312905 0.6347323]
DDK8,A,2e-07,6,True,False,TDD,vanilla,15,[0.01496957 0.02216225 0.03453931 0.05200821],[0.00721295 0.01255304 0.02308894 0.03919057],[ 3.3128862  4.5755796  6.8173027 10.363426 ],[0.9211691 1.6420871 3.666067  7.8437934],[8.265691 8.264918 8.260641 8.253056],[0.6055192  0.6237553  0.64615554 0.6722036 ],[8.274826 8.279523 8.284403 8.289545],[0.6015826  0.61828643 0.63822275 0.6610321 ]
DDK8,A,2e-07,9,True,False,TDD,vanilla,15,[0.02064077 0.03475114 0.05719619 0.08590818],[0.01175098 0.02415618 0.04451536 0.06972517],[ 4.1573067  6.3000255  9.945968  15.711042 ],[ 1.2250222  2.3563168  5.5186906 12.393076 ],[8.200474 8.199848 8.191103 8.176879],[0.6781168 0.7005428 0.7292628 0.7612741],[8.212872 8.222125 8.22945  8.234579],[0.6716166  0.6904289  0.7124399  0.73767006]
DDK8,A,2e-07,12,True,False,TDD,vanilla,15,[0.02758411 0.05428803 0.08695912 0.1418582 ],[0.0166327  0.03956588 0.06581306 0.11125458],[ 4.921507  8.690309 13.761435 23.573431],[ 1.6891161  4.3944745  9.474612  20.265362 ],[8.100438  8.059583  8.0166025 7.9586987],[0.73421514 0.7822133  0.83248156 0.90056175],[8.118894 8.099322 8.080267 8.061373],[0.72288525 0.7593847  0.79724795 0.8372211 ]
DDK8,A,2e-07,15,True,False,TDD,vanilla,15,[0.0376235  0.07702342 0.13055782 0.21688847],[0.02313591 0.05536541 0.09720816 0.15441959],[ 5.9080215 11.84546   21.384356  41.49956  ],[ 2.3367739  6.822234  16.8925    41.38355  ],[7.9344616 7.8965883 7.8588862 7.7854533],[0.82549435 0.8833392  0.94304776 1.0260009 ],[7.960368 7.953955 7.952423 7.9545  ],[0.8137213 0.856927  0.8997762 0.942242 ]
DDK8,A,2e-07,18,True,False,TDD,vanilla,15,[0.0395006  0.0799329  0.14374688 0.26003778],[0.02591128 0.06101849 0.11540347 0.21500611],[ 7.1397023 13.55399   24.610212  48.710995 ],[ 2.6842442  6.956716  17.144659  41.94586  ],[8.098921 8.046637 7.981212 7.864786],[0.8267842 0.888707  0.9593153 1.0584911],[8.126295 8.107923 8.089695 8.074124],[0.8090824  0.8441579  0.88169974 0.92264533]
DDK8,A,2e-07,21,True,False,TDD,vanilla,15,[0.05341776 0.10312185 0.18956946 0.32879403],[0.04190455 0.08206834 0.1534982  0.22949336],[ 8.614829 16.39353  32.520638 63.04769 ],[ 3.2787595  8.108627  20.069582  43.275436 ],[8.074995  8.035347  7.958661  7.8133283],[0.8704491 0.9151962 0.9928937 1.1116905],[8.111541 8.108097 8.098149 8.079145],[0.84507656 0.87269056 0.9155379  0.9743686 ]
DDK8,A,2e-07,24,True,False,TDD,vanilla,15,[0.05709934 0.11109314 0.21472582 0.36118022],[0.04969405 0.09842141 0.1899177  0.29170325],[ 9.1606655 18.047789  39.03911   75.822205 ],[ 3.626744  9.854132 27.174122 55.52289 ],[8.061041  7.987644  7.8719234 7.6949024],[0.85836446 0.96422213 1.0820392  1.2488756 ],[8.102798 8.079458 8.073869 8.082761],[0.8285165 0.893055  0.9226012 0.9377865]
DDK8,A,2e-07,27,True,False,TDD,vanilla,15,[0.05623867 0.12335338 0.24053639 0.41995418],[0.04183556 0.11762054 0.19390734 0.32826883],[ 9.941392 22.267815 49.72494  90.74328 ],[  5.00292  20.87639  60.08953 105.46022],[8.069202  7.9852967 7.830841  7.595476 ],[0.814586  0.9004069 1.022152  1.1776047],[8.11104  8.084653 8.048851 8.015041],[0.78864    0.83198315 0.884727   0.9329143 ]
DDK8,A,2e-07,33,True,False,TDD,vanilla,15,[0.07744651 0.18811513 0.3752693  0.56475574],[0.06546659 0.15883733 0.27833426 0.34491932],[ 13.892343  38.465015  88.540016 144.39604 ],[  8.190595  35.47949   86.39417  132.66847 ],[8.16443   8.075059  7.8389187 7.4639373],[0.84395885 0.92932475 1.0995303  1.2955265 ],[8.216682  8.2085085 8.163704  8.084707 ],[0.8136454 0.8615523 0.9495743 1.0525955]
DDK8,A,2e-07,36,True,False,TDD,vanilla,15,[0.10159271 0.23911549 0.49328953 0.7380687 ],[0.10117909 0.25305295 0.45775875 0.48969787],[ 15.614924  39.951244  95.601654 173.4417  ],[  9.610427  35.59022   84.98126  150.67833 ],[8.003256  7.875477  7.5921044 7.2256484],[0.88346887 0.9695084  1.2143397  1.4008601 ],[8.077505 8.06925  8.089985 8.128924],[0.82759804 0.8323908  0.8334932  0.87066954]
DDK8,A,2e-07,42,True,False,TDD,vanilla,15,[0.12442994 0.32097936 0.6256922  0.8614718 ],[0.11662403 0.3147671  0.5498593  0.5759195 ],[ 18.407373  50.636265 115.126884 183.69574 ],[ 14.158176  49.125378 118.2227   172.00836 ],[7.83342   7.6088305 7.22879   6.7757554],[1.0210454 1.2127883 1.414857  1.5344995],[7.927911  7.910005  7.917583  7.9121513],[0.96075475 0.9710648  0.9386558  0.9704687 ]
DDK8,A,4e-07,3,True,False,TDD,vanilla,15,[0.01526335 0.01736903 0.02048516 0.02482684],[0.00418809 0.00481139 0.00629368 0.0087417 ],[4.2580404 4.7031116 5.372008  6.3051085],[1.1744094 1.2631438 1.4810305 1.8885347],[8.127722 8.122453 8.11589  8.107905],[0.34193447 0.35050052 0.3603215  0.3716973 ],[8.140506 8.137633 8.134504 8.131127],[0.34248444 0.35056454 0.35972664 0.36985973]
DDK8,A,4e-07,6,True,False,TDD,vanilla,15,[0.01972887 0.02671147 0.03795606 0.05209006],[0.00701964 0.01065424 0.01922421 0.03109107],[ 5.263245   6.684186   8.9711685 12.026952 ],[1.6702946 2.117296  3.4460537 6.3566494],[8.161607 8.157278 8.148984 8.136981],[0.39073747 0.42164683 0.45608664 0.49307126],[8.176272 8.178738 8.180604 8.181811],[0.39123917 0.4205529  0.45303023 0.4878832 ]
DDK8,A,4e-07,9,True,False,TDD,vanilla,15,[0.02283981 0.03268953 0.04878801 0.06875636],[0.00766959 0.01182016 0.02222146 0.03683868],[ 6.0855064  8.197404  11.529759  15.945452 ],[2.1171057 2.5707555 4.0022073 7.230349 ],[8.166645 8.155178 8.138208 8.118572],[0.47436854 0.5116483  0.55213857 0.59377974],[8.184002 8.182483 8.180069 8.177103],[0.4719663  0.5057804  0.54053843 0.5759417 ]
DDK8,A,4e-07,12,True,False,TDD,vanilla,15,[0.02894265 0.04712645 0.0732201  0.1104818 ],[0.01238463 0.02774576 0.06424708 0.09621704],[ 7.2783523 10.811965  15.187482  23.878922 ],[ 2.4391184  3.8480785  5.823891  12.592809 ],[8.132366 8.114968 8.094804 8.063992],[0.57797927 0.629996   0.6829072  0.7384417 ],[8.15235  8.154115 8.15547  8.156445],[0.5726108  0.6156969  0.65478444 0.68982166]
DDK8,A,4e-07,15,True,False,TDD,vanilla,15,[0.03423279 0.05997993 0.09897948 0.16619076],[0.01427406 0.02978677 0.05596108 0.09951825],[ 8.09374  13.386013 22.11071  39.624535],[ 3.6345055  6.842935  14.885041  37.182392 ],[8.040673 8.022484 7.997193 7.944004],[0.57722324 0.6261327  0.6872096  0.7610163 ],[8.066401 8.071935 8.077987 8.082911],[0.5711157  0.6151953  0.66565377 0.7195561 ]
DDK8,A,4e-07,18,True,False,TDD,vanilla,15,[0.04140184 0.07645434 0.1365781  0.22396743],[0.02136395 0.04910044 0.10604234 0.14179519],[ 9.385896 16.980392 32.29239  60.912945],[ 3.3564181  8.11806   22.548384  47.44294  ],[8.062471 8.065686 8.05568  8.005179],[0.6325988  0.6983859  0.7781899  0.88141006],[8.09442  8.127554 8.160606 8.190095],[0.6232103  0.6795312  0.74975705 0.8271956 ]
DDK8,A,4e-07,21,True,False,TDD,vanilla,15,[0.04842129 0.0900444  0.16635218 0.26681766],[0.02920765 0.06711125 0.13060616 0.17315617],[10.2391405 18.455748  36.51818   68.05517  ],[ 3.9735074 10.418352  32.066437  63.280033 ],[7.9855742 7.987333  7.949317  7.8554564],[0.68895173 0.7556273  0.85007364 0.9606579 ],[8.028134 8.068816 8.101429 8.12289 ],[0.67326814 0.7159541  0.7663214  0.81699765]
DDK8,A,4e-07,24,True,False,TDD,vanilla,15,[0.05511428 0.10449129 0.21058095 0.3577904 ],[0.03494852 0.0648721  0.13821812 0.20731299],[10.459342 18.68241  39.642365 72.90875 ],[ 4.2299986  9.24119   26.928606  56.19495  ],[7.8841357 7.795648  7.6514997 7.455694 ],[0.7630914 0.8596099 0.9922832 1.1432607],[7.927203  7.8822603 7.847619  7.832544 ],[0.74526685 0.8172085  0.8804765  0.9221472 ]
DDK8,A,4e-07,27,True,False,TDD,vanilla,15,[0.06302606 0.12667575 0.2500564  0.40548253],[0.04961808 0.1124954  0.20706429 0.29638863],[ 12.058655  24.764128  54.842987 100.406555],[  5.7357845  20.108696   54.47148   101.23239  ],[7.933495 7.871149 7.741897 7.54635 ],[0.7371921 0.8084682 0.9141507 1.0591673],[7.9919696 7.989279  7.998762  8.014314 ],[0.70994437 0.749423   0.7883426  0.81563747]
DDK8,A,4e-07,33,True,False,TDD,vanilla,15,[0.08646082 0.21298327 0.40596896 0.61090803],[0.07832243 0.21309106 0.35405368 0.4747049 ],[ 15.368273  37.779007  81.67134  144.05573 ],[  7.402802  31.123898  68.54444  117.853584],[7.930184  7.8006163 7.551296  7.1572485],[0.7373894 0.862503  1.097864  1.4418828],[7.995203  7.9802413 7.973531  7.9859047],[0.70891154 0.7746805  0.8564755  0.92781574]
DDK8,A,4e-07,36,True,False,TDD,vanilla,15,[0.07408648 0.1597679  0.34005123 0.55774915],[0.04434555 0.10166615 0.21559452 0.30967146],[ 16.368494  35.444984  78.100494 132.42703 ],[  8.554707  23.824734  56.698822 100.96886 ],[8.042658  7.944256  7.6726203 7.21583  ],[0.86402583 0.9071104  1.0490873  1.3179748 ],[8.108352 8.090845 8.035079 7.95603 ],[0.8385771  0.8493455  0.87210375 0.9073687 ]
DDK8,A,4e-07,42,True,False,TDD,vanilla,15,[0.12912782 0.2942527  0.5457135  0.77369934],[0.11354604 0.21094915 0.3539134  0.4220881 ],[ 21.99004   63.690655 142.90166  227.70477 ],[ 12.321166  50.882355 120.66571  172.29912 ],[7.8205366 7.732486  7.4423857 7.041772 ],[0.8590003 0.9405679 1.0763009 1.2877313],[7.9211125 8.026638  8.094642  8.118456 ],[0.81548744 0.8076006  0.8508136  0.89531356]
DDK8,C,5e-08,3,True,False,TDD,vanilla,15,[0.01330351 0.01839873 0.02747719 0.0424151 ],[0.00484148 0.00913046 0.01751724 0.02997097],[2.572655  3.3292396 4.797486  7.649368 ],[0.585745   0.95284945 2.0705438  4.2826204 ],[8.320171 8.317159 8.311328 8.301263],[0.19957998 0.21043402 0.22297475 0.23744465],[8.326575 8.326315 8.326018 8.325577],[0.19877578 0.20899162 0.22026956 0.2324996 ]
DDK8,C,5e-08,6,True,False,TDD,vanilla,15,[0.01832817 0.03507759 0.06818084 0.12065844],[0.00761772 0.0246006  0.05704784 0.10127113],[ 3.201574   5.6204796 11.431606  22.644848 ],[ 0.99605507  3.2016337   9.814615   23.147602  ],[8.220602 8.202856 8.173395 8.126593],[0.30094382 0.32405743 0.3503711  0.37996233],[8.230418 8.22319  8.218066 8.215206],[0.29918042 0.32049295 0.3425427  0.3658508 ]
DDK8,C,5e-08,9,True,False,TDD,vanilla,15,[0.02636783 0.07233662 0.13987201 0.23236914],[0.01339312 0.07106778 0.13306634 0.18265991],[ 4.5787807 11.228698  25.50672   47.93256  ],[ 1.8568333  8.356551  22.756613  42.87617  ],[8.239917 8.213247 8.157718 8.066215],[0.39663875 0.43604064 0.47809055 0.52468014],[8.254384 8.254124 8.254158 8.25498 ],[0.39488202 0.43240994 0.46764877 0.49863467]
DDK8,C,5e-08,12,True,False,TDD,vanilla,15,[0.03649255 0.09895874 0.20038371 0.32438973],[0.03519233 0.08774661 0.17589556 0.2476343 ],[ 6.007534 17.47025  40.49153  73.65703 ],[ 3.071385 14.587062 39.050983 66.93726 ],[8.268859  8.2089615 8.097399  7.9175878],[0.40864724 0.44628906 0.51328754 0.6360519 ],[8.288876  8.277489  8.269999  8.2660885],[0.40042427 0.41886386 0.44892526 0.4908567 ]
DDK8,C,5e-08,15,True,False,TDD,vanilla,15,[0.05314785 0.16086136 0.31577024 0.44064763],[0.04404201 0.16594312 0.28856283 0.32467416],[  8.768358  29.816763  64.18479  106.918274],[ 6.635513 32.34255  62.992516 93.52105 ],[8.256334 8.183291 8.015809 7.742416],[0.40619677 0.4631975  0.632717   0.98120534],[8.284434 8.291013 8.302465 8.324361],[0.4031638  0.44232005 0.4866336  0.5346952 ]
DDK8,C,5e-08,18,True,False,TDD,vanilla,15,[0.1058759  0.29364827 0.49716756 0.64149165],[0.11869037 0.26721665 0.41123223 0.40205026],[ 14.683774  53.48395  100.77639  144.45685 ],[ 11.802755  48.033928  83.46411  108.28346 ],[8.1352825 7.931126  7.61122   7.1739   ],[0.5682222  0.7260215  0.95601714 1.2789096 ],[8.200162 8.199213 8.199512 8.190836],[0.5350562  0.57275265 0.58666337 0.60950494]
DDK8,C,5e-08,21,True,False,TDD,vanilla,15,[0.11231034 0.33617318 0.52221406 0.6821183 ],[0.10040598 0.2927453  0.36388084 0.3757989 ],[ 18.2157   65.86494 116.27235 165.93054],[ 15.273797  64.6971    98.12738  120.80413 ],[8.198481  7.910488  7.534688  7.1524906],[0.5204476  0.80770713 1.1602091  1.35247   ],[8.273708 8.270968 8.278294 8.289778],[0.4893335 0.5536807 0.6028044 0.6329883]
DDK8,C,5e-08,24,True,False,TDD,vanilla,15,[0.1521414  0.36976227 0.5402775  0.69285893],[0.1561325  0.31437013 0.36382207 0.38690245],[ 24.111914  73.81263  122.47723  171.4229  ],[ 21.831623  66.16563   94.78147  121.93111 ],[8.124927  7.7684984 7.4401226 6.9582887],[0.6091468 0.9805555 1.1576325 1.509771 ],[8.232507 8.229933 8.229175 8.226252],[0.56549513 0.60039735 0.6194327  0.6659933 ]
DDK8,C,5e-08,27,True,False,TDD,vanilla,15,[0.19991678 0.45921847 0.6525048  0.82353836],[0.21233433 0.39876944 0.44696784 0.5603737 ],[ 29.768417  89.87753  139.0658   180.99043 ],[ 25.882816  80.71485  103.369804 106.194626],[8.009335  7.5492897 7.052142  6.716962 ],[0.68685925 1.1712108  1.476948   1.597167  ],[8.173424 8.189116 8.193333 8.201783],[0.5681614  0.57618004 0.5760544  0.6105042 ]
DDK8,C,5e-08,33,True,False,TDD,vanilla,15,[0.32773817 0.6055005  0.84563094 1.0101951 ],[0.42905584 0.5297692  0.58931255 0.6804054 ],[ 50.42803  119.669815 185.38437  226.46674 ],[ 57.973446  90.557655 131.33586  132.83403 ],[7.91946   7.304339  6.9741077 6.5012794],[0.6601195 1.2844679 1.1933178 1.5641493],[8.163975 8.166744 8.197453 8.228497],[0.55520767 0.59197205 0.6344895  0.69245917]
DDK8,C,5e-08,36,True,False,TDD,vanilla,15,[0.5274878 0.8909677 1.1762508 1.1517198],[0.5573289 0.6394886 0.9874741 0.7600567],[ 84.26441 168.23615 230.22615 257.5315 ],[105.00653  120.323395 156.59338  144.76872 ],[7.7765675 7.0004773 6.3244615 6.17508  ],[0.83879584 1.3702252  1.6292747  1.5756501 ],[8.201372 8.212413 8.186459 8.202197],[0.5879251 0.6015146 0.5885965 0.6164567]
DDK8,C,5e-08,42,True,False,TDD,vanilla,15,[0.90651923 0.927076   1.1109028  1.1517956 ],[1.7620163  0.887108   0.82486343 0.6846376 ],[133.61046 162.70287 216.4794  254.687  ],[230.8493  115.36023 136.00949 146.86212],[7.4128838 6.9104466 6.356638  5.763475 ],[1.1226895 1.3029883 1.4527543 1.6939846],[8.154698 8.128567 8.085518 8.078484],[0.6038881  0.6198292  0.71537834 0.8178851 ]
DDK8,C,2e-07,3,True,False,TDD,vanilla,15,[0.01247011 0.01516719 0.02012244 0.02862228],[0.00334501 0.00492215 0.00906537 0.01629828],[3.118331  3.7167788 4.8817744 6.9942255],[0.69489646 0.9589067  1.8364284  3.5685322 ],[8.260748 8.256783 8.250191 8.240164],[0.16561222 0.177637   0.19115141 0.20593108],[8.269406 8.268143 8.26673  8.265156],[0.16525045 0.17695566 0.18965855 0.20317249]
DDK8,C,2e-07,6,True,False,TDD,vanilla,15,[0.01575909 0.02593723 0.0492364  0.08984946],[0.00437481 0.01257637 0.03490881 0.07234462],[ 3.9416578  6.3312435 12.099148  22.779411 ],[ 0.94454265  2.7484546   8.19133    18.3103    ],[8.27694  8.260523 8.230129 8.182766],[0.2404212  0.26690748 0.30048445 0.34558818],[8.289013 8.28343  8.278104 8.273454],[0.23840481 0.2612574  0.2851649  0.3086477 ]
DDK8,C,2e-07,9,True,False,TDD,vanilla,15,[0.02084927 0.04159664 0.08401155 0.15343794],[0.00744093 0.02495142 0.0574589  0.10556235],[ 5.072443 10.132574 21.276701 40.650127],[ 1.6558857  6.3280215 16.563875  31.929054 ],[8.248763 8.22968  8.189999 8.121187],[0.3031151  0.3429881  0.388823   0.44880995],[8.265249 8.267987 8.272074 8.276913],[0.30145794 0.33881113 0.3764504  0.4147206 ]
DDK8,C,2e-07,12,True,False,TDD,vanilla,15,[0.02782374 0.07549835 0.15678817 0.262433  ],[0.01492162 0.0689649  0.15119345 0.2157966 ],[ 6.6100826 17.568274  37.760082  68.61093  ],[ 3.1859288 13.870397  32.229855  57.29616  ],[8.252058 8.200328 8.106468 7.957678],[0.3524988  0.41522536 0.5078183  0.6431804 ],[8.275466 8.271283 8.26691  8.262678],[0.34935436 0.39719546 0.44388452 0.48593506]
DDK8,C,2e-07,15,True,False,TDD,vanilla,15,[0.04207126 0.12790124 0.25033778 0.39402825],[0.02712456 0.10825674 0.19149241 0.2533588 ],[  9.8416195  31.107098   64.49608   107.26308  ],[ 6.545399 27.388523 52.464127 77.46281 ],[8.1683235 8.069399  7.889262  7.6184406],[0.45707104 0.5247541  0.66256005 0.8531562 ],[8.207965 8.210038 8.215867 8.224112],[0.45113933 0.4856871  0.5191998  0.54643935]
DDK8,C,2e-07,18,True,False,TDD,vanilla,15,[0.05198525 0.15462352 0.29584432 0.43722   ],[0.03882532 0.13333662 0.2174099  0.26065928],[ 12.43164   40.827618  84.36593  131.80853 ],[  9.167355  40.159523  82.63468  119.93148 ],[8.209344 8.093383 7.859972 7.553087],[0.5073239 0.5869375 0.7522309 1.0084312],[8.257838 8.261139 8.260707 8.264115],[0.49564663 0.5484521  0.60611343 0.6623807 ]
DDK8,C,2e-07,21,True,False,TDD,vanilla,15,[0.06974165 0.203819   0.34143466 0.48942417],[0.06143381 0.19112203 0.25052384 0.26841965],[ 17.451319  55.003414  98.532394 148.15024 ],[ 17.362562  58.98853   89.681946 108.08636 ],[8.166827  7.99481   7.717373  7.3631306],[0.49642843 0.63118464 0.86694753 1.1177537 ],[8.236614 8.255446 8.269096 8.275333],[0.48349896 0.5265164  0.5651753  0.60599506]
DDK8,C,2e-07,24,True,False,TDD,vanilla,15,[0.10592129 0.3045314  0.49052152 0.6525514 ],[0.08655199 0.21087149 0.2806061  0.26985836],[ 23.7265   76.76179 130.61174 181.67982],[ 21.067526  64.19316   92.32427  107.5089  ],[8.026656  7.725423  7.3569865 6.834456 ],[0.6103075  0.8008003  0.98777765 1.3398988 ],[8.131182 8.132619 8.148181 8.162027],[0.5804273  0.61564034 0.6213094  0.64173055]
DDK8,C,2e-07,27,True,False,TDD,vanilla,15,[0.10645109 0.29653314 0.4858363  0.6499382 ],[0.0800747  0.19978963 0.27796462 0.2924845 ],[ 24.469997  74.40065  123.598526 170.43668 ],[18.720749 59.35861  82.692795 97.24824 ],[8.0505295 7.7405543 7.329073  6.8330755],[0.58693564 0.7631048  1.0535184  1.297474  ],[8.16426  8.148859 8.14116  8.125651],[0.5455145  0.57448643 0.5996173  0.65095395]
DDK8,C,2e-07,33,True,False,TDD,vanilla,15,[0.21385254 0.46952602 0.6537355  0.7469057 ],[0.20445353 0.37661323 0.43508214 0.32503256],[ 45.559364 107.5672   160.92924  197.79758 ],[ 42.229683  85.41839  109.78375  111.17156 ],[7.890354  7.377343  6.9334273 6.6459923],[0.7499736 1.1049109 1.3475819 1.3364774],[8.134128 8.123875 8.132454 8.157437],[0.62713987 0.62046474 0.62091714 0.6189508 ]
DDK8,C,2e-07,36,True,False,TDD,vanilla,15,[0.21033879 0.44767776 0.6707861  0.7714805 ],[0.26352927 0.37912855 0.5813012  0.37362766],[ 47.80594 110.94162 168.61    209.81427],[ 51.547005  94.6247   118.79847  114.43793 ],[7.98493   7.52249   7.120774  6.6902924],[0.691522  1.0852852 1.2795829 1.3793619],[8.223166 8.203659 8.193959 8.197771],[0.5721486  0.62228054 0.6435787  0.6443599 ]
DDK8,C,2e-07,42,True,False,TDD,vanilla,15,[0.4348378 0.6064477 0.8891673 1.0039803],[0.80959404 0.44466773 0.8173547  0.513002  ],[ 98.5439  150.10039 227.83955 266.87888],[205.30069 107.20148 166.85175 140.55812],[7.6781178 7.2541695 6.716281  6.1498814],[1.1462663 1.2368288 1.3876058 1.3970854],[8.202137 8.208331 8.213117 8.186108],[0.62006235 0.64596266 0.66607225 0.7035478 ]
DDK8,C,4e-07,3,True,False,TDD,vanilla,15,[0.0143282  0.01688081 0.02127034 0.02838279],[0.00284011 0.00421278 0.00776728 0.01424169],[3.9599164 4.595667  5.726902  7.6285872],[0.8722599 1.1659178 2.0360663 3.7865663],[8.304965 8.30409  8.301026 8.295215],[0.18292631 0.19662938 0.21157168 0.22786447],[8.31983  8.321709 8.323363 8.324781],[0.1824369  0.19586535 0.21045375 0.22601187]
DDK8,C,4e-07,6,True,False,TDD,vanilla,15,[0.01786657 0.02537519 0.04022842 0.06434675],[0.00444528 0.0090012  0.02130143 0.04363288],[ 4.668979  6.534773 10.329014 16.805382],[ 1.2931548  2.5136998  6.146195  13.275102 ],[8.240312 8.2324   8.217589 8.194345],[0.26613906 0.2862767  0.30742314 0.33078682],[8.259438 8.260148 8.261916 8.265042],[0.26467186 0.2839932  0.30338576 0.3230583 ]
DDK8,C,4e-07,9,True,False,TDD,vanilla,15,[0.02266672 0.03850367 0.06985631 0.12069266],[0.00698765 0.01827511 0.04236892 0.08163921],[ 5.803815  9.610138 17.55521  31.238365],[ 1.7298971  4.4916096 11.506892  24.074991 ],[8.276192 8.25128  8.210352 8.146933],[0.34017137 0.38161138 0.42714354 0.48054352],[8.299542  8.2919655 8.284302  8.276176 ],[0.3363756  0.3739166  0.41209707 0.44999707]
DDK8,C,4e-07,12,True,False,TDD,vanilla,15,[0.02905271 0.06041396 0.11745106 0.20166944],[0.01082901 0.03762978 0.08512548 0.13719994],[ 7.335776 15.067632 30.229158 53.487988],[ 2.711419  9.35663  23.818338 42.015297],[8.223525  8.182839  8.104987  7.9880614],[0.37047723 0.41443095 0.47287533 0.5516604 ],[8.254019 8.249561 8.239468 8.22615 ],[0.36668321 0.40296978 0.44160876 0.48203832]
DDK8,C,4e-07,15,True,False,TDD,vanilla,15,[0.03785687 0.09552138 0.18636198 0.30635   ],[0.01692175 0.06523836 0.1305619  0.19676657],[ 9.8821535 25.460857  52.368443  90.23137  ],[ 4.161662 17.686028 40.118855 68.38357 ],[8.258954  8.200886  8.091272  7.9156055],[0.37232062 0.43717518 0.53317684 0.67611814],[8.300738 8.310435 8.318503 8.321449],[0.36233523 0.4033232  0.448278   0.4995451 ]
DDK8,C,4e-07,18,True,False,TDD,vanilla,15,[0.05052772 0.14166285 0.2564545  0.38907868],[0.03428413 0.12761879 0.19587049 0.24402024],[ 12.387997  35.843273  69.97662  113.763214],[ 6.744668 29.153812 54.95222  82.81696 ],[8.192231  8.089414  7.9194226 7.677797 ],[0.5286581 0.6505213 0.8203661 1.0604652],[8.245845 8.256775 8.268593 8.282536],[0.5129303  0.5608195  0.60647964 0.64250934]
DDK8,C,4e-07,21,True,False,TDD,vanilla,15,[0.06981449 0.19336198 0.34134373 0.4938251 ],[0.05011061 0.15059792 0.2229948  0.24849315],[ 16.502949  49.49615   93.62848  147.14532 ],[10.459703 40.744617 68.31242  95.903915],[8.134387  7.9947667 7.7560954 7.4160347],[0.5127601  0.6057652  0.83419377 1.1088495 ],[8.208268 8.233376 8.263854 8.301309],[0.48909435 0.49843127 0.5081799  0.52443814]
DDK8,C,4e-07,24,True,False,TDD,vanilla,15,[0.07966051 0.22377968 0.3753797  0.52551633],[0.05558987 0.17960556 0.23629853 0.2442127 ],[ 19.650515  59.236465 102.846725 149.04817 ],[ 14.36533  56.0404   82.53981 100.07002],[8.138134  7.9251747 7.6283937 7.264882 ],[0.52075464 0.64137274 0.84726447 1.0719612 ],[8.224326 8.216809 8.205311 8.196901],[0.5019927  0.53854054 0.5763094  0.6127203 ]
DDK8,C,4e-07,27,True,False,TDD,vanilla,15,[0.09496051 0.2416557  0.3983963  0.54761773],[0.06976345 0.17944223 0.22804318 0.23361088],[ 24.482656  65.0125   108.48074  153.18045 ],[22.413334 61.468307 80.64399  95.942505],[8.106081  7.864201  7.6228237 7.302488 ],[0.5435569 0.73799   0.879973  1.0499063],[8.212278 8.205426 8.209401 8.201062],[0.52702165 0.5741107  0.6127436  0.64407486]
DDK8,C,4e-07,33,True,False,TDD,vanilla,15,[0.14861985 0.3157723  0.48549473 0.60771465],[0.12217444 0.22198443 0.27658316 0.2729495 ],[ 34.90975  79.81342 123.80818 159.84673],[29.488987 63.492485 78.89861  92.85159 ],[8.007923  7.733192  7.3914037 7.118863 ],[0.72079146 0.9333443  1.1675348  1.318401  ],[8.183739 8.192224 8.175432 8.147135],[0.6432265  0.66101295 0.6978664  0.7402622 ]
DDK8,C,4e-07,36,True,False,TDD,vanilla,15,[0.17253053 0.40742442 0.6010041  0.6947068 ],[0.15602906 0.29123646 0.3463125  0.29245368],[ 42.171207 106.06012  162.6087   198.95642 ],[ 33.256577  73.34989   94.99435  105.13226 ],[8.06195   7.6217027 7.1597285 6.907728 ],[0.7160142 1.1324489 1.4540317 1.4900666],[8.265757  8.2690735 8.257155  8.252183 ],[0.6276491  0.67769957 0.705928   0.7128718 ]
DDK8,C,4e-07,42,True,False,TDD,vanilla,15,[0.2779171  0.46394786 0.6791638  0.845016  ],[0.31358334 0.2918192  0.33723348 0.2973563 ],[ 74.40245 120.88533 185.5522  237.0525 ],[106.87766   90.37149  118.77271  122.058495],[7.797311  7.4646535 7.0216312 6.518152 ],[0.84667677 1.021805   1.2046764  1.2806195 ],[8.192731 8.206451 8.21126  8.215601],[0.59920657 0.60754186 0.64400005 0.6513544 ]
DDK8,D,5e-08,3,True,False,TDD,vanilla,15,[0.00220395 0.00297222 0.00380728 0.0051659 ],[0.00087246 0.00125509 0.00181521 0.00266497],[0.64256996 0.86279535 1.1004173  1.4892937 ],[0.241493   0.3466436  0.50243586 0.73502094],[8.297256 8.295409 8.293404 8.290952],[0.07505544 0.08052012 0.08643917 0.09277821],[8.299658 8.29858  8.297538 8.29653 ],[0.07468852 0.07996947 0.08556426 0.0913942 ]
DDK8,D,5e-08,6,True,False,TDD,vanilla,15,[0.00294271 0.00455644 0.00693622 0.01040075],[0.00122732 0.00215571 0.00407664 0.00670797],[0.8611792 1.3305278 2.023841  3.0519204],[0.33072695 0.5943727  1.1581403  1.9516271 ],[8.308528 8.306415 8.303231 8.2987  ],[0.12036713 0.13250433 0.14542522 0.15906304],[8.311767 8.311415 8.310966 8.310436],[0.12025459 0.13231722 0.14488111 0.15781623]
DDK8,D,5e-08,9,True,False,TDD,vanilla,15,[0.00343105 0.0062342  0.01036888 0.01648402],[0.00130679 0.0032678  0.00711328 0.01226427],[1.0003146 1.8059793 2.982898  4.750274 ],[0.3549732  0.88503134 1.8917075  3.263409  ],[8.293755  8.286457  8.277189  8.2657995],[0.1324524  0.15326719 0.17634608 0.20130137],[8.297676 8.293371 8.288761 8.283954],[0.1321482  0.15266456 0.17479543 0.19807528]
DDK8,D,5e-08,12,True,False,TDD,vanilla,15,[0.00522244 0.0107514  0.01870661 0.03014917],[0.00283434 0.00751854 0.01486343 0.02482157],[1.4925675 3.0466297 5.2876105 8.572741 ],[0.78745055 2.0724363  4.219788   7.349566  ],[8.276793 8.267886 8.256162 8.242811],[0.18770775 0.21261418 0.23902947 0.26585957],[8.282729 8.280233 8.277586 8.274747],[0.18684064 0.21076299 0.2355141  0.26066127]
DDK8,D,5e-08,15,True,False,TDD,vanilla,15,[0.00676575 0.0145331  0.02549464 0.04046487],[0.00446822 0.01196389 0.02623904 0.03992207],[ 1.9001046  4.0918694  7.202259  11.586966 ],[ 1.1489273  3.1546402  7.0413547 11.188638 ],[8.262856  8.253052  8.240263  8.2266655],[0.21045439 0.23000988 0.25071168 0.27167773],[8.270022 8.268729 8.268344 8.268918],[0.2086949  0.22577141 0.24269079 0.25992864]
DDK8,D,5e-08,18,True,False,TDD,vanilla,15,[0.00938162 0.02137392 0.03637547 0.05740588],[0.00569161 0.01627165 0.03047938 0.04513311],[ 2.6718202  5.9732122 10.062699  16.13158  ],[ 1.564229   4.202648   7.7069306 12.234482 ],[8.257992 8.233772 8.207983 8.183818],[0.23643512 0.2677934  0.30197823 0.33243296],[8.267819  8.256482  8.2475815 8.242658 ],[0.2351493 0.2640463 0.2919402 0.3160511]
DDK8,D,5e-08,21,True,False,TDD,vanilla,15,[0.01047565 0.02426092 0.0444869  0.06930913],[0.0071698  0.02012647 0.03764931 0.05864154],[ 3.0432572  7.110899  13.17729   20.965443 ],[ 2.204133   5.9862337 11.201051  18.470985 ],[8.266034 8.256233 8.24288  8.228709],[0.2531375  0.28748986 0.32656777 0.3654401 ],[8.27719   8.282884  8.2891655 8.295584 ],[0.25249338 0.2854534  0.32003936 0.35299757]
DDK8,D,5e-08,24,True,False,TDD,vanilla,15,[0.01141393 0.02644043 0.04515769 0.07013832],[0.00709066 0.0174389  0.03242214 0.05011998],[ 3.3086514  7.7204075 13.208614  20.685303 ],[ 2.0686567  5.3109126 10.179854  16.061228 ],[8.267887 8.245927 8.218554 8.185853],[0.24792312 0.2776017  0.30944118 0.3418669 ],[8.280112  8.273623  8.264235  8.2512455],[0.24701582 0.27596948 0.30649292 0.3357034 ]
DDK8,D,5e-08,27,True,False,TDD,vanilla,15,[0.01371661 0.0313218  0.0542049  0.08562629],[0.00924177 0.02758731 0.05128705 0.08137559],[ 3.9381242  8.900719  15.453874  24.799732 ],[ 2.8061638  8.0557165 14.244323  23.236998 ],[8.248506 8.231767 8.214361 8.195276],[0.29894224 0.31799087 0.34547108 0.37812787],[8.262777 8.265217 8.269065 8.273772],[0.2979555  0.3138878  0.33165452 0.3518799 ]
DDK8,D,5e-08,33,True,False,TDD,vanilla,15,[0.01884063 0.0404457  0.07155892 0.10678706],[0.01417712 0.03364699 0.05929772 0.06962232],[ 5.1616125 11.016851  19.714865  30.791763 ],[ 3.2997007  8.5658655 15.548018  21.57835  ],[8.215697 8.187939 8.160164 8.146885],[0.31768206 0.33569223 0.358105   0.3594245 ],[8.235228 8.229521 8.229554 8.238303],[0.31300098 0.32693157 0.3373971  0.34345612]
DDK8,D,5e-08,36,True,False,TDD,vanilla,15,[0.02164438 0.05008765 0.08671123 0.12763056],[0.01668048 0.04403273 0.08016961 0.10720979],[ 6.3173027 14.780432  25.72343   38.685974 ],[ 4.41762   12.7433195 22.381952  30.64721  ],[8.314111 8.289577 8.259456 8.223205],[0.28412703 0.3066228  0.33103457 0.36282963],[8.336734 8.337908 8.336387 8.332141],[0.27704263 0.29162735 0.30735877 0.3248851 ]
DDK8,D,5e-08,42,True,False,TDD,vanilla,15,[0.0289635  0.06505366 0.11097497 0.16109364],[0.02263556 0.04911142 0.08298539 0.10742406],[ 8.3371315 18.924692  33.423416  50.182533 ],[ 6.104612 12.683997 23.62669  36.633484],[8.262511  8.2606735 8.250987  8.218872 ],[0.30728757 0.32306698 0.34450597 0.37372285],[8.291798 8.319096 8.342037 8.351114],[0.29859725 0.30620685 0.31966177 0.34217647]
DDK8,D,2e-07,3,True,False,TDD,vanilla,15,[0.00487196 0.00603232 0.00710932 0.00887004],[0.00255993 0.00317721 0.00388514 0.00489593],[1.4446734 1.7885472 2.1058621 2.625889 ],[0.7424953  0.92260325 1.12767    1.4166985 ],[8.299113 8.298695 8.298346 8.297323],[0.055595   0.06243634 0.06939235 0.07654857],[8.30472  8.305355 8.306001 8.306659],[0.05492547 0.06174164 0.06871933 0.07579485]
DDK8,D,2e-07,6,True,False,TDD,vanilla,15,[0.0056193  0.00774403 0.01025992 0.01356376],[0.00188836 0.00282198 0.00434311 0.00587789],[1.6626266 2.2897005 3.027408  3.9971008],[0.53659827 0.80837876 1.2549483  1.704944  ],[8.298505 8.295407 8.29156  8.286844],[0.08431252 0.09558005 0.10706868 0.11863024],[8.304998 8.30393  8.302717 8.301365],[0.08359402 0.0947236  0.10591125 0.1170879 ]
DDK8,D,2e-07,9,True,False,TDD,vanilla,15,[0.00701283 0.01041478 0.01456758 0.01978781],[0.00287766 0.00428997 0.00674638 0.00957879],[2.0590377 3.0677404 4.2921147 5.871542 ],[0.76538306 1.1699727  1.8845893  2.8742545 ],[8.296976 8.293872 8.289806 8.284682],[0.12954287 0.14438865 0.15953152 0.17466082],[8.304958 8.305161 8.30541  8.30564 ],[0.12817776 0.14271183 0.15739685 0.17246187]
DDK8,D,2e-07,12,True,False,TDD,vanilla,15,[0.00783482 0.01213298 0.01669306 0.02317507],[0.00330291 0.0056496  0.00748094 0.01114368],[2.32583   3.5915785 4.9282126 6.8695397],[0.96554685 1.6226134  2.1066194  3.2944152 ],[8.304502 8.29921  8.293378 8.286383],[0.14392853 0.16671696 0.19028822 0.2144749 ],[8.313007 8.312093 8.310837 8.309354],[0.14296053 0.16523613 0.1881396  0.2113783 ]
DDK8,D,2e-07,15,True,False,TDD,vanilla,15,[0.0104352  0.0173687  0.02549249 0.03732333],[0.00470592 0.00841807 0.01455411 0.02286938],[ 3.0739906  5.11918    7.5207624 11.137546 ],[1.4292963 2.5201125 4.3772874 7.2889547],[8.282584 8.273897 8.264349 8.254616],[0.18793952 0.21050453 0.23303187 0.25556657],[8.293565  8.2920685 8.2905855 8.289156 ],[0.18703032 0.20940296 0.23131841 0.25235698]
DDK8,D,2e-07,18,True,False,TDD,vanilla,15,[0.01186114 0.01982779 0.02725269 0.04215946],[0.00606721 0.01065036 0.01638744 0.02477044],[ 3.4336102  5.7605023  7.9929957 12.459994 ],[1.5973295 2.799503  4.6000257 7.221769 ],[8.293509 8.289852 8.28489  8.276673],[0.2231786  0.24430412 0.2651597  0.28619662],[8.305725 8.309488 8.312395 8.314784],[0.22037174 0.2390583  0.25812885 0.27720353]
DDK8,D,2e-07,21,True,False,TDD,vanilla,15,[0.01341278 0.02260702 0.03583987 0.05310865],[0.00671167 0.01296466 0.02397885 0.03457789],[ 3.8039203  6.4666133 10.317087  15.556147 ],[ 1.6642044  3.611729   6.811556  10.584987 ],[8.25093   8.244803  8.237713  8.2319355],[0.24786958 0.26890674 0.28925008 0.30816656],[8.264703 8.267769 8.272947 8.279535],[0.24443386 0.26372743 0.2798239  0.2931526 ]
DDK8,D,2e-07,24,True,False,TDD,vanilla,15,[0.01490914 0.02659182 0.04295741 0.06517946],[0.00693136 0.01435353 0.0260858  0.04161965],[ 4.2471123  7.563492  12.296854  19.127459 ],[ 1.9511955  3.780624   6.974815  12.161435 ],[8.262884 8.257074 8.250021 8.242644],[0.24509694 0.2630232  0.28426334 0.30800036],[8.277871 8.283131 8.289918 8.296556],[0.24175097 0.25661522 0.27360883 0.29408902]
DDK8,D,2e-07,27,True,False,TDD,vanilla,15,[0.01647547 0.02959523 0.05032371 0.07656486],[0.00844414 0.01765947 0.03348328 0.0523442 ],[ 4.629965  8.424355 14.432447 22.366081],[ 2.0719326  4.7249923  9.574684  15.534289 ],[8.237088 8.224351 8.21067  8.197674],[0.26831076 0.29108092 0.3210678  0.35579136],[8.2537155 8.252774  8.254282  8.257275 ],[0.26518136 0.28589198 0.31270012 0.34290448]
DDK8,D,2e-07,33,True,False,TDD,vanilla,15,[0.01929154 0.03773647 0.06494027 0.09600187],[0.01075243 0.02760616 0.04841534 0.06522736],[ 5.6078773 10.824871  19.016682  29.092154 ],[ 2.9133267  6.969581  13.786009  20.6881   ],[8.2755   8.261633 8.248311 8.241405],[0.296904   0.30535507 0.31426153 0.32996973],[8.294483 8.296839 8.303677 8.315007],[0.29260948 0.29500195 0.30127394 0.31653824]
DDK8,D,2e-07,36,True,False,TDD,vanilla,15,[0.02136281 0.0436347  0.07612471 0.11106307],[0.01168845 0.03375474 0.0625902  0.09139569],[ 5.959123  11.8389015 20.611591  30.317324 ],[ 2.9903011  7.990255  15.579505  23.372635 ],[8.232937 8.190661 8.148553 8.110814],[0.31248724 0.34436306 0.37517312 0.40911174],[8.254462  8.231821  8.213254  8.2022705],[0.30821246 0.33105987 0.3529215  0.36922216]
DDK8,D,2e-07,42,True,False,TDD,vanilla,15,[0.02769782 0.05957304 0.10415485 0.15451239],[0.01476939 0.03617575 0.06394678 0.08959668],[ 7.965691 17.334839 31.03438  47.1157  ],[ 3.9578998 10.999787  22.963306  34.672478 ],[8.247597 8.216675 8.180666 8.151664],[0.3186115  0.3387181  0.35337645 0.36697245],[8.275828 8.271634 8.268322 8.26755 ],[0.31351313 0.32876962 0.3366903  0.34487548]
DDK8,D,4e-07,3,True,False,TDD,vanilla,15,[0.00869283 0.01022606 0.01159106 0.01401634],[0.003304   0.0040201  0.00474285 0.0059774 ],[2.5463789 2.9898658 3.378147  4.073317 ],[0.9477968 1.1555722 1.3574941 1.7021546],[8.284203 8.280145 8.276159 8.271281],[0.05478825 0.06283934 0.07099485 0.07941121],[8.293405 8.290766 8.28805  8.285257],[0.05372701 0.06171242 0.06978194 0.07790729]
DDK8,D,4e-07,6,True,False,TDD,vanilla,15,[0.01020997 0.01282805 0.01541963 0.01899096],[0.00436456 0.00526069 0.00643527 0.00784901],[3.0010974 3.7766452 4.5432563 5.6034355],[1.2579927 1.5157528 1.855779  2.2418807],[8.291555 8.290537 8.289401 8.287843],[0.09928519 0.11304983 0.12652293 0.13979746],[8.302427 8.303819 8.305447 8.30732 ],[0.09781612 0.11133109 0.12449647 0.1372722 ]
DDK8,D,4e-07,9,True,False,TDD,vanilla,15,[0.01201897 0.01557395 0.01933821 0.02364295],[0.0048848  0.00623187 0.00799578 0.00951003],[3.5695946 4.635611  5.7704005 7.078607 ],[1.4201754 1.8011861 2.3148406 2.7509212],[8.298166 8.297559 8.296806 8.295511],[0.12455976 0.14335592 0.16193226 0.18036225],[8.310682 8.313534 8.316418 8.319339],[0.1229313  0.14134116 0.15957414 0.17754117]
DDK8,D,4e-07,12,True,False,TDD,vanilla,15,[0.0127874  0.01727202 0.0218691  0.02857654],[0.00533523 0.00764272 0.01022306 0.01444875],[3.7951214 5.133342  6.497733  8.564868 ],[1.5669597 2.2344966 2.9628315 4.3937383],[8.30154  8.298266 8.294814 8.290759],[0.15715185 0.1789332  0.20118962 0.22229114],[8.314311 8.315415 8.316559 8.31765 ],[0.15571669 0.17662454 0.19755578 0.21827404]
DDK8,D,4e-07,15,True,False,TDD,vanilla,15,[0.01628868 0.02331626 0.03010736 0.03988738],[0.00764336 0.01082479 0.0141725  0.01972736],[ 4.873123   7.0016093  9.07052   12.116726 ],[2.1712344 3.1119673 4.1943517 6.0767326],[8.315739 8.313831 8.311807 8.308405],[0.17717992 0.19693635 0.21657442 0.23595935],[8.331775 8.336437 8.340626 8.344339],[0.17464425 0.1934692  0.21228619 0.23092636]
DDK8,D,4e-07,18,True,False,TDD,vanilla,15,[0.01670273 0.02371035 0.03175075 0.04512911],[0.00658576 0.00981031 0.01408854 0.02327724],[ 4.8840923  6.9208703  9.247875  13.174547 ],[1.9187524 2.8202765 4.153114  6.940371 ],[8.269838 8.260301 8.251315 8.240163],[0.19147138 0.21174017 0.23582873 0.2625674 ],[8.286208 8.283078 8.280533 8.278921],[0.19004631 0.20961969 0.23211282 0.2563469 ]
DDK8,D,4e-07,21,True,False,TDD,vanilla,15,[0.01816278 0.02681287 0.03761758 0.05379131],[0.0070543  0.0103641  0.01677738 0.02494662],[ 5.3571568  7.935587  11.094807  15.9180355],[2.0503407 3.0619714 4.875996  7.4934363],[8.298162 8.288328 8.275282 8.260301],[0.21031384 0.24916969 0.29323888 0.3346949 ],[8.315765 8.314188 8.310797 8.306976],[0.20739509 0.2451768  0.28654093 0.3257228 ]
DDK8,D,4e-07,24,True,False,TDD,vanilla,15,[0.01946137 0.02938631 0.04311487 0.06198043],[0.00893112 0.01433661 0.02369969 0.03523597],[ 5.6179824  8.48711   12.526722  18.21114  ],[ 2.4638991  3.7988098  6.6399355 10.542073 ],[8.275452 8.266509 8.254134 8.240772],[0.24450837 0.27153426 0.30374026 0.3365443 ],[8.2942295 8.294001  8.29249   8.29053  ],[0.24053971 0.2657455  0.29513124 0.32629207]
DDK8,D,4e-07,27,True,False,TDD,vanilla,15,[0.02046261 0.030667   0.04579115 0.06754819],[0.00961604 0.01535369 0.02365314 0.03804367],[ 5.8905654  8.867221  13.457632  20.073439 ],[ 2.4586    4.159416  7.46571  12.0496  ],[8.265271 8.259252 8.24885  8.233236],[0.24998763 0.26194966 0.27971718 0.3086121 ],[8.284804 8.288184 8.289756 8.287945],[0.24599674 0.25614992 0.27404147 0.30254942]
DDK8,D,4e-07,33,True,False,TDD,vanilla,15,[0.02392049 0.03985436 0.06442133 0.09516308],[0.0111733  0.02105562 0.04180181 0.06657696],[ 6.852515 11.523328 18.775965 28.36782 ],[ 3.0366209  6.239592  12.538478  21.219488 ],[8.260202  8.249172  8.238285  8.2316885],[0.2994133  0.32078278 0.34419382 0.3593224 ],[8.283479 8.285306 8.291762 8.302665],[0.29424185 0.31225926 0.32923257 0.3390499 ]
DDK8,D,4e-07,36,True,False,TDD,vanilla,15,[0.02631762 0.04663156 0.07831797 0.1154519 ],[0.01368548 0.03293843 0.06812918 0.10626158],[ 7.0768366 12.668253  21.546894  32.853424 ],[ 3.031493   7.9145646 17.160545  28.322056 ],[8.198363 8.190587 8.176898 8.157799],[0.3121386  0.34130454 0.37415916 0.41831866],[8.223469 8.229465 8.240253 8.252065],[0.30499366 0.32756943 0.34636486 0.3621993 ]
DDK8,D,4e-07,42,True,False,TDD,vanilla,15,[0.02745417 0.05040353 0.0857731  0.13025801],[0.01317055 0.02994933 0.05423525 0.08489846],[ 7.881333 14.426258 24.917442 38.349644],[ 3.2581606  8.585378  17.86107   29.816242 ],[8.267474 8.234271 8.195004 8.160441],[0.26666695 0.29346105 0.3135967  0.332276  ],[8.293684 8.277752 8.263025 8.253034],[0.2600928  0.2811057  0.29591087 0.3149146 ]
DDK8,A,5e-08,3,True,False,TDD,vanilla,20,[0.00801801 0.01076372 0.01644563 0.02570478],[0.00359971 0.00656423 0.01218777 0.02179747],[1.7414469 2.1338973 3.029937  4.611919 ],[0.5152604 0.7527161 1.4167677 2.6659634],[8.231545 8.233936 8.235287 8.235239],[0.36613157 0.38140273 0.39842188 0.41725603],[8.233838 8.237641 8.241822 8.246357],[0.36562672 0.3805851  0.39700893 0.4147793 ]
DDK8,A,5e-08,6,True,False,TDD,vanilla,20,[0.01070151 0.02025298 0.0403676  0.07096609],[0.00499662 0.01513712 0.03725106 0.06901146],[ 2.307676   3.701623   6.9277134 12.800911 ],[ 0.77712613  1.7171503   4.4382296  10.303288  ],[8.278457 8.275897 8.267477 8.253378],[0.4432676  0.48109797 0.5219183  0.5656096 ],[8.28204  8.2848   8.287399 8.290143],[0.44220755 0.47809482 0.5148415  0.55173457]
DDK8,A,5e-08,9,True,False,TDD,vanilla,20,[0.01802831 0.04436997 0.08615108 0.1398898 ],[0.01311727 0.04992888 0.0813689  0.13847949],[ 3.1138363  6.310846  12.129172  20.76316  ],[ 1.2209009  3.6117342  7.960947  14.981455 ],[8.225749 8.199967 8.165537 8.126308],[0.55120367 0.60883355 0.67316836 0.7417412 ],[8.232175 8.218963 8.206256 8.19461 ],[0.5494946  0.6048245  0.66238713 0.7200331 ]
DDK8,A,5e-08,12,True,False,TDD,vanilla,20,[0.02654343 0.07311342 0.12781593 0.22189333],[0.02501367 0.07917345 0.14770392 0.2728185 ],[ 4.050723 10.147234 18.031164 35.653824],[ 1.718346  6.772878 13.314726 29.537947],[8.160522 8.136227 8.102504 8.052935],[0.5725075  0.64893883 0.7325828  0.8235459 ],[8.1713705 8.169162  8.165635  8.1618185],[0.5680532  0.6353437  0.7046337  0.77285534]
DDK8,A,5e-08,15,True,False,TDD,vanilla,20,[0.03720836 0.08753122 0.15810338 0.28113702],[0.03821228 0.08583856 0.16726336 0.28841367],[ 5.963887  14.8694315 30.069841  56.239937 ],[ 3.657691 12.947028 31.682793 63.22883 ],[8.212271 8.18152  8.147986 8.080975],[0.72540295 0.80610156 0.88787663 0.97664326],[8.229278 8.228537 8.234898 8.246084],[0.716445   0.7802941  0.83712816 0.889672  ]
DDK8,A,5e-08,18,True,False,TDD,vanilla,20,[0.05679282 0.14418603 0.24174228 0.39583623],[0.06352189 0.22139753 0.23435535 0.35150295],[ 6.778114 17.264183 35.844322 67.9684  ],[ 3.6359596 12.632365  30.027277  65.095276 ],[8.140349  8.1015415 8.043225  7.9287157],[0.83268267 0.905187   0.996467   1.1430938 ],[8.165414 8.166351 8.164887 8.15692 ],[0.8150258 0.8670547 0.9366969 1.025056 ]
DDK8,A,5e-08,21,True,False,TDD,vanilla,20,[0.06141064 0.14617215 0.23922764 0.36654305],[0.06379694 0.2331536  0.2562819  0.28688186],[ 8.102383 19.38309  38.890663 71.68801 ],[ 5.126709 16.9431   35.86775  66.77774 ],[8.067038  8.004794  7.9091573 7.751885 ],[0.9144015 0.9708825 1.0446347 1.1835896],[8.097888  8.0776415 8.057297  8.0439825],[0.8918794  0.9238005  0.95249516 0.97904676]
DDK8,A,5e-08,24,True,False,TDD,vanilla,20,[0.06322713 0.14163062 0.28775308 0.43047923],[0.06364422 0.1812979  0.35533145 0.42355037],[ 9.281245 22.76866  51.751    93.709015],[ 5.230006 20.936445 53.089558 88.91192 ],[8.21698   8.154925  8.025017  7.8069263],[0.7883722 0.862485  0.9948373 1.2478923],[8.248478 8.227171 8.202078 8.1868  ],[0.7698817  0.82811874 0.88698286 0.9156224 ]
DDK8,A,5e-08,27,True,False,TDD,vanilla,20,[0.08182116 0.18351473 0.3401113  0.61166394],[0.09015262 0.17530987 0.30815846 0.6138716 ],[ 10.14893   27.680708  61.805058 111.680984],[  5.909818  23.999908  57.848785 105.23224 ],[8.032186  7.9540114 7.8043895 7.530457 ],[0.8375979  0.91820675 1.0312711  1.2755525 ],[8.073305 8.057036 8.035699 8.017298],[0.81447893 0.87702554 0.95565355 1.0139018 ]
DDK8,A,5e-08,33,True,False,TDD,vanilla,20,[0.12062508 0.26237217 0.49443203 0.6180432 ],[0.11946177 0.26019073 0.4638523  0.38075483],[ 15.8073635  42.11581    97.24292   157.63408  ],[ 11.956223  40.636753  94.32619  155.3781  ],[8.123639  8.039194  7.8001084 7.3809443],[0.9816489 1.054589  1.1425765 1.3878868],[8.180847  8.193614  8.203002  8.1704445],[0.9456215  0.95782167 0.92753166 0.9645922 ]
DDK8,A,5e-08,36,True,False,TDD,vanilla,20,[0.14598398 0.35738343 0.6650862  0.8862863 ],[0.18035854 0.38330436 0.7470511  0.8132582 ],[ 17.46968   49.64256  111.972015 185.86212 ],[ 11.608884  44.250973 102.46534  158.52777 ],[8.021282  7.8867893 7.571559  7.120677 ],[0.88690513 0.9904475  1.2393562  1.5396689 ],[8.093336 8.087319 8.075918 8.088953],[0.84122604 0.8823591  0.96047276 0.99210644]
DDK8,A,5e-08,42,True,False,TDD,vanilla,20,[0.19774206 0.4252597  0.67002213 0.99308753],[0.18959598 0.42570007 0.5116609  0.9447796 ],[ 21.138725  63.784393 127.185394 195.19055 ],[ 19.46131   52.823433  97.603004 150.70676 ],[7.7260637 7.550297  7.1757784 6.7197204],[1.1091901 1.2643123 1.5692703 1.6922508],[7.833758 7.885902 7.919857 7.917343],[1.0413706 1.023846  1.0217247 1.0423343]
DDK8,A,2e-07,3,True,False,TDD,vanilla,20,[0.01138212 0.01377717 0.01830124 0.02540484],[0.00505286 0.00685615 0.01077072 0.01738575],[2.4683785 2.8133314 3.4522085 4.492802 ],[0.5285838 0.6407757 0.9583946 1.692032 ],[8.123721 8.125659 8.126221 8.125301],[0.629542   0.63281745 0.63724893 0.6426324 ],[8.130689 8.134304 8.138219 8.142409],[0.6257091 0.6282687 0.6312905 0.6347323]
DDK8,A,2e-07,6,True,False,TDD,vanilla,20,[0.01266472 0.01913921 0.03119506 0.04846908],[0.00644953 0.01105974 0.02145894 0.03788172],[2.8787048 4.0141506 6.174963  9.656542 ],[0.85248625 1.4940296  3.4685879  7.6459913 ],[8.267772 8.267724 8.263858 8.256672],[0.60508907 0.6231975  0.6455266  0.67136246],[8.274826 8.279523 8.284403 8.289545],[0.6015826  0.61828643 0.63822275 0.6610321 ]
DDK8,A,2e-07,9,True,False,TDD,vanilla,20,[0.01781711 0.03089778 0.05280265 0.08110838],[0.01024256 0.02142413 0.04177353 0.06771491],[ 3.682516   5.7124248  9.2364855 14.863792 ],[ 1.1418699  2.202912   5.3030043 12.278057 ],[8.202818 8.202882 8.194521 8.18104 ],[0.67738545 0.6996386  0.72828245 0.75971097],[8.212872 8.222125 8.22945  8.234579],[0.6716166  0.6904289  0.7124399  0.73767006]
DDK8,A,2e-07,12,True,False,TDD,vanilla,20,[0.02410923 0.05026187 0.08250359 0.13431206],[0.01456059 0.03746715 0.06477758 0.10633   ],[ 4.4069085  8.071253  13.000088  22.549446 ],[ 1.6132627  4.188566   9.195706  19.638485 ],[8.103546 8.063294 8.021001 7.964604],[0.73264074 0.7804014  0.83026016 0.8967234 ],[8.118894 8.099322 8.080267 8.061373],[0.72288525 0.7593847  0.79724795 0.8372211 ]
DDK8,A,2e-07,15,True,False,TDD,vanilla,20,[0.03411514 0.07300338 0.12499044 0.21034923],[0.02165159 0.05429148 0.09408389 0.15237646],[ 5.371626 11.19954  20.479483 40.248695],[ 2.2336814  6.6318445 16.569038  41.05499  ],[7.9377527 7.900659  7.8640447 7.792952 ],[0.8242261  0.8816489  0.94016874 1.021055  ],[7.960368 7.953955 7.952423 7.9545  ],[0.8137213 0.856927  0.8997762 0.942242 ]
DDK8,A,2e-07,18,True,False,TDD,vanilla,20,[0.0362286  0.07612932 0.13816753 0.25431666],[0.02481336 0.06053593 0.11376161 0.21600911],[ 6.575957 12.818479 23.498814 47.273537],[ 2.5960069  6.841782  16.954332  41.784626 ],[8.102044  8.050407  7.986292  7.8722463],[0.8256898  0.88821656 0.95866686 1.0560292 ],[8.126295 8.107923 8.089695 8.074124],[0.8090824  0.8441579  0.88169974 0.92264533]
DDK8,A,2e-07,21,True,False,TDD,vanilla,20,[0.04959452 0.0975299  0.18188457 0.32191077],[0.03948745 0.07887439 0.14767522 0.22794084],[ 8.027314 15.543576 31.243902 61.59869 ],[ 3.2288089  7.9482756 19.663939  43.029583 ],[8.078753  8.040633  7.9668794 7.823761 ],[0.8679882 0.9115054 0.986941  1.1052654],[8.111541 8.108097 8.098149 8.079145],[0.84507656 0.87269056 0.9155379  0.9743686 ]
DDK8,A,2e-07,24,True,False,TDD,vanilla,20,[0.05326278 0.10578284 0.20757547 0.35563886],[0.04782381 0.09516948 0.18713479 0.29186237],[ 8.515411 17.148863 37.7022   74.43276 ],[ 3.5636237  9.598886  26.970404  55.181778 ],[8.06506   7.9933996 7.8810344 7.704138 ],[0.85609883 0.9606917  1.0763811  1.2448093 ],[8.102798 8.079458 8.073869 8.082761],[0.8285165 0.893055  0.9226012 0.9377865]
DDK8,A,2e-07,27,True,False,TDD,vanilla,20,[0.0529949  0.11834169 0.23476301 0.41465238],[0.04099111 0.11718256 0.1917504  0.32701245],[ 9.387563 21.379677 48.50729  89.54415 ],[  4.912     20.909079  59.906006 105.387405],[8.072451 7.990122 7.838798 7.60542 ],[0.8132276  0.89840597 1.0161428  1.1713164 ],[8.11104  8.084653 8.048851 8.015041],[0.78864    0.83198315 0.884727   0.9329143 ]
DDK8,A,2e-07,33,True,False,TDD,vanilla,20,[0.0725721  0.18325259 0.36835244 0.5576983 ],[0.06161616 0.16026188 0.27827147 0.34636948],[ 13.102631  37.301464  87.064766 142.9841  ],[  8.075324  35.195206  85.99914  132.3622  ],[8.168872 8.082035 7.850206 7.477352],[0.8410314 0.9252657 1.092727  1.2926408],[8.216682  8.2085085 8.163704  8.084707 ],[0.8136454 0.8615523 0.9495743 1.0525955]
DDK8,A,2e-07,36,True,False,TDD,vanilla,20,[0.0973621  0.2336483  0.48781136 0.7338588 ],[0.09811295 0.2573323  0.4584997  0.4903536 ],[ 14.930594  38.713306  94.02452  171.99619 ],[  9.539207  35.39877   85.02022  151.22246 ],[8.0078125 7.8843427 7.607179  7.2364197],[0.88004285 0.9627511  1.2015752  1.4084572 ],[8.077505 8.06925  8.089985 8.128924],[0.82759804 0.8323908  0.8334932  0.87066954]
DDK8,A,2e-07,42,True,False,TDD,vanilla,20,[0.11984896 0.31766772 0.6215864  0.85958815],[0.11428416 0.32385123 0.54687047 0.5802431 ],[ 17.772158  49.750072 114.11513  182.92494 ],[ 14.05891   49.074028 117.71748  172.27312 ],[7.838723  7.6168323 7.237252  6.7894993],[1.017688  1.2080805 1.4153932 1.5307205],[7.927911  7.910005  7.917583  7.9121513],[0.96075475 0.9710648  0.9386558  0.9704687 ]
DDK8,A,4e-07,3,True,False,TDD,vanilla,20,[0.01362406 0.01516396 0.01785702 0.02164288],[0.0040214  0.00436109 0.0054894  0.00768338],[3.8902252 4.2120485 4.783315  5.584455 ],[1.1463413 1.1952587 1.3546724 1.7139633],[8.129915 8.125551 8.119737 8.112271],[0.34173402 0.35022125 0.3599398  0.3712774 ],[8.140506 8.137633 8.134504 8.131127],[0.34248444 0.35056454 0.35972664 0.36985973]
DDK8,A,4e-07,6,True,False,TDD,vanilla,20,[0.01734258 0.02342931 0.03405885 0.04807246],[0.00645475 0.00959978 0.01788295 0.03010901],[ 4.765878  5.988102  8.139137 11.202864],[1.623682  1.9913516 3.2523568 6.170694 ],[8.164521 8.161346 8.153903 8.142243],[0.3903644  0.42108348 0.45546252 0.49246693],[8.176272 8.178738 8.180604 8.181811],[0.39123917 0.4205529  0.45303023 0.4878832 ]
DDK8,A,4e-07,9,True,False,TDD,vanilla,20,[0.0199182  0.02891996 0.04457894 0.06408504],[0.00666411 0.01044516 0.02071244 0.03515147],[ 5.5165563  7.447335  10.700503  15.0574465],[2.0935724 2.5517447 3.9829767 7.228909 ],[8.169967 8.159757 8.143714 8.125309],[0.47334492 0.5103917  0.5507886  0.5918334 ],[8.184002 8.182483 8.180069 8.177103],[0.4719663  0.5057804  0.54053843 0.5759417 ]
DDK8,A,4e-07,12,True,False,TDD,vanilla,20,[0.02574714 0.04269678 0.06736481 0.10330487],[0.01091749 0.02416855 0.0576705  0.08739297],[ 6.6974807 10.048078  14.205048  22.63948  ],[ 2.4394376  3.822763   5.77709   12.315487 ],[8.136024 8.119883 8.100956 8.071693],[0.5765086 0.6278338 0.6797456 0.7341524],[8.15235  8.154115 8.15547  8.156445],[0.5726108  0.6156969  0.65478444 0.68982166]
DDK8,A,4e-07,15,True,False,TDD,vanilla,20,[0.03079933 0.05531504 0.09237014 0.1578952 ],[0.01315139 0.02866219 0.05420449 0.09784114],[ 7.460997 12.487615 20.8338   38.02184 ],[ 3.5598743  6.711539  14.768178  37.33735  ],[8.044549  8.027746  8.00435   7.9536314],[0.5755425  0.62393117 0.68403506 0.7567065 ],[8.066401 8.071935 8.077987 8.082911],[0.5711157  0.6151953  0.66565377 0.7195561 ]
DDK8,A,4e-07,18,True,False,TDD,vanilla,20,[0.03808611 0.07109903 0.12863652 0.21585977],[0.02025449 0.04692924 0.09870937 0.14122581],[ 8.746827 15.898948 30.710737 58.900528],[ 3.3163614  7.88195   22.051523  46.65654  ],[8.066507 8.071724 8.064167 8.016904],[0.63126487 0.6960739  0.7747673  0.87682676],[8.09442  8.127554 8.160606 8.190095],[0.6232103  0.6795312  0.74975705 0.8271956 ]
DDK8,A,4e-07,21,True,False,TDD,vanilla,20,[0.04443109 0.08400199 0.15858307 0.2581991 ],[0.02672705 0.06315629 0.12771554 0.17160621],[ 9.530606 17.284622 34.79898  65.92324 ],[ 3.9583075 10.11203   31.45066   62.315952 ],[7.990439  7.9950576 7.960964  7.8713045],[0.6865836 0.7514032 0.8440897 0.9540271],[8.028134 8.068816 8.101429 8.12289 ],[0.67326814 0.7159541  0.7663214  0.81699765]
DDK8,A,4e-07,24,True,False,TDD,vanilla,20,[0.05105232 0.09794681 0.20150416 0.34726548],[0.03336314 0.06284364 0.13490526 0.20392843],[ 9.820164 17.660576 38.171085 71.08413 ],[ 4.2814183  9.305343  26.849247  56.28602  ],[7.888787  7.803759  7.6646514 7.4759483],[0.7607491  0.8549958  0.98358977 1.1272717 ],[7.927203  7.8822603 7.847619  7.832544 ],[0.74526685 0.8172085  0.8804765  0.9221472 ]
DDK8,A,4e-07,27,True,False,TDD,vanilla,20,[0.05914514 0.11979342 0.24210067 0.39700928],[0.04841916 0.10942032 0.2064063  0.29735214],[11.3266325 23.47771   53.118526  98.529274 ],[  5.7236867  19.96569    54.18914   101.28491  ],[7.9387913 7.880597  7.7556267 7.5650444],[0.73411006 0.80293363 0.90665126 1.0527495 ],[7.9919696 7.989279  7.998762  8.014314 ],[0.70994437 0.749423   0.7883426  0.81563747]
DDK8,A,4e-07,33,True,False,TDD,vanilla,20,[0.08205971 0.20472273 0.39758503 0.60341287],[0.07715157 0.20958461 0.3576567  0.48070595],[ 14.64834   36.528885  80.18842  142.48633 ],[  7.4621067  31.105423   68.75534   118.000465 ],[7.93556   7.8108864 7.5663342 7.178929 ],[0.734209   0.85538656 1.0931315  1.4366928 ],[7.995203  7.9802413 7.973531  7.9859047],[0.70891154 0.7746805  0.8564755  0.92781574]
DDK8,A,4e-07,36,True,False,TDD,vanilla,20,[0.0695193  0.15263206 0.32952923 0.54819316],[0.041905   0.09925755 0.21177588 0.304865  ],[ 15.579648  34.15698   76.25018  130.56598 ],[  8.553825  23.724087  56.490192 100.813805],[8.048198  7.953787  7.690031  7.2456408],[0.8606021 0.901741  1.042125  1.2963092],[8.108352 8.090845 8.035079 7.95603 ],[0.8385771  0.8493455  0.87210375 0.9073687 ]
DDK8,A,4e-07,42,True,False,TDD,vanilla,20,[0.12458868 0.2877488  0.5388687  0.76857466],[0.11325808 0.21063076 0.35498506 0.42831564],[ 21.191547  62.475254 141.53856  226.49286 ],[ 12.341752  50.682556 120.67669  172.64493 ],[7.8270135 7.743947  7.460094  7.0637875],[0.85538465 0.93429416 1.070003   1.2860432 ],[7.9211125 8.026638  8.094642  8.118456 ],[0.81548744 0.8076006  0.8508136  0.89531356]
DDK8,C,5e-08,3,True,False,TDD,vanilla,20,[0.01088037 0.01508559 0.02386146 0.03844262],[0.00370519 0.00746447 0.01585045 0.02844737],[2.2021015 2.8092828 4.2228346 6.968922 ],[0.5170363 0.819936  1.8874514 4.080839 ],[8.32159  8.319088 8.313715 8.304107],[0.19952576 0.21033888 0.22287169 0.23745778],[8.326575 8.326315 8.326018 8.325577],[0.19877578 0.20899162 0.22026956 0.2324996 ]
DDK8,C,5e-08,6,True,False,TDD,vanilla,20,[0.01516616 0.03049562 0.06266277 0.11477964],[0.00627521 0.02183481 0.0538746  0.09819755],[ 2.7160385  4.897237  10.4865    21.54135  ],[ 0.87044185  2.9667602   9.507149   22.842379  ],[8.22266  8.205914 8.177554 8.131742],[0.30060345 0.3233952  0.3492075  0.37786072],[8.230418 8.22319  8.218066 8.215206],[0.29918042 0.32049295 0.3425427  0.3658508 ]
DDK8,C,5e-08,9,True,False,TDD,vanilla,20,[0.02255837 0.06612539 0.13431644 0.22598033],[0.01151075 0.06572106 0.13235469 0.18239808],[ 3.998801 10.306659 24.356165 46.607742],[ 1.6898704  7.9254007 22.30807   42.49245  ],[8.242209 8.216767 8.162628 8.072821],[0.39621404 0.4351853  0.47649747 0.5227758 ],[8.254384 8.254124 8.254158 8.25498 ],[0.39488202 0.43240994 0.46764877 0.49863467]
DDK8,C,5e-08,12,True,False,TDD,vanilla,20,[0.03260979 0.09357821 0.19502193 0.31908005],[0.03285027 0.0868654  0.17632459 0.24931261],[ 5.4046655 16.502632  39.334053  72.46559  ],[ 2.966808 14.368042 38.780308 66.890656],[8.2713375 8.213093  8.102868  7.923955 ],[0.40750632 0.4439977  0.5104529  0.6347717 ],[8.288876  8.277489  8.269999  8.2660885],[0.40042427 0.41886386 0.44892526 0.4908567 ]
DDK8,C,5e-08,15,True,False,TDD,vanilla,20,[0.04868376 0.15612946 0.3111273  0.43623784],[0.04270671 0.16672182 0.28965628 0.3241157 ],[  8.107963  28.93058   63.149643 105.888016],[ 6.5237885 32.450077  63.232338  93.7365   ],[8.25869   8.186448  8.019776  7.7449284],[0.40571398 0.46213564 0.6314552  0.987768  ],[8.284434 8.291013 8.302465 8.324361],[0.4031638  0.44232005 0.4866336  0.5346952 ]
DDK8,C,5e-08,18,True,False,TDD,vanilla,20,[0.10280155 0.29127568 0.49369386 0.63863856],[0.12290826 0.2733442  0.4168269  0.40977898],[ 14.044823  52.73165  100.04035  143.65956 ],[ 11.895432  48.239433  83.87645  108.67563 ],[8.137813  7.9324427 7.610919  7.184015 ],[0.5683459  0.73256356 0.97034883 1.2655963 ],[8.200162 8.199213 8.199512 8.190836],[0.5350562  0.57275265 0.58666337 0.60950494]
DDK8,C,5e-08,21,True,False,TDD,vanilla,20,[0.10801539 0.33184183 0.51923186 0.6784346 ],[0.09939384 0.292773   0.3669931  0.3778056 ],[ 17.545525  65.16888  115.46879  165.31    ],[ 15.224419  64.86683   98.644135 121.212234],[8.201528  7.9142375 7.5438843 7.164294 ],[0.5194303 0.8074069 1.1471822 1.3328605],[8.273708 8.270968 8.278294 8.289778],[0.4893335 0.5536807 0.6028044 0.6329883]
DDK8,C,5e-08,24,True,False,TDD,vanilla,20,[0.14838646 0.36658686 0.536051   0.68939   ],[0.1558409  0.31783333 0.3653414  0.3877683 ],[ 23.40255   73.085915 121.54141  170.37125 ],[ 21.770033  66.63916   95.20411  122.091156],[8.128242  7.770236  7.4435573 6.966337 ],[0.60775733 0.98494077 1.1668048  1.5090054 ],[8.232507 8.229933 8.229175 8.226252],[0.56549513 0.60039735 0.6194327  0.6659933 ]
DDK8,C,5e-08,27,True,False,TDD,vanilla,20,[0.196051   0.45493424 0.6485528  0.8208744 ],[0.21340074 0.39978716 0.44855136 0.5590586 ],[ 29.131525  89.146835 138.26952  180.15701 ],[ 25.970213  81.16086  104.01885  106.36067 ],[8.012191  7.554502  7.063209  6.7258916],[0.6869225 1.1726747 1.4729648 1.5988824],[8.173424 8.189116 8.193333 8.201783],[0.5681614  0.57618004 0.5760544  0.6105042 ]
DDK8,C,5e-08,33,True,False,TDD,vanilla,20,[0.3262945  0.6027937  0.84504074 1.010601  ],[0.4335437  0.53329456 0.5960514  0.69150126],[ 50.015434 119.18535  184.89525  226.44086 ],[ 58.56347   91.155685 131.47458  133.6739  ],[7.9211106 7.309433  6.977109  6.506365 ],[0.66144276 1.276454   1.1971866  1.5580578 ],[8.163975 8.166744 8.197453 8.228497],[0.55520767 0.59197205 0.6344895  0.69245917]
DDK8,C,5e-08,36,True,False,TDD,vanilla,20,[0.5255103 0.8926934 1.1816058 1.1522795],[0.55988497 0.64809567 1.0039073  0.75625956],[ 84.02587 167.95625 230.22159 257.08847],[106.35367 120.8835  157.40152 144.71468],[7.778301  7.007154  6.3302402 6.180356 ],[0.8394313 1.3669375 1.624106  1.575139 ],[8.201372 8.212413 8.186459 8.202197],[0.5879251 0.6015146 0.5885965 0.6164567]
DDK8,C,5e-08,42,True,False,TDD,vanilla,20,[0.90266615 0.9263156  1.1100917  1.1516631 ],[1.7366343  0.89416105 0.8356017  0.68753386],[132.19397 162.16177 216.05247 254.58763],[223.65416 116.00163 136.9893  147.54543],[7.4186187 6.9167247 6.3639226 5.7651286],[1.1158764 1.2988609 1.458168  1.694075 ],[8.154698 8.128567 8.085518 8.078484],[0.6038881  0.6198292  0.71537834 0.8178851 ]
DDK8,C,2e-07,3,True,False,TDD,vanilla,20,[0.01073487 0.01273695 0.01724761 0.02512014],[0.00289937 0.00415339 0.00795421 0.01499367],[2.7306707 3.1671352 4.2296376 6.1946583],[0.643132  0.8514522 1.6526117 3.3220177],[8.262545 8.259319 8.253439 8.244165],[0.1655045  0.17748518 0.19087145 0.20561881],[8.269406 8.268143 8.26673  8.265156],[0.16525045 0.17695566 0.18965855 0.20317249]
DDK8,C,2e-07,6,True,False,TDD,vanilla,20,[0.01327989 0.02212109 0.0442626  0.08423997],[0.00373689 0.01134999 0.03336547 0.07118738],[ 3.3730817  5.4408545 10.915453  21.471352 ],[ 0.83973336  2.4738865   7.7567086  17.913305  ],[8.279603 8.264708 8.235976 8.190052],[0.23997101 0.26613662 0.2993516  0.34448555],[8.289013 8.28343  8.278104 8.273454],[0.23840481 0.2612574  0.2851649  0.3086477 ]
DDK8,C,2e-07,9,True,False,TDD,vanilla,20,[0.01775227 0.0369482  0.07796045 0.14627492],[0.00646549 0.02343119 0.05608574 0.10418229],[ 4.392493  9.07497  19.865683 38.98922 ],[ 1.5338352  6.1058555 16.406948  31.859087 ],[8.251971  8.234745  8.1970625 8.130571 ],[0.30240133 0.34162128 0.38644898 0.44477776],[8.265249 8.267987 8.272074 8.276913],[0.30145794 0.33881113 0.3764504  0.4147206 ]
DDK8,C,2e-07,12,True,False,TDD,vanilla,20,[0.02435932 0.06987354 0.1492806  0.25412506],[0.01398315 0.06682482 0.14995088 0.21458077],[ 5.8374524 16.2958    36.014164  66.745125 ],[ 3.0047126 13.533719  31.92293   57.22522  ],[8.255707  8.206555  8.116138  7.9692583],[0.3517117  0.41350797 0.5043199  0.6373817 ],[8.275466 8.271283 8.26691  8.262678],[0.34935436 0.39719546 0.44388452 0.48593506]
DDK8,C,2e-07,15,True,False,TDD,vanilla,20,[0.0383401  0.12225307 0.24374932 0.38797936],[0.02638216 0.10719029 0.19132888 0.25420707],[  9.025088  29.803238  62.85223  105.580124],[ 6.420437 27.196098 52.418114 77.5638  ],[8.172359  8.076193  7.8987665 7.6304955],[0.45596957 0.52246475 0.6591154  0.84925914],[8.207965 8.210038 8.215867 8.224112],[0.45113933 0.4856871  0.5191998  0.54643935]
DDK8,C,2e-07,18,True,False,TDD,vanilla,20,[0.04818185 0.14931415 0.2902215  0.4321185 ],[0.0376096  0.13242915 0.2186149  0.26367298],[ 11.612928  39.608757  83.00782  130.6568  ],[  8.944439  39.892467  82.530365 120.42245 ],[8.21331   8.100369  7.8698673 7.561881 ],[0.5059309  0.5837387  0.74486333 1.0085102 ],[8.257838 8.261139 8.260707 8.264115],[0.49564663 0.5484521  0.60611343 0.6623807 ]
DDK8,C,2e-07,21,True,False,TDD,vanilla,20,[0.06587118 0.19863911 0.33543503 0.48386577],[0.06121235 0.19120525 0.25210598 0.27035505],[ 16.560093  53.81529   97.155594 146.79317 ],[ 17.196058  58.920788  90.120674 108.63508 ],[8.171418  8.002473  7.7271013 7.373358 ],[0.49487406 0.6265982  0.86283404 1.1184705 ],[8.236614 8.255446 8.269096 8.275333],[0.48349896 0.5265164  0.5651753  0.60599506]
DDK8,C,2e-07,24,True,False,TDD,vanilla,20,[0.10214663 0.30004886 0.48563558 0.6493143 ],[0.08649412 0.21051842 0.28260863 0.2732389 ],[ 22.950657  75.87249  129.68747  181.06528 ],[ 21.034903  64.253296  92.887314 108.40363 ],[8.030996  7.732298  7.3680477 6.8502917],[0.60900664 0.79829276 0.9827258  1.3291302 ],[8.131182 8.132619 8.148181 8.162027],[0.5804273  0.61564034 0.6213094  0.64173055]
DDK8,C,2e-07,27,True,False,TDD,vanilla,20,[0.10221215 0.2916034  0.48021403 0.64523405],[0.07978775 0.20037507 0.2780901  0.293229  ],[ 23.56605   73.306946 122.48173  169.47284 ],[18.708488 59.498077 83.04689  97.514404],[8.055743  7.7486863 7.3397875 6.8466887],[0.58486927 0.759691   1.0483413  1.2937055 ],[8.16426  8.148859 8.14116  8.125651],[0.5455145  0.57448643 0.5996173  0.65095395]
DDK8,C,2e-07,33,True,False,TDD,vanilla,20,[0.21060185 0.46756795 0.6581255  0.745608  ],[0.20428692 0.37831208 0.4457989  0.32750145],[ 44.878872 106.95925  162.38551  197.45805 ],[ 42.361603  85.740005 115.110275 111.73188 ],[7.8954506 7.3816247 6.9307337 6.6554885],[0.746546  1.1076095 1.3633283 1.3348702],[8.134128 8.123875 8.132454 8.157437],[0.62713987 0.62046474 0.62091714 0.6189508 ]
DDK8,C,2e-07,36,True,False,TDD,vanilla,20,[0.20725851 0.44420353 0.6672462  0.7687865 ],[0.26390812 0.3804737  0.5826943  0.37645164],[ 47.119965 110.15057  167.68414  209.17715 ],[ 51.823692  95.16519  119.13308  114.713936],[7.9888706 7.5275297 7.1332207 6.703978 ],[0.6903258 1.0829735 1.2698988 1.3713629],[8.223166 8.203659 8.193959 8.197771],[0.5721486  0.62228054 0.6435787  0.6443599 ]
DDK8,C,2e-07,42,True,False,TDD,vanilla,20,[0.4365412 0.6039875 0.8871523 1.0036294],[0.8276882  0.44629917 0.8200457  0.5153678 ],[ 99.322   149.32494 227.10078 266.43954],[216.24129  107.190605 167.13434  140.2898  ],[7.6785045 7.2649827 6.729154  6.1625133],[1.1564392 1.2283841 1.388781  1.3981036],[8.202137 8.208331 8.213117 8.186108],[0.62006235 0.64596266 0.66607225 0.7035478 ]
DDK8,C,4e-07,3,True,False,TDD,vanilla,20,[0.01256204 0.01437907 0.01807945 0.02426027],[0.00255094 0.00357852 0.00660867 0.01261389],[3.5257056 3.9844618 4.93896   6.608494 ],[0.8158686 1.0394272 1.7823025 3.4332438],[8.307089 8.307143 8.304928 8.299998],[0.1828303  0.19650595 0.21142712 0.2275761 ],[8.31983  8.321709 8.323363 8.324781],[0.1824369  0.19586535 0.21045375 0.22601187]
DDK8,C,4e-07,6,True,False,TDD,vanilla,20,[0.01532311 0.02144136 0.03503549 0.05857512],[0.00395652 0.00781165 0.01956163 0.04251783],[ 4.0700517  5.587886   9.08251   15.471522 ],[ 1.1910206  2.2036595  5.6681094 13.044532 ],[8.243319  8.2373295 8.224407  8.2027645],[0.26576692 0.28561807 0.30642354 0.32903254],[8.259438 8.260148 8.261916 8.265042],[0.26467186 0.2839932  0.30338576 0.3230583 ]
DDK8,C,4e-07,9,True,False,TDD,vanilla,20,[0.01954292 0.03335167 0.06283354 0.11292751],[0.00595726 0.01624206 0.03945043 0.07899322],[ 5.117331   8.46891   15.9976225 29.53438  ],[ 1.6239707  4.174047  10.997916  23.670769 ],[8.279667 8.257246 8.219054 8.15839 ],[0.3393228  0.38034698 0.42546722 0.47829455],[8.299542  8.2919655 8.284302  8.276176 ],[0.3363756  0.3739166  0.41209707 0.44999707]
DDK8,C,4e-07,12,True,False,TDD,vanilla,20,[0.02550833 0.05479215 0.11057984 0.1941943 ],[0.01008197 0.03634716 0.0844205  0.13726844],[ 6.51929  13.723937 28.533327 51.68417 ],[ 2.5651467  8.986343  23.454962  41.840557 ],[8.227665  8.190033  8.1150675 8.001165 ],[0.3696343  0.41290045 0.4710332  0.5507681 ],[8.254019 8.249561 8.239468 8.22615 ],[0.36668321 0.40296978 0.44160876 0.48203832]
DDK8,C,4e-07,15,True,False,TDD,vanilla,20,[0.03463357 0.09067491 0.18103513 0.30139452],[0.01672489 0.06569366 0.13259484 0.19970658],[ 9.107033 24.26273  51.00636  89.0556  ],[ 4.1479516 17.728798  40.41937   68.99731  ],[8.262894 8.207536 8.099233 7.924126],[0.37145257 0.43583393 0.5327179  0.67906994],[8.300738 8.310435 8.318503 8.321449],[0.36233523 0.4033232  0.448278   0.4995451 ]
DDK8,C,4e-07,18,True,False,TDD,vanilla,20,[0.04659428 0.13641533 0.25071362 0.38287398],[0.03345067 0.12758099 0.19785175 0.2469003 ],[ 11.507281  34.580612  68.51141  112.24407 ],[ 6.730157 29.24979  55.327385 83.38392 ],[8.196907  8.096792  7.9292727 7.692705 ],[0.5270092  0.64796096 0.81785053 1.0566167 ],[8.245845 8.256775 8.268593 8.282536],[0.5129303  0.5608195  0.60647964 0.64250934]
DDK8,C,4e-07,21,True,False,TDD,vanilla,20,[0.06567477 0.18873063 0.33710107 0.48969215],[0.04925437 0.15064429 0.22429089 0.25045723],[ 15.610373  48.41863   92.530556 146.0938  ],[10.42219 40.8249  68.594   96.45312],[8.139341  8.00249   7.7669806 7.4305983],[0.51094437 0.6023595  0.82912874 1.1038885 ],[8.208268 8.233376 8.263854 8.301309],[0.48909435 0.49843127 0.5081799  0.52443814]
DDK8,C,4e-07,24,True,False,TDD,vanilla,20,[0.07551367 0.2191286  0.37098107 0.52165955],[0.05550641 0.18113829 0.2393071  0.24843585],[ 18.737442  58.20248  101.86026  148.22858 ],[ 14.371421  56.45449   83.364845 100.94799 ],[8.143007  7.932791  7.6354876 7.2739587],[0.51881593 0.63745207 0.84890956 1.0753212 ],[8.224326 8.216809 8.205311 8.196901],[0.5019927  0.53854054 0.5763094  0.6127203 ]
DDK8,C,4e-07,27,True,False,TDD,vanilla,20,[0.09134492 0.23714271 0.3940892  0.54401106],[0.06973571 0.1805411  0.23016526 0.23544474],[ 23.710825  64.029724 107.484    152.39731 ],[22.503326 61.67748  81.09504  96.41132 ],[8.110585  7.8723507 7.6333327 7.3123407],[0.5413706 0.7319998 0.8746705 1.0531279],[8.212278 8.205426 8.209401 8.201062],[0.52702165 0.5741107  0.6127436  0.64407486]
DDK8,C,4e-07,33,True,False,TDD,vanilla,20,[0.14543717 0.3115738  0.4816301  0.6031912 ],[0.12320425 0.22311191 0.27939367 0.27315572],[ 34.205048  78.91775  122.845436 158.81367 ],[29.615387 63.81889  79.259674 92.64382 ],[8.012655  7.741627  7.4006324 7.1347585],[0.71904814 0.9291026  1.1680455  1.3110996 ],[8.183739 8.192224 8.175432 8.147135],[0.6432265  0.66101295 0.6978664  0.7402622 ]
DDK8,C,4e-07,36,True,False,TDD,vanilla,20,[0.16906017 0.4037872  0.5967337  0.6906836 ],[0.1564331  0.29187968 0.34794182 0.29342112],[ 41.372486 105.104515 161.5668   197.95361 ],[ 33.35116  73.37024  95.36039 105.2312 ],[8.0667305 7.629656  7.17427   6.9217896],[0.7137177 1.1315054 1.4486006 1.4870998],[8.265757  8.2690735 8.257155  8.252183 ],[0.6276491  0.67769957 0.705928   0.7128718 ]
DDK8,C,4e-07,42,True,False,TDD,vanilla,20,[0.27482575 0.4593896  0.67547876 0.8425539 ],[0.3162288  0.29373077 0.34085795 0.30100727],[ 73.70291 119.78993 184.45718 236.14137],[107.268005  90.70676  119.29871  122.292305],[7.800912  7.475107  7.0335445 6.530165 ],[0.849232  1.0168355 1.2037143 1.2881331],[8.192731 8.206451 8.21126  8.215601],[0.59920657 0.60754186 0.64400005 0.6513544 ]
DDK8,D,5e-08,3,True,False,TDD,vanilla,20,[0.00176418 0.00237655 0.00308589 0.00429542],[0.00077681 0.00107717 0.0015891  0.00238879],[0.5157625 0.690718  0.8922975 1.2368702],[0.21754321 0.29982027 0.44316798 0.6599181 ],[8.297964 8.296331 8.294502 8.292305],[0.07495961 0.08038563 0.08627342 0.09256098],[8.299658 8.29858  8.297538 8.29653 ],[0.07468852 0.07996947 0.08556426 0.0913942 ]
DDK8,D,5e-08,6,True,False,TDD,vanilla,20,[0.00233573 0.00369909 0.00584332 0.00916618],[0.00111363 0.0019252  0.00383335 0.00644468],[0.6825617 1.077015  1.7013234 2.6901963],[0.29930747 0.52629477 1.0852904  1.876301  ],[8.309459  8.307666  8.304761  8.3005085],[0.12035406 0.13251688 0.14543235 0.15903968],[8.311767 8.311415 8.310966 8.310436],[0.12025459 0.13231722 0.14488111 0.15781623]
DDK8,D,5e-08,9,True,False,TDD,vanilla,20,[0.00270459 0.00531244 0.00918633 0.01504088],[0.00106117 0.00294126 0.00679638 0.0120301 ],[0.78770494 1.5374548  2.6365008  4.327362  ],[0.28495485 0.7993114  1.8107009  3.215084  ],[8.294831 8.287804 8.278875 8.267826],[0.13237351 0.15314984 0.1761955  0.20121713],[8.297676 8.293371 8.288761 8.283954],[0.1321482  0.15266456 0.17479543 0.19807528]
DDK8,D,5e-08,12,True,False,TDD,vanilla,20,[0.00441157 0.00985695 0.01772552 0.02916444],[0.00264939 0.00742514 0.01496374 0.02520133],[1.2644023 2.7907803 5.0082808 8.307221 ],[0.75288296 2.059737   4.28554    7.54477   ],[8.278009  8.2691765 8.257522  8.244333 ],[0.1875388  0.21247001 0.2388171  0.26552567],[8.282729 8.280233 8.277586 8.274747],[0.18684064 0.21076299 0.2355141  0.26066127]
DDK8,D,5e-08,15,True,False,TDD,vanilla,20,[0.00593079 0.01344138 0.02427432 0.03895079],[0.00434189 0.01172285 0.02616862 0.03995924],[ 1.6655766  3.7887352  6.8637013 11.1716385],[ 1.1182057  3.1017327  7.038662  11.240783 ],[8.264124 8.25455  8.24202  8.229137],[0.2102367  0.229753   0.250439   0.27107495],[8.270022 8.268729 8.268344 8.268918],[0.2086949  0.22577141 0.24269079 0.25992864]
DDK8,D,5e-08,18,True,False,TDD,vanilla,20,[0.00857724 0.02057895 0.03528373 0.05615539],[0.00559973 0.01628738 0.03031746 0.04479374],[ 2.4485455  5.7610273  9.770846  15.795509 ],[ 1.5662664  4.2535715  7.7506256 12.204613 ],[8.259298  8.234996  8.209621  8.1858425],[0.23621549 0.2675033  0.30161342 0.33174652],[8.267819  8.256482  8.2475815 8.242658 ],[0.2351493 0.2640463 0.2919402 0.3160511]
DDK8,D,5e-08,21,True,False,TDD,vanilla,20,[0.00952429 0.0233344  0.04318336 0.06776925],[0.00695207 0.01998963 0.03723161 0.05803262],[ 2.7805724  6.8608794 12.799408  20.521492 ],[ 2.1587772  5.9679594 11.063895  18.277533 ],[8.267372 8.257478 8.244575 8.230813],[0.2529128  0.28708044 0.32631686 0.365152  ],[8.27719   8.282884  8.2891655 8.295584 ],[0.25249338 0.2854534  0.32003936 0.35299757]
DDK8,D,5e-08,24,True,False,TDD,vanilla,20,[0.01047664 0.02559237 0.04397481 0.06907728],[0.00685866 0.01729768 0.03250357 0.05045981],[ 3.044005   7.4943438 12.889327  20.400202 ],[ 1.9993378  5.2847853 10.210864  16.11238  ],[8.269312 8.247388 8.22047  8.188094],[0.24767356 0.2771252  0.30881765 0.34090376],[8.280112  8.273623  8.264235  8.2512455],[0.24701582 0.27596948 0.30649292 0.3357034 ]
DDK8,D,5e-08,27,True,False,TDD,vanilla,20,[0.01281044 0.03063382 0.05290155 0.08450576],[0.00923508 0.02805287 0.05115789 0.08168261],[ 3.6865249  8.720791  15.118566  24.536066 ],[ 2.821173  8.215311 14.265663 23.372614],[8.249826 8.232859 8.216166 8.196929],[0.29876438 0.3177252  0.34493032 0.3779868 ],[8.262777 8.265217 8.269065 8.273772],[0.2979555  0.3138878  0.33165452 0.3518799 ]
DDK8,D,5e-08,33,True,False,TDD,vanilla,20,[0.01820715 0.03957983 0.07063311 0.10596031],[0.01444468 0.03382306 0.0594416  0.07000855],[ 4.984666 10.773437 19.456505 30.538906],[ 3.3689451  8.566282  15.613253  21.631744 ],[8.21687  8.189439 8.161763 8.148659],[0.31750697 0.33549896 0.35794783 0.3596769 ],[8.235228 8.229521 8.229554 8.238303],[0.31300098 0.32693157 0.3373971  0.34345612]
DDK8,D,5e-08,36,True,False,TDD,vanilla,20,[0.02095968 0.04928872 0.08554701 0.12624852],[0.01672115 0.04379538 0.07976593 0.10694365],[ 6.1093235 14.543551  25.357887  38.25842  ],[ 4.4244046 12.720335  22.24545   30.585352 ],[8.315251 8.290955 8.261273 8.225666],[0.28404087 0.30635285 0.33082494 0.36243635],[8.336734 8.337908 8.336387 8.332141],[0.27704263 0.29162735 0.30735877 0.3248851 ]
DDK8,D,5e-08,42,True,False,TDD,vanilla,20,[0.02843762 0.06402359 0.1097413  0.1599958 ],[0.02285261 0.04896992 0.08283462 0.10758439],[ 8.191334 18.603327 33.003624 49.784767],[ 6.1980786 12.65672   23.435692  36.469093 ],[8.263519 8.26213  8.25298  8.221749],[0.30708712 0.32278863 0.34431908 0.37367004],[8.291798 8.319096 8.342037 8.351114],[0.29859725 0.30620685 0.31966177 0.34217647]
DDK8,D,2e-07,3,True,False,TDD,vanilla,20,[0.00412817 0.00511036 0.00612886 0.00766279],[0.00233211 0.00283663 0.00360865 0.00445845],[1.2262485 1.5171924 1.816136  2.2675042],[0.6770273 0.8245044 1.0476601 1.2876207],[8.300143 8.3      8.29975  8.299045],[0.05550684 0.06231451 0.06933881 0.0764838 ],[8.30472  8.305355 8.306001 8.306659],[0.05492547 0.06174164 0.06871933 0.07579485]
DDK8,D,2e-07,6,True,False,TDD,vanilla,20,[0.0046348  0.00646596 0.00874544 0.01183304],[0.00160273 0.00237806 0.00377869 0.00518359],[1.3738126 1.913784  2.5802503 3.4856806],[0.457937   0.67920744 1.0903914  1.5036577 ],[8.299869 8.297229 8.293719 8.289315],[0.08417311 0.09540684 0.10685441 0.11839609],[8.304998 8.30393  8.302717 8.301365],[0.08359402 0.0947236  0.10591125 0.1170879 ]
DDK8,D,2e-07,9,True,False,TDD,vanilla,20,[0.00567291 0.00876204 0.01256286 0.01734492],[0.00246799 0.00367008 0.00607367 0.00895683],[1.6665534 2.581892  3.6998343 5.1470966],[0.661212  1.0085789 1.7138683 2.7218604],[8.298716 8.296083 8.292434 8.287732],[0.12931517 0.1440375  0.1590596  0.1740604 ],[8.304958 8.305161 8.30541  8.30564 ],[0.12817776 0.14271183 0.15739685 0.17246187]
DDK8,D,2e-07,12,True,False,TDD,vanilla,20,[0.00659483 0.01064892 0.014912   0.02122424],[0.00307925 0.00560994 0.00720354 0.01109388],[1.964126  3.1591904 4.408189  6.300976 ],[0.90577966 1.6177824  2.0365467  3.3099685 ],[8.306212 8.301164 8.295666 8.289018],[0.14369896 0.16645943 0.19001575 0.21422777],[8.313007 8.312093 8.310837 8.309354],[0.14296053 0.16523613 0.1881396  0.2113783 ]
DDK8,D,2e-07,15,True,False,TDD,vanilla,20,[0.00888882 0.01554665 0.02360103 0.03546921],[0.00444018 0.00804726 0.01427065 0.02274896],[ 2.6302216  4.5926766  6.9658775 10.591505 ],[1.3707662 2.413899  4.2734647 7.2253647],[8.284581 8.27613  8.266755 8.257171],[0.18767798 0.21024041 0.23279607 0.25531015],[8.293565  8.2920685 8.2905855 8.289156 ],[0.18703032 0.20940296 0.23131841 0.25235698]
DDK8,D,2e-07,18,True,False,TDD,vanilla,20,[0.01028004 0.01812051 0.0253527  0.04018341],[0.0056492  0.01023379 0.01604087 0.02457447],[ 2.978713   5.266371   7.4347425 11.876662 ],[1.5177053 2.7088647 4.520167  7.1899695],[8.295621 8.292132 8.287422 8.279154],[0.22272697 0.24390244 0.2647711  0.28581104],[8.305725 8.309488 8.312395 8.314784],[0.22037174 0.2390583  0.25812885 0.27720353]
DDK8,D,2e-07,21,True,False,TDD,vanilla,20,[0.01180398 0.02093706 0.03388638 0.05122076],[0.00620707 0.01251907 0.02358029 0.0343471 ],[ 3.3563547  6.0046864  9.774555  15.02886  ],[ 1.5696507  3.5504882  6.7593937 10.608645 ],[8.253128 8.246792 8.240179 8.234473],[0.24737154 0.2683936  0.28869528 0.30764648],[8.264703 8.267769 8.272947 8.279535],[0.24443386 0.26372743 0.2798239  0.2931526 ]
DDK8,D,2e-07,24,True,False,TDD,vanilla,20,[0.01315708 0.02484302 0.04063969 0.06274217],[0.00655515 0.01404278 0.02522466 0.04058035],[ 3.7613044  7.0766997 11.660977  18.457253 ],[ 1.8947659  3.759283   6.840136  11.913875 ],[8.26519  8.259295 8.253092 8.24592 ],[0.24447376 0.26235142 0.28313258 0.30667856],[8.277871 8.283131 8.289918 8.296556],[0.24175097 0.25661522 0.27360883 0.29408902]
DDK8,D,2e-07,27,True,False,TDD,vanilla,20,[0.01470646 0.02787689 0.04819062 0.07463877],[0.00807591 0.0173464  0.03285085 0.05153969],[ 4.144112   7.9521074 13.831742  21.835394 ],[ 2.0210638  4.660975   9.3912325 15.334718 ],[8.2393465 8.226579  8.213721  8.2009945],[0.2678344  0.29070312 0.32063553 0.35510266],[8.2537155 8.252774  8.254282  8.257275 ],[0.26518136 0.28589198 0.31270012 0.34290448]
DDK8,D,2e-07,33,True,False,TDD,vanilla,20,[0.01773254 0.03600962 0.0630492  0.09428611],[0.01055656 0.02798118 0.04883847 0.06502724],[ 5.168156 10.328544 18.476603 28.610437],[ 2.888104  7.039228 13.928136 20.621918],[8.277711 8.264106 8.25149  8.244972],[0.2962676  0.30472863 0.31316388 0.32866836],[8.294483 8.296839 8.303677 8.315007],[0.29260948 0.29500195 0.30127394 0.31653824]
DDK8,D,2e-07,36,True,False,TDD,vanilla,20,[0.01973434 0.04193603 0.07429482 0.10940086],[0.01149383 0.03414805 0.06241101 0.09078078],[ 5.5193386 11.372749  20.104202  29.883408 ],[ 2.985395  8.041008 15.509566 23.312977],[8.235244 8.193237 8.151495 8.11405 ],[0.3118254  0.34378275 0.37393782 0.40676054],[8.254462  8.231821  8.213254  8.2022705],[0.30821246 0.33105987 0.3529215  0.36922216]
DDK8,D,2e-07,42,True,False,TDD,vanilla,20,[0.02618644 0.05748712 0.10202293 0.1527921 ],[0.01494459 0.03575464 0.06377128 0.08999379],[ 7.5370593 16.756924  30.464327  46.61987  ],[ 4.019297 10.893294 23.029034 34.814156],[8.249798 8.21959  8.183462 8.154508],[0.3181332  0.33761188 0.35202923 0.36664608],[8.275828 8.271634 8.268322 8.26755 ],[0.31351313 0.32876962 0.3366903  0.34487548]
DDK8,D,4e-07,3,True,False,TDD,vanilla,20,[0.00765719 0.00902184 0.01042503 0.01270273],[0.00299514 0.00359457 0.00436516 0.00546729],[2.2447293 2.6397042 3.0391636 3.6925187],[0.85811955 1.0347382  1.2530885  1.5611376 ],[8.285495  8.281711  8.27779   8.2732115],[0.05465815 0.06265422 0.07080077 0.07915332],[8.293405 8.290766 8.28805  8.285257],[0.05372701 0.06171242 0.06978194 0.07790729]
DDK8,D,4e-07,6,True,False,TDD,vanilla,20,[0.00887965 0.01124164 0.01363572 0.01701195],[0.00400897 0.00478113 0.00585377 0.00712862],[2.6119995 3.310521  4.0158095 5.015827 ],[1.1571729 1.3772498 1.6837698 2.0296667],[8.293181 8.292519 8.291675 8.290429],[0.0991261  0.11289908 0.1263867  0.13964383],[8.302427 8.303819 8.305447 8.30732 ],[0.09781612 0.11133109 0.12449647 0.1372722 ]
DDK8,D,4e-07,9,True,False,TDD,vanilla,20,[0.01049179 0.01372214 0.01743338 0.02152626],[0.00440164 0.00547561 0.00723565 0.00881016],[3.120568  4.0885034 5.2057176 6.443164 ],[1.2917527 1.5973258 2.1030009 2.5278382],[8.300043 8.299902 8.299309 8.298291],[0.12429615 0.14306611 0.16169351 0.18021524],[8.310682 8.313534 8.316418 8.319339],[0.1229313  0.14134116 0.15957414 0.17754117]
DDK8,D,4e-07,12,True,False,TDD,vanilla,20,[0.01111042 0.01530313 0.0197637  0.02627134],[0.00483535 0.00707299 0.00959376 0.01406671],[3.3025815 4.550329  5.871573  7.8738484],[1.4325299 2.0682716 2.790284  4.2727427],[8.303532 8.300586 8.297355 8.293489],[0.15683079 0.1785959  0.20074952 0.22197123],[8.314311 8.315415 8.316559 8.31765 ],[0.15571669 0.17662454 0.19755578 0.21827404]
DDK8,D,4e-07,15,True,False,TDD,vanilla,20,[0.01440263 0.02145908 0.02814615 0.03801383],[0.00716898 0.01041899 0.01355025 0.01940989],[ 4.315967   6.4488397  8.486236  11.561028 ],[2.062246 3.015077 4.045843 6.038084],[8.318027 8.316087 8.314166 8.310945],[0.17679837 0.19653632 0.21605416 0.23528232],[8.331775 8.336437 8.340626 8.344339],[0.17464425 0.1934692  0.21228619 0.23092636]
DDK8,D,4e-07,18,True,False,TDD,vanilla,20,[0.01473124 0.02183154 0.02983685 0.0432946 ],[0.00622609 0.00952893 0.01386494 0.02311969],[ 4.316955   6.3805714  8.700674  12.664996 ],[1.8274636 2.754268  4.114904  6.9703593],[8.272227 8.262544 8.253658 8.242664],[0.19125333 0.21153465 0.23553367 0.26200426],[8.286208 8.283078 8.280533 8.278921],[0.19004631 0.20961969 0.23211282 0.2563469 ]
DDK8,D,4e-07,21,True,False,TDD,vanilla,20,[0.01616608 0.0249073  0.03532393 0.05148544],[0.00668951 0.01008373 0.01639891 0.02437489],[ 4.770475   7.3818398 10.437935  15.280889 ],[1.9615918 3.0293114 4.834615  7.444634 ],[8.300567 8.290676 8.278099 8.263264],[0.2098164  0.24859716 0.2924944  0.3337246 ],[8.315765 8.314188 8.310797 8.306976],[0.20739509 0.2451768  0.28654093 0.3257228 ]
DDK8,D,4e-07,24,True,False,TDD,vanilla,20,[0.01751629 0.02759673 0.04102823 0.05971423],[0.00852354 0.01419039 0.0235264  0.03490544],[ 5.0562034  7.972937  11.916243  17.566612 ],[ 2.3636484  3.7702215  6.557733  10.477626 ],[8.277838 8.268804 8.256848 8.243677],[0.24406193 0.27096093 0.30311048 0.33561555],[8.2942295 8.294001  8.29249   8.29053  ],[0.24053971 0.2657455  0.29513124 0.32629207]
DDK8,D,4e-07,27,True,False,TDD,vanilla,20,[0.01855628 0.02883921 0.04370517 0.06552294],[0.00920194 0.01528024 0.02358891 0.03801329],[ 5.3497796  8.349497  12.864023  19.505226 ],[ 2.3727002  4.179726   7.4813113 12.120702 ],[8.267625 8.261515 8.251395 8.236121],[0.24943686 0.2614292  0.2793679  0.30790952],[8.284804 8.288184 8.289756 8.287945],[0.24599674 0.25614992 0.27404147 0.30254942]
DDK8,D,4e-07,33,True,False,TDD,vanilla,20,[0.02206093 0.03780078 0.06227458 0.09341285],[0.01063781 0.02041746 0.04096532 0.0654178 ],[ 6.3437557 10.960013  18.18857   27.904749 ],[ 2.9662452  6.1608806 12.469454  21.169664 ],[8.2626505 8.251657  8.241024  8.234435 ],[0.29875562 0.31991008 0.3431545  0.35776037],[8.283479 8.285306 8.291762 8.302665],[0.29424185 0.31225926 0.32923257 0.3390499 ]
DDK8,D,4e-07,36,True,False,TDD,vanilla,20,[0.02463262 0.04462926 0.07637727 0.11348099],[0.01360679 0.03211593 0.06721964 0.10447197],[ 6.624061 12.133597 21.009377 32.32044 ],[ 3.0376475  7.7559037 16.955524  27.844307 ],[8.200635 8.193134 8.179912 8.162234],[0.31159618 0.34033987 0.37263212 0.4126993 ],[8.223469 8.229465 8.240253 8.252065],[0.30499366 0.32756943 0.34636486 0.3621993 ]
DDK8,D,4e-07,42,True,False,TDD,vanilla,20,[0.02580661 0.04832111 0.08370378 0.12834163],[0.01302902 0.02961163 0.0544977  0.08555014],[ 7.4051805 13.832201  24.30789   37.816402 ],[ 3.2318323  8.523872  17.919962  30.007652 ],[8.269524 8.236767 8.197645 8.163474],[0.26640585 0.29294965 0.31298694 0.3319273 ],[8.293684 8.277752 8.263025 8.253034],[0.2600928  0.2811057  0.29591087 0.3149146 ]
DDK8,A,5e-08,3,True,False,TDD,vanilla,25,[0.00711353 0.00978046 0.01565549 0.02493844],[0.00307602 0.00602441 0.01168279 0.02104794],[1.6065389 1.9684416 2.9031963 4.49088  ],[0.47795075 0.688994   1.3557554  2.6253672 ],[8.232111 8.234646 8.236041 8.236062],[0.36607894 0.38135323 0.39839575 0.417206  ],[8.233838 8.237641 8.241822 8.246357],[0.36562672 0.3805851  0.39700893 0.4147793 ]
DDK8,A,5e-08,6,True,False,TDD,vanilla,25,[0.00962758 0.01884004 0.03863387 0.0685757 ],[0.00456052 0.01430918 0.03527254 0.06521095],[ 2.1222112  3.457924   6.6792564 12.543005 ],[ 0.72856706  1.6480296   4.3727145  10.263147  ],[8.279172 8.276891 8.268716 8.254742],[0.44314298 0.4809237  0.5216397  0.56523556],[8.28204  8.2848   8.287399 8.290143],[0.44220755 0.47809482 0.5148415  0.55173457]
DDK8,A,5e-08,9,True,False,TDD,vanilla,25,[0.01612457 0.0412074  0.08439758 0.13830009],[0.0109373  0.04195148 0.08078583 0.14036568],[ 2.9023373  6.050154  11.830437  20.376858 ],[ 1.1706381  3.5596547  7.887702  14.929254 ],[8.226603 8.201033 8.166736 8.127734],[0.5509229  0.6084813  0.6727203  0.74119544],[8.232175 8.218963 8.206256 8.19461 ],[0.5494946  0.6048245  0.66238713 0.7200331 ]
DDK8,A,5e-08,12,True,False,TDD,vanilla,25,[0.0251264  0.07163486 0.1272267  0.21900314],[0.0244426  0.07987382 0.15108633 0.2647565 ],[ 3.8399792  9.881515  17.804422  35.354164 ],[ 1.6929228  6.710521  13.212715  29.335876 ],[8.161431 8.137271 8.10345  8.054187],[0.57218593 0.6486044  0.7322318  0.82337534],[8.1713705 8.169162  8.165635  8.1618185],[0.5680532  0.6353437  0.7046337  0.77285534]
DDK8,A,5e-08,15,True,False,TDD,vanilla,25,[0.03591124 0.08545658 0.15568523 0.27736932],[0.03831641 0.0841804  0.16263002 0.28611755],[ 5.730609  14.5601845 29.752949  55.86865  ],[ 3.5981393 12.8743515 31.615047  63.133385 ],[8.213164 8.182711 8.149525 8.082923],[0.7250053  0.8053768  0.8867516  0.97557265],[8.229278 8.228537 8.234898 8.246084],[0.716445   0.7802941  0.83712816 0.889672  ]
DDK8,A,5e-08,18,True,False,TDD,vanilla,25,[0.05563826 0.14252451 0.23872484 0.39643982],[0.06423533 0.22099347 0.22624475 0.3547145 ],[ 6.5555897 17.020094  35.56409   67.695335 ],[ 3.6204388 12.621237  29.92796   64.93141  ],[8.141332  8.102508  8.044771  7.9306626],[0.83187705 0.90452844 0.9940481  1.1386745 ],[8.165414 8.166351 8.164887 8.15692 ],[0.8150258 0.8670547 0.9366969 1.025056 ]
DDK8,A,5e-08,21,True,False,TDD,vanilla,25,[0.05996536 0.14396748 0.23723389 0.3647015 ],[0.0626683  0.23262662 0.2584711  0.28779545],[ 7.8761168 19.098001  38.49491   71.232086 ],[ 5.1071763 16.876917  35.666557  66.44627  ],[8.068055  8.006123  7.9109144 7.754101 ],[0.91373515 0.9699773  1.0445366  1.1847596 ],[8.097888  8.0776415 8.057297  8.0439825],[0.8918794  0.9238005  0.95249516 0.97904676]
DDK8,A,5e-08,24,True,False,TDD,vanilla,25,[0.06152345 0.13966224 0.2840567  0.4287752 ],[0.06277992 0.18683307 0.34443432 0.42561725],[ 9.042913 22.482206 51.372852 93.289665],[ 5.2144446 20.967253  53.180653  88.82845  ],[8.21803  8.156175 8.02745  7.809839],[0.787749   0.86203027 0.99316007 1.2450954 ],[8.248478 8.227171 8.202078 8.1868  ],[0.7698817  0.82811874 0.88698286 0.9156224 ]
DDK8,A,5e-08,27,True,False,TDD,vanilla,25,[0.08001986 0.18183585 0.3373531  0.6077895 ],[0.09001141 0.17391631 0.30378878 0.60995805],[  9.877907  27.307314  61.34357  111.15259 ],[  5.850614  23.868256  57.681835 104.99487 ],[8.03335   7.9555464 7.8065147 7.5307136],[0.83721757 0.9178791  1.0314344  1.2831426 ],[8.073305 8.057036 8.035699 8.017298],[0.81447893 0.87702554 0.95565355 1.0139018 ]
DDK8,A,5e-08,33,True,False,TDD,vanilla,25,[0.11825051 0.25888583 0.4924405  0.61712533],[0.11696647 0.2555353  0.4597059  0.38109198],[ 15.582789  41.801567  96.933174 157.33656 ],[ 11.951012  40.57682   94.26217  155.35497 ],[8.124701  8.041499  7.803899  7.3884583],[0.98072195 1.0509428  1.1361731  1.3757087 ],[8.180847  8.193614  8.203002  8.1704445],[0.9456215  0.95782167 0.92753166 0.9645922 ]
DDK8,A,5e-08,36,True,False,TDD,vanilla,25,[0.14530501 0.35662803 0.66300803 0.8837175 ],[0.18339555 0.3840266  0.7454389  0.81849813],[ 17.23476   49.351055 111.601494 185.50665 ],[ 11.616566  44.237965 102.41455  158.49539 ],[8.022205 7.888231 7.574705 7.125892],[0.886557  0.9899779 1.2381203 1.5404564],[8.093336 8.087319 8.075918 8.088953],[0.84122604 0.8823591  0.96047276 0.99210644]
DDK8,A,5e-08,42,True,False,TDD,vanilla,25,[0.19501272 0.4230446  0.6693486  0.990653  ],[0.18806729 0.4259937  0.5170367  0.9152088 ],[ 20.877514  63.46266  126.843925 194.97931 ],[ 19.47851   52.81488   97.593925 150.6144  ],[7.7281914 7.5531807 7.1819835 6.723024 ],[1.1075655 1.2644473 1.5631403 1.6939853],[7.833758 7.885902 7.919857 7.917343],[1.0413706 1.023846  1.0217247 1.0423343]
DDK8,A,2e-07,3,True,False,TDD,vanilla,25,[0.01051988 0.01268948 0.01703937 0.02399867],[0.00475025 0.00643197 0.01024826 0.01684406],[2.32833   2.6312246 3.2215142 4.2297506],[0.5129274  0.61982405 0.9202659  1.6500245 ],[8.124524 8.126787 8.127548 8.126889],[0.629356   0.6325761  0.63695157 0.6422475 ],[8.130689 8.134304 8.138219 8.142409],[0.6257091 0.6282687 0.6312905 0.6347323]
DDK8,A,2e-07,6,True,False,TDD,vanilla,25,[0.01161353 0.01770762 0.02956977 0.04674594],[0.00613778 0.01054721 0.0209373  0.03738676],[2.6925933 3.7588155 5.87687   9.338146 ],[0.8344433 1.4513599 3.4141934 7.6669555],[8.268697  8.2690735 8.265411  8.2584   ],[0.60492474 0.62296903 0.6452676  0.6710848 ],[8.274826 8.279523 8.284403 8.289545],[0.6015826  0.61828643 0.63822275 0.6610321 ]
DDK8,A,2e-07,9,True,False,TDD,vanilla,25,[0.01665074 0.029576   0.05147478 0.07980014],[0.00977472 0.02093449 0.0412154  0.06709333],[ 3.4864435  5.4804063  8.982443  14.631613 ],[ 1.133469   2.1996863  5.34262   12.410374 ],[8.203946 8.204325 8.195992 8.182638],[0.677022   0.6992685  0.72810775 0.75970775],[8.212872 8.222125 8.22945  8.234579],[0.6716166  0.6904289  0.7124399  0.73767006]
DDK8,A,2e-07,12,True,False,TDD,vanilla,25,[0.02259306 0.04825725 0.080446   0.13152683],[0.01361501 0.03598839 0.06297262 0.10393874],[ 4.181169   7.7831407 12.713982  22.158442 ],[ 1.5851393  4.1290298  9.138715  19.534487 ],[8.104942  8.065026  8.022821  7.9673486],[0.7318699 0.7795192 0.8292705 0.8947105],[8.118894 8.099322 8.080267 8.061373],[0.72288525 0.7593847  0.79724795 0.8372211 ]
DDK8,A,2e-07,15,True,False,TDD,vanilla,25,[0.03252132 0.07136625 0.12292735 0.20772053],[0.02088529 0.05422823 0.09414812 0.15167806],[ 5.1605244 10.923184  20.105188  39.78166  ],[ 2.217427  6.526976 16.382687 40.886135],[7.939105 7.902307 7.866304 7.796155],[0.82368237 0.88116497 0.93912685 1.0184954 ],[7.960368 7.953955 7.952423 7.9545  ],[0.8137213 0.856927  0.8997762 0.942242 ]
DDK8,A,2e-07,18,True,False,TDD,vanilla,25,[0.0350583  0.0743915  0.13551542 0.25113282],[0.02427719 0.05955781 0.11117117 0.21387006],[ 6.377051 12.563438 23.130936 46.787304],[ 2.584804   6.8129077 16.861942  41.705715 ],[8.103172  8.051841  7.988597  7.8759565],[0.8252624 0.8877311 0.9568536 1.0528538],[8.126295 8.107923 8.089695 8.074124],[0.8090824  0.8441579  0.88169974 0.92264533]
DDK8,A,2e-07,21,True,False,TDD,vanilla,25,[0.048203   0.09558531 0.17963149 0.31885815],[0.03879011 0.07738774 0.14777716 0.22502322],[ 7.801859 15.234378 30.842781 61.14249 ],[ 3.2023885  7.918144  19.633085  42.946655 ],[8.07997   8.0423765 7.969482  7.8268566],[0.86757785 0.9106045  0.98568827 1.1047527 ],[8.111541 8.108097 8.098149 8.079145],[0.84507656 0.87269056 0.9155379  0.9743686 ]
DDK8,A,2e-07,24,True,False,TDD,vanilla,25,[0.05135448 0.10312808 0.20494835 0.35437188],[0.0451697  0.09278308 0.18363766 0.2952793 ],[ 8.303001 16.853447 37.337875 73.98175 ],[ 3.5836024  9.583187  27.0475    55.107773 ],[8.066483  7.995612  7.8841457 7.7079253],[0.8551159 0.9587149 1.0741322 1.243278 ],[8.102798 8.079458 8.073869 8.082761],[0.8285165 0.893055  0.9226012 0.9377865]
DDK8,A,2e-07,27,True,False,TDD,vanilla,25,[0.0514762  0.11633528 0.23202774 0.41132462],[0.04023837 0.11694223 0.19093089 0.3253597 ],[ 9.15996  21.01016  47.955692 88.939705],[  4.887698  20.879347  59.84285  105.4209  ],[8.073889  7.9927278 7.8427515 7.6100187],[0.8124185  0.89654785 1.0143409  1.1715138 ],[8.11104  8.084653 8.048851 8.015041],[0.78864    0.83198315 0.884727   0.9329143 ]
DDK8,A,2e-07,33,True,False,TDD,vanilla,25,[0.07110798 0.1806935  0.36579785 0.5559329 ],[0.06057315 0.1590732  0.27798972 0.3496211 ],[ 12.890988  36.96326   86.65596  142.5342  ],[  8.081799  35.262196  86.180046 132.52985 ],[8.170206  8.084287  7.85327   7.4817395],[0.84001666 0.92390627 1.0905801  1.2919705 ],[8.216682  8.2085085 8.163704  8.084707 ],[0.8136454 0.8615523 0.9495743 1.0525955]
DDK8,A,2e-07,36,True,False,TDD,vanilla,25,[0.09587406 0.23083338 0.48483104 0.73186946],[0.09725022 0.25288522 0.45400456 0.49073917],[ 14.694772  38.26134   93.49375  171.38226 ],[  9.526634  35.36948   85.05543  151.29176 ],[8.009357  7.887296  7.612033  7.2411485],[0.87919295 0.9614546  1.1985935  1.4065626 ],[8.077505 8.06925  8.089985 8.128924],[0.82759804 0.8323908  0.8334932  0.87066954]
DDK8,A,2e-07,42,True,False,TDD,vanilla,25,[0.11840266 0.31483182 0.6193705  0.8572522 ],[0.11477146 0.32078415 0.5482423  0.581118  ],[ 17.563076  49.395233 113.76021  182.59949 ],[ 14.0856695  48.991608  117.607475  172.31244  ],[7.840372  7.6194706 7.2410445 6.7944365],[1.0166254 1.2074206 1.4137896 1.5244839],[7.927911  7.910005  7.917583  7.9121513],[0.96075475 0.9710648  0.9386558  0.9704687 ]
DDK8,A,4e-07,3,True,False,TDD,vanilla,25,[0.01295    0.01430675 0.01678564 0.02047397],[0.0039704  0.00426042 0.00527668 0.00733397],[3.744872  4.029391  4.5509644 5.3369694],[1.1358099 1.186055  1.3350574 1.698146 ],[8.13078  8.126884 8.121376 8.114123],[0.34166464 0.35009348 0.35977924 0.37108237],[8.140506 8.137633 8.134504 8.131127],[0.34248444 0.35056454 0.35972664 0.36985973]
DDK8,A,4e-07,6,True,False,TDD,vanilla,25,[0.01636324 0.02200367 0.03226756 0.0461997 ],[0.00624112 0.00913146 0.01710397 0.02927141],[ 4.569043   5.7010107  7.7846193 10.865005 ],[1.6112548 1.9506902 3.205287  6.1684904],[8.165669 8.163067 8.156048 8.144664],[0.39012635 0.42065173 0.45487976 0.49173838],[8.176272 8.178738 8.180604 8.181811],[0.39123917 0.4205529  0.45303023 0.4878832 ]
DDK8,A,4e-07,9,True,False,TDD,vanilla,25,[0.01871824 0.02731725 0.04282682 0.06249525],[0.00639662 0.00986572 0.02006391 0.03453151],[ 5.2758765  7.1238093 10.356703  14.785393 ],[2.0825307 2.54166   3.9968483 7.3181486],[8.171286 8.161633 8.14591  8.1278  ],[0.47296023 0.50981295 0.5501312  0.5911103 ],[8.184002 8.182483 8.180069 8.177103],[0.4719663  0.5057804  0.54053843 0.5759417 ]
DDK8,A,4e-07,12,True,False,TDD,vanilla,25,[0.02464142 0.04106733 0.06496938 0.10093825],[0.01063455 0.02335236 0.05451481 0.08446791],[ 6.4796367  9.746097  13.834403  22.270578 ],[ 2.4489832  3.825104   5.7696905 12.228143 ],[8.137377 8.12188  8.103601 8.075167],[0.57600003 0.62694454 0.67821467 0.73212194],[8.15235  8.154115 8.15547  8.156445],[0.5726108  0.6156969  0.65478444 0.68982166]
DDK8,A,4e-07,15,True,False,TDD,vanilla,25,[0.02941355 0.05339035 0.08984511 0.1547809 ],[0.01272396 0.02802581 0.05315331 0.0962473 ],[ 7.212899 12.134004 20.37188  37.470757],[ 3.5337512  6.6191607 14.575836  37.145573 ],[8.046015  8.029766  8.006957  7.9573884],[0.5748719  0.6231706  0.6829002  0.75435036],[8.066401 8.071935 8.077987 8.082911],[0.5711157  0.6151953  0.66565377 0.7195561 ]
DDK8,A,4e-07,18,True,False,TDD,vanilla,25,[0.03678117 0.06917131 0.12615283 0.21313743],[0.01982257 0.04699726 0.09842918 0.14012319],[ 8.522116 15.537717 30.230772 58.377075],[ 3.331732   7.8944063 22.040688  46.614296 ],[8.067981 8.07398  8.067265 8.020985],[0.6305182  0.6948711  0.77313405 0.8747423 ],[8.09442  8.127554 8.160606 8.190095],[0.6232103  0.6795312  0.74975705 0.8271956 ]
DDK8,A,4e-07,21,True,False,TDD,vanilla,25,[0.04309059 0.08209086 0.1564075  0.25561026],[0.02614195 0.06274915 0.12773275 0.17209047],[ 9.29325  16.890993 34.281784 65.29585 ],[ 3.9707808 10.054281  31.398651  62.147175 ],[7.991983  7.997656  7.964577  7.8761387],[0.685831   0.7499539  0.84215236 0.9524187 ],[8.028134 8.068816 8.101429 8.12289 ],[0.67326814 0.7159541  0.7663214  0.81699765]
DDK8,A,4e-07,24,True,False,TDD,vanilla,25,[0.04954818 0.09562857 0.1987046  0.34343088],[0.03285424 0.06228691 0.13459755 0.20336448],[ 9.596624 17.330805 37.750618 70.51553 ],[ 4.2905793  9.356672  26.87574   56.389153 ],[7.890557  7.8066883 7.669087  7.48295  ],[0.75981593 0.8532583  0.9811435  1.1236397 ],[7.927203  7.8822603 7.847619  7.832544 ],[0.74526685 0.8172085  0.8804765  0.9221472 ]
DDK8,A,4e-07,27,True,False,TDD,vanilla,25,[0.05778155 0.11761009 0.2391217  0.39385682],[0.04839154 0.11016591 0.20688652 0.29719457],[11.078494 23.044794 52.49868  97.88301 ],[  5.724132  19.985907  54.1166   101.309425],[7.9404826 7.8838735 7.7609777 7.572593 ],[0.73351884 0.80161154 0.90394294 1.0489465 ],[7.9919696 7.989279  7.998762  8.014314 ],[0.70994437 0.749423   0.7883426  0.81563747]
DDK8,A,4e-07,33,True,False,TDD,vanilla,25,[0.08095033 0.20265593 0.39521652 0.60140973],[0.07853828 0.21214148 0.35980737 0.48894975],[ 14.408714  36.117325  79.67233  141.91342 ],[  7.4490438  31.131855   68.74193   118.024155 ],[7.937258  7.814032  7.5705132 7.186506 ],[0.73342496 0.85421807 1.0942314  1.4335328 ],[7.995203  7.9802413 7.973531  7.9859047],[0.70891154 0.7746805  0.8564755  0.92781574]
DDK8,A,4e-07,36,True,False,TDD,vanilla,25,[0.06799868 0.15003462 0.32645822 0.54447997],[0.04127653 0.09849802 0.21135044 0.30242473],[ 15.325983  33.681995  75.6181   129.91913 ],[  8.565513  23.727482  56.475487 100.759186],[8.049964  7.9575276 7.6958632 7.255652 ],[0.85945255 0.8994649  1.0389508  1.2884282 ],[8.108352 8.090845 8.035079 7.95603 ],[0.8385771  0.8493455  0.87210375 0.9073687 ]
DDK8,A,4e-07,42,True,False,TDD,vanilla,25,[0.123004   0.28528932 0.5359763  0.7663362 ],[0.11430121 0.21124129 0.3543779  0.42798784],[ 20.905663  62.011    141.00533  226.05743 ],[ 12.392755  50.68774  120.80548  172.95976 ],[7.829054  7.7483325 7.467095  7.074398 ],[0.8542453 0.931334  1.065794  1.2782886],[7.9211125 8.026638  8.094642  8.118456 ],[0.81548744 0.8076006  0.8508136  0.89531356]
DDK8,C,5e-08,3,True,False,TDD,vanilla,25,[0.00973998 0.01371889 0.02251213 0.03688798],[0.00335535 0.00707375 0.01536258 0.02774839],[2.0290902 2.5842865 4.0083036 6.7154145],[0.49725485 0.7714762  1.8112246  3.983411  ],[8.322314 8.320065 8.314866 8.305581],[0.19943969 0.2102201  0.22276779 0.23729417],[8.326575 8.326315 8.326018 8.325577],[0.19877578 0.20899162 0.22026956 0.2324996 ]
DDK8,C,5e-08,6,True,False,TDD,vanilla,25,[0.01365061 0.02853583 0.06037722 0.112461  ],[0.00581212 0.0210466  0.05265599 0.09768422],[ 2.4867003  4.572514  10.094229  21.085808 ],[ 0.81091046  2.8092      9.23402    22.490772  ],[8.223647 8.207404 8.179577 8.134234],[0.30044442 0.32313207 0.34882614 0.37758338],[8.230418 8.22319  8.218066 8.215206],[0.29918042 0.32049295 0.3425427  0.3658508 ]
DDK8,C,5e-08,9,True,False,TDD,vanilla,25,[0.02083268 0.06319508 0.13120207 0.22295971],[0.01079265 0.06327111 0.1309942  0.18206917],[ 3.732341  9.896016 23.856297 46.045902],[ 1.6095302  7.7697363 22.15067   42.377792 ],[8.243295 8.218474 8.164894 8.075534],[0.39598694 0.43489584 0.47598726 0.52245235],[8.254384 8.254124 8.254158 8.25498 ],[0.39488202 0.43240994 0.46764877 0.49863467]
DDK8,C,5e-08,12,True,False,TDD,vanilla,25,[0.03070312 0.09140821 0.19310044 0.31738383],[0.03180376 0.08660013 0.17678462 0.25051486],[ 5.147191 16.149996 39.015003 72.1511  ],[ 2.9212127 14.351354  38.93872   67.168    ],[8.272397 8.214477 8.103876 7.924798],[0.40716657 0.44391882 0.51109546 0.6351954 ],[8.288876  8.277489  8.269999  8.2660885],[0.40042427 0.41886386 0.44892526 0.4908567 ]
DDK8,C,5e-08,15,True,False,TDD,vanilla,25,[0.04688429 0.1541217  0.30899283 0.43387908],[0.04306271 0.16827561 0.29221803 0.32653886],[  7.7955947  28.538519   62.702484  105.33886  ],[ 6.466787 32.49003  63.34797  93.84709 ],[8.259838 8.187989 8.021793 7.748193],[0.40562814 0.4623     0.6321098  0.988289  ],[8.284434 8.291013 8.302465 8.324361],[0.4031638  0.44232005 0.4866336  0.5346952 ]
DDK8,C,5e-08,18,True,False,TDD,vanilla,25,[0.10117971 0.28947616 0.4912928  0.6378031 ],[0.12288893 0.2734078  0.4153495  0.40956286],[ 13.770973  52.46725   99.74284  143.37857 ],[ 11.872693  48.350132  84.031105 108.77327 ],[8.1391325 7.934898  7.6148334 7.1840305],[0.56771195 0.7291641  0.96675426 1.274643  ],[8.200162 8.199213 8.199512 8.190836],[0.5350562  0.57275265 0.58666337 0.60950494]
DDK8,C,5e-08,21,True,False,TDD,vanilla,25,[0.10650251 0.33080345 0.5174558  0.67805403],[0.09968451 0.294855   0.36733603 0.37933484],[ 17.24637  64.85994 115.07492 164.90018],[ 15.199718  64.868904  98.65592  121.30553 ],[8.202697  7.9154606 7.545377  7.1669374],[0.5193591 0.8089499 1.1511601 1.3321402],[8.273708 8.270968 8.278294 8.289778],[0.4893335 0.5536807 0.6028044 0.6329883]
DDK8,C,5e-08,24,True,False,TDD,vanilla,25,[0.14702587 0.36576056 0.53467774 0.6882434 ],[0.1565171  0.31857142 0.36612096 0.38852817],[ 23.11982   72.82035  121.141495 170.05434 ],[ 21.835526  66.830734  95.18787  122.04485 ],[8.12936   7.7712398 7.44759   6.9678264],[0.6073796 0.9839678 1.1622927 1.507229 ],[8.232507 8.229933 8.229175 8.226252],[0.56549513 0.60039735 0.6194327  0.6659933 ]
DDK8,C,5e-08,27,True,False,TDD,vanilla,25,[0.19433953 0.45395732 0.64729506 0.82100415],[0.2137991  0.40142852 0.44819358 0.5659034 ],[ 28.835295  89.00665  138.00299  179.97092 ],[ 25.971434  81.39389  104.267395 106.42131 ],[8.013756  7.553983  7.0655913 6.7292743],[0.68641084 1.1775178  1.4733119  1.5968467 ],[8.173424 8.189116 8.193333 8.201783],[0.5681614  0.57618004 0.5760544  0.6105042 ]
DDK8,C,5e-08,33,True,False,TDD,vanilla,25,[0.3244048  0.6005132  0.84251976 1.0088475 ],[0.43492687 0.5332203  0.59483266 0.6917931 ],[ 49.794907 118.76658  184.67004  226.27397 ],[ 58.781254  91.277916 131.83203  133.66312 ],[7.922476  7.311889  6.982245  6.5103393],[0.66120166 1.2773546  1.1920466  1.5544602 ],[8.163975 8.166744 8.197453 8.228497],[0.55520767 0.59197205 0.6344895  0.69245917]
DDK8,C,5e-08,36,True,False,TDD,vanilla,25,[0.52538824 0.8901988  1.180614   1.1522453 ],[0.5608372 0.6465353 1.0046996 0.7546979],[ 83.922295 167.77415  230.04709  257.0687  ],[106.44971  120.790665 157.2023   144.79716 ],[7.7793016 7.0077453 6.329943  6.184813 ],[0.83920795 1.3685058  1.6292094  1.5726582 ],[8.201372 8.212413 8.186459 8.202197],[0.5879251 0.6015146 0.5885965 0.6164567]
DDK8,C,5e-08,42,True,False,TDD,vanilla,25,[0.9017339  0.92515326 1.1107087  1.1514373 ],[1.7150077 0.8974362 0.8462128 0.6809181],[131.66245 162.06413 216.11385 254.6326 ],[219.78302 116.18258 137.27573 147.6295 ],[7.416717  6.916705  6.363367  5.7691126],[1.1212935 1.3024342 1.4570172 1.6951969],[8.154698 8.128567 8.085518 8.078484],[0.6038881  0.6198292  0.71537834 0.8178851 ]
DDK8,C,2e-07,3,True,False,TDD,vanilla,25,[0.00997955 0.01173208 0.01606133 0.02376296],[0.00274955 0.00390908 0.00757162 0.01449188],[2.5647504 2.9433851 3.9638627 5.894595 ],[0.6210239  0.81096643 1.5829542  3.226563  ],[8.263316 8.260438 8.254888 8.245938],[0.16548017 0.17746398 0.1908192  0.20554776],[8.269406 8.268143 8.26673  8.265156],[0.16525045 0.17695566 0.18965855 0.20317249]
DDK8,C,2e-07,6,True,False,TDD,vanilla,25,[0.01219504 0.02045454 0.0421127  0.08193654],[0.00350239 0.0108462  0.0328991  0.07086425],[ 3.1315293  5.0667586 10.425145  20.9704   ],[ 0.80749357  2.381459    7.62969    17.811544  ],[8.280739 8.266623 8.238781 8.193624],[0.23979628 0.26576528 0.29871666 0.3436709 ],[8.289013 8.28343  8.278104 8.273454],[0.23840481 0.2612574  0.2851649  0.3086477 ]
DDK8,C,2e-07,9,True,False,TDD,vanilla,25,[0.01640703 0.03480056 0.07517839 0.14304951],[0.00608986 0.02271122 0.05522061 0.10320747],[ 4.1059203  8.60087   19.209347  38.228065 ],[ 1.4898864  5.970501  16.202837  31.677557 ],[8.253332 8.237186 8.200775 8.135508],[0.30210143 0.34098586 0.385433   0.44326633],[8.265249 8.267987 8.272074 8.276913],[0.30145794 0.33881113 0.3764504  0.4147206 ]
DDK8,C,2e-07,12,True,False,TDD,vanilla,25,[0.02292734 0.06755772 0.14635545 0.25147754],[0.01355429 0.06598514 0.1489961  0.21448584],[ 5.525847 15.782585 35.33833  66.03276 ],[ 2.92661  13.368483 31.721722 57.08076 ],[8.25714  8.209209 8.119955 7.973753],[0.3513999  0.41283375 0.5032983  0.6360562 ],[8.275466 8.271283 8.26691  8.262678],[0.34935436 0.39719546 0.44388452 0.48593506]
DDK8,C,2e-07,15,True,False,TDD,vanilla,25,[0.03680604 0.11993974 0.24104215 0.38575414],[0.02613962 0.10677326 0.19100513 0.25484255],[  8.692632  29.27913   62.22822  105.06791 ],[ 6.3788195 27.093805  52.31747   77.60643  ],[8.173928  8.079136  7.9036913 7.6353283],[0.45556182 0.5212612  0.65541905 0.84805363],[8.207965 8.210038 8.215867 8.224112],[0.45113933 0.4856871  0.5191998  0.54643935]
DDK8,C,2e-07,18,True,False,TDD,vanilla,25,[0.04684632 0.14737625 0.2879962  0.430283  ],[0.03746629 0.13262467 0.21903661 0.2647831 ],[ 11.299395  39.120296  82.476776 130.24126 ],[  8.916062  39.798374  82.58394  120.64013 ],[8.214752  8.102973  7.8737817 7.565837 ],[0.50562936 0.5834951  0.7438502  1.0064784 ],[8.257838 8.261139 8.260707 8.264115],[0.49564663 0.5484521  0.60611343 0.6623807 ]
DDK8,C,2e-07,21,True,False,TDD,vanilla,25,[0.06441353 0.19667174 0.33339688 0.48212448],[0.06103294 0.19133143 0.25291505 0.27111676],[ 16.245232  53.397633  96.68493  146.34525 ],[ 17.230053  59.05461   90.22666  108.64885 ],[8.173039  8.005222  7.730796  7.3790674],[0.49409446 0.6245824  0.8626595  1.1176498 ],[8.236614 8.255446 8.269096 8.275333],[0.48349896 0.5265164  0.5651753  0.60599506]
DDK8,C,2e-07,24,True,False,TDD,vanilla,25,[0.10061769 0.29827636 0.48375157 0.6476316 ],[0.0865311  0.21098293 0.28329182 0.2735815 ],[ 22.621714  75.512    129.3678   180.90913 ],[ 20.967    64.25557  93.10079 108.79067],[8.03281   7.7349396 7.371646  6.8558416],[0.6082297 0.7973782 0.9821397 1.3263476],[8.131182 8.132619 8.148181 8.162027],[0.5804273  0.61564034 0.6213094  0.64173055]
DDK8,C,2e-07,27,True,False,TDD,vanilla,25,[0.10049738 0.289781   0.47867012 0.6442207 ],[0.07934336 0.20022085 0.27811673 0.29416296],[ 23.227318  72.941345 122.167725 169.25404 ],[18.65152  59.464474 83.09648  97.74684 ],[8.05776   7.7515254 7.344682  6.852674 ],[0.5838238 0.7582309 1.0447255 1.2894648],[8.16426  8.148859 8.14116  8.125651],[0.5455145  0.57448643 0.5996173  0.65095395]
DDK8,C,2e-07,33,True,False,TDD,vanilla,25,[0.20951252 0.46606773 0.6532637  0.7454866 ],[0.20440418 0.3778168  0.43989098 0.32898393],[ 44.66122  106.678444 160.748    197.30922 ],[ 42.44689   85.861115 111.48667  111.91035 ],[7.896657 7.384292 6.935305 6.657793],[0.7462005 1.1055299 1.3592721 1.3352488],[8.134128 8.123875 8.132454 8.157437],[0.62713987 0.62046474 0.62091714 0.6189508 ]
DDK8,C,2e-07,36,True,False,TDD,vanilla,25,[0.20560494 0.44255435 0.66542214 0.7680547 ],[0.26316038 0.37918612 0.5790972  0.37665454],[ 46.826473 109.79451  167.31241  208.96443 ],[ 51.825493  95.01176  118.94561  114.68005 ],[7.9904985 7.529661  7.1352825 6.706685 ],[0.6894355 1.0823196 1.2727505 1.3750004],[8.223166 8.203659 8.193959 8.197771],[0.5721486  0.62228054 0.6435787  0.6443599 ]
DDK8,C,2e-07,42,True,False,TDD,vanilla,25,[0.4386345  0.60253763 0.88645774 1.0031137 ],[0.8524855 0.4470947 0.8218783 0.5157099],[ 99.22869 149.0567  227.01987 266.37274],[213.76193 107.40688 167.52202 140.41565],[7.678752  7.2683673 6.7329073 6.162129 ],[1.1606202 1.2268504 1.3884757 1.402869 ],[8.202137 8.208331 8.213117 8.186108],[0.62006235 0.64596266 0.66607225 0.7035478 ]
DDK8,C,4e-07,3,True,False,TDD,vanilla,25,[0.01185394 0.01343114 0.01681807 0.02278528],[0.00244387 0.00333939 0.00607594 0.01174775],[3.3542182 3.7598467 4.640708  6.2668324],[0.7956042 0.9988307 1.6863939 3.275768 ],[8.307913  8.308311  8.306448  8.3018265],[0.18276867 0.19645514 0.21137764 0.22748722],[8.31983  8.321709 8.323363 8.324781],[0.1824369  0.19586535 0.21045375 0.22601187]
DDK8,C,4e-07,6,True,False,TDD,vanilla,25,[0.01439789 0.01997132 0.03300451 0.05648466],[0.00380402 0.0073141  0.01880374 0.04200749],[ 3.8614554  5.2532015  8.617204  15.022837 ],[ 1.1632456  2.087021   5.46374   12.911323 ],[8.244386 8.239159 8.227116 8.206281],[0.2656051  0.2853392  0.30593273 0.3281636 ],[8.259438 8.260148 8.261916 8.265042],[0.26467186 0.2839932  0.30338576 0.3230583 ]
DDK8,C,4e-07,9,True,False,TDD,vanilla,25,[0.01828784 0.03117584 0.05992604 0.11005372],[0.0055819  0.01529471 0.03831972 0.0780909 ],[ 4.845114  7.999496 15.361815 28.962265],[ 1.5891618  4.050375  10.820396  23.559898 ],[8.281078 8.259815 8.222962 8.163548],[0.33897537 0.37958983 0.42416802 0.47638795],[8.299542  8.2919655 8.284302  8.276176 ],[0.3363756  0.3739166  0.41209707 0.44999707]
DDK8,C,4e-07,12,True,False,TDD,vanilla,25,[0.02412663 0.0524529  0.10781343 0.19183293],[0.00971961 0.03551591 0.0838671  0.13749978],[ 6.2227893 13.226151  27.967175  51.252357 ],[ 2.5214589  8.854458  23.361425  41.883488 ],[8.229221  8.192905  8.1191225 8.005816 ],[0.36916095 0.4119121  0.4695069  0.54935586],[8.254019 8.249561 8.239468 8.22615 ],[0.36668321 0.40296978 0.44160876 0.48203832]
DDK8,C,4e-07,15,True,False,TDD,vanilla,25,[0.03330294 0.08854678 0.17882729 0.29973325],[0.01660591 0.06589057 0.13340157 0.20122194],[ 8.798287 23.759815 50.52689  88.7477  ],[ 4.137713 17.79811  40.694992 69.36908 ],[8.264484  8.210372  8.102291  7.9273524],[0.37099904 0.43513963 0.53283256 0.6799445 ],[8.300738 8.310435 8.318503 8.321449],[0.36233523 0.4033232  0.448278   0.4995451 ]
DDK8,C,4e-07,18,True,False,TDD,vanilla,25,[0.04538532 0.13465062 0.24881732 0.3808221 ],[0.03355495 0.12820072 0.19899736 0.2482449 ],[ 11.217622  34.11865   67.98001  111.72597 ],[ 6.7670155 29.329687  55.497593  83.56719  ],[8.198533 8.099538 7.932663 7.698048],[0.5264503  0.6476833  0.81887454 1.058076  ],[8.245845 8.256775 8.268593 8.282536],[0.5129303  0.5608195  0.60647964 0.64250934]
DDK8,C,4e-07,21,True,False,TDD,vanilla,25,[0.06437501 0.1872776  0.3357434  0.48888287],[0.04960023 0.1512813  0.22508276 0.25136918],[ 15.316307  48.068306  92.170235 145.88481 ],[10.452396 40.94153  68.73832  96.61733 ],[8.140973  8.004834  7.7703023 7.4347267],[0.5105495  0.6020898  0.82956684 1.1036727 ],[8.208268 8.233376 8.263854 8.301309],[0.48909435 0.49843127 0.5081799  0.52443814]
DDK8,C,4e-07,24,True,False,TDD,vanilla,25,[0.07404572 0.2173521  0.3691974  0.5207163 ],[0.05554884 0.18149766 0.23999034 0.24936405],[ 18.42195  57.8271  101.50956 148.02571],[ 14.375231  56.562843  83.580185 101.192314],[8.144848 7.936005 7.638765 7.277468],[0.5180496  0.6360297  0.85022837 1.0771856 ],[8.224326 8.216809 8.205311 8.196901],[0.5019927  0.53854054 0.5763094  0.6127203 ]
DDK8,C,4e-07,27,True,False,TDD,vanilla,25,[0.09002548 0.23562294 0.39263284 0.54284334],[0.0697165  0.18112119 0.23174758 0.23665458],[ 23.42743   63.707485 107.19998  152.2653  ],[22.519903 61.741856 81.357124 96.715324],[8.112178  7.8750567 7.636531  7.314527 ],[0.54061896 0.7287614  0.87404287 1.055622  ],[8.212278 8.205426 8.209401 8.201062],[0.52702165 0.5741107  0.6127436  0.64407486]
DDK8,C,4e-07,33,True,False,TDD,vanilla,25,[0.1444643  0.31043002 0.4805598  0.6023155 ],[0.12373106 0.2235313  0.28033486 0.27346042],[ 33.97082   78.67021  122.548454 158.56822 ],[29.660479 63.949936 79.44808  92.593864],[8.013919  7.744046  7.4025817 7.1384974],[0.71864074 0.92813754 1.169674   1.3120401 ],[8.183739 8.192224 8.175432 8.147135],[0.6432265  0.66101295 0.6978664  0.7402622 ]
DDK8,C,4e-07,36,True,False,TDD,vanilla,25,[0.1680252  0.40262356 0.5963076  0.6895338 ],[0.15690231 0.29141662 0.34861103 0.29319397],[ 41.160057 104.82566  161.47217  197.78691 ],[ 33.454674  73.34438   95.48227  105.21706 ],[8.068279  7.633538  7.1756554 6.9254875],[0.71245176 1.1267897  1.4498522  1.4851122 ],[8.265757  8.2690735 8.257155  8.252183 ],[0.6276491  0.67769957 0.705928   0.7128718 ]
DDK8,C,4e-07,42,True,False,TDD,vanilla,25,[0.2738257  0.45799443 0.6745928  0.8416909 ],[0.31699932 0.29473615 0.34272146 0.30231744],[ 73.46084  119.482864 184.2525   235.9204  ],[107.315414  90.91578  119.77836  122.53537 ],[7.8020177 7.4802856 7.0373964 6.5330615],[0.8497888 1.0077084 1.2020994 1.2921349],[8.192731 8.206451 8.21126  8.215601],[0.59920657 0.60754186 0.64400005 0.6513544 ]
DDK8,D,5e-08,3,True,False,TDD,vanilla,25,[0.00152103 0.00212425 0.00285415 0.00402266],[0.00075971 0.00104591 0.00151994 0.00226985],[0.44476673 0.617001   0.82490075 1.1574466 ],[0.21449183 0.2940389  0.42801633 0.6297116 ],[8.298381 8.296811 8.294971 8.292844],[0.07493202 0.08033871 0.08621955 0.09247162],[8.299658 8.29858  8.297538 8.29653 ],[0.07468852 0.07996947 0.08556426 0.0913942 ]
DDK8,D,5e-08,6,True,False,TDD,vanilla,25,[0.00203407 0.00332529 0.00540585 0.00866011],[0.0010729  0.00181851 0.00364759 0.00623978],[0.59416384 0.9662759  1.5704756  2.538452  ],[0.28930798 0.4942308  1.03114    1.8162656 ],[8.309976 8.308311 8.305516 8.301347],[0.12033259 0.13248217 0.14536737 0.15896107],[8.311767 8.311415 8.310966 8.310436],[0.12025459 0.13231722 0.14488111 0.15781623]
DDK8,D,5e-08,9,True,False,TDD,vanilla,25,[0.00234733 0.00488551 0.00870446 0.01449191],[0.0009677  0.00270596 0.00655177 0.01187948],[0.68386024 1.4146146  2.4981272  4.169517  ],[0.25847232 0.737454   1.7491784  3.1822033 ],[8.29542  8.288518 8.279638 8.268606],[0.13232155 0.1530609  0.17608234 0.20110469],[8.297676 8.293371 8.288761 8.283954],[0.1321482  0.15266456 0.17479543 0.19807528]
DDK8,D,5e-08,12,True,False,TDD,vanilla,25,[0.0039874  0.00942007 0.01724377 0.02873386],[0.00254182 0.00730726 0.01483838 0.02518664],[1.1448857 2.6635504 4.8662105 8.17555  ],[0.729089  2.0216608 4.22527   7.503842 ],[8.278696 8.269922 8.258279 8.245046],[0.18745235 0.21243574 0.23882689 0.26567167],[8.282729 8.280233 8.277586 8.274747],[0.18684064 0.21076299 0.2355141  0.26066127]
DDK8,D,5e-08,15,True,False,TDD,vanilla,25,[0.00549626 0.0129954  0.02377568 0.03856555],[0.00422241 0.01159319 0.02609142 0.04007705],[ 1.5446106  3.6625025  6.7187324 11.05617  ],[ 1.0960025  3.0669515  7.0024037 11.254805 ],[8.264781 8.255203 8.242775 8.229739],[0.21010481 0.2296251  0.25016823 0.2708958 ],[8.270022 8.268729 8.268344 8.268918],[0.2086949  0.22577141 0.24269079 0.25992864]
DDK8,D,5e-08,18,True,False,TDD,vanilla,25,[0.00816526 0.02022428 0.03479908 0.05561136],[0.00564139 0.01645738 0.03046217 0.04500578],[ 2.3314118  5.6583967  9.634958  15.650649 ],[ 1.567326   4.288826   7.7694426 12.261804 ],[8.259973 8.235521 8.210285 8.1866  ],[0.23612425 0.26750782 0.30153453 0.331658  ],[8.267819  8.256482  8.2475815 8.242658 ],[0.2351493 0.2640463 0.2919402 0.3160511]
DDK8,D,5e-08,21,True,False,TDD,vanilla,25,[0.00908815 0.02300929 0.0427821  0.06734034],[0.00689618 0.02006828 0.03753373 0.05823396],[ 2.6591253  6.773998  12.683464  20.393135 ],[ 2.142394  5.976615 11.104593 18.319069],[8.268074 8.258012 8.245227 8.23159 ],[0.2527598  0.28685442 0.32604662 0.3648723 ],[8.27719   8.282884  8.2891655 8.295584 ],[0.25249338 0.2854534  0.32003936 0.35299757]
DDK8,D,5e-08,24,True,False,TDD,vanilla,25,[0.01004818 0.02524541 0.0434416  0.06856539],[0.00677459 0.01715153 0.0322891  0.05022765],[ 2.9244218  7.4007726 12.744271  20.264847 ],[ 1.9803989  5.2475533 10.154832  16.065594 ],[8.270016 8.247924 8.221232 8.188958],[0.2475052 0.276887  0.3085004 0.3405084],[8.280112  8.273623  8.264235  8.2512455],[0.24701582 0.27596948 0.30649292 0.3357034 ]
DDK8,D,5e-08,27,True,False,TDD,vanilla,25,[0.01238002 0.03027728 0.0524956  0.08408442],[0.00927194 0.02824488 0.05134224 0.08228197],[ 3.5713248  8.628809  15.002063  24.405529 ],[ 2.8434045  8.296608  14.311089  23.50808  ],[8.250483 8.233411 8.216901 8.197617],[0.29857418 0.31750405 0.34468368 0.37803623],[8.262777 8.265217 8.269065 8.273772],[0.2979555  0.3138878  0.33165452 0.3518799 ]
DDK8,D,5e-08,33,True,False,TDD,vanilla,25,[0.01784451 0.03918479 0.07022371 0.10541259],[0.01443394 0.03364741 0.05948196 0.07024707],[ 4.889953 10.669585 19.331322 30.373352],[ 3.3856602  8.530986  15.623743  21.66549  ],[8.217457  8.190167  8.162402  8.1496725],[0.31736365 0.3353127  0.3579641  0.35932446],[8.235228 8.229521 8.229554 8.238303],[0.31300098 0.32693157 0.3373971  0.34345612]
DDK8,D,5e-08,36,True,False,TDD,vanilla,25,[0.02074579 0.04913823 0.08542058 0.12612659],[0.01680316 0.04380138 0.07980096 0.10699179],[ 6.0436125 14.494929  25.324312  38.22442  ],[ 4.4517894 12.694944  22.268877  30.614698 ],[8.315714 8.291436 8.261685 8.226068],[0.2839272  0.3061998  0.33063075 0.36172363],[8.336734 8.337908 8.336387 8.332141],[0.27704263 0.29162735 0.30735877 0.3248851 ]
DDK8,D,5e-08,42,True,False,TDD,vanilla,25,[0.02825626 0.06373087 0.10932956 0.15971567],[0.02297149 0.04900977 0.08286393 0.10772004],[ 8.150004 18.515081 32.890106 49.70773 ],[ 6.256205 12.657954 23.431818 36.545357],[8.263923 8.262638 8.25346  8.222494],[0.3069336  0.32270116 0.3440712  0.373105  ],[8.291798 8.319096 8.342037 8.351114],[0.29859725 0.30620685 0.31966177 0.34217647]
DDK8,D,2e-07,3,True,False,TDD,vanilla,25,[0.00377742 0.00473053 0.0058051  0.00726391],[0.00221227 0.00265376 0.00342448 0.00420794],[1.1232517 1.4052893 1.7191902 2.1476164],[0.64337635 0.77356356 0.9945199  1.2156136 ],[8.300656 8.300601 8.300279 8.299671],[0.05546    0.06223499 0.0692656  0.07638182],[8.30472  8.305355 8.306001 8.306659],[0.05492547 0.06174164 0.06871933 0.07579485]
DDK8,D,2e-07,6,True,False,TDD,vanilla,25,[0.00415976 0.00591468 0.00816055 0.01110609],[0.00150279 0.0021911  0.00350721 0.00485513],[1.2345027 1.7531301 2.4094884 3.2724159],[0.431085   0.63045573 1.017606   1.4127284 ],[8.300558 8.298075 8.294636 8.290384],[0.08412898 0.09533866 0.10675541 0.11826452],[8.304998 8.30393  8.302717 8.301365],[0.08359402 0.0947236  0.10591125 0.1170879 ]
DDK8,D,2e-07,9,True,False,TDD,vanilla,25,[0.00502768 0.00802134 0.01180987 0.01644791],[0.00227746 0.00337027 0.00576702 0.00871569],[1.4795561 2.3677397 3.47991   4.8834276],[0.61840016 0.9320998  1.6314781  2.65995   ],[8.299602 8.297153 8.293554 8.288919],[0.12916055 0.14386505 0.1588949  0.17394054],[8.304958 8.305161 8.30541  8.30564 ],[0.12817776 0.14271183 0.15739685 0.17246187]
DDK8,D,2e-07,12,True,False,TDD,vanilla,25,[0.00602314 0.00996456 0.01418938 0.02042835],[0.00307051 0.00563613 0.0071155  0.01101312],[1.7964059 2.9580688 4.198719  6.070193 ],[0.90518147 1.6273237  2.0234032  3.2993114 ],[8.307064 8.302154 8.296628 8.290047],[0.14359012 0.16634566 0.18985286 0.2140196 ],[8.313007 8.312093 8.310837 8.309354],[0.14296053 0.16523613 0.1881396  0.2113783 ]
DDK8,D,2e-07,15,True,False,TDD,vanilla,25,[0.00821588 0.01472911 0.02279571 0.03480288],[0.00443127 0.0079244  0.0142359  0.02293237],[ 2.4380143  4.358266   6.730072  10.391908 ],[1.3756688 2.3834493 4.2586994 7.2606254],[8.285543 8.277227 8.267792 8.258097],[0.18752304 0.21010932 0.23270878 0.25529912],[8.293565  8.2920685 8.2905855 8.289156 ],[0.18703032 0.20940296 0.23131841 0.25235698]
DDK8,D,2e-07,18,True,False,TDD,vanilla,25,[0.00960199 0.01747227 0.02475348 0.03953681],[0.00562546 0.0102605  0.01614617 0.0248205 ],[ 2.7800744  5.0759106  7.252016  11.680551 ],[1.5178564 2.7202473 4.5449643 7.250087 ],[8.296597 8.293093 8.288397 8.280216],[0.22255924 0.24386896 0.2647378  0.28573066],[8.305725 8.309488 8.312395 8.314784],[0.22037174 0.2390583  0.25812885 0.27720353]
DDK8,D,2e-07,21,True,False,TDD,vanilla,25,[0.01105425 0.02030592 0.03333327 0.05065942],[0.00606332 0.01242501 0.023533   0.03432672],[ 3.1447852  5.8274555  9.615295  14.867645 ],[ 1.5370071  3.5433671  6.761515  10.6028185],[8.254138 8.24768  8.241014 8.235344],[0.24717693 0.26814917 0.28841758 0.30735567],[8.264703 8.267769 8.272947 8.279535],[0.24443386 0.26372743 0.2798239  0.2931526 ]
DDK8,D,2e-07,24,True,False,TDD,vanilla,25,[0.01246757 0.0242359  0.03994272 0.06219599],[0.00651949 0.01395805 0.02512137 0.04043704],[ 3.5691395  6.907698  11.464564  18.297699 ],[ 1.9010801  3.7530262  6.8367286 11.8677   ],[8.266096 8.260126 8.254112 8.246818],[0.24424273 0.26220286 0.28291103 0.3066137 ],[8.277871 8.283131 8.289918 8.296556],[0.24175097 0.25661522 0.27360883 0.29408902]
DDK8,D,2e-07,27,True,False,TDD,vanilla,25,[0.0140176  0.02728584 0.04744956 0.07394397],[0.00801691 0.01727848 0.0327543  0.05133465],[ 3.955075  7.789343 13.626165 21.637243],[ 2.0231628  4.6482406  9.364466  15.285793 ],[8.240305 8.227495 8.214807 8.20204 ],[0.2676784  0.29066548 0.32051197 0.3547397 ],[8.2537155 8.252774  8.254282  8.257275 ],[0.26518136 0.28589198 0.31270012 0.34290448]
DDK8,D,2e-07,33,True,False,TDD,vanilla,25,[0.0171433  0.03527785 0.06229234 0.09389424],[0.01060193 0.02800515 0.0486811  0.06512998],[ 5.005839 10.124129 18.255486 28.495861],[ 2.930057   7.0591397 13.859794  20.625504 ],[8.278557 8.265125 8.252599 8.245848],[0.29596996 0.30431965 0.31269693 0.328181  ],[8.294483 8.296839 8.303677 8.315007],[0.29260948 0.29500195 0.30127394 0.31653824]
DDK8,D,2e-07,36,True,False,TDD,vanilla,25,[0.01908535 0.04112343 0.07365592 0.10896973],[0.01153099 0.03394106 0.06257095 0.09087348],[ 5.3448877 11.156334  19.914557  29.757149 ],[ 3.0128179  8.006704  15.50998   23.306618 ],[8.236142 8.194281 8.152338 8.114798],[0.31159896 0.3437503  0.37432966 0.407475  ],[8.254462  8.231821  8.213254  8.2022705],[0.30821246 0.33105987 0.3529215  0.36922216]
DDK8,D,2e-07,42,True,False,TDD,vanilla,25,[0.02556171 0.05682479 0.10137703 0.15212363],[0.01506318 0.03575846 0.06392    0.0902255 ],[ 7.363637 16.566992 30.26098  46.405087],[ 4.0527897 10.8847065 23.004662  34.836994 ],[8.250713 8.220658 8.18462  8.156053],[0.3179302  0.33742678 0.3518228  0.36633208],[8.275828 8.271634 8.268322 8.26755 ],[0.31351313 0.32876962 0.3366903  0.34487548]
DDK8,D,4e-07,3,True,False,TDD,vanilla,25,[0.00719516 0.00855487 0.01014618 0.01237427],[0.00284734 0.00338798 0.00417882 0.00522636],[2.1103065 2.5030036 2.9566574 3.5951536],[0.8160579 0.9754996 1.1994514 1.490887 ],[8.286114 8.282392 8.278308 8.273829],[0.05462505 0.06260668 0.07077634 0.07909856],[8.293405 8.290766 8.28805  8.285257],[0.05372701 0.06171242 0.06978194 0.07790729]
DDK8,D,4e-07,6,True,False,TDD,vanilla,25,[0.00826124 0.01060956 0.01308061 0.01633746],[0.00385384 0.00457355 0.00562629 0.0068788 ],[2.431412  3.1255407 3.8522832 4.816908 ],[1.1145004 1.3201668 1.6213009 1.963795 ],[8.293987 8.293426 8.292558 8.291437],[0.09905196 0.11280395 0.12629582 0.13951457],[8.302427 8.303819 8.305447 8.30732 ],[0.09781612 0.11133109 0.12449647 0.1372722 ]
DDK8,D,4e-07,9,True,False,TDD,vanilla,25,[0.00979254 0.01293906 0.01674607 0.02066119],[0.00422888 0.00517622 0.00693271 0.00853579],[2.914955  3.8569486 5.000002  6.180245 ],[1.2447432 1.5155237 2.0207658 2.4420896],[8.300963 8.300999 8.300376 8.29954 ],[0.12418256 0.1429104  0.16154438 0.18011764],[8.310682 8.313534 8.316418 8.319339],[0.1229313  0.14134116 0.15957414 0.17754117]
DDK8,D,4e-07,12,True,False,TDD,vanilla,25,[0.01036499 0.01447779 0.01901982 0.0254632 ],[0.00471976 0.00689453 0.00945422 0.01409881],[3.0853968 4.3081717 5.6503105 7.6301312],[1.4053137 2.0229926 2.7453341 4.274885 ],[8.304458 8.301609 8.298328 8.294524],[0.15665711 0.17843904 0.20064409 0.22188015],[8.314311 8.315415 8.316559 8.31765 ],[0.15571669 0.17662454 0.19755578 0.21827404]
DDK8,D,4e-07,15,True,False,TDD,vanilla,25,[0.01354889 0.02066274 0.02740353 0.03731438],[0.00697102 0.01030149 0.01333452 0.01938881],[ 4.0633683  6.212251   8.265729  11.351013 ],[2.0182216 2.995707  4.006519  6.048848 ],[8.319128 8.317156 8.315227 8.312041],[0.17657728 0.19631651 0.21578924 0.23502341],[8.331775 8.336437 8.340626 8.344339],[0.17464425 0.1934692  0.21228619 0.23092636]
DDK8,D,4e-07,18,True,False,TDD,vanilla,25,[0.01385794 0.02104329 0.02907454 0.04254141],[0.00611735 0.00949932 0.01375103 0.02297456],[ 4.0634456  6.1506605  8.476654  12.448833 ],[1.7992011 2.7481577 4.0768147 6.96455  ],[8.273328 8.263593 8.254703 8.243642],[0.19114593 0.21148309 0.23544659 0.26177913],[8.286208 8.283078 8.280533 8.278921],[0.19004631 0.20961969 0.23211282 0.2563469 ]
DDK8,D,4e-07,21,True,False,TDD,vanilla,25,[0.01532319 0.02418412 0.03448846 0.05067063],[0.00660332 0.01005557 0.01639635 0.0244972 ],[ 4.525971   7.1756372 10.195133  15.036783 ],[1.9425884 3.0430105 4.849391  7.465966 ],[8.301624 8.291649 8.279154 8.264303],[0.20964937 0.24838793 0.29231822 0.33372676],[8.315765 8.314188 8.310797 8.306976],[0.20739509 0.2451768  0.28654093 0.3257228 ]
DDK8,D,4e-07,24,True,False,TDD,vanilla,25,[0.01666811 0.02686538 0.04018246 0.05902736],[0.00838123 0.014123   0.02334307 0.03504363],[ 4.8143206  7.767349  11.682717  17.368067 ],[ 2.3433247  3.7859128  6.572697  10.5624485],[8.2789   8.269755 8.257888 8.244621],[0.24386735 0.27076748 0.30269557 0.33532175],[8.2942295 8.294001  8.29249   8.29053  ],[0.24053971 0.2657455  0.29513124 0.32629207]
DDK8,D,4e-07,27,True,False,TDD,vanilla,25,[0.01774691 0.02805984 0.0429102  0.06480432],[0.0091676  0.01526675 0.02368748 0.03823732],[ 5.1202517  8.125268  12.636907  19.298948 ],[ 2.3752344  4.189378   7.5222716 12.180301 ],[8.268621  8.2624655 8.252483  8.237175 ],[0.24916796 0.26120377 0.27898163 0.3074621 ],[8.284804 8.288184 8.289756 8.287945],[0.24599674 0.25614992 0.27404147 0.30254942]
DDK8,D,4e-07,33,True,False,TDD,vanilla,25,[0.02132159 0.03696333 0.0615101  0.09284616],[0.01054152 0.02028064 0.04099282 0.06535093],[ 6.13659  10.721657 17.962734 27.740137],[ 2.953356  6.134084 12.460976 21.156298],[8.2636   8.252748 8.242039 8.235443],[0.2984667  0.31962803 0.34293538 0.35752687],[8.283479 8.285306 8.291762 8.302665],[0.29424185 0.31225926 0.32923257 0.3390499 ]
DDK8,D,4e-07,36,True,False,TDD,vanilla,25,[0.02389605 0.0437061  0.07551936 0.11237326],[0.01344664 0.03165367 0.06659499 0.10340351],[ 6.429298 11.892235 20.777859 32.028164],[ 3.0269086  7.6850314 16.84998   27.640293 ],[8.201607 8.194311 8.181165 8.16413 ],[0.3113756  0.33983004 0.37179965 0.41032356],[8.223469 8.229465 8.240253 8.252065],[0.30499366 0.32756943 0.34636486 0.3621993 ]
DDK8,D,4e-07,42,True,False,TDD,vanilla,25,[0.02509677 0.04757465 0.08285692 0.12787203],[0.01293632 0.02964527 0.05429418 0.08552367],[ 7.205477 13.622416 24.07379  37.677334],[ 3.227088  8.555484 17.940742 30.009693],[8.270487 8.237841 8.198621 8.164467],[0.266113   0.29267162 0.31263435 0.33137006],[8.293684 8.277752 8.263025 8.253034],[0.2600928  0.2811057  0.29591087 0.3149146 ]
