model,cm,ds,ms,is_gen,is_U2D,scenario,noise_type,noise_degree,nmse_mean,nmse_std,mse_mean,mse_std,se_mean,se_std,se0_mean,se0_std
DDK8,A,5e-08,3,True,False,TDD,vanilla,0,[0.05389645 0.09777676 0.166096   0.2351698 ],[0.03430519 0.07333725 0.13848999 0.18520865],[10.351862 21.252247 37.88286  54.271133],[ 5.458596 17.216557 34.948326 46.7819  ],[8.211435 8.205853 8.196491 8.182357],[0.36688522 0.38302863 0.4006928  0.42119542],[8.233838 8.237641 8.241822 8.246357],[0.36562672 0.3805851  0.39700893 0.4147793 ]
DDK8,A,5e-08,6,True,False,TDD,vanilla,0,[0.07937494 0.15625815 0.25061345 0.32801804],[0.04063971 0.09437935 0.16784427 0.22162925],[15.970102 33.96173  55.77947  74.56689 ],[ 7.329328 20.588202 37.69405  51.413116],[8.250267 8.228909 8.191914 8.146968],[0.4487593  0.49182218 0.54230744 0.5976436 ],[8.28204  8.2848   8.287399 8.290143],[0.44220755 0.47809482 0.5148415  0.55173457]
DDK8,A,5e-08,9,True,False,TDD,vanilla,0,[0.11361801 0.23347056 0.38899213 0.52720094],[0.09966452 0.18889822 0.42016163 0.67858124],[18.512148 42.833214 66.11618  86.66495 ],[ 7.401728 21.88529  33.53489  46.06421 ],[8.1904125 8.144193  8.077002  7.998254 ],[0.5611392 0.626386  0.7030043 0.791482 ],[8.232175 8.218963 8.206256 8.19461 ],[0.5494946  0.6048245  0.66238713 0.7200331 ]
DDK8,A,5e-08,12,True,False,TDD,vanilla,0,[0.11026575 0.25784183 0.44367123 0.5880373 ],[0.08349185 0.29390723 0.8335903  0.92707   ],[18.332466 41.466618 64.55313  95.5089  ],[ 7.182768 22.024721 39.576237 57.730183],[8.121153  8.069436  7.9967284 7.8942695],[0.58374506 0.6712342  0.780358   0.9016254 ],[8.1713705 8.169162  8.165635  8.1618185],[0.5680532  0.6353437  0.7046337  0.77285534]
DDK8,A,5e-08,15,True,False,TDD,vanilla,0,[0.12146772 0.27545264 0.41355923 0.6230414 ],[0.09492459 0.25944927 0.43974406 0.7645648 ],[ 21.679863  49.226883  75.290726 107.60625 ],[ 8.154214 24.301752 43.092384 78.50685 ],[8.167732  8.103377  8.02692   7.9037905],[0.74589866 0.8470734  0.96955574 1.1199318 ],[8.229278 8.228537 8.234898 8.246084],[0.716445   0.7802941  0.83712816 0.889672  ]
DDK8,A,5e-08,18,True,False,TDD,vanilla,0,[0.18317105 0.41027245 0.61305743 0.9631365 ],[0.18781514 0.5588598  0.74645436 1.7288364 ],[ 23.268915  51.04911   77.44578  118.47629 ],[ 8.290453 27.207138 48.520535 83.91161 ],[8.082948  8.001607  7.890017  7.7029967],[0.8729157 0.9752018 1.1066334 1.3111582],[8.165414 8.166351 8.164887 8.15692 ],[0.8150258 0.8670547 0.9366969 1.025056 ]
DDK8,A,5e-08,21,True,False,TDD,vanilla,0,[0.1647697  0.31684422 0.5315347  0.75378156],[0.12971926 0.2860109  0.54221845 0.6988943 ],[ 24.47087  50.07523  79.36043 125.84502],[ 8.842159 25.165796 43.922813 70.85821 ],[8.009066  7.9045978 7.7444    7.5259705],[0.95154357 1.0382788  1.1557211  1.306443  ],[8.097888  8.0776415 8.057297  8.0439825],[0.8918794  0.9238005  0.95249516 0.97904676]
DDK8,A,5e-08,24,True,False,TDD,vanilla,0,[0.1729619  0.39427605 0.7566225  0.7545136 ],[0.19868946 0.8348213  1.8190653  0.8337927 ],[ 26.112293  52.210884  90.52127  137.03416 ],[10.327402 34.035725 64.304924 95.421745],[8.160606  8.053161  7.8420734 7.5057287],[0.8240531  0.93535274 1.1421492  1.4815693 ],[8.248478 8.227171 8.202078 8.1868  ],[0.7698817  0.82811874 0.88698286 0.9156224 ]
DDK8,A,5e-08,27,True,False,TDD,vanilla,0,[0.19256397 0.41777956 0.7423646  1.1439679 ],[0.16696253 0.47991744 1.0788094  2.0595722 ],[ 27.24069  61.58915 101.72516 155.852  ],[ 11.06228   38.241283  69.72564  121.361176],[7.9739614 7.8560767 7.6383486 7.308344 ],[0.8685661  0.96498436 1.1348002  1.4123787 ],[8.073305 8.057036 8.035699 8.017298],[0.81447893 0.87702554 0.95565355 1.0139018 ]
DDK8,A,5e-08,33,True,False,TDD,vanilla,0,[0.26318038 0.49465334 0.77559525 0.86803836],[0.33175397 0.79159313 1.0318915  0.6182585 ],[ 33.77605   68.172066 122.25841  189.76257 ],[ 16.76783  46.9788   90.45457 153.1491 ],[8.05403   7.8913503 7.600525  7.190055 ],[1.0410479 1.2726239 1.380427  1.48453  ],[8.180847  8.193614  8.203002  8.1704445],[0.9456215  0.95782167 0.92753166 0.9645922 ]
DDK8,A,5e-08,36,True,False,TDD,vanilla,0,[0.27326685 0.56810534 0.9511892  1.1113182 ],[0.2938297  0.6182087  1.1112313  0.92049587],[ 35.312344  76.54305  143.09769  224.8107  ],[ 17.079891  56.09974  116.910645 181.41365 ],[7.944602  7.7532697 7.340227  6.851796 ],[0.9382232 1.0819229 1.4557967 1.6146339],[8.093336 8.087319 8.075918 8.088953],[0.84122604 0.8823591  0.96047276 0.99210644]
DDK8,A,5e-08,42,True,False,TDD,vanilla,0,[0.34189206 0.67927766 0.9213791  1.3045906 ],[0.32507315 0.7312387  0.78309405 1.3461833 ],[ 37.73204   89.477264 153.48474  221.75726 ],[ 26.119366  60.568882 108.376236 161.71216 ],[7.6319103 7.357004  6.9482894 6.387721 ],[1.1747978 1.417674  1.6624976 1.6814734],[7.833758 7.885902 7.919857 7.917343],[1.0413706 1.023846  1.0217247 1.0423343]
DDK8,A,2e-07,3,True,False,TDD,vanilla,0,[0.05706855 0.09866595 0.16007493 0.22091798],[0.02730864 0.06161778 0.11471181 0.14550786],[11.808498 21.935009 37.201824 52.225185],[ 5.1928988 15.650316  31.06322   39.9811   ],[8.091162 8.082429 8.068473 8.048083],[0.6355425  0.6414556  0.6502089  0.66168183],[8.130689 8.134304 8.138219 8.142409],[0.6257091 0.6282687 0.6312905 0.6347323]
DDK8,A,2e-07,6,True,False,TDD,vanilla,0,[0.07160395 0.13453554 0.21910526 0.28548315],[0.03915266 0.09137364 0.1645454  0.19634269],[16.386673 32.94225  56.300205 75.19679 ],[ 8.707323 24.465004 48.385777 60.941257],[8.229347 8.211359 8.178222 8.14073 ],[0.614576  0.6402175 0.6799486 0.7212368],[8.274826 8.279523 8.284403 8.289545],[0.6015826  0.61828643 0.63822275 0.6610321 ]
DDK8,A,2e-07,9,True,False,TDD,vanilla,0,[0.08584274 0.16833134 0.2601136  0.33564392],[0.04487444 0.09659453 0.15336889 0.18269956],[18.467985 39.488743 62.99196  83.358406],[ 7.967935 23.552431 39.780502 52.82592 ],[8.156515 8.136414 8.091231 8.039127],[0.6929432  0.72510827 0.7785048  0.8415984 ],[8.212872 8.222125 8.22945  8.234579],[0.6716166  0.6904289  0.7124399  0.73767006]
DDK8,A,2e-07,12,True,False,TDD,vanilla,0,[0.11645725 0.22393145 0.32825184 0.4302069 ],[0.07079266 0.1285049  0.21165787 0.27597344],[21.386534 44.89947  66.98218  90.029785],[ 7.817932 23.684862 43.130928 57.440525],[8.035484  7.963526  7.8704906 7.752457 ],[0.76960385 0.8333926  0.90777117 1.0125113 ],[8.118894 8.099322 8.080267 8.061373],[0.72288525 0.7593847  0.79724795 0.8372211 ]
DDK8,A,2e-07,15,True,False,TDD,vanilla,0,[0.12880576 0.25269955 0.36828434 0.4921628 ],[0.08245929 0.16659105 0.27000368 0.33316353],[21.11845  45.03128  65.972115 95.14819 ],[ 7.3351936 22.478916  39.327736  65.92587  ],[7.864761  7.7834773 7.6872334 7.5519543],[0.85948646 0.9523323  1.0639552  1.1880336 ],[7.960368 7.953955 7.952423 7.9545  ],[0.8137213 0.856927  0.8997762 0.942242 ]
DDK8,A,2e-07,18,True,False,TDD,vanilla,0,[0.12149657 0.2368454  0.35715285 0.51979196],[0.05930158 0.13098292 0.24833438 0.4342062 ],[23.961302 48.586636 69.69445  99.89401 ],[ 8.238539 22.6583   38.965458 60.13157 ],[8.030441  7.941129  7.819096  7.6362658],[0.85205406 0.9335251  1.0365947  1.1864302 ],[8.126295 8.107923 8.089695 8.074124],[0.8090824  0.8441579  0.88169974 0.92264533]
DDK8,A,2e-07,21,True,False,TDD,vanilla,0,[0.15190072 0.26450682 0.40438023 0.6008109 ],[0.10039233 0.17155515 0.28352478 0.44976673],[ 26.850405  50.26657   76.3477   116.177246],[ 8.156571 24.204414 40.40543  59.825153],[7.989218  7.9085407 7.7839966 7.5857635],[0.91770285 0.9946282  1.0902324  1.2273438 ],[8.111541 8.108097 8.098149 8.079145],[0.84507656 0.87269056 0.9155379  0.9743686 ]
DDK8,A,2e-07,24,True,False,TDD,vanilla,0,[0.16314678 0.2900712  0.45727357 0.6555741 ],[0.13555115 0.27062395 0.49793974 0.67135733],[ 28.105146  49.76287   80.626945 127.786575],[ 9.811759 26.681751 41.259384 74.05981 ],[7.972756  7.855153  7.677198  7.4420233],[0.9046518 1.056112  1.2275567 1.4038903],[8.102798 8.079458 8.073869 8.082761],[0.8285165 0.893055  0.9226012 0.9377865]
DDK8,A,2e-07,27,True,False,TDD,vanilla,0,[0.15045753 0.28168324 0.47311345 0.69953835],[0.09999733 0.2250287  0.4039771  0.6286096 ],[ 27.305588  53.659534  89.809456 138.77618 ],[ 10.29887   34.6819    73.2334   121.896835],[7.98315   7.8612022 7.637884  7.336733 ],[0.8627311 0.9713247 1.1430969 1.3374585],[8.11104  8.084653 8.048851 8.015041],[0.78864    0.83198315 0.884727   0.9329143 ]
DDK8,A,2e-07,33,True,False,TDD,vanilla,0,[0.17478664 0.3599588  0.59434533 0.8131089 ],[0.13550167 0.27923593 0.45031926 0.5850115 ],[ 32.15406  70.19951 124.97519 179.15997],[ 12.250814  45.646545  92.58577  140.71904 ],[8.072334  7.9297624 7.6356077 7.2184224],[0.9009795 1.021197  1.202874  1.485061 ],[8.216682  8.2085085 8.163704  8.084707 ],[0.8136454 0.8615523 0.9495743 1.0525955]
DDK8,A,2e-07,36,True,False,TDD,vanilla,0,[0.19970042 0.40611103 0.7426539  0.9900965 ],[0.1442355  0.35407436 0.84362257 0.7909472 ],[ 34.34609  70.4298  132.0462  215.8468 ],[ 15.170887  43.854378  89.31998  160.0191  ],[7.9034777 7.7156773 7.351622  7.046856 ],[0.9392804 1.0716847 1.3977545 1.3427621],[8.077505 8.06925  8.089985 8.128924],[0.82759804 0.8323908  0.8334932  0.87066954]
DDK8,A,2e-07,42,True,False,TDD,vanilla,0,[0.2350616  0.5241105  0.79437274 1.0396978 ],[0.18877466 0.6857971  0.5815314  0.6562588 ],[ 36.3196   76.37867 141.68408 209.5732 ],[ 18.86831  50.08864 122.77651 166.65292],[7.722896 7.426003 7.01481  6.607975],[1.0785112 1.3328422 1.4839078 1.5840906],[7.927911  7.910005  7.917583  7.9121513],[0.96075475 0.9710648  0.9386558  0.9704687 ]
DDK8,A,4e-07,3,True,False,TDD,vanilla,0,[0.06072581 0.10388938 0.17090641 0.22967488],[0.0244918  0.05887291 0.11613279 0.1361538 ],[15.681248 27.98664  47.170284 64.05242 ],[ 6.200264 16.797758 34.198334 41.20954 ],[8.085221  8.070835  8.052274  8.0245285],[0.3447904  0.35523266 0.3671978  0.3811837 ],[8.140506 8.137633 8.134504 8.131127],[0.34248444 0.35056454 0.35972664 0.36985973]
DDK8,A,4e-07,6,True,False,TDD,vanilla,0,[0.08101068 0.14420351 0.21962114 0.28225556],[0.03048422 0.07032599 0.1223297  0.14545794],[20.154903 37.47694  58.117    75.73593 ],[ 7.422094 19.011599 34.250313 43.41211 ],[8.108847 8.085862 8.048254 8.002556],[0.39603364 0.43011665 0.47112125 0.5188202 ],[8.176272 8.178738 8.180604 8.181811],[0.39123917 0.4205529  0.45303023 0.4878832 ]
DDK8,A,4e-07,9,True,False,TDD,vanilla,0,[0.09720655 0.17890447 0.27414823 0.34694436],[0.04162939 0.08349525 0.13332063 0.15501583],[23.616457 45.92976  71.793396 92.96258 ],[ 7.6355667 20.87221   37.203102  47.683517 ],[8.102684 8.067054 8.009617 7.955183],[0.49704275 0.55231863 0.6248434  0.67435217],[8.184002 8.182483 8.180069 8.177103],[0.4719663  0.5057804  0.54053843 0.5759417 ]
DDK8,A,4e-07,12,True,False,TDD,vanilla,0,[0.1121433  0.20619193 0.2967953  0.39205647],[0.05428881 0.08780458 0.1575415  0.21301998],[ 26.427805  51.845436  74.39858  102.91921 ],[ 7.650018 20.721914 35.16722  50.947502],[8.053699  8.000677  7.9354873 7.852533 ],[0.60542107 0.6749712  0.7494955  0.8243086 ],[8.15235  8.154115 8.15547  8.156445],[0.5726108  0.6156969  0.65478444 0.68982166]
DDK8,A,4e-07,15,True,False,TDD,vanilla,0,[0.12669097 0.23304325 0.336695   0.44551265],[0.06561615 0.12225872 0.21524402 0.27153102],[ 27.062088  52.556538  76.230446 106.03391 ],[ 8.031073 21.429787 32.4858   52.972073],[7.955906  7.90293   7.8342476 7.726092 ],[0.60942227 0.6676573  0.74680847 0.8406071 ],[8.066401 8.071935 8.077987 8.082911],[0.5711157  0.6151953  0.66565377 0.7195561 ]
DDK8,A,4e-07,18,True,False,TDD,vanilla,0,[0.13841704 0.24767555 0.35123885 0.47607216],[0.06824784 0.11569141 0.17798492 0.23045056],[ 29.885143  59.12638   89.29967  132.5027  ],[ 7.3950086 23.456144  47.967808  79.35275  ],[7.9621387 7.917298  7.8499403 7.730309 ],[0.6671247  0.7492913  0.84887    0.97614413],[8.09442  8.127554 8.160606 8.190095],[0.6232103  0.6795312  0.74975705 0.8271956 ]
DDK8,A,4e-07,21,True,False,TDD,vanilla,0,[0.15605801 0.26160717 0.37331215 0.50643706],[0.08899854 0.1529561  0.23210572 0.24700627],[ 31.64902   58.111034  89.10655  137.1292  ],[ 8.033647 25.25113  54.13614  92.50838 ],[7.863832  7.8082256 7.699533  7.5165796],[0.7470906  0.84604585 0.9758576  1.1200924 ],[8.028134 8.068816 8.101429 8.12289 ],[0.67326814 0.7159541  0.7663214  0.81699765]
DDK8,A,4e-07,24,True,False,TDD,vanilla,0,[0.17360638 0.2829763  0.44657534 0.62442315],[0.10342969 0.14579354 0.24349174 0.31332067],[ 31.168472  53.82465   84.10933  126.31445 ],[ 8.869192 24.032705 43.281628 76.06251 ],[7.7528944 7.621035  7.4037404 7.123588 ],[0.82848877 0.93805915 1.1190641  1.3038999 ],[7.927203  7.8822603 7.847619  7.832544 ],[0.74526685 0.8172085  0.8804765  0.9221472 ]
DDK8,A,4e-07,27,True,False,TDD,vanilla,0,[0.18353409 0.3207515  0.50388956 0.70417666],[0.1381524  0.2352433  0.38111126 0.58208597],[ 34.641144  64.31202  107.585335 163.57037 ],[  9.434556  29.80958   65.86913  113.209236],[7.7996416 7.6669536 7.445153  7.1903744],[0.8024856 0.9189646 1.0944585 1.2261567],[7.9919696 7.989279  7.998762  8.014314 ],[0.70994437 0.749423   0.7883426  0.81563747]
DDK8,A,4e-07,33,True,False,TDD,vanilla,0,[0.20609602 0.40724075 0.65099305 0.795213  ],[0.13785206 0.28417167 0.4568872  0.4489827 ],[ 36.85331   73.911896 127.04729  191.20584 ],[  9.89     39.0243   72.89927 125.50749],[7.7863293 7.5693517 7.2087407 6.7976623],[0.8070554 0.9956138 1.2596766 1.4712756],[7.995203  7.9802413 7.973531  7.9859047],[0.70891154 0.7746805  0.8564755  0.92781574]
DDK8,A,4e-07,36,True,False,TDD,vanilla,0,[0.19573744 0.33964527 0.55196065 0.77233064],[0.11699738 0.21451597 0.3396117  0.4740632 ],[ 41.211403  74.561005 125.14676  179.50195 ],[ 14.284019  37.56375   73.06067  105.972305],[7.896277  7.7307153 7.3684764 6.8640904],[0.9467222 1.0250448 1.2064494 1.4518147],[8.108352 8.090845 8.035079 7.95603 ],[0.8385771  0.8493455  0.87210375 0.9073687 ]
DDK8,A,4e-07,42,True,False,TDD,vanilla,0,[0.25923726 0.46517888 0.69312114 0.91440636],[0.16033988 0.26585245 0.36533517 0.4467616 ],[ 45.571644 101.01296  176.81375  257.68173 ],[ 14.728337  60.426266 126.86363  170.92899 ],[7.6494474 7.473532  7.1317286 6.641119 ],[0.94332284 1.0788889  1.2237084  1.5050511 ],[7.9211125 8.026638  8.094642  8.118456 ],[0.81548744 0.8076006  0.8508136  0.89531356]
DDK8,C,5e-08,3,True,False,TDD,vanilla,0,[0.06743437 0.12567644 0.2131509  0.29799676],[0.0328108  0.0808932  0.15280488 0.19667935],[12.85577  26.011745 46.04191  65.20172 ],[ 5.284715 17.329117 35.5489   47.246395],[8.293876 8.276353 8.249893 8.212556],[0.20153177 0.21512501 0.23291317 0.25795245],[8.326575 8.326315 8.326018 8.325577],[0.19877578 0.20899162 0.22026956 0.2324996 ]
DDK8,C,5e-08,6,True,False,TDD,vanilla,0,[0.09743455 0.20097819 0.33966678 0.44497073],[0.04441364 0.1319018  0.27343214 0.30465424],[16.985838 36.36023  60.28707  81.6106  ],[ 5.685213 16.819412 32.24846  45.35789 ],[8.181665 8.130277 8.050117 7.953855],[0.3075004  0.3390334  0.38512972 0.4389686 ],[8.230418 8.22319  8.218066 8.215206],[0.29918042 0.32049295 0.3425427  0.3658508 ]
DDK8,C,5e-08,9,True,False,TDD,vanilla,0,[0.12177293 0.2930821  0.454151   0.6006222 ],[0.05743665 0.21250178 0.3330765  0.3596087 ],[ 20.986992  49.955765  84.38157  119.06142 ],[ 6.0899353 19.835627  37.281773  56.337826 ],[8.194188 8.126033 8.006486 7.837561],[0.40807456 0.4577424  0.5221394  0.6121577 ],[8.254384 8.254124 8.254158 8.25498 ],[0.39488202 0.43240994 0.46764877 0.49863467]
DDK8,C,5e-08,12,True,False,TDD,vanilla,0,[0.12605618 0.28437883 0.47432277 0.66457635],[0.07563329 0.16803055 0.26820317 0.33436322],[ 22.362076  52.70122   91.33814  136.60992 ],[ 6.6218667 21.585966  47.67563   74.97117  ],[8.217868 8.106168 7.911865 7.613325],[0.4270966  0.50260556 0.63484854 0.833919  ],[8.288876  8.277489  8.269999  8.2660885],[0.40042427 0.41886386 0.44892526 0.4908567 ]
DDK8,C,5e-08,15,True,False,TDD,vanilla,0,[0.14424032 0.3265538  0.57698303 0.72351664],[0.06906876 0.175849   0.38879544 0.41821703],[ 24.735247  61.26771  107.97268  158.14394 ],[ 8.532615 30.568256 58.61686  89.58305 ],[8.205001  8.089573  7.8576565 7.5506935],[0.4199127  0.49611935 0.71437234 1.0443598 ],[8.284434 8.291013 8.302465 8.324361],[0.4031638  0.44232005 0.4866336  0.5346952 ]
DDK8,C,5e-08,18,True,False,TDD,vanilla,0,[0.19906971 0.44951218 0.71202624 0.86916643],[0.14488655 0.2834364  0.4421045  0.4385868 ],[ 30.107346  83.23019  137.13797  183.94296 ],[ 13.147312  49.482513  83.60092  106.78248 ],[8.073325  7.810266  7.3738265 6.8624196],[0.58928174 0.78863317 1.1242374  1.3302065 ],[8.200162 8.199213 8.199512 8.190836],[0.5350562  0.57275265 0.58666337 0.60950494]
DDK8,C,5e-08,21,True,False,TDD,vanilla,0,[0.20703737 0.4653388  0.7064892  0.9027859 ],[0.12256251 0.27826494 0.3830228  0.42818502],[ 35.232998  92.81723  147.25214  204.16846 ],[ 15.299454  60.21766   95.71405  118.34843 ],[8.132441  7.810188  7.3620543 6.823813 ],[0.5480453 0.8326173 1.2215896 1.6012603],[8.273708 8.270968 8.278294 8.289778],[0.4893335 0.5536807 0.6028044 0.6329883]
DDK8,C,5e-08,24,True,False,TDD,vanilla,0,[0.2501377  0.52815783 0.7180359  0.8511421 ],[0.17954633 0.3414693  0.36727726 0.3537268 ],[ 41.224247 102.743645 155.9828   207.36972 ],[ 22.37929  66.0326   93.44464 122.90744],[8.055273  7.627257  7.2051024 6.64743  ],[0.63668054 1.0436662  1.2579682  1.6071876 ],[8.232507 8.229933 8.229175 8.226252],[0.56549513 0.60039735 0.6194327  0.6659933 ]
DDK8,C,5e-08,27,True,False,TDD,vanilla,0,[0.28952977 0.5672187  0.8195269  0.9497925 ],[0.21477488 0.37552583 0.5858333  0.51507854],[ 45.810463 111.47898  164.14595  211.12502 ],[ 25.58849  78.63142  99.37485 107.00893],[7.9345293 7.4196563 6.964508  6.528201 ],[0.72036785 1.2388959  1.3590664  1.5268377 ],[8.173424 8.189116 8.193333 8.201783],[0.5681614  0.57618004 0.5760544  0.6105042 ]
DDK8,C,5e-08,33,True,False,TDD,vanilla,0,[0.41807696 0.7420066  1.0385704  1.185579  ],[0.41231176 0.5086754  0.737301   0.72126925],[ 66.75824 141.87947 211.97223 256.98245],[ 57.849247  87.50296  133.95378  138.9502  ],[7.8363104 7.140106  6.68085   6.1816254],[0.6951772 1.3438643 1.3422445 1.635417 ],[8.163975 8.166744 8.197453 8.228497],[0.55520767 0.59197205 0.6344895  0.69245917]
DDK8,C,5e-08,36,True,False,TDD,vanilla,0,[0.608224   0.94817615 1.292932   1.22982   ],[0.5578378  0.58260006 0.9437975  0.86252546],[100.04648 183.9666  257.07382 281.26218],[107.28354 111.65211 159.85103 145.59595],[7.684526  6.8964214 6.132473  5.9480243],[0.89028215 1.3262669  1.596588   1.5779198 ],[8.201372 8.212413 8.186459 8.202197],[0.5879251 0.6015146 0.5885965 0.6164567]
DDK8,C,5e-08,42,True,False,TDD,vanilla,0,[0.95746017 1.0053818  1.2034761  1.196311  ],[1.6347663  0.86765116 0.72094166 0.5426866 ],[142.08939 179.21681 230.3286  273.59497],[195.95229 115.70387 131.77818 163.76834],[7.2979326 6.734683  6.1588507 5.545159 ],[1.2081779 1.3935184 1.5404987 1.6575235],[8.154698 8.128567 8.085518 8.078484],[0.6038881  0.6198292  0.71537834 0.8178851 ]
DDK8,C,2e-07,3,True,False,TDD,vanilla,0,[0.05349295 0.09686862 0.16483077 0.2292612 ],[0.01950434 0.05422556 0.1088286  0.13661882],[13.163884 24.781488 43.284657 61.04053 ],[ 4.6145563 14.473157  29.9772    38.478123 ],[8.228596 8.209165 8.179604 8.139122],[0.16749905 0.18233183 0.20244569 0.22656092],[8.269406 8.268143 8.26673  8.265156],[0.16525045 0.17695566 0.18965855 0.20317249]
DDK8,C,2e-07,6,True,False,TDD,vanilla,0,[0.0767841  0.15332878 0.2541366  0.34163243],[0.02467939 0.06253079 0.12109739 0.15882309],[19.277952 39.89279  67.06986  91.243744],[ 5.8842754 16.75488   32.76752   44.46336  ],[8.226243  8.1673155 8.06943   7.9496737],[0.2485393  0.28584507 0.3451007  0.42974082],[8.289013 8.28343  8.278104 8.273454],[0.23840481 0.2612574  0.2851649  0.3086477 ]
DDK8,C,2e-07,9,True,False,TDD,vanilla,0,[0.09350922 0.19982877 0.32312602 0.43859437],[0.0291166  0.07278376 0.13350877 0.18051815],[ 22.465427  49.568832  80.6911   112.47719 ],[ 5.3318286 16.01394   28.679289  44.22236  ],[8.190643 8.12541  8.011953 7.860871],[0.3179052  0.37876382 0.46969974 0.58194745],[8.265249 8.267987 8.272074 8.276913],[0.30145794 0.33881113 0.3764504  0.4147206 ]
DDK8,C,2e-07,12,True,False,TDD,vanilla,0,[0.10173054 0.22458367 0.36217535 0.5052637 ],[0.033441   0.09137069 0.17794698 0.23403685],[ 24.784311  56.918068  91.150955 133.39828 ],[ 7.007266 22.184574 40.31012  64.719696],[8.188164  8.084699  7.910288  7.6681623],[0.36694214 0.44946957 0.5814126  0.7778847 ],[8.275466 8.271283 8.26691  8.262678],[0.34935436 0.39719546 0.44388452 0.48593506]
DDK8,C,2e-07,15,True,False,TDD,vanilla,0,[0.12178745 0.28155193 0.45210263 0.6213742 ],[0.04428006 0.12912495 0.22330233 0.28862768],[ 28.401924  69.44849  115.20401  165.25719 ],[ 8.514882 30.075268 56.264435 80.76184 ],[8.092488  7.9205    7.6244073 7.2258143],[0.48054662 0.5819553  0.8013209  1.1150476 ],[8.207965 8.210038 8.215867 8.224112],[0.45113933 0.4856871  0.5191998  0.54643935]
DDK8,C,2e-07,18,True,False,TDD,vanilla,0,[0.13027887 0.29062647 0.4518171  0.61320686],[0.06231425 0.14664292 0.22784689 0.26267242],[ 30.493576  75.42161  125.33472  180.63055 ],[ 11.316863  43.86903   89.214355 127.80732 ],[8.129902  7.9471216 7.620582  7.2345686],[0.5377039 0.6518521 0.859254  1.0879056],[8.257838 8.261139 8.260707 8.264115],[0.49564663 0.5484521  0.60611343 0.6623807 ]
DDK8,C,2e-07,21,True,False,TDD,vanilla,0,[0.14872213 0.33033994 0.5004596  0.66637236],[0.06927335 0.19175318 0.25395295 0.25382268],[ 36.637436  89.11991  142.41533  199.78001 ],[ 17.655872  60.25143   95.66854  114.45379 ],[8.0805435 7.8276014 7.4268055 6.9863324],[0.5263291 0.7509905 1.0634562 1.312482 ],[8.236614 8.255446 8.269096 8.275333],[0.48349896 0.5265164  0.5651753  0.60599506]
DDK8,C,2e-07,24,True,False,TDD,vanilla,0,[0.18717024 0.42399356 0.64112973 0.8125709 ],[0.09233208 0.18720841 0.26369944 0.2613298 ],[ 42.216164 107.56825  168.68553  222.35107 ],[ 22.632677  65.624626 100.92164  120.21784 ],[7.9284997 7.5610723 7.052187  6.4710646],[0.64873326 0.83968204 1.1118313  1.4118334 ],[8.131182 8.132619 8.148181 8.162027],[0.5804273  0.61564034 0.6213094  0.64173055]
DDK8,C,2e-07,27,True,False,TDD,vanilla,0,[0.19252686 0.42791107 0.6433681  0.78982735],[0.08599819 0.2015091  0.3001276  0.31558275],[ 44.542866 105.93017  160.04355  203.3718  ],[19.480255 58.031097 82.4145   98.11117 ],[7.950412  7.567341  7.0504394 6.4720097],[0.61734563 0.82299304 1.152182   1.4595846 ],[8.16426  8.148859 8.14116  8.125651],[0.5455145  0.57448643 0.5996173  0.65095395]
DDK8,C,2e-07,33,True,False,TDD,vanilla,0,[0.2894679  0.558545   0.76493895 0.87208664],[0.20667599 0.35234085 0.41675282 0.30579582],[ 62.799393 128.22281  189.01634  228.7147  ],[ 38.905376  77.868164 109.04832  109.877365],[7.78752   7.2249756 6.7195787 6.406973 ],[0.7993044 1.1772236 1.35652   1.2802016],[8.134128 8.123875 8.132454 8.157437],[0.62713987 0.62046474 0.62091714 0.6189508 ]
DDK8,C,2e-07,36,True,False,TDD,vanilla,0,[0.27523208 0.5378893  0.75079614 0.8508644 ],[0.23656157 0.34535006 0.4796537  0.34128737],[ 64.84891 136.696   192.96315 232.22902],[ 49.325005  93.12518  108.73375  110.35284 ],[7.8914165 7.347497  6.859042  6.4087925],[0.7297963 1.1742299 1.370218  1.4784294],[8.223166 8.203659 8.193959 8.197771],[0.5721486  0.62228054 0.6435787  0.6443599 ]
DDK8,C,2e-07,42,True,False,TDD,vanilla,0,[0.5185685  0.66479576 0.96746683 1.0551788 ],[0.93254346 0.3673104  0.78622025 0.515216  ],[130.0912  167.58676 245.70042 280.55286],[352.56805  96.66703 162.55647 135.75566],[7.5881157 7.1263947 6.562175  5.997715 ],[1.141122  1.2133557 1.401273  1.4548323],[8.202137 8.208331 8.213117 8.186108],[0.62006235 0.64596266 0.66607225 0.7035478 ]
DDK8,C,4e-07,3,True,False,TDD,vanilla,0,[0.06019992 0.10096585 0.16385058 0.2241316 ],[0.02043412 0.05240161 0.10822143 0.12954284],[16.183107 28.042217 46.256847 64.0475  ],[ 5.864273 16.12547  32.561695 39.58206 ],[8.261718 8.24597  8.220399 8.185278],[0.18571125 0.20168526 0.2215818  0.2450099 ],[8.31983  8.321709 8.323363 8.324781],[0.1824369  0.19586535 0.21045375 0.22601187]
DDK8,C,4e-07,6,True,False,TDD,vanilla,0,[0.08384375 0.15338771 0.2405183  0.31536657],[0.0273045  0.06516628 0.11865377 0.14312726],[21.661528 40.95866  65.35916  86.58809 ],[ 7.5211196 18.967205  35.530624  44.375538 ],[8.176033  8.129017  8.0555935 7.9791026],[0.2742093  0.30540994 0.34825945 0.39193773],[8.259438 8.260148 8.261916 8.265042],[0.26467186 0.2839932  0.30338576 0.3230583 ]
DDK8,C,4e-07,9,True,False,TDD,vanilla,0,[0.10273395 0.1949529  0.3047659  0.40957215],[0.03366275 0.07169657 0.12595204 0.15985845],[ 25.644485  50.715466  80.3952   109.58685 ],[ 7.0005426 18.89064   35.433964  50.031326 ],[8.200036 8.126546 8.01419  7.877817],[0.3603005  0.42188776 0.4991471  0.58901525],[8.299542  8.2919655 8.284302  8.276176 ],[0.3363756  0.3739166  0.41209707 0.44999707]
DDK8,C,4e-07,12,True,False,TDD,vanilla,0,[0.1149421  0.22472505 0.3504969  0.48594353],[0.03179198 0.06963792 0.12444348 0.16484997],[ 28.97235   58.69516   92.342255 130.30342 ],[ 7.326243 19.36551  35.55226  53.42995 ],[8.134274 8.035037 7.872986 7.653377],[0.38793755 0.44723663 0.53634554 0.6572366 ],[8.254019 8.249561 8.239468 8.22615 ],[0.36668321 0.40296978 0.44160876 0.48203832]
DDK8,C,4e-07,15,True,False,TDD,vanilla,0,[0.12603219 0.25337481 0.39232823 0.53955394],[0.03563274 0.08258762 0.14463426 0.19792397],[ 32.53883   68.766975 110.56861  158.5764  ],[ 7.253801 23.370184 47.617332 76.91629 ],[8.157989 8.032393 7.838017 7.546875],[0.39658263 0.47911194 0.60340655 0.82220745],[8.300738 8.310435 8.318503 8.321449],[0.36233523 0.4033232  0.448278   0.4995451 ]
DDK8,C,4e-07,18,True,False,TDD,vanilla,0,[0.14516586 0.29370904 0.44309407 0.5898509 ],[0.05653919 0.13304907 0.20352928 0.2250715 ],[ 35.739216  76.65589  122.60777  175.27267 ],[ 9.921004 30.439804 59.757557 91.81087 ],[8.0768795 7.8967896 7.618884  7.2712264],[0.56631315 0.7247197  0.9777192  1.2156473 ],[8.245845 8.256775 8.268593 8.282536],[0.5129303  0.5608195  0.60647964 0.64250934]
DDK8,C,4e-07,21,True,False,TDD,vanilla,0,[0.17741396 0.34684423 0.52474135 0.692775  ],[0.06946766 0.14738798 0.20682858 0.21014181],[ 42.012573  89.70165  143.35922  204.98703 ],[12.112848 39.945454 66.42105  91.56314 ],[7.9990625 7.7816257 7.4228706 6.9873   ],[0.5561058  0.69219154 0.9260313  1.1562042 ],[8.208268 8.233376 8.263854 8.301309],[0.48909435 0.49843127 0.5081799  0.52443814]
DDK8,C,4e-07,24,True,False,TDD,vanilla,0,[0.18591623 0.37279665 0.5574508  0.71457183],[0.08278885 0.19926722 0.25663096 0.25913388],[ 44.295395  95.80508  146.6437   197.20262 ],[16.410196 56.84396  79.54043  97.61217 ],[8.004848  7.7127604 7.2896423 6.8329396],[0.5632632  0.7213392  0.98373765 1.2483603 ],[8.224326 8.216809 8.205311 8.196901],[0.5019927  0.53854054 0.5763094  0.6127203 ]
DDK8,C,4e-07,27,True,False,TDD,vanilla,0,[0.19971961 0.38986155 0.5748359  0.7325117 ],[0.0818193  0.17814642 0.2239449  0.22939396],[ 49.70318 102.78899 154.67377 205.15948],[ 24.94294  66.3232   85.68033 103.81215],[7.9656653 7.6374464 7.259225  6.782688 ],[0.5857553 0.7887574 1.027088  1.2206218],[8.212278 8.205426 8.209401 8.201062],[0.52702165 0.5741107  0.6127436  0.64407486]
DDK8,C,4e-07,33,True,False,TDD,vanilla,0,[0.2530725  0.45412326 0.6464376  0.7842338 ],[0.12816806 0.21845815 0.26258138 0.26465073],[ 59.902115 116.73302  171.62563  213.47049 ],[ 29.532724  64.54681   87.891594 110.42828 ],[7.860669  7.50909   7.056922  6.6385565],[0.7758671 1.0214807 1.269977  1.4561087],[8.183739 8.192224 8.175432 8.147135],[0.6432265  0.66101295 0.6978664  0.7402622 ]
DDK8,C,4e-07,36,True,False,TDD,vanilla,0,[0.27320823 0.5247276  0.71844405 0.8186909 ],[0.16999121 0.2777994  0.3057024  0.257857  ],[ 66.09599 140.59409 200.26366 242.10895],[ 31.935215  72.713905  98.51535  115.92162 ],[7.9143925 7.3934283 6.8330398 6.560902 ],[0.79526395 1.213173   1.5434695  1.5041081 ],[8.265757  8.2690735 8.257155  8.252183 ],[0.6276491  0.67769957 0.705928   0.7128718 ]
DDK8,C,4e-07,42,True,False,TDD,vanilla,0,[0.3812238  0.58585286 0.8027295  0.9559298 ],[0.3133149  0.25517517 0.33192506 0.28106457],[101.28969 155.21182 222.24652 272.92136],[113.209045  89.26073  126.83609  136.91612 ],[7.6279387 7.205301  6.6518183 6.047467 ],[0.92005914 1.0728924  1.2681919  1.3792897 ],[8.192731 8.206451 8.21126  8.215601],[0.59920657 0.60754186 0.64400005 0.6513544 ]
DDK8,D,5e-08,3,True,False,TDD,vanilla,0,[0.02725505 0.07234461 0.13814755 0.19505343],[0.0198115  0.06755836 0.13439363 0.17297776],[ 8.056363 21.439333 40.96901  57.83782 ],[ 5.8650723 19.99548   39.798805  51.16419  ],[8.282895  8.274672  8.26527   8.2529745],[0.076212   0.082001   0.08870932 0.095527  ],[8.299658 8.29858  8.297538 8.29653 ],[0.07468852 0.07996947 0.08556426 0.0913942 ]
DDK8,D,5e-08,6,True,False,TDD,vanilla,0,[0.03445392 0.08676401 0.15204759 0.20429327],[0.02105051 0.07110241 0.13593583 0.17968325],[10.245194 25.827032 45.265053 60.73425 ],[ 6.2492104 21.027454  40.251663  52.89237  ],[8.289763 8.277101 8.259218 8.23787 ],[0.12115466 0.13453281 0.15140541 0.17255951],[8.311767 8.311415 8.310966 8.310436],[0.12025459 0.13231722 0.14488111 0.15781623]
DDK8,D,5e-08,9,True,False,TDD,vanilla,0,[0.04280845 0.11680537 0.18708467 0.2443132 ],[0.01979777 0.07277206 0.128457   0.17370453],[12.644076 34.69303  55.41475  72.37986 ],[ 5.9005117 21.938242  38.147827  51.99519  ],[8.272303 8.253016 8.225741 8.196924],[0.13384429 0.15607466 0.18042958 0.2098299 ],[8.297676 8.293371 8.288761 8.283954],[0.1321482  0.15266456 0.17479543 0.19807528]
DDK8,D,5e-08,12,True,False,TDD,vanilla,0,[0.04461322 0.11414418 0.17907353 0.23592642],[0.01836342 0.06581301 0.12150025 0.1535536 ],[12.82642  32.942883 51.634823 68.41752 ],[ 4.945504 18.412191 33.922035 43.338978],[8.252603 8.232922 8.207383 8.175483],[0.19187531 0.21805243 0.24838859 0.27875647],[8.282729 8.280233 8.277586 8.274747],[0.18684064 0.21076299 0.2355141  0.26066127]
DDK8,D,5e-08,15,True,False,TDD,vanilla,0,[0.04728169 0.1194357  0.18875743 0.25180998],[0.01981714 0.06691348 0.1293488  0.17321382],[13.678768 34.971325 55.350784 73.762535],[ 5.50825  19.596094 38.140297 50.51024 ],[8.235427 8.209208 8.178979 8.141476],[0.21691468 0.24197651 0.26797393 0.30339435],[8.270022 8.268729 8.268344 8.268918],[0.2086949  0.22577141 0.24269079 0.25992864]
DDK8,D,5e-08,18,True,False,TDD,vanilla,0,[0.05290138 0.13227351 0.19966765 0.27678132],[0.01976625 0.07476889 0.13796814 0.18454084],[15.1321335 37.736534  56.72829   78.587585 ],[ 5.4413757 21.485474  39.945786  53.158348 ],[8.228643 8.188688 8.140526 8.085991],[0.24303372 0.2806891  0.32758492 0.37792647],[8.267819  8.256482  8.2475815 8.242658 ],[0.2351493 0.2640463 0.2919402 0.3160511]
DDK8,D,5e-08,21,True,False,TDD,vanilla,0,[0.05166405 0.12202208 0.18805087 0.25444385],[0.0195511  0.06485546 0.11458258 0.1604844 ],[14.967262 35.59275  55.38157  76.39449 ],[ 5.6904626 19.56583   37.147247  55.078682 ],[8.23776  8.21428  8.183186 8.141289],[0.2574308  0.2972363  0.3457072  0.39737394],[8.27719   8.282884  8.2891655 8.295584 ],[0.25249338 0.2854534  0.32003936 0.35299757]
DDK8,D,5e-08,24,True,False,TDD,vanilla,0,[0.05076371 0.1125072  0.17906891 0.2427604 ],[0.020625   0.0721603  0.12658262 0.16923313],[14.567463 32.303883 51.501816 70.15625 ],[ 5.4095325 20.324678  37.068066  51.92833  ],[8.237831 8.203821 8.15864  8.101282],[0.2543304  0.2867997  0.32592466 0.36884084],[8.280112  8.273623  8.264235  8.2512455],[0.24701582 0.27596948 0.30649292 0.3357034 ]
DDK8,D,5e-08,27,True,False,TDD,vanilla,0,[0.05543335 0.12210778 0.2061675  0.28723684],[0.02163466 0.08235022 0.14342353 0.19474095],[15.716211 33.657776 57.660355 81.610374],[ 5.723093 21.032476 37.109764 51.504517],[8.217247 8.189467 8.15339  8.115852],[0.3063062  0.33265013 0.36702502 0.40355188],[8.262777 8.265217 8.269065 8.273772],[0.2979555  0.3138878  0.33165452 0.3518799 ]
DDK8,D,5e-08,33,True,False,TDD,vanilla,0,[0.05576184 0.11301498 0.18080069 0.24015161],[0.02266889 0.06711618 0.10931496 0.13527878],[15.415321 31.901634 51.127857 70.14708 ],[ 5.368637 20.972857 34.36476  45.758427],[8.1823845 8.141463  8.089282  8.047318 ],[0.32686132 0.34832534 0.37227264 0.37549892],[8.235228 8.229521 8.229554 8.238303],[0.31300098 0.32693157 0.3373971  0.34345612]
DDK8,D,5e-08,36,True,False,TDD,vanilla,0,[0.05985282 0.12534688 0.2101968  0.2970229 ],[0.02230284 0.07974882 0.12271509 0.16769268],[17.969143 37.89178  63.836758 90.31019 ],[ 6.2691727 24.463615  38.2611    51.704723 ],[8.284168 8.250797 8.20096  8.142154],[0.29058078 0.3124861  0.3397299  0.37810764],[8.336734 8.337908 8.336387 8.332141],[0.27704263 0.29162735 0.30735877 0.3248851 ]
DDK8,D,5e-08,42,True,False,TDD,vanilla,0,[0.0636813  0.13490155 0.21625274 0.29050723],[0.0278496  0.08299059 0.12377569 0.14864811],[18.45756  40.175064 66.04265  91.47061 ],[ 6.8475165 22.740597  38.525074  52.24346  ],[8.231365 8.213452 8.186185 8.129339],[0.31512034 0.33869103 0.36667183 0.39822838],[8.291798 8.319096 8.342037 8.351114],[0.29859725 0.30620685 0.31966177 0.34217647]
DDK8,D,2e-07,3,True,False,TDD,vanilla,0,[0.03212191 0.07082044 0.1288135  0.18005413],[0.0200149  0.06380593 0.12605578 0.16268665],[ 9.550186 21.137033 38.51925  53.89492 ],[ 5.9199066 18.983107  37.556557  48.44357  ],[8.280655 8.273745 8.265796 8.255497],[0.05720155 0.06425996 0.07180163 0.07955986],[8.30472  8.305355 8.306001 8.306659],[0.05492547 0.06174164 0.06871933 0.07579485]
DDK8,D,2e-07,6,True,False,TDD,vanilla,0,[0.04233573 0.09633656 0.16357598 0.20879434],[0.02226672 0.07310022 0.13870834 0.18326332],[12.586185 28.688469 48.707798 62.130566],[ 6.563435 21.570625 40.86733  53.93879 ],[8.276533 8.26324  8.245518 8.225541],[0.08655255 0.09896116 0.11415857 0.13069084],[8.304998 8.30393  8.302717 8.301365],[0.08359402 0.0947236  0.10591125 0.1170879 ]
DDK8,D,2e-07,9,True,False,TDD,vanilla,0,[0.05715142 0.14456315 0.22995287 0.29198185],[0.01797433 0.06506821 0.1199334  0.1703598 ],[17.010017 43.275448 68.86503  87.64529 ],[ 5.3514094 19.65571   36.289417  51.842106 ],[8.269567 8.255105 8.230366 8.205118],[0.1329986  0.14843675 0.16648172 0.18677454],[8.304958 8.305161 8.30541  8.30564 ],[0.12817776 0.14271183 0.15739685 0.17246187]
DDK8,D,2e-07,12,True,False,TDD,vanilla,0,[0.0522857  0.12733856 0.20469998 0.2717356 ],[0.01676421 0.0628038  0.12625343 0.16649185],[15.592145 37.99146  60.7577   80.55452 ],[ 4.808213 18.316689 35.5816   46.666958],[8.278138 8.263108 8.244877 8.219559],[0.14588083 0.1695731  0.19379611 0.21970439],[8.313007 8.312093 8.310837 8.309354],[0.14296053 0.16523613 0.1881396  0.2113783 ]
DDK8,D,2e-07,15,True,False,TDD,vanilla,0,[0.05491967 0.12931883 0.1937845  0.24825989],[0.01693014 0.06674979 0.12423588 0.16081014],[16.085608 37.72845  56.033653 72.14344 ],[ 4.6956997 18.634441  33.5148    43.932354 ],[8.252501 8.230875 8.206987 8.176683],[0.189514   0.21252844 0.23700649 0.26294735],[8.293565  8.2920685 8.2905855 8.289156 ],[0.18703032 0.20940296 0.23131841 0.25235698]
DDK8,D,2e-07,18,True,False,TDD,vanilla,0,[0.0594427  0.12545945 0.1832959  0.24143307],[0.01712854 0.05653884 0.10565574 0.14094591],[17.575064 37.935974 55.644146 73.23499 ],[ 4.6832256 18.56283   33.663128  45.03975  ],[8.260672 8.243121 8.222659 8.193368],[0.22868513 0.2535615  0.28133062 0.30693302],[8.305725 8.309488 8.312395 8.314784],[0.22037174 0.2390583  0.25812885 0.27720353]
DDK8,D,2e-07,21,True,False,TDD,vanilla,0,[0.05749757 0.11692252 0.1714985  0.23306276],[0.02024641 0.06937572 0.12575637 0.16575447],[16.401499 33.645596 49.574528 68.28021 ],[ 5.1382666 19.48222   35.171387  48.077682 ],[8.217739 8.20044  8.182367 8.152653],[0.25462338 0.27676338 0.29979488 0.32320276],[8.264703 8.267769 8.272947 8.279535],[0.24443386 0.26372743 0.2798239  0.2931526 ]
DDK8,D,2e-07,24,True,False,TDD,vanilla,0,[0.06110641 0.11512655 0.17970903 0.24794075],[0.02086593 0.06689106 0.10890289 0.15362102],[17.552994 33.27108  53.07159  73.984215],[ 5.252285 18.687275 33.17434  47.571213],[8.225994 8.209149 8.183863 8.151402],[0.2520052  0.2735558  0.29904005 0.32865012],[8.277871 8.283131 8.289918 8.296556],[0.24175097 0.25661522 0.27360883 0.29408902]
DDK8,D,2e-07,27,True,False,TDD,vanilla,0,[0.06060273 0.12467306 0.19931301 0.26227438],[0.02045864 0.07359537 0.14478357 0.18578154],[17.279514 36.090797 56.986805 76.49851 ],[ 5.5454717 21.97565   40.234116  55.39298  ],[8.202151 8.17826  8.149102 8.115969],[0.27401063 0.2996283  0.33218125 0.3668576 ],[8.2537155 8.252774  8.254282  8.257275 ],[0.26518136 0.28589198 0.31270012 0.34290448]
DDK8,D,2e-07,33,True,False,TDD,vanilla,0,[0.06033192 0.11526006 0.18675606 0.24852431],[0.02235813 0.0703191  0.11205073 0.15163729],[17.55396  33.416927 54.98479  75.57032 ],[ 5.714769 19.34045  31.311361 47.16997 ],[8.240425  8.2147455 8.180728  8.146018 ],[0.30557373 0.32082063 0.33499882 0.3496401 ],[8.294483 8.296839 8.303677 8.315007],[0.29260948 0.29500195 0.30127394 0.31653824]
DDK8,D,2e-07,36,True,False,TDD,vanilla,0,[0.06676253 0.12780122 0.1973414  0.256539  ],[0.02759426 0.0885084  0.14451711 0.17802307],[18.66717  34.866352 53.87851  71.742805],[ 6.8866863 22.392286  36.05805   50.570206 ],[8.196379 8.1427   8.083754 8.025547],[0.32131794 0.35869563 0.39407405 0.4211327 ],[8.254462  8.231821  8.213254  8.2022705],[0.30821246 0.33105987 0.3529215  0.36922216]
DDK8,D,2e-07,42,True,False,TDD,vanilla,0,[0.07138734 0.14549898 0.21893466 0.29958594],[0.02463913 0.07682133 0.13674495 0.16972771],[20.577517 42.521202 64.04676  89.24815 ],[ 6.387069 23.35309  40.958923 51.89867 ],[8.209984 8.168938 8.115078 8.061128],[0.32611433 0.34717795 0.36648658 0.38374752],[8.275828 8.271634 8.268322 8.26755 ],[0.31351313 0.32876962 0.3366903  0.34487548]
DDK8,D,4e-07,3,True,False,TDD,vanilla,0,[0.04070897 0.08599039 0.15261953 0.20949906],[0.02231316 0.07155185 0.14089254 0.18077183],[12.029008 25.517012 45.320816 62.128464],[ 6.6879587 21.532375  42.378365  54.45962  ],[8.26352  8.252771 8.241138 8.226746],[0.05627529 0.06469519 0.07340498 0.08211402],[8.293405 8.290766 8.28805  8.285257],[0.05372701 0.06171242 0.06978194 0.07790729]
DDK8,D,4e-07,6,True,False,TDD,vanilla,0,[0.05231966 0.11553183 0.19217627 0.2486838 ],[0.02398308 0.07791833 0.14525919 0.19719158],[15.516075 34.528263 57.653843 74.84744 ],[ 7.1012177 23.450006  43.742672  60.124912 ],[8.266318 8.254865 8.237876 8.218948],[0.10133103 0.11548582 0.13093694 0.14958008],[8.302427 8.303819 8.305447 8.30732 ],[0.09781612 0.11133109 0.12449647 0.1372722 ]
DDK8,D,4e-07,9,True,False,TDD,vanilla,0,[0.05932889 0.13185298 0.20540081 0.2579447 ],[0.02112838 0.06842037 0.11943496 0.16477586],[17.719746 39.664177 61.93476  78.06257 ],[ 6.1827083 20.280212  35.123016  48.96545  ],[8.269963 8.259675 8.242182 8.224558],[0.1275572  0.14766473 0.17080852 0.19574311],[8.310682 8.313534 8.316418 8.319339],[0.1229313  0.14134116 0.15957414 0.17754117]
DDK8,D,4e-07,12,True,False,TDD,vanilla,0,[0.05604018 0.12196121 0.17372568 0.22470097],[0.02073217 0.06720208 0.11186395 0.14918256],[16.771984 36.70462  52.327137 67.97551 ],[ 6.236681 20.228872 33.5135   45.375267],[8.273594  8.260155  8.242809  8.2206955],[0.16040851 0.18429273 0.21171443 0.23959197],[8.314311 8.315415 8.316559 8.31765 ],[0.15571669 0.17662454 0.19755578 0.21827404]
DDK8,D,4e-07,15,True,False,TDD,vanilla,0,[0.06336675 0.13147849 0.18705559 0.24248287],[0.0206269  0.06143869 0.10609188 0.14423662],[19.057688 40.084557 57.420948 74.88069 ],[ 5.706487 18.769016 32.750984 45.189205],[8.283214 8.270436 8.256237 8.231392],[0.1825112  0.20288138 0.222753   0.24609582],[8.331775 8.336437 8.340626 8.344339],[0.17464425 0.1934692  0.21228619 0.23092636]
DDK8,D,4e-07,18,True,False,TDD,vanilla,0,[0.06447487 0.13295281 0.18661942 0.24179702],[0.02020346 0.06645806 0.11700823 0.15333986],[18.948254 39.474693 55.2691   72.195274],[ 5.8888884 20.317434  35.300655  47.877884 ],[8.2358055 8.213059  8.187651  8.153521 ],[0.19477814 0.21801932 0.251981   0.29180565],[8.286208 8.283078 8.280533 8.278921],[0.19004631 0.20961969 0.23211282 0.2563469 ]
DDK8,D,4e-07,21,True,False,TDD,vanilla,0,[0.06631631 0.13044721 0.19087552 0.2523084 ],[0.02004115 0.0623243  0.11388416 0.1554303 ],[19.797953 39.482372 58.025772 77.559616],[ 5.8968215 19.912529  36.62245   52.900227 ],[8.26374  8.24161  8.212764 8.171588],[0.21681678 0.2567702  0.30320528 0.3474415 ],[8.315765 8.314188 8.310797 8.306976],[0.20739509 0.2451768  0.28654093 0.3257228 ]
DDK8,D,4e-07,24,True,False,TDD,vanilla,0,[0.07159553 0.14154252 0.22388102 0.29046753],[0.01969089 0.07083561 0.12204574 0.16935366],[20.987764 42.14961  67.179855 86.71872 ],[ 5.4507127 21.857841  38.530014  50.696423 ],[8.239347 8.221397 8.189763 8.150635],[0.25408384 0.28346315 0.3170954  0.3494065 ],[8.2942295 8.294001  8.29249   8.29053  ],[0.24053971 0.2657455  0.29513124 0.32629207]
DDK8,D,4e-07,27,True,False,TDD,vanilla,0,[0.0664019  0.12600583 0.19925739 0.27847308],[0.02183768 0.0692028  0.13069135 0.18871799],[19.343803 37.23003  59.238476 82.412285],[ 6.043337 21.600603 41.998882 57.872696],[8.229855 8.215436 8.187696 8.150732],[0.2566827  0.26832902 0.28659907 0.315844  ],[8.284804 8.288184 8.289756 8.287945],[0.24599674 0.25614992 0.27404147 0.30254942]
DDK8,D,4e-07,33,True,False,TDD,vanilla,0,[0.06833366 0.1056341  0.17057377 0.2297107 ],[0.02489759 0.05695817 0.08717747 0.12017286],[19.734938 31.088041 51.637707 70.9243  ],[ 6.5074873 19.025972  30.993805  45.376774 ],[8.221607 8.20281  8.178716 8.149472],[0.30910692 0.33277813 0.3543526  0.36333016],[8.283479 8.285306 8.291762 8.302665],[0.29424185 0.31225926 0.32923257 0.3390499 ]
DDK8,D,4e-07,36,True,False,TDD,vanilla,0,[0.07736534 0.13079838 0.21740851 0.2751178 ],[0.02829933 0.08345839 0.14287058 0.16432092],[21.236433 36.339195 60.819126 79.06369 ],[ 6.026204 20.916477 35.859043 43.126812],[8.157148 8.142069 8.116513 8.084535],[0.3221876 0.3525475 0.3843395 0.408678 ],[8.223469 8.229465 8.240253 8.252065],[0.30499366 0.32756943 0.34636486 0.3621993 ]
DDK8,D,4e-07,42,True,False,TDD,vanilla,0,[0.07301534 0.1353224  0.214606   0.2782892 ],[0.02974482 0.09035667 0.14991981 0.19714597],[20.978046 38.54491  61.72454  80.546165],[ 7.0911064 23.46294   40.372124  52.76364  ],[8.230987 8.188633 8.137352 8.077154],[0.27342796 0.29960424 0.3172447  0.33893955],[8.293684 8.277752 8.263025 8.253034],[0.2600928  0.2811057  0.29591087 0.3149146 ]
DDK8,A,5e-08,3,True,False,TDD,vanilla,5,[0.03441121 0.07777714 0.14422429 0.20535553],[0.02247385 0.06604566 0.13158152 0.17226034],[ 7.2717094 17.84491   33.99997   48.28814  ],[ 4.7433896 16.474741  34.06194   44.588978 ],[8.223575 8.221692 8.21751  8.20935 ],[0.36644092 0.3820316  0.39927477 0.41874045],[8.233838 8.237641 8.241822 8.246357],[0.36562672 0.3805851  0.39700893 0.4147793 ]
DDK8,A,5e-08,6,True,False,TDD,vanilla,5,[0.05244504 0.11888289 0.2022421  0.27427065],[0.02820686 0.07778953 0.14913517 0.20827147],[11.568415 27.674759 46.340065 62.06993 ],[ 6.071    18.558395 34.00119  45.790462],[8.26649  8.25382  8.22958  8.198343],[0.44588935 0.48712313 0.53417    0.58590513],[8.28204  8.2848   8.287399 8.290143],[0.44220755 0.47809482 0.5148415  0.55173457]
DDK8,A,5e-08,9,True,False,TDD,vanilla,5,[0.07693141 0.19207329 0.34985152 0.49140212],[0.07223838 0.18471399 0.44323033 0.71315646],[13.802408 36.436615 58.486916 78.312874],[ 6.077818 20.15275  32.60359  45.32197 ],[8.210695 8.172667 8.117432 8.048997],[0.556282   0.62051094 0.69514465 0.781342  ],[8.232175 8.218963 8.206256 8.19461 ],[0.5494946  0.6048245  0.66238713 0.7200331 ]
DDK8,A,5e-08,12,True,False,TDD,vanilla,5,[0.07918986 0.21845695 0.3895401  0.5412687 ],[0.07007831 0.28495774 0.8596463  1.0017725 ],[13.212916 34.304043 55.863667 85.69296 ],[ 6.161065 20.032099 36.77467  55.065655],[8.142954  8.10229   8.042658  7.9600153],[0.57771534 0.6629985  0.7668671  0.8848106 ],[8.1713705 8.169162  8.165635  8.1618185],[0.5680532  0.6353437  0.7046337  0.77285534]
DDK8,A,5e-08,15,True,False,TDD,vanilla,5,[0.0848779  0.22400309 0.3571757  0.55673707],[0.06453628 0.2175746  0.3978446  0.71902883],[15.556526 39.73309  64.12648  95.62573 ],[ 6.708887 22.289843 41.978546 77.7599  ],[8.193564 8.145001 8.08433  7.981277],[0.7358802  0.8333121  0.94373494 1.079747  ],[8.229278 8.228537 8.234898 8.246084],[0.716445   0.7802941  0.83712816 0.889672  ]
DDK8,A,5e-08,18,True,False,TDD,vanilla,5,[0.12882693 0.33465862 0.528275   0.8801205 ],[0.13496329 0.47130913 0.6990456  1.7162682 ],[ 16.678204  41.763287  66.963394 107.03596 ],[ 6.4182663 24.439816  45.00622   80.74952  ],[8.113697  8.048623  7.956752  7.7971206],[0.8544478  0.95036787 1.0619739  1.2377336 ],[8.165414 8.166351 8.164887 8.15692 ],[0.8150258 0.8670547 0.9366969 1.025056 ]
DDK8,A,5e-08,21,True,False,TDD,vanilla,5,[0.12015335 0.26542    0.4625453  0.6979466 ],[0.10229645 0.27307644 0.50522846 0.70073587],[ 17.698555  41.087154  67.329834 112.0805  ],[ 7.00374  23.720062 42.70332  66.74051 ],[8.041788  7.957144  7.8228893 7.631058 ],[0.9330467 1.0063896 1.1110692 1.2703222],[8.097888  8.0776415 8.057297  8.0439825],[0.8918794  0.9238005  0.95249516 0.97904676]
DDK8,A,5e-08,24,True,False,TDD,vanilla,5,[0.12729728 0.29965115 0.63098055 0.6886425 ],[0.14053407 0.5567796  1.3241978  0.7858706 ],[ 18.61406   42.19632   79.379906 124.2584  ],[ 7.867125 29.66106  60.541214 91.85835 ],[8.190271  8.1026125 7.924436  7.6507044],[0.80993116 0.9057689  1.0697466  1.3237028 ],[8.248478 8.227171 8.202078 8.1868  ],[0.7698817  0.82811874 0.88698286 0.9156224 ]
DDK8,A,5e-08,27,True,False,TDD,vanilla,5,[0.14693709 0.34351575 0.6742733  1.0320216 ],[0.16069435 0.38540387 1.2974054  1.8855813 ],[ 20.33369   52.292534  91.547585 146.36816 ],[  9.198938  35.575832  66.80772  117.95813 ],[8.008227  7.910514  7.723541  7.4251537],[0.8488987  0.93648285 1.0904276  1.3396494 ],[8.073305 8.057036 8.035699 8.017298],[0.81447893 0.87702554 0.95565355 1.0139018 ]
DDK8,A,5e-08,33,True,False,TDD,vanilla,5,[0.1997484  0.42144105 0.6897591  0.7930077 ],[0.2583577  0.68232703 1.0048575  0.5438154 ],[ 25.221846  58.50142  111.18914  178.10995 ],[ 13.875731  44.421154  88.724785 151.03903 ],[8.092836  7.949032  7.6862392 7.3236914],[1.0111367 1.2186806 1.3638573 1.4012563],[8.180847  8.193614  8.203002  8.1704445],[0.9456215  0.95782167 0.92753166 0.9645922 ]
DDK8,A,5e-08,36,True,False,TDD,vanilla,5,[0.22861631 0.5191481  0.9187555  1.0525748 ],[0.30261272 0.63642216 1.1740403  0.86195993],[ 27.130579  68.14611  135.0224   217.11232 ],[ 15.214733  55.10212  116.283615 179.49901 ],[7.9871354 7.8183336 7.434     6.9606395],[0.9123892 1.0406677 1.3994164 1.5778939],[8.093336 8.087319 8.075918 8.088953],[0.84122604 0.8823591  0.96047276 0.99210644]
DDK8,A,5e-08,42,True,False,TDD,vanilla,5,[0.2718433 0.5913832 0.8727074 1.249708 ],[0.26805758 0.64148945 0.8379084  1.3671075 ],[ 29.657846  79.17539  142.94463  213.27022 ],[ 23.349497  57.690937 105.037224 159.49997 ],[7.683832  7.452865  7.0812354 6.541822 ],[1.1439364 1.3622562 1.5685849 1.6504574],[7.833758 7.885902 7.919857 7.917343],[1.0413706 1.023846  1.0217247 1.0423343]
DDK8,A,2e-07,3,True,False,TDD,vanilla,5,[0.03866376 0.07882173 0.13789071 0.19090156],[0.02002895 0.05798415 0.11313775 0.13763778],[ 8.751491 18.830643 33.51973  46.123817],[ 5.0879836 15.788577  30.669184  37.22711  ],[8.109669 8.10523  8.097983 8.08506 ],[0.6325483  0.6378368  0.64485437 0.6551965 ],[8.130689 8.134304 8.138219 8.142409],[0.6257091 0.6282687 0.6312905 0.6347323]
DDK8,A,2e-07,6,True,False,TDD,vanilla,5,[0.05008819 0.10901603 0.18695293 0.24537173],[0.02966824 0.08193352 0.15495701 0.18882875],[12.188789 27.72032  48.553062 64.075745],[ 7.481205 22.77488  45.094448 55.425625],[8.250908  8.240263  8.218649  8.1942625],[0.60962087 0.6327556  0.66701204 0.7032111 ],[8.274826 8.279523 8.284403 8.289545],[0.6015826  0.61828643 0.63822275 0.6610321 ]
DDK8,A,2e-07,9,True,False,TDD,vanilla,5,[0.05970517 0.13813129 0.2255855  0.29885802],[0.03205665 0.08508983 0.1417459  0.17388149],[13.596563 33.650753 55.260235 73.7626  ],[ 6.5848007 21.55283   36.975452  49.449738 ],[8.182371 8.170643 8.140774 8.100849],[0.6845586 0.7133044 0.7598475 0.8195656],[8.212872 8.222125 8.22945  8.234579],[0.6716166  0.6904289  0.7124399  0.73767006]
DDK8,A,2e-07,12,True,False,TDD,vanilla,5,[0.08023886 0.1817622  0.28065988 0.3820897 ],[0.05045581 0.12772697 0.21749043 0.32218203],[15.050955 36.17377  56.29327  76.8209  ],[ 6.6096177 21.612036  40.026585  52.61618  ],[8.07313   8.015243  7.9425216 7.8491173],[0.7504196  0.80857015 0.8770003  0.97065794],[8.118894 8.099322 8.080267 8.061373],[0.72288525 0.7593847  0.79724795 0.8372211 ]
DDK8,A,2e-07,15,True,False,TDD,vanilla,5,[0.09008816 0.20341837 0.3167157  0.43716863],[0.0621397  0.14772928 0.26452863 0.32196248],[14.865661 35.699768 54.695274 82.41254 ],[ 5.6685333 18.63727   34.477608  58.93111  ],[7.904225  7.8406487 7.766467  7.655533 ],[0.84253615 0.92542475 1.0223879  1.1335223 ],[7.960368 7.953955 7.952423 7.9545  ],[0.8137213 0.856927  0.8997762 0.942242 ]
DDK8,A,2e-07,18,True,False,TDD,vanilla,5,[0.08430317 0.18855707 0.30027527 0.45924407],[0.04628947 0.12187432 0.24106866 0.4309644 ],[16.111841 37.05516  56.316208 84.74888 ],[ 5.1710105 19.09549   35.354713  55.87218  ],[8.070432  7.997145  7.8968935 7.739169 ],[0.8390355  0.91375166 1.003094   1.1362016 ],[8.126295 8.107923 8.089695 8.074124],[0.8090824  0.8441579  0.88169974 0.92264533]
DDK8,A,2e-07,21,True,False,TDD,vanilla,5,[0.10545854 0.21062934 0.35068393 0.5502959 ],[0.07794838 0.15558144 0.27364594 0.4396672 ],[ 18.089582  38.585106  63.488922 100.95552 ],[ 5.7522845 20.558634  36.18715   55.42911  ],[8.039688  7.9770355 7.8717737 7.7000456],[0.89208907 0.9561928  1.0505159  1.1804727 ],[8.111541 8.108097 8.098149 8.079145],[0.84507656 0.87269056 0.9155379  0.9743686 ]
DDK8,A,2e-07,24,True,False,TDD,vanilla,5,[0.10954638 0.21408804 0.3703939  0.568032  ],[0.09320776 0.18180318 0.36789915 0.5629444 ],[ 18.414938  37.650192  66.47246  111.96492 ],[ 6.619224 22.170853 37.95081  69.70127 ],[8.025482  7.9269185 7.7775884 7.5636053],[0.8789368 1.0125867 1.1705555 1.3710167],[8.102798 8.079458 8.073869 8.082761],[0.8285165 0.893055  0.9226012 0.9377865]
DDK8,A,2e-07,27,True,False,TDD,vanilla,5,[0.10502087 0.23623915 0.4234695  0.6561274 ],[0.0743035  0.21470821 0.4214813  0.6184538 ],[ 18.860441  44.089287  78.39581  127.31274 ],[  7.1698236  31.271461   69.3557    118.89859  ],[8.032632  7.924083  7.7286534 7.4549336],[0.83845276 0.94243956 1.1164486  1.2894422 ],[8.11104  8.084653 8.048851 8.015041],[0.78864    0.83198315 0.884727   0.9329143 ]
DDK8,A,2e-07,33,True,False,TDD,vanilla,5,[0.12274501 0.29731837 0.5242592  0.75518125],[0.09508752 0.23869058 0.39330652 0.5528712 ],[ 22.35285   57.536827 110.67136  166.24796 ],[  9.681416  41.659836  89.34532  137.41263 ],[8.127351  8.010628  7.7517357 7.3547153],[0.86580855 0.9668952  1.1311271  1.4031849 ],[8.216682  8.2085085 8.163704  8.084707 ],[0.8136454 0.8615523 0.9495743 1.0525955]
DDK8,A,2e-07,36,True,False,TDD,vanilla,5,[0.147066   0.34464818 0.6944878  0.95789385],[0.1146585  0.31962076 0.8451318  0.81203526],[ 24.800337  59.522305 120.17216  205.16101 ],[ 12.565608  42.85809   89.22903  159.6405  ],[7.96587   7.80657   7.47517   7.1361103],[0.901042  1.0081838 1.3200991 1.3673916],[8.077505 8.06925  8.089985 8.128924],[0.82759804 0.8323908  0.8334932  0.87066954]
DDK8,A,2e-07,42,True,False,TDD,vanilla,5,[0.17640114 0.47109604 0.7498646  0.99869245],[0.1368176  0.6422645  0.6009083  0.66959554],[ 27.267204  67.02073  132.16795  201.2952  ],[ 16.978664  51.86175  130.31367  168.42383 ],[7.786295  7.5100293 7.13366   6.733761 ],[1.0467097 1.2961439 1.4525076 1.5841187],[7.927911  7.910005  7.917583  7.9121513],[0.96075475 0.9710648  0.9386558  0.9704687 ]
DDK8,A,4e-07,3,True,False,TDD,vanilla,5,[0.04173643 0.08595467 0.15082668 0.20467581],[0.01977868 0.06029263 0.11886315 0.1361639 ],[11.359016 24.268745 43.141518 58.512558],[ 5.5941377 18.083197  35.606777  41.622753 ],[8.111578 8.10136  8.087997 8.068237],[0.34336996 0.35307363 0.3639009  0.37709907],[8.140506 8.137633 8.134504 8.131127],[0.34248444 0.35056454 0.35972664 0.36985973]
DDK8,A,4e-07,6,True,False,TDD,vanilla,5,[0.05522637 0.11296169 0.17920291 0.23471749],[0.02361101 0.06533957 0.12010031 0.14627881],[14.298917 29.91218  47.2312   62.015137],[ 6.1608186 17.644056  31.25422   40.073116 ],[8.140167 8.125427 8.102301 8.073225],[0.3926956  0.42471418 0.46108577 0.5010598 ],[8.176272 8.178738 8.180604 8.181811],[0.39123917 0.4205529  0.45303023 0.4878832 ]
DDK8,A,4e-07,9,True,False,TDD,vanilla,5,[0.06597748 0.14599684 0.23232764 0.3037145 ],[0.02887199 0.07788956 0.13037111 0.16021056],[16.80557  38.524452 60.9631   80.471825],[ 6.1461887 19.929428  34.0798    45.21237  ],[8.139553 8.112144 8.070575 8.029446],[0.48643973 0.5384489  0.60409176 0.65468895],[8.184002 8.182483 8.180069 8.177103],[0.4719663  0.5057804  0.54053843 0.5759417 ]
DDK8,A,4e-07,12,True,False,TDD,vanilla,5,[0.07353985 0.15745856 0.23848549 0.32975635],[0.03282342 0.07088489 0.14348134 0.20529377],[17.781164 40.097755 59.414948 84.76396 ],[ 5.9740376 18.866064  31.916843  46.22021  ],[8.099729 8.062542 8.016144 7.953011],[0.5901508 0.6517463 0.7157271 0.7864447],[8.15235  8.154115 8.15547  8.156445],[0.5726108  0.6156969  0.65478444 0.68982166]
DDK8,A,4e-07,15,True,False,TDD,vanilla,5,[0.08190122 0.17886014 0.2793911  0.38636053],[0.03836007 0.10669865 0.2282808  0.3037508 ],[18.041204 40.130474 61.09968  88.46785 ],[ 5.9265194 17.351604  28.549007  49.062424 ],[8.006203 7.968332 7.914769 7.826604],[0.590818   0.64717984 0.7222696  0.8112423 ],[8.066401 8.071935 8.077987 8.082911],[0.5711157  0.6151953  0.66565377 0.7195561 ]
DDK8,A,4e-07,18,True,False,TDD,vanilla,5,[0.08929565 0.18276505 0.28114182 0.4083792 ],[0.04558009 0.09551942 0.16737029 0.23675655],[ 19.600534  43.41415   69.59222  109.96451 ],[ 5.528358 19.165659 40.249466 70.29631 ],[8.022294  8.001583  7.957386  7.8648667],[0.6465336  0.71916854 0.8098514  0.9321798 ],[8.09442  8.127554 8.160606 8.190095],[0.6232103  0.6795312  0.74975705 0.8271956 ]
DDK8,A,4e-07,21,True,False,TDD,vanilla,5,[0.09766956 0.1902493  0.29627013 0.42857417],[0.05457661 0.12415952 0.21754543 0.25792706],[ 20.394785  42.381718  70.20088  115.04388 ],[ 6.182803 21.631786 49.404934 86.451706],[7.93643   7.9079742 7.8241606 7.6777344],[0.71322554 0.79533327 0.9133319  1.0449857 ],[8.028134 8.068816 8.101429 8.12289 ],[0.67326814 0.7159541  0.7663214  0.81699765]
DDK8,A,4e-07,24,True,False,TDD,vanilla,5,[0.10749502 0.21032713 0.37158275 0.5524817 ],[0.06106875 0.12138084 0.23297559 0.31070885],[ 19.854694  39.553967  68.16372  109.52009 ],[ 6.1298428 19.590605  37.240837  69.465744 ],[7.8352766 7.7209487 7.534227  7.295075 ],[0.78732276 0.89421237 1.0622416  1.2291222 ],[7.927203  7.8822603 7.847619  7.832544 ],[0.74526685 0.8172085  0.8804765  0.9221472 ]
DDK8,A,4e-07,27,True,False,TDD,vanilla,5,[0.12161518 0.25372624 0.4340356  0.6307779 ],[0.08942366 0.20394872 0.36468735 0.51390994],[ 23.093348  49.35917   89.38099  145.03307 ],[  7.2445946  25.81136    61.961864  109.873726 ],[7.8792744 7.7691545 7.579047  7.346773 ],[0.76808894 0.8767269  1.0399059  1.1877323 ],[7.9919696 7.989279  7.998762  8.014314 ],[0.70994437 0.749423   0.7883426  0.81563747]
DDK8,A,4e-07,33,True,False,TDD,vanilla,5,[0.13724636 0.32760814 0.57188845 0.73837036],[0.10230982 0.2576931  0.44692925 0.44589347],[ 24.027004  58.02324  108.277794 175.27205 ],[  7.5098124  35.592506   69.94986   125.344795 ],[7.8746886 7.691373  7.3802423 6.994252 ],[0.7649583 0.9229786 1.1731927 1.3954709],[7.995203  7.9802413 7.973531  7.9859047],[0.70891154 0.7746805  0.8564755  0.92781574]
DDK8,A,4e-07,36,True,False,TDD,vanilla,5,[0.13071083 0.26681626 0.48108158 0.7100484 ],[0.08037154 0.17900978 0.32169783 0.44572464],[ 27.606287  57.937378 106.740654 162.72902 ],[ 11.111746  31.465132  66.85677  100.84766 ],[7.9854336 7.846697  7.525812  7.050128 ],[0.8970999 0.961025  1.1328946 1.3755007],[8.108352 8.090845 8.035079 7.95603 ],[0.8385771  0.8493455  0.87210375 0.9073687 ]
DDK8,A,4e-07,42,True,False,TDD,vanilla,5,[0.18538359 0.39138976 0.62800115 0.8881132 ],[0.1356981  0.25123966 0.36587253 0.47695664],[ 31.411232  83.44075  160.09341  247.4287  ],[ 12.647369  55.58304  124.72051  170.65837 ],[7.756384 7.615652 7.312954 6.79589 ],[0.8942543 1.0185415 1.1538477 1.5126368],[7.9211125 8.026638  8.094642  8.118456 ],[0.81548744 0.8076006  0.8508136  0.89531356]
DDK8,C,5e-08,3,True,False,TDD,vanilla,5,[0.04526792 0.10174628 0.18949004 0.27001834],[0.02796978 0.08129515 0.1587322  0.20319794],[ 9.017607 21.48543  40.43113  56.85631 ],[ 4.7067876 16.816998  33.799618  43.58839  ],[8.3089   8.296462 8.275933 8.246093],[0.20067716 0.21330623 0.23020463 0.2532438 ],[8.326575 8.326315 8.326018 8.325577],[0.19877578 0.20899162 0.22026956 0.2324996 ]
DDK8,C,5e-08,6,True,False,TDD,vanilla,5,[0.06923544 0.17038122 0.2957246  0.39723644],[0.038884   0.14281869 0.27154413 0.30670837],[12.471238 30.040339 51.100597 70.11043 ],[ 4.7230825 15.112417  28.842188  41.039116 ],[8.20195  8.161605 8.096631 8.014173],[0.304986   0.33496553 0.3754283  0.42321575],[8.230418 8.22319  8.218066 8.215206],[0.29918042 0.32049295 0.3425427  0.3658508 ]
DDK8,C,5e-08,9,True,False,TDD,vanilla,5,[0.08722632 0.25203857 0.3987946  0.5578678 ],[0.04745091 0.21562794 0.30276355 0.3901288 ],[ 15.469479  42.333664  74.240135 107.103134],[ 4.936751 17.905403 34.795975 54.177174],[8.218329  8.16526   8.069202  7.9264064],[0.40256345 0.44865194 0.5083474  0.5951374 ],[8.254384 8.254124 8.254158 8.25498 ],[0.39488202 0.43240994 0.46764877 0.49863467]
DDK8,C,5e-08,12,True,False,TDD,vanilla,5,[0.08842202 0.23811421 0.42326316 0.60645276],[0.05434878 0.15562327 0.26689386 0.32150245],[ 16.20616   43.912533  80.68212  125.14073 ],[ 5.3971543 19.824442  46.489216  74.17848  ],[8.245199  8.153687  7.9827547 7.7111883],[0.41775194 0.47607103 0.59468806 0.7989543 ],[8.288876  8.277489  8.269999  8.2660885],[0.40042427 0.41886386 0.44892526 0.4908567 ]
DDK8,C,5e-08,15,True,False,TDD,vanilla,5,[0.10393484 0.27532983 0.5178677  0.6750731 ],[0.05441815 0.16870308 0.41424853 0.43830043],[ 18.170141  51.94357   97.25122  147.24179 ],[ 7.2051167 28.858889  58.239162  90.78762  ],[8.233829  8.137888  7.928564  7.6460595],[0.41430864 0.4863822  0.6936223  1.0024804 ],[8.284434 8.291013 8.302465 8.324361],[0.4031638  0.44232005 0.4866336  0.5346952 ]
DDK8,C,5e-08,18,True,False,TDD,vanilla,5,[0.15392564 0.40238225 0.64594346 0.8330844 ],[0.12560278 0.28803512 0.4110883  0.44679424],[ 22.880325  73.7985   127.546524 175.62651 ],[ 11.744395  46.578564  82.98019  108.91303 ],[8.107294 7.870679 7.464383 7.001465],[0.5815581  0.76757765 1.1093322  1.2444271 ],[8.200162 8.199213 8.199512 8.190836],[0.5350562  0.57275265 0.58666337 0.60950494]
DDK8,C,5e-08,21,True,False,TDD,vanilla,5,[0.16566463 0.4254261  0.65661603 0.8563857 ],[0.11624381 0.27544397 0.38579994 0.43378028],[ 27.450588  84.54941  138.13994  195.01837 ],[ 14.907306  60.916912  96.37421  119.98368 ],[8.168641  7.8628736 7.4306817 6.9417305],[0.5335292  0.81244314 1.2527866  1.5419118 ],[8.273708 8.270968 8.278294 8.289778],[0.4893335 0.5536807 0.6028044 0.6329883]
DDK8,C,5e-08,24,True,False,TDD,vanilla,5,[0.20465653 0.47387058 0.6700486  0.8152175 ],[0.17364514 0.33000538 0.3674359  0.36334026],[ 33.31419  93.77584 146.53273 198.98833],[ 22.301815  66.77643   95.94376  124.44484 ],[8.094632  7.697976  7.3014555 6.7724767],[0.6224032 1.0017805 1.2395449 1.5639377],[8.232507 8.229933 8.229175 8.226252],[0.56549513 0.60039735 0.6194327  0.6659933 ]
DDK8,C,5e-08,27,True,False,TDD,vanilla,5,[0.24738865 0.5243565  0.7788822  0.9170079 ],[0.21778075 0.36557257 0.6083461  0.5099132 ],[ 37.617954 103.08103  156.64253  203.80072 ],[ 25.314024  80.08805  102.342064 108.70553 ],[7.9769382 7.48466   7.020046  6.6205745],[0.7007867 1.2054306 1.3881963 1.5280844],[8.173424 8.189116 8.193333 8.201783],[0.5681614  0.57618004 0.5760544  0.6105042 ]
DDK8,C,5e-08,33,True,False,TDD,vanilla,5,[0.3697311  0.6998199  0.99628615 1.1376336 ],[0.39367783 0.5264915  0.76140714 0.6780064 ],[ 58.39793 133.40799 205.10442 250.57678],[ 59.559994  88.320465 139.85356  136.82173 ],[7.884417  7.2249784 6.7795167 6.2566943],[0.67511207 1.2922252  1.300151   1.644163  ],[8.163975 8.166744 8.197453 8.228497],[0.55520767 0.59197205 0.6344895  0.69245917]
DDK8,C,5e-08,36,True,False,TDD,vanilla,5,[0.5701964 0.9300369 1.2973422 1.2239544],[0.5560493  0.59072036 1.0359586  0.9390512 ],[ 93.133965 179.31569  254.76219  276.9721  ],[110.176025 115.68723  169.33932  145.2516  ],[7.73105   6.941471  6.2062654 5.9995093],[0.8693203 1.3555309 1.6008534 1.5984955],[8.201372 8.212413 8.186459 8.202197],[0.5879251 0.6015146 0.5885965 0.6164567]
DDK8,C,5e-08,42,True,False,TDD,vanilla,5,[0.9507471  0.97229785 1.1752739  1.1666671 ],[1.8763577  0.88332576 0.75025785 0.53814113],[142.96419 173.02321 224.66168 268.3076 ],[244.81161 117.38205 132.74791 163.28314],[7.3493767 6.8235707 6.268278  5.6432824],[1.2296077 1.348097  1.4871396 1.6250962],[8.154698 8.128567 8.085518 8.078484],[0.6038881  0.6198292  0.71537834 0.8178851 ]
DDK8,C,2e-07,3,True,False,TDD,vanilla,5,[0.03718709 0.07895596 0.14370085 0.20052482],[0.01711036 0.05405412 0.10871629 0.13140735],[ 9.547445 20.984724 38.808586 54.198536],[ 4.4706674 14.954404  30.442682  37.12897  ],[8.246542 8.232075 8.209329 8.177253],[0.16703066 0.18180159 0.20147802 0.22508308],[8.269406 8.268143 8.26673  8.265156],[0.16525045 0.17695566 0.18965855 0.20317249]
DDK8,C,2e-07,6,True,False,TDD,vanilla,5,[0.05431075 0.12425834 0.21556532 0.29405412],[0.01966791 0.05877062 0.12161695 0.15861988],[14.086898 33.155872 57.403175 78.511986],[ 5.1168575 16.155481  32.69872   43.588367 ],[8.25191  8.205307 8.126007 8.025425],[0.2440018  0.2774797  0.33062777 0.40779567],[8.289013 8.28343  8.278104 8.273454],[0.23840481 0.2612574  0.2851649  0.3086477 ]
DDK8,C,2e-07,9,True,False,TDD,vanilla,5,[0.06582262 0.16242702 0.27402693 0.38165054],[0.02087306 0.06206448 0.1187764  0.16357417],[16.263494 41.135395 69.36377  98.73685 ],[ 4.340913 14.681737 27.49269  42.270065],[8.22117   8.171779  8.085279  7.9631724],[0.31069252 0.3656146  0.44329014 0.5402958 ],[8.265249 8.267987 8.272074 8.276913],[0.30145794 0.33881113 0.3764504  0.4147206 ]
DDK8,C,2e-07,12,True,False,TDD,vanilla,5,[0.06972477 0.18062648 0.31118146 0.45631608],[0.02331228 0.08058041 0.16917141 0.23012638],[ 17.342161  46.138077  78.353004 120.61404 ],[ 5.2562428 19.876036  39.332905  65.05457  ],[8.223313 8.141817 7.994162 7.778056],[0.35847917 0.4304583  0.5474626  0.72939754],[8.275466 8.271283 8.26691  8.262678],[0.34935436 0.39719546 0.44388452 0.48593506]
DDK8,C,2e-07,15,True,False,TDD,vanilla,5,[0.08651886 0.2347951  0.40002114 0.5723827 ],[0.03477454 0.12174715 0.218572   0.2862326 ],[ 20.598639  58.618736 102.70511  153.13469 ],[ 7.4784856 28.74272   55.19085   80.54948  ],[8.133677  7.987411  7.7250285 7.3615065],[0.4676609  0.5582363  0.76117736 1.0425724 ],[8.207965 8.210038 8.215867 8.224112],[0.45113933 0.4856871  0.5191998  0.54643935]
DDK8,C,2e-07,18,True,False,TDD,vanilla,5,[0.09274394 0.24205893 0.40251526 0.5653505 ],[0.04930677 0.14001042 0.22549191 0.26199132],[ 22.039726  63.707253 112.99558  168.54713 ],[  9.959193  42.34884   88.20463  128.8226  ],[8.173823  8.0188265 7.716089  7.380443 ],[0.5216446  0.62566495 0.8442979  1.0302029 ],[8.257838 8.261139 8.260707 8.264115],[0.49564663 0.5484521  0.60611343 0.6623807 ]
DDK8,C,2e-07,21,True,False,TDD,vanilla,5,[0.11031798 0.28797883 0.4568309  0.6257871 ],[0.06589073 0.19816987 0.2623179  0.26568803],[ 27.331196  78.100685 131.51114  189.255   ],[ 17.428976  59.76625   96.8043   117.06217 ],[8.129498  7.8923273 7.5391374 7.1097264],[0.5076035  0.76011765 0.9860659  1.2819221 ],[8.236614 8.255446 8.269096 8.275333],[0.48349896 0.5265164  0.5651753  0.60599506]
DDK8,C,2e-07,24,True,False,TDD,vanilla,5,[0.14568423 0.37700188 0.596304   0.77261126],[0.08818675 0.19205122 0.2764769  0.27564827],[ 32.825775  96.40126  158.69969  213.55145 ],[ 21.341661  64.965034 102.95474  123.40333 ],[7.982608  7.644889  7.1793327 6.62079  ],[0.62801397 0.8076503  1.0467753  1.4084072 ],[8.131182 8.132619 8.148181 8.162027],[0.5804273  0.61564034 0.6213094  0.64173055]
DDK8,C,2e-07,27,True,False,TDD,vanilla,5,[0.14922778 0.38393623 0.60209066 0.7571948 ],[0.07979997 0.20691803 0.32148597 0.33414495],[ 34.281517  94.565384 148.75385  194.10805 ],[18.28847  57.807976 83.982895 99.07699 ],[8.006599  7.650961  7.1673517 6.6308904],[0.5983349  0.79226863 1.1062675  1.381905  ],[8.16426  8.148859 8.14116  8.125651],[0.5455145  0.57448643 0.5996173  0.65095395]
DDK8,C,2e-07,33,True,False,TDD,vanilla,5,[0.24535102 0.5229568  0.7356023  0.8462846 ],[0.19871388 0.3619811  0.42917717 0.31840563],[ 53.421974 120.38435  182.73341  221.98938 ],[ 40.36876  81.07167 111.69227 111.20304],[7.8494453 7.3067036 6.8174744 6.5387774],[0.77068895 1.1371914  1.3421544  1.2447587 ],[8.134128 8.123875 8.132454 8.157437],[0.62713987 0.62046474 0.62091714 0.6189508 ]
DDK8,C,2e-07,36,True,False,TDD,vanilla,5,[0.24342741 0.5054165  0.7249534  0.82681906],[0.2535319  0.37101316 0.51441556 0.3690244 ],[ 56.046173 126.80121  185.91196  225.97243 ],[ 50.968834  95.74198  113.27543  112.87803 ],[7.9416785 7.425701  6.959462  6.5259504],[0.7185901 1.158356  1.3410057 1.4380224],[8.223166 8.203659 8.193959 8.197771],[0.5721486  0.62228054 0.6435787  0.6443599 ]
DDK8,C,2e-07,42,True,False,TDD,vanilla,5,[0.47192475 0.642794   0.959385   1.0474507 ],[0.8311232  0.39880213 0.8645533  0.5481719 ],[107.71621 160.90788 241.08504 276.83917],[221.46953 100.26122 171.00702 138.336  ],[7.6516547 7.204214  6.676919  6.110589 ],[1.1179445 1.1903203 1.3539355 1.4540559],[8.202137 8.208331 8.213117 8.186108],[0.62006235 0.64596266 0.66607225 0.7035478 ]
DDK8,C,4e-07,3,True,False,TDD,vanilla,5,[0.03988394 0.08010796 0.13871026 0.19397506],[0.01707156 0.0543921  0.10816298 0.13150296],[11.008999 22.861101 40.021023 56.178516],[ 5.089669 16.816647 32.69027  39.93567 ],[8.287248 8.276138 8.25792  8.231822],[0.1842015  0.19976422 0.21862054 0.24089898],[8.31983  8.321709 8.323363 8.324781],[0.1824369  0.19586535 0.21045375 0.22601187]
DDK8,C,4e-07,6,True,False,TDD,vanilla,5,[0.05649516 0.11951981 0.19571535 0.26398316],[0.02041791 0.05888344 0.11030655 0.1383628 ],[14.8835   32.347996 53.390503 72.319954],[ 5.88378  17.22308  32.589672 42.491043],[8.210878 8.173896 8.116591 8.054342],[0.27030924 0.2991544  0.3363615  0.3755453 ],[8.259438 8.260148 8.261916 8.265042],[0.26467186 0.2839932  0.30338576 0.3230583 ]
DDK8,C,4e-07,9,True,False,TDD,vanilla,5,[0.06848901 0.1552642  0.25371507 0.3534006 ],[0.02407384 0.06603619 0.12176605 0.16048576],[17.432735 40.945793 66.76449  93.80335 ],[ 5.435732 17.427467 31.857649 46.626114],[8.242155  8.185057  8.097141  7.9841847],[0.35002148 0.4057287  0.47779816 0.5612355 ],[8.299542  8.2919655 8.284302  8.276176 ],[0.3363756  0.3739166  0.41209707 0.44999707]
DDK8,C,4e-07,12,True,False,TDD,vanilla,5,[0.07611085 0.17692904 0.28877285 0.41996726],[0.02316454 0.06657115 0.1228225  0.16645542],[ 19.349539  46.1935    75.44042  111.62056 ],[ 5.5149064 17.607195  33.044323  50.913258 ],[8.183971  8.106877  7.9780297 7.798444 ],[0.37935898 0.43571746 0.5158262  0.6211108 ],[8.254019 8.249561 8.239468 8.22615 ],[0.36668321 0.40296978 0.44160876 0.48203832]
DDK8,C,4e-07,15,True,False,TDD,vanilla,5,[0.08245607 0.1957088  0.32753018 0.47485095],[0.02550647 0.07756499 0.14818168 0.20646611],[ 21.449383  53.000134  91.58064  138.71423 ],[ 5.5848417 21.778116  46.45726   76.120766 ],[8.216079 8.121781 7.96426  7.728565],[0.38322872 0.45773062 0.5674645  0.7409654 ],[8.300738 8.310435 8.318503 8.321449],[0.36233523 0.4033232  0.448278   0.4995451 ]
DDK8,C,4e-07,18,True,False,TDD,vanilla,5,[0.09765386 0.23695126 0.37969303 0.5271061 ],[0.04271242 0.12986454 0.20718408 0.23604515],[ 24.099781  61.58662  104.261696 155.72595 ],[ 7.6719675 28.787567  57.427986  88.1857   ],[8.1433    7.9924974 7.753856  7.454428 ],[0.54558194 0.6970281  0.93720496 1.1853918 ],[8.245845 8.256775 8.268593 8.282536],[0.5129303  0.5608195  0.60647964 0.64250934]
DDK8,C,4e-07,21,True,False,TDD,vanilla,5,[0.11800838 0.28366575 0.46076465 0.63478494],[0.05481486 0.14375341 0.21204694 0.22176296],[ 27.970583  73.20507  125.22685  187.87889 ],[ 9.751395 38.55045  65.436806 91.140594],[8.079741  7.8935957 7.5760365 7.1841693],[0.5321122 0.6531013 0.9072451 1.1394929],[8.208268 8.233376 8.263854 8.301309],[0.48909435 0.49843127 0.5081799  0.52443814]
DDK8,C,4e-07,24,True,False,TDD,vanilla,5,[0.12952591 0.31341264 0.49958485 0.66479576],[0.06775879 0.19656818 0.26107714 0.26986155],[ 30.888557  80.36223  130.6502   182.62909 ],[14.959336 56.02947  80.54604  99.28228 ],[8.083155  7.822192  7.4346275 7.028965 ],[0.5397118 0.6887433 0.9520111 1.2009884],[8.224326 8.216809 8.205311 8.196901],[0.5019927  0.53854054 0.5763094  0.6127203 ]
DDK8,C,4e-07,27,True,False,TDD,vanilla,5,[0.1419407  0.32639465 0.50932235 0.67630416],[0.07344113 0.17905277 0.23203792 0.24145411],[ 35.478065  85.97774  136.04225  188.03107 ],[ 23.185759  63.53976   82.6057   100.89219 ],[8.049321  7.755166  7.4336896 7.0205855],[0.5625379  0.75954896 0.9674505  1.1566595 ],[8.212278 8.205426 8.209401 8.201062],[0.52702165 0.5741107  0.6127436  0.64407486]
DDK8,C,4e-07,33,True,False,TDD,vanilla,5,[0.18963616 0.39402142 0.585476   0.7336224 ],[0.11716966 0.21850505 0.27407494 0.2788333 ],[ 45.14432 100.73342 153.42787 196.61787],[ 28.728642  63.98268   86.124275 106.540344],[7.9561377 7.631428  7.227862  6.84962  ],[0.7378793 0.9822083 1.2404972 1.4325463],[8.183739 8.192224 8.175432 8.147135],[0.6432265  0.66101295 0.6978664  0.7402622 ]
DDK8,C,4e-07,36,True,False,TDD,vanilla,5,[0.21307069 0.47262448 0.6695317  0.78221846],[0.15754801 0.27604905 0.32183608 0.28251013],[ 52.213646 126.46892  184.94672  229.65195 ],[ 32.976673  72.4404    98.10079  114.118546],[8.007175  7.5212235 7.011415  6.747071 ],[0.7453493 1.1638064 1.4922014 1.4911212],[8.265757  8.2690735 8.257155  8.252183 ],[0.6276491  0.67769957 0.705928   0.7128718 ]
DDK8,C,4e-07,42,True,False,TDD,vanilla,5,[0.32368103 0.531324   0.7612356  0.93038154],[0.3130422  0.26826873 0.35467088 0.2961803 ],[ 86.9776  139.80763 208.73166 262.90048],[111.790085  89.42354  127.33818  132.63626 ],[7.729752  7.350227  6.8297563 6.2416325],[0.8748755 1.0523322 1.2450591 1.3568631],[8.192731 8.206451 8.21126  8.215601],[0.59920657 0.60754186 0.64400005 0.6513544 ]
DDK8,D,5e-08,3,True,False,TDD,vanilla,5,[0.02008436 0.06273162 0.12434932 0.17322756],[0.01730282 0.06433129 0.1258313  0.15783907],[ 5.94776  18.603216 36.89469  51.34434 ],[ 5.1172523 19.020031  37.26054   46.55021  ],[8.29193  8.287151 8.28176  8.274548],[0.07556705 0.08116199 0.08734521 0.09382794],[8.299658 8.29858  8.297538 8.29653 ],[0.07468852 0.07996947 0.08556426 0.0913942 ]
DDK8,D,5e-08,6,True,False,TDD,vanilla,5,[0.02508164 0.07072009 0.12564686 0.1666891 ],[0.01814753 0.06484061 0.12118868 0.15505491],[ 7.4764194 21.069853  37.42823   49.594345 ],[ 5.37718  19.168592 35.919193 45.94919 ],[8.301714  8.2952175 8.285998  8.274359 ],[0.12105556 0.13401464 0.14853837 0.16422714],[8.311767 8.311415 8.310966 8.310436],[0.12025459 0.13231722 0.14488111 0.15781623]
DDK8,D,5e-08,9,True,False,TDD,vanilla,5,[0.03200651 0.09908468 0.16216728 0.21084037],[0.01685389 0.0681036  0.1195555  0.15715575],[ 9.499092 29.498404 48.09382  62.563683],[ 5.0378222 20.429213  35.3235    46.83576  ],[8.286253  8.274012  8.257251  8.2389345],[0.13287236 0.15395363 0.17681338 0.20134056],[8.297676 8.293371 8.288761 8.283954],[0.1321482  0.15266456 0.17479543 0.19807528]
DDK8,D,5e-08,12,True,False,TDD,vanilla,5,[0.03106612 0.09570035 0.15551955 0.20534119],[0.01567555 0.06307601 0.11544133 0.14291589],[ 8.966816 27.680273 44.989986 59.492344],[ 4.2766175 17.644156  32.40602   40.066086 ],[8.268612 8.255606 8.239262 8.218908],[0.18899077 0.21425334 0.24222577 0.27063134],[8.282729 8.280233 8.277586 8.274747],[0.18684064 0.21076299 0.2355141  0.26066127]
DDK8,D,5e-08,15,True,False,TDD,vanilla,5,[0.03387554 0.09715469 0.15961571 0.21362257],[0.01686095 0.06296127 0.11903069 0.15593679],[ 9.846016 28.643627 47.172222 62.950382],[ 4.8942585 18.781282  35.84238   46.516655 ],[8.253148 8.237074 8.21651  8.192885],[0.21293277 0.23467624 0.25789106 0.28559148],[8.270022 8.268729 8.268344 8.268918],[0.2086949  0.22577141 0.24269079 0.25992864]
DDK8,D,5e-08,18,True,False,TDD,vanilla,5,[0.03716246 0.10902794 0.17033197 0.23864537],[0.01779765 0.07177337 0.13226147 0.1743742 ],[10.682891 31.281956 48.60575  68.164   ],[ 5.116472 20.953384 38.822716 50.89855 ],[8.248392 8.218402 8.182323 8.144278],[0.23855044 0.27153644 0.31097326 0.3480746 ],[8.267819  8.256482  8.2475815 8.242658 ],[0.2351493 0.2640463 0.2919402 0.3160511]
DDK8,D,5e-08,21,True,False,TDD,vanilla,5,[0.03627637 0.09888782 0.15840164 0.21792561],[0.01627612 0.05921158 0.10400977 0.14569873],[10.514621 28.864107 46.820812 65.55482 ],[ 4.8246546 18.02442   34.549248  52.280693 ],[8.256726 8.242413 8.222278 8.196078],[0.25435957 0.29083604 0.33360636 0.3755757 ],[8.27719   8.282884  8.2891655 8.295584 ],[0.25249338 0.2854534  0.32003936 0.35299757]
DDK8,D,5e-08,24,True,False,TDD,vanilla,5,[0.0350624  0.09003545 0.15080702 0.2048145 ],[0.01826487 0.06784103 0.11529206 0.1541208 ],[10.106919 25.998037 43.622547 59.468998],[ 5.0282545 19.341112  33.848545  46.76837  ],[8.258123  8.23222   8.1984825 8.155082 ],[0.25016275 0.28091067 0.3158476  0.35467634],[8.280112  8.273623  8.264235  8.2512455],[0.24701582 0.27596948 0.30649292 0.3357034 ]
DDK8,D,5e-08,27,True,False,TDD,vanilla,5,[0.03876667 0.09990611 0.1788195  0.25118086],[0.01985135 0.08055829 0.14113115 0.19149776],[10.903561 27.5437   50.31811  71.449265],[ 5.2501755 21.175661  37.36465   51.875397 ],[8.238964  8.218762  8.196206  8.1698265],[0.30104548 0.3222397  0.35020453 0.38181365],[8.262777 8.265217 8.269065 8.273772],[0.2979555  0.3138878  0.33165452 0.3518799 ]
DDK8,D,5e-08,33,True,False,TDD,vanilla,5,[0.03662067 0.08796808 0.14710136 0.20005722],[0.01809097 0.06345748 0.1039004  0.12958153],[10.150787 25.075989 41.884735 58.817516],[ 4.672397 19.96563  33.056507 43.742065],[8.206389  8.1738405 8.138063  8.110486 ],[0.3197367  0.33849955 0.35888124 0.3624448 ],[8.235228 8.229521 8.229554 8.238303],[0.31300098 0.32693157 0.3373971  0.34345612]
DDK8,D,5e-08,36,True,False,TDD,vanilla,5,[0.04271383 0.10536852 0.18661895 0.26305202],[0.01855638 0.07415166 0.11600035 0.15549143],[12.84716  31.867517 56.662216 79.927315],[ 5.361097 22.75343  36.159477 47.47747 ],[8.305603 8.278071 8.240791 8.194376],[0.28544417 0.30708027 0.334634   0.37287983],[8.336734 8.337908 8.336387 8.332141],[0.27704263 0.29162735 0.30735877 0.3248851 ]
DDK8,D,5e-08,42,True,False,TDD,vanilla,5,[0.04590502 0.11002351 0.18535809 0.2468513 ],[0.02391525 0.07243278 0.11730494 0.13998117],[13.360744 32.963943 56.902184 78.25022 ],[ 6.4233003 21.00626   36.870083  49.34     ],[8.253706 8.247189 8.23143  8.193238],[0.30902544 0.32694227 0.3490291  0.3733397 ],[8.291798 8.319096 8.342037 8.351114],[0.29859725 0.30620685 0.31966177 0.34217647]
DDK8,D,2e-07,3,True,False,TDD,vanilla,5,[0.02314556 0.05976275 0.11398502 0.15713863],[0.01707008 0.05915632 0.11480398 0.14362808],[ 6.924403 17.92881  34.191315 47.145763],[ 5.1115923 17.734238  34.383686  43.038887 ],[8.29173  8.288443 8.284711 8.279527],[0.05627792 0.06323709 0.07039474 0.0778968 ],[8.30472  8.305355 8.306001 8.306659],[0.05492547 0.06174164 0.06871933 0.07579485]
DDK8,D,2e-07,6,True,False,TDD,vanilla,5,[0.03189169 0.08066037 0.13949457 0.17519478],[0.01893673 0.06644759 0.12731816 0.16303423],[ 9.5158615 24.073479  41.633183  52.19033  ],[ 5.6545577 19.745178  37.790436  48.132458 ],[8.28953  8.282232 8.272414 8.262099],[0.08516719 0.09695603 0.10960691 0.12237927],[8.304998 8.30393  8.302717 8.301365],[0.08359402 0.0947236  0.10591125 0.1170879 ]
DDK8,D,2e-07,9,True,False,TDD,vanilla,5,[0.04436072 0.12542051 0.20043081 0.2553445 ],[0.01628895 0.06244348 0.11230852 0.15684518],[13.281644 37.72716  60.28518  76.89392 ],[ 4.951684 18.993671 34.15368  47.814667],[8.285951 8.277842 8.265369 8.251854],[0.13109073 0.14629367 0.1622729  0.1788212 ],[8.304958 8.305161 8.30541  8.30564 ],[0.12817776 0.14271183 0.15739685 0.17246187]
DDK8,D,2e-07,12,True,False,TDD,vanilla,5,[0.03842714 0.10872061 0.18170221 0.2385166 ],[0.01501097 0.06050505 0.11978452 0.15459804],[11.488816 32.5076   53.985977 70.80164 ],[ 4.33074  17.69335  33.965584 43.851532],[8.293931 8.284623 8.274038 8.259413],[0.14483957 0.1678312  0.191257   0.21617037],[8.313007 8.312093 8.310837 8.309354],[0.14296053 0.16523613 0.1881396  0.2113783 ]
DDK8,D,2e-07,15,True,False,TDD,vanilla,5,[0.04063006 0.10744787 0.16688485 0.21848553],[0.01589336 0.06493371 0.12292539 0.1595186 ],[11.87163  31.156275 47.858418 62.830467],[ 4.3007364 17.750296  32.677452  42.582165 ],[8.270802 8.257247 8.242052 8.22382 ],[0.1886782  0.21131922 0.2350854  0.25949734],[8.293565  8.2920685 8.2905855 8.289156 ],[0.18703032 0.20940296 0.23131841 0.25235698]
DDK8,D,2e-07,18,True,False,TDD,vanilla,5,[0.04247724 0.1018042  0.15392466 0.20501827],[0.015261   0.05617727 0.10320721 0.12883909],[12.5522375 30.981009  46.937572  62.43772  ],[ 4.208912 18.401323 32.850735 41.25829 ],[8.280531 8.272045 8.260807 8.244202],[0.22581309 0.2477601  0.27166343 0.29475847],[8.305725 8.309488 8.312395 8.314784],[0.22037174 0.2390583  0.25812885 0.27720353]
DDK8,D,2e-07,21,True,False,TDD,vanilla,5,[0.04078012 0.09439533 0.14541185 0.19528322],[0.01722047 0.06628055 0.11765859 0.15480849],[11.641035 27.14904  41.993828 57.280697],[ 4.473962 18.64265  33.10866  44.835693],[8.238328  8.228253  8.217043  8.2029915],[0.25058588 0.27241144 0.29402298 0.31290936],[8.264703 8.267769 8.272947 8.279535],[0.24443386 0.26372743 0.2798239  0.2931526 ]
DDK8,D,2e-07,24,True,False,TDD,vanilla,5,[0.04189137 0.089361   0.15087442 0.21041727],[0.01660652 0.06222447 0.10416076 0.14366266],[12.066507 25.965096 44.643776 63.000717],[ 4.3629475 17.574795  31.661509  44.354893 ],[8.248912 8.239858 8.224842 8.204689],[0.24719636 0.2664762  0.29028112 0.3182602 ],[8.277871 8.283131 8.289918 8.296556],[0.24175097 0.25661522 0.27360883 0.29408902]
DDK8,D,2e-07,27,True,False,TDD,vanilla,5,[0.0442247  0.10121325 0.172937   0.23248878],[0.01973653 0.0749803  0.14621487 0.1872151 ],[12.573265 29.29906  49.35658  67.68812 ],[ 5.141216 21.45521  39.73903  54.87633 ],[8.223302 8.207169 8.187488 8.167705],[0.2706703  0.29439452 0.32495093 0.3583738 ],[8.2537155 8.252774  8.254282  8.257275 ],[0.26518136 0.28589198 0.31270012 0.34290448]
DDK8,D,2e-07,33,True,False,TDD,vanilla,5,[0.04185023 0.09166134 0.15708701 0.21162088],[0.01775622 0.06194953 0.10633254 0.14096364],[12.200933 26.673376 46.464115 64.38199 ],[ 4.7140985 17.379904  30.673794  43.65217  ],[8.262057 8.244451 8.224004 8.206839],[0.29986295 0.30915064 0.31954423 0.3337728 ],[8.294483 8.296839 8.303677 8.315007],[0.29260948 0.29500195 0.30127394 0.31653824]
DDK8,D,2e-07,36,True,False,TDD,vanilla,5,[0.04710568 0.10243314 0.16652991 0.21869332],[0.02224006 0.08149378 0.13297123 0.17375343],[13.199932 28.0766   45.664692 61.548164],[ 5.8047147 20.994783  33.739998  49.78233  ],[8.219022  8.17239   8.12549   8.0792265],[0.3153143  0.34974286 0.38120535 0.40746588],[8.254462  8.231821  8.213254  8.2022705],[0.30821246 0.33105987 0.3529215  0.36922216]
DDK8,D,2e-07,42,True,False,TDD,vanilla,5,[0.05135476 0.12046921 0.19054574 0.26505998],[0.02001848 0.07413989 0.13233446 0.1651328 ],[14.818469 35.372887 56.171055 79.21687 ],[ 5.3382215 22.889826  40.65622   51.275448 ],[8.233574 8.200437 8.158616 8.119382],[0.321318   0.3414902  0.3598209  0.37729102],[8.275828 8.271634 8.268322 8.26755 ],[0.31351313 0.32876962 0.3366903  0.34487548]
DDK8,D,4e-07,3,True,False,TDD,vanilla,5,[0.03044326 0.07318364 0.13499978 0.18388471],[0.01980422 0.06829116 0.13192432 0.16443235],[ 9.022972 21.775827 40.139416 54.56757 ],[ 5.9432955 20.527552  39.59531   49.416748 ],[8.275574 8.268427 8.260881 8.251554],[0.05551178 0.06374993 0.0721238  0.08086652],[8.293405 8.290766 8.28805  8.285257],[0.05372701 0.06171242 0.06978194 0.07790729]
DDK8,D,4e-07,6,True,False,TDD,vanilla,5,[0.04071629 0.09768964 0.16335669 0.20886391],[0.02113212 0.07208161 0.1320021  0.17556764],[12.110679 29.201109 48.870556 62.581005],[ 6.288703 21.545967 39.30814  52.62203 ],[8.28081  8.275467 8.267635 8.25938 ],[0.10010589 0.11392981 0.12797129 0.14212275],[8.302427 8.303819 8.305447 8.30732 ],[0.09781612 0.11133109 0.12449647 0.1372722 ]
DDK8,D,4e-07,9,True,False,TDD,vanilla,5,[0.04558402 0.1129738  0.1798162  0.2247203 ],[0.0181078  0.06433791 0.11125626 0.14845979],[13.633142 34.007732 54.202007 67.90244 ],[ 5.3070145 19.11262   32.909645  44.213795 ],[8.286536 8.281619 8.274378 8.26718 ],[0.12582245 0.14516121 0.16519782 0.18524335],[8.310682 8.313534 8.316418 8.319339],[0.1229313  0.14134116 0.15957414 0.17754117]
DDK8,D,4e-07,12,True,False,TDD,vanilla,5,[0.04266642 0.10231392 0.1488654  0.19340904],[0.01745787 0.06142274 0.10271867 0.13350736],[12.774688 30.867569 44.965435 58.601738],[ 5.198346 18.515541 31.123707 41.042366],[8.289345 8.28192  8.272833 8.261509],[0.15841693 0.18070057 0.20480847 0.22880314],[8.314311 8.315415 8.316559 8.31765 ],[0.15571669 0.17662454 0.19755578 0.21827404]
DDK8,D,4e-07,15,True,False,TDD,vanilla,5,[0.04738762 0.10890306 0.16182417 0.21252657],[0.01767311 0.05974285 0.1044114  0.14082919],[14.288972 33.339016 49.813427 65.691154],[ 5.048372 18.55043  32.45578  43.95608 ],[8.302231 8.296952 8.290287 8.278072],[0.17960194 0.19925681 0.21845059 0.23857664],[8.331775 8.336437 8.340626 8.344339],[0.17464425 0.1934692  0.21228619 0.23092636]
DDK8,D,4e-07,18,True,False,TDD,vanilla,5,[0.0477762  0.10748459 0.15560225 0.20433758],[0.01758913 0.06311965 0.11106998 0.14305867],[14.051854 32.030186 46.29316  61.262672],[ 5.0961056 19.46118   33.909336  45.23542  ],[8.256026 8.242422 8.227034 8.20767 ],[0.19302644 0.21442476 0.24180336 0.27229095],[8.286208 8.283078 8.280533 8.278921],[0.19004631 0.20961969 0.23211282 0.2563469 ]
DDK8,D,4e-07,21,True,False,TDD,vanilla,5,[0.04931702 0.10681364 0.16258599 0.21373455],[0.01756874 0.06283356 0.11177288 0.15068927],[14.758729 32.38406  49.509243 65.77878 ],[ 5.35118  19.841673 35.581226 50.124195],[8.284369 8.270715 8.250942 8.225277],[0.21278216 0.25242126 0.2975099  0.33941606],[8.315765 8.314188 8.310797 8.306976],[0.20739509 0.2451768  0.28654093 0.3257228 ]
DDK8,D,4e-07,24,True,False,TDD,vanilla,5,[0.05353614 0.11687659 0.19138527 0.24676466],[0.01733517 0.06883532 0.11535604 0.1573422 ],[15.813089 35.04923  57.68445  73.81617 ],[ 5.210933 21.318348 36.208714 47.547413],[8.260975 8.249724 8.229681 8.203717],[0.24790657 0.27443844 0.30691108 0.3408994 ],[8.2942295 8.294001  8.29249   8.29053  ],[0.24053971 0.2657455  0.29513124 0.32629207]
DDK8,D,4e-07,27,True,False,TDD,vanilla,5,[0.04906542 0.10386731 0.17307651 0.24054098],[0.01778867 0.06712885 0.12864776 0.1818771 ],[14.330847 30.866753 51.705814 71.35816 ],[ 5.1537924 21.440237  41.19048   56.09658  ],[8.250647 8.242446 8.225203 8.202184],[0.2527458  0.2636057  0.28159717 0.3115307 ],[8.284804 8.288184 8.289756 8.287945],[0.24599674 0.25614992 0.27404147 0.30254942]
DDK8,D,4e-07,33,True,False,TDD,vanilla,5,[0.04904753 0.08288991 0.14770631 0.19732481],[0.0209664  0.05549629 0.08675475 0.11736528],[14.194742 24.665167 45.146317 61.19071 ],[ 5.8536077 18.995811  30.989449  44.416405 ],[8.244896 8.232611 8.219289 8.20209 ],[0.3031866  0.32419592 0.34330076 0.35239258],[8.283479 8.285306 8.291762 8.302665],[0.29424185 0.31225926 0.32923257 0.3390499 ]
DDK8,D,4e-07,36,True,False,TDD,vanilla,5,[0.055026   0.10452609 0.18867566 0.23420638],[0.02529985 0.08177262 0.14183389 0.1715241 ],[15.131168 29.002443 52.76683  67.15874 ],[ 5.691032 20.523825 36.398308 45.214478],[8.183802 8.174685 8.160101 8.143333],[0.31519625 0.34520867 0.37307554 0.39400002],[8.223469 8.229465 8.240253 8.252065],[0.30499366 0.32756943 0.34636486 0.3621993 ]
DDK8,D,4e-07,42,True,False,TDD,vanilla,5,[0.05463361 0.1109734  0.18580383 0.23498851],[0.02629702 0.08347047 0.14059062 0.17642161],[15.618824 31.529072 53.60671  68.50108 ],[ 6.353126 21.49962  38.473255 48.81042 ],[8.252941 8.218252 8.17457  8.131756],[0.2694793  0.29485002 0.31353897 0.33101547],[8.293684 8.277752 8.263025 8.253034],[0.2600928  0.2811057  0.29591087 0.3149146 ]
DDK8,A,5e-08,3,True,False,TDD,vanilla,10,[0.02709647 0.07203689 0.13861364 0.19878347],[0.01970316 0.06620938 0.13316877 0.17830572],[ 6.123438 17.004879 33.111935 46.33314 ],[ 4.6393433 16.836521  34.71763   44.16205  ],[8.228058 8.227845 8.225605 8.220055],[0.36643684 0.38201994 0.39926326 0.4185847 ],[8.233838 8.237641 8.241822 8.246357],[0.36562672 0.3805851  0.39700893 0.4147793 ]
DDK8,A,5e-08,6,True,False,TDD,vanilla,10,[0.0414803  0.10870982 0.19053362 0.2582992 ],[0.02373817 0.07808711 0.15509838 0.21797103],[ 9.745093 25.89807  43.638554 58.558685],[ 5.6886063 18.484093  33.59086   44.24688  ],[8.27273  8.263541 8.243989 8.217978],[0.44488722 0.4854937  0.5314577  0.5808358 ],[8.28204  8.2848   8.287399 8.290143],[0.44220755 0.47809482 0.5148415  0.55173457]
DDK8,A,5e-08,9,True,False,TDD,vanilla,10,[0.06284744 0.17628472 0.3335255  0.47516498],[0.06479932 0.18799424 0.46065313 0.7294504 ],[11.663056 33.920372 55.34349  75.293816],[ 5.33716  18.953714 31.404867 43.89412 ],[8.218174 8.183466 8.133594 8.070363],[0.5540303 0.6175992 0.6916002 0.7763526],[8.232175 8.218963 8.206256 8.19461 ],[0.5494946  0.6048245  0.66238713 0.7200331 ]
DDK8,A,5e-08,12,True,False,TDD,vanilla,10,[0.06576879 0.20426323 0.37907514 0.52198464],[0.06144751 0.28603122 0.8656224  0.9787083 ],[10.99639  31.741316 52.90936  82.78865 ],[ 5.8792825 19.223747  35.537968  53.67732  ],[8.151107  8.115125  8.062063  7.9880886],[0.5758228  0.65910673 0.758945   0.87340945],[8.1713705 8.169162  8.165635  8.1618185],[0.5680532  0.6353437  0.7046337  0.77285534]
DDK8,A,5e-08,15,True,False,TDD,vanilla,10,[0.07013896 0.20282336 0.34076554 0.53106576],[0.0544731  0.20399903 0.39580804 0.6665396 ],[12.830905 36.3024   60.881847 92.90328 ],[ 6.0025015 21.986473  41.713993  78.32729  ],[8.20319  8.160317 8.104173 8.00784 ],[0.73149997 0.8274662  0.93723583 1.0703592 ],[8.229278 8.228537 8.234898 8.246084],[0.716445   0.7802941  0.83712816 0.889672  ]
DDK8,A,5e-08,18,True,False,TDD,vanilla,10,[0.10827956 0.30673754 0.51360273 0.8584698 ],[0.11573698 0.4259458  0.71137214 1.7047285 ],[ 13.846691  38.211723  63.539886 103.57409 ],[ 6.166354 23.666819 44.88909  81.16369 ],[8.125749 8.064749 7.97683  7.826081],[0.8452838 0.9402591 1.0526813 1.2240294],[8.165414 8.166351 8.164887 8.15692 ],[0.8150258 0.8670547 0.9366969 1.025056 ]
DDK8,A,5e-08,21,True,False,TDD,vanilla,10,[0.1013021 0.2549682 0.4360459 0.6764426],[0.08865336 0.33757293 0.48539424 0.7133905 ],[ 14.832907  37.517956  63.146378 106.94986 ],[ 6.2991743 22.777466  42.25532   65.195755 ],[8.055365 7.978566 7.852216 7.668814],[0.9221076  0.98995805 1.0940207  1.2707815 ],[8.097888  8.0776415 8.057297  8.0439825],[0.8918794  0.9238005  0.95249516 0.97904676]
DDK8,A,5e-08,24,True,False,TDD,vanilla,10,[0.10972677 0.2859616  0.59058553 0.6545983 ],[0.13467954 0.5771411  1.3080518  0.7361044 ],[ 15.461213  38.5088    75.04193  120.02548 ],[ 7.2706933 28.28117   59.844944  91.21562  ],[8.201743  8.119092  7.9509935 7.6818943],[0.8020835  0.89601004 1.0532056  1.3163553 ],[8.248478 8.227171 8.202078 8.1868  ],[0.7698817  0.82811874 0.88698286 0.9156224 ]
DDK8,A,5e-08,27,True,False,TDD,vanilla,10,[0.1258981 0.3189362 0.5891932 1.015959 ],[0.13629776 0.36571997 0.7869642  1.9943318 ],[ 17.10577   48.303448  87.464806 141.73016 ],[  8.085697  34.31258   66.00788  116.7155  ],[8.02096   7.929494  7.7568192 7.473251 ],[0.8422337  0.92871726 1.0691226  1.3158612 ],[8.073305 8.057036 8.035699 8.017298],[0.81447893 0.87702554 0.95565355 1.0139018 ]
DDK8,A,5e-08,33,True,False,TDD,vanilla,10,[0.1745089  0.39496517 0.6663693  0.76319367],[0.23414983 0.6727829  0.9748098  0.51781535],[ 21.516785  54.455063 107.229294 174.4991  ],[ 12.774248  43.168995  88.910934 151.78694 ],[8.108913  7.9763203 7.713519  7.3538494],[0.9974195 1.1843497 1.3607376 1.4052551],[8.180847  8.193614  8.203002  8.1704445],[0.9456215  0.95782167 0.92753166 0.9645922 ]
DDK8,A,5e-08,36,True,False,TDD,vanilla,10,[0.19395009 0.49531895 0.8525077  1.0400242 ],[0.2478441 0.6326285 1.0451758 0.9095249],[ 23.38926   63.882313 130.65273  214.13573 ],[ 14.215116  53.76341  116.20652  181.1941  ],[8.003603  7.842062  7.467636  6.9977765],[0.9027065 1.0266556 1.3711038 1.5826281],[8.093336 8.087319 8.075918 8.088953],[0.84122604 0.8823591  0.96047276 0.99210644]
DDK8,A,5e-08,42,True,False,TDD,vanilla,10,[0.24006723 0.56427974 0.83123034 1.1858925 ],[0.24411532 0.6354518  0.7494887  1.0943992 ],[ 25.940388  75.54478  139.02528  211.19293 ],[ 22.233418  56.93806  105.37795  161.29875 ],[7.707533  7.477897  7.143286  6.6097364],[1.1253161 1.351431  1.5244025 1.6069013],[7.833758 7.885902 7.919857 7.917343],[1.0413706 1.023846  1.0217247 1.0423343]
DDK8,A,2e-07,3,True,False,TDD,vanilla,10,[0.0314984  0.0742388  0.13536455 0.18474741],[0.01912722 0.06213726 0.12209661 0.14298898],[ 7.6481886 18.621386  33.76935   45.31676  ],[ 5.1497273 17.090662  32.6985    37.68446  ],[8.117536 8.115303 8.110473 8.10091 ],[0.631176   0.6360738  0.64239734 0.651485  ],[8.130689 8.134304 8.138219 8.142409],[0.6257091 0.6282687 0.6312905 0.6347323]
DDK8,A,2e-07,6,True,False,TDD,vanilla,10,[0.04146292 0.10199793 0.17926382 0.23505087],[0.02663146 0.08345375 0.15973063 0.19528209],[10.7639   27.040417 47.166363 61.422173],[ 7.5309215 24.560476  46.66779   55.9462   ],[8.260019 8.252525 8.236139 8.216696],[0.60761416 0.6301182  0.66197455 0.69662637],[8.274826 8.279523 8.284403 8.289545],[0.6015826  0.61828643 0.63822275 0.6610321 ]
DDK8,A,2e-07,9,True,False,TDD,vanilla,10,[0.04926161 0.12982044 0.21627575 0.28957942],[0.02901215 0.08727243 0.14310719 0.17584683],[11.745091 32.60859  53.491455 71.5049  ],[ 6.1761327 21.889435  36.94567   49.091618 ],[8.193119 8.184818 8.160702 8.124799],[0.6814402  0.70882595 0.7525005  0.81125885],[8.212872 8.222125 8.22945  8.234579],[0.6716166  0.6904289  0.7124399  0.73767006]
DDK8,A,2e-07,12,True,False,TDD,vanilla,10,[0.06293944 0.16429658 0.26020238 0.3608077 ],[0.04185858 0.125657   0.21176618 0.31855687],[12.429917 33.41499  52.483765 72.28054 ],[ 6.4805365 21.759134  39.32888   52.096836 ],[8.089255  8.036084  7.971201  7.8861217],[0.74196315 0.79818195 0.8630742  0.9548717 ],[8.118894 8.099322 8.080267 8.061373],[0.72288525 0.7593847  0.79724795 0.8372211 ]
DDK8,A,2e-07,15,True,False,TDD,vanilla,10,[0.07262918 0.18211487 0.29177505 0.41133934],[0.04939606 0.13513449 0.25095138 0.31017354],[12.304    32.261032 50.37408  76.73879 ],[ 5.3058405 18.16459   33.33267   55.61001  ],[7.9216847 7.866021  7.7997313 7.699025 ],[0.8348241 0.9136379 1.0056299 1.1081697],[7.960368 7.953955 7.952423 7.9545  ],[0.8137213 0.856927  0.8997762 0.942242 ]
DDK8,A,2e-07,18,True,False,TDD,vanilla,10,[0.06836063 0.16739818 0.27534848 0.43032372],[0.04329064 0.11654098 0.2344261  0.41815466],[13.052123 32.853134 51.166172 78.38641 ],[ 4.689728 18.938242 35.21262  55.176483],[8.0874605 8.021076  7.9314766 7.7882633],[0.8332778  0.90514314 0.987486   1.110481  ],[8.126295 8.107923 8.089695 8.074124],[0.8090824  0.8441579  0.88169974 0.92264533]
DDK8,A,2e-07,21,True,False,TDD,vanilla,10,[0.08379966 0.18677042 0.32869488 0.5208463 ],[0.06120982 0.14417888 0.27047297 0.4143305 ],[14.399934 34.022446 58.316994 94.61519 ],[ 5.2367864 20.025557  35.63535   54.026608 ],[8.06154   8.006402  7.9092946 7.746543 ],[0.8792093 0.9359097 1.0263816 1.1573361],[8.111541 8.108097 8.098149 8.079145],[0.84507656 0.87269056 0.9155379  0.9743686 ]
DDK8,A,2e-07,24,True,False,TDD,vanilla,10,[0.08787761 0.18869404 0.34185323 0.5463026 ],[0.07788407 0.1586885  0.32833025 0.5796287 ],[ 14.620075  33.22679   61.49304  105.92069 ],[ 5.8045645 20.930405  37.46673   68.387634 ],[8.048069  7.9579964 7.819968  7.625271 ],[0.866943   0.99155396 1.1411242  1.315959  ],[8.102798 8.079458 8.073869 8.082761],[0.8285165 0.893055  0.9226012 0.9377865]
DDK8,A,2e-07,27,True,False,TDD,vanilla,10,[0.08515148 0.21056944 0.39119375 0.63993037],[0.06261851 0.19373018 0.3861471  0.6326322 ],[ 15.509477  40.13525   73.18629  121.769005],[  6.8877587  30.846087   68.80452   117.93027  ],[8.054834  7.954793  7.7757287 7.51404  ],[0.8252495  0.92248994 1.0878649  1.2505409 ],[8.11104  8.084653 8.048851 8.015041],[0.78864    0.83198315 0.884727   0.9329143 ]
DDK8,A,2e-07,33,True,False,TDD,vanilla,10,[0.09966777 0.26744872 0.4980942  0.72857225],[0.08154644 0.24238224 0.40642136 0.55373615],[ 18.249454  51.652134 104.42317  160.17635 ],[  8.99304   39.241516  88.449425 135.6725  ],[8.151555  8.047412  7.7998724 7.4195766],[0.8511764 0.94372   1.1045885 1.3691125],[8.216682  8.2085085 8.163704  8.084707 ],[0.8136454 0.8615523 0.9495743 1.0525955]
DDK8,A,2e-07,36,True,False,TDD,vanilla,10,[0.1260457  0.3231038  0.6780146  0.93884325],[0.10644291 0.31910196 0.85353184 0.790826  ],[ 20.796219  54.4672   114.764534 200.52313 ],[ 11.512394  41.224476  88.080025 159.50041 ],[7.989989 7.841489 7.520441 7.188367],[0.88956076 0.99016005 1.3035055  1.3418558 ],[8.077505 8.06925  8.089985 8.128924],[0.82759804 0.8323908  0.8334932  0.87066954]
DDK8,A,2e-07,42,True,False,TDD,vanilla,10,[0.15263072 0.43248662 0.7416586  0.9892333 ],[0.1234745  0.49264285 0.62892634 0.6837243 ],[ 23.572426  62.66823  128.03099  198.11961 ],[ 16.101566  51.702515 130.25613  169.76807 ],[7.8157997 7.552719  7.1806374 6.7870398],[1.0307267 1.2736828 1.4300905 1.5702004],[7.927911  7.910005  7.917583  7.9121513],[0.96075475 0.9710648  0.9386558  0.9704687 ]
DDK8,A,4e-07,3,True,False,TDD,vanilla,10,[0.03411428 0.08220852 0.14994307 0.20283929],[0.01892496 0.06741953 0.13074915 0.14963442],[ 9.678464 23.764198 43.472572 58.373955],[ 5.5600476 20.256222  39.023075  45.477566 ],[8.122867  8.114954  8.104553  8.0888195],[0.342273   0.35138482 0.36169064 0.37423888],[8.140506 8.137633 8.134504 8.131127],[0.34248444 0.35056454 0.35972664 0.36985973]
DDK8,A,4e-07,6,True,False,TDD,vanilla,10,[0.0438303  0.0999127  0.16385339 0.2163169 ],[0.02076796 0.06550531 0.12247207 0.15052637],[11.881931 27.171728 43.546146 57.02916 ],[ 5.750444 17.922407 31.106087 39.562145],[8.154049 8.143208 8.125173 8.1021  ],[0.39147434 0.42292085 0.45887795 0.49800232],[8.176272 8.178738 8.180604 8.181811],[0.39123917 0.4205529  0.45303023 0.4878832 ]
DDK8,A,4e-07,9,True,False,TDD,vanilla,10,[0.05230175 0.13439572 0.2188058  0.28769788],[0.0233652  0.07759644 0.13353926 0.16897488],[13.953765 36.312305 57.987946 76.42764 ],[ 5.645816 20.712431 34.97096  46.41713 ],[8.156485 8.133815 8.100263 8.065747],[0.4810861 0.5309905 0.590662  0.640859 ],[8.184002 8.182483 8.180069 8.177103],[0.4719663  0.5057804  0.54053843 0.5759417 ]
DDK8,A,4e-07,12,True,False,TDD,vanilla,10,[0.05573943 0.13632555 0.213559   0.30095047],[0.02394944 0.06464591 0.13470082 0.19804752],[14.16504 35.75348 53.92625 76.86942],[ 5.494304 18.605278 31.22826  44.95519 ],[8.120578  8.090841  8.053248  7.9985332],[0.5829479  0.64039516 0.7004605  0.7697877 ],[8.15235  8.154115 8.15547  8.156445],[0.5726108  0.6156969  0.65478444 0.68982166]
DDK8,A,4e-07,15,True,False,TDD,vanilla,10,[0.06191287 0.15656883 0.253693   0.36096358],[0.02887373 0.10694497 0.23103036 0.3141682 ],[14.15582  35.316025 54.897133 80.6786  ],[ 5.2723145 16.621195  27.32465   46.931168 ],[8.0288515 7.9983344 7.9520946 7.8733416],[0.5829763  0.63890636 0.7133222  0.80258024],[8.066401 8.071935 8.077987 8.082911],[0.5711157  0.6151953  0.66565377 0.7195561 ]
DDK8,A,4e-07,18,True,False,TDD,vanilla,10,[0.06772352 0.15675299 0.2543633  0.38100156],[0.03449728 0.08866792 0.17782359 0.25183946],[ 15.246873  37.303543  61.487946 100.03327 ],[ 4.8551455 18.308779  38.06991   66.952385 ],[8.047347  8.034966  8.00012   7.9203877],[0.63938713 0.7102285  0.79995835 0.9193484 ],[8.09442  8.127554 8.160606 8.190095],[0.6232103  0.6795312  0.74975705 0.8271956 ]
DDK8,A,4e-07,21,True,False,TDD,vanilla,10,[0.07261644 0.15918846 0.26405197 0.3929618 ],[0.04139131 0.11631512 0.23076671 0.2761057 ],[ 15.607152  35.807804  61.60121  104.00613 ],[ 5.588656 20.343792 46.9976   82.4927  ],[7.968706  7.951642  7.8841057 7.7597837],[0.6979276  0.77435154 0.8838349  1.0068533 ],[8.028134 8.068816 8.101429 8.12289 ],[0.67326814 0.7159541  0.7663214  0.81699765]
DDK8,A,4e-07,24,True,False,TDD,vanilla,10,[0.07981081 0.17710394 0.33534816 0.52158624],[0.04438572 0.10825294 0.22672229 0.31784573],[ 15.41717   33.991432  61.603745 102.11737 ],[ 5.9473   19.348288 36.66391  67.832954],[7.86809   7.7645555 7.5932283 7.3752666],[0.7716327 0.8747713 1.0337992 1.192783 ],[7.927203  7.8822603 7.847619  7.832544 ],[0.74526685 0.8172085  0.8804765  0.9221472 ]
DDK8,A,4e-07,27,True,False,TDD,vanilla,10,[0.09302074 0.21821272 0.39655048 0.5896841 ],[0.07094852 0.1824821  0.35769135 0.4776257 ],[ 17.939777  42.468674  80.57442  135.53355 ],[  6.613545  24.227417  59.661907 107.67399 ],[7.9156404 7.8220425 7.6509113 7.4281187],[0.7484074 0.8472387 1.001139  1.158082 ],[7.9919696 7.989279  7.998762  8.014314 ],[0.70994437 0.749423   0.7883426  0.81563747]
DDK8,A,4e-07,33,True,False,TDD,vanilla,10,[0.10875168 0.29235741 0.53449893 0.71039575],[0.09496657 0.2643858  0.45491204 0.45394483],[ 18.915298  51.305992 100.33067  168.97533 ],[  7.07503  34.94282  70.351   127.57881],[7.9114995 7.7476444 7.463709  7.096355 ],[0.74913764 0.89371717 1.1310027  1.340496  ],[7.995203  7.9802413 7.973531  7.9859047],[0.70891154 0.7746805  0.8564755  0.92781574]
DDK8,A,4e-07,36,True,False,TDD,vanilla,10,[0.10034087 0.22743776 0.442402   0.6772319 ],[0.06160577 0.15196522 0.29771882 0.4092708 ],[ 21.938536  50.273903  97.829544 154.39383 ],[10.193885 29.421255 64.05699  98.101234],[8.023588  7.9048176 7.6119537 7.1504784],[0.8745591 0.9284537 1.0759485 1.3188832],[8.108352 8.090845 8.035079 7.95603 ],[0.8385771  0.8493455  0.87210375 0.9073687 ]
DDK8,A,4e-07,42,True,False,TDD,vanilla,10,[0.1516377 0.3530155 0.5988227 0.8700856],[0.12592903 0.24403475 0.38020495 0.4953413 ],[ 25.733696  75.901405 152.51028  242.35074 ],[ 12.258129  54.88814  125.34446  172.63527 ],[7.8001204 7.682523  7.395605  6.8942137],[0.87352145 0.979624   1.1237323  1.4708688 ],[7.9211125 8.026638  8.094642  8.118456 ],[0.81548744 0.8076006  0.8508136  0.89531356]
DDK8,C,5e-08,3,True,False,TDD,vanilla,10,[0.0354295  0.09365147 0.1811349  0.25723913],[0.02403863 0.08189919 0.15998134 0.20068526],[ 7.570908 20.625914 39.317623 54.496025],[ 4.6101904 17.242582  33.644676  42.24833  ],[8.315003 8.304604 8.286388 8.259703],[0.20026484 0.21276167 0.22932427 0.25179777],[8.326575 8.326315 8.326018 8.325577],[0.19877578 0.20899162 0.22026956 0.2324996 ]
DDK8,C,5e-08,6,True,False,TDD,vanilla,10,[0.05625386 0.15537396 0.28043297 0.38201237],[0.03299223 0.12586696 0.2581339  0.30292988],[10.62673  28.281971 48.268665 66.56567 ],[ 4.4716043 14.909997  27.992172  39.05129  ],[8.210671 8.174525 8.117031 8.040913],[0.30349758 0.33285987 0.37116662 0.41725594],[8.230418 8.22319  8.218066 8.215206],[0.29918042 0.32049295 0.3425427  0.3658508 ]
DDK8,C,5e-08,9,True,False,TDD,vanilla,10,[0.07051375 0.23328497 0.38575676 0.53627455],[0.03930306 0.2183709  0.34617114 0.39575994],[ 13.016993  39.33458   70.48556  102.86074 ],[ 4.3950233 16.829048  33.717575  52.694443 ],[8.228269  8.1810665 8.095052  7.9634027],[0.40047753 0.44595173 0.5033605  0.5868082 ],[8.254384 8.254124 8.254158 8.25498 ],[0.39488202 0.43240994 0.46764877 0.49863467]
DDK8,C,5e-08,12,True,False,TDD,vanilla,10,[0.07209767 0.21971661 0.4036585  0.5859087 ],[0.05049764 0.15186493 0.2699553  0.31408432],[ 13.425531  40.60276   76.613594 120.78142 ],[ 5.183547 19.462242 45.693577 73.29388 ],[8.256281 8.171122 8.010557 7.756452],[0.4149569  0.47268006 0.5920068  0.77334285],[8.288876  8.277489  8.269999  8.2660885],[0.40042427 0.41886386 0.44892526 0.4908567 ]
DDK8,C,5e-08,15,True,False,TDD,vanilla,10,[0.08782408 0.2572051  0.49717763 0.6502841 ],[0.05311641 0.17333305 0.42263287 0.423899  ],[ 15.189335  48.531586  93.32732  143.42862 ],[ 6.752378 29.313343 58.466637 91.36041 ],[8.245592 8.154175 7.952533 7.678593],[0.4117736  0.48305675 0.6913048  0.99218637],[8.284434 8.291013 8.302465 8.324361],[0.4031638  0.44232005 0.4866336  0.5346952 ]
DDK8,C,5e-08,18,True,False,TDD,vanilla,10,[0.13451555 0.3819982  0.623778   0.8126911 ],[0.11526038 0.28994358 0.4066577  0.43121195],[ 19.615934  70.065414 123.534706 172.21547 ],[ 11.564762  46.377655  82.597176 109.33977 ],[8.122098  7.894765  7.5154743 7.051666 ],[0.57471323 0.75674736 1.064047   1.2201222 ],[8.200162 8.199213 8.199512 8.190836],[0.5350562  0.57275265 0.58666337 0.60950494]
DDK8,C,5e-08,21,True,False,TDD,vanilla,10,[0.14481598 0.405112   0.6377409  0.8423134 ],[0.11106039 0.28012505 0.38375455 0.42343602],[ 23.84574  80.59156 134.48904 191.41011],[ 14.747422  60.42082   96.59736  120.00015 ],[8.183841 7.883178 7.455353 6.99166 ],[0.52764165 0.81041235 1.2564973  1.5181571 ],[8.273708 8.270968 8.278294 8.289778],[0.4893335 0.5536807 0.6028044 0.6329883]
DDK8,C,5e-08,24,True,False,TDD,vanilla,10,[0.18352883 0.45656928 0.6525236  0.7997417 ],[0.16820309 0.33865952 0.3747992  0.37415802],[ 29.803444  90.03927  142.46277  195.1794  ],[ 22.249632  67.56004   97.360146 125.94009 ],[8.110634  7.722582  7.3414655 6.8240767],[0.6136508  0.99330586 1.2238408  1.5541847 ],[8.232507 8.229933 8.229175 8.226252],[0.56549513 0.60039735 0.6194327  0.6659933 ]
DDK8,C,5e-08,27,True,False,TDD,vanilla,10,[0.22612692 0.5057819  0.7715094  0.9061869 ],[0.21596913 0.3716462  0.6145004  0.5176399 ],[ 33.741367  99.13093  153.10245  200.71947 ],[ 24.89495   79.741936 103.487595 109.20857 ],[7.996516  7.5105815 7.053169  6.636466 ],[0.6896724 1.1954774 1.3813106 1.5445648],[8.173424 8.189116 8.193333 8.201783],[0.5681614  0.57618004 0.5760544  0.6105042 ]
DDK8,C,5e-08,33,True,False,TDD,vanilla,10,[0.35687962 0.691616   0.9894934  1.1374651 ],[0.41552565 0.554733   0.79539776 0.7111033 ],[ 55.385063 130.25749  202.60893  248.10938 ],[ 60.42568  88.9006  142.35785 137.39595],[7.89851   7.2505865 6.8186464 6.3300123],[0.6742098 1.2903656 1.2848098 1.5988525],[8.163975 8.166744 8.197453 8.228497],[0.55520767 0.59197205 0.6344895  0.69245917]
DDK8,C,5e-08,36,True,False,TDD,vanilla,10,[0.55133176 0.92314726 1.2989998  1.2187229 ],[0.56410503 0.60530645 1.0915053  0.94608045],[ 89.8288  176.7399  253.07315 275.7334 ],[111.751076 117.30974  173.48506  148.30577 ],[7.7521343 6.9771895 6.2454286 6.0504127],[0.86102074 1.3440174  1.5897924  1.6046978 ],[8.201372 8.212413 8.186459 8.202197],[0.5879251 0.6015146 0.5885965 0.6164567]
DDK8,C,5e-08,42,True,False,TDD,vanilla,10,[0.90727323 0.96232295 1.1719565  1.1614704 ],[1.6663138  0.88433075 0.7189193  0.53631556],[137.24022 169.76532 222.27809 266.19897],[234.61572  118.418144 133.18808  162.04764 ],[7.3936114 6.858352  6.310453  5.6731706],[1.1412618 1.3241799 1.4848129 1.6304778],[8.154698 8.128567 8.085518 8.078484],[0.6038881  0.6198292  0.71537834 0.8178851 ]
DDK8,C,2e-07,3,True,False,TDD,vanilla,10,[0.03056936 0.07492802 0.14076771 0.19306496],[0.01661016 0.05837347 0.11574395 0.13532144],[ 8.074806 20.280848 38.316055 52.4909  ],[ 4.53017  16.354452 32.357136 38.183117],[8.254522 8.242392 8.222454 8.193872],[0.16667874 0.18130969 0.20077647 0.22423393],[8.269406 8.268143 8.26673  8.265156],[0.16525045 0.17695566 0.18965855 0.20317249]
DDK8,C,2e-07,6,True,False,TDD,vanilla,10,[0.04448976 0.11487995 0.20400313 0.27935696],[0.01796754 0.06218552 0.13053818 0.16707924],[11.933004 31.379663 54.979195 75.205246],[ 4.9984727 17.288288  34.88091   45.348568 ],[8.26371  8.222638 8.150635 8.055955],[0.24201547 0.27363497 0.3240483  0.39957187],[8.289013 8.28343  8.278104 8.273454],[0.23840481 0.2612574  0.2851649  0.3086477 ]
DDK8,C,2e-07,9,True,False,TDD,vanilla,10,[0.0538327  0.14915958 0.25802192 0.36490306],[0.01847757 0.0613027  0.12020657 0.16662805],[13.67797  38.49909  65.969666 94.78796 ],[ 4.1105604 14.799645  28.123222  43.009842 ],[8.235149 8.193036 8.117793 8.007023],[0.3080388  0.36122644 0.43380192 0.5251164 ],[8.265249 8.267987 8.272074 8.276913],[0.30145794 0.33881113 0.3764504  0.4147206 ]
DDK8,C,2e-07,12,True,False,TDD,vanilla,10,[0.05440279 0.16231905 0.29153594 0.43534428],[0.01948284 0.07765688 0.16929096 0.22979648],[ 13.935324  42.125282  73.86795  115.72244 ],[ 4.7448664 19.254969  39.182266  64.40604  ],[8.239178  8.165767  8.028393  7.8244677],[0.35509714 0.4230341  0.53467804 0.71037716],[8.275466 8.271283 8.26691  8.262678],[0.34935436 0.39719546 0.44388452 0.48593506]
DDK8,C,2e-07,15,True,False,TDD,vanilla,10,[0.07051621 0.21555313 0.3805727  0.55342793],[0.03169104 0.12072853 0.22101893 0.28838962],[ 17.03637   54.060802  97.76433  148.32999 ],[ 7.1214075 28.26978   54.780876  80.054146 ],[8.15188   8.01595   7.7671375 7.415725 ],[0.46222377 0.5482298  0.746749   1.0384916 ],[8.207965 8.210038 8.215867 8.224112],[0.45113933 0.4856871  0.5191998  0.54643935]
DDK8,C,2e-07,18,True,False,TDD,vanilla,10,[0.07523226 0.21973869 0.38236648 0.5473232 ],[0.04170026 0.13428679 0.22697288 0.26717257],[ 18.166681  58.357468 107.984695 164.03287 ],[  9.202237  41.245758  88.88574  130.2926  ],[8.1933365 8.0493    7.7518053 7.432367 ],[0.51348615 0.6089023  0.8366986  1.0083014 ],[8.257838 8.261139 8.260707 8.264115],[0.49564663 0.5484521  0.60611343 0.6623807 ]
DDK8,C,2e-07,21,True,False,TDD,vanilla,10,[0.09308302 0.27076492 0.44069192 0.610784  ],[0.06390718 0.19887686 0.26609483 0.2722473 ],[ 23.248604  73.47074  126.923096 185.20618 ],[ 17.181606  59.25858   96.47437  117.88669 ],[8.151351  7.9239984 7.5855865 7.167687 ],[0.5014737  0.7374225  0.95323724 1.256994  ],[8.236614 8.255446 8.269096 8.275333],[0.48349896 0.5265164  0.5651753  0.60599506]
DDK8,C,2e-07,24,True,False,TDD,vanilla,10,[0.12802094 0.35969603 0.58072275 0.75859934],[0.08828471 0.19700295 0.28540656 0.28788033],[ 28.8041   91.95016 154.90599 210.43695],[ 20.880112  64.402176 103.382576 125.168045],[8.004938  7.6744995 7.2286134 6.6902165],[0.6233442 0.8072695 1.0319866 1.3832947],[8.131182 8.132619 8.148181 8.162027],[0.5804273  0.61564034 0.6213094  0.64173055]
DDK8,C,2e-07,27,True,False,TDD,vanilla,10,[0.129394   0.3647747  0.58513564 0.744345  ],[0.07768599 0.21030809 0.32776526 0.34232688],[ 29.752241  89.72573  144.3984   190.46944 ],[ 18.130756  57.738773  85.39382  100.90844 ],[8.031502  7.6866612 7.2107806 6.691322 ],[0.58921176 0.77582777 1.0955011  1.3703123 ],[8.16426  8.148859 8.14116  8.125651],[0.5455145  0.57448643 0.5996173  0.65095395]
DDK8,C,2e-07,33,True,False,TDD,vanilla,10,[0.2309988  0.5136469  0.7280439  0.83619034],[0.20471129 0.38203186 0.44785458 0.32741398],[ 49.85936 117.19581 180.01773 219.54732],[ 41.607285  83.01585  114.53396  113.07916 ],[7.8732405 7.3366704 6.8540874 6.605878 ],[0.75759804 1.1228921  1.3443006  1.2101533 ],[8.134128 8.123875 8.132454 8.157437],[0.62713987 0.62046474 0.62091714 0.6189508 ]
DDK8,C,2e-07,36,True,False,TDD,vanilla,10,[0.22727564 0.4906976  0.7153482  0.81503725],[0.25726348 0.3727506  0.53333324 0.38000634],[ 52.134586 122.59517  182.17244  222.32787 ],[ 51.85107   95.93477  114.16001  112.841484],[7.964996  7.4553304 7.00586   6.565744 ],[0.7102438 1.1476952 1.3298618 1.448641 ],[8.223166 8.203659 8.193959 8.197771],[0.5721486  0.62228054 0.6435787  0.6443599 ]
DDK8,C,2e-07,42,True,False,TDD,vanilla,10,[0.44255742 0.63419425 0.955001   1.0471464 ],[0.7688587  0.4131681  0.89170617 0.5546415 ],[101.35732 157.7715  239.50156 275.9504 ],[202.04346  102.145874 176.02727  139.04527 ],[7.674746  7.2363143 6.7024217 6.1584907],[1.1311302 1.1890709 1.3742385 1.4408897],[8.202137 8.208331 8.213117 8.186108],[0.62006235 0.64596266 0.66607225 0.7035478 ]
DDK8,C,4e-07,3,True,False,TDD,vanilla,10,[0.03172656 0.07467563 0.13382052 0.18669416],[0.01678062 0.06032614 0.11552431 0.14067954],[ 9.001425 21.709034 39.021656 54.32948 ],[ 5.0154486 18.360466  34.576435  42.180775 ],[8.29816   8.2896385 8.27474   8.252569 ],[0.18371212 0.1992091  0.2181495  0.2407956 ],[8.31983  8.321709 8.323363 8.324781],[0.1824369  0.19586535 0.21045375 0.22601187]
DDK8,C,4e-07,6,True,False,TDD,vanilla,10,[0.04439449 0.10489933 0.17662655 0.24007101],[0.01819797 0.05822193 0.10860867 0.1371613 ],[12.000043 28.899979 48.568016 65.833206],[ 5.400713 17.284367 32.107964 41.863686],[8.22674  8.197367 8.150168 8.094702],[0.26849774 0.2943321  0.32562578 0.36143604],[8.259438 8.260148 8.261916 8.265042],[0.26467186 0.2839932  0.30338576 0.3230583 ]
DDK8,C,4e-07,9,True,False,TDD,vanilla,10,[0.05345172 0.14064695 0.23988937 0.3381983 ],[0.01984139 0.06657275 0.12596275 0.16781361],[14.080736 37.80347  63.45171  89.62625 ],[ 4.7770348 17.340235  31.566154  46.543766 ],[8.261318 8.212704 8.134723 8.030859],[0.34508657 0.3979177  0.46616295 0.54567105],[8.299542  8.2919655 8.284302  8.276176 ],[0.3363756  0.3739166  0.41209707 0.44999707]
DDK8,C,4e-07,12,True,False,TDD,vanilla,10,[0.05883624 0.1568248  0.2637076  0.39181095],[0.02063741 0.0665825  0.12520045 0.1695766 ],[ 15.264147  41.50739   69.501495 104.622536],[ 5.1276765 17.564796  33.75793   52.04274  ],[8.205814  8.138486  8.021512  7.8575664],[0.3760655  0.43188494 0.5100275  0.61040515],[8.254019 8.249561 8.239468 8.22615 ],[0.36668321 0.40296978 0.44160876 0.48203832]
DDK8,C,4e-07,15,True,False,TDD,vanilla,10,[0.06458937 0.17524214 0.3076559  0.45345542],[0.02207537 0.07826065 0.15666816 0.21725775],[ 17.117943  47.8075    86.08691  132.37357 ],[ 5.4922833 22.10836   48.111485  78.23229  ],[8.240932 8.157498 8.00834  7.794557],[0.377001   0.44952434 0.5607345  0.72167975],[8.300738 8.310435 8.318503 8.321449],[0.36233523 0.4033232  0.448278   0.4995451 ]
DDK8,C,4e-07,18,True,False,TDD,vanilla,10,[0.07701939 0.21453308 0.35376987 0.49905422],[0.03687602 0.12766586 0.20526703 0.23845059],[ 19.252901  56.17302   97.70381  147.66885 ],[ 7.106799 28.746277 57.052444 87.46665 ],[8.171272  8.03254   7.8112025 7.5341535],[0.5367454  0.68244356 0.9104733  1.1739308 ],[8.245845 8.256775 8.268593 8.282536],[0.5129303  0.5608195  0.60647964 0.64250934]
DDK8,C,4e-07,21,True,False,TDD,vanilla,10,[0.09284814 0.25681844 0.43378726 0.60944086],[0.05011265 0.14291018 0.21387109 0.22774437],[ 22.126945  66.394775 117.77574  180.56406 ],[ 9.404717 38.22057  64.91089  91.79844 ],[8.113107  7.9406457 7.641474  7.2808394],[0.52246493 0.63875186 0.88963306 1.1109515 ],[8.208268 8.233376 8.263854 8.301309],[0.48909435 0.49843127 0.5081799  0.52443814]
DDK8,C,4e-07,24,True,False,TDD,vanilla,10,[0.10345506 0.28525507 0.4734589  0.64093673],[0.05948219 0.18611725 0.25305378 0.26527485],[ 25.203588  74.110306 124.518875 176.70116 ],[ 14.5853615  55.87958    81.49698   100.8364   ],[8.116334  7.8714757 7.497542  7.1049104],[0.5282635  0.6615311  0.92447394 1.1848191 ],[8.224326 8.216809 8.205311 8.196901],[0.5019927  0.53854054 0.5763094  0.6127203 ]
DDK8,C,4e-07,27,True,False,TDD,vanilla,10,[0.11760045 0.3004655  0.48407295 0.65311897],[0.0715734  0.18311155 0.24139366 0.25328872],[ 29.936253  79.692116 129.07277  181.00723 ],[ 23.247437  63.535316  82.461945 100.47331 ],[8.082515  7.802088  7.501684  7.1115394],[0.55067414 0.7474475  0.94673276 1.1461542 ],[8.212278 8.205426 8.209401 8.201062],[0.52702165 0.5741107  0.6127436  0.64407486]
DDK8,C,4e-07,33,True,False,TDD,vanilla,10,[0.16492222 0.3677364  0.5608177  0.7136995 ],[0.11548244 0.21717492 0.2782112  0.2862097 ],[ 39.51147  94.38257 146.56682 189.68283],[ 28.986244  64.192665  86.38241  105.20543 ],[7.9917192 7.6898894 7.2939153 6.953048 ],[0.724294  0.9526199 1.2352377 1.4051243],[8.183739 8.192224 8.175432 8.147135],[0.6432265  0.66101295 0.6978664  0.7402622 ]
DDK8,C,4e-07,36,True,False,TDD,vanilla,10,[0.1898961  0.45282185 0.6497748  0.7653642 ],[0.15639792 0.27872726 0.3296838  0.29212648],[ 46.72274 121.08619 178.99791 223.78781],[ 33.261295  73.487045  99.10936  112.19085 ],[8.041754  7.5710464 7.090533  6.8306236],[0.72740614 1.1490592  1.4585481  1.4699495 ],[8.265757  8.2690735 8.257155  8.252183 ],[0.6276491  0.67769957 0.705928   0.7128718 ]
DDK8,C,4e-07,42,True,False,TDD,vanilla,10,[0.2991777  0.5070698  0.73979723 0.9165001 ],[0.31967854 0.2755077  0.37001425 0.3042655 ],[ 81.11741 133.46489 201.72766 258.75446],[112.411964  90.43514  127.68414  134.01198 ],[7.7699156 7.409395  6.9185166 6.324912 ],[0.8652202 1.0363507 1.221383  1.3582308],[8.192731 8.206451 8.21126  8.215601],[0.59920657 0.60754186 0.64400005 0.6513544 ]
DDK8,D,5e-08,3,True,False,TDD,vanilla,10,[0.01827584 0.06118892 0.12031528 0.16350046],[0.01729919 0.06309246 0.11960766 0.14423354],[ 5.4256067 18.15418   35.684784  48.441185 ],[ 5.1254745 18.654598  35.403923  42.527348 ],[8.295631 8.292568 8.289043 8.284318],[0.07523976 0.08077142 0.0867752  0.09315885],[8.299658 8.29858  8.297538 8.29653 ],[0.07468852 0.07996947 0.08556426 0.0913942 ]
DDK8,D,5e-08,6,True,False,TDD,vanilla,10,[0.02258415 0.06804467 0.11943011 0.15472558],[0.01793126 0.06267148 0.11484354 0.14142288],[ 6.7465186 20.308674  35.628086  46.13138  ],[ 5.3324156 18.582903  34.121284  42.067028 ],[8.306322  8.3023205 8.296486  8.288589 ],[0.12062201 0.13315101 0.14653166 0.1608666 ],[8.311767 8.311415 8.310966 8.310436],[0.12025459 0.13231722 0.14488111 0.15781623]
DDK8,D,5e-08,9,True,False,TDD,vanilla,10,[0.0285533  0.09453776 0.1548102  0.19890702],[0.01626111 0.06597976 0.11682517 0.1511858 ],[ 8.49306  28.196753 45.991528 59.073593],[ 4.8427267 19.77779   34.451637  44.960403 ],[8.291369 8.282003 8.269814 8.255642],[0.1325836  0.15345363 0.17602815 0.2000812 ],[8.297676 8.293371 8.288761 8.283954],[0.1321482  0.15266456 0.17479543 0.19807528]
DDK8,D,5e-08,12,True,False,TDD,vanilla,10,[0.02758571 0.09154453 0.15116616 0.19869544],[0.01557398 0.06163739 0.11381353 0.13643895],[ 8.001108 26.55751  43.757736 57.539867],[ 4.3120112 17.296824  31.99051   38.235615 ],[8.273986 8.263395 8.249875 8.234058],[0.18826562 0.2136346  0.24098158 0.26873946],[8.282729 8.280233 8.277586 8.274747],[0.18684064 0.21076299 0.2355141  0.26066127]
DDK8,D,5e-08,15,True,False,TDD,vanilla,10,[0.02924366 0.09037001 0.15082811 0.19993189],[0.01667288 0.06204094 0.1161322  0.14685711],[ 8.588777 26.816662 44.706146 59.065117],[ 4.987304 18.699524 35.123337 44.10942 ],[8.25979  8.247577 8.230928 8.212602],[0.21116604 0.23192646 0.2547677  0.2794159 ],[8.270022 8.268729 8.268344 8.268918],[0.2086949  0.22577141 0.24269079 0.25992864]
DDK8,D,5e-08,18,True,False,TDD,vanilla,10,[0.0323125  0.10247922 0.16158357 0.22617453],[0.01768442 0.07123163 0.1298088  0.17101142],[ 9.345492 29.514317 46.31251  64.92371 ],[ 5.219694 20.993666 38.24398  50.224285],[8.255049 8.228484 8.197068 8.164219],[0.23690477 0.268969   0.30539927 0.33921656],[8.267819  8.256482  8.2475815 8.242658 ],[0.2351493 0.2640463 0.2919402 0.3160511]
DDK8,D,5e-08,21,True,False,TDD,vanilla,10,[0.03223454 0.0935452  0.15262797 0.21076672],[0.0168792  0.0596613  0.10426504 0.14456512],[ 9.36928  27.330835 45.117565 63.38157 ],[ 5.054997 18.16817  34.380306 51.573475],[8.263147 8.251838 8.235442 8.214794],[0.25361452 0.28871235 0.33045933 0.36977518],[8.27719   8.282884  8.2891655 8.295584 ],[0.25249338 0.2854534  0.32003936 0.35299757]
DDK8,D,5e-08,24,True,False,TDD,vanilla,10,[0.03049127 0.08365581 0.1432619  0.1947386 ],[0.01838821 0.06585441 0.11018921 0.1449333 ],[ 8.809318 24.22197  41.545197 56.679245],[ 5.0714703 18.862345  32.7225    44.495213 ],[8.264724 8.241517 8.212246 8.173157],[0.24876842 0.2786618  0.31206924 0.3484692 ],[8.280112  8.273623  8.264235  8.2512455],[0.24701582 0.27596948 0.30649292 0.3357034 ]
DDK8,D,5e-08,27,True,False,TDD,vanilla,10,[0.03389642 0.09335495 0.16977493 0.2396817 ],[0.02013215 0.07936487 0.13781244 0.18712367],[ 9.518105 25.796999 47.81721  68.360985],[ 5.392973 20.959215 36.62082  51.30111 ],[8.245588 8.228373 8.21025  8.18887 ],[0.2994402  0.3189577  0.3456637  0.37467408],[8.262777 8.265217 8.269065 8.273772],[0.2979555  0.3138878  0.33165452 0.3518799 ]
DDK8,D,5e-08,33,True,False,TDD,vanilla,10,[0.03167256 0.08145472 0.1389347  0.19052994],[0.01840489 0.06272844 0.10799805 0.13430586],[ 8.798642 23.320105 39.569244 56.164974],[ 4.8465767 19.72871   33.465004  44.74906  ],[8.212724 8.183033 8.152063 8.130505],[0.3184694  0.33621186 0.3568207  0.35913587],[8.235228 8.229521 8.229554 8.238303],[0.31300098 0.32693157 0.3373971  0.34345612]
DDK8,D,5e-08,36,True,False,TDD,vanilla,10,[0.03758185 0.09952983 0.1800026  0.25195166],[0.01824144 0.07309338 0.11490087 0.15486744],[11.34982  30.252626 54.920185 77.06729 ],[ 5.3640513 22.708702  36.710278  48.646893 ],[8.311442 8.286015 8.252705 8.210615],[0.28420365 0.30564645 0.3314045  0.36879063],[8.336734 8.337908 8.336387 8.332141],[0.27704263 0.29162735 0.30735877 0.3248851 ]
DDK8,D,5e-08,42,True,False,TDD,vanilla,10,[0.04131973 0.10285562 0.17726521 0.23846062],[0.02440222 0.07084227 0.11785797 0.13897319],[12.039517 30.887123 54.380127 75.67755 ],[ 6.704219 20.87552  36.919357 48.84517 ],[8.260218 8.257265 8.244933 8.211257],[0.30746645 0.32447124 0.34889847 0.37080628],[8.291798 8.319096 8.342037 8.351114],[0.29859725 0.30620685 0.31966177 0.34217647]
DDK8,D,2e-07,3,True,False,TDD,vanilla,10,[0.02076851 0.05937916 0.113416   0.15287316],[0.01724068 0.06001596 0.11423218 0.13652912],[ 6.231275 17.827873 34.021454 45.87311 ],[ 5.164535 17.967644 34.144146 40.832146],[8.296631  8.294857  8.292996  8.2899065],[0.05585449 0.06281125 0.0698368  0.07717552],[8.30472  8.305355 8.306001 8.306659],[0.05492547 0.06174164 0.06871933 0.07579485]
DDK8,D,2e-07,6,True,False,TDD,vanilla,10,[0.02855964 0.07794154 0.13384265 0.16386174],[0.01860816 0.06467798 0.12218744 0.14963232],[ 8.543669 23.30315  39.948475 48.796066],[ 5.5780997 19.267595  36.28964   44.15282  ],[8.295275 8.290335 8.283856 8.276653],[0.08450468 0.09594421 0.10773557 0.11968589],[8.304998 8.30393  8.302717 8.301365],[0.08359402 0.0947236  0.10591125 0.1170879 ]
DDK8,D,2e-07,9,True,False,TDD,vanilla,10,[0.03940284 0.11902447 0.19194356 0.24320678],[0.01563851 0.05985407 0.10624701 0.14633687],[11.823809 35.835854 57.716938 73.1725  ],[ 4.7472854 18.176596  32.26759   44.363647 ],[8.293088 8.287844 8.28011  8.271304],[0.13005424 0.1451599  0.16058351 0.17600794],[8.304958 8.305161 8.30541  8.30564 ],[0.12817776 0.14271183 0.15739685 0.17246187]
DDK8,D,2e-07,12,True,False,TDD,vanilla,10,[0.0335968  0.10388387 0.17760628 0.22917944],[0.01551095 0.0602345  0.11814238 0.14819069],[10.036431 31.008394 52.71451  68.02809 ],[ 4.4550037 17.471266  33.432827  42.115047 ],[8.300838 8.293667 8.285634 8.275174],[0.14422809 0.16704497 0.19056349 0.21453287],[8.313007 8.312093 8.310837 8.309354],[0.14296053 0.16523613 0.1881396  0.2113783 ]
DDK8,D,2e-07,15,True,False,TDD,vanilla,10,[0.03466751 0.09875648 0.15853733 0.20993948],[0.01571939 0.0639023  0.12114147 0.15759951],[10.13106  28.668346 45.50626  60.407192],[ 4.304312 17.653057 32.442513 42.317463],[8.278363 8.26791  8.255649 8.242048],[0.18823232 0.21088417 0.23386249 0.25725353],[8.293565  8.2920685 8.2905855 8.289156 ],[0.18703032 0.20940296 0.23131841 0.25235698]
DDK8,D,2e-07,18,True,False,TDD,vanilla,10,[0.03630143 0.09314427 0.14413399 0.19308138],[0.01576465 0.0570978  0.1024783  0.12263987],[10.749785 28.434692 44.156395 59.042515],[ 4.445672 18.559183 32.85363  39.618546],[8.288778 8.283424 8.275    8.261535],[0.22416307 0.24550359 0.26795584 0.29045424],[8.305725 8.309488 8.312395 8.314784],[0.22037174 0.2390583  0.25812885 0.27720353]
DDK8,D,2e-07,21,True,False,TDD,vanilla,10,[0.03430089 0.08707271 0.13755852 0.186546  ],[0.01726384 0.06793169 0.11831532 0.15288682],[ 9.794753 25.081928 39.827053 54.921417],[ 4.5773325 19.099821  33.39012   44.534058 ],[8.246653 8.239342 8.230881 8.221425],[0.24884818 0.26982412 0.2901     0.3084859 ],[8.264703 8.267769 8.272947 8.279535],[0.24443386 0.26372743 0.2798239  0.2931526 ]
DDK8,D,2e-07,24,True,False,TDD,vanilla,10,[0.03391244 0.08070042 0.1421574  0.19952425],[0.01522586 0.06127117 0.10326736 0.1392339 ],[ 9.763127 23.519846 42.114674 59.90163 ],[ 4.0360065 17.419931  31.350832  43.471825 ],[8.258024 8.250997 8.239484 8.225474],[0.24596435 0.2646731  0.2873403  0.31293795],[8.277871 8.283131 8.289918 8.296556],[0.24175097 0.25661522 0.27360883 0.29408902]
DDK8,D,2e-07,27,True,False,TDD,vanilla,10,[0.03725173 0.09317508 0.1646576  0.22420125],[0.02017671 0.07707829 0.15162785 0.19282685],[10.605081 27.021828 47.00201  65.40923 ],[ 5.360247 21.834444 40.71366  55.909172],[8.232042 8.21806  8.201947 8.185441],[0.26911107 0.29185346 0.32181033 0.35442063],[8.2537155 8.252774  8.254282  8.257275 ],[0.26518136 0.28589198 0.31270012 0.34290448]
DDK8,D,2e-07,33,True,False,TDD,vanilla,10,[0.03460411 0.08435198 0.14729066 0.20161827],[0.01709043 0.06198313 0.10700245 0.14058937],[10.100639 24.547537 43.571133 61.346634],[ 4.669866 17.37321  30.665676 43.01405 ],[8.270724 8.255096 8.238925 8.226383],[0.29791194 0.30703992 0.31598824 0.33086285],[8.294483 8.296839 8.303677 8.315007],[0.29260948 0.29500195 0.30127394 0.31653824]
DDK8,D,2e-07,36,True,False,TDD,vanilla,10,[0.03961491 0.09402765 0.15717971 0.20818779],[0.02153325 0.07973795 0.13348116 0.17406671],[11.114359 25.75792  43.21125  58.7452  ],[ 5.65631  20.485395 33.823555 50.036564],[8.2278385 8.183117  8.139713  8.096808 ],[0.3137278  0.34708726 0.37713736 0.40564305],[8.254462  8.231821  8.213254  8.2022705],[0.30821246 0.33105987 0.3529215  0.36922216]
DDK8,D,2e-07,42,True,False,TDD,vanilla,10,[0.04355537 0.11069226 0.18101439 0.25538933],[0.01884335 0.07112579 0.12802745 0.16001268],[12.590941 32.53297  53.53722  76.485275],[ 5.1694965 22.179026  40.0479    50.47674  ],[8.242483  8.210479  8.172844  8.1360035],[0.31934246 0.33956182 0.3533437  0.3732059 ],[8.275828 8.271634 8.268322 8.26755 ],[0.31351313 0.32876962 0.3366903  0.34487548]
DDK8,D,4e-07,3,True,False,TDD,vanilla,10,[0.02700479 0.07086343 0.13017249 0.1742418 ],[0.0197709  0.06785657 0.12693688 0.15285285],[ 8.030295 21.130903 38.739822 51.729294],[ 5.9521813 20.427273  38.122826  45.971073 ],[8.28105  8.275525 8.26999  8.263083],[0.05516808 0.06340483 0.07168472 0.08026844],[8.293405 8.290766 8.28805  8.285257],[0.05372701 0.06171242 0.06978194 0.07790729]
DDK8,D,4e-07,6,True,False,TDD,vanilla,10,[0.03595548 0.09282544 0.15430331 0.19300617],[0.02021088 0.06906779 0.12476788 0.15980709],[10.710989 27.772556 46.19175  57.883076],[ 6.004617 20.610434 37.033497 47.756767],[8.287549 8.284616 8.280732 8.276492],[0.09967694 0.11375102 0.12761828 0.14134097],[8.302427 8.303819 8.305447 8.30732 ],[0.09781612 0.11133109 0.12449647 0.1372722 ]
DDK8,D,4e-07,9,True,False,TDD,vanilla,10,[0.04035239 0.10878593 0.17600511 0.21763517],[0.01703696 0.06326155 0.11074618 0.14366768],[12.09832  32.797176 53.121563 65.850105],[ 5.034967 18.780016 32.784927 42.799026],[8.293885 8.291283 8.287646 8.283914],[0.12524626 0.14459215 0.16421813 0.18384393],[8.310682 8.313534 8.316418 8.319339],[0.1229313  0.14134116 0.15957414 0.17754117]
DDK8,D,4e-07,12,True,False,TDD,vanilla,10,[0.0367835  0.09586746 0.14311741 0.18619853],[0.01675345 0.0591192  0.10107528 0.12987338],[11.046372 29.035461 43.417435 56.70032 ],[ 5.0249815 17.982466  30.884312  40.21133  ],[8.297234 8.291967 8.286264 8.279115],[0.15758798 0.17939247 0.20240043 0.22460444],[8.314311 8.315415 8.316559 8.31765 ],[0.15571669 0.17662454 0.19755578 0.21827404]
DDK8,D,4e-07,15,True,False,TDD,vanilla,10,[0.03996101 0.100857   0.1548724  0.20564422],[0.01625131 0.05861865 0.10452881 0.1391475 ],[12.091473 30.965776 47.77525  63.692204],[ 4.736286 18.301682 32.54588  43.654385],[8.310936  8.307738  8.303659  8.2958145],[0.17800574 0.19757368 0.2167939  0.23635307],[8.331775 8.336437 8.340626 8.344339],[0.17464425 0.1934692  0.21228619 0.23092636]
DDK8,D,4e-07,18,True,False,TDD,vanilla,10,[0.04037652 0.0986683  0.1479     0.1956473 ],[0.01688874 0.06222983 0.11067878 0.14194135],[11.873771 29.455559 44.10609  58.817955],[ 4.9077716 19.192122  33.974777  45.30143  ],[8.264912 8.253598 8.241363 8.226338],[0.19207849 0.21281497 0.2386246  0.26725298],[8.286208 8.283078 8.280533 8.278921],[0.19004631 0.20961969 0.23211282 0.2563469 ]
DDK8,D,4e-07,21,True,False,TDD,vanilla,10,[0.04131496 0.09635814 0.1508154  0.19861957],[0.01675518 0.06226292 0.10955378 0.14643803],[12.41229  29.295376 45.966976 61.145905],[ 5.174598 19.605886 34.51919  48.35493 ],[8.293041 8.28211  8.266547 8.246091],[0.21119012 0.2500206  0.2943803  0.33589634],[8.315765 8.314188 8.310797 8.306976],[0.20739509 0.2451768  0.28654093 0.3257228 ]
DDK8,D,4e-07,24,True,False,TDD,vanilla,10,[0.04496838 0.10686438 0.17948584 0.23374766],[0.01656967 0.0671202  0.11363623 0.1537522 ],[13.35724  32.140305 54.174618 70.0822  ],[ 5.1525884 20.843222  35.622463  46.69793  ],[8.270548 8.260938 8.24535  8.224067],[0.24555773 0.27248603 0.30446115 0.33795762],[8.2942295 8.294001  8.29249   8.29053  ],[0.24053971 0.2657455  0.29513124 0.32629207]
DDK8,D,4e-07,27,True,False,TDD,vanilla,10,[0.04069518 0.09524847 0.16331157 0.22881894],[0.01699351 0.06739556 0.12746164 0.17875938],[11.922011 28.35896  48.908844 68.28252 ],[ 5.083908 21.65181  41.20399  56.039536],[8.260107  8.2530985 8.239588  8.220642 ],[0.25089043 0.26278237 0.28004768 0.30909184],[8.284804 8.288184 8.289756 8.287945],[0.24599674 0.25614992 0.27404147 0.30254942]
DDK8,D,4e-07,33,True,False,TDD,vanilla,10,[0.0400648  0.07434562 0.1366358  0.18544462],[0.01936767 0.05665771 0.08736158 0.11804808],[11.653873 22.259747 42.01655  57.937416],[ 5.6620593 19.213148  30.942022  44.45324  ],[8.254644 8.243482 8.233063 8.21938 ],[0.30072558 0.32125095 0.3397197  0.34879524],[8.283479 8.285306 8.291762 8.302665],[0.29424185 0.31225926 0.32923257 0.3390499 ]
DDK8,D,4e-07,36,True,False,TDD,vanilla,10,[0.04648072 0.09634184 0.17796563 0.2239366 ],[0.02405817 0.08183645 0.13865504 0.17244361],[12.761103 26.713892 49.66608  64.01996 ],[ 5.508379 20.514793 35.621986 44.999485],[8.193447 8.185577 8.174865 8.160995],[0.3131327  0.3424422  0.36848935 0.38947904],[8.223469 8.229465 8.240253 8.252065],[0.30499366 0.32756943 0.34636486 0.3621993 ]
DDK8,D,4e-07,42,True,False,TDD,vanilla,10,[0.04605008 0.10178991 0.17464313 0.224063  ],[0.02490195 0.08205136 0.13815899 0.17142235],[13.189898 29.00102  50.581757 65.56167 ],[ 6.072956 21.188034 38.06529  47.83347 ],[8.262684  8.229743  8.1902075 8.152111 ],[0.267044   0.29222018 0.31118584 0.32738718],[8.293684 8.277752 8.263025 8.253034],[0.2600928  0.2811057  0.29591087 0.3149146 ]
DDK8,A,5e-08,3,True,False,TDD,vanilla,15,[0.02418831 0.07092231 0.13784863 0.19479245],[0.01929133 0.0688742  0.13701245 0.17847762],[ 5.709801 17.12668  33.383827 46.08789 ],[ 4.645495 17.583752 35.69078  44.601963],[8.2300205 8.230379  8.228691  8.224149 ],[0.36629757 0.38184008 0.39911646 0.4182719 ],[8.233838 8.237641 8.241822 8.246357],[0.36562672 0.3805851  0.39700893 0.4147793 ]
DDK8,A,5e-08,6,True,False,TDD,vanilla,15,[0.03720427 0.1061696  0.18553685 0.2526717 ],[0.02294936 0.08157554 0.15259838 0.20833081],[ 9.01313  25.46801  42.723423 57.54112 ],[ 5.6125965 18.84967   33.57367   44.256683 ],[8.275339 8.267142 8.249415 8.225256],[0.44448057 0.48508033 0.5306201  0.57988155],[8.28204  8.2848   8.287399 8.290143],[0.44220755 0.47809482 0.5148415  0.55173457]
DDK8,A,5e-08,9,True,False,TDD,vanilla,15,[0.05608049 0.16957894 0.32614076 0.47268113],[0.05900794 0.1817603  0.46357724 0.7512686 ],[10.744728 33.14453  54.25072  74.333176],[ 5.066718 18.721043 30.885996 43.56301 ],[8.221406 8.188074 8.140359 8.079815],[0.55301505 0.6158815  0.68939376 0.7737916 ],[8.232175 8.218963 8.206256 8.19461 ],[0.5494946  0.6048245  0.66238713 0.7200331 ]
DDK8,A,5e-08,12,True,False,TDD,vanilla,15,[0.05920783 0.19960558 0.38398525 0.5203634 ],[0.05854249 0.2849747  0.9123014  1.0065403 ],[ 9.953268 30.653738 51.574085 81.1293  ],[ 5.7831   19.263702 35.382    53.244904],[8.1547365 8.120114  8.068182  7.9964976],[0.57478815 0.6578536  0.7571272  0.87219095],[8.1713705 8.169162  8.165635  8.1618185],[0.5680532  0.6353437  0.7046337  0.77285534]
DDK8,A,5e-08,15,True,False,TDD,vanilla,15,[0.06236509 0.19122899 0.32938305 0.5164548 ],[0.04971875 0.1959734  0.38036326 0.64267087],[11.503925 34.754707 59.322094 91.21027 ],[ 5.784908 21.786474 41.40222  77.77247 ],[8.207456 8.166123 8.111746 8.01784 ],[0.7298065  0.8246831  0.93362117 1.0626171 ],[8.229278 8.228537 8.234898 8.246084],[0.716445   0.7802941  0.83712816 0.889672  ]
DDK8,A,5e-08,18,True,False,TDD,vanilla,15,[0.10049167 0.30440065 0.51534516 0.85393447],[0.11254478 0.44988954 0.7331758  1.7538165 ],[ 12.594963  36.79447   61.9589   101.60302 ],[ 5.9848137 23.670074  44.73475   80.57716  ],[8.130555  8.070404  7.986007  7.8387623],[0.8433693 0.9392474 1.048473  1.2159853],[8.165414 8.166351 8.164887 8.15692 ],[0.8150258 0.8670547 0.9366969 1.025056 ]
DDK8,A,5e-08,21,True,False,TDD,vanilla,15,[0.09356614 0.23974876 0.4228162  0.6634219 ],[0.08427335 0.28730997 0.46713787 0.6981081 ],[ 13.597779  36.049118  61.267365 104.74418 ],[ 5.939848 22.584002 42.182858 64.51078 ],[8.060818 7.9863   7.862854 7.685522],[0.9185365 0.9838647 1.086497  1.260744 ],[8.097888  8.0776415 8.057297  8.0439825],[0.8918794  0.9238005  0.95249516 0.97904676]
DDK8,A,5e-08,24,True,False,TDD,vanilla,15,[0.10119244 0.27652007 0.5955439  0.64498633],[0.1302303  0.5894566  1.3662586  0.73324317],[ 13.979454  37.105114  73.00681  117.38992 ],[ 6.903632 28.043135 59.640602 90.45166 ],[8.206937  8.125469  7.960584  7.6978517],[0.7992396 0.8922404 1.0443395 1.2981092],[8.248478 8.227171 8.202078 8.1868  ],[0.7698817  0.82811874 0.88698286 0.9156224 ]
DDK8,A,5e-08,27,True,False,TDD,vanilla,15,[0.11373269 0.30588233 0.5835041  0.9862799 ],[0.11126406 0.34801194 0.8136495  1.8851151 ],[ 15.691873  46.583427  85.727356 140.37164 ],[  7.788061  34.002254  65.66214  116.30533 ],[8.026776  7.937258  7.7663465 7.4819055],[0.83892316 0.9241393  1.065031   1.3151239 ],[8.073305 8.057036 8.035699 8.017298],[0.81447893 0.87702554 0.95565355 1.0139018 ]
DDK8,A,5e-08,33,True,False,TDD,vanilla,15,[0.1594052  0.37380683 0.65961653 0.7603321 ],[0.20805947 0.6283087  0.9965669  0.53948796],[ 19.915674  52.403507 105.43346  172.90686 ],[ 12.386812  42.68998   88.84875  151.79375 ],[8.116175  7.99107   7.7252183 7.3715887],[0.9919659 1.1638135 1.3647866 1.3962278],[8.180847  8.193614  8.203002  8.1704445],[0.9456215  0.95782167 0.92753166 0.9645922 ]
DDK8,A,5e-08,36,True,False,TDD,vanilla,15,[0.18452725 0.48199424 0.8734114  1.0182209 ],[0.24328782 0.6301494  1.1683794  0.85953516],[ 21.763422  62.037254 128.8557   212.07883 ],[ 13.826103  53.433926 116.16811  181.39177 ],[8.0106125 7.8506274 7.4870014 7.0089107],[0.8993685 1.021542  1.3485821 1.598721 ],[8.093336 8.087319 8.075918 8.088953],[0.84122604 0.8823591  0.96047276 0.99210644]
DDK8,A,5e-08,42,True,False,TDD,vanilla,15,[0.23297562 0.5532816  0.81983805 1.1792575 ],[0.24608524 0.6277101  0.7252522  1.1074774 ],[ 24.425194  73.7846   137.77966  210.43687 ],[ 22.042274  56.372528 105.57588  161.55795 ],[7.7166986 7.4884186 7.1578193 6.616279 ],[1.1200836 1.350401  1.5188806 1.6150726],[7.833758 7.885902 7.919857 7.917343],[1.0413706 1.023846  1.0217247 1.0423343]
DDK8,A,2e-07,3,True,False,TDD,vanilla,15,[0.02903401 0.07553873 0.13977373 0.1887938 ],[0.01925117 0.06754211 0.13167617 0.1529856 ],[ 7.366359 19.389795 35.279762 46.653057],[ 5.3659835 18.508255  35.021034  39.808407 ],[8.12126  8.120251 8.116286 8.108762],[0.6303566  0.63491493 0.6411132  0.64913833],[8.130689 8.134304 8.138219 8.142409],[0.6257091 0.6282687 0.6312905 0.6347323]
DDK8,A,2e-07,6,True,False,TDD,vanilla,15,[0.03839207 0.10239996 0.18054031 0.23507853],[0.02559662 0.08741198 0.16604571 0.20117894],[10.286173 27.52793  47.611576 61.56523 ],[ 7.56183  26.068855 48.36452  57.56179 ],[8.264108 8.258003 8.243457 8.227021],[0.6065451  0.62845033 0.6590206  0.69176364],[8.274826 8.279523 8.284403 8.289545],[0.6015826  0.61828643 0.63822275 0.6610321 ]
DDK8,A,2e-07,9,True,False,TDD,vanilla,15,[0.04474972 0.12859754 0.21514899 0.28923875],[0.02729833 0.08797923 0.14255212 0.17685045],[11.094787 32.999046 53.91164  71.6902  ],[ 6.1182156 22.516724  37.6437    49.59539  ],[8.19806   8.191096  8.168863  8.1348915],[0.67998767 0.7072843  0.7511398  0.810821  ],[8.212872 8.222125 8.22945  8.234579],[0.6716166  0.6904289  0.7124399  0.73767006]
DDK8,A,2e-07,12,True,False,TDD,vanilla,15,[0.05544133 0.15920919 0.25621253 0.35870898],[0.0386852  0.13099383 0.22918585 0.37717876],[11.448507 32.922558 51.66043  70.438126],[ 6.746125 22.901566 40.27607  52.60325 ],[8.096541  8.045672  7.9842396 7.9036994],[0.7378975  0.79256797 0.8564061  0.94519967],[8.118894 8.099322 8.080267 8.061373],[0.72288525 0.7593847  0.79724795 0.8372211 ]
DDK8,A,2e-07,15,True,False,TDD,vanilla,15,[0.06475599 0.17469162 0.28532827 0.40453565],[0.044378   0.1301344  0.25159982 0.31554925],[11.257998 31.51571  49.236176 74.84188 ],[ 5.2516413 18.529583  33.626785  54.782562 ],[7.9291363 7.8763227 7.814124  7.7165637],[0.831563   0.9086521  0.99794316 1.1024774 ],[7.960368 7.953955 7.952423 7.9545  ],[0.8137213 0.856927  0.8997762 0.942242 ]
DDK8,A,2e-07,18,True,False,TDD,vanilla,15,[0.0604229  0.16021891 0.26745778 0.42179325],[0.03635084 0.11407948 0.23784345 0.4235055 ],[11.855208 31.705294 49.430576 75.97132 ],[ 4.7333293 19.665972  35.71532   55.29516  ],[8.094905 8.031882 7.947403 7.810566],[0.8306795  0.90005344 0.9799955  1.0980495 ],[8.126295 8.107923 8.089695 8.074124],[0.8090824  0.8441579  0.88169974 0.92264533]
DDK8,A,2e-07,21,True,False,TDD,vanilla,15,[0.07502893 0.17750372 0.3211155  0.5209702 ],[0.05780075 0.13987435 0.27281782 0.43958938],[12.961098 32.43011  56.28013  91.505905],[ 5.2664294 20.051085  35.382553  52.816883 ],[8.070693  8.019027  7.9257464 7.7673755],[0.8744759 0.9279178 1.0192312 1.1499449],[8.111541 8.108097 8.098149 8.079145],[0.84507656 0.87269056 0.9155379  0.9743686 ]
DDK8,A,2e-07,24,True,False,TDD,vanilla,15,[0.07750413 0.17783779 0.33398193 0.53787553],[0.06690956 0.15008277 0.33309427 0.5617554 ],[ 13.2179985  31.785444   59.748276  103.973595 ],[ 5.730129 20.89639  37.796234 68.31885 ],[8.057998  7.9719915 7.8378496 7.644902 ],[0.86060715 0.9808144  1.1293827  1.3080461 ],[8.102798 8.079458 8.073869 8.082761],[0.8285165 0.893055  0.9226012 0.9377865]
DDK8,A,2e-07,27,True,False,TDD,vanilla,15,[0.07682529 0.20176132 0.3802081  0.6347218 ],[0.05830464 0.1902253  0.37398794 0.64161086],[ 14.0941515  38.657364   71.234955  119.76099  ],[  6.6406846  30.402477   68.28155   118.087135 ],[8.064095  7.967371  7.7962894 7.539416 ],[0.8204143  0.91552216 1.0704436  1.241202  ],[8.11104  8.084653 8.048851 8.015041],[0.78864    0.83198315 0.884727   0.9329143 ]
DDK8,A,2e-07,33,True,False,TDD,vanilla,15,[0.09154041 0.2566704  0.48770246 0.72291756],[0.08107802 0.2501365  0.39911932 0.5567833 ],[ 16.588457  49.609154 102.323    158.51689 ],[  8.727022  38.936985  87.827805 135.7799  ],[8.16177   8.062698  7.8207307 7.447052 ],[0.8450108  0.93366915 1.0975997  1.3574256 ],[8.216682  8.2085085 8.163704  8.084707 ],[0.8136454 0.8615523 0.9495743 1.0525955]
DDK8,A,2e-07,36,True,False,TDD,vanilla,15,[0.11725452 0.31287566 0.6757701  0.9421662 ],[0.10337606 0.3130695  0.874026   0.8136415 ],[ 19.244934  52.585236 112.51036  198.8504  ],[ 11.162738  40.318092  87.32163  159.37541 ],[8.000523  7.8590784 7.547912  7.215319 ],[0.88376814 0.9795737  1.2884135  1.3356572 ],[8.077505 8.06925  8.089985 8.128924],[0.82759804 0.8323908  0.8334932  0.87066954]
DDK8,A,2e-07,42,True,False,TDD,vanilla,15,[0.14132924 0.40632442 0.7364224  0.9891682 ],[0.12143315 0.41780052 0.6497834  0.7005394 ],[ 21.950926  60.562626 125.51332  196.39775 ],[ 15.859178  51.287685 127.949715 169.8241  ],[7.8277497 7.5721226 7.2052016 6.8186865],[1.0249549 1.2628134 1.4204359 1.5573239],[7.927911  7.910005  7.917583  7.9121513],[0.96075475 0.9710648  0.9386558  0.9704687 ]
DDK8,A,4e-07,3,True,False,TDD,vanilla,15,[0.03160118 0.08421997 0.15596247 0.20841222],[0.01937639 0.07462835 0.14299169 0.1638281 ],[ 9.230548 24.692795 45.52239  60.42799 ],[ 5.8061304 22.364658  42.505527  49.6697   ],[8.127873 8.121344 8.112245 8.09891 ],[0.3418737  0.3506379  0.36054748 0.37289461],[8.140506 8.137633 8.134504 8.131127],[0.34248444 0.35056454 0.35972664 0.36985973]
DDK8,A,4e-07,6,True,False,TDD,vanilla,15,[0.03965168 0.09773576 0.16414511 0.21693636],[0.02016333 0.07043722 0.13362135 0.16534889],[11.054893 26.888016 43.572773 56.721954],[ 5.691078 18.891672 32.796    41.4578  ],[8.160415 8.151772 8.135807 8.114891],[0.39067534 0.4219452  0.4575404  0.49671075],[8.176272 8.178738 8.180604 8.181811],[0.39123917 0.4205529  0.45303023 0.4878832 ]
DDK8,A,4e-07,9,True,False,TDD,vanilla,15,[0.04758258 0.13389024 0.22325926 0.29351985],[0.02200582 0.08082224 0.14159016 0.18310806],[13.049071 36.591732 59.383934 77.90445 ],[ 5.626266 22.023432 37.428272 49.797024],[8.163774 8.143081 8.11163  8.079679],[0.47911793 0.52868104 0.5878525  0.6387836 ],[8.184002 8.182483 8.180069 8.177103],[0.4719663  0.5057804  0.54053843 0.5759417 ]
DDK8,A,4e-07,12,True,False,TDD,vanilla,15,[0.04922641 0.13189963 0.21167755 0.30004022],[0.02125109 0.06677439 0.14430887 0.22188486],[12.950021 35.05904  53.624706 75.91944 ],[ 5.4651885 19.017405  32.76012   46.685402 ],[8.129119 8.102358 8.067417 8.016754],[0.58000886 0.63635314 0.6963603  0.7650787 ],[8.15235  8.154115 8.15547  8.156445],[0.5726108  0.6156969  0.65478444 0.68982166]
DDK8,A,4e-07,15,True,False,TDD,vanilla,15,[0.05431811 0.1506874  0.25045916 0.36092004],[0.02691377 0.11420126 0.2511076  0.34365833],[12.778277 34.199677 53.715973 79.18712 ],[ 5.199379 17.031681 27.865067 46.767464],[8.038137  8.010806  7.9677386 7.8924823],[0.57947975 0.63489956 0.70800775 0.79717845],[8.066401 8.071935 8.077987 8.082911],[0.5711157  0.6151953  0.66565377 0.7195561 ]
DDK8,A,4e-07,18,True,False,TDD,vanilla,15,[0.05953912 0.14720157 0.2448682  0.3722369 ],[0.03100182 0.08606685 0.17793891 0.2575041 ],[13.766489 35.612965 59.367016 97.45589 ],[ 4.8181286 18.530632  38.109005  66.415794 ],[8.058053 8.05005  8.018856 7.943337],[0.6359835 0.7060083 0.7956514 0.9148401],[8.09442  8.127554 8.160606 8.190095],[0.6232103  0.6795312  0.74975705 0.8271956 ]
DDK8,A,4e-07,21,True,False,TDD,vanilla,15,[0.06285325 0.14862382 0.25428432 0.38379347],[0.03752754 0.11512975 0.23625605 0.29009637],[ 13.826813  33.910713  59.24465  101.08134 ],[ 5.522556 20.497498 47.018757 82.46651 ],[7.9817314 7.9701405 7.90919   7.7925935],[0.6918004  0.7650575  0.8717439  0.99162006],[8.028134 8.068816 8.101429 8.12289 ],[0.67326814 0.7159541  0.7663214  0.81699765]
DDK8,A,4e-07,24,True,False,TDD,vanilla,15,[0.06989322 0.16753665 0.3262516  0.5158774 ],[0.03945194 0.10677941 0.23007639 0.32901374],[ 13.778537  32.453587  59.94547  100.35443 ],[ 5.880573 19.711525 36.769062 67.42241 ],[7.881162  7.782433  7.616161  7.4071746],[0.7651297 0.866656  1.0229508 1.1773762],[7.927203  7.8822603 7.847619  7.832544 ],[0.74526685 0.8172085  0.8804765  0.9221472 ]
DDK8,A,4e-07,27,True,False,TDD,vanilla,15,[0.08275418 0.20497774 0.38305217 0.58123034],[0.06514482 0.17132775 0.34952843 0.4721707 ],[ 16.122347  40.22689   77.871155 132.8437  ],[  6.424916  23.757774  58.5984   106.97541 ],[7.9293    7.842578  7.6796184 7.4632983],[0.7414753 0.8355105 0.9859411 1.1452599],[7.9919696 7.989279  7.998762  8.014314 ],[0.70994437 0.749423   0.7883426  0.81563747]
DDK8,A,4e-07,33,True,False,TDD,vanilla,15,[0.09779785 0.27844584 0.51910514 0.7031399 ],[0.08819592 0.26204076 0.45031837 0.46542913],[ 17.088362  49.03735   97.54877  166.9006  ],[  6.8261347  34.6461     70.256935  128.21205  ],[7.9250574 7.7681317 7.4930468 7.13638  ],[0.7423999  0.88273114 1.1131674  1.3207241 ],[7.995203  7.9802413 7.973531  7.9859047],[0.70891154 0.7746805  0.8564755  0.92781574]
DDK8,A,4e-07,36,True,False,TDD,vanilla,15,[0.08814476 0.21362585 0.4270304  0.6628731 ],[0.05248355 0.14314179 0.28732812 0.3991789 ],[ 19.889215  47.978973  95.00017  151.65025 ],[ 9.900231 29.83361  63.82512  97.6679  ],[8.038802  7.929007  7.6492066 7.2042036],[0.8657031 0.9148805 1.0550137 1.283051 ],[8.108352 8.090845 8.035079 7.95603 ],[0.8385771  0.8493455  0.87210375 0.9073687 ]
DDK8,A,4e-07,42,True,False,TDD,vanilla,15,[0.13942534 0.33801642 0.5843699  0.8662384 ],[0.12141667 0.23985702 0.37849826 0.50968355],[ 23.749226  73.14586  149.45004  240.43756 ],[ 12.1356535  54.7767    125.81699   173.95361  ],[7.8164263 7.709471  7.4370046 6.9386377],[0.8648637  0.96110874 1.0978764  1.4602122 ],[7.9211125 8.026638  8.094642  8.118456 ],[0.81548744 0.8076006  0.8508136  0.89531356]
DDK8,C,5e-08,3,True,False,TDD,vanilla,15,[0.0317668  0.09213614 0.18090801 0.2564619 ],[0.02257576 0.08203506 0.16302449 0.20474577],[ 7.0515413 20.654778  39.354027  54.079666 ],[ 4.7883577 18.09595   34.198902  42.48102  ],[8.317737 8.3081   8.290569 8.264619],[0.19998921 0.21229388 0.22871116 0.2510108 ],[8.326575 8.326315 8.326018 8.325577],[0.19877578 0.20899162 0.22026956 0.2324996 ]
DDK8,C,5e-08,6,True,False,TDD,vanilla,15,[0.05113116 0.1522031  0.27873826 0.3767762 ],[0.03164284 0.12687866 0.2590981  0.29628494],[ 9.877631 27.92314  47.777634 65.87939 ],[ 4.427615 15.275511 28.14153  38.969097],[8.2146015 8.18001   8.124267  8.050405 ],[0.3031138  0.33242124 0.37063852 0.41621944],[8.230418 8.22319  8.218066 8.215206],[0.29918042 0.32049295 0.3425427  0.3658508 ]
DDK8,C,5e-08,9,True,False,TDD,vanilla,15,[0.06399493 0.22404243 0.37567496 0.53055185],[0.03780477 0.20825279 0.33107048 0.39651638],[ 12.027447  38.30477   69.27791  101.602806],[ 4.33585  16.704119 33.719345 52.491207],[8.232542 8.187141 8.102939 7.974217],[0.3996165  0.44496575 0.5032167  0.58850867],[8.254384 8.254124 8.254158 8.25498 ],[0.39488202 0.43240994 0.46764877 0.49863467]
DDK8,C,5e-08,12,True,False,TDD,vanilla,15,[0.06440137 0.2098667  0.393577   0.5766151 ],[0.04837796 0.14863697 0.26659057 0.31746137],[ 12.14451   39.06304   75.014084 119.05369 ],[ 5.1399684 19.518206  45.895237  73.439865 ],[8.261793 8.18008  8.023125 7.77591 ],[0.41321692 0.46723315 0.58028513 0.75340766],[8.288876  8.277489  8.269999  8.2660885],[0.40042427 0.41886386 0.44892526 0.4908567 ]
DDK8,C,5e-08,15,True,False,TDD,vanilla,15,[0.07877257 0.2493267  0.49247363 0.6427711 ],[0.04943053 0.17141172 0.432932   0.42726916],[ 13.833871  47.01836   91.5909   141.79193 ],[ 6.654095 29.129036 58.32891  91.50154 ],[8.25098   8.162494  7.964712  7.6951866],[0.4102309  0.47962946 0.6841675  0.9797589 ],[8.284434 8.291013 8.302465 8.324361],[0.4031638  0.44232005 0.4866336  0.5346952 ]
DDK8,C,5e-08,18,True,False,TDD,vanilla,15,[0.12622379 0.3731087  0.61864424 0.8063496 ],[0.11372408 0.28002116 0.40775922 0.43701333],[ 18.304586  68.84484  122.22409  170.83803 ],[ 11.137493  46.694374  83.06246  109.86791 ],[8.12838   7.9036903 7.530556  7.0774927],[0.57279456 0.7523312  1.0503354  1.2006986 ],[8.200162 8.199213 8.199512 8.190836],[0.5350562  0.57275265 0.58666337 0.60950494]
DDK8,C,5e-08,21,True,False,TDD,vanilla,15,[0.13672227 0.39870647 0.6328486  0.8368147 ],[0.1122343  0.28515214 0.38855156 0.4226075 ],[ 22.330568  79.050545 132.68456  190.12778 ],[ 14.783146  60.78597   96.64926  120.16685 ],[8.190487  7.8920383 7.466472  6.9999146],[0.5247816 0.8062222 1.2619221 1.5366852],[8.273708 8.270968 8.278294 8.289778],[0.4893335 0.5536807 0.6028044 0.6329883]
DDK8,C,5e-08,24,True,False,TDD,vanilla,15,[0.17717901 0.4480272  0.6439771  0.7920091 ],[0.17143537 0.3381749  0.3786044  0.3798637 ],[ 28.246248  88.61056  140.3512   193.21294 ],[ 22.31288  68.2759   97.36955 126.05129],[8.117008  7.7276487 7.365409  6.8490615],[0.61194813 0.9947078  1.1872245  1.5449504 ],[8.232507 8.229933 8.229175 8.226252],[0.56549513 0.60039735 0.6194327  0.6659933 ]
DDK8,C,5e-08,27,True,False,TDD,vanilla,15,[0.21728167 0.50110114 0.7691565  0.9035238 ],[0.21260794 0.37896615 0.6406641  0.5219819 ],[ 32.1987   97.65858 151.4468  199.30379],[ 24.818705  79.518684 103.45869  109.0655  ],[8.004078  7.5262713 7.0712323 6.6606135],[0.6871991 1.1758312 1.3687972 1.534381 ],[8.173424 8.189116 8.193333 8.201783],[0.5681614  0.57618004 0.5760544  0.6105042 ]
DDK8,C,5e-08,33,True,False,TDD,vanilla,15,[0.3515019  0.6863654  0.98459196 1.142545  ],[0.4283702  0.56977344 0.79100955 0.73260844],[ 54.06942 128.61519 201.15813 246.74835],[ 60.41639  89.31433 143.99017 137.4703 ],[7.9057045 7.2623124 6.8319674 6.3549757],[0.6718122 1.2895901 1.285325  1.5809559],[8.163975 8.166744 8.197453 8.228497],[0.55520767 0.59197205 0.6344895  0.69245917]
DDK8,C,5e-08,36,True,False,TDD,vanilla,15,[0.548299  0.9234045 1.305589  1.2277896],[0.569836   0.61311185 1.1227765  1.001251  ],[ 88.62004 175.72226 252.69614 275.8401 ],[113.670815 117.70478  175.22194  149.89825 ],[7.7632213 6.98708   6.250107  6.05562  ],[0.8497462 1.3472074 1.602227  1.5989368],[8.201372 8.212413 8.186459 8.202197],[0.5879251 0.6015146 0.5885965 0.6164567]
DDK8,C,5e-08,42,True,False,TDD,vanilla,15,[0.92040324 0.96538407 1.1706313  1.1672318 ],[1.7654142  0.9069026  0.73796123 0.5556014 ],[137.11865 168.67587 221.13454 265.69226],[241.08049  118.635735 133.823    163.01802 ],[7.39207   6.8716493 6.3251796 5.709445 ],[1.1719447 1.320461  1.4881847 1.6143562],[8.154698 8.128567 8.085518 8.078484],[0.6038881  0.6198292  0.71537834 0.8178851 ]
DDK8,C,2e-07,3,True,False,TDD,vanilla,15,[0.02806622 0.07595426 0.14398977 0.19569132],[0.01703416 0.06365404 0.12334555 0.14313348],[ 7.5992403 20.811802  39.422783  53.5186   ],[ 4.739635 17.848074 34.406807 40.4424  ],[8.258189 8.247207 8.228154 8.201083],[0.16653815 0.18118194 0.20052671 0.22419775],[8.269406 8.268143 8.26673  8.265156],[0.16525045 0.17695566 0.18965855 0.20317249]
DDK8,C,2e-07,6,True,False,TDD,vanilla,15,[0.04028869 0.11263949 0.20110959 0.27524742],[0.01767169 0.06573051 0.13596298 0.1728799 ],[11.02677  31.045347 54.45239  74.37056 ],[ 5.0114427 18.226118  36.27587   46.928562 ],[8.269496  8.2311325 8.162174  8.069673 ],[0.24088407 0.27176082 0.32126737 0.39699987],[8.289013 8.28343  8.278104 8.273454],[0.23840481 0.2612574  0.2851649  0.3086477 ]
DDK8,C,2e-07,9,True,False,TDD,vanilla,15,[0.04860791 0.1464411  0.25547072 0.36192417],[0.01755943 0.06219754 0.12203333 0.16894697],[12.576907 38.11475  65.72478  94.44489 ],[ 4.1064177 15.206266  29.048058  44.2347   ],[8.24198  8.203193 8.131213 8.023195],[0.30647987 0.35836032 0.4299232  0.5217066 ],[8.265249 8.267987 8.272074 8.276913],[0.30145794 0.33881113 0.3764504  0.4147206 ]
DDK8,C,2e-07,12,True,False,TDD,vanilla,15,[0.04812787 0.15736279 0.28648973 0.43140426],[0.01859085 0.07820858 0.17060898 0.23403284],[ 12.574335  41.156525  72.8727   114.60389 ],[ 4.7622175 19.221018  39.19247   64.303535 ],[8.246545  8.176554  8.0425625 7.8397284],[0.35356072 0.42097184 0.53095126 0.70968986],[8.275466 8.271283 8.26691  8.262678],[0.34935436 0.39719546 0.44388452 0.48593506]
DDK8,C,2e-07,15,True,False,TDD,vanilla,15,[0.06368122 0.21014518 0.3749382  0.5477496 ],[0.03107711 0.12365987 0.22572768 0.29159895],[ 15.557004  52.783028  96.39541  147.12007 ],[ 7.066795 28.420364 55.210903 80.508934],[8.160249  8.028354  7.780976  7.4305787],[0.4599993  0.5450162  0.74534595 1.0377352 ],[8.207965 8.210038 8.215867 8.224112],[0.45113933 0.4856871  0.5191998  0.54643935]
DDK8,C,2e-07,18,True,False,TDD,vanilla,15,[0.06766444 0.21216422 0.37552157 0.54115087],[0.03948733 0.1347003  0.23000602 0.2711044 ],[ 16.52216  56.54874 106.04718 162.37132],[  8.919261  40.829586  88.5917   130.76495 ],[8.202209 8.061672 7.770433 7.459752],[0.5104344  0.60674626 0.8340394  0.9982591 ],[8.257838 8.261139 8.260707 8.264115],[0.49564663 0.5484521  0.60611343 0.6623807 ]
DDK8,C,2e-07,21,True,False,TDD,vanilla,15,[0.08487096 0.2635829  0.4355943  0.60605377],[0.06292146 0.19946271 0.26780686 0.27598318],[ 21.447073  71.83029  125.7297   184.00314 ],[ 17.176966  59.206875  96.7169   118.776344],[8.160657  7.9369335 7.597199  7.1782446],[0.4985869 0.7298596 0.952982  1.2705609],[8.236614 8.255446 8.269096 8.275333],[0.48349896 0.5265164  0.5651753  0.60599506]
DDK8,C,2e-07,24,True,False,TDD,vanilla,15,[0.12006023 0.35269916 0.57527083 0.7553272 ],[0.08845556 0.19859126 0.28878978 0.29327106],[ 26.931744  90.17774  153.55554  209.67244 ],[ 20.726152  64.428085 104.063736 126.60183 ],[8.016187  7.688707  7.2471123 6.716259 ],[0.6181024 0.8034481 1.0217129 1.3646462],[8.131182 8.132619 8.148181 8.162027],[0.5804273  0.61564034 0.6213094  0.64173055]
DDK8,C,2e-07,27,True,False,TDD,vanilla,15,[0.12035453 0.35755357 0.57944417 0.7416033 ],[0.07618759 0.21326074 0.3346286  0.3542832 ],[ 27.764183  87.94793  143.1267   189.59297 ],[ 17.890045  57.928345  86.67166  102.35384 ],[8.043727  7.703496  7.232021  6.7136555],[0.5846588  0.76802486 1.0799533  1.3604511 ],[8.16426  8.148859 8.14116  8.125651],[0.5455145  0.57448643 0.5996173  0.65095395]
DDK8,C,2e-07,33,True,False,TDD,vanilla,15,[0.22311157 0.50650996 0.72258025 0.8372669 ],[0.20346175 0.3820893  0.45185578 0.33611706],[ 48.22831 115.68337 178.17796 218.98338],[ 41.803577  83.680405 114.18909  113.68046 ],[7.883968  7.352059  6.8770423 6.619799 ],[0.7535879 1.1155045 1.3376747 1.2191741],[8.134128 8.123875 8.132454 8.157437],[0.62713987 0.62046474 0.62091714 0.6189508 ]
DDK8,C,2e-07,36,True,False,TDD,vanilla,15,[0.22055481 0.48370606 0.7110811  0.813846  ],[0.2610032  0.3722998  0.5286389  0.38307777],[ 50.50515 120.64237 180.52988 221.36   ],[ 52.500263  96.14158  114.1743   112.9192  ],[7.974068  7.466895  7.0229506 6.588905 ],[0.70736384 1.1496526  1.332576   1.4459847 ],[8.223166 8.203659 8.193959 8.197771],[0.5721486  0.62228054 0.6435787  0.6443599 ]
DDK8,C,2e-07,42,True,False,TDD,vanilla,15,[0.44059464 0.63136685 0.9566318  1.0493087 ],[0.81325835 0.42332977 0.9164392  0.5659475 ],[100.19229 156.71107 239.22812 276.1256 ],[201.72014  103.517235 179.31696  139.71555 ],[7.686305  7.24978   6.722784  6.1752443],[1.1215347 1.189405  1.3746204 1.4464836],[8.202137 8.208331 8.213117 8.186108],[0.62006235 0.64596266 0.66607225 0.7035478 ]
DDK8,C,4e-07,3,True,False,TDD,vanilla,15,[0.02902774 0.07573503 0.13729918 0.18952292],[0.01724439 0.06594068 0.12349835 0.14942901],[ 8.397368 22.24292  40.21272  55.305565],[ 5.1577315 19.890385  36.77374   44.77064  ],[8.302838 8.296067 8.282867 8.262977],[0.18349114 0.19888002 0.2176345  0.23993585],[8.31983  8.321709 8.323363 8.324781],[0.1824369  0.19586535 0.21045375 0.22601187]
DDK8,C,4e-07,6,True,False,TDD,vanilla,15,[0.03993988 0.10204498 0.17439194 0.23651432],[0.01762198 0.06044585 0.11111968 0.13951129],[11.050493 28.590351 48.426804 65.141785],[ 5.3375707 18.07587   32.971973  42.561813 ],[8.2339325 8.208723  8.165776  8.112545 ],[0.2674719  0.29174852 0.32082978 0.35512406],[8.259438 8.260148 8.261916 8.265042],[0.26467186 0.2839932  0.30338576 0.3230583 ]
DDK8,C,4e-07,9,True,False,TDD,vanilla,15,[0.0481468  0.13854618 0.24288732 0.34432387],[0.01919211 0.070256   0.13380963 0.18053415],[12.997485 37.673412 64.60804  91.18663 ],[ 4.748593 18.19033  33.641182 49.26955 ],[8.269827 8.2256   8.151614 8.049195],[0.34306177 0.3949032  0.46242067 0.5442266 ],[8.299542  8.2919655 8.284302  8.276176 ],[0.3363756  0.3739166  0.41209707 0.44999707]
DDK8,C,4e-07,12,True,False,TDD,vanilla,15,[0.05162837 0.15130462 0.2599598  0.38941488],[0.01875509 0.06561642 0.12652965 0.17275539],[ 13.689319  40.52351   69.218216 104.73951 ],[ 4.9915705 17.795666  35.360287  54.803623 ],[8.215684  8.152998  8.039572  7.8775573],[0.37393638 0.42822352 0.50493455 0.6070514 ],[8.254019 8.249561 8.239468 8.22615 ],[0.36668321 0.40296978 0.44160876 0.48203832]
DDK8,C,4e-07,15,True,False,TDD,vanilla,15,[0.05741512 0.16879171 0.30474985 0.45176858],[0.02183855 0.08037568 0.16519487 0.22820863],[ 15.437786  46.289585  85.31584  131.69226 ],[ 5.734788 22.637333 50.08467  80.78749 ],[8.251292  8.172572  8.024231  7.8166046],[0.3745601  0.44638956 0.5596158  0.7154298 ],[8.300738 8.310435 8.318503 8.321449],[0.36233523 0.4033232  0.448278   0.4995451 ]
DDK8,C,4e-07,18,True,False,TDD,vanilla,15,[0.06909817 0.2073576  0.34796882 0.4936558 ],[0.03492402 0.12663242 0.20405352 0.24066694],[ 17.49841  54.80167  96.90042 146.71999],[ 7.0690737 29.040657  58.02169   88.911934 ],[8.182706  8.049135  7.833092  7.5575075],[0.53246933 0.67602676 0.89649045 1.1845877 ],[8.245845 8.256775 8.268593 8.282536],[0.5129303  0.5608195  0.60647964 0.64250934]
DDK8,C,4e-07,21,True,False,TDD,vanilla,15,[0.08338512 0.25047353 0.42989475 0.60716045],[0.04805293 0.14289348 0.216274   0.23131637],[ 20.030958  64.798935 116.57653  179.74408 ],[ 9.267757 38.180634 65.424355 92.748955],[8.125974 7.95651  7.660446 7.303031],[0.51734835 0.63178927 0.8917659  1.1184006 ],[8.208268 8.233376 8.263854 8.301309],[0.48909435 0.49843127 0.5081799  0.52443814]
DDK8,C,4e-07,24,True,False,TDD,vanilla,15,[0.09410715 0.27773538 0.46627563 0.6353347 ],[0.05796045 0.18665896 0.25165984 0.2650492 ],[ 23.10179  72.46345 122.95124 175.29799],[ 14.415298  56.450504  82.37964  101.83648 ],[8.129045  7.8881025 7.5180254 7.140777 ],[0.52440524 0.65383613 0.92427754 1.171681  ],[8.224326 8.216809 8.205311 8.196901],[0.5019927  0.53854054 0.5763094  0.6127203 ]
DDK8,C,4e-07,27,True,False,TDD,vanilla,15,[0.10843485 0.29125157 0.47695893 0.64979   ],[0.07031351 0.18366832 0.24519365 0.25879458],[ 27.918083  77.57856  127.2781   179.69003 ],[ 23.09084   63.435524  82.810196 100.87298 ],[8.095463  7.820541  7.5306044 7.143327 ],[0.5459638  0.7446546  0.93478423 1.1411179 ],[8.212278 8.205426 8.209401 8.201062],[0.52702165 0.5741107  0.6127436  0.64407486]
DDK8,C,4e-07,33,True,False,TDD,vanilla,15,[0.1557182  0.359521   0.55258685 0.70866555],[0.11574832 0.21783917 0.2818731  0.2941681 ],[ 37.499416  92.54417  144.18053  187.37865 ],[ 29.188059  64.70135   86.79081  104.963295],[8.004583  7.709353  7.3250093 6.995658 ],[0.7184907 0.9444985 1.2192107 1.3786279],[8.183739 8.192224 8.175432 8.147135],[0.6432265  0.66101295 0.6978664  0.7402622 ]
DDK8,C,4e-07,36,True,False,TDD,vanilla,15,[0.18048635 0.44394904 0.645243   0.76171875],[0.156207   0.2763967  0.3354626  0.29609245],[ 44.56172  118.881874 177.33356  222.46088 ],[ 33.295444  73.09509   99.18058  112.12406 ],[8.056282  7.5963063 7.1233897 6.8654866],[0.71819764 1.1334445  1.4489322  1.4628075 ],[8.265757  8.2690735 8.257155  8.252183 ],[0.6276491  0.67769957 0.705928   0.7128718 ]
DDK8,C,4e-07,42,True,False,TDD,vanilla,15,[0.2922243  0.500097   0.731515   0.91498077],[0.32453737 0.28009608 0.37158674 0.3163952 ],[ 79.31848 131.58743 199.31725 257.9873 ],[113.035     91.151634 127.97927  135.89397 ],[7.7790594 7.4340725 6.947405  6.3622975],[0.8706144 1.0189501 1.2256091 1.3531591],[8.192731 8.206451 8.21126  8.215601],[0.59920657 0.60754186 0.64400005 0.6513544 ]
DDK8,D,5e-08,3,True,False,TDD,vanilla,15,[0.01885513 0.06329532 0.12169913 0.16156176],[0.01876557 0.06538995 0.12074199 0.14038895],[ 5.6068287 18.788528  36.103188  47.874645 ],[ 5.577906 19.385742 35.80936  41.47528 ],[8.297123 8.294626 8.291719 8.288015],[0.07507896 0.08058996 0.08654978 0.09290294],[8.299658 8.29858  8.297538 8.29653 ],[0.07468852 0.07996947 0.08556426 0.0913942 ]
DDK8,D,5e-08,6,True,False,TDD,vanilla,15,[0.02193215 0.0683437  0.11855183 0.15184966],[0.01833019 0.06313754 0.11385639 0.13674052],[ 6.5560346 20.399532  35.328556  45.24698  ],[ 5.441071 18.723038 33.768776 40.637222],[8.308252 8.305142 8.300492 8.293983],[0.12054414 0.133031   0.14629143 0.16019009],[8.311767 8.311415 8.310966 8.310436],[0.12025459 0.13231722 0.14488111 0.15781623]
DDK8,D,5e-08,9,True,False,TDD,vanilla,15,[0.027698   0.093983   0.15365225 0.19635458],[0.01700928 0.06665527 0.11656691 0.14815336],[ 8.238287 28.009878 45.595448 58.26627 ],[ 5.04976  19.945387 34.298737 43.993004],[8.29346  8.285083 8.274267 8.261511],[0.1324709  0.15330954 0.1760149  0.2000735 ],[8.297676 8.293371 8.288761 8.283954],[0.1321482  0.15266456 0.17479543 0.19807528]
DDK8,D,5e-08,12,True,False,TDD,vanilla,15,[0.02676817 0.09102007 0.1510593  0.19835943],[0.01639128 0.06237527 0.114582   0.13515815],[ 7.781544 26.44648  43.7437   57.456776],[ 4.595194 17.597412 32.25602  38.046288],[8.276346 8.266266 8.253747 8.238723],[0.18782237 0.21313159 0.24019669 0.26841614],[8.282729 8.280233 8.277586 8.274747],[0.18684064 0.21076299 0.2355141  0.26066127]
DDK8,D,5e-08,15,True,False,TDD,vanilla,15,[0.02763638 0.08860058 0.14854836 0.1967277 ],[0.01682899 0.0628257  0.11637484 0.1438957 ],[ 8.149574 26.343008 44.111084 58.1539  ],[ 5.1036115 19.02057   35.218582  43.38954  ],[8.262564 8.251427 8.236292 8.219657],[0.21044618 0.23068483 0.25246015 0.2764784 ],[8.270022 8.268729 8.268344 8.268918],[0.2086949  0.22577141 0.24269079 0.25992864]
DDK8,D,5e-08,18,True,False,TDD,vanilla,15,[0.0309481  0.10075985 0.1590968  0.22156915],[0.0183796  0.07201696 0.12872735 0.16658422],[ 8.96299  29.032825 45.63171  63.67512 ],[ 5.435436 21.201593 37.85837  48.96288 ],[8.257729 8.23165  8.201783 8.171525],[0.23653147 0.26834226 0.3043333  0.33723736],[8.267819  8.256482  8.2475815 8.242658 ],[0.2351493 0.2640463 0.2919402 0.3160511]
DDK8,D,5e-08,21,True,False,TDD,vanilla,15,[0.03104805 0.092819   0.15175968 0.2094031 ],[0.01748229 0.06081574 0.10471737 0.14397919],[ 9.038344 27.111074 44.851788 63.016678],[ 5.307961 18.520918 34.48879  51.48291 ],[8.2659025 8.254967  8.239829  8.221518 ],[0.2530507  0.28788006 0.32856143 0.36684257],[8.27719   8.282884  8.2891655 8.295584 ],[0.25249338 0.2854534  0.32003936 0.35299757]
DDK8,D,5e-08,24,True,False,TDD,vanilla,15,[0.02847434 0.08165456 0.14113407 0.19184397],[0.01893061 0.06622277 0.11038671 0.14288601],[ 8.25171  23.684038 40.996883 55.925976],[ 5.326994 19.10338  32.97399  43.99487 ],[8.267559 8.244686 8.216867 8.179105],[0.24808459 0.27794677 0.3115621  0.34700054],[8.280112  8.273623  8.264235  8.2512455],[0.24701582 0.27596948 0.30649292 0.3357034 ]
DDK8,D,5e-08,27,True,False,TDD,vanilla,15,[0.03202809 0.09112123 0.16615827 0.23505181],[0.02069023 0.07896859 0.13456996 0.18329978],[ 8.987874 25.192398 46.8823   67.08835 ],[ 5.6268625 21.027092  35.90385   50.30408  ],[8.248334 8.231596 8.214851 8.195228],[0.2988527  0.3179805  0.3440097  0.37189487],[8.262777 8.265217 8.269065 8.273772],[0.2979555  0.3138878  0.33165452 0.3518799 ]
DDK8,D,5e-08,33,True,False,TDD,vanilla,15,[0.02974483 0.07946537 0.13648607 0.18881255],[0.01869739 0.06254694 0.10947314 0.13468264],[ 8.276333 22.745455 38.852295 55.750675],[ 4.995432 19.591396 33.574974 44.86105 ],[8.215124 8.186222 8.1559   8.135944],[0.31809074 0.33611193 0.35869431 0.35840455],[8.235228 8.229521 8.229554 8.238303],[0.31300098 0.32693157 0.3373971  0.34345612]
DDK8,D,5e-08,36,True,False,TDD,vanilla,15,[0.03622714 0.09919607 0.17944045 0.25211385],[0.01888761 0.07460871 0.11678299 0.15566869],[10.951057 30.148518 54.775284 77.232796],[ 5.6482944 23.069414  37.29402   48.915085 ],[8.313886 8.288828 8.256767 8.215934],[0.28377897 0.30479681 0.33050916 0.36673668],[8.336734 8.337908 8.336387 8.332141],[0.27704263 0.29162735 0.30735877 0.3248851 ]
DDK8,D,5e-08,42,True,False,TDD,vanilla,15,[0.04052225 0.10123811 0.17624262 0.23665142],[0.02493368 0.07106826 0.11879405 0.13989452],[11.831525 30.39755  53.990955 75.058914],[ 6.91648  20.904514 36.929455 48.81959 ],[8.262191 8.260201 8.248438 8.21694 ],[0.30713472 0.32408702 0.34822926 0.36858255],[8.291798 8.319096 8.342037 8.351114],[0.29859725 0.30620685 0.31966177 0.34217647]
DDK8,D,2e-07,3,True,False,TDD,vanilla,15,[0.02005628 0.05997395 0.11356363 0.15105553],[0.01778689 0.06164514 0.11480865 0.13359766],[ 6.026795 18.01895  34.07998  45.34814 ],[ 5.3366027 18.472527  34.347706  39.98618  ],[8.298834 8.297748 8.296503 8.29441 ],[0.05564053 0.06254404 0.06962857 0.07684696],[8.30472  8.305355 8.306001 8.306659],[0.05492547 0.06174164 0.06871933 0.07579485]
DDK8,D,2e-07,6,True,False,TDD,vanilla,15,[0.02702604 0.0774911  0.1320516  0.1598991 ],[0.01910726 0.06586237 0.12157224 0.14503247],[ 8.097168 23.190735 39.463318 47.702267],[ 5.7373433 19.658905  36.18078   42.91075  ],[8.298107 8.294013 8.288626 8.282306],[0.08434872 0.09570846 0.10737336 0.11919662],[8.304998 8.30393  8.302717 8.301365],[0.08359402 0.0947236  0.10591125 0.1170879 ]
DDK8,D,2e-07,9,True,False,TDD,vanilla,15,[0.03696878 0.11714735 0.18876049 0.23860237],[0.01568931 0.05986036 0.10516059 0.14297359],[11.125976 35.33258  56.79103  71.819885],[ 4.8119   18.267084 31.98088  43.41404 ],[8.296601 8.292497 8.286576 8.279165],[0.12962033 0.14461641 0.15989769 0.17518587],[8.304958 8.305161 8.30541  8.30564 ],[0.12817776 0.14271183 0.15739685 0.17246187]
DDK8,D,2e-07,12,True,False,TDD,vanilla,15,[0.03184133 0.10353034 0.17770433 0.22794558],[0.01656543 0.06198908 0.11906721 0.14646095],[ 9.523742 30.922781 52.743763 67.69358 ],[ 4.7647305 17.92743   33.60285   41.573997 ],[8.30415   8.297615  8.290607  8.2813225],[0.14387952 0.16667783 0.19013898 0.21400917],[8.313007 8.312093 8.310837 8.309354],[0.14296053 0.16523613 0.1881396  0.2113783 ]
DDK8,D,2e-07,15,True,False,TDD,vanilla,15,[0.03178012 0.09566056 0.1558739  0.20747732],[0.01626148 0.06553456 0.12308191 0.1588739 ],[ 9.269983 27.722149 44.662655 59.683662],[ 4.3929186 17.994596  32.895023  42.6846   ],[8.282253 8.272787 8.261176 8.248855],[0.18799564 0.21063536 0.23352928 0.25643405],[8.293565  8.2920685 8.2905855 8.289156 ],[0.18703032 0.20940296 0.23131841 0.25235698]
DDK8,D,2e-07,18,True,False,TDD,vanilla,15,[0.03308757 0.09005887 0.14070386 0.18899204],[0.01590814 0.05744965 0.10250175 0.12095032],[ 9.837776 27.551067 43.22957  57.88342 ],[ 4.603022 18.721544 33.103363 39.45991 ],[8.293059 8.288037 8.280733 8.268944],[0.22335462 0.2448219  0.26697224 0.28919592],[8.305725 8.309488 8.312395 8.314784],[0.22037174 0.2390583  0.25812885 0.27720353]
DDK8,D,2e-07,21,True,False,TDD,vanilla,15,[0.03120461 0.08372838 0.13479309 0.18467468],[0.01730292 0.06827364 0.11803167 0.15063865],[ 8.927546 24.16419  39.106346 54.440235],[ 4.6537914 19.262104  33.469578  44.050987 ],[8.250781 8.243833 8.235715 8.227017],[0.2480855  0.26887238 0.289047   0.30814168],[8.264703 8.267769 8.272947 8.279535],[0.24443386 0.26372743 0.2798239  0.2931526 ]
DDK8,D,2e-07,24,True,False,TDD,vanilla,15,[0.03017146 0.07698245 0.13914804 0.19623227],[0.01490145 0.06100187 0.10379321 0.13895434],[ 8.694512 22.473816 41.224586 58.900467],[ 3.9993474 17.464296  31.535694  43.246094 ],[8.262546 8.255383 8.245401 8.2328  ],[0.24525541 0.26400274 0.286531   0.31137902],[8.277871 8.283131 8.289918 8.296556],[0.24175097 0.25661522 0.27360883 0.29408902]
DDK8,D,2e-07,27,True,False,TDD,vanilla,15,[0.03368193 0.08927781 0.15977272 0.21967301],[0.02033703 0.07785854 0.15241419 0.1917694 ],[ 9.592659 25.930086 45.63372  64.11707 ],[ 5.4068136 21.970139  40.826717  55.46919  ],[8.2367115 8.223214  8.208604  8.192683 ],[0.26840675 0.29107508 0.32067317 0.35368007],[8.2537155 8.252774  8.254282  8.257275 ],[0.26518136 0.28589198 0.31270012 0.34290448]
DDK8,D,2e-07,33,True,False,TDD,vanilla,15,[0.03119299 0.08089386 0.14377226 0.19909312],[0.01699044 0.06275401 0.10940953 0.1432571 ],[ 9.139439 23.550179 42.53613  60.605885],[ 4.8310714 17.635077  31.396643  43.91243  ],[8.2751045 8.26021   8.245386  8.234561 ],[0.2969015  0.30526313 0.31383798 0.3283907 ],[8.294483 8.296839 8.303677 8.315007],[0.29260948 0.29500195 0.30127394 0.31653824]
DDK8,D,2e-07,36,True,False,TDD,vanilla,15,[0.0357809  0.09044316 0.15303394 0.20546694],[0.02132333 0.07972331 0.13293749 0.17390536],[10.059868 24.839378 42.08843  58.07218 ],[ 5.637913 20.59557  33.669285 50.203   ],[8.232525 8.188873 8.146814 8.104277],[0.31247577 0.3443294  0.37363586 0.4016701 ],[8.254462  8.231821  8.213254  8.2022705],[0.30821246 0.33105987 0.3529215  0.36922216]
DDK8,D,2e-07,42,True,False,TDD,vanilla,15,[0.04016804 0.10636606 0.17649965 0.2529392 ],[0.01908875 0.07123817 0.12834615 0.16081703],[11.650273 31.34806  52.24261  75.821945],[ 5.3589063 22.22992   39.9143    50.746574 ],[8.247361 8.216366 8.179277 8.143811],[0.31857082 0.33786976 0.35282198 0.37453043],[8.275828 8.271634 8.268322 8.26755 ],[0.31351313 0.32876962 0.3366903  0.34487548]
DDK8,D,4e-07,3,True,False,TDD,vanilla,15,[0.02582566 0.07149957 0.13059929 0.17259148],[0.02035582 0.06975107 0.12824364 0.1502353 ],[ 7.688259 21.32437  38.85365  51.22571 ],[ 6.124844 20.985094 38.462215 45.141247],[8.283793 8.278923 8.274105 8.26822 ],[0.05491169 0.06310174 0.07139953 0.0799698 ],[8.293405 8.290766 8.28805  8.285257],[0.05372701 0.06171242 0.06978194 0.07790729]
DDK8,D,4e-07,6,True,False,TDD,vanilla,15,[0.0336358  0.09158102 0.15123114 0.18805294],[0.02019458 0.06917824 0.12170967 0.15285091],[10.038311 27.429567 45.30709  56.451202],[ 6.0211573 20.71705   36.279774  45.92978  ],[8.291069 8.289051 8.286548 8.283577],[0.09937646 0.11335441 0.12707038 0.14062493],[8.302427 8.303819 8.305447 8.30732 ],[0.09781612 0.11133109 0.12449647 0.1372722 ]
DDK8,D,4e-07,9,True,False,TDD,vanilla,15,[0.03760311 0.1071889  0.17472899 0.2162607 ],[0.01659329 0.06311878 0.10992592 0.14147499],[11.295479 32.347897 52.756596 65.42836 ],[ 4.926402 18.777302 32.628986 42.165787],[8.297766  8.296053  8.293604  8.2907715],[0.12484128 0.1441667  0.16368769 0.18331513],[8.310682 8.313534 8.316418 8.319339],[0.1229313  0.14134116 0.15957414 0.17754117]
DDK8,D,4e-07,12,True,False,TDD,vanilla,15,[0.03377119 0.09342176 0.141192   0.1843488 ],[0.01675982 0.05910138 0.10038742 0.1291631 ],[10.169958 28.32975  42.866665 56.123226],[ 5.0443625 17.977037  30.67859   39.879158 ],[8.301269  8.296793  8.2919235 8.285534 ],[0.15703894 0.17890607 0.20166138 0.22410192],[8.314311 8.315415 8.316559 8.31765 ],[0.15571669 0.17662454 0.19755578 0.21827404]
DDK8,D,4e-07,15,True,False,TDD,vanilla,15,[0.03631778 0.09738911 0.15287426 0.20462552],[0.01598078 0.05879584 0.10491388 0.13848698],[11.009003 29.940151 47.180645 63.430786],[ 4.694008 18.399427 32.701157 43.62154 ],[8.315441 8.312638 8.30928  8.302382],[0.17718583 0.19685969 0.21621947 0.2362042 ],[8.331775 8.336437 8.340626 8.344339],[0.17464425 0.1934692  0.21228619 0.23092636]
DDK8,D,4e-07,18,True,False,TDD,vanilla,15,[0.03613127 0.09426791 0.14418764 0.19180125],[0.01651013 0.06262809 0.11115269 0.14234275],[10.649937 28.170036 43.065132 57.735683],[ 4.794894 19.246485 34.155453 45.411854],[8.269544 8.258785 8.24801  8.234343],[0.19156812 0.21228722 0.23742267 0.26546073],[8.286208 8.283078 8.280533 8.278921],[0.19004631 0.20961969 0.23211282 0.2563469 ]
DDK8,D,4e-07,21,True,False,TDD,vanilla,15,[0.03723679 0.0926235  0.14676751 0.19427025],[0.01661484 0.06319062 0.11007416 0.1463919 ],[11.220359 28.244844 44.848545 59.882267],[ 5.167603 19.936243 34.66561  48.332764],[8.29774  8.286997 8.272329 8.253397],[0.21047997 0.2490651  0.29287043 0.33404565],[8.315765 8.314188 8.310797 8.306976],[0.20739509 0.2451768  0.28654093 0.3257228 ]
DDK8,D,4e-07,24,True,False,TDD,vanilla,15,[0.04110685 0.10336962 0.17550892 0.23121826],[0.01666296 0.06783629 0.11413077 0.15363011],[12.256306 31.15419  52.972275 69.29605 ],[ 5.2431645 20.991562  35.4619    46.400486 ],[8.2753   8.2658   8.251401 8.231045],[0.2444123  0.27124235 0.3035495  0.33726853],[8.2942295 8.294001  8.29249   8.29053  ],[0.24053971 0.2657455  0.29513124 0.32629207]
DDK8,D,4e-07,27,True,False,TDD,vanilla,15,[0.03667111 0.09118805 0.15889026 0.22382107],[0.01682874 0.06740824 0.12751321 0.17732182],[10.767662 27.187239 47.597862 66.79815 ],[ 5.132487 21.715162 41.08924  55.433037],[8.265038  8.257946  8.245784  8.2272835],[0.2499829  0.2621551  0.2799408  0.30884123],[8.284804 8.288184 8.289756 8.287945],[0.24599674 0.25614992 0.27404147 0.30254942]
DDK8,D,4e-07,33,True,False,TDD,vanilla,15,[0.0359766  0.07047589 0.13243943 0.18136433],[0.01887666 0.05750287 0.08796885 0.11758249],[10.525652 21.232386 40.92683  56.976818],[ 5.732667 19.634373 31.38847  44.71249 ],[8.259907 8.249088 8.239412 8.227035],[0.2992302  0.31926197 0.3378153  0.34687224],[8.283479 8.285306 8.291762 8.302665],[0.29424185 0.31225926 0.32923257 0.3390499 ]
DDK8,D,4e-07,36,True,False,TDD,vanilla,15,[0.04213037 0.09233356 0.17392711 0.22051442],[0.02347353 0.0804894  0.1392293  0.1726532 ],[11.581836 25.661963 48.53683  63.086723],[ 5.4751906 20.491241  36.037605  45.21652  ],[8.19833  8.19093  8.181199 8.168011],[0.31226978 0.34121943 0.36796567 0.38976955],[8.223469 8.229465 8.240253 8.252065],[0.30499366 0.32756943 0.34636486 0.3621993 ]
DDK8,D,4e-07,42,True,False,TDD,vanilla,15,[0.04214874 0.09836125 0.17085482 0.2229044 ],[0.02462384 0.08227165 0.13683808 0.1713299 ],[12.06509  28.053106 49.553646 65.395485],[ 6.048323 21.40897  37.831623 48.441105],[8.267389  8.234979  8.196188  8.1572695],[0.2663032  0.29134086 0.31059515 0.3269603 ],[8.293684 8.277752 8.263025 8.253034],[0.2600928  0.2811057  0.29591087 0.3149146 ]
DDK8,A,5e-08,3,True,False,TDD,vanilla,20,[0.02307686 0.07134519 0.13897781 0.19642544],[0.01925115 0.07077377 0.13960078 0.18246056],[ 5.5528474 17.366976  33.799637  46.563732 ],[ 4.693113 18.105062 36.4345   45.34588 ],[8.231068 8.231713 8.230222 8.226121],[0.36623412 0.38182232 0.39913368 0.41835052],[8.233838 8.237641 8.241822 8.246357],[0.36562672 0.3805851  0.39700893 0.4147793 ]
DDK8,A,5e-08,6,True,False,TDD,vanilla,20,[0.03507935 0.1048277  0.18466324 0.25177613],[0.02265104 0.08244544 0.15548334 0.21281664],[ 8.724909 25.459158 42.65449  57.464252],[ 5.6448474 19.278582  34.028343  44.991352 ],[8.276682 8.268979 8.251932 8.228879],[0.44418162 0.4844795  0.5297524  0.5785403 ],[8.28204  8.2848   8.287399 8.290143],[0.44220755 0.47809482 0.5148415  0.55173457]
DDK8,A,5e-08,9,True,False,TDD,vanilla,20,[0.05336201 0.1693798  0.32602143 0.47142857],[0.05838028 0.1876407  0.47777814 0.7751697 ],[10.398892 33.156525 54.184235 74.15154 ],[ 4.9420314 18.966354  31.117966  43.665512 ],[8.222712 8.189485 8.142077 8.081595],[0.55282336 0.61581045 0.689254   0.77345794],[8.232175 8.218963 8.206256 8.19461 ],[0.5494946  0.6048245  0.66238713 0.7200331 ]
DDK8,A,5e-08,12,True,False,TDD,vanilla,20,[0.05672184 0.19628698 0.37622175 0.521161  ],[0.05667313 0.27985603 0.8822357  1.0207628 ],[ 9.562573 30.39311  51.292553 80.67361 ],[ 5.748403 19.373423 35.52781  53.313103],[8.156399 8.122168 8.070783 8.000579],[0.57450116 0.6576816  0.7565275  0.87014574],[8.1713705 8.169162  8.165635  8.1618185],[0.5680532  0.6353437  0.7046337  0.77285534]
DDK8,A,5e-08,15,True,False,TDD,vanilla,20,[0.06061442 0.18974741 0.32714924 0.518614  ],[0.05009355 0.19396941 0.37613273 0.6485649 ],[11.01277  34.383827 58.96914  90.54732 ],[ 5.74943  21.896936 41.578194 77.55847 ],[8.209382 8.168673 8.115109 8.022419],[0.7289989  0.82341075 0.93176085 1.0598295 ],[8.229278 8.228537 8.234898 8.246084],[0.716445   0.7802941  0.83712816 0.889672  ]
DDK8,A,5e-08,18,True,False,TDD,vanilla,20,[0.09668968 0.3030656  0.51467395 0.84423274],[0.10885877 0.45661816 0.73374003 1.7126538 ],[ 12.063659  36.433346  61.422558 100.77305 ],[ 5.85503  23.653807 44.711494 80.44549 ],[8.13256   8.073262  7.9898667 7.8437057],[0.8426551 0.9373714 1.046808  1.2142708],[8.165414 8.166351 8.164887 8.15692 ],[0.8150258 0.8670547 0.9366969 1.025056 ]
DDK8,A,5e-08,21,True,False,TDD,vanilla,20,[0.09009439 0.23668453 0.4210513  0.6601393 ],[0.08125614 0.275007   0.47127587 0.6926598 ],[ 13.142431  35.893612  60.85286  104.33109 ],[ 5.884116 22.789377 42.496536 64.73999 ],[8.063004 7.988863 7.866889 7.690166],[0.9177043  0.98298293 1.0838126  1.2614043 ],[8.097888  8.0776415 8.057297  8.0439825],[0.8918794  0.9238005  0.95249516 0.97904676]
DDK8,A,5e-08,24,True,False,TDD,vanilla,20,[0.09772782 0.27251172 0.58401847 0.64563924],[0.12597312 0.58198744 1.3028772  0.7449289 ],[ 13.405795  36.603874  72.29146  116.723564],[ 6.7567515 28.0208    59.409363  90.13242  ],[8.209249  8.128476  7.9648433 7.7021155],[0.7981309 0.8907717 1.04173   1.2973312],[8.248478 8.227171 8.202078 8.1868  ],[0.7698817  0.82811874 0.88698286 0.9156224 ]
DDK8,A,5e-08,27,True,False,TDD,vanilla,20,[0.11096618 0.30442807 0.59704226 0.98151976],[0.11334715 0.3570279  0.9006376  1.8159232 ],[ 15.2053385  46.235435   85.48049   139.95883  ],[  7.687565  34.18667   65.84215  116.27221 ],[8.029091  7.9404187 7.772384  7.488813 ],[0.83764505 0.921792   1.0588167  1.3087493 ],[8.073305 8.057036 8.035699 8.017298],[0.81447893 0.87702554 0.95565355 1.0139018 ]
DDK8,A,5e-08,33,True,False,TDD,vanilla,20,[0.15623525 0.37436604 0.6594202  0.7608449 ],[0.21346132 0.65612084 1.0155895  0.5434949 ],[ 19.381779  51.93659  104.92173  172.7295  ],[ 12.3568125  42.670822   88.91236   152.13177  ],[8.118691  7.9926233 7.7296877 7.375717 ],[0.99080986 1.1676931  1.3641123  1.3984357 ],[8.180847  8.193614  8.203002  8.1704445],[0.9456215  0.95782167 0.92753166 0.9645922 ]
DDK8,A,5e-08,36,True,False,TDD,vanilla,20,[0.18023047 0.4760913  0.867897   1.020176  ],[0.24409229 0.6352134  1.1465336  0.87018037],[ 21.148212  61.374134 128.31119  211.85149 ],[ 13.749634  53.550415 116.644035 182.20601 ],[8.013692  7.85469   7.4940257 7.0107036],[0.89748645 1.0193443  1.3427049  1.6108648 ],[8.093336 8.087319 8.075918 8.088953],[0.84122604 0.8823591  0.96047276 0.99210644]
DDK8,A,5e-08,42,True,False,TDD,vanilla,20,[0.22830759 0.5510708  0.8255951  1.1929775 ],[0.24410103 0.63889724 0.7419139  1.149992  ],[ 23.839375  73.14615  137.38976  210.31148 ],[ 22.02287   56.192112 105.76178  161.86789 ],[7.7203975 7.4930243 7.1629834 6.622837 ],[1.1176748 1.3492451 1.5152918 1.617188 ],[7.833758 7.885902 7.919857 7.917343],[1.0413706 1.023846  1.0217247 1.0423343]
DDK8,A,2e-07,3,True,False,TDD,vanilla,20,[0.02834231 0.07842417 0.14483866 0.19518237],[0.01971676 0.07204039 0.13830411 0.16188593],[ 7.354664 20.294456 36.721992 48.353073],[ 5.5770254 19.653496  36.616146  41.770397 ],[8.123001 8.12271  8.119143 8.112648],[0.629982   0.63438135 0.6405218  0.64808315],[8.130689 8.134304 8.138219 8.142409],[0.6257091 0.6282687 0.6312905 0.6347323]
DDK8,A,2e-07,6,True,False,TDD,vanilla,20,[0.03758679 0.10524661 0.18585616 0.24258427],[0.02598761 0.09227512 0.17417198 0.21225078],[10.245999 28.440336 49.02943  63.266136],[ 7.821026 27.659405 50.808186 60.558723],[8.266056 8.260545 8.246388 8.229918],[0.6061456  0.62793404 0.65839493 0.6917115 ],[8.274826 8.279523 8.284403 8.289545],[0.6015826  0.61828643 0.63822275 0.6610321 ]
DDK8,A,2e-07,9,True,False,TDD,vanilla,20,[0.04324512 0.13014333 0.21938582 0.29472843],[0.02663869 0.08940914 0.14579298 0.18108764],[10.973288 33.855656 55.62172  73.57051 ],[ 6.2296114 23.429993  39.45321   51.577835 ],[8.2002325 8.19362   8.171372  8.137159 ],[0.6792746  0.7066228  0.7511882  0.81228787],[8.212872 8.222125 8.22945  8.234579],[0.6716166  0.6904289  0.7124399  0.73767006]
DDK8,A,2e-07,12,True,False,TDD,vanilla,20,[0.05246176 0.15899585 0.25849256 0.36140984],[0.03672121 0.13258503 0.23560742 0.3968645 ],[11.126233 33.20388  52.242554 70.69253 ],[ 6.896098 23.704403 41.408043 53.741608],[8.099644  8.049273  7.9885926 7.9092445],[0.7362113  0.79074454 0.85394007 0.94081414],[8.118894 8.099322 8.080267 8.061373],[0.72288525 0.7593847  0.79724795 0.8372211 ]
DDK8,A,2e-07,15,True,False,TDD,vanilla,20,[0.0619849  0.17442541 0.28613624 0.40594453],[0.04312288 0.1308581  0.25452498 0.31641805],[10.897686 31.762985 49.637016 75.109245],[ 5.2737384 18.94607   34.29509   55.22745  ],[7.9322724 7.8798885 7.818202  7.722637 ],[0.8305746 0.9077621 0.9967272 1.0974051],[7.960368 7.953955 7.952423 7.9545  ],[0.8137213 0.856927  0.8997762 0.942242 ]
DDK8,A,2e-07,18,True,False,TDD,vanilla,20,[0.05706465 0.1578125  0.26504862 0.42323306],[0.03377762 0.1108539  0.23203197 0.4365946 ],[11.37894  31.453037 49.363754 75.74469 ],[ 4.7517996 20.222965  36.46057   55.835667 ],[8.098147  8.035908  7.952718  7.8171535],[0.82936865 0.8990715  0.9782249  1.095964  ],[8.126295 8.107923 8.089695 8.074124],[0.8090824  0.8441579  0.88169974 0.92264533]
DDK8,A,2e-07,21,True,False,TDD,vanilla,20,[0.0713744  0.17431867 0.31775725 0.51793367],[0.05485665 0.1398889  0.27184898 0.43881616],[12.446514 32.105343 55.92362  90.93618 ],[ 5.3679085 20.508976  35.972294  53.14812  ],[8.074434 8.024073 7.9326   7.776408],[0.8720488 0.9245749 1.014293  1.143595 ],[8.111541 8.108097 8.098149 8.079145],[0.84507656 0.87269056 0.9155379  0.9743686 ]
DDK8,A,2e-07,24,True,False,TDD,vanilla,20,[0.07417846 0.17416315 0.33025402 0.53784215],[0.06605931 0.14872296 0.33392146 0.5731401 ],[ 12.686362  31.486008  59.50253  103.70062 ],[ 5.6902146 21.015612  38.202274  68.47049  ],[8.061865  7.9767303 7.8440266 7.6518683],[0.8586879 0.9793952 1.1290727 1.3060564],[8.102798 8.079458 8.073869 8.082761],[0.8285165 0.893055  0.9226012 0.9377865]
DDK8,A,2e-07,27,True,False,TDD,vanilla,20,[0.07406916 0.19965354 0.3796669  0.63787556],[0.05680725 0.18942907 0.3725941  0.6435936 ],[ 13.694389  38.536606  71.1633   119.83517 ],[  6.6142964  30.779812   68.551056  118.45217  ],[8.067421  7.9719563 7.803331  7.5479493],[0.81895846 0.91330844 1.0637056  1.2322702 ],[8.11104  8.084653 8.048851 8.015041],[0.78864    0.83198315 0.884727   0.9329143 ]
DDK8,A,2e-07,33,True,False,TDD,vanilla,20,[0.08747166 0.2560012  0.48470306 0.7195456 ],[0.07784005 0.26226166 0.3999814  0.5484836 ],[ 15.950862  49.181583 101.74047  158.08096 ],[  8.614527  38.796146  87.435905 135.61212 ],[8.166099 8.068833 7.83044  7.457716],[0.84218127 0.9301414  1.0920892  1.354757  ],[8.216682  8.2085085 8.163704  8.084707 ],[0.8136454 0.8615523 0.9495743 1.0525955]
DDK8,A,2e-07,36,True,False,TDD,vanilla,20,[0.11387556 0.3112694  0.6769035  0.9521649 ],[0.10117569 0.31708315 0.8804388  0.83561254],[ 18.710701  52.175327 112.107155 198.73083 ],[ 11.075175  40.292675  87.69692  159.79955 ],[8.005012  7.86682   7.557645  7.2250633],[0.8805737 0.9735227 1.2822944 1.3305666],[8.077505 8.06925  8.089985 8.128924],[0.82759804 0.8323908  0.8334932  0.87066954]
DDK8,A,2e-07,42,True,False,TDD,vanilla,20,[0.1378261  0.40637386 0.738717   0.99391913],[0.11920937 0.42869613 0.6556746  0.71495837],[ 21.496397  60.26114  125.160736 196.4191  ],[ 15.756509  51.42189  127.463    170.50256 ],[7.8326397 7.579157  7.2147484 6.8358   ],[1.0220548 1.2600161 1.4162503 1.5486249],[7.927911  7.910005  7.917583  7.9121513],[0.96075475 0.9710648  0.9386558  0.9704687 ]
DDK8,A,4e-07,3,True,False,TDD,vanilla,20,[0.03097499 0.0873767  0.16166614 0.21527775],[0.019872   0.07974228 0.15100957 0.17465754],[ 9.143595 25.632164 47.073326 62.261   ],[ 5.957214 23.66932  44.48631  52.324844],[8.129849 8.124182 8.115842 8.103781],[0.3417076  0.35024878 0.36006027 0.3721617 ],[8.140506 8.137633 8.134504 8.131127],[0.34248444 0.35056454 0.35972664 0.36985973]
DDK8,A,4e-07,6,True,False,TDD,vanilla,20,[0.03838604 0.09928767 0.168952   0.22347628],[0.02038209 0.07472704 0.1414485  0.17627183],[10.833745 27.362385 44.640526 58.018944],[ 5.729303 19.744083 34.114857 43.044754],[8.163205 8.155584 8.14053  8.120015],[0.3903518  0.4215198  0.45720303 0.4965394 ],[8.176272 8.178738 8.180604 8.181811],[0.39123917 0.4205529  0.45303023 0.4878832 ]
DDK8,A,4e-07,9,True,False,TDD,vanilla,20,[0.04588441 0.13540997 0.22929068 0.3026913 ],[0.0211468  0.08274627 0.14690638 0.19353548],[12.837761 37.2335   61.127945 80.2151  ],[ 5.7468457 22.827852  39.11572   52.152317 ],[8.166858 8.147137 8.116373 8.084631],[0.47788715 0.5270205  0.58541566 0.63706505],[8.184002 8.182483 8.180069 8.177103],[0.4719663  0.5057804  0.54053843 0.5759417 ]
DDK8,A,4e-07,12,True,False,TDD,vanilla,20,[0.04714151 0.13203724 0.214753   0.30612895],[0.02034193 0.06829865 0.14910473 0.23032969],[12.666449 35.386635 54.62311  77.44458 ],[ 5.5675306 19.571451  34.47878   49.151855 ],[8.132554 8.106795 8.07202  8.021317],[0.57867086 0.63469976 0.69591755 0.7675847 ],[8.15235  8.154115 8.15547  8.156445],[0.5726108  0.6156969  0.65478444 0.68982166]
DDK8,A,4e-07,15,True,False,TDD,vanilla,20,[0.05213311 0.15148392 0.25297126 0.36590084],[0.02706973 0.12054843 0.26207474 0.36034393],[12.388811 34.266884 53.91383  79.652565],[ 5.2281265 17.46583   28.580952  47.496742 ],[8.041692  8.015209  7.9734774 7.8989067],[0.57813054 0.6334962  0.706304   0.7957404 ],[8.066401 8.071935 8.077987 8.082911],[0.5711157  0.6151953  0.66565377 0.7195561 ]
DDK8,A,4e-07,18,True,False,TDD,vanilla,20,[0.05715593 0.14575449 0.2431123  0.37310004],[0.02990199 0.08831836 0.17784116 0.2656373 ],[13.305803 35.27729  59.030704 97.19531 ],[ 4.774628 18.783457 38.5024   66.623695],[8.061817  8.055487  8.025851  7.9521837],[0.6347585 0.7043275 0.7931781 0.910971 ],[8.09442  8.127554 8.160606 8.190095],[0.6232103  0.6795312  0.74975705 0.8271956 ]
DDK8,A,4e-07,21,True,False,TDD,vanilla,20,[0.05926516 0.14629622 0.2536046  0.38413334],[0.03507401 0.11733607 0.249628   0.31044957],[ 13.254768  33.49031   58.77361  100.56617 ],[ 5.4815044 20.628798  47.036148  82.356804 ],[7.9865017 7.977112  7.918396  7.804588 ],[0.68940115 0.7612159  0.86762947 0.98770225],[8.028134 8.068816 8.101429 8.12289 ],[0.67326814 0.7159541  0.7663214  0.81699765]
DDK8,A,4e-07,24,True,False,TDD,vanilla,20,[0.06634826 0.16431174 0.3238132  0.51476955],[0.03711159 0.10569512 0.23003055 0.33376506],[ 13.311729  32.161995  59.70381  100.05227 ],[ 5.9408298 20.135887  37.15341   67.7554   ],[7.8855577 7.789297  7.625625  7.420564 ],[0.7628475 0.8629389 1.0161775 1.1670632],[7.927203  7.8822603 7.847619  7.832544 ],[0.74526685 0.8172085  0.8804765  0.9221472 ]
DDK8,A,4e-07,27,True,False,TDD,vanilla,20,[0.0797591  0.20198023 0.3807526  0.58048934],[0.0637091  0.1667478  0.3491555  0.47116143],[ 15.587857  39.846943  77.54568  132.6338  ],[  6.420548  23.775282  58.652294 106.98614 ],[7.9342113 7.850778  7.690743  7.47341  ],[0.73890555 0.8310146  0.9801765  1.1478927 ],[7.9919696 7.989279  7.998762  8.014314 ],[0.70994437 0.749423   0.7883426  0.81563747]
DDK8,A,4e-07,33,True,False,TDD,vanilla,20,[0.09368693 0.272865   0.5138407  0.6993502 ],[0.08613891 0.26107413 0.45402688 0.46459693],[ 16.437384  48.1641    96.606995 166.0968  ],[  6.8803234  34.666397   70.51847   128.7167   ],[7.930465  7.777703  7.505752  7.1525908],[0.7389466  0.87600553 1.1068722  1.3145708 ],[7.995203  7.9802413 7.973531  7.9859047],[0.70891154 0.7746805  0.8564755  0.92781574]
DDK8,A,4e-07,36,True,False,TDD,vanilla,20,[0.08446254 0.20973499 0.42182922 0.66084   ],[0.05129052 0.14431646 0.28605264 0.40368825],[ 19.261303  47.39033   94.17609  150.9902  ],[ 9.885804 30.094257 64.03879  97.8295  ],[8.0441475 7.937504  7.6642065 7.2285113],[0.86241966 0.91009396 1.0460973  1.2632445 ],[8.108352 8.090845 8.035079 7.95603 ],[0.8385771  0.8493455  0.87210375 0.9073687 ]
DDK8,A,4e-07,42,True,False,TDD,vanilla,20,[0.1355705 0.332794  0.5788784 0.8627186],[0.12151923 0.23964036 0.37839967 0.51132005],[ 23.06938  72.34348 148.52585 239.82455],[ 12.114689  54.762314 126.21312  174.48015 ],[7.822377  7.7198377 7.4538937 6.9562683],[0.86184996 0.9554014  1.0877488  1.4583592 ],[7.9211125 8.026638  8.094642  8.118456 ],[0.81548744 0.8076006  0.8508136  0.89531356]
DDK8,C,5e-08,3,True,False,TDD,vanilla,20,[0.03018772 0.09242491 0.18231495 0.2584079 ],[0.02219462 0.08472209 0.16743366 0.20989425],[ 6.8709083 20.98195   39.87634   54.775337 ],[ 4.9027243 18.79662   35.000584  43.701637 ],[8.319106 8.309955 8.292563 8.267019],[0.19992037 0.21218713 0.2286671  0.25108576],[8.326575 8.326315 8.326018 8.325577],[0.19877578 0.20899162 0.22026956 0.2324996 ]
DDK8,C,5e-08,6,True,False,TDD,vanilla,20,[0.04876355 0.15178655 0.2793826  0.37887543],[0.03130347 0.1287076  0.26347557 0.30108535],[ 9.535682 27.994461 47.8911   66.02561 ],[ 4.4504967 15.670105  28.489208  39.337982 ],[8.216488 8.18271  8.127658 8.054139],[0.3028311  0.33181366 0.3695236  0.41491923],[8.230418 8.22319  8.218066 8.215206],[0.29918042 0.32049295 0.3425427  0.3658508 ]
DDK8,C,5e-08,9,True,False,TDD,vanilla,20,[0.06089657 0.2222597  0.37841102 0.5293422 ],[0.03670884 0.21433748 0.35684797 0.40440428],[ 11.594749  38.164974  69.2241   101.36569 ],[ 4.315921 16.914728 34.218567 52.937305],[8.234786 8.190427 8.107132 7.979594],[0.399184  0.4440404 0.5017655 0.5873983],[8.254384 8.254124 8.254158 8.25498 ],[0.39488202 0.43240994 0.46764877 0.49863467]
DDK8,C,5e-08,12,True,False,TDD,vanilla,20,[0.06128703 0.20913452 0.39415255 0.5779255 ],[0.04609488 0.15371168 0.27237326 0.32321975],[ 11.656638  38.741573  74.78575  118.89719 ],[ 5.108513 19.71037  46.113316 73.67012 ],[8.264152  8.183815  8.028175  7.7808995],[0.41212288 0.46474007 0.575189   0.7527086 ],[8.288876  8.277489  8.269999  8.2660885],[0.40042427 0.41886386 0.44892526 0.4908567 ]
DDK8,C,5e-08,15,True,False,TDD,vanilla,20,[0.07505353 0.24774566 0.49302644 0.64260274],[0.04875794 0.17447013 0.44133174 0.4294141 ],[ 13.312817  46.7316    91.31622  141.5248  ],[ 6.655629 29.528065 58.970688 91.98129 ],[8.25308   8.16487   7.9669    7.6974354],[0.41011617 0.4796511  0.68715787 0.98589337],[8.284434 8.291013 8.302465 8.324361],[0.4031638  0.44232005 0.4866336  0.5346952 ]
DDK8,C,5e-08,18,True,False,TDD,vanilla,20,[0.12384204 0.37324107 0.61808646 0.8076682 ],[0.11695397 0.287579   0.4134289  0.44895542],[ 17.762985  68.556915 122.04779  170.59206 ],[ 11.235755  46.81297   83.428154 110.21671 ],[8.13062   7.904265  7.53116   7.0823665],[0.57317775 0.7598891  1.0571089  1.1995533 ],[8.200162 8.199213 8.199512 8.190836],[0.5350562  0.57275265 0.58666337 0.60950494]
DDK8,C,5e-08,21,True,False,TDD,vanilla,20,[0.13304849 0.39723182 0.63312143 0.83596873],[0.1111782  0.2849861  0.39152232 0.42416066],[ 21.805109  78.9146   132.58408  190.06631 ],[ 14.745252  60.858852  97.11018  120.40147 ],[8.19338   7.8952436 7.4764514 7.0065093],[0.52362305 0.8053424  1.2399547  1.5312835 ],[8.273708 8.270968 8.278294 8.289778],[0.4893335 0.5536807 0.6028044 0.6329883]
DDK8,C,5e-08,24,True,False,TDD,vanilla,20,[0.17381816 0.44613495 0.6413604  0.79053503],[0.17180587 0.34166354 0.381619   0.38342547],[ 27.588547  88.04646  139.69969  192.62968 ],[ 22.290228  68.59461   97.83497  126.545074],[8.120126  7.7301784 7.365685  6.8521023],[0.6107653 0.995173  1.1976829 1.5487465],[8.232507 8.229933 8.229175 8.226252],[0.56549513 0.60039735 0.6194327  0.6659933 ]
DDK8,C,5e-08,27,True,False,TDD,vanilla,20,[0.2138099  0.498188   0.76966757 0.904432  ],[0.21396838 0.37845215 0.6511956  0.52893853],[ 31.607512  97.208954 151.03265  198.89096 ],[ 24.870129  79.85047  103.91297  109.11445 ],[8.006818  7.531411  7.0759563 6.664219 ],[0.6872195 1.1730788 1.3725257 1.5388302],[8.173424 8.189116 8.193333 8.201783],[0.5681614  0.57618004 0.5760544  0.6105042 ]
DDK8,C,5e-08,33,True,False,TDD,vanilla,20,[0.35028797 0.6851603  0.98597085 1.1428919 ],[0.4329377  0.57342124 0.8033599  0.73469466],[ 53.7036  128.33899 200.83774 246.94301],[ 60.969696  89.85046  143.93188  138.41438 ],[7.9074183 7.267386  6.835545  6.361453 ],[0.67270285 1.2810539  1.2863708  1.580739  ],[8.163975 8.166744 8.197453 8.228497],[0.55520767 0.59197205 0.6344895  0.69245917]
DDK8,C,5e-08,36,True,False,TDD,vanilla,20,[0.5465723 0.925418  1.3100615 1.2273926],[0.57268727 0.6214367  1.1337092  0.98890805],[ 88.40761 175.48753 252.72461 275.4909 ],[115.22405 118.23791 176.18388 149.63597],[7.765156  6.9928155 6.2557764 6.060499 ],[0.8496727 1.3468645 1.5947713 1.6071254],[8.201372 8.212413 8.186459 8.202197],[0.5879251 0.6015146 0.5885965 0.6164567]
DDK8,C,5e-08,42,True,False,TDD,vanilla,20,[0.9174132  0.96565276 1.1703467  1.1684787 ],[1.7428637  0.9134907  0.74301904 0.5579376 ],[135.7012  168.29703 220.84889 265.93448],[233.61293 119.14514 134.61864 164.21144],[7.397714 6.875325 6.333578 5.70797 ],[1.1656008 1.3239027 1.4876707 1.611972 ],[8.154698 8.128567 8.085518 8.078484],[0.6038881  0.6198292  0.71537834 0.8178851 ]
DDK8,C,2e-07,3,True,False,TDD,vanilla,20,[0.02714917 0.07779863 0.14741717 0.20053262],[0.01730926 0.06707662 0.12836975 0.14974894],[ 7.445492 21.430147 40.483006 54.97312 ],[ 4.8727107 18.846275  35.882843  42.408672 ],[8.2599   8.249552 8.230797 8.204237],[0.1664269  0.18102804 0.20029473 0.22431444],[8.269406 8.268143 8.26673  8.265156],[0.16525045 0.17695566 0.18965855 0.20317249]
DDK8,C,2e-07,6,True,False,TDD,vanilla,20,[0.03887796 0.11384374 0.20354994 0.2788197 ],[0.01798854 0.0690613  0.1411814  0.1793639 ],[10.741673 31.473732 55.120872 75.28662 ],[ 5.123836 19.113306 37.587116 48.45387 ],[8.272026  8.2347555 8.166785  8.073682 ],[0.24053594 0.2713175  0.32067278 0.3976189 ],[8.289013 8.28343  8.278104 8.273454],[0.23840481 0.2612574  0.2851649  0.3086477 ]
DDK8,C,2e-07,9,True,False,TDD,vanilla,20,[0.04662003 0.14735395 0.25871116 0.36530128],[0.01742779 0.06358961 0.12538293 0.17278334],[12.182046 38.47491  66.66523  95.46122 ],[ 4.1741133 15.681076  29.937775  45.26488  ],[8.245093 8.207644 8.13655  8.028864],[0.30576333 0.357042   0.42801738 0.518994  ],[8.265249 8.267987 8.272074 8.276913],[0.30145794 0.33881113 0.3764504  0.4147206 ]
DDK8,C,2e-07,12,True,False,TDD,vanilla,20,[0.04544848 0.15608142 0.28586942 0.43215957],[0.01807671 0.07721181 0.17076245 0.2340049 ],[ 12.019702  41.060165  73.017395 115.05517 ],[ 4.788852 19.28299  39.470234 64.42919 ],[8.250004 8.181837 8.049671 7.847636],[0.35286334 0.41981024 0.5287885  0.7066212 ],[8.275466 8.271283 8.26691  8.262678],[0.34935436 0.39719546 0.44388452 0.48593506]
DDK8,C,2e-07,15,True,False,TDD,vanilla,20,[0.06094365 0.20888935 0.37425354 0.54880625],[0.03066782 0.12276742 0.22545579 0.29150146],[ 14.990073  52.63069   96.32673  147.34206 ],[ 6.989999 28.251373 55.12915  80.4571  ],[8.164092  8.034156  7.7879405 7.4370604],[0.45906225 0.54352164 0.74399465 1.0401314 ],[8.207965 8.210038 8.215867 8.224112],[0.45113933 0.4856871  0.5191998  0.54643935]
DDK8,C,2e-07,18,True,False,TDD,vanilla,20,[0.06444898 0.20941904 0.37335163 0.53946584],[0.03830285 0.13376343 0.23070526 0.2732937 ],[ 15.898319  56.07683  105.6507   162.17621 ],[  8.741172  40.506634  88.36481  131.1828  ],[8.205993  8.0675335 7.7774906 7.4688225],[0.5091937 0.6046205 0.8305674 0.9937749],[8.257838 8.261139 8.260707 8.264115],[0.49564663 0.5484521  0.60611343 0.6623807 ]
DDK8,C,2e-07,21,True,False,TDD,vanilla,20,[0.08193462 0.26155272 0.43483308 0.60663354],[0.06264314 0.19900139 0.26913506 0.27764487],[ 20.760893  71.424736 125.66908  184.1974  ],[ 16.99348   58.932625  96.816505 118.98576 ],[8.165001  7.9439335 7.6033688 7.1851974],[0.49707675 0.7221864  0.9506043  1.2728465 ],[8.236614 8.255446 8.269096 8.275333],[0.48349896 0.5265164  0.5651753  0.60599506]
DDK8,C,2e-07,24,True,False,TDD,vanilla,20,[0.11680996 0.35027245 0.5738031  0.75556296],[0.08844732 0.19821607 0.29194275 0.29949948],[ 26.287169  89.76165  153.3664   209.8277  ],[ 20.669703  64.39305  104.67923  127.706856],[8.020416  7.694018  7.2566857 6.726138 ],[0.61661494 0.8033447  1.0188675  1.3661395 ],[8.131182 8.132619 8.148181 8.162027],[0.5804273  0.61564034 0.6213094  0.64173055]
DDK8,C,2e-07,27,True,False,TDD,vanilla,20,[0.11650494 0.3547963  0.5773365  0.7401328 ],[0.07604515 0.21410523 0.33602732 0.35677746],[ 26.908325  87.290955 142.64134  189.19058 ],[ 17.864174  57.848717  86.92025  102.692505],[8.048856  7.7108703 7.24033   6.7288013],[0.5826408 0.7647156 1.0774553 1.352182 ],[8.16426  8.148859 8.14116  8.125651],[0.5455145  0.57448643 0.5996173  0.65095395]
DDK8,C,2e-07,33,True,False,TDD,vanilla,20,[0.21992488 0.50566554 0.7275158  0.83850104],[0.20291363 0.3840956  0.4602451  0.33847794],[ 47.584312 115.32136  179.71715  219.18187 ],[ 41.906185  83.87897  118.64675  114.1782  ],[7.888984  7.3560243 6.8755565 6.633587 ],[0.75027806 1.117815   1.3521603  1.2103384 ],[8.134128 8.123875 8.132454 8.157437],[0.62713987 0.62046474 0.62091714 0.6189508 ]
DDK8,C,2e-07,36,True,False,TDD,vanilla,20,[0.2176316  0.48101425 0.70916694 0.8126697 ],[0.2610511  0.37281406 0.5291863  0.3858398 ],[ 49.881935 120.120224 180.04599  220.96797 ],[ 52.68661  96.52528 114.51206 113.1719 ],[7.9779954 7.472691  7.0359483 6.600732 ],[0.7061614 1.1462477 1.3224577 1.4429996],[8.223166 8.203659 8.193959 8.197771],[0.5721486  0.62228054 0.6435787  0.6443599 ]
DDK8,C,2e-07,42,True,False,TDD,vanilla,20,[0.44246396 0.6292686  0.9556681  1.0502386 ],[0.83049667 0.42563412 0.9172389  0.5690149 ],[100.99668 156.05046 238.65982 275.98737],[212.40259 103.61474 179.4103  139.54643],[7.687063  7.259676  6.733435  6.1859264],[1.1292557 1.1831554 1.373897  1.4414032],[8.202137 8.208331 8.213117 8.186108],[0.62006235 0.64596266 0.66607225 0.7035478 ]
DDK8,C,4e-07,3,True,False,TDD,vanilla,20,[0.0283772  0.07844761 0.14205633 0.19501993],[0.01783723 0.07006218 0.12937619 0.15602045],[ 8.287241 23.093647 41.566483 56.83875 ],[ 5.3373175 21.038433  38.396095  46.69471  ],[8.3048   8.298735 8.286169 8.267184],[0.1834643  0.19895764 0.21790405 0.24026291],[8.31983  8.321709 8.323363 8.324781],[0.1824369  0.19586535 0.21045375 0.22601187]
DDK8,C,4e-07,6,True,False,TDD,vanilla,20,[0.03863766 0.10328365 0.17680651 0.23968437],[0.01773906 0.06281929 0.11372358 0.14232737],[10.798916 29.060156 49.134987 65.9615  ],[ 5.410014 18.76283  33.65056  43.22922 ],[8.236992 8.213831 8.172769 8.119989],[0.26695582 0.29042092 0.3185876  0.3516032 ],[8.259438 8.260148 8.261916 8.265042],[0.26467186 0.2839932  0.30338576 0.3230583 ]
DDK8,C,4e-07,9,True,False,TDD,vanilla,20,[0.04661171 0.13971439 0.24776407 0.35265732],[0.01914998 0.07227027 0.1383834  0.1870948 ],[12.7550535 38.168118  66.022736  93.36026  ],[ 4.7693796 18.51976   34.575134  50.79745  ],[8.273163 8.230785 8.158177 8.055887],[0.34231386 0.39387822 0.4613334  0.5437152 ],[8.299542  8.2919655 8.284302  8.276176 ],[0.3363756  0.3739166  0.41209707 0.44999707]
DDK8,C,4e-07,12,True,False,TDD,vanilla,20,[0.0495717  0.1514219  0.26303428 0.39504364],[0.01887247 0.06703115 0.12998272 0.17746083],[ 13.249803  40.64493   70.127075 106.400505],[ 5.067266 18.148207 36.663094 56.865685],[8.219533  8.158784  8.045819  7.8820543],[0.3734268 0.4274353 0.5046543 0.6102661],[8.254019 8.249561 8.239468 8.22615 ],[0.36668321 0.40296978 0.44160876 0.48203832]
DDK8,C,4e-07,15,True,False,TDD,vanilla,20,[0.05520565 0.16815262 0.30668572 0.45603693],[0.02213523 0.08263721 0.17030236 0.23531237],[ 14.950752  46.152348  85.780685 132.75308 ],[ 5.8766747 22.96664   51.103207  82.43653  ],[8.255071  8.178183  8.028969  7.8218727],[0.37368393 0.44531563 0.5608451  0.71692044],[8.300738 8.310435 8.318503 8.321449],[0.36233523 0.4033232  0.448278   0.4995451 ]
DDK8,C,4e-07,18,True,False,TDD,vanilla,20,[0.06637142 0.20607483 0.34823972 0.4950023 ],[0.03416729 0.12645417 0.20461373 0.24199042],[ 16.95382   54.64033   97.178535 147.42949 ],[ 7.082658 29.009886 58.431763 89.85406 ],[8.186974  8.054731  7.8396525 7.565748 ],[0.53104556 0.67509204 0.8958141  1.1850905 ],[8.245845 8.256775 8.268593 8.282536],[0.5129303  0.5608195  0.60647964 0.64250934]
DDK8,C,4e-07,21,True,False,TDD,vanilla,20,[0.07988691 0.24863182 0.43031612 0.6087514 ],[0.04728093 0.1426789  0.21718083 0.23329161],[ 19.276701  64.35922  116.6813   180.16931 ],[ 9.265006 38.158054 65.662254 93.30038 ],[8.130596  7.9629936 7.6696954 7.313388 ],[0.5159403 0.6292452 0.8838529 1.1161398],[8.208268 8.233376 8.263854 8.301309],[0.48909435 0.49843127 0.5081799  0.52443814]
DDK8,C,4e-07,24,True,False,TDD,vanilla,20,[0.0904085  0.27528363 0.46519744 0.6348488 ],[0.05734058 0.18667445 0.25283927 0.26673293],[ 22.354353  72.02784  122.72756  175.29146 ],[ 14.396129  56.696617  82.810165 102.3515  ],[8.13378   7.8943443 7.524056  7.148425 ],[0.5225676  0.65063804 0.924248   1.1719327 ],[8.224326 8.216809 8.205311 8.196901],[0.5019927  0.53854054 0.5763094  0.6127203 ]
DDK8,C,4e-07,27,True,False,TDD,vanilla,20,[0.10552133 0.28899845 0.47606194 0.65050596],[0.06999783 0.18423459 0.24745998 0.26122978],[ 27.316511  77.11411  126.960304 179.67792 ],[ 23.146107  63.651485  83.10068  100.97737 ],[8.099778  7.8265004 7.5391455 7.1514874],[0.54386735 0.7441494  0.92984825 1.1395601 ],[8.212278 8.205426 8.209401 8.201062],[0.52702165 0.5741107  0.6127436  0.64407486]
DDK8,C,4e-07,33,True,False,TDD,vanilla,20,[0.1528766  0.35757932 0.55166525 0.70788085],[0.11639626 0.21787333 0.2839813  0.29577363],[ 36.891006  92.29971  143.98187  187.20471 ],[ 29.301273  64.926346  87.2035   105.397484],[8.009122  7.717188  7.3322864 7.0050807],[0.7167301  0.93952185 1.2210404  1.3774009 ],[8.183739 8.192224 8.175432 8.147135],[0.6432265  0.66101295 0.6978664  0.7402622 ]
DDK8,C,4e-07,36,True,False,TDD,vanilla,20,[0.17743538 0.44144714 0.64311296 0.76030844],[0.15657878 0.2760142  0.33616257 0.29622725],[ 43.87256 118.34953 176.91508 222.20116],[ 33.352104  73.03655   99.42247  112.23304 ],[8.060877  7.6028023 7.1348047 6.881036 ],[0.71614176 1.1353664  1.4467809  1.4590461 ],[8.265757  8.2690735 8.257155  8.252183 ],[0.6276491  0.67769957 0.705928   0.7128718 ]
DDK8,C,4e-07,42,True,False,TDD,vanilla,20,[0.28937778 0.49686202 0.72952133 0.9157067 ],[0.32719085 0.2811715  0.37446544 0.31989148],[ 78.73211 130.81146 198.60567 257.862  ],[113.514915  91.34313  128.18968  136.31631 ],[7.782868  7.443119  6.9593463 6.3755403],[0.8716606 1.015072  1.224221  1.3540305],[8.192731 8.206451 8.21126  8.215601],[0.59920657 0.60754186 0.64400005 0.6513544 ]
DDK8,D,5e-08,3,True,False,TDD,vanilla,20,[0.01956121 0.06555562 0.12344688 0.16199464],[0.01999003 0.06870309 0.12361276 0.14127356],[ 5.8227043 19.479954  36.65462   48.04452  ],[ 5.9425087 20.373589  36.667164  41.761974 ],[8.2978525 8.295636  8.292915  8.289587 ],[0.07497868 0.08043937 0.08638017 0.09274539],[8.299658 8.29858  8.297538 8.29653 ],[0.07468852 0.07996947 0.08556426 0.0913942 ]
DDK8,D,5e-08,6,True,False,TDD,vanilla,20,[0.02197728 0.06936383 0.11894213 0.15166014],[0.01872099 0.06449079 0.11489619 0.13633513],[ 6.5726776 20.715918  35.462536  45.22456  ],[ 5.5610046 19.164106  34.124672  40.60818  ],[8.309198  8.306435  8.302091  8.2959795],[0.12050796 0.13300285 0.14626907 0.16010314],[8.311767 8.311415 8.310966 8.310436],[0.12025459 0.13231722 0.14488111 0.15781623]
DDK8,D,5e-08,9,True,False,TDD,vanilla,20,[0.02752134 0.09513944 0.1545157  0.1966037 ],[0.01749378 0.06816107 0.11845886 0.14895405],[ 8.18507  28.349058 45.833668 58.31375 ],[ 5.1788263 20.37053   34.787994  44.197342 ],[8.294515 8.286385 8.275902 8.26361 ],[0.13239343 0.15321353 0.17590283 0.2001572 ],[8.297676 8.293371 8.288761 8.283954],[0.1321482  0.15266456 0.17479543 0.19807528]
DDK8,D,5e-08,12,True,False,TDD,vanilla,20,[0.02663777 0.09163436 0.15177709 0.19860303],[0.01697876 0.06333389 0.11558122 0.13476124],[ 7.7621975 26.664879  43.963165  57.55457  ],[ 4.79826  17.904575 32.544197 37.98674 ],[8.277567  8.2675085 8.255017  8.240364 ],[0.18763384 0.2129157  0.23984161 0.26794067],[8.282729 8.280233 8.277586 8.274747],[0.18684064 0.21076299 0.2355141  0.26066127]
DDK8,D,5e-08,15,True,False,TDD,vanilla,20,[0.02729653 0.08866085 0.14792679 0.19590056],[0.01715918 0.06385501 0.11680058 0.14297266],[ 8.075509 26.4194   43.99938  57.97883 ],[ 5.246859 19.45195  35.498184 43.27089 ],[8.263817 8.252932 8.238075 8.22216 ],[0.2101877  0.23033361 0.2522046  0.2758112 ],[8.270022 8.268729 8.268344 8.268918],[0.2086949  0.22577141 0.24269079 0.25992864]
DDK8,D,5e-08,18,True,False,TDD,vanilla,20,[0.0305355  0.10128719 0.15959664 0.22147724],[0.0187927  0.07347126 0.12997277 0.16710284],[ 8.853546 29.212673 45.78461  63.66273 ],[ 5.5700407 21.643751  38.23854   49.14769  ],[8.258973  8.232752  8.2032175 8.173584 ],[0.23630239 0.2679596  0.30383098 0.33629945],[8.267819  8.256482  8.2475815 8.242658 ],[0.2351493 0.2640463 0.2919402 0.3160511]
DDK8,D,5e-08,21,True,False,TDD,vanilla,20,[0.03067126 0.09336706 0.15219301 0.20920467],[0.0178399  0.06181222 0.10593009 0.14409472],[ 8.942509 27.294245 44.980923 62.93713 ],[ 5.4393616 18.85469   34.76674   51.32748  ],[8.267199 8.256187 8.241587 8.223952],[0.2528081  0.28742513 0.32814503 0.36594808],[8.27719   8.282884  8.2891655 8.295584 ],[0.25249338 0.2854534  0.32003936 0.35299757]
DDK8,D,5e-08,24,True,False,TDD,vanilla,20,[0.02777901 0.08182392 0.1410467  0.1915055 ],[0.01907248 0.06717232 0.11095248 0.14281014],[ 8.059671 23.737297 41.000816 55.84839 ],[ 5.424357 19.403826 33.28683  44.108967],[8.268917  8.2459135 8.218466  8.181138 ],[0.24784231 0.27752778 0.31099337 0.34596393],[8.280112  8.273623  8.264235  8.2512455],[0.24701582 0.27596948 0.30649292 0.3357034 ]
DDK8,D,5e-08,27,True,False,TDD,vanilla,20,[0.03153966 0.09168942 0.166367   0.23475887],[0.02156716 0.08127244 0.13680671 0.18430923],[ 8.849015 25.35491  46.94208  67.04453 ],[ 5.8753676 21.668346  36.47461   50.639866 ],[8.249643 8.232677 8.216672 8.197265],[0.29871354 0.31762838 0.34307566 0.370646  ],[8.262777 8.265217 8.269065 8.273772],[0.2979555  0.3138878  0.33165452 0.3518799 ]
DDK8,D,5e-08,33,True,False,TDD,vanilla,20,[0.02903533 0.07870901 0.13617092 0.18894266],[0.01888808 0.06292254 0.11041952 0.13553417],[ 8.083835 22.532688 38.79515  55.81822 ],[ 5.064946 19.62827  33.834114 45.092594],[8.216267 8.187689 8.157185 8.137096],[0.31789535 0.33587164 0.35862586 0.3589959 ],[8.235228 8.229521 8.229554 8.238303],[0.31300098 0.32693157 0.3373971  0.34345612]
DDK8,D,5e-08,36,True,False,TDD,vanilla,20,[0.03569761 0.09923825 0.17901856 0.2514654 ],[0.01917524 0.07548858 0.11686861 0.15522067],[10.789127 30.174135 54.656742 77.0639  ],[ 5.7332478 23.320896  37.37791   48.8233   ],[8.315034 8.290142 8.258417 8.217942],[0.28367674 0.30447394 0.33006853 0.36655447],[8.336734 8.337908 8.336387 8.332141],[0.27704263 0.29162735 0.30735877 0.3248851 ]
DDK8,D,5e-08,42,True,False,TDD,vanilla,20,[0.04031713 0.10083975 0.17594583 0.23672588],[0.02527776 0.071877   0.11980236 0.14144224],[11.79582  30.301891 53.883255 75.01192 ],[ 7.091055 21.29183  37.208458 49.0019  ],[8.263147 8.261469 8.250125 8.219116],[0.3068951  0.3237573  0.34786358 0.36865595],[8.291798 8.319096 8.342037 8.351114],[0.29859725 0.30620685 0.31966177 0.34217647]
DDK8,D,2e-07,3,True,False,TDD,vanilla,20,[0.02006018 0.0615791  0.11553799 0.15306586],[0.01841626 0.06411836 0.11773267 0.13596384],[ 6.0360894 18.513617  34.691494  45.97211  ],[ 5.533347 19.2352   35.251392 40.722828],[8.299958 8.299288 8.29816  8.296548],[0.05554258 0.06241942 0.06956915 0.07679749],[8.30472  8.305355 8.306001 8.306659],[0.05492547 0.06174164 0.06871933 0.07579485]
DDK8,D,2e-07,6,True,False,TDD,vanilla,20,[0.0264832  0.07830315 0.13264985 0.15986356],[0.01938988 0.06730667 0.12302104 0.14501823],[ 7.938182 23.433788 39.6437   47.695248],[ 5.8121433 20.076698  36.619156  42.94217  ],[8.299538 8.296015 8.291085 8.285223],[0.08420604 0.09552931 0.10716332 0.11896416],[8.304998 8.30393  8.302717 8.301365],[0.08359402 0.0947236  0.10591125 0.1170879 ]
DDK8,D,2e-07,9,True,False,TDD,vanilla,20,[0.03610182 0.11775854 0.18855013 0.2377529 ],[0.01584165 0.06087528 0.10579117 0.1431149 ],[10.869685 35.51689  56.72503  71.53977 ],[ 4.8563576 18.593067  32.207382  43.454914 ],[8.298426 8.294873 8.289478 8.282529],[0.12937307 0.14419836 0.15931463 0.17437544],[8.304958 8.305161 8.30541  8.30564 ],[0.12817776 0.14271183 0.15739685 0.17246187]
DDK8,D,2e-07,12,True,False,TDD,vanilla,20,[0.03126094 0.10438571 0.17901564 0.2289368 ],[0.01701318 0.06338382 0.12113405 0.14740248],[ 9.349487 31.160975 53.093506 67.96451 ],[ 4.8731246 18.235903  34.011585  41.64286  ],[8.305915 8.299652 8.292922 8.283935],[0.14364496 0.16639477 0.18986978 0.21370293],[8.313007 8.312093 8.310837 8.309354],[0.14296053 0.16523613 0.1881396  0.2113783 ]
DDK8,D,2e-07,15,True,False,TDD,vanilla,20,[0.03069169 0.09526123 0.15516053 0.20673977],[0.01653649 0.06637791 0.12382715 0.15869439],[ 8.94784  27.589731 44.422905 59.464222],[ 4.462272 18.2559   33.110195 42.731735],[8.284259 8.275003 8.263566 8.251374],[0.18773445 0.21038099 0.23315018 0.2557676 ],[8.293565  8.2920685 8.2905855 8.289156 ],[0.18703032 0.20940296 0.23131841 0.25235698]
DDK8,D,2e-07,18,True,False,TDD,vanilla,20,[0.03167322 0.08943535 0.14015128 0.18798442],[0.01610423 0.0588306  0.10364721 0.12061469],[ 9.433721 27.398829 43.09085  57.604218],[ 4.695097 19.157856 33.523026 39.38505 ],[8.29518  8.290308 8.283256 8.271545],[0.2229122  0.24454197 0.26667517 0.28867993],[8.305725 8.309488 8.312395 8.314784],[0.22037174 0.2390583  0.25812885 0.27720353]
DDK8,D,2e-07,21,True,False,TDD,vanilla,20,[0.02976808 0.08260512 0.1337282  0.18352108],[0.01735727 0.06849175 0.11841685 0.15050705],[ 8.52689  23.863724 38.810783 54.090282],[ 4.7054405 19.342352  33.57678   43.947956 ],[8.252983 8.245765 8.23803  8.229479],[0.24757135 0.26832506 0.28851178 0.30751687],[8.264703 8.267769 8.272947 8.279535],[0.24443386 0.26372743 0.2798239  0.2931526 ]
DDK8,D,2e-07,24,True,False,TDD,vanilla,20,[0.02848919 0.07589252 0.13801321 0.19518104],[0.01463897 0.06129247 0.10424502 0.13843471],[ 8.241633 22.195572 40.946022 58.641964],[ 4.0080595 17.629461  31.727526  43.122807 ],[8.2648325 8.257519  8.248247  8.236178 ],[0.24466163 0.26348436 0.2855528  0.31017095],[8.277871 8.283131 8.289918 8.296556],[0.24175097 0.25661522 0.27360883 0.29408902]
DDK8,D,2e-07,27,True,False,TDD,vanilla,20,[0.03209622 0.08868235 0.15866853 0.21926887],[0.02055664 0.07943745 0.15467696 0.19326292],[ 9.15286  25.777891 45.289097 63.990566],[ 5.4255357 22.224987  41.10864   55.812473 ],[8.23894   8.2252035 8.211228  8.195329 ],[0.2679599  0.2907546  0.3201979  0.35280895],[8.2537155 8.252774  8.254282  8.257275 ],[0.26518136 0.28589198 0.31270012 0.34290448]
DDK8,D,2e-07,33,True,False,TDD,vanilla,20,[0.02977488 0.08021118 0.14257696 0.1984018 ],[0.01705999 0.06402666 0.11095912 0.14422639],[ 8.740027 23.361485 42.184128 60.399227],[ 4.9033084 17.999735  31.77483   43.99871  ],[8.277344  8.2626705 8.248469  8.237621 ],[0.2962583  0.30449036 0.31254196 0.32707614],[8.294483 8.296839 8.303677 8.315007],[0.29260948 0.29500195 0.30127394 0.31653824]
DDK8,D,2e-07,36,True,False,TDD,vanilla,20,[0.03420343 0.08918149 0.15208647 0.20506817],[0.02128989 0.08016544 0.13296998 0.17475206],[ 9.635972 24.48324  41.797276 57.9627  ],[ 5.677843 20.690168 33.616165 50.501625],[8.234792 8.191305 8.149235 8.106817],[0.3118237  0.34372663 0.37291992 0.4004215 ],[8.254462  8.231821  8.213254  8.2022705],[0.30821246 0.33105987 0.3529215  0.36922216]
DDK8,D,2e-07,42,True,False,TDD,vanilla,20,[0.03867085 0.1044241  0.17464401 0.25255343],[0.01942792 0.0710932  0.12770577 0.1602803 ],[11.235621 30.818275 51.769794 75.72873 ],[ 5.524205 22.288025 39.906174 50.67554 ],[8.249555 8.219107 8.181785 8.146041],[0.31803527 0.3368152  0.3515912  0.37414065],[8.275828 8.271634 8.268322 8.26755 ],[0.31351313 0.32876962 0.3366903  0.34487548]
DDK8,D,4e-07,3,True,False,TDD,vanilla,20,[0.02530713 0.07224104 0.13155636 0.17302567],[0.02080619 0.07209473 0.13064048 0.15163462],[ 7.5444818 21.558151  39.151695  51.370293 ],[ 6.2618117 21.676933  39.16422   45.548584 ],[8.285268 8.280935 8.276224 8.270917],[0.05476014 0.06284522 0.07116634 0.0796138 ],[8.293405 8.290766 8.28805  8.285257],[0.05372701 0.06171242 0.06978194 0.07790729]
DDK8,D,4e-07,6,True,False,TDD,vanilla,20,[0.03251593 0.09131387 0.15036146 0.18664345],[0.02027408 0.07009451 0.12236179 0.15239562],[ 9.710236 27.350777 45.045586 56.03197 ],[ 6.0295906 20.939995  36.3937    45.698208 ],[8.29292  8.29154  8.289509 8.287076],[0.09920984 0.11318032 0.12692398 0.14041328],[8.302427 8.303819 8.305447 8.30732 ],[0.09781612 0.11133109 0.12449647 0.1372722 ]
DDK8,D,4e-07,9,True,False,TDD,vanilla,20,[0.03650197 0.10733638 0.17527111 0.21715505],[0.01643534 0.06389275 0.11114845 0.14256816],[10.975439 32.40483  52.91572  65.683525],[ 4.8817434 19.011755  32.975857  42.434814 ],[8.299814 8.298729 8.296556 8.294037],[0.12459167 0.14390685 0.16354536 0.1833076 ],[8.310682 8.313534 8.316418 8.319339],[0.1229313  0.14134116 0.15957414 0.17754117]
DDK8,D,4e-07,12,True,False,TDD,vanilla,20,[0.03214877 0.09238002 0.1400716  0.1829708 ],[0.01649353 0.05922156 0.10009976 0.12838574],[ 9.696776 28.030113 42.53876  55.71737 ],[ 4.971984 17.99211  30.509193 39.492958],[8.303407 8.299337 8.294683 8.288532],[0.15668857 0.1785326  0.20117155 0.22367275],[8.314311 8.315415 8.316559 8.31765 ],[0.15571669 0.17662454 0.19755578 0.21827404]
DDK8,D,4e-07,15,True,False,TDD,vanilla,20,[0.03446002 0.09650706 0.15187961 0.20376791],[0.01591336 0.05956252 0.10584879 0.13829352],[10.456303 29.667496 46.850586 63.13838 ],[ 4.6943827 18.58948   32.8527    43.527084 ],[8.317804  8.3149395 8.311597  8.3050785],[0.17681599 0.19653709 0.21573108 0.23538937],[8.331775 8.336437 8.340626 8.344339],[0.17464425 0.1934692  0.21228619 0.23092636]
DDK8,D,4e-07,18,True,False,TDD,vanilla,20,[0.03420884 0.09272815 0.14247537 0.19019222],[0.0163503  0.06276799 0.11116953 0.14257328],[10.099618 27.738005 42.59954  57.295788],[ 4.7691817 19.309967  34.186905  45.416714 ],[8.2719755 8.26104   8.250388  8.237114 ],[0.19135818 0.21212679 0.23713726 0.2647621 ],[8.286208 8.283078 8.280533 8.278921],[0.19004631 0.20961969 0.23211282 0.2563469 ]
DDK8,D,4e-07,21,True,False,TDD,vanilla,20,[0.0352453  0.09124595 0.1448309  0.19260025],[0.01648109 0.0637798  0.11060479 0.1464899 ],[10.639806 27.890867 44.33967  59.48765 ],[ 5.141352 20.227936 34.95186  48.696064],[8.300199  8.289364  8.275152  8.2566395],[0.20998387 0.2485086  0.2921649  0.33330032],[8.315765 8.314188 8.310797 8.306976],[0.20739509 0.2451768  0.28654093 0.3257228 ]
DDK8,D,4e-07,24,True,False,TDD,vanilla,20,[0.03917719 0.10234281 0.17423339 0.23007983],[0.01662519 0.06834438 0.11442751 0.15300594],[11.696045 30.866062 52.589664 68.93377 ],[ 5.2371182 21.149975  35.580063  46.23163  ],[8.277757 8.268157 8.254179 8.234221],[0.24397396 0.2707137  0.3029544  0.33629334],[8.2942295 8.294001  8.29249   8.29053  ],[0.24053971 0.2657455  0.29513124 0.32629207]
DDK8,D,4e-07,27,True,False,TDD,vanilla,20,[0.03485991 0.08994704 0.15776429 0.22269817],[0.01676201 0.06845439 0.12846813 0.17774396],[10.267799 26.861773 47.3039   66.54196 ],[ 5.183464 22.068123 41.395576 55.733047],[8.267423 8.26019  8.248188 8.229899],[0.24942417 0.26165023 0.2796583  0.30828694],[8.284804 8.288184 8.289756 8.287945],[0.24599674 0.25614992 0.27404147 0.30254942]
DDK8,D,4e-07,33,True,False,TDD,vanilla,20,[0.03417606 0.06913665 0.13096416 0.18048775],[0.01875658 0.05794004 0.08913967 0.11821481],[10.036819 20.891796 40.532677 56.8129  ],[ 5.7488737 19.830599  31.786144  45.113285 ],[8.262374 8.251395 8.241832 8.22956 ],[0.298604   0.31847024 0.33725274 0.34617278],[8.283479 8.285306 8.291762 8.302665],[0.29424185 0.31225926 0.32923257 0.3390499 ]
DDK8,D,4e-07,36,True,False,TDD,vanilla,20,[0.04058844 0.0912797  0.1728982  0.22040682],[0.02358525 0.0805511  0.13949116 0.1723104 ],[11.159916 25.379925 48.203888 63.036114],[ 5.5036097 20.456055  35.949417  45.19242  ],[8.200591 8.193222 8.183571 8.170284],[0.311825   0.34074515 0.3673675  0.3887353 ],[8.223469 8.229465 8.240253 8.252065],[0.30499366 0.32756943 0.34636486 0.3621993 ]
DDK8,D,4e-07,42,True,False,TDD,vanilla,20,[0.0405479  0.09678867 0.16931269 0.22169442],[0.02453061 0.08220485 0.13691264 0.17053731],[11.601914 27.621262 49.136932 65.06486 ],[ 6.06116  21.444962 38.008755 48.38508 ],[8.269443 8.237308 8.198542 8.160184],[0.2660135  0.2909044  0.31003535 0.32703695],[8.293684 8.277752 8.263025 8.253034],[0.2600928  0.2811057  0.29591087 0.3149146 ]
DDK8,A,5e-08,3,True,False,TDD,vanilla,25,[0.02262578 0.07213745 0.14025137 0.19822758],[0.01935061 0.07216391 0.14161205 0.18413284],[ 5.5099077 17.620197  34.17062   47.097057 ],[ 4.765043 18.54111  37.07913  46.182167],[8.231554 8.232323 8.230847 8.226923],[0.36619085 0.3817638  0.39910105 0.41826496],[8.233838 8.237641 8.241822 8.246357],[0.36562672 0.3805851  0.39700893 0.4147793 ]
DDK8,A,5e-08,6,True,False,TDD,vanilla,25,[0.03452032 0.10517731 0.1850593  0.25175703],[0.02283095 0.08376586 0.15691566 0.21138437],[ 8.606827 25.546856 42.78217  57.666214],[ 5.636601 19.472868 34.25928  45.206264],[8.277317 8.269832 8.252964 8.230094],[0.4440848  0.48431593 0.52946645 0.57790744],[8.28204  8.2848   8.287399 8.290143],[0.44220755 0.47809482 0.5148415  0.55173457]
DDK8,A,5e-08,9,True,False,TDD,vanilla,25,[0.0521366  0.16846302 0.32741365 0.47215903],[0.05669473 0.18622085 0.4805997  0.77341044],[10.290311 33.280163 54.482548 74.318405],[ 4.91594  19.164547 31.464874 43.854057],[8.223449 8.190247 8.142762 8.082437],[0.55259913 0.6156136  0.68921053 0.7734934 ],[8.232175 8.218963 8.206256 8.19461 ],[0.5494946  0.6048245  0.66238713 0.7200331 ]
DDK8,A,5e-08,12,True,False,TDD,vanilla,25,[0.05568067 0.1961649  0.37978688 0.52223366],[0.05668897 0.28292656 0.9073623  1.0352502 ],[ 9.415314 30.410713 51.451366 80.77542 ],[ 5.7593036 19.54372   35.86403   53.626186 ],[8.157243 8.123103 8.071667 8.001753],[0.5742368  0.6573736  0.7561436  0.86975735],[8.1713705 8.169162  8.165635  8.1618185],[0.5680532  0.6353437  0.7046337  0.77285534]
DDK8,A,5e-08,15,True,False,TDD,vanilla,25,[0.05967584 0.18952093 0.3277667  0.52016187],[0.04990853 0.19362788 0.3818182  0.66135716],[10.835192 34.379025 59.043457 90.6062  ],[ 5.726423 21.9799   41.651543 77.444   ],[8.2102   8.169694 8.116347 8.023894],[0.72865254 0.82270724 0.93053967 1.0581164 ],[8.229278 8.228537 8.234898 8.246084],[0.716445   0.7802941  0.83712816 0.889672  ]
DDK8,A,5e-08,18,True,False,TDD,vanilla,25,[0.09629557 0.3051488  0.51520276 0.84649503],[0.11070969 0.46281233 0.73450786 1.7216405 ],[ 11.879461  36.423363  61.491276 100.85244 ],[ 5.8592615 23.822695  44.963642  80.62179  ],[8.133484  8.074209  7.990938  7.8449407],[0.8419598  0.93683165 1.0454797  1.2120001 ],[8.165414 8.166351 8.164887 8.15692 ],[0.8150258 0.8670547 0.9366969 1.025056 ]
DDK8,A,5e-08,21,True,False,TDD,vanilla,25,[0.08935175 0.23657382 0.42247373 0.6638562 ],[0.08138108 0.276513   0.47705153 0.7079503 ],[ 12.994994  35.922966  60.899887 104.32747 ],[ 5.886075 22.92249  42.681957 64.67806 ],[8.063864  7.9898596 7.867974  7.6913233],[0.9172347  0.98251307 1.0842613  1.2634573 ],[8.097888  8.0776415 8.057297  8.0439825],[0.8918794  0.9238005  0.95249516 0.97904676]
DDK8,A,5e-08,24,True,False,TDD,vanilla,25,[0.09591983 0.2708085  0.5897944  0.64756703],[0.12365559 0.5779895  1.3705016  0.7566268 ],[ 13.217632  36.53318   72.20352  116.49425 ],[ 6.7675805 28.210142  59.58605   90.13584  ],[8.21028  8.129502 7.966588 7.704464],[0.7974956  0.89059436 1.041029   1.295481  ],[8.248478 8.227171 8.202078 8.1868  ],[0.7698817  0.82811874 0.88698286 0.9156224 ]
DDK8,A,5e-08,27,True,False,TDD,vanilla,25,[0.10938885 0.30407917 0.59417796 0.9771723 ],[0.11406673 0.35685945 0.8875004  1.8238854 ],[ 14.969602  46.137554  85.45127  139.85953 ],[  7.618771  34.252487  66.06624  116.36676 ],[8.03025  7.941853 7.773987 7.489901],[0.83726966 0.9214739  1.0588876  1.3116487 ],[8.073305 8.057036 8.035699 8.017298],[0.81447893 0.87702554 0.95565355 1.0139018 ]
DDK8,A,5e-08,33,True,False,TDD,vanilla,25,[0.1537713  0.37225592 0.65949905 0.7597978 ],[0.20944582 0.65342873 1.015589   0.5384385 ],[ 19.207558  51.784836 104.79509  172.6859  ],[ 12.328497  42.669598  88.88797  152.20155 ],[8.119809  7.9947352 7.7329936 7.3790965],[0.9896328 1.1635847 1.3559774 1.3919679],[8.180847  8.193614  8.203002  8.1704445],[0.9456215  0.95782167 0.92753166 0.9645922 ]
DDK8,A,5e-08,36,True,False,TDD,vanilla,25,[0.17998661 0.47671378 0.8676339  1.0197064 ],[0.24837695 0.63909656 1.1507554  0.87726724],[ 20.925322  61.247154 128.28008  211.88289 ],[ 13.709513  53.590702 116.75645  182.4581  ],[8.014593 7.85568  7.49568  7.014225],[0.89712244 1.0193626  1.3440055  1.6104416 ],[8.093336 8.087319 8.075918 8.088953],[0.84122604 0.8823591  0.96047276 0.99210644]
DDK8,A,5e-08,42,True,False,TDD,vanilla,25,[0.22637823 0.5503254  0.8237397  1.1972184 ],[0.24287584 0.63803804 0.7348034  1.1580757 ],[ 23.622692  73.01707  137.33405  210.35568 ],[ 22.03525   56.192917 105.89898  161.86423 ],[7.7222657 7.4957757 7.1690297 6.6249843],[1.1162735 1.3483899 1.5094055 1.6186484],[7.833758 7.885902 7.919857 7.917343],[1.0413706 1.023846  1.0217247 1.0423343]
DDK8,A,2e-07,3,True,False,TDD,vanilla,25,[0.02816399 0.08038184 0.14779538 0.19930835],[0.02003937 0.07468434 0.14216745 0.16731352],[ 7.396303 20.872202 37.560265 49.445683],[ 5.720578 20.39851  37.639927 43.141262],[8.123805 8.123859 8.120467 8.114337],[0.6297893  0.6340874  0.64023495 0.64768976],[8.130689 8.134304 8.138219 8.142409],[0.6257091 0.6282687 0.6312905 0.6347323]
DDK8,A,2e-07,6,True,False,TDD,vanilla,25,[0.03732021 0.10701636 0.18900831 0.24729955],[0.02607737 0.09452287 0.17842074 0.21901724],[10.266628 29.00001  49.848633 64.31077 ],[ 7.919663 28.398687 51.853764 61.832623],[8.266947 8.261793 8.247804 8.231304],[0.60594565 0.6275767  0.6578786  0.69142944],[8.274826 8.279523 8.284403 8.289545],[0.6015826  0.61828643 0.63822275 0.6610321 ]
DDK8,A,2e-07,9,True,False,TDD,vanilla,25,[0.04287667 0.13185972 0.2230608  0.29939675],[0.02635788 0.08974992 0.14645904 0.18276598],[10.992165 34.43074  56.742077 74.964455],[ 6.3276377 23.946383  40.412563  52.813225 ],[8.201288 8.194779 8.172311 8.137884],[0.67893595 0.70639175 0.7513089  0.81309444],[8.212872 8.222125 8.22945  8.234579],[0.6716166  0.6904289  0.7124399  0.73767006]
DDK8,A,2e-07,12,True,False,TDD,vanilla,25,[0.0516131  0.15943238 0.26047206 0.3630871 ],[0.03708101 0.13427007 0.23852873 0.39704245],[11.031891 33.400105 52.732777 71.15893 ],[ 7.0213857 24.14422   42.04157   54.518906 ],[8.100985  8.050791  7.9898763 7.9110303],[0.7354757  0.7900922  0.85378414 0.94030035],[8.118894 8.099322 8.080267 8.061373],[0.72288525 0.7593847  0.79724795 0.8372211 ]
DDK8,A,2e-07,15,True,False,TDD,vanilla,25,[0.06074168 0.17492573 0.28748894 0.4075633 ],[0.04233325 0.13147269 0.2553126  0.31854475],[10.786635 31.97282  50.015907 75.5027  ],[ 5.3170404 19.224495  34.76105   55.5781   ],[7.933611  7.8814006 7.8202105 7.7255287],[0.8300333  0.90736276 0.9957177  1.0943307 ],[7.960368 7.953955 7.952423 7.9545  ],[0.8137213 0.856927  0.8997762 0.942242 ]
DDK8,A,2e-07,18,True,False,TDD,vanilla,25,[0.05606631 0.15778759 0.26539916 0.42448887],[0.03301741 0.11075985 0.22867577 0.43472838],[11.275941 31.594797 49.709843 76.1447  ],[ 4.810468 20.514318 36.855747 56.320984],[8.099307 8.03729  7.954564 7.819408],[0.8288976  0.8986262  0.97706705 1.0940437 ],[8.126295 8.107923 8.089695 8.074124],[0.8090824  0.8441579  0.88169974 0.92264533]
DDK8,A,2e-07,21,True,False,TDD,vanilla,25,[0.07050844 0.17431042 0.31854913 0.5190549 ],[0.05498242 0.14074041 0.27371606 0.43844804],[12.299482 32.134464 56.095352 91.11106 ],[ 5.4185834 20.835995  36.39733   53.516582 ],[8.075616  8.025653  7.9347186 7.778552 ],[0.8716155  0.92384374 1.0132971  1.1432842 ],[8.111541 8.108097 8.098149 8.079145],[0.84507656 0.87269056 0.9155379  0.9743686 ]
DDK8,A,2e-07,24,True,False,TDD,vanilla,25,[0.07252113 0.1734472  0.3303555  0.53933984],[0.06308752 0.14787735 0.33512712 0.5794312 ],[ 12.550767  31.496964  59.60004  103.759   ],[ 5.7412014 21.167305  38.510517  68.47878  ],[8.06329   7.9786725 7.8465443 7.6541376],[0.8576615 0.977687  1.127059  1.3053585],[8.102798 8.079458 8.073869 8.082761],[0.8285165 0.893055  0.9226012 0.9377865]
DDK8,A,2e-07,27,True,False,TDD,vanilla,25,[0.07289789 0.19937746 0.3802295  0.64072883],[0.05619191 0.190896   0.37399486 0.65088767],[ 13.558711  38.556877  71.23632  120.005905],[  6.68113   31.021782  68.80111  118.81845 ],[8.068823  7.9744053 7.807048  7.5516644],[0.8181396 0.9114898 1.0620561 1.2322792],[8.11104  8.084653 8.048851 8.015041],[0.78864    0.83198315 0.884727   0.9329143 ]
DDK8,A,2e-07,33,True,False,TDD,vanilla,25,[0.08612234 0.2543891  0.4842438  0.72248214],[0.07670128 0.2596979  0.39860678 0.55711514],[ 15.78391   49.14643  101.731926 158.13428 ],[  8.648978  38.970184  87.648636 135.826   ],[8.167459  8.071162  7.8329525 7.4609246],[0.8411612 0.9283669 1.0904438 1.35435  ],[8.216682  8.2085085 8.163704  8.084707 ],[0.8136454 0.8615523 0.9495743 1.0525955]
DDK8,A,2e-07,36,True,False,TDD,vanilla,25,[0.11244131 0.3095239  0.6779606  0.95385915],[0.09992821 0.31066924 0.8743943  0.835363  ],[ 18.542547  52.062965 112.13498  198.76875 ],[ 11.063062  40.328552  87.908806 160.03075 ],[8.00653   7.8696465 7.5601306 7.2274976],[0.87969255 0.971828   1.281125   1.3313217 ],[8.077505 8.06925  8.089985 8.128924],[0.82759804 0.8323908  0.8334932  0.87066954]
DDK8,A,2e-07,42,True,False,TDD,vanilla,25,[0.13696353 0.40516812 0.7384527  0.99540275],[0.1197218  0.42441916 0.6572052  0.7201205 ],[ 21.37888   60.182335 125.16125  196.47072 ],[ 15.773216  51.395123 127.32933  170.66351 ],[7.834095 7.580917 7.218824 6.839512],[1.0212042 1.2612731 1.4123888 1.545839 ],[7.927911  7.910005  7.917583  7.9121513],[0.96075475 0.9710648  0.9386558  0.9704687 ]
DDK8,A,4e-07,3,True,False,TDD,vanilla,25,[0.03083272 0.08916306 0.16417252 0.21860565],[0.02015522 0.08206945 0.15382864 0.17918408],[ 9.142657 26.143291 47.740864 63.13588 ],[ 6.0493073 24.299603  45.210903  53.48321  ],[8.130616 8.125314 8.117334 8.105774],[0.34162778 0.3500759  0.3598136  0.37168324],[8.140506 8.137633 8.134504 8.131127],[0.34248444 0.35056454 0.35972664 0.36985973]
DDK8,A,4e-07,6,True,False,TDD,vanilla,25,[0.0379601  0.10042319 0.17149489 0.22706276],[0.02039453 0.07676028 0.14439568 0.18090574],[10.774149 27.691439 45.23378  58.793842],[ 5.7658477 20.241951  34.855045  44.017975 ],[8.164272 8.157106 8.14244  8.122141],[0.3901761  0.4213101  0.45704985 0.49655098],[8.176272 8.178738 8.180604 8.181811],[0.39123917 0.4205529  0.45303023 0.4878832 ]
DDK8,A,4e-07,9,True,False,TDD,vanilla,25,[0.04565927 0.1373216  0.23411348 0.3098078 ],[0.02159044 0.08578461 0.15183425 0.2009495 ],[12.823015 37.661358 62.19208  81.823204],[ 5.813696 23.19178  39.902588 53.590183],[8.1680565 8.148613  8.117788  8.085881 ],[0.47765544 0.5273241  0.58649516 0.6391501 ],[8.184002 8.182483 8.180069 8.177103],[0.4719663  0.5057804  0.54053843 0.5759417 ]
DDK8,A,4e-07,12,True,False,TDD,vanilla,25,[0.04667467 0.13278067 0.21665023 0.31061822],[0.0201837  0.06918339 0.15061451 0.23578656],[12.611445 35.632557 55.256203 78.58515 ],[ 5.626953 19.782742 35.263195 50.44614 ],[8.133749 8.108314 8.073668 8.023291],[0.5782261  0.63420206 0.69583565 0.7684105 ],[8.15235  8.154115 8.15547  8.156445],[0.5726108  0.6156969  0.65478444 0.68982166]
DDK8,A,4e-07,15,True,False,TDD,vanilla,25,[0.05130301 0.15181606 0.2547178  0.3687185 ],[0.02712267 0.12283416 0.26534748 0.36448324],[12.2557535 34.32125   54.148327  80.08068  ],[ 5.2403855 17.640842  28.839457  47.669098 ],[8.043093  8.017004  7.975521  7.9010177],[0.57754    0.6328984  0.70584667 0.7953212 ],[8.066401 8.071935 8.077987 8.082911],[0.5711157  0.6151953  0.66565377 0.7195561 ]
DDK8,A,4e-07,18,True,False,TDD,vanilla,25,[0.05623103 0.1453549  0.24309929 0.3740081 ],[0.02929215 0.08868096 0.1787357  0.2688652 ],[13.176326 35.300255 59.176083 97.51539 ],[ 4.8147554 18.995396  38.97196   67.20256  ],[8.063175 8.057309 8.028107 7.954973],[0.63405395 0.7033426  0.79199404 0.90915614],[8.09442  8.127554 8.160606 8.190095],[0.6232103  0.6795312  0.74975705 0.8271956 ]
DDK8,A,4e-07,21,True,False,TDD,vanilla,25,[0.05800717 0.14532414 0.25366777 0.38420784],[0.0340326  0.11630835 0.2508241  0.3114995 ],[ 13.063125  33.36553   58.745556 100.56201 ],[ 5.484289 20.697548 47.158398 82.464905],[7.988046  7.9794917 7.9212356 7.8079205],[0.68862236 0.7598327  0.86587125 0.98608834],[8.028134 8.068816 8.101429 8.12289 ],[0.67326814 0.7159541  0.7663214  0.81699765]
DDK8,A,4e-07,24,True,False,TDD,vanilla,25,[0.06530425 0.16422491 0.32521054 0.51664716],[0.0364782  0.10710682 0.23463923 0.33893988],[ 13.182312  32.17938   59.81894  100.21424 ],[ 5.9981647 20.404875  37.479275  68.08346  ],[7.887199  7.7916636 7.6282983 7.4248195],[0.7619658  0.86150753 1.01511    1.1651636 ],[7.927203  7.8822603 7.847619  7.832544 ],[0.74526685 0.8172085  0.8804765  0.9221472 ]
DDK8,A,4e-07,27,True,False,TDD,vanilla,25,[0.07872225 0.20125206 0.38022324 0.5809026 ],[0.06309105 0.16612461 0.3504079  0.46948674],[ 15.4229965  39.75425    77.48118   132.76196  ],[  6.424335  23.772041  58.558777 106.83163 ],[7.935834  7.853782  7.6954017 7.478956 ],[0.7383173  0.8295819  0.97770435 1.1464967 ],[7.9919696 7.989279  7.998762  8.014314 ],[0.70994437 0.749423   0.7883426  0.81563747]
DDK8,A,4e-07,33,True,False,TDD,vanilla,25,[0.09275265 0.27149287 0.51290077 0.69875795],[0.08703135 0.26208073 0.4546989  0.466493  ],[ 16.230778  47.95834   96.3873   165.90952 ],[  6.850606  34.66581   70.57031  128.71107 ],[7.9322095 7.780738  7.508781  7.1572547],[0.7380237 0.8742443 1.1069357 1.3142872],[7.995203  7.9802413 7.973531  7.9859047],[0.70891154 0.7746805  0.8564755  0.92781574]
DDK8,A,4e-07,36,True,False,TDD,vanilla,25,[0.08335467 0.20827007 0.42120543 0.660714  ],[0.05070121 0.14343904 0.28721043 0.40546364],[ 19.089144  47.15862   93.95826  150.81642 ],[ 9.86774  30.209503 64.13034  97.802895],[8.045836  7.9409175 7.6690745 7.235246 ],[0.8613435  0.90786004 1.0424497  1.2574698 ],[8.108352 8.090845 8.035079 7.95603 ],[0.8385771  0.8493455  0.87210375 0.9073687 ]
DDK8,A,4e-07,42,True,False,TDD,vanilla,25,[0.13453205 0.33121753 0.57705104 0.8620088 ],[0.12236641 0.24013236 0.3795767  0.5131914 ],[ 22.843752  72.05198  148.20532  239.6041  ],[ 12.134921  54.84441  126.463326 174.82024 ],[7.824077  7.7232466 7.4586706 6.9622035],[0.8610557 0.9530484 1.084863  1.4555436],[7.9211125 8.026638  8.094642  8.118456 ],[0.81548744 0.8076006  0.8508136  0.89531356]
DDK8,C,5e-08,3,True,False,TDD,vanilla,25,[0.02943447 0.09294877 0.18349564 0.26043063],[0.02206664 0.08576881 0.16936772 0.21314289],[ 6.785453 21.210451 40.206238 55.267994],[ 4.973558 19.264545 35.630856 44.520073],[8.319794 8.310867 8.293542 8.268333],[0.19982727 0.21202858 0.22846943 0.2507412 ],[8.326575 8.326315 8.326018 8.325577],[0.19877578 0.20899162 0.22026956 0.2324996 ]
DDK8,C,5e-08,6,True,False,TDD,vanilla,25,[0.04768015 0.1521614  0.2804612  0.38059223],[0.03084553 0.12914073 0.26339227 0.30150884],[ 9.396344 28.117382 48.089725 66.27704 ],[ 4.455941  15.8944645 28.723446  39.536163 ],[8.217415  8.183946  8.129016  8.0555935],[0.30270424 0.33161256 0.36916292 0.4145962 ],[8.230418 8.22319  8.218066 8.215206],[0.29918042 0.32049295 0.3425427  0.3658508 ]
DDK8,C,5e-08,9,True,False,TDD,vanilla,25,[0.05983638 0.22320896 0.37967405 0.5312402 ],[0.03732994 0.22135793 0.36026177 0.41001335],[ 11.423395  38.18374   69.38319  101.54572 ],[ 4.2946234 16.963783  34.352276  53.100883 ],[8.235693 8.19168  8.108345 7.980553],[0.39916196 0.4442749  0.50238574 0.5887692 ],[8.254384 8.254124 8.254158 8.25498 ],[0.39488202 0.43240994 0.46764877 0.49863467]
DDK8,C,5e-08,12,True,False,TDD,vanilla,25,[0.0597985  0.20849699 0.3945987  0.5784775 ],[0.04570028 0.15407869 0.2751509  0.32393086],[ 11.474247  38.68055   74.86253  119.06352 ],[ 5.140396 19.833689 46.393997 74.06881 ],[8.26507   8.184597  8.028038  7.7805023],[0.41185856 0.46554375 0.5788805  0.75589705],[8.288876  8.277489  8.269999  8.2660885],[0.40042427 0.41886386 0.44892526 0.4908567 ]
DDK8,C,5e-08,15,True,False,TDD,vanilla,25,[0.07346819 0.24718626 0.4935849  0.6442621 ],[0.04882115 0.1755956  0.4440146  0.43316847],[ 13.063646  46.658173  91.34308  141.61458 ],[ 6.6366878 29.58547   59.06838   92.07761  ],[8.2541275 8.166204  7.9685926 7.699278 ],[0.41005158 0.47991723 0.6868392  0.98510885],[8.284434 8.291013 8.302465 8.324361],[0.4031638  0.44232005 0.4866336  0.5346952 ]
DDK8,C,5e-08,18,True,False,TDD,vanilla,25,[0.1225729  0.37302834 0.61778295 0.80919886],[0.11655254 0.28729156 0.4134904  0.45033094],[ 17.561033  68.56502  122.14543  170.74365 ],[ 11.170688  46.79976   83.466415 110.26683 ],[8.131856  7.9066744 7.53575   7.0827937],[0.5725992 0.7564956 1.0474494 1.2029477],[8.200162 8.199213 8.199512 8.190836],[0.5350562  0.57275265 0.58666337 0.60950494]
DDK8,C,5e-08,21,True,False,TDD,vanilla,25,[0.13169317 0.39691138 0.6329838  0.837264  ],[0.11112562 0.28592187 0.39088437 0.4262386 ],[ 21.562664  78.83596  132.53252  190.01721 ],[ 14.695254  60.792774  97.05772  120.418945],[8.194508  7.8965263 7.4790516 7.0076056],[0.5235585 0.8060126 1.2369549 1.5342764],[8.273708 8.270968 8.278294 8.289778],[0.4893335 0.5536807 0.6028044 0.6329883]
DDK8,C,5e-08,24,True,False,TDD,vanilla,25,[0.17288013 0.44659936 0.64186555 0.7909191 ],[0.17236418 0.34182307 0.38217202 0.3843024 ],[ 27.342772  87.96295  139.5344   192.492   ],[ 22.32152   68.73253   97.796875 126.51527 ],[8.121204  7.731086  7.3685474 6.8547683],[0.6104492 0.9941036 1.1936958 1.546199 ],[8.232507 8.229933 8.229175 8.226252],[0.56549513 0.60039735 0.6194327  0.6659933 ]
DDK8,C,5e-08,27,True,False,TDD,vanilla,25,[0.2123583 0.4978624 0.7687073 0.9058468],[0.21456708 0.37926137 0.6501157  0.5332592 ],[ 31.359184  97.24997  150.92493  198.85017 ],[ 24.855267  80.00832  103.970566 109.09236 ],[8.008245  7.5302467 7.080163  6.6675935],[0.68678427 1.178406   1.3679572  1.5350417 ],[8.173424 8.189116 8.193333 8.201783],[0.5681614  0.57618004 0.5760544  0.6105042 ]
DDK8,C,5e-08,33,True,False,TDD,vanilla,25,[0.34862697 0.683322   0.9859658  1.1433423 ],[0.4342931  0.57240486 0.80429083 0.7356228 ],[ 53.498985 128.02634  200.76082  246.98753 ],[ 61.205593  89.93514  144.31529  138.4955  ],[7.908772  7.2702923 6.840522  6.3654814],[0.6725761 1.2803892 1.2841656 1.582535 ],[8.163975 8.166744 8.197453 8.228497],[0.55520767 0.59197205 0.6344895  0.69245917]
DDK8,C,5e-08,36,True,False,TDD,vanilla,25,[0.5467326  0.92361295 1.3094144  1.2270551 ],[0.5743722  0.62097347 1.1330893  0.98132885],[ 88.32237 175.34598 252.64441 275.58368],[115.33111 118.11298 175.94095 149.81042],[7.766356  6.9940886 6.2558594 6.064883 ],[0.84903175 1.3453405  1.5975432  1.603033  ],[8.201372 8.212413 8.186459 8.202197],[0.5879251 0.6015146 0.5885965 0.6164567]
DDK8,C,5e-08,42,True,False,TDD,vanilla,25,[0.9164322 0.9646323 1.1726917 1.1682798],[1.7219275 0.9177633 0.7521186 0.5517734],[135.14154 168.21806 220.89229 266.15213],[229.64355 119.34346 134.78401 164.45108],[7.396162  6.8755054 6.3306403 5.7091966],[1.1699423 1.3269423 1.4931369 1.6126108],[8.154698 8.128567 8.085518 8.078484],[0.6038881  0.6198292  0.71537834 0.8178851 ]
DDK8,C,2e-07,3,True,False,TDD,vanilla,25,[0.02692552 0.07957243 0.15000018 0.20460789],[0.01758693 0.06939183 0.13153553 0.15416235],[ 7.4275084 21.930952  41.184547  56.06417  ],[ 4.9589667 19.452312  36.699787  43.58222  ],[8.260635 8.250521 8.231949 8.205673],[0.16642562 0.181111   0.20046443 0.22469549],[8.269406 8.268143 8.26673  8.265156],[0.16525045 0.17695566 0.18965855 0.20317249]
DDK8,C,2e-07,6,True,False,TDD,vanilla,25,[0.03823702 0.1146833  0.20489882 0.28100258],[0.01797768 0.07029295 0.14286965 0.1819626 ],[10.631647 31.7839   55.578156 75.971725],[ 5.1441555 19.470299  38.074856  49.11593  ],[8.273165 8.236399 8.168885 8.075419],[0.24040881 0.27116564 0.32053024 0.39793357],[8.289013 8.28343  8.278104 8.273454],[0.23840481 0.2612574  0.2851649  0.3086477 ]
DDK8,C,2e-07,9,True,False,TDD,vanilla,25,[0.04610804 0.14860047 0.26183948 0.3691315 ],[0.01739665 0.06411693 0.12642579 0.17381266],[12.106869 38.839367 67.43226  96.3955  ],[ 4.2061276 15.872906  30.24668   45.662647 ],[8.2463455 8.209501  8.138837  8.031197 ],[0.30542395 0.356403   0.42727804 0.51831174],[8.265249 8.267987 8.272074 8.276913],[0.30145794 0.33881113 0.3764504  0.4147206 ]
DDK8,C,2e-07,12,True,False,TDD,vanilla,25,[0.04458684 0.15651526 0.28716278 0.43452117],[0.01799302 0.07756761 0.17113212 0.23436141],[ 11.850936  41.207436  73.322815 115.5709  ],[ 4.803478 19.292728 39.471706 64.32786 ],[8.2513485 8.184012  8.052395  7.8496575],[0.3525846 0.4194042 0.5282117 0.7067585],[8.275466 8.271283 8.26691  8.262678],[0.34935436 0.39719546 0.44388452 0.48593506]
DDK8,C,2e-07,15,True,False,TDD,vanilla,25,[0.06003147 0.20899323 0.37473446 0.55029577],[0.03076024 0.12331603 0.22637944 0.2933068 ],[ 14.800872  52.657345  96.45724  147.68994 ],[ 7.022722 28.216358 55.093163 80.50125 ],[8.165501 8.036441 7.791125 7.439573],[0.45871896 0.5427629  0.74163264 1.0394986 ],[8.207965 8.210038 8.215867 8.224112],[0.45113933 0.4856871  0.5191998  0.54643935]
DDK8,C,2e-07,18,True,False,TDD,vanilla,25,[0.06357227 0.20933323 0.3734902  0.54005766],[0.03800487 0.13408513 0.231408   0.27425086],[ 15.701097  56.010155 105.643036 162.32028 ],[  8.716884  40.35011   88.348526 131.31088 ],[8.207353  8.069448  7.7795997 7.4708276],[0.5088525  0.6049969  0.83126533 0.99335074],[8.257838 8.261139 8.260707 8.264115],[0.49564663 0.5484521  0.60611343 0.6623807 ]
DDK8,C,2e-07,21,True,False,TDD,vanilla,25,[0.08087798 0.26121947 0.43510658 0.607224  ],[0.06244146 0.19905801 0.26982048 0.27824882],[ 20.55102   71.393105 125.78645  184.36789 ],[ 17.014566  58.991283  96.81334  119.00376 ],[8.166451  7.9461675 7.6058655 7.190008 ],[0.49645206 0.71871465 0.94972086 1.2698615 ],[8.236614 8.255446 8.269096 8.275333],[0.48349896 0.5265164  0.5651753  0.60599506]
DDK8,C,2e-07,24,True,False,TDD,vanilla,25,[0.11565328 0.34965843 0.57350653 0.756     ],[0.0884219  0.19856457 0.29219353 0.2998167 ],[ 26.03173  89.63861 153.42137 210.03981],[ 20.60792   64.388054 104.96679  128.23264 ],[8.022182  7.6965427 7.2597933 6.7308764],[0.6157643 0.8022881 1.0183024 1.3643651],[8.131182 8.132619 8.148181 8.162027],[0.5804273  0.61564034 0.6213094  0.64173055]
DDK8,C,2e-07,27,True,False,TDD,vanilla,25,[0.11512637 0.35424393 0.57773167 0.74106705],[0.07555795 0.21416636 0.33711523 0.35958615],[ 26.647696  87.20948  142.77834  189.39474 ],[ 17.811583  57.75505   87.097336 103.03946 ],[8.050752  7.7136006 7.2438354 6.733922 ],[0.5817226  0.76325023 1.0742902  1.3467861 ],[8.16426  8.148859 8.14116  8.125651],[0.5455145  0.57448643 0.5996173  0.65095395]
DDK8,C,2e-07,33,True,False,TDD,vanilla,25,[0.21902046 0.50462365 0.7241236  0.8395332 ],[0.2027425  0.38291073 0.455691   0.3403046 ],[ 47.41638  115.163025 178.44069  219.25551 ],[ 41.962788  83.90668  115.56596  114.28382 ],[7.890123  7.358403  6.8796325 6.6362386],[0.7498654 1.1154484 1.3467896 1.2102145],[8.134128 8.123875 8.132454 8.157437],[0.62713987 0.62046474 0.62091714 0.6189508 ]
DDK8,C,2e-07,36,True,False,TDD,vanilla,25,[0.21611482 0.4798878  0.7078928  0.81278425],[0.26027718 0.37185103 0.525336   0.38633877],[ 49.62889 119.87707 179.83887 220.94978],[ 52.668903  96.36472  114.32306  113.184296],[7.979619  7.4756594 7.038869  6.6030455],[0.7053558 1.1441089 1.3242383 1.4453105],[8.223166 8.203659 8.193959 8.197771],[0.5721486  0.62228054 0.6435787  0.6443599 ]
DDK8,C,2e-07,42,True,False,TDD,vanilla,25,[0.44472095 0.6282833  0.95551664 1.0503165 ],[0.8561161  0.4264252  0.91904795 0.56886935],[100.9324  155.86192 238.71011 276.08527],[209.98349 103.77926 179.83533 139.65332],[7.68738   7.262386  6.7373943 6.1887865],[1.1329677 1.1827103 1.3726019 1.4421698],[8.202137 8.208331 8.213117 8.186108],[0.62006235 0.64596266 0.66607225 0.7035478 ]
DDK8,C,4e-07,3,True,False,TDD,vanilla,25,[0.02820124 0.08004078 0.14429384 0.19805643],[0.01810389 0.07193266 0.13129495 0.15885353],[ 8.260902 23.552423 42.170353 57.66012 ],[ 5.40426  21.52713  38.90762  47.517437],[8.305592 8.299775 8.287474 8.268875],[0.18341653 0.19897132 0.2180268  0.24046613],[8.31983  8.321709 8.323363 8.324781],[0.1824369  0.19586535 0.21045375 0.22601187]
DDK8,C,4e-07,6,True,False,TDD,vanilla,25,[0.03826043 0.10434981 0.1782822  0.24205728],[0.01782946 0.06379877 0.11450517 0.14337616],[10.73945  29.393095 49.527393 66.53276 ],[ 5.4375973 19.02529   33.77598   43.35773  ],[8.238059  8.2155285 8.175094  8.122165 ],[0.26681736 0.2901772  0.3182687  0.3510268 ],[8.259438 8.260148 8.261916 8.265042],[0.26467186 0.2839932  0.30338576 0.3230583 ]
DDK8,C,4e-07,9,True,False,TDD,vanilla,25,[0.04623609 0.14069276 0.2503779  0.35691783],[0.01918905 0.07331046 0.14027955 0.18984058],[12.713565 38.45267  66.657684 94.404564],[ 4.8091063 18.756117  35.09597   51.648594 ],[8.274532 8.232987 8.160961 8.058675],[0.34191614 0.39312476 0.46026286 0.54274374],[8.299542  8.2919655 8.284302  8.276176 ],[0.3363756  0.3739166  0.41209707 0.44999707]
DDK8,C,4e-07,12,True,False,TDD,vanilla,25,[0.04877723 0.15138322 0.26445764 0.39846066],[0.01864789 0.06694094 0.13007122 0.17765246],[ 13.099358  40.696312  70.6201   107.49415 ],[ 5.10599  18.25453  37.190994 57.74418 ],[8.221049  8.161151  8.048179  7.8828096],[0.37296745 0.4264693  0.5034154  0.61015373],[8.254019 8.249561 8.239468 8.22615 ],[0.36668321 0.40296978 0.44160876 0.48203832]
DDK8,C,4e-07,15,True,False,TDD,vanilla,25,[0.05444279 0.16798225 0.30771244 0.45859233],[0.02213028 0.08320402 0.17129667 0.23755096],[ 14.795893  46.128414  86.07949  133.44897 ],[ 5.936215 23.086643 51.53084  83.198265],[8.256631 8.180521 8.030628 7.822594],[0.37320715 0.44474915 0.5612043  0.71822935],[8.300738 8.310435 8.318503 8.321449],[0.36233523 0.4033232  0.448278   0.4995451 ]
DDK8,C,4e-07,18,True,False,TDD,vanilla,25,[0.06560822 0.20608343 0.34892818 0.49639878],[0.03410145 0.12700383 0.20524535 0.24272917],[ 16.793255  54.662052  97.384056 147.95677 ],[ 7.11658  29.044998 58.625465 90.273445],[8.188459 8.056638 7.841297 7.566831],[0.5305971  0.67550856 0.89781517 1.1895447 ],[8.245845 8.256775 8.268593 8.282536],[0.5129303  0.5608195  0.60647964 0.64250934]
DDK8,C,4e-07,21,True,False,TDD,vanilla,25,[0.0789793  0.24862209 0.43157265 0.6110301 ],[0.04748627 0.14290261 0.21755353 0.23383476],[ 19.066341  64.2876   116.86264  180.65543 ],[ 9.27962 38.15527 65.66482 93.35479],[8.132093  7.964866  7.6709003 7.3151307],[0.5157013  0.62939125 0.8875361  1.1164794 ],[8.208268 8.233376 8.263854 8.301309],[0.48909435 0.49843127 0.5081799  0.52443814]
DDK8,C,4e-07,24,True,False,TDD,vanilla,25,[0.08918046 0.27482656 0.46535274 0.63572854],[0.05708257 0.1869938  0.2536932  0.268723  ],[ 22.115246  71.956665 122.795586 175.51228 ],[ 14.363349  56.7292    82.8537   102.48222 ],[8.13554   7.8969183 7.5258856 7.149527 ],[0.5218524  0.6493883  0.92672074 1.1768743 ],[8.224326 8.216809 8.205311 8.196901],[0.5019927  0.53854054 0.5763094  0.6127203 ]
DDK8,C,4e-07,27,True,False,TDD,vanilla,25,[0.10449865 0.28837293 0.47614384 0.6512647 ],[0.06978881 0.18450297 0.2489895  0.26283833],[ 27.118868  77.010864 126.99533  179.87344 ],[ 23.121704  63.626457  83.27169  101.15623 ],[8.101352 7.827899 7.54115  7.152841],[0.5430947  0.7447075  0.92935187 1.1401732 ],[8.212278 8.205426 8.209401 8.201062],[0.52702165 0.5741107  0.6127436  0.64407486]
DDK8,C,4e-07,33,True,False,TDD,vanilla,25,[0.15206306 0.35713458 0.55164427 0.7085204 ],[0.11685632 0.21789761 0.28499812 0.2981838 ],[ 36.69469  92.27389 143.94496 187.23642],[ 29.335316  65.00368   87.35218  105.49191 ],[8.010366  7.719395  7.3344088 7.0070696],[0.71626765 0.93849677 1.2206404  1.3775798 ],[8.183739 8.192224 8.175432 8.147135],[0.6432265  0.66101295 0.6978664  0.7402622 ]
DDK8,C,4e-07,36,True,False,TDD,vanilla,25,[0.17657189 0.4408967  0.6437924  0.76051575],[0.15700659 0.27544424 0.33648363 0.2954786 ],[ 43.700146 118.22938  177.08978  222.32635 ],[ 33.424328  72.92034   99.441284 112.2754  ],[8.062351  7.606267  7.1368346 6.8843074],[0.714883  1.1310873 1.4461586 1.456608 ],[8.265757  8.2690735 8.257155  8.252183 ],[0.6276491  0.67769957 0.705928   0.7128718 ]
DDK8,C,4e-07,42,True,False,TDD,vanilla,25,[0.28847206 0.49585038 0.72901773 0.9155775 ],[0.3280258 0.2818149 0.3762384 0.3213204],[ 78.51192 130.59283 198.5011  257.85605],[113.54232  91.47775 128.51991 136.69449],[7.7835546 7.4464784 6.961781  6.378267 ],[0.87351894 1.0103068  1.2247041  1.3561035 ],[8.192731 8.206451 8.21126  8.215601],[0.59920657 0.60754186 0.64400005 0.6513544 ]
DDK8,D,5e-08,3,True,False,TDD,vanilla,25,[0.01993983 0.0672356  0.12537844 0.1639069 ],[0.02061649 0.07072876 0.12641956 0.14312632],[ 5.9334936 19.970985  37.221867  48.60984  ],[ 6.1272306 20.970806  37.50407   42.320873 ],[8.298264 8.29616  8.293439 8.290216],[0.07494507 0.08036873 0.08630349 0.09263364],[8.299658 8.29858  8.297538 8.29653 ],[0.07468852 0.07996947 0.08556426 0.0913942 ]
DDK8,D,5e-08,6,True,False,TDD,vanilla,25,[0.02213517 0.07059134 0.12018692 0.15290338],[0.01896891 0.06557096 0.1162205  0.1369172 ],[ 6.617939 21.075695 35.82096  45.590424],[ 5.630493 19.487452 34.521935 40.82103 ],[8.309699  8.3070755 8.302833  8.296787 ],[0.12048898 0.13297462 0.14620133 0.16000977],[8.311767 8.311415 8.310966 8.310436],[0.12025459 0.13231722 0.14488111 0.15781623]
DDK8,D,5e-08,9,True,False,TDD,vanilla,25,[0.02765104 0.09633435 0.15567392 0.19756392],[0.01770308 0.0690047  0.11968121 0.14947043],[ 8.225277 28.708702 46.169556 58.58113 ],[ 5.2405114 20.61926   35.09735   44.263306 ],[8.2950735 8.287054  8.276594  8.264271 ],[0.1323519  0.15312584 0.17579931 0.20005997],[8.297676 8.293371 8.288761 8.283954],[0.1321482  0.15266456 0.17479543 0.19807528]
DDK8,D,5e-08,12,True,False,TDD,vanilla,25,[0.02664737 0.09263398 0.15293008 0.19977404],[0.01727092 0.06433457 0.11727202 0.13602726],[ 7.7747307 26.96267   44.289505  57.873398 ],[ 4.904724 18.21055  33.003773 38.27891 ],[8.278199 8.268151 8.255548 8.240816],[0.18754113 0.21287343 0.23980156 0.26800856],[8.282729 8.280233 8.277586 8.274747],[0.18684064 0.21076299 0.2355141  0.26066127]
DDK8,D,5e-08,15,True,False,TDD,vanilla,25,[0.02719945 0.08923132 0.14835595 0.19631486],[0.01741754 0.06474926 0.11808014 0.14375423],[ 8.055743 26.605623 44.135815 58.103237],[ 5.3361526 19.752762  35.879883  43.48895  ],[8.264437  8.25351   8.2386875 8.222704 ],[0.21005541 0.23017032 0.251817   0.27527428],[8.270022 8.268729 8.268344 8.268918],[0.2086949  0.22577141 0.24269079 0.25992864]
DDK8,D,5e-08,18,True,False,TDD,vanilla,25,[0.03033502 0.101853   0.15992263 0.22151881],[0.01895935 0.07432929 0.13079593 0.16733879],[ 8.798695 29.372272 45.868145 63.646317],[ 5.617297 21.86651  38.40365  49.127544],[8.259599 8.233148 8.203601 8.174106],[0.23620825 0.26797342 0.30384478 0.33650687],[8.267819  8.256482  8.2475815 8.242658 ],[0.2351493 0.2640463 0.2919402 0.3160511]
DDK8,D,5e-08,21,True,False,TDD,vanilla,25,[0.03054017 0.09400333 0.15281487 0.20964529],[0.01795524 0.06245098 0.10675972 0.14436616],[ 8.912497 27.497795 45.180843 63.072227],[ 5.484139 19.076075 35.02505  51.457195],[8.267853 8.25662  8.242024 8.224502],[0.25266606 0.2871914  0.3277403  0.3655633 ],[8.27719   8.282884  8.2891655 8.295584 ],[0.25249338 0.2854534  0.32003936 0.35299757]
DDK8,D,5e-08,24,True,False,TDD,vanilla,25,[0.02761792 0.08236215 0.14168891 0.1917014 ],[0.01921343 0.06782547 0.11143158 0.14337742],[ 8.018571 23.902355 41.19003  55.893986],[ 5.485624 19.598053 33.451126 44.258877],[8.269584 8.246378 8.219013 8.181825],[0.24766743 0.2772883  0.31078532 0.34556302],[8.280112  8.273623  8.264235  8.2512455],[0.24701582 0.27596948 0.30649292 0.3357034 ]
DDK8,D,5e-08,27,True,False,TDD,vanilla,25,[0.03134904 0.09218149 0.16682713 0.23528557],[0.02193679 0.08233231 0.1376253  0.18446791],[ 8.802602 25.512383 47.080795 67.19124 ],[ 5.992035 22.021503 36.73857  50.690773],[8.250287 8.233187 8.217239 8.1978  ],[0.29854396 0.31744206 0.34281486 0.3705235 ],[8.262777 8.265217 8.269065 8.273772],[0.2979555  0.3138878  0.33165452 0.3518799 ]
DDK8,D,5e-08,33,True,False,TDD,vanilla,25,[0.028703   0.07858423 0.1359125  0.1886408 ],[0.01889638 0.06316765 0.11046697 0.13588126],[ 7.9989038 22.51016   38.72527   55.72148  ],[ 5.0947976 19.705122  33.85751   45.136124 ],[8.2168665 8.188378  8.157716  8.138091 ],[0.3177392  0.33566046 0.3585921  0.3584977 ],[8.235228 8.229521 8.229554 8.238303],[0.31300098 0.32693157 0.3373971  0.34345612]
DDK8,D,5e-08,36,True,False,TDD,vanilla,25,[0.03561131 0.09975061 0.1797167  0.2519702 ],[0.01932633 0.0764301  0.11746825 0.15547477],[10.771083 30.33558  54.89607  77.24305 ],[ 5.807326 23.569883 37.5766   48.862103],[8.3155   8.29061  8.258677 8.218131],[0.28354123 0.30424356 0.32998678 0.36674476],[8.336734 8.337908 8.336387 8.332141],[0.27704263 0.29162735 0.30735877 0.3248851 ]
DDK8,D,5e-08,42,True,False,TDD,vanilla,25,[0.04039946 0.10104018 0.17624563 0.23699033],[0.02555028 0.07259078 0.12047762 0.14224993],[11.829024 30.364283 53.98269  75.070595],[ 7.1781683 21.499247  37.37534   49.160793 ],[8.263512 8.261844 8.250386 8.219716],[0.3067526  0.32371256 0.34773818 0.3681595 ],[8.291798 8.319096 8.342037 8.351114],[0.29859725 0.30620685 0.31966177 0.34217647]
DDK8,D,2e-07,3,True,False,TDD,vanilla,25,[0.02006898 0.06259239 0.11672208 0.15470375],[0.01868818 0.06549721 0.11951832 0.13762884],[ 6.0411263 18.82126   35.050827  46.472515 ],[ 5.6145887 19.650154  35.787354  41.23737  ],[8.300549 8.300097 8.298985 8.297634],[0.05548286 0.06232382 0.0694693  0.07667105],[8.30472  8.305355 8.306001 8.306659],[0.05492547 0.06174164 0.06871933 0.07579485]
DDK8,D,2e-07,6,True,False,TDD,vanilla,25,[0.02634165 0.07922288 0.13373442 0.16080469],[0.01960625 0.06841999 0.12475622 0.14615878],[ 7.8990993 23.71535   39.970093  47.99019  ],[ 5.8790226 20.41285   37.119663  43.270954 ],[8.300283 8.297014 8.292207 8.286541],[0.08416572 0.09547908 0.10709075 0.11886186],[8.304998 8.30393  8.302717 8.301365],[0.08359402 0.0947236  0.10591125 0.1170879 ]
DDK8,D,2e-07,9,True,False,TDD,vanilla,25,[0.03574955 0.11864402 0.18986566 0.238713  ],[0.01575531 0.06125719 0.10617255 0.14323726],[10.773874 35.79546  57.135223 71.84847 ],[ 4.8419027 18.718925  32.319298  43.469814 ],[8.299348 8.296036 8.290692 8.283725],[0.12919676 0.14394553 0.1589278  0.1739563 ],[8.304958 8.305161 8.30541  8.30564 ],[0.12817776 0.14271183 0.15739685 0.17246187]
DDK8,D,2e-07,12,True,False,TDD,vanilla,25,[0.03110778 0.10537984 0.1804283  0.23021536],[0.01731038 0.0645495  0.12271698 0.14855127],[ 9.306465 31.460762 53.522686 68.34527 ],[ 4.959511 18.568018 34.447643 41.935604],[8.306789 8.300689 8.293909 8.285007],[0.14354675 0.16630141 0.18976559 0.21356334],[8.313007 8.312093 8.310837 8.309354],[0.14296053 0.16523613 0.1881396  0.2113783 ]
DDK8,D,2e-07,15,True,False,TDD,vanilla,25,[0.03033627 0.09577847 0.15568613 0.20737785],[0.01670038 0.0674074  0.12520915 0.1595419 ],[ 8.844775 27.73671  44.556675 59.648205],[ 4.509723 18.557266 33.465057 42.939636],[8.2852125 8.276012  8.264441  8.25213  ],[0.18759109 0.21024936 0.23308206 0.25567952],[8.293565  8.2920685 8.2905855 8.289156 ],[0.18703032 0.20940296 0.23131841 0.25235698]
DDK8,D,2e-07,18,True,False,TDD,vanilla,25,[0.03116825 0.08944143 0.1401525  0.1877089 ],[0.01621222 0.05962525 0.10460806 0.1210463 ],[ 9.2890005 27.408098  43.092594  57.5211   ],[ 4.7406125 19.399199  33.829567  39.50432  ],[8.296168 8.291296 8.284224 8.272528],[0.22272061 0.24445045 0.2666585  0.28859034],[8.305725 8.309488 8.312395 8.314784],[0.22037174 0.2390583  0.25812885 0.27720353]
DDK8,D,2e-07,21,True,False,TDD,vanilla,25,[0.02922019 0.08265365 0.1339715  0.18384331],[0.0174038  0.06898574 0.11920345 0.1510989 ],[ 8.37414  23.886509 38.889248 54.202824],[ 4.7282577 19.501722  33.792664  44.11404  ],[8.253971 8.246604 8.238812 8.230272],[0.24738717 0.2681334  0.28834927 0.30731833],[8.264703 8.267769 8.272947 8.279535],[0.24443386 0.26372743 0.2798239  0.2931526 ]
DDK8,D,2e-07,24,True,False,TDD,vanilla,25,[0.02789739 0.0757053  0.13783415 0.19511768],[0.01473819 0.06197359 0.10525838 0.13951729],[ 8.07906  22.1512   40.90898  58.630844],[ 4.044756 17.836784 32.01599  43.43163 ],[8.265739 8.25831  8.249193 8.237122],[0.24444637 0.26336494 0.2853745  0.3101761 ],[8.277871 8.283131 8.289918 8.296556],[0.24175097 0.25661522 0.27360883 0.29408902]
DDK8,D,2e-07,27,True,False,TDD,vanilla,25,[0.03156374 0.08888756 0.15884845 0.21959415],[0.02052813 0.08039624 0.15622723 0.19440731],[ 9.001394 25.828917 45.32138  64.061356],[ 5.410912 22.431593 41.374367 55.9753  ],[8.23988  8.226026 8.212111 8.19617 ],[0.2678055  0.2906619  0.31999382 0.3524501 ],[8.2537155 8.252774  8.254282  8.257275 ],[0.26518136 0.28589198 0.31270012 0.34290448]
DDK8,D,2e-07,33,True,False,TDD,vanilla,25,[0.02932428 0.08013219 0.14260788 0.19864126],[0.01715873 0.06466465 0.1118968  0.14464341],[ 8.6158495 23.340395  42.19032   60.456543 ],[ 4.9490643 18.155117  31.993801  44.069687 ],[8.278191 8.26369  8.249636 8.238683],[0.29594713 0.3040147  0.31194043 0.32657275],[8.294483 8.296839 8.303677 8.315007],[0.29260948 0.29500195 0.30127394 0.31653824]
DDK8,D,2e-07,36,True,False,TDD,vanilla,25,[0.03365734 0.08906367 0.15195088 0.20544702],[0.021415   0.08065895 0.13406837 0.17545836],[ 9.488012 24.454092 41.754467 58.10911 ],[ 5.715091 20.833633 33.903915 50.791286],[8.235684 8.192269 8.14987  8.107439],[0.31159186 0.3437183  0.37321383 0.40060234],[8.254462  8.231821  8.213254  8.2022705],[0.30821246 0.33105987 0.3529215  0.36922216]
DDK8,D,2e-07,42,True,False,TDD,vanilla,25,[0.03806724 0.1039959  0.17452335 0.25259554],[0.01957771 0.07149133 0.12853676 0.16112165],[11.073683 30.708712 51.729107 75.7228  ],[ 5.5984397 22.443329  40.146126  50.90292  ],[8.25047  8.220128 8.182727 8.147109],[0.3178043  0.336615   0.3512934  0.37392876],[8.275828 8.271634 8.268322 8.26755 ],[0.31351313 0.32876962 0.3366903  0.34487548]
DDK8,D,4e-07,3,True,False,TDD,vanilla,25,[0.02512671 0.07311437 0.13281664 0.1746211 ],[0.02107436 0.07382513 0.13303596 0.15402618],[ 7.493021 21.817749 39.52261  51.837265],[ 6.3412337 22.190432  39.873062  46.258835 ],[8.28603  8.282007 8.277257 8.272265],[0.05470899 0.06275076 0.07110611 0.07948104],[8.293405 8.290766 8.28805  8.285257],[0.05372701 0.06171242 0.06978194 0.07790729]
DDK8,D,4e-07,6,True,False,TDD,vanilla,25,[0.03208903 0.09179479 0.15085775 0.18699591],[0.02035778 0.07098567 0.12338582 0.15302554],[ 9.589809 27.507298 45.20802  56.15288 ],[ 6.0617313 21.22865   36.726734  45.90529  ],[8.293879 8.292845 8.290925 8.288665],[0.09910785 0.11300837 0.12674007 0.14018096],[8.302427 8.303819 8.305447 8.30732 ],[0.09781612 0.11133109 0.12449647 0.1372722 ]
DDK8,D,4e-07,9,True,False,TDD,vanilla,25,[0.03603312 0.10792115 0.17619193 0.21801299],[0.01630534 0.06419685 0.1118574  0.14294755],[10.84057  32.587856 53.201607 65.9453  ],[ 4.8500433 19.11913   33.218853  42.57812  ],[8.300837 8.300047 8.297839 8.295455],[0.12446659 0.14375754 0.16344374 0.18332884],[8.310682 8.313534 8.316418 8.319339],[0.1229313  0.14134116 0.15957414 0.17754117]
DDK8,D,4e-07,12,True,False,TDD,vanilla,25,[0.03145334 0.09237988 0.14027008 0.18306866],[0.0164495  0.05979196 0.10082904 0.12878415],[ 9.499317 28.054632 42.62695  55.771645],[ 4.975887 18.2078   30.783508 39.625847],[8.304434 8.300589 8.295931 8.289874],[0.15650254 0.1783279  0.20103504 0.22353695],[8.314311 8.315415 8.316559 8.31765 ],[0.15571669 0.17662454 0.19755578 0.21827404]
DDK8,D,4e-07,15,True,False,TDD,vanilla,25,[0.03371032 0.09649277 0.15183029 0.20357113],[0.01592421 0.0602091  0.10679287 0.13862592],[10.236602 29.673435 46.835693 63.074005],[ 4.7080255 18.791676  33.111546  43.578842 ],[8.318957 8.316045 8.312684 8.306195],[0.17658629 0.19633047 0.2155129  0.23522562],[8.331775 8.336437 8.340626 8.344339],[0.17464425 0.1934692  0.21228619 0.23092636]
DDK8,D,4e-07,18,True,False,TDD,vanilla,25,[0.03340232 0.09244193 0.14235525 0.1901054 ],[0.01629949 0.06330147 0.11193602 0.14312436],[ 9.868139 27.666294 42.577038 57.28041 ],[ 4.7551813 19.480103  34.414352  45.6047   ],[8.273128 8.262157 8.251464 8.238158],[0.19125235 0.21207644 0.23701064 0.26454228],[8.286208 8.283078 8.280533 8.278921],[0.19004631 0.20961969 0.23211282 0.2563469 ]
DDK8,D,4e-07,21,True,False,TDD,vanilla,25,[0.03440953 0.09094959 0.14433815 0.19219942],[0.01642068 0.06418261 0.11094174 0.1465796 ],[10.400194 27.819204 44.22287  59.365944],[ 5.1387386 20.385824  35.104633  48.737915 ],[8.301277 8.290344 8.276209 8.257733],[0.20980443 0.24829264 0.29196644 0.33326542],[8.315765 8.314188 8.310797 8.306976],[0.20739509 0.2451768  0.28654093 0.3257228 ]
DDK8,D,4e-07,24,True,False,TDD,vanilla,25,[0.03836742 0.10222307 0.17412283 0.23029684],[0.01659423 0.06896769 0.11525871 0.15379524],[11.465698 30.83303  52.55168  68.98011 ],[ 5.2343025 21.321663  35.76989   46.377766 ],[8.278871 8.26916  8.25534  8.235446],[0.24376853 0.27054033 0.30247945 0.33597225],[8.2942295 8.294001  8.29249   8.29053  ],[0.24053971 0.2657455  0.29513124 0.32629207]
DDK8,D,4e-07,27,True,False,TDD,vanilla,25,[0.03418677 0.08976428 0.15777767 0.22252342],[0.01684553 0.06929385 0.12955756 0.17834903],[10.079013 26.816973 47.305485 66.47895 ],[ 5.2298403 22.309034  41.676193  55.86492  ],[8.268452 8.261135 8.249321 8.230971],[0.24915938 0.26139143 0.27935573 0.3080718 ],[8.284804 8.288184 8.289756 8.287945],[0.24599674 0.25614992 0.27404147 0.30254942]
DDK8,D,4e-07,33,True,False,TDD,vanilla,25,[0.03349696 0.06869957 0.13071293 0.18068434],[0.01888666 0.05847254 0.08985997 0.11836418],[ 9.844763 20.77532  40.46334  56.883373],[ 5.795585 19.959393 31.930489 45.084797],[8.263353 8.252453 8.242827 8.2303  ],[0.29832062 0.3182571  0.33705294 0.34604162],[8.283479 8.285306 8.291762 8.302665],[0.29424185 0.31225926 0.32923257 0.3390499 ]
DDK8,D,4e-07,36,True,False,TDD,vanilla,25,[0.0398351  0.09068674 0.17239416 0.21990381],[0.02327326 0.07997331 0.13849996 0.17141308],[10.963229 25.234392 48.089966 62.925793],[ 5.4870734 20.447338  35.88846   45.147884 ],[8.201556 8.19432  8.184626 8.171462],[0.31165192 0.3403248  0.3667074  0.38786113],[8.223469 8.229465 8.240253 8.252065],[0.30499366 0.32756943 0.34636486 0.3621993 ]
DDK8,D,4e-07,42,True,False,TDD,vanilla,25,[0.03991148 0.09646353 0.16901445 0.22177319],[0.02451788 0.08255986 0.13753393 0.17121395],[11.421787 27.519878 49.037235 65.076126],[ 6.097103 21.533213 38.123596 48.471497],[8.270419 8.238326 8.199366 8.160946],[0.26570952 0.29070446 0.30989125 0.32695547],[8.293684 8.277752 8.263025 8.253034],[0.2600928  0.2811057  0.29591087 0.3149146 ]
