model,cm,ds,ms,is_gen,is_U2D,scenario,noise_type,noise_degree,nmse_mean,nmse_std,mse_mean,mse_std,se_mean,se_std,se0_mean,se0_std
DDK8,A,3e-08,1,False,False,TDD,phase,10.0,[0.00950665 0.01004321 0.01120666 0.01279116],[0.00212094 0.00262884 0.00346822 0.00544009],[2.581594  2.69102   2.9545074 3.3080714],[0.5102841  0.56774706 0.66595566 0.7973864 ],[8.327696 8.325907 8.324123 8.322233],[0.19005235 0.19463739 0.19956535 0.2048566 ],[8.330993 8.329849 8.328677 8.327478],[0.19007084 0.19461922 0.19951843 0.20474008]
DDK8,A,3e-08,10,False,False,TDD,phase,10.0,[0.02746437 0.06237616 0.11044659 0.16792385],[0.02221782 0.06201829 0.11853375 0.20742118],[ 4.9227395  9.649313  17.134462  28.192486 ],[ 1.8930929  5.1649184 11.423191  20.971739 ],[8.191764 8.173108 8.145331 8.109794],[0.55166066 0.6162993  0.68312836 0.75301296],[8.202797 8.202787 8.20477  8.210616],[0.5486622  0.603959   0.65337497 0.69756156]
DDK8,A,3e-08,30,False,False,TDD,phase,10.0,[0.13574588 0.29303378 0.44810703 0.6161368 ],[0.17605533 0.42237788 0.39396793 0.4058532 ],[ 13.713073  35.84264   77.169685 126.587234],[  8.191306  31.716873  73.279686 117.42343 ],[7.8705416 7.778767  7.579247  7.274834 ],[0.98102725 1.0709156  1.2117821  1.448933  ],[7.9305916 7.937528  7.938669  7.9467754],[0.94080913 0.97129947 1.0151565  1.0446168 ]
DDK8,A,1e-07,1,False,False,TDD,phase,10.0,[0.01731306 0.0172024  0.0183877  0.01967015],[0.00178948 0.00187831 0.00236832 0.00301207],[5.061365  5.068363  5.3129063 5.672766 ],[1.6380261 1.6932776 1.7856147 1.9459907],[8.254566 8.25468  8.254794 8.25502 ],[0.5152249  0.51554435 0.5161931  0.51715106],[8.262489 8.263346 8.264196 8.265036],[0.5146195  0.5150341  0.5156064  0.51633507]
DDK8,A,1e-07,10,False,False,TDD,phase,10.0,[0.03441706 0.0607465  0.09607945 0.13270782],[0.01532718 0.04225467 0.09391228 0.09283202],[ 7.649249 11.770147 17.929817 27.998655],[ 2.832713   5.4830627 10.453353  19.992733 ],[8.124121  8.107827  8.0851345 8.052451 ],[0.6273229  0.67612803 0.7295868  0.7856585 ],[8.144523 8.146372 8.146507 8.145758],[0.6222944 0.6648694 0.7096781 0.7541992]
DDK8,A,1e-07,30,False,False,TDD,phase,10.0,[0.10785849 0.28690988 0.44800362 0.638213  ],[0.10073192 0.7050644  0.49225587 0.43772018],[ 17.865767  42.591515  84.01594  134.73187 ],[  9.855155  39.356316  84.1699   126.69507 ],[8.004329  7.8755317 7.609417  7.194404 ],[1.0030669 1.1037915 1.2719417 1.4508482],[8.072836  8.0405245 7.9876432 7.931781 ],[0.9680374 1.0242085 1.0625325 1.0865595]
DDK8,A,3e-07,1,False,False,TDD,phase,10.0,[0.00965843 0.00967916 0.01011594 0.01093465],[0.00340501 0.00329057 0.00340862 0.00354089],[2.636359  2.667812  2.794503  3.0623848],[1.0775613 1.0475733 1.0798318 1.1519438],[8.205112 8.205853 8.206568 8.207261],[0.35389614 0.35506487 0.35639742 0.35784465],[8.213685 8.214922 8.216152 8.217376],[0.35320455 0.35431996 0.3555505  0.35689354]
DDK8,A,3e-07,10,False,False,TDD,phase,10.0,[0.02229233 0.04104776 0.0678056  0.10646749],[0.01006249 0.02379084 0.0424537  0.07386624],[ 5.1443043  8.781471  14.449947  23.312778 ],[ 2.24684    4.1814804  8.15136   15.285312 ],[8.150091  8.1355505 8.114718  8.086159 ],[0.6226682  0.6757979  0.7296601  0.78377193],[8.171758 8.174995 8.178912 8.18387 ],[0.61714435 0.66222095 0.70273554 0.73701555]
DDK8,A,3e-07,30,False,False,TDD,phase,10.0,[0.06245733 0.15115564 0.30624753 0.4824762 ],[0.04421615 0.12669897 0.24468835 0.3697895 ],[ 11.738477  30.361588  67.87482  117.18165 ],[  6.041796  27.254381  66.35999  111.211006],[7.985196  7.9195795 7.76095   7.4648037],[0.93488854 1.0200753  1.1835561  1.450244  ],[8.039328 8.043646 8.03752  8.038265],[0.90889144 0.95316565 1.0154774  1.050955  ]
DDK8,C,3e-08,1,False,False,TDD,phase,10.0,[0.01188822 0.01289178 0.01524735 0.01842963],[0.00261741 0.00345659 0.00516549 0.00830152],[2.7970421 2.9740858 3.2847075 3.8224447],[0.45745784 0.48751536 0.55393344 0.7217665 ],[8.315473 8.315426 8.315224 8.314883],[0.1316782  0.13410294 0.13697395 0.14015174],[8.320241 8.321053 8.321877 8.322711],[0.1314964  0.13392694 0.13672413 0.13986447]
DDK8,C,3e-08,10,False,False,TDD,phase,10.0,[0.03916674 0.11175721 0.22410391 0.32883626],[0.02937018 0.11938974 0.24839388 0.27983055],[ 6.1923814 15.9390335 34.59547   62.301483 ],[ 2.6543477 12.200751  30.62474   54.91776  ],[8.195947  8.138812  8.048142  7.9046636],[0.4400735  0.49859008 0.5995416  0.75358486],[8.214156 8.200949 8.206897 8.228696],[0.43586653 0.47545165 0.5107417  0.53240734]
DDK8,C,3e-08,30,False,False,TDD,phase,10.0,[0.27099895 0.66775805 0.7858077  0.9423788 ],[0.274371   0.60983336 0.41638592 0.49162632],[ 48.94746 128.30853 179.47916 214.86467],[ 44.41662  106.91747  120.46253  125.476494],[8.038274  7.4499965 6.8891892 6.3745465],[0.7049329 1.0840443 1.3983871 1.5186766],[8.26459   8.2423935 8.200481  8.146262 ],[0.59722245 0.63432664 0.6843038  0.7340101 ]
DDK8,C,1e-07,1,False,False,TDD,phase,10.0,[0.01475768 0.01494373 0.01610175 0.01781849],[0.00193976 0.0021084  0.00260373 0.00345506],[4.1234875 4.1715937 4.413089  4.869818 ],[0.6190317  0.6793636  0.7579785  0.93688405],[8.27491  8.27312  8.271175 8.269147],[0.20135148 0.2035298  0.20596963 0.20861708],[8.287666  8.286729  8.285783  8.2848215],[0.20094848 0.20314613 0.20554835 0.20814276]
DDK8,C,1e-07,10,False,False,TDD,phase,10.0,[0.03488434 0.07704704 0.14974147 0.25022063],[0.01266967 0.04771222 0.10214229 0.1711591 ],[ 8.514606 18.191587 36.82145  64.33543 ],[ 3.4867013 13.929766  35.06496   62.400177 ],[8.197038  8.155458  8.073183  7.9339447],[0.40781805 0.44780368 0.48849255 0.5527618 ],[8.228059 8.225114 8.221141 8.218307],[0.4063242  0.44373652 0.4743657  0.49637356]
DDK8,C,1e-07,30,False,False,TDD,phase,10.0,[0.185737  0.4120301 0.6026185 0.7272239],[0.14594878 0.25347695 0.29232815 0.2617672 ],[ 39.698822 101.432335 155.08112  200.67653 ],[ 31.878654  83.31992  110.363846 129.37448 ],[8.021817  7.605697  7.1774235 6.7529354],[0.6281074  0.88668567 1.0808889  1.1961817 ],[8.210542 8.202722 8.19268  8.180748],[0.5592177  0.55600965 0.5821842  0.64674735]
DDK8,C,3e-07,1,False,False,TDD,phase,10.0,[0.01438226 0.01441874 0.01536412 0.01675117],[0.00181761 0.00186986 0.00230482 0.00312296],[4.2734203 4.3048897 4.563535  4.9658895],[0.6609241  0.6749474  0.7627615  0.95379245],[8.299604  8.2987995 8.297839  8.296519 ],[0.1279857  0.12925896 0.13089347 0.13286664],[8.30922  8.309395 8.309544 8.309666],[0.12782563 0.12907478 0.13059264 0.132371  ]
DDK8,C,3e-07,10,False,False,TDD,phase,10.0,[0.03115693 0.05753277 0.10388119 0.17069024],[0.01005947 0.03125272 0.064959   0.10935007],[ 8.553336 15.367734 27.794853 46.46254 ],[ 2.5289261  7.745315  17.677622  32.210503 ],[8.221214 8.181289 8.119589 8.0241  ],[0.34052908 0.38016608 0.42441463 0.48095134],[8.250104 8.243475 8.238306 8.233626],[0.33855358 0.37196392 0.40309045 0.43264046]
DDK8,C,3e-07,30,False,False,TDD,phase,10.0,[0.13881814 0.33694962 0.49057692 0.6092775 ],[0.11293216 0.24155231 0.2745326  0.24976957],[ 33.77348   87.288826 136.9425   181.54459 ],[ 25.239946  60.438824  80.320625 100.97915 ],[8.081007 7.74312  7.45833  7.155406],[0.6034183  0.93215656 1.1173992  1.216716  ],[8.243394  8.2595005 8.280929  8.2970915],[0.5275148  0.56576973 0.5995795  0.6289665 ]
DDK8,D,3e-08,1,False,False,TDD,phase,10.0,[0.00530847 0.00493373 0.00530929 0.00557858],[0.0009277  0.00085083 0.00097047 0.00121775],[1.591291  1.4696616 1.5871091 1.6766386],[0.359758   0.29496986 0.34077328 0.4343645 ],[8.3112135 8.310613  8.310192  8.309644 ],[0.16913328 0.16949527 0.16987635 0.17029047],[8.314398 8.314319 8.314234 8.314145],[0.1689577  0.1692839  0.16965668 0.17007592]
DDK8,D,3e-08,10,False,False,TDD,phase,10.0,[0.00900514 0.01275177 0.01871363 0.02743968],[0.00267341 0.00488728 0.00920332 0.01636134],[2.7002301 3.828812  5.6371    8.288069 ],[0.9191894 1.6333258 2.9390883 5.0745425],[8.3093   8.305625 8.301013 8.295629],[0.22087277 0.23046695 0.2402327  0.25036347],[8.316226 8.317209 8.319232 8.322231],[0.22064124 0.22971565 0.23861213 0.24789669]
DDK8,D,3e-08,30,False,False,TDD,phase,10.0,[0.02137069 0.04950097 0.08845115 0.13493882],[0.01599179 0.04277741 0.08709589 0.11987744],[ 6.053345 14.131793 24.948984 38.41811 ],[ 4.4308963 13.331472  25.98406   36.240402 ],[8.259188 8.216114 8.166095 8.114492],[0.3193805  0.3430419  0.3824754  0.43522534],[8.279626 8.265633 8.254636 8.245803],[0.3149234  0.33140603 0.3475315  0.37491977]
DDK8,D,1e-07,1,False,False,TDD,phase,10.0,[0.00535098 0.0049524  0.00529961 0.00554671],[0.0010755  0.00095649 0.00106765 0.00127588],[1.5983453 1.4814855 1.5870618 1.6628805],[0.3263492  0.2937435  0.33001834 0.39533183],[8.304597 8.304266 8.304024 8.303744],[0.04590599 0.04708292 0.04838859 0.04978294],[8.30858  8.308749 8.308917 8.309082],[0.04570846 0.04691132 0.04821616 0.04961289]
DDK8,D,1e-07,10,False,False,TDD,phase,10.0,[0.00971784 0.01350011 0.01821054 0.02497674],[0.00244238 0.00419282 0.00703969 0.01122133],[2.8923833 4.011789  5.4133415 7.420968 ],[0.7729481 1.2681193 2.106546  3.3439097],[8.293355 8.289219 8.28435  8.278102],[0.14446992 0.16334958 0.1822385  0.2009245 ],[8.302197 8.302738 8.303449 8.304353],[0.14413556 0.16243479 0.18018848 0.19722274]
DDK8,D,1e-07,30,False,False,TDD,phase,10.0,[0.0197058  0.04238823 0.07240918 0.11261899],[0.00942852 0.02973313 0.05700761 0.09795152],[ 5.8194737 12.589771  21.307127  32.82462  ],[ 2.7403598  9.28511   16.428232  25.455608 ],[8.287848 8.269749 8.245199 8.215097],[0.29230744 0.32346487 0.3592367  0.40356287],[8.307436 8.310596 8.312113 8.31137 ],[0.28931206 0.31602684 0.33770058 0.35521185]
DDK8,D,3e-07,1,False,False,TDD,phase,10.0,[0.00732633 0.00680329 0.00723067 0.0074371 ],[0.00178748 0.00179157 0.00191197 0.00207537],[2.1718905 2.0183609 2.1457162 2.2081552],[0.5239653  0.5251469  0.56147784 0.6099636 ],[8.298422 8.297983 8.297493 8.297142],[0.02182141 0.02335848 0.02501683 0.02679812],[8.304571 8.304598 8.304624 8.304644],[0.02125929 0.02278931 0.02444145 0.02619203]
DDK8,D,3e-07,10,False,False,TDD,phase,10.0,[0.0134607  0.01709209 0.02182125 0.02771977],[0.00394101 0.00604688 0.0081698  0.01044852],[3.965345  5.0442014 6.4475474 8.213758 ],[1.1731523 1.7776668 2.3816118 3.084345 ],[8.2789955 8.274237  8.269162  8.263983 ],[0.13647792 0.15579328 0.17511068 0.19445062],[8.291802 8.291453 8.291422 8.291797],[0.13622427 0.15536554 0.17447104 0.193445  ]
DDK8,D,3e-07,30,False,False,TDD,phase,10.0,[0.02118811 0.03691975 0.0584871  0.0848045 ],[0.00973143 0.02272574 0.03943291 0.05341063],[ 6.199048 10.770975 17.212034 25.078907],[ 2.4790447  6.2080116 11.792812  16.34056  ],[8.293629 8.27308  8.247002 8.219956],[0.26108572 0.29329234 0.32954943 0.36024302],[8.314291 8.305841 8.296564 8.287483],[0.25759736 0.28634158 0.31637365 0.34177953]
DDK8,A,3e-08,1,False,False,TDD,phase,15.0,[0.00482117 0.00530368 0.00626136 0.00751218],[0.00154994 0.00193609 0.00263784 0.00437109],[1.255719  1.3507559 1.5397315 1.7635987],[0.2895102  0.33385885 0.37081033 0.45689356],[8.3292465 8.327684  8.326149  8.324518 ],[0.19008245 0.1946587  0.19958107 0.20485558],[8.330993 8.329849 8.328677 8.327478],[0.19007084 0.19461922 0.19951843 0.20474008]
DDK8,A,3e-08,10,False,False,TDD,phase,15.0,[0.02021831 0.0548977  0.10536092 0.1640644 ],[0.02114596 0.06975815 0.13285701 0.23596801],[ 2.9618573  7.11656   14.278844  25.009706 ],[ 1.2062166  4.260596  10.388762  19.936691 ],[8.194388 8.176835 8.149758 8.11531 ],[0.55146635 0.61599636 0.6829275  0.7530406 ],[8.202797 8.202787 8.20477  8.210616],[0.5486622  0.603959   0.65337497 0.69756156]
DDK8,A,3e-08,30,False,False,TDD,phase,15.0,[0.13062835 0.28453884 0.43904772 0.6084044 ],[0.18106478 0.41445667 0.39537588 0.4124048 ],[ 11.566597  32.88149   74.11733  123.615   ],[  7.240154  30.554699  72.33667  117.23981 ],[7.873208  7.7837877 7.587077  7.2871575],[0.9809417 1.0683384 1.2085354 1.4434268],[7.9305916 7.937528  7.938669  7.9467754],[0.94080913 0.97129947 1.0151565  1.0446168 ]
DDK8,A,1e-07,1,False,False,TDD,phase,15.0,[0.01245678 0.01229912 0.01323005 0.01400715],[0.00133583 0.00132512 0.00174477 0.00240566],[3.6413603 3.6135514 3.7531724 3.8946748],[1.2206067 1.2403959 1.2662995 1.2979373],[8.257245 8.257729 8.258066 8.258435],[0.51537055 0.51573503 0.51648366 0.5174708 ],[8.262489 8.263346 8.264196 8.265036],[0.5146195  0.5150341  0.5156064  0.51633507]
DDK8,A,1e-07,10,False,False,TDD,phase,15.0,[0.02585012 0.04972557 0.0862184  0.11875703],[0.01246271 0.03850072 0.11540546 0.09164412],[ 5.4719725  8.921031  14.364895  23.548578 ],[ 1.9395492  4.278675   8.646652  17.641994 ],[8.130092 8.115988 8.094536 8.063755],[0.6268379  0.6752992  0.72815937 0.78331584],[8.144523 8.146372 8.146507 8.145758],[0.6222944 0.6648694 0.7096781 0.7541992]
DDK8,A,1e-07,30,False,False,TDD,phase,15.0,[0.09471986 0.2839775  0.4308345  0.6302154 ],[0.09015385 0.819439   0.512898   0.454021  ],[ 14.426794  37.590412  78.45365  129.75623 ],[  8.120351  36.847713  81.440475 124.7795  ],[8.014154  7.8900495 7.630125  7.2142143],[1.0014007 1.1007258 1.2646875 1.4616232],[8.072836  8.0405245 7.9876432 7.931781 ],[0.9680374 1.0242085 1.0625325 1.0865595]
DDK8,A,3e-07,1,False,False,TDD,phase,15.0,[0.00643912 0.0065058  0.00685222 0.00722644],[0.00322833 0.00313124 0.00319579 0.00328478],[1.7487167 1.7694699 1.8622013 1.9491001],[0.98287916 0.95320314 0.979826   0.9915401 ],[8.207345 8.208424 8.209263 8.210151],[0.35376406 0.3548589  0.35619447 0.35758206],[8.213685 8.214922 8.216152 8.217376],[0.35320455 0.35431996 0.3555505  0.35689354]
DDK8,A,3e-07,10,False,False,TDD,phase,15.0,[0.01605973 0.03240274 0.05614301 0.09119436],[0.00811304 0.02024602 0.03817172 0.06899077],[ 3.5641427  6.570581  11.289026  18.91223  ],[ 1.7513958  3.3677623  6.847273  13.450067 ],[8.155849 8.143413 8.124728 8.099115],[0.62155944 0.67383564 0.7264566  0.77853614],[8.171758 8.174995 8.178912 8.18387 ],[0.61714435 0.66222095 0.70273554 0.73701555]
DDK8,A,3e-07,30,False,False,TDD,phase,15.0,[0.05328174 0.13566236 0.28466547 0.46169803],[0.04235805 0.12523226 0.23645571 0.365406  ],[  9.264103  26.054827  61.770855 110.769745],[  5.0225716  25.213102   63.824535  108.80584  ],[7.993666 7.935551 7.787416 7.502573],[0.93314755 1.012339   1.1648793  1.4255188 ],[8.039328 8.043646 8.03752  8.038265],[0.90889144 0.95316565 1.0154774  1.050955  ]
DDK8,C,3e-08,1,False,False,TDD,phase,15.0,[0.00715608 0.0079301  0.00999354 0.01259961],[0.00215332 0.00278486 0.00453046 0.00725579],[1.4900577 1.6095169 1.8397087 2.1963384],[0.30310103 0.3154273  0.3550789  0.48518836],[8.317299 8.317601 8.317702 8.317646],[0.13167672 0.13410465 0.13694984 0.1401292 ],[8.320241 8.321053 8.321877 8.322711],[0.1314964  0.13392694 0.13672413 0.13986447]
DDK8,C,3e-08,10,False,False,TDD,phase,15.0,[0.0309905  0.1030876  0.20918062 0.31732497],[0.02959728 0.12540032 0.23462133 0.28594717],[ 4.157721 13.069461 31.208534 58.914684],[ 2.1655793 11.50718   30.032238  54.936172 ],[8.199751  8.145557  8.0594015 7.9204664],[0.4396652 0.4972511 0.5936781 0.7386823],[8.214156 8.200949 8.206897 8.228696],[0.43586653 0.47545165 0.5107417  0.53240734]
DDK8,C,3e-08,30,False,False,TDD,phase,15.0,[0.267495   0.67115843 0.7892998  0.94789296],[0.28409657 0.64368254 0.43275067 0.5121151 ],[ 46.02893  124.919495 176.43239  212.73975 ],[ 44.426537 107.134926 120.22585  125.15551 ],[8.042744  7.463905  6.910394  6.3990483],[0.7028142 1.0771273 1.3997523 1.5171577],[8.26459   8.2423935 8.200481  8.146262 ],[0.59722245 0.63432664 0.6843038  0.7340101 ]
DDK8,C,1e-07,1,False,False,TDD,phase,15.0,[0.01030939 0.01046953 0.01139539 0.01240201],[0.00180738 0.00186508 0.0022223  0.0028626 ],[2.8448343 2.8828397 3.059314  3.293228 ],[0.47614056 0.5057039  0.53904814 0.6491753 ],[8.277714 8.276333 8.274554 8.272892],[0.20136645 0.20351952 0.20594098 0.20855354],[8.287666  8.286729  8.285783  8.2848215],[0.20094848 0.20314613 0.20554835 0.20814276]
DDK8,C,1e-07,10,False,False,TDD,phase,15.0,[0.02614022 0.06451903 0.13415511 0.23242253],[0.01122957 0.0462806  0.10203943 0.17260236],[ 6.168884 14.810797 32.526974 59.397903],[ 2.8725452 13.352741  35.032574  63.171886 ],[8.204484 8.166737 8.088379 7.955868],[0.40768567 0.4471683  0.48743746 0.5500145 ],[8.228059 8.225114 8.221141 8.218307],[0.4063242  0.44373652 0.4743657  0.49637356]
DDK8,C,1e-07,30,False,False,TDD,phase,15.0,[0.17632128 0.40392554 0.5969258  0.72307646],[0.14856422 0.25686267 0.3030667  0.2702423 ],[ 36.46946   98.156876 152.04832  198.17876 ],[ 31.024967  83.096176 110.32978  129.18925 ],[8.031785  7.6169047 7.1892595 6.774747 ],[0.62735194 0.8914496  1.1032811  1.1936666 ],[8.210542 8.202722 8.19268  8.180748],[0.5592177  0.55600965 0.5821842  0.64674735]
DDK8,C,3e-07,1,False,False,TDD,phase,15.0,[0.01068064 0.01074714 0.01141171 0.01226908],[0.00157151 0.00159052 0.0018344  0.00235792],[3.200303  3.232056  3.4119825 3.6281495],[0.545658   0.5475513  0.59030503 0.6805504 ],[8.302898 8.302468 8.301775 8.300811],[0.12797289 0.1292187  0.13082503 0.13274522],[8.30922  8.309395 8.309544 8.309666],[0.12782563 0.12907478 0.13059264 0.132371  ]
DDK8,C,3e-07,10,False,False,TDD,phase,15.0,[0.02272131 0.04514141 0.08638985 0.14943431],[0.00855303 0.028431   0.0614546  0.10682633],[ 6.1474094 11.80873   22.74134   40.20629  ],[ 2.0055037  6.7305355 16.319637  31.18099  ],[8.230793  8.1965065 8.140613  8.05254  ],[0.34030446 0.37888768 0.4210552  0.47499788],[8.250104 8.243475 8.238306 8.233626],[0.33855358 0.37196392 0.40309045 0.43264046]
DDK8,C,3e-07,30,False,False,TDD,phase,15.0,[0.12872927 0.3242168  0.47634426 0.59527034],[0.11307478 0.2449816  0.28180325 0.2553317 ],[ 30.690788  83.1891   131.9486   176.78041 ],[ 25.020306  60.78852   80.841545 101.33604 ],[8.094316  7.764701  7.4883776 7.194187 ],[0.6010131 0.9253926 1.1104536 1.2026036],[8.243394  8.2595005 8.280929  8.2970915],[0.5275148  0.56576973 0.5995795  0.6289665 ]
DDK8,D,3e-08,1,False,False,TDD,phase,15.0,[0.00186892 0.00199817 0.00226837 0.00247903],[0.0005784  0.0006902  0.00084717 0.00101553],[0.54647666 0.5793981  0.6600917  0.72333884],[0.16030951 0.17141038 0.21682322 0.2655126 ],[8.312565 8.312158 8.311862 8.311553],[0.16910852 0.1694952  0.1698977  0.17035922],[8.314398 8.314319 8.314234 8.314145],[0.1689577  0.1692839  0.16965668 0.17007592]
DDK8,D,3e-08,10,False,False,TDD,phase,15.0,[0.00453888 0.00809097 0.01336149 0.02142361],[0.00182754 0.00411006 0.00831915 0.01518121],[1.3444346 2.4027524 3.9867225 6.435093 ],[0.5733528 1.2808967 2.539113  4.61201  ],[8.311697 8.308891 8.305345 8.301021],[0.22082397 0.23031156 0.23996545 0.24992873],[8.316226 8.317209 8.319232 8.322231],[0.22064124 0.22971565 0.23861213 0.24789669]
DDK8,D,3e-08,30,False,False,TDD,phase,15.0,[0.01740736 0.04468171 0.08268734 0.12816489],[0.0158394  0.04271069 0.08742938 0.12000468],[ 4.856967 12.635088 23.119665 36.27826 ],[ 4.3216662 13.089767  25.779638  36.0695   ],[8.261816 8.219592 8.171784 8.121236],[0.3191663  0.34272784 0.38004845 0.43030483],[8.279626 8.265633 8.254636 8.245803],[0.3149234  0.33140603 0.3475315  0.37491977]
DDK8,D,1e-07,1,False,False,TDD,phase,15.0,[0.00217639 0.00232221 0.00265686 0.00286816],[0.00068187 0.00070274 0.00085752 0.00104206],[0.6475241 0.6931689 0.7945131 0.8580384],[0.20039128 0.20900865 0.2581602  0.31463835],[8.306135 8.306017 8.305885 8.305827],[0.04593818 0.04712042 0.04842966 0.04983115],[8.30858  8.308749 8.308917 8.309082],[0.04570846 0.04691132 0.04821616 0.04961289]
DDK8,D,1e-07,10,False,False,TDD,phase,15.0,[0.00511588 0.00837164 0.01259294 0.0186903 ],[0.00167463 0.00343187 0.00621251 0.01056058],[1.5178529 2.4715285 3.70926   5.501188 ],[0.515429  1.012169  1.820913  3.0864708],[8.296566  8.293482  8.2896385 8.284538 ],[0.14444903 0.16337894 0.18229379 0.20101388],[8.302197 8.302738 8.303449 8.304353],[0.14413556 0.16243479 0.18018848 0.19722274]
DDK8,D,1e-07,30,False,False,TDD,phase,15.0,[0.01552749 0.03717405 0.06605537 0.10520731],[0.00903594 0.0290357  0.05576286 0.09690353],[ 4.603868 11.039292 19.408447 30.556496],[ 2.6907659  9.159668  16.249647  25.499556 ],[8.290914  8.2734375 8.250391  8.221715 ],[0.29182222 0.32269582 0.35664916 0.39900273],[8.307436 8.310596 8.312113 8.31137 ],[0.28931206 0.31602684 0.33770058 0.35521185]
DDK8,D,3e-07,1,False,False,TDD,phase,15.0,[0.00380336 0.00388952 0.0043888  0.00456211],[0.00154916 0.00159772 0.00175949 0.00189983],[1.1232829 1.1515898 1.2992047 1.3504642],[0.454216   0.46885392 0.5166324  0.5587644 ],[8.30018   8.299924  8.299474  8.2992735],[0.02178197 0.02328943 0.02497268 0.02675309],[8.304571 8.304598 8.304624 8.304644],[0.02125929 0.02278931 0.02444145 0.02619203]
DDK8,D,3e-07,10,False,False,TDD,phase,15.0,[0.00797044 0.01119924 0.01540315 0.02052673],[0.00303482 0.00471519 0.00686802 0.00935708],[2.344723 3.297873 4.536417 6.062909],[0.89064366 1.3705215  1.964448   2.7006714 ],[8.283099 8.279293 8.275037 8.270882],[0.13645394 0.15571596 0.17513461 0.19441096],[8.291802 8.291453 8.291422 8.291797],[0.13622427 0.15536554 0.17447104 0.193445  ]
DDK8,D,3e-07,30,False,False,TDD,phase,15.0,[0.01624143 0.03108536 0.05180955 0.07756435],[0.00812373 0.02088395 0.03761327 0.05217297],[ 4.759302  9.029926 15.149157 22.809656],[ 2.15496    5.6204643 11.0223255 15.585287 ],[8.29765  8.27746  8.25219  8.226099],[0.26049945 0.2925649  0.32840198 0.35883147],[8.314291 8.305841 8.296564 8.287483],[0.25759736 0.28634158 0.31637365 0.34177953]
DDK8,A,3e-08,1,False,False,TDD,phase,20.0,[0.00366872 0.00401035 0.00500162 0.00615396],[0.00139507 0.00173688 0.00246437 0.0042333 ],[0.93581724 0.99652636 1.1860645  1.3666406 ],[0.23372978 0.2636918  0.29930395 0.38647434],[8.329973 8.328526 8.32704  8.325431],[0.1901071 0.1946873 0.1996127 0.204874 ],[8.330993 8.329849 8.328677 8.327478],[0.19007084 0.19461922 0.19951843 0.20474008]
DDK8,A,3e-08,10,False,False,TDD,phase,20.0,[0.01800249 0.05174407 0.09995131 0.16065818],[0.02009236 0.06694946 0.12577194 0.24078253],[ 2.4094975  6.3325763 13.290362  23.817284 ],[ 1.0473713  4.0948577 10.191531  19.7694   ],[8.195623 8.178506 8.152092 8.118298],[0.5513038  0.6153835  0.6815222  0.75085866],[8.202797 8.202787 8.20477  8.210616],[0.5486622  0.603959   0.65337497 0.69756156]
DDK8,A,3e-08,30,False,False,TDD,phase,20.0,[0.12510347 0.28185123 0.4375595  0.6079199 ],[0.16979267 0.42074668 0.39976442 0.41807804],[ 10.816662  31.74634   72.81491  122.49909 ],[  6.9593754  30.042486   71.927925  117.47941  ],[7.874751  7.78622   7.59082   7.2946706],[0.9806479 1.0681732 1.2069818 1.4335909],[7.9305916 7.937528  7.938669  7.9467754],[0.94080913 0.97129947 1.0151565  1.0446168 ]
DDK8,A,1e-07,1,False,False,TDD,phase,20.0,[0.01118119 0.01090706 0.01183347 0.01238812],[0.00122877 0.00112831 0.00152073 0.00217214],[3.280023  3.210509  3.3337467 3.3853052],[1.111504  1.1045526 1.1089834 1.0908405],[8.258433  8.2591095 8.259512  8.2599   ],[0.5153706 0.5157389 0.5165335 0.5175855],[8.262489 8.263346 8.264196 8.265036],[0.5146195  0.5150341  0.5156064  0.51633507]
DDK8,A,1e-07,10,False,False,TDD,phase,20.0,[0.02318341 0.04598431 0.08079594 0.11347191],[0.01182213 0.03667429 0.10540624 0.09072217],[ 4.7807     7.9849334 13.15149   22.048521 ],[ 1.6893086  3.9109197  8.047789  17.019997 ],[8.132674 8.119476 8.098783 8.06894 ],[0.62682617 0.67506534 0.7276654  0.7824706 ],[8.144523 8.146372 8.146507 8.145758],[0.6222944 0.6648694 0.7096781 0.7541992]
DDK8,A,1e-07,30,False,False,TDD,phase,20.0,[0.09118101 0.28866476 0.42519328 0.6263349 ],[0.09166634 0.93011117 0.51991624 0.46209756],[ 13.370676  35.9574    76.518135 128.16452 ],[  7.6855426  36.09773    80.45308   123.93105  ],[8.0176735 7.8959475 7.6379247 7.2222   ],[1.000683  1.0980176 1.2615485 1.4602274],[8.072836  8.0405245 7.9876432 7.931781 ],[0.9680374 1.0242085 1.0625325 1.0865595]
DDK8,A,3e-07,1,False,False,TDD,phase,20.0,[0.0056719  0.00571705 0.00608913 0.00642763],[0.0031644  0.00307865 0.00312483 0.00323588],[1.548584  1.5555753 1.6547208 1.7131248],[0.9552594  0.92984325 0.9521357  0.96433204],[8.208305 8.209548 8.210453 8.211403],[0.35373965 0.3548187  0.3561488  0.3575229 ],[8.213685 8.214922 8.216152 8.217376],[0.35320455 0.35431996 0.3555505  0.35689354]
DDK8,A,3e-07,10,False,False,TDD,phase,20.0,[0.01403326 0.02951556 0.05233193 0.08665743],[0.00728859 0.01889794 0.03657268 0.06780493],[ 3.0730872  5.868584  10.310652  17.61287  ],[ 1.5737612  3.1373997  6.5188665 13.069828 ],[8.158398 8.146692 8.128622 8.103467],[0.6212622  0.67334855 0.7253181  0.77713513],[8.171758 8.174995 8.178912 8.18387 ],[0.61714435 0.66222095 0.70273554 0.73701555]
DDK8,A,3e-07,30,False,False,TDD,phase,20.0,[0.0506607  0.12994969 0.27769932 0.45325676],[0.04168942 0.123479   0.23726322 0.3611997 ],[  8.552268  24.585093  59.59377  108.44729 ],[  4.764207  24.643618  63.3293   108.41051 ],[7.9969773 7.9416957 7.7961183 7.5181537],[0.9324054 1.0094209 1.1616806 1.4158866],[8.039328 8.043646 8.03752  8.038265],[0.90889144 0.95316565 1.0154774  1.050955  ]
DDK8,C,3e-08,1,False,False,TDD,phase,20.0,[0.00596841 0.00653594 0.00857758 0.01097132],[0.00201997 0.00257877 0.00423727 0.00679711],[1.1868402 1.2565484 1.4792907 1.7638652],[0.2648261  0.26577997 0.30178    0.41878292],[8.318048 8.318502 8.318672 8.318684],[0.13163993 0.13408527 0.13694966 0.14012487],[8.320241 8.321053 8.321877 8.322711],[0.1314964  0.13392694 0.13672413 0.13986447]
DDK8,C,3e-08,10,False,False,TDD,phase,20.0,[0.02832911 0.09967141 0.20705783 0.31375018],[0.02852575 0.12724942 0.23868173 0.28632122],[ 3.5349042 12.15245   30.241798  57.993088 ],[ 2.0335405 11.377363  30.107475  55.316513 ],[8.201415  8.148008  8.061906  7.9219804],[0.43955404 0.49705812 0.59406346 0.74417555],[8.214156 8.200949 8.206897 8.228696],[0.43586653 0.47545165 0.5107417  0.53240734]
DDK8,C,3e-08,30,False,False,TDD,phase,20.0,[0.26575443 0.67286414 0.7891735  0.9483844 ],[0.2887757  0.65982616 0.43540463 0.51942325],[ 44.912823 123.84257  175.49855  212.06796 ],[ 44.445435 107.66587  120.198265 125.13791 ],[8.045135  7.4673934 6.917797  6.403247 ],[0.7028498 1.0758944 1.3980241 1.5150592],[8.26459   8.2423935 8.200481  8.146262 ],[0.59722245 0.63432664 0.6843038  0.7340101 ]
DDK8,C,1e-07,1,False,False,TDD,phase,20.0,[0.00917417 0.0091862  0.01008558 0.01081293],[0.00173532 0.00175233 0.00205534 0.00260428],[2.5208147 2.5128937 2.6742775 2.8135853],[0.44233122 0.45209298 0.4688763  0.5400052 ],[8.27882  8.27773  8.275998 8.274532],[0.20137349 0.20354256 0.20600638 0.2086478 ],[8.287666  8.286729  8.285783  8.2848215],[0.20094848 0.20314613 0.20554835 0.20814276]
DDK8,C,1e-07,10,False,False,TDD,phase,20.0,[0.02339904 0.06011558 0.12884021 0.2262429 ],[0.01122353 0.04591217 0.10251567 0.17357644],[ 5.395781 13.576573 30.966702 57.62886 ],[ 2.6375935 12.932163  34.70232   63.062733 ],[8.207527  8.17138   8.094106  7.9636397],[0.40764436 0.44712472 0.4875586  0.54987764],[8.228059 8.225114 8.221141 8.218307],[0.4063242  0.44373652 0.4743657  0.49637356]
DDK8,C,1e-07,30,False,False,TDD,phase,20.0,[0.17269857 0.400177   0.5945318  0.71937674],[0.14923021 0.25914934 0.30945984 0.27335867],[ 35.364967  97.00561  150.86986  197.0999  ],[ 30.948992  83.31039  110.4352   129.18    ],[8.035847  7.620802  7.1975636 6.7887163],[0.62691265 0.8963745  1.1021274  1.1852087 ],[8.210542 8.202722 8.19268  8.180748],[0.5592177  0.55600965 0.5821842  0.64674735]
DDK8,C,3e-07,1,False,False,TDD,phase,20.0,[0.00964    0.0096939  0.01022656 0.01098835],[0.00153734 0.00153493 0.00171277 0.00211575],[2.894417  2.9202151 3.060827  3.2449863],[0.52716655 0.52697563 0.5590651  0.6230626 ],[8.304251 8.303998 8.303474 8.302639],[0.12799025 0.12922098 0.13080199 0.13269717],[8.30922  8.309395 8.309544 8.309666],[0.12782563 0.12907478 0.13059264 0.132371  ]
DDK8,C,3e-07,10,False,False,TDD,phase,20.0,[0.01998859 0.04049892 0.0796489  0.14138393],[0.00786204 0.02702752 0.05971194 0.10587868],[ 5.367933 10.499107 20.836315 37.860607],[ 1.7855964  6.291891  15.77143   30.840576 ],[8.234596 8.202858 8.149597 8.064684],[0.34033674 0.37883657 0.42063114 0.47381756],[8.250104 8.243475 8.238306 8.233626],[0.33855358 0.37196392 0.40309045 0.43264046]
DDK8,C,3e-07,30,False,False,TDD,phase,20.0,[0.12556106 0.31980464 0.47150126 0.5909648 ],[0.11345733 0.24656393 0.28404325 0.25796667],[ 29.758858  81.86565  130.31789  175.35812 ],[ 24.999475  61.010517  81.070526 101.64515 ],[8.098864  7.7727394 7.4984746 7.2083755],[0.6003616  0.92309475 1.1092577  1.1994023 ],[8.243394  8.2595005 8.280929  8.2970915],[0.5275148  0.56576973 0.5995795  0.6289665 ]
DDK8,D,3e-08,1,False,False,TDD,phase,20.0,[0.00126763 0.00154964 0.00183705 0.00203509],[0.00054555 0.00067058 0.00086433 0.00100072],[0.36326584 0.44324672 0.5259728  0.58124816],[0.13542797 0.15878557 0.21171165 0.24662992],[8.313143  8.3127985 8.312477  8.312216 ],[0.1690955  0.16947068 0.16989234 0.1703604 ],[8.314398 8.314319 8.314234 8.314145],[0.1689577  0.1692839  0.16965668 0.17007592]
DDK8,D,3e-08,10,False,False,TDD,phase,20.0,[0.003488   0.00676444 0.01185403 0.01955223],[0.00161678 0.00383287 0.00792266 0.01440681],[1.0271366 1.9996414 3.5193675 5.8559403],[0.48923028 1.1723528  2.3929234  4.362085  ],[8.312804 8.310271 8.306958 8.30295 ],[0.2208331  0.2302641  0.23999117 0.24990165],[8.316226 8.317209 8.319232 8.322231],[0.22064124 0.22971565 0.23861213 0.24789669]
DDK8,D,3e-08,30,False,False,TDD,phase,20.0,[0.01658864 0.04360603 0.08179825 0.12648427],[0.01596647 0.04322147 0.08901477 0.12133171],[ 4.595461 12.264011 22.741179 35.68149 ],[ 4.292598 13.08337  25.97981  36.226673],[8.262808 8.220556 8.172851 8.122746],[0.31921414 0.3430137  0.38049564 0.43019468],[8.279626 8.265633 8.254636 8.245803],[0.3149234  0.33140603 0.3475315  0.37491977]
DDK8,D,1e-07,1,False,False,TDD,phase,20.0,[0.00159194 0.00189179 0.0022859  0.00245975],[0.00062809 0.00065355 0.00084338 0.00098142],[0.4744468  0.56583935 0.68404144 0.7355537 ],[0.18497764 0.19450824 0.25393182 0.29448986],[8.306779  8.3067465 8.306576  8.3065605],[0.04592853 0.04710451 0.04841818 0.04982322],[8.30858  8.308749 8.308917 8.309082],[0.04570846 0.04691132 0.04821616 0.04961289]
DDK8,D,1e-07,10,False,False,TDD,phase,20.0,[0.00391218 0.00680316 0.01096832 0.01690511],[0.00141629 0.00316524 0.00590264 0.01026552],[1.1620444 2.004348  3.216689  4.9562793],[0.43242157 0.9291927  1.7102821  2.9692616 ],[8.298027 8.295288 8.291485 8.286558],[0.14440896 0.16335045 0.18228322 0.20090728],[8.302197 8.302738 8.303449 8.304353],[0.14413556 0.16243479 0.18018848 0.19722274]
DDK8,D,1e-07,30,False,False,TDD,phase,20.0,[0.01441216 0.035724   0.06419219 0.10297637],[0.00907302 0.02895101 0.05515284 0.09597208],[ 4.28886  10.621077 18.87498  29.91454 ],[ 2.7137356  9.164695  16.153893  25.363094 ],[8.29234  8.274766 8.252185 8.223932],[0.29173324 0.32272682 0.35614336 0.39720118],[8.307436 8.310596 8.312113 8.31137 ],[0.28931206 0.31602684 0.33770058 0.35521185]
DDK8,D,3e-07,1,False,False,TDD,phase,20.0,[0.00316315 0.00336124 0.00399259 0.00413109],[0.00149445 0.00151025 0.0017084  0.00182669],[0.9339993  0.99638045 1.1827693  1.2227794 ],[0.43855637 0.44366133 0.5020884  0.53756905],[8.300836 8.300704 8.300157 8.299994],[0.02177941 0.02326432 0.02495924 0.02672539],[8.304571 8.304598 8.304624 8.304644],[0.02125929 0.02278931 0.02444145 0.02619203]
DDK8,D,3e-07,10,False,False,TDD,phase,20.0,[0.00630853 0.00921323 0.01326637 0.01816774],[0.00274044 0.00435333 0.00639609 0.00893531],[1.8548012 2.7068179 3.899093  5.3573318],[0.80742216 1.2602762  1.826709   2.5672739 ],[8.285031  8.281683  8.2776165 8.273622 ],[0.13641863 0.15565623 0.17499377 0.19419703],[8.291802 8.291453 8.291422 8.291797],[0.13622427 0.15536554 0.17447104 0.193445  ]
DDK8,D,3e-07,30,False,False,TDD,phase,20.0,[0.01455357 0.02906628 0.04957209 0.07531036],[0.0075587  0.02026911 0.03717986 0.05274127],[ 4.2826114  8.442574  14.468681  22.078394 ],[ 2.0949767  5.506561  10.924235  15.637243 ],[8.299806 8.27966  8.254587 8.228489],[0.2600888  0.29218215 0.32774067 0.35849816],[8.314291 8.305841 8.296564 8.287483],[0.25759736 0.28634158 0.31637365 0.34177953]
DDK8,A,3e-08,1,False,False,TDD,phase,25.0,[0.00334078 0.00356005 0.00461696 0.00571181],[0.00134739 0.00164737 0.00240768 0.00415443],[0.84535927 0.8721     1.0740665  1.2268002 ],[0.21558379 0.23356271 0.26570278 0.347567  ],[8.330289 8.328935 8.327452 8.325859],[0.19010746 0.19469051 0.19961885 0.20488763],[8.330993 8.329849 8.328677 8.327478],[0.19007084 0.19461922 0.19951843 0.20474008]
DDK8,A,3e-08,10,False,False,TDD,phase,25.0,[0.01733977 0.05079983 0.09898624 0.16064744],[0.01994967 0.06605434 0.12225702 0.24130288],[ 2.205392   6.0267787 12.958745  23.438992 ],[ 0.98003817  3.988534   10.065096   19.705122  ],[8.196194 8.179321 8.152923 8.119245],[0.5513134  0.6152995  0.6813643  0.75024825],[8.202797 8.202787 8.20477  8.210616],[0.5486622  0.603959   0.65337497 0.69756156]
DDK8,A,3e-08,30,False,False,TDD,phase,25.0,[0.12411185 0.2812915  0.4340078  0.60643995],[0.1692951  0.4264139  0.39626455 0.41862592],[ 10.572994  31.380701  72.34721  122.00372 ],[  6.848037  29.915232  71.696144 117.31861 ],[7.8750286 7.7866488 7.5916424 7.2969704],[0.9811071 1.0686764 1.2071933 1.4329784],[7.9305916 7.937528  7.938669  7.9467754],[0.94080913 0.97129947 1.0151565  1.0446168 ]
DDK8,A,1e-07,1,False,False,TDD,phase,25.0,[0.01080214 0.0104506  0.01140928 0.01190037],[0.00123113 0.00110509 0.00151887 0.00219989],[3.1734993 3.0757859 3.2019951 3.2225606],[1.0896221 1.0661108 1.0682184 1.035595 ],[8.258906 8.25968  8.260102 8.260491],[0.51537967 0.5157366  0.51655495 0.5176409 ],[8.262489 8.263346 8.264196 8.265036],[0.5146195  0.5150341  0.5156064  0.51633507]
DDK8,A,1e-07,10,False,False,TDD,phase,25.0,[0.02224257 0.04457259 0.07839914 0.11209926],[0.0113656  0.03569324 0.09490404 0.08962912],[ 4.5434785  7.689131  12.860815  21.776596 ],[ 1.5979037  3.831548   8.007357  17.09977  ],[8.133671 8.120731 8.099981 8.070297],[0.6268016  0.6749769  0.7275682  0.78219503],[8.144523 8.146372 8.146507 8.145758],[0.6222944 0.6648694 0.7096781 0.7541992]
DDK8,A,1e-07,30,False,False,TDD,phase,25.0,[0.08964338 0.2859178  0.42314342 0.6268274 ],[0.09056443 0.9284869  0.522251   0.46858668],[ 13.010934  35.366833  75.76891  127.548676],[  7.575666  35.936348  80.29035  123.90038 ],[8.018979  7.898396  7.64158   7.2272573],[1.0005285 1.0973443 1.2608815 1.4572105],[8.072836  8.0405245 7.9876432 7.931781 ],[0.9680374 1.0242085 1.0625325 1.0865595]
DDK8,A,3e-07,1,False,False,TDD,phase,25.0,[0.00540728 0.00543152 0.00580578 0.00617219],[0.00315215 0.0030718  0.00311132 0.00321998],[1.4750253 1.4730169 1.5738797 1.6382675],[0.9487937  0.92471623 0.9480024  0.9607483 ],[8.208697 8.210019 8.210945 8.2119  ],[0.35374007 0.35481226 0.35613734 0.3575025 ],[8.213685 8.214922 8.216152 8.217376],[0.35320455 0.35431996 0.3555505  0.35689354]
DDK8,A,3e-07,10,False,False,TDD,phase,25.0,[0.01336668 0.02849364 0.05097768 0.08503322],[0.00707312 0.01851129 0.03614278 0.06740239],[ 2.9021502  5.6030316  9.947601  17.153381 ],[ 1.5302347  3.0853527  6.4594755 12.99067  ],[8.159349 8.147994 8.130189 8.10526 ],[0.62111723 0.67309505 0.72491544 0.7765604 ],[8.171758 8.174995 8.178912 8.18387 ],[0.61714435 0.66222095 0.70273554 0.73701555]
DDK8,A,3e-07,30,False,False,TDD,phase,25.0,[0.04998237 0.12814015 0.27601537 0.45223582],[0.041581   0.1218969  0.23808396 0.36505938],[  8.362571  24.186714  59.04122  107.893845],[  4.728407  24.505545  63.238712 108.3327  ],[7.997843  7.9433455 7.7984924 7.520996 ],[0.9324409 1.0092398 1.1609554 1.4185658],[8.039328 8.043646 8.03752  8.038265],[0.90889144 0.95316565 1.0154774  1.050955  ]
DDK8,C,3e-08,1,False,False,TDD,phase,25.0,[0.00561953 0.0060405  0.0081506  0.01047726],[0.0019768  0.00248314 0.00418719 0.00675821],[1.0971779 1.1329067 1.3698999 1.6246659],[0.24812193 0.2475812  0.28436035 0.3976935 ],[8.318373  8.3189335 8.3191    8.319134 ],[0.13165142 0.13409103 0.13696359 0.14013557],[8.320241 8.321053 8.321877 8.322711],[0.1314964  0.13392694 0.13672413 0.13986447]
DDK8,C,3e-08,10,False,False,TDD,phase,25.0,[0.02749736 0.09834933 0.20516779 0.31355366],[0.02934591 0.12920254 0.23703852 0.289951  ],[ 3.3105829 11.790074  29.888203  57.63805  ],[ 1.9965845 11.333809  30.146725  55.3397   ],[8.202126 8.149124 8.062847 7.92297 ],[0.43947226 0.49680683 0.59422207 0.7455923 ],[8.214156 8.200949 8.206897 8.228696],[0.43586653 0.47545165 0.5107417  0.53240734]
DDK8,C,3e-08,30,False,False,TDD,phase,25.0,[0.26459077 0.673691   0.7893143  0.9474158 ],[0.2881054  0.66294444 0.43686694 0.52122813],[ 44.582474 123.56347  175.15996  211.84297 ],[ 44.520466 107.814514 120.07066  125.106155],[8.046412  7.4689484 6.922038  6.4072175],[0.7021637 1.0739199 1.3932651 1.5189489],[8.26459   8.2423935 8.200481  8.146262 ],[0.59722245 0.63432664 0.6843038  0.7340101 ]
DDK8,C,1e-07,1,False,False,TDD,phase,25.0,[0.00881193 0.00874003 0.00965183 0.01030452],[0.00171489 0.00171716 0.00200498 0.00254175],[2.4152822 2.382424  2.5429144 2.6548777],[0.43420234 0.43770486 0.44912967 0.51029795],[8.279252  8.278303  8.2765875 8.275194 ],[0.20137678 0.2035377  0.20602071 0.20866403],[8.287666  8.286729  8.285783  8.2848215],[0.20094848 0.20314613 0.20554835 0.20814276]
DDK8,C,1e-07,10,False,False,TDD,phase,25.0,[0.02238133 0.05837256 0.12660229 0.2238574 ],[0.01104071 0.04535679 0.10202053 0.17278105],[ 5.1148915 13.116546  30.371492  57.01737  ],[ 2.5672023 12.828903  34.703243  63.103806 ],[8.208757 8.173344 8.096789 7.967015],[0.40763193 0.44703662 0.4873205  0.54966295],[8.228059 8.225114 8.221141 8.218307],[0.4063242  0.44373652 0.4743657  0.49637356]
DDK8,C,1e-07,30,False,False,TDD,phase,25.0,[0.1719308  0.4001642  0.59400564 0.71908224],[0.14961842 0.26058713 0.3110852  0.27479935],[ 35.06649  96.68665 150.53468 196.73401],[ 30.932676  83.42138  110.538895 129.17921 ],[8.036872 7.62166  7.198796 6.792503],[0.6271973  0.89813435 1.1034031  1.1846312 ],[8.210542 8.202722 8.19268  8.180748],[0.5592177  0.55600965 0.5821842  0.64674735]
DDK8,C,3e-07,1,False,False,TDD,phase,25.0,[0.00929501 0.00930431 0.00977359 0.01051713],[0.00151751 0.00150918 0.00166766 0.00203857],[2.7902024 2.8017135 2.9225464 3.1006024],[0.51862633 0.5182384  0.54669917 0.6020959 ],[8.30473  8.304556 8.3041   8.30331 ],[0.12797573 0.12920658 0.13077947 0.13266996],[8.30922  8.309395 8.309544 8.309666],[0.12782563 0.12907478 0.13059264 0.132371  ]
DDK8,C,3e-07,10,False,False,TDD,phase,25.0,[0.01905258 0.03892259 0.07721828 0.13850445],[0.00766519 0.02672413 0.05914163 0.10552365],[ 5.101161 10.048752 20.13883  37.022778],[ 1.7243501  6.1704082 15.569363  30.722565 ],[8.235882 8.205023 8.153013 8.069229],[0.34032974 0.37873474 0.42018077 0.47312078],[8.250104 8.243475 8.238306 8.233626],[0.33855358 0.37196392 0.40309045 0.43264046]
DDK8,C,3e-07,30,False,False,TDD,phase,25.0,[0.12451189 0.3185372  0.46921405 0.589494  ],[0.1135229  0.2468926  0.28395915 0.25871563],[ 29.435877  81.41628  129.61815  174.85164 ],[ 24.966124  61.033474  81.023346 101.773384],[8.100266  7.7750154 7.50298   7.2115016],[0.6004588 0.9225463 1.1091204 1.1996602],[8.243394  8.2595005 8.280929  8.2970915],[0.5275148  0.56576973 0.5995795  0.6289665 ]
DDK8,D,3e-08,1,False,False,TDD,phase,25.0,[0.00109545 0.00135376 0.00170496 0.00192644],[0.00054058 0.00067085 0.0008843  0.00101182],[0.3115321  0.3849386  0.48524788 0.5457906 ],[0.13275553 0.15989673 0.21557868 0.24476299],[8.313406 8.313154 8.312778 8.312528],[0.16908333 0.1694394  0.1698689  0.1703387 ],[8.314398 8.314319 8.314234 8.314145],[0.1689577  0.1692839  0.16965668 0.17007592]
DDK8,D,3e-08,10,False,False,TDD,phase,25.0,[0.00314215 0.00624626 0.01137045 0.01899936],[0.00157227 0.00373615 0.00774828 0.01415659],[0.92224807 1.8447747  3.3735049  5.6842656 ],[0.47094408 1.1480228  2.3505738  4.305771  ],[8.313308 8.310999 8.307687 8.303766],[0.22082002 0.23014726 0.23981498 0.24963908],[8.316226 8.317209 8.319232 8.322231],[0.22064124 0.22971565 0.23861213 0.24789669]
DDK8,D,3e-08,30,False,False,TDD,phase,25.0,[0.01632603 0.04339894 0.08151808 0.12621303],[0.01608112 0.04373109 0.08956941 0.12196013],[ 4.5146117 12.188107  22.655756  35.60109  ],[ 4.326093 13.203665 26.124947 36.425743],[8.26328  8.220828 8.17317  8.123009],[0.3192763  0.34328157 0.38087967 0.43038407],[8.279626 8.265633 8.254636 8.245803],[0.3149234  0.33140603 0.3475315  0.37491977]
DDK8,D,1e-07,1,False,False,TDD,phase,25.0,[0.00142751 0.00171089 0.00216991 0.00236459],[0.00062434 0.0006621  0.00086049 0.00099438],[0.42577186 0.5123518  0.6498506  0.7072569 ],[0.18380159 0.19637099 0.25824755 0.2968103 ],[8.30706  8.307119 8.306904 8.306884],[0.04594116 0.04712085 0.04844023 0.04984538],[8.30858  8.308749 8.308917 8.309082],[0.04570846 0.04691132 0.04821616 0.04961289]
DDK8,D,1e-07,10,False,False,TDD,phase,25.0,[0.00346074 0.00612809 0.01030118 0.0162506 ],[0.00135452 0.0030904  0.00579064 0.01020766],[1.0276885 1.8019115 3.0136971 4.7522717],[0.40971977 0.90307623 1.6690943  2.9358141 ],[8.298714 8.296238 8.292431 8.28747 ],[0.14441575 0.16335815 0.18231496 0.2010297 ],[8.302197 8.302738 8.303449 8.304353],[0.14413556 0.16243479 0.18018848 0.19722274]
DDK8,D,1e-07,30,False,False,TDD,phase,25.0,[0.01399383 0.03522739 0.06361109 0.10249454],[0.00909527 0.02898786 0.05488968 0.09581973],[ 4.170833 10.473838 18.705637 29.769678],[ 2.7245753  9.15802   16.081942  25.35619  ],[8.292957 8.275308 8.253005 8.224683],[0.29164055 0.32260665 0.3555785  0.39639124],[8.307436 8.310596 8.312113 8.31137 ],[0.28931206 0.31602684 0.33770058 0.35521185]
DDK8,D,3e-07,1,False,False,TDD,phase,25.0,[0.00300479 0.00316284 0.00389279 0.00403514],[0.00147353 0.00147215 0.00167178 0.00177513],[0.8870432  0.93750817 1.1529189  1.1940047 ],[0.43221462 0.43204996 0.49118465 0.5223157 ],[8.30109  8.30108  8.300453 8.30031 ],[0.02178234 0.02326134 0.0249525  0.02670952],[8.304571 8.304598 8.304624 8.304644],[0.02125929 0.02278931 0.02444145 0.02619203]
DDK8,D,3e-07,10,False,False,TDD,phase,25.0,[0.00571027 0.00836762 0.01235299 0.01721811],[0.00266244 0.00423857 0.00621276 0.00879127],[1.6801796 2.4593933 3.6305285 5.0749288],[0.78894573 1.2293669  1.7790408  2.530506  ],[8.285835 8.282792 8.27881  8.274858],[0.13639097 0.1555891  0.17493002 0.19414166],[8.291802 8.291453 8.291422 8.291797],[0.13622427 0.15536554 0.17447104 0.193445  ]
DDK8,D,3e-07,30,False,False,TDD,phase,25.0,[0.01394424 0.02826339 0.04889287 0.07472676],[0.00740644 0.01994995 0.037258   0.05312293],[ 4.1065416  8.206573  14.243343  21.878014 ],[ 2.0812495  5.4321475 10.858466  15.613194 ],[8.300667  8.280641  8.2554655 8.229293 ],[0.25994033 0.291996   0.32759416 0.35858306],[8.314291 8.305841 8.296564 8.287483],[0.25759736 0.28634158 0.31637365 0.34177953]
DDK8,A,3e-08,1,False,False,TDD,burst,10.0,[0.00864311 0.01020473 0.01176229 0.01356514],[0.00656846 0.00811506 0.01005767 0.0122258 ],[1.6413279 1.8514171 2.0551941 2.3186393],[0.3920435  0.51621926 0.5405815  0.6064023 ],[8.327604 8.325625 8.323891 8.322038],[0.19042857 0.19516544 0.20010383 0.20540623],[8.330993 8.329849 8.328677 8.327478],[0.19007084 0.19461922 0.19951843 0.20474008]
DDK8,A,3e-08,10,False,False,TDD,burst,10.0,[0.02917952 0.06517339 0.11201201 0.16250849],[0.03444148 0.07669184 0.12515229 0.18675593],[ 3.8208098  8.289584  15.477587  26.202158 ],[ 1.391405   4.4013114 10.36829   19.71325  ],[8.191007 8.171768 8.142619 8.105927],[0.55311185 0.6182301  0.685933   0.75512666],[8.202797 8.202787 8.20477  8.210616],[0.5486622  0.603959   0.65337497 0.69756156]
DDK8,A,3e-08,30,False,False,TDD,burst,10.0,[0.14063124 0.3041159  0.45001784 0.62296885],[0.18290044 0.47110796 0.38748682 0.4159495 ],[ 12.534898  33.898514  75.06224  124.836876],[  7.430391  30.295713  71.93747  117.25996 ],[7.867989  7.7763453 7.5784483 7.2785892],[0.9856422 1.0739316 1.2069794 1.4341182],[7.9305916 7.937528  7.938669  7.9467754],[0.94080913 0.97129947 1.0151565  1.0446168 ]
DDK8,A,1e-07,1,False,False,TDD,burst,10.0,[0.01693612 0.01793934 0.01913794 0.02044918],[0.00457202 0.00525368 0.00592087 0.00695067],[4.1578016 4.295646  4.4755993 4.6508803],[1.2964362 1.3480214 1.3820343 1.3763261],[8.254116 8.254101 8.254204 8.254419],[0.5164413  0.5169169  0.51768357 0.518702  ],[8.262489 8.263346 8.264196 8.265036],[0.5146195  0.5150341  0.5156064  0.51633507]
DDK8,A,1e-07,10,False,False,TDD,burst,10.0,[0.0382335  0.06705368 0.10350544 0.13888657],[0.02516351 0.05527047 0.11559593 0.10152122],[ 6.830336 10.982853 17.110723 27.003138],[ 2.2837417  4.819224   9.623595  19.167675 ],[8.122851 8.105566 8.081446 8.047967],[0.6309044  0.68100506 0.73526067 0.79120356],[8.144523 8.146372 8.146507 8.145758],[0.6222944 0.6648694 0.7096781 0.7541992]
DDK8,A,1e-07,30,False,False,TDD,burst,10.0,[0.10976748 0.32305065 0.45832977 0.6444621 ],[0.10641456 1.0411757  0.5395331  0.44867364],[ 16.294266  40.300533  81.44038  132.68414 ],[  8.570147  37.746525  81.12111  123.80195 ],[8.004408  7.874402  7.6105103 7.198894 ],[1.0084144 1.1128864 1.2737923 1.4517912],[8.072836  8.0405245 7.9876432 7.931781 ],[0.9680374 1.0242085 1.0625325 1.0865595]
DDK8,A,3e-07,1,False,False,TDD,burst,10.0,[0.0097259  0.01032343 0.01100866 0.01145319],[0.00475612 0.00497217 0.00519791 0.00515928],[2.3594139 2.478392  2.6390545 2.7163029],[1.153313  1.1725602 1.2141083 1.1946551],[8.203853 8.204584 8.205037 8.205874],[0.35546198 0.35667259 0.35818908 0.35951057],[8.213685 8.214922 8.216152 8.217376],[0.35320455 0.35431996 0.3555505  0.35689354]
DDK8,A,3e-07,10,False,False,TDD,burst,10.0,[0.02415659 0.04433719 0.07166774 0.11077826],[0.01380568 0.02875691 0.04807499 0.08096074],[ 4.7529173  8.333324  13.777962  22.291807 ],[ 2.1570983  3.9446006  7.6678686 14.67602  ],[8.148602 8.133101 8.111    8.081413],[0.62572265 0.6799663  0.73499924 0.789613  ],[8.171758 8.174995 8.178912 8.18387 ],[0.61714435 0.66222095 0.70273554 0.73701555]
DDK8,A,3e-07,30,False,False,TDD,burst,10.0,[0.06454304 0.15594934 0.31324846 0.48894918],[0.04958192 0.13906364 0.2624942  0.38037163],[ 10.742903  29.037865  66.16896  115.917786],[  5.1880894  26.514736   65.22461   110.363655 ],[7.983666  7.915745  7.75664   7.4560814],[0.940986  1.0306122 1.1954767 1.4674345],[8.039328 8.043646 8.03752  8.038265],[0.90889144 0.95316565 1.0154774  1.050955  ]
DDK8,C,3e-08,1,False,False,TDD,burst,10.0,[0.01338997 0.016402   0.01878686 0.02285601],[0.00657459 0.00995174 0.0106223  0.01416032],[1.9006788 2.1487947 2.412041  2.8052704],[0.43678418 0.5727172  0.6148272  0.72400266],[8.315315 8.314973 8.314869 8.314343],[0.1321361  0.13477272 0.13768284 0.1409424 ],[8.320241 8.321053 8.321877 8.322711],[0.1314964  0.13392694 0.13672413 0.13986447]
DDK8,C,3e-08,10,False,False,TDD,burst,10.0,[0.04320841 0.12048759 0.23178266 0.34242198],[0.03463881 0.13286856 0.2561093  0.3087843 ],[ 5.1490235 14.3805065 32.499405  60.188354 ],[ 2.3488727 11.572447  29.521254  53.827953 ],[8.195353  8.138328  8.048885  7.9055386],[0.4413075  0.50060767 0.59969676 0.7481278 ],[8.214156 8.200949 8.206897 8.228696],[0.43586653 0.47545165 0.5107417  0.53240734]
DDK8,C,3e-08,30,False,False,TDD,burst,10.0,[0.27695513 0.6848051  0.79244787 0.94963944],[0.28704473 0.6547819  0.4180417  0.5022658 ],[ 46.80746 126.2087  177.67151 214.00493],[ 44.084114 107.84616  120.9139   125.12124 ],[8.03878   7.452639  6.895899  6.3843255],[0.70869106 1.0893166  1.4035623  1.5137899 ],[8.26459   8.2423935 8.200481  8.146262 ],[0.59722245 0.63432664 0.6843038  0.7340101 ]
DDK8,C,1e-07,1,False,False,TDD,burst,10.0,[0.01436671 0.01554618 0.01679831 0.01855192],[0.00420324 0.00521838 0.00570592 0.00662579],[3.3267503 3.4957604 3.7248707 4.0357275],[0.69059104 0.79148215 0.83707803 0.91835284],[8.274738 8.272908 8.270895 8.268698],[0.20116575 0.20324494 0.20568252 0.20845975],[8.287666  8.286729  8.285783  8.2848215],[0.20094848 0.20314613 0.20554835 0.20814276]
DDK8,C,1e-07,10,False,False,TDD,burst,10.0,[0.03537865 0.07790232 0.1512795  0.2526407 ],[0.01468777 0.04850427 0.10391576 0.17424926],[ 7.550838 16.95735  35.595795 63.244484],[ 3.1727574 13.466994  34.689453  62.6239   ],[8.19727  8.155827 8.071936 7.93207 ],[0.41041666 0.4517522  0.49504742 0.5611342 ],[8.228059 8.225114 8.221141 8.218307],[0.4063242  0.44373652 0.4743657  0.49637356]
DDK8,C,1e-07,30,False,False,TDD,burst,10.0,[0.18539242 0.4133305  0.6058401  0.73373586],[0.14930438 0.25502923 0.29752755 0.2653285 ],[ 38.079365 100.17889  154.13486  200.64954 ],[ 31.132212  83.484604 110.23512  129.11046 ],[8.021371  7.600257  7.1638975 6.7485094],[0.6321256  0.90375787 1.1092056  1.1744548 ],[8.210542 8.202722 8.19268  8.180748],[0.5592177  0.55600965 0.5821842  0.64674735]
DDK8,C,3e-07,1,False,False,TDD,burst,10.0,[0.01405462 0.01488299 0.01613766 0.0173076 ],[0.00327282 0.00372135 0.00432389 0.00485198],[3.9317408 4.129473  4.4385524 4.6976337],[0.7884909 0.8720882 0.9938485 1.0842289],[8.299455 8.298716 8.297309 8.295969],[0.12884507 0.1301702  0.13181274 0.1336533 ],[8.30922  8.309395 8.309544 8.309666],[0.12782563 0.12907478 0.13059264 0.132371  ]
DDK8,C,3e-07,10,False,False,TDD,burst,10.0,[0.02992883 0.05649708 0.10203071 0.16829892],[0.01110561 0.03188965 0.06588871 0.11097504],[ 7.7033525 14.263468  26.21529   44.537113 ],[ 2.6164687  7.5418453 17.406454  31.94493  ],[8.223112 8.183555 8.121414 8.025402],[0.34128466 0.38104838 0.42509535 0.48418412],[8.250104 8.243475 8.238306 8.233626],[0.33855358 0.37196392 0.40309045 0.43264046]
DDK8,C,3e-07,30,False,False,TDD,burst,10.0,[0.13808377 0.33542824 0.49145162 0.6091325 ],[0.11472196 0.24589221 0.2801518  0.25109982],[ 32.676815  85.861336 136.05577  181.00314 ],[ 25.23863   60.913883  80.824875 101.52225 ],[8.082263  7.7425933 7.4500647 7.1475925],[0.6056007 0.9382512 1.1261815 1.2257034],[8.243394  8.2595005 8.280929  8.2970915],[0.5275148  0.56576973 0.5995795  0.6289665 ]
DDK8,D,3e-08,1,False,False,TDD,burst,10.0,[0.00337312 0.00424012 0.00454405 0.00495419],[0.00141918 0.00228152 0.00229786 0.00249366],[0.9670742 1.2182397 1.3066064 1.4253929],[0.36994427 0.626279   0.617821   0.66196585],[8.310541 8.309378 8.309003 8.308441],[0.16936307 0.16979106 0.17026797 0.17082639],[8.314398 8.314319 8.314234 8.314145],[0.1689577  0.1692839  0.16965668 0.17007592]
DDK8,D,3e-08,10,False,False,TDD,burst,10.0,[0.00637649 0.01079888 0.01697128 0.02587048],[0.00270951 0.00504527 0.00909185 0.01607295],[1.8615177 3.161386  4.984448  7.646604 ],[0.77462536 1.4723758  2.6280642  4.6690784 ],[8.309306 8.305356 8.300625 8.294721],[0.2212406  0.23096344 0.24090636 0.2512674 ],[8.316226 8.317209 8.319232 8.322231],[0.22064124 0.22971565 0.23861213 0.24789669]
DDK8,D,3e-08,30,False,False,TDD,burst,10.0,[0.02005232 0.04782211 0.08706579 0.13255414],[0.01714249 0.04571036 0.09183923 0.12219983],[ 5.5676384 13.459208  24.163258  37.169357 ],[ 4.5792985 13.7771015 26.503141  36.17902  ],[8.2584715 8.215435  8.166649  8.114864 ],[0.32015854 0.34343493 0.3811507  0.43224406],[8.279626 8.265633 8.254636 8.245803],[0.3149234  0.33140603 0.3475315  0.37491977]
DDK8,D,1e-07,1,False,False,TDD,burst,10.0,[0.00362105 0.00438386 0.00476355 0.00516042],[0.00128436 0.00184152 0.00184717 0.00191582],[1.0730203 1.3013948 1.4154054 1.5336958],[0.37805095 0.5459227  0.5511987  0.5725289 ],[8.304184 8.303518 8.303302 8.302977],[0.04609321 0.04729712 0.04859732 0.0500075 ],[8.30858  8.308749 8.308917 8.309082],[0.04570846 0.04691132 0.04821616 0.04961289]
DDK8,D,1e-07,10,False,False,TDD,burst,10.0,[0.0076541  0.01178764 0.01666975 0.02369948],[0.0025575  0.00455499 0.00724043 0.01126782],[2.268701  3.481045  4.9129415 6.986285 ],[0.79149956 1.3278646  2.1263149  3.320639  ],[8.293451 8.289368 8.284672 8.278358],[0.14445974 0.16350333 0.18237382 0.20101267],[8.302197 8.302738 8.303449 8.304353],[0.14413556 0.16243479 0.18018848 0.19722274]
DDK8,D,1e-07,30,False,False,TDD,burst,10.0,[0.01834521 0.04036953 0.06945081 0.1078373 ],[0.00957823 0.02987762 0.05609241 0.09756738],[ 5.3817997 11.897336  20.335733  31.203857 ],[ 2.802008  9.306059 16.152515 25.356396],[8.28721   8.268837  8.244059  8.2144375],[0.2938042  0.3256312  0.35970628 0.40226713],[8.307436 8.310596 8.312113 8.31137 ],[0.28931206 0.31602684 0.33770058 0.35521185]
DDK8,D,3e-07,1,False,False,TDD,burst,10.0,[0.00565637 0.0064251  0.00689374 0.00722208],[0.00207014 0.00245512 0.00248612 0.0026073 ],[1.6678046 1.8978947 2.0375419 2.1346612],[0.6071009  0.7214564  0.73073155 0.76727515],[8.297737 8.296935 8.296483 8.296054],[0.02209062 0.02367984 0.0253009  0.02697177],[8.304571 8.304598 8.304624 8.304644],[0.02125929 0.02278931 0.02444145 0.02619203]
DDK8,D,3e-07,10,False,False,TDD,burst,10.0,[0.01163847 0.01596018 0.02076843 0.02678573],[0.00424914 0.00633534 0.00861687 0.01122654],[3.4058042 4.673855  6.0889373 7.8704815],[1.237748  1.8327758 2.466063  3.1979706],[8.278734  8.273742  8.2685995 8.263128 ],[0.13697673 0.15652163 0.17595026 0.19530505],[8.291802 8.291453 8.291422 8.291797],[0.13622427 0.15536554 0.17447104 0.193445  ]
DDK8,D,3e-07,30,False,False,TDD,burst,10.0,[0.02042804 0.03508718 0.0565113  0.08307219],[0.00939704 0.02095007 0.0381362  0.05352319],[ 5.9820323 10.184231  16.444761  24.270605 ],[ 2.4780004  5.555831  10.852448  15.531975 ],[8.293125 8.2727   8.246461 8.21875 ],[0.26193732 0.29416656 0.33008847 0.36077082],[8.314291 8.305841 8.296564 8.287483],[0.25759736 0.28634158 0.31637365 0.34177953]
DDK8,A,3e-08,1,False,False,TDD,burst,15.0,[0.00535142 0.00603152 0.00698137 0.00823857],[0.00338783 0.00402565 0.00505443 0.0069927 ],[1.1023993 1.1964782 1.3591892 1.53539  ],[0.24914838 0.2798966  0.3188109  0.3774083 ],[8.329284 8.327723 8.326241 8.324628],[0.19022436 0.19486448 0.19979376 0.20508866],[8.330993 8.329849 8.328677 8.327478],[0.19007084 0.19461922 0.19951843 0.20474008]
DDK8,A,3e-08,10,False,False,TDD,burst,15.0,[0.02133986 0.05615913 0.10466297 0.16255724],[0.02230881 0.06599238 0.13065934 0.23036899],[ 2.753826   6.7901435 13.734807  24.354292 ],[ 1.0621604  4.094187  10.085726  19.616043 ],[8.194324  8.1767435 8.150092  8.116019 ],[0.55204386 0.61668336 0.6830642  0.75147   ],[8.202797 8.202787 8.20477  8.210616],[0.5486622  0.603959   0.65337497 0.69756156]
DDK8,A,3e-08,30,False,False,TDD,burst,15.0,[0.1328986  0.2886588  0.43993026 0.6107842 ],[0.18632247 0.4338598  0.39239424 0.41771987],[ 11.355669  32.486526  73.6035   123.1418  ],[  7.0949235  30.110111   72.07093   117.05503  ],[7.8728704 7.784034  7.5875115 7.29483  ],[0.98219496 1.0684361  1.2059587  1.4333837 ],[7.9305916 7.937528  7.938669  7.9467754],[0.94080913 0.97129947 1.0151565  1.0446168 ]
DDK8,A,1e-07,1,False,False,TDD,burst,15.0,[0.01311979 0.01348683 0.01443066 0.01519499],[0.00287849 0.00359881 0.00407782 0.00467164],[3.4638555 3.4648905 3.603507  3.6904757],[1.1201979 1.1164035 1.1367705 1.117847 ],[8.257236 8.257689 8.258029 8.258378],[0.5160684  0.51660186 0.51735073 0.5183474 ],[8.262489 8.263346 8.264196 8.265036],[0.5146195  0.5150341  0.5156064  0.51633507]
DDK8,A,1e-07,10,False,False,TDD,burst,15.0,[0.02785569 0.05219895 0.08766402 0.1202396 ],[0.01535992 0.04217419 0.10869247 0.09404209],[ 5.300492  8.707372 14.130841 23.194874],[ 1.7713678  4.042365   8.318556  17.251766 ],[8.129771 8.115616 8.093861 8.062846],[0.6281972 0.6771002 0.7306564 0.7865424],[8.144523 8.146372 8.146507 8.145758],[0.6222944 0.6648694 0.7096781 0.7541992]
DDK8,A,1e-07,30,False,False,TDD,burst,15.0,[0.09798005 0.28654298 0.4373478  0.6359881 ],[0.0992514 0.8204877 0.5355261 0.4676439],[ 14.086545  37.13715   77.81619  129.39792 ],[  7.8082743  36.53068    80.796745  124.47204  ],[8.013078  7.8868675 7.6251307 7.2102666],[1.0039765 1.1058025 1.2728323 1.4590514],[8.072836  8.0405245 7.9876432 7.931781 ],[0.9680374 1.0242085 1.0625325 1.0865595]
DDK8,A,3e-07,1,False,False,TDD,burst,15.0,[0.00692767 0.00721412 0.00773294 0.00811249],[0.00348973 0.00355995 0.00369909 0.00384937],[1.7880837 1.83786   1.9640204 2.0233173],[1.0081311 1.0100721 1.0414361 1.0439456],[8.207007 8.208096 8.208814 8.209656],[0.35421163 0.35534382 0.35673526 0.35815126],[8.213685 8.214922 8.216152 8.217376],[0.35320455 0.35431996 0.3555505  0.35689354]
DDK8,A,3e-07,10,False,False,TDD,burst,15.0,[0.01736514 0.03399746 0.05792619 0.09336127],[0.00941579 0.02244948 0.04059337 0.07174906],[ 3.5663242  6.5024886 11.188838  18.75125  ],[ 1.7097098  3.331495   6.859685  13.369452 ],[8.155248 8.142771 8.123713 8.097658],[0.6230828  0.67574656 0.7285473  0.7807797 ],[8.171758 8.174995 8.178912 8.18387 ],[0.61714435 0.66222095 0.70273554 0.73701555]
DDK8,A,3e-07,30,False,False,TDD,burst,15.0,[0.05473481 0.13758908 0.2882204  0.4631424 ],[0.04357922 0.12689461 0.24246377 0.3650197 ],[  9.188842  25.92792   61.741768 110.93205 ],[  4.9011817  25.492453   64.10542   109.54838  ],[7.992744  7.9327765 7.78105   7.497129 ],[0.9353191 1.0176777 1.1783403 1.4317366],[8.039328 8.043646 8.03752  8.038265],[0.90889144 0.95316565 1.0154774  1.050955  ]
DDK8,C,3e-08,1,False,False,TDD,burst,15.0,[0.00851056 0.009883   0.01191758 0.0145783 ],[0.00342619 0.0045945  0.00625891 0.00926099],[1.3639929 1.4794159 1.6956367 1.9867635],[0.29187608 0.3290679  0.37019858 0.4892436 ],[8.31726  8.31754  8.317696 8.317644],[0.1318749  0.13434334 0.13721395 0.14037783],[8.320241 8.321053 8.321877 8.322711],[0.1314964  0.13392694 0.13672413 0.13986447]
DDK8,C,3e-08,10,False,False,TDD,burst,15.0,[0.03295561 0.10633466 0.21268362 0.32174945],[0.02882504 0.12918678 0.23452659 0.2913606 ],[ 3.9972146 12.840232  31.040318  58.725353 ],[ 2.1195116 11.444218  30.126568  54.89536  ],[8.199656 8.145298 8.057771 7.91793 ],[0.4403123  0.49805248 0.59603065 0.7434889 ],[8.214156 8.200949 8.206897 8.228696],[0.43586653 0.47545165 0.5107417  0.53240734]
DDK8,C,3e-08,30,False,False,TDD,burst,15.0,[0.26940274 0.6766166  0.7868637  0.94788724],[0.28840515 0.6562886  0.42977685 0.51683766],[ 45.54333  124.611305 175.99294  212.48872 ],[ 44.51824 107.98159 120.60487 124.79499],[8.042776  7.4624815 6.9086456 6.400041 ],[0.7042522 1.0809056 1.4056349 1.521769 ],[8.26459   8.2423935 8.200481  8.146262 ],[0.59722245 0.63432664 0.6843038  0.7340101 ]
DDK8,C,1e-07,1,False,False,TDD,burst,15.0,[0.01078833 0.01125861 0.01221296 0.01325287],[0.00231826 0.00274533 0.00314085 0.00378982],[2.7083917 2.7636294 2.941226  3.128989 ],[0.4624118 0.4916968 0.5281348 0.60988  ],[8.277683 8.276378 8.274576 8.272901],[0.2014938  0.20369719 0.2061394  0.20876294],[8.287666  8.286729  8.285783  8.2848215],[0.20094848 0.20314613 0.20554835 0.20814276]
DDK8,C,1e-07,10,False,False,TDD,burst,15.0,[0.02672002 0.0645306  0.13437624 0.23272528],[0.01264203 0.04706291 0.10291108 0.17389286],[ 5.8982677 14.260815  31.902483  58.735794 ],[ 2.912103 13.28921  35.071854 63.167995],[8.204979  8.167912  8.089653  7.9577317],[0.40827134 0.4478512  0.48797452 0.550917  ],[8.228059 8.225114 8.221141 8.218307],[0.4063242  0.44373652 0.4743657  0.49637356]
DDK8,C,1e-07,30,False,False,TDD,burst,15.0,[0.17639643 0.40431267 0.59925264 0.7231874 ],[0.14847007 0.25847337 0.3112089  0.27182004],[ 35.96175  97.74334 151.72993 198.09152],[ 30.785862  83.33534  110.83404  129.78867 ],[8.031934  7.6160316 7.1923757 6.778842 ],[0.62967247 0.90362334 1.098859   1.1872073 ],[8.210542 8.202722 8.19268  8.180748],[0.5592177  0.55600965 0.5821842  0.64674735]
DDK8,C,3e-07,1,False,False,TDD,burst,15.0,[0.01058023 0.01099876 0.01182143 0.01276267],[0.00182734 0.0019896  0.00236029 0.00290481],[3.0936303 3.2001703 3.3998559 3.6087887],[0.5498693  0.56956226 0.62000227 0.70234   ],[8.303283 8.302928 8.302119 8.301075],[0.12818348 0.12945697 0.13112667 0.1330936 ],[8.30922  8.309395 8.309544 8.309666],[0.12782563 0.12907478 0.13059264 0.132371  ]
DDK8,C,3e-07,10,False,False,TDD,burst,15.0,[0.02329322 0.04593382 0.08733293 0.15074696],[0.00886229 0.02872838 0.06152223 0.10742037],[ 6.080952 11.660807 22.514816 40.0007  ],[ 1.8914342  6.414793  15.842438  30.830647 ],[8.230853 8.196352 8.139973 8.051281],[0.34159252 0.3812349  0.4242789  0.47917217],[8.250104 8.243475 8.238306 8.233626],[0.33855358 0.37196392 0.40309045 0.43264046]
DDK8,C,3e-07,30,False,False,TDD,burst,15.0,[0.12861599 0.32295612 0.47726616 0.5953302 ],[0.11351689 0.24617    0.28556153 0.25716385],[ 30.344732  82.60706  131.68326  176.63373 ],[ 24.974218  60.91186   81.443184 101.71649 ],[8.09495   7.7648296 7.4881697 7.19263  ],[0.60224754 0.93015635 1.1083372  1.2028242 ],[8.243394  8.2595005 8.280929  8.2970915],[0.5275148  0.56576973 0.5995795  0.6289665 ]
DDK8,D,3e-08,1,False,False,TDD,burst,15.0,[0.00179027 0.00214146 0.00242641 0.00264928],[0.00080564 0.00105585 0.00122339 0.00136398],[0.50862443 0.60743326 0.68983024 0.7536573 ],[0.20058067 0.26265016 0.30202332 0.33591098],[8.312514 8.312087 8.311751 8.311409],[0.1692339  0.16962166 0.17003272 0.17052414],[8.314398 8.314319 8.314234 8.314145],[0.1689577  0.1692839  0.16965668 0.17007592]
DDK8,D,3e-08,10,False,False,TDD,burst,15.0,[0.00439288 0.00795144 0.01308798 0.02087894],[0.00200696 0.00434704 0.00844359 0.01504963],[1.2749926 2.3253498 3.856206  6.1994514],[0.55165136 1.2679831  2.4805784  4.4391065 ],[8.311673  8.308808  8.3053055 8.300996 ],[0.22121565 0.23083113 0.24053617 0.250715  ],[8.316226 8.317209 8.319232 8.322231],[0.22064124 0.22971565 0.23861213 0.24789669]
DDK8,D,3e-08,30,False,False,TDD,burst,15.0,[0.01767895 0.04434175 0.08263069 0.12793933],[0.0164359  0.04314177 0.08866187 0.12122554],[ 4.8854856 12.448139  22.94001   36.061836 ],[ 4.375645 13.025991 25.839611 36.23688 ],[8.261407  8.219505  8.171445  8.1206455],[0.31992343 0.34339175 0.38105392 0.43015411],[8.279626 8.265633 8.254636 8.245803],[0.3149234  0.33140603 0.3475315  0.37491977]
DDK8,D,1e-07,1,False,False,TDD,burst,15.0,[0.00214277 0.00262093 0.00299272 0.0032056 ],[0.00080077 0.00097769 0.00108191 0.00114857],[0.63555914 0.77922136 0.8910138  0.9546489 ],[0.23245074 0.2853101  0.31864825 0.3400675 ],[8.3060665 8.305841  8.305678  8.305602 ],[0.04602824 0.04723326 0.04854015 0.04992159],[8.30858  8.308749 8.308917 8.309082],[0.04570846 0.04691132 0.04821616 0.04961289]
DDK8,D,1e-07,10,False,False,TDD,burst,15.0,[0.00511886 0.00837664 0.01257959 0.01866706],[0.00179432 0.00350129 0.00609907 0.01021171],[1.5150393 2.465007  3.6898742 5.471811 ],[0.54543805 1.0255479  1.7684431  2.9396539 ],[8.2965555 8.293349  8.289441  8.284255 ],[0.14449959 0.1635535  0.18241614 0.20113514],[8.302197 8.302738 8.303449 8.304353],[0.14413556 0.16243479 0.18018848 0.19722274]
DDK8,D,1e-07,30,False,False,TDD,burst,15.0,[0.01561023 0.0368774  0.06535114 0.10383934],[0.00882964 0.02880197 0.05453932 0.09522836],[ 4.632807 10.95325  19.209753 30.139597],[ 2.6605616  9.130686  15.928498  24.917885 ],[8.290851 8.273252 8.250363 8.221846],[0.2921318  0.3233666  0.35634777 0.39726934],[8.307436 8.310596 8.312113 8.31137 ],[0.28931206 0.31602684 0.33770058 0.35521185]
DDK8,D,3e-07,1,False,False,TDD,burst,15.0,[0.00383272 0.00428915 0.004826   0.00500813],[0.00168212 0.00181385 0.0019769  0.00210564],[1.1312219 1.2696147 1.4289713 1.4817585],[0.49366233 0.5336104  0.5820138  0.6194159 ],[8.299967 8.299625 8.299146 8.298916],[0.02194461 0.02348614 0.02516638 0.02696325],[8.304571 8.304598 8.304624 8.304644],[0.02125929 0.02278931 0.02444145 0.02619203]
DDK8,D,3e-07,10,False,False,TDD,burst,15.0,[0.00811148 0.01141976 0.01566923 0.02079384],[0.00327829 0.00498489 0.00711476 0.00965478],[2.3769712 3.346608  4.5947905 6.1160693],[0.9464064 1.4314394 2.0217633 2.7648773],[8.282865 8.279068 8.274685 8.270372],[0.13672268 0.15600334 0.17540959 0.1945041 ],[8.291802 8.291453 8.291422 8.291797],[0.13622427 0.15536554 0.17447104 0.193445  ]
DDK8,D,3e-07,30,False,False,TDD,burst,15.0,[0.016544   0.03111945 0.05185415 0.07760216],[0.00812395 0.02086994 0.0375064  0.0530583 ],[ 4.8497243  9.034765  15.128466  22.72649  ],[ 2.178689   5.5491014 10.902174  15.556596 ],[8.297529 8.27744  8.25184  8.225771],[0.26084983 0.29295376 0.32864943 0.35895365],[8.314291 8.305841 8.296564 8.287483],[0.25759736 0.28634158 0.31637365 0.34177953]
DDK8,A,3e-08,1,False,False,TDD,burst,20.0,[0.00400803 0.00444675 0.0053817  0.00649836],[0.00236399 0.00310705 0.00373428 0.00576372],[0.8993855  0.94727373 1.1330073  1.292968  ],[0.22583202 0.25439638 0.28993487 0.35736656],[8.3300295 8.328634  8.32717   8.3255825],[0.19017819 0.19477005 0.19969332 0.20495956],[8.330993 8.329849 8.328677 8.327478],[0.19007084 0.19461922 0.19951843 0.20474008]
DDK8,A,3e-08,10,False,False,TDD,burst,20.0,[0.01881639 0.05181693 0.09863883 0.1594058 ],[0.0231219  0.06549004 0.12035417 0.23857856],[ 2.3430483  6.227587  13.10431   23.59504  ],[ 0.98713714  3.9920597   9.971405   19.56708   ],[8.195693  8.1786995 8.152546  8.119022 ],[0.55165315 0.61581355 0.68159586 0.75017756],[8.202797 8.202787 8.20477  8.210616],[0.5486622  0.603959   0.65337497 0.69756156]
DDK8,A,3e-08,30,False,False,TDD,burst,20.0,[0.12828657 0.28285015 0.43787026 0.6081563 ],[0.17764671 0.42174765 0.3980337  0.41715112],[ 10.810756  31.733326  72.74189  122.46579 ],[  6.9500794  29.98829    71.76191   117.22874  ],[7.874143  7.7848487 7.5884776 7.2916913],[0.9813716 1.0699768 1.2093642 1.4369881],[7.9305916 7.937528  7.938669  7.9467754],[0.94080913 0.97129947 1.0151565  1.0446168 ]
DDK8,A,1e-07,1,False,False,TDD,burst,20.0,[0.01139884 0.01128546 0.01218263 0.01272298],[0.00154886 0.00169234 0.00214214 0.00278441],[3.215296  3.1474836 3.2720046 3.3100414],[1.0779042 1.0533645 1.0580729 1.0209674],[8.258488 8.259182 8.259588 8.260033],[0.51559484 0.5160346  0.51683766 0.5178543 ],[8.262489 8.263346 8.264196 8.265036],[0.5146195  0.5150341  0.5156064  0.51633507]
DDK8,A,1e-07,10,False,False,TDD,burst,20.0,[0.02369542 0.04641866 0.0804894  0.11368737],[0.01210706 0.03742072 0.09860207 0.08999746],[ 4.7126994  7.896094  13.132689  22.07884  ],[ 1.6015357  3.8310654  7.9894247 17.0075   ],[8.132677 8.119526 8.098496 8.068646],[0.6273634  0.67569387 0.7283153  0.7828321 ],[8.144523 8.146372 8.146507 8.145758],[0.6222944 0.6648694 0.7096781 0.7541992]
DDK8,A,1e-07,30,False,False,TDD,burst,20.0,[0.09230113 0.28503937 0.42754287 0.63063294],[0.0964779  0.88865405 0.5278558  0.47169036],[ 13.238999  35.711796  76.23977  127.98447 ],[  7.6217575  36.089108   80.33164   124.06335  ],[8.017559  7.8964534 7.638714  7.2249227],[1.0017414 1.0990211 1.2616752 1.4565473],[8.072836  8.0405245 7.9876432 7.931781 ],[0.9680374 1.0242085 1.0625325 1.0865595]
DDK8,A,3e-07,1,False,False,TDD,burst,20.0,[0.00585517 0.00598384 0.00640467 0.00675968],[0.00324046 0.00322912 0.00328882 0.00341436],[1.555782  1.5702249 1.6789067 1.7377187],[0.9510996  0.93582803 0.96021056 0.970863  ],[8.208241 8.209506 8.210372 8.211307],[0.35397276 0.35507354 0.35643435 0.3578123 ],[8.213685 8.214922 8.216152 8.217376],[0.35320455 0.35431996 0.3555505  0.35689354]
DDK8,A,3e-07,10,False,False,TDD,burst,20.0,[0.01479913 0.03054576 0.05311223 0.08694216],[0.00817329 0.02059255 0.03788754 0.06856029],[ 3.0928283  5.8483496 10.222517  17.428055 ],[ 1.5613843  3.1092434  6.4883156 13.011646 ],[8.158091 8.146367 8.128323 8.103204],[0.6219412  0.67427313 0.72645617 0.7781945 ],[8.171758 8.174995 8.178912 8.18387 ],[0.61714435 0.66222095 0.70273554 0.73701555]
DDK8,A,3e-07,30,False,False,TDD,burst,20.0,[0.05143226 0.13074903 0.2784777  0.45365864],[0.04302088 0.12487458 0.23757055 0.36289045],[  8.531927  24.547752  59.661022 108.51718 ],[  4.776742  24.745647  63.59497  108.68102 ],[7.996624  7.9408956 7.794549  7.515769 ],[0.9332404 1.0108539 1.1626359 1.4209093],[8.039328 8.043646 8.03752  8.038265],[0.90889144 0.95316565 1.0154774  1.050955  ]
DDK8,C,3e-08,1,False,False,TDD,burst,20.0,[0.00668434 0.00748448 0.00942853 0.01180399],[0.00271398 0.0035678  0.00510678 0.00763889],[1.15789   1.2181017 1.4453741 1.7038946],[0.25013414 0.25895    0.30017674 0.4131107 ],[8.318056 8.318528 8.318716 8.31875 ],[0.13171744 0.13418964 0.13706538 0.14024545],[8.320241 8.321053 8.321877 8.322711],[0.1314964  0.13392694 0.13672413 0.13986447]
DDK8,C,3e-08,10,False,False,TDD,burst,20.0,[0.02946395 0.10075552 0.20695871 0.31606403],[0.02979256 0.12676597 0.23337305 0.29138312],[ 3.4819841 12.0499    30.138584  57.82738  ],[ 1.9842132 11.256872  29.966406  55.10312  ],[8.201529 8.148279 8.062177 7.923815],[0.43966645 0.49695587 0.5933382  0.73967755],[8.214156 8.200949 8.206897 8.228696],[0.43586653 0.47545165 0.5107417  0.53240734]
DDK8,C,3e-08,30,False,False,TDD,burst,20.0,[0.26607072 0.6731665  0.78951424 0.9483677 ],[0.28906074 0.6582314  0.43512332 0.51868254],[ 44.76404 123.76853 175.5958  212.23969],[ 44.39093  107.731285 120.409904 125.22601 ],[8.045956  7.4705825 6.917792  6.4006596],[0.7025942 1.0708709 1.3943083 1.5225427],[8.26459   8.2423935 8.200481  8.146262 ],[0.59722245 0.63432664 0.6843038  0.7340101 ]
DDK8,C,1e-07,1,False,False,TDD,burst,20.0,[0.00930083 0.00941019 0.01033659 0.01109953],[0.00180591 0.00187693 0.00226541 0.00291191],[2.4710882 2.4638925 2.6300013 2.758973 ],[0.4432354  0.45162192 0.47385013 0.5421525 ],[8.278906 8.277866 8.276109 8.274638],[0.20139179 0.20357949 0.20605429 0.20870586],[8.287666  8.286729  8.285783  8.2848215],[0.20094848 0.20314613 0.20554835 0.20814276]
DDK8,C,1e-07,10,False,False,TDD,burst,20.0,[0.02377503 0.06037336 0.12915401 0.22646695],[0.01123989 0.04560644 0.10212464 0.1722326 ],[ 5.304969 13.395641 30.7729   57.437466],[ 2.5479033 12.867228  34.77579   63.151512 ],[8.20773   8.1718235 8.094643  7.9643774],[0.40822875 0.44790357 0.48844102 0.5511081 ],[8.228059 8.225114 8.221141 8.218307],[0.4063242  0.44373652 0.4743657  0.49637356]
DDK8,C,1e-07,30,False,False,TDD,burst,20.0,[0.17297827 0.40081176 0.59410226 0.719351  ],[0.14951497 0.25961453 0.30860856 0.27382207],[ 35.191574  96.81352  150.64114  196.96709 ],[ 30.782923  83.28556  110.38222  129.3311  ],[8.035918  7.620594  7.198214  6.7885833],[0.62776977 0.9003593  1.1003798  1.1889287 ],[8.210542 8.202722 8.19268  8.180748],[0.5592177  0.55600965 0.5821842  0.64674735]
DDK8,C,3e-07,1,False,False,TDD,burst,20.0,[0.00967538 0.00989555 0.01049831 0.0113362 ],[0.00154573 0.00161205 0.00186718 0.00236835],[2.868612  2.9274812 3.0759242 3.2692819],[0.50858885 0.51641005 0.55162466 0.6267688 ],[8.3042965 8.304054  8.303486  8.302606 ],[0.12809269 0.12933393 0.1309295  0.13282563],[8.30922  8.309395 8.309544 8.309666],[0.12782563 0.12907478 0.13059264 0.132371  ]
DDK8,C,3e-07,10,False,False,TDD,burst,20.0,[0.02010776 0.04063824 0.07970744 0.1414402 ],[0.00804592 0.0271933  0.05953952 0.10566106],[ 5.3240776 10.410068  20.688198  37.691803 ],[ 1.7663921  6.2068086 15.578443  30.700794 ],[8.234744 8.203071 8.149975 8.065245],[0.34072462 0.37944767 0.42120105 0.47433633],[8.250104 8.243475 8.238306 8.233626],[0.33855358 0.37196392 0.40309045 0.43264046]
DDK8,C,3e-07,30,False,False,TDD,burst,20.0,[0.12550421 0.31934717 0.470782   0.5905495 ],[0.11368115 0.24699521 0.28442848 0.25861526],[ 29.604092  81.57939  129.99046  175.1041  ],[ 24.945143  60.99945   81.20312  101.871574],[8.099115  7.7725353 7.4997864 7.207289 ],[0.60088974 0.92525476 1.1091878  1.2024051 ],[8.243394  8.2595005 8.280929  8.2970915],[0.5275148  0.56576973 0.5995795  0.6289665 ]
DDK8,D,3e-08,1,False,False,TDD,burst,20.0,[0.00128512 0.00161214 0.00190397 0.00209955],[0.0006452  0.00080583 0.00097452 0.00109253],[0.36364198 0.45638284 0.5411424  0.5957148 ],[0.15720727 0.19613487 0.24070191 0.2692329 ],[8.313139  8.3128195 8.312481  8.312212 ],[0.16915263 0.16952285 0.16994089 0.17041579],[8.314398 8.314319 8.314234 8.314145],[0.1689577  0.1692839  0.16965668 0.17007592]
DDK8,D,3e-08,10,False,False,TDD,burst,20.0,[0.00343865 0.00667854 0.01173791 0.01932965],[0.00160452 0.00379749 0.00782061 0.01425216],[1.0084459 1.9714165 3.4824066 5.782645 ],[0.48638445 1.1753503  2.376265   4.3268704 ],[8.3129   8.310446 8.307097 8.303104],[0.22086066 0.23020546 0.23989166 0.24982749],[8.316226 8.317209 8.319232 8.322231],[0.22064124 0.22971565 0.23861213 0.24789669]
DDK8,D,3e-08,30,False,False,TDD,burst,20.0,[0.01664278 0.04370415 0.08201572 0.1268668 ],[0.01593613 0.04336197 0.08907801 0.12155106],[ 4.604255 12.263256 22.775305 35.757313],[ 4.301679 13.099933 25.94726  36.267307],[8.262796 8.220419 8.17255  8.122223],[0.31933445 0.34356406 0.38096508 0.4306975 ],[8.279626 8.265633 8.254636 8.245803],[0.3149234  0.33140603 0.3475315  0.37491977]
DDK8,D,1e-07,1,False,False,TDD,burst,20.0,[0.00163206 0.00198822 0.00239199 0.00257429],[0.0007148  0.00077695 0.00093205 0.00100637],[0.48578563 0.593466   0.7148841  0.7689797 ],[0.21049842 0.2298021  0.27908093 0.30022454],[8.306759 8.306732 8.306548 8.30651 ],[0.04596543 0.04714965 0.04846556 0.04987795],[8.30858  8.308749 8.308917 8.309082],[0.04570846 0.04691132 0.04821616 0.04961289]
DDK8,D,1e-07,10,False,False,TDD,burst,20.0,[0.00393449 0.00681515 0.01097017 0.01689568],[0.00143064 0.00323176 0.00592808 0.01030713],[1.1649995 2.0007813 3.207781  4.93841  ],[0.42857775 0.9372906  1.7000766  2.9542263 ],[8.298078  8.295369  8.2915945 8.286633 ],[0.14451396 0.16350573 0.18246558 0.20118235],[8.302197 8.302738 8.303449 8.304353],[0.14413556 0.16243479 0.18018848 0.19722274]
DDK8,D,1e-07,30,False,False,TDD,burst,20.0,[0.01450974 0.03572484 0.06404939 0.10275581],[0.00906022 0.02894609 0.05486428 0.09533133],[ 4.3154583 10.609929  18.815855  29.837763 ],[ 2.7074375  9.136822  16.037188  25.204082 ],[8.2922735 8.274574  8.252058  8.223715 ],[0.2918544  0.32297033 0.35636073 0.3973355 ],[8.307436 8.310596 8.312113 8.31137 ],[0.28931206 0.31602684 0.33770058 0.35521185]
DDK8,D,3e-07,1,False,False,TDD,burst,20.0,[0.00319829 0.0035057  0.00413647 0.00430181],[0.00149122 0.00153355 0.00173581 0.00183206],[0.9440148 1.0381651 1.2245064 1.272473 ],[0.43764505 0.45076138 0.51058495 0.5392983 ],[8.3008   8.300656 8.300109 8.299919],[0.0217621  0.02324893 0.02494567 0.0267018 ],[8.304571 8.304598 8.304624 8.304644],[0.02125929 0.02278931 0.02444145 0.02619203]
DDK8,D,3e-07,10,False,False,TDD,burst,20.0,[0.0063161  0.00918069 0.01319846 0.0180604 ],[0.00270707 0.00428464 0.00634354 0.00894437],[1.8558618 2.6944795 3.8749433 5.317121 ],[0.80323905 1.235255   1.8013744  2.5524979 ],[8.285113 8.28181  8.277743 8.273696],[0.13643648 0.15571715 0.1750962  0.19436109],[8.291802 8.291453 8.291422 8.291797],[0.13622427 0.15536554 0.17447104 0.193445  ]
DDK8,D,3e-07,30,False,False,TDD,burst,20.0,[0.01463555 0.02903015 0.0497031  0.07543347],[0.00761435 0.02035415 0.03719257 0.05290867],[ 4.3025804  8.423371  14.489864  22.087566 ],[ 2.1088784  5.490817  10.8658285 15.602972 ],[8.299827  8.279705  8.2543545 8.2282295],[0.26021552 0.29227322 0.3280558  0.35877836],[8.314291 8.305841 8.296564 8.287483],[0.25759736 0.28634158 0.31637365 0.34177953]
DDK8,A,3e-08,1,False,False,TDD,burst,25.0,[0.00339412 0.00365528 0.00465268 0.00573116],[0.00145643 0.00178853 0.00244892 0.00407909],[0.8282467 0.8474748 1.0470514 1.192054 ],[0.2192673  0.23498978 0.26488495 0.33479658],[8.330337 8.329004 8.327532 8.325952],[0.19011272 0.1946944  0.19962303 0.20490114],[8.330993 8.329849 8.328677 8.327478],[0.19007084 0.19461922 0.19951843 0.20474008]
DDK8,A,3e-08,10,False,False,TDD,burst,25.0,[0.01748078 0.05087091 0.09932201 0.16012283],[0.02033579 0.06659761 0.12377242 0.24136576],[ 2.180715   5.9829865 12.8938465 23.34645  ],[ 0.97439784  3.993522   10.085255   19.73326   ],[8.196217 8.179372 8.152961 8.11938 ],[0.5514344 0.6154944 0.6815525 0.7503747],[8.202797 8.202787 8.20477  8.210616],[0.5486622  0.603959   0.65337497 0.69756156]
DDK8,A,3e-08,30,False,False,TDD,burst,25.0,[0.12380521 0.28055403 0.43434772 0.6069647 ],[0.165072   0.42488277 0.3943351  0.41749305],[ 10.560058  31.34162   72.30375  122.00484 ],[  6.8614464  29.918951   71.700806  117.25596  ],[7.8751197 7.786802  7.59118   7.295249 ],[0.980913  1.0685557 1.2079353 1.436366 ],[7.9305916 7.937528  7.938669  7.9467754],[0.94080913 0.97129947 1.0151565  1.0446168 ]
DDK8,A,1e-07,1,False,False,TDD,burst,25.0,[0.01086355 0.01058184 0.0115232  0.01200619],[0.0013397  0.00125727 0.00172991 0.00235206],[3.148374  3.053007  3.1798475 3.199511 ],[1.0813121 1.0527855 1.0558597 1.0191863],[8.258949 8.259732 8.260166 8.260606],[0.5154215  0.5157839  0.51660746 0.5176441 ],[8.262489 8.263346 8.264196 8.265036],[0.5146195  0.5150341  0.5156064  0.51633507]
DDK8,A,1e-07,10,False,False,TDD,burst,25.0,[0.02242017 0.04486204 0.07848788 0.11218064],[0.01142902 0.03654286 0.09536678 0.08975662],[ 4.5249624  7.645906  12.799539  21.696463 ],[ 1.581237   3.8011622  7.9368334 16.938505 ],[8.133724 8.120902 8.100149 8.070369],[0.62687033 0.67501915 0.72776383 0.7823908 ],[8.144523 8.146372 8.146507 8.145758],[0.6222944 0.6648694 0.7096781 0.7541992]
DDK8,A,1e-07,30,False,False,TDD,burst,25.0,[0.09029839 0.28649455 0.4244259  0.62736315],[0.09274036 0.92978334 0.52929235 0.46896994],[ 12.998113  35.325108  75.77532  127.62594 ],[  7.550634  35.886185  80.26715  123.968994],[8.01893   7.8983836 7.6418443 7.2279634],[1.0008361 1.0978605 1.2601601 1.454932 ],[8.072836  8.0405245 7.9876432 7.931781 ],[0.9680374 1.0242085 1.0625325 1.0865595]
DDK8,A,3e-07,1,False,False,TDD,burst,25.0,[0.00546015 0.00551812 0.00590767 0.0062809 ],[0.00315243 0.00308999 0.00314175 0.00327195],[1.4770722 1.4778922 1.5806545 1.6441443],[0.9492579 0.9268703 0.9511603 0.9671647],[8.208691 8.210011 8.210932 8.211875],[0.35380495 0.35488835 0.3562238  0.35759008],[8.213685 8.214922 8.216152 8.217376],[0.35320455 0.35431996 0.3555505  0.35689354]
DDK8,A,3e-07,10,False,False,TDD,burst,25.0,[0.01349602 0.02859662 0.05093098 0.08496466],[0.00716489 0.01859702 0.0361757  0.06764225],[ 2.8961978  5.578712   9.898197  17.068205 ],[ 1.5131485  3.0627575  6.4223294 12.92457  ],[8.15932  8.147976 8.130215 8.105286],[0.6212657  0.6733029  0.72512645 0.7768201 ],[8.171758 8.174995 8.178912 8.18387 ],[0.61714435 0.66222095 0.70273554 0.73701555]
DDK8,A,3e-07,30,False,False,TDD,burst,25.0,[0.05005433 0.12813301 0.2757362  0.45207736],[0.04175698 0.12226512 0.23676994 0.36480746],[  8.351905  24.155485  59.034267 107.898636],[  4.704123  24.506039  63.188446 108.316284],[7.9977403 7.943114  7.7981987 7.5216527],[0.9326393 1.0095111 1.1602548 1.4156833],[8.039328 8.043646 8.03752  8.038265],[0.90889144 0.95316565 1.0154774  1.050955  ]
DDK8,C,3e-08,1,False,False,TDD,burst,25.0,[0.00581383 0.00637188 0.00836408 0.01068983],[0.00221212 0.00285851 0.00446602 0.00708555],[1.0811565 1.11307   1.3480302 1.5951903],[0.25033236 0.24791695 0.28601757 0.3941446 ],[8.318411 8.318974 8.319157 8.319204],[0.13164724 0.13408324 0.13696253 0.14014165],[8.320241 8.321053 8.321877 8.322711],[0.1314964  0.13392694 0.13672413 0.13986447]
DDK8,C,3e-08,10,False,False,TDD,burst,25.0,[0.02794802 0.09927642 0.20462954 0.31361002],[0.02913734 0.1309228  0.23536408 0.28763953],[ 3.3019276 11.7597885 29.82224   57.57012  ],[ 1.9723568 11.277907  30.028309  55.151524 ],[8.202102  8.149283  8.063576  7.9247203],[0.43960223 0.4967754  0.59292823 0.7408667 ],[8.214156 8.200949 8.206897 8.228696],[0.43586653 0.47545165 0.5107417  0.53240734]
DDK8,C,3e-08,30,False,False,TDD,burst,25.0,[0.26533893 0.6724158  0.7897363  0.94788903],[0.28930312 0.6577395  0.43920782 0.5222385 ],[ 44.555332 123.48714  175.18504  211.8408  ],[ 44.48235  107.64706  120.208786 125.13629 ],[8.046334  7.4699154 6.9212494 6.4075994],[0.70260066 1.0732192  1.3954471  1.5205882 ],[8.26459   8.2423935 8.200481  8.146262 ],[0.59722245 0.63432664 0.6843038  0.7340101 ]
DDK8,C,1e-07,1,False,False,TDD,burst,25.0,[0.00891437 0.00891672 0.00981602 0.01047563],[0.00179211 0.00186256 0.0022061  0.00272776],[2.4051428 2.3755662 2.5380013 2.6487527],[0.43761247 0.44253504 0.45593646 0.51450646],[8.279243 8.278293 8.276562 8.275176],[0.20142935 0.20362206 0.20610818 0.20875095],[8.287666  8.286729  8.285783  8.2848215],[0.20094848 0.20314613 0.20554835 0.20814276]
DDK8,C,1e-07,10,False,False,TDD,burst,25.0,[0.0225435  0.05860918 0.12679979 0.22399202],[0.01112097 0.04569598 0.10228866 0.17284733],[ 5.101846 13.08415  30.338045 56.957188],[ 2.5674603 12.869825  34.802628  63.235085 ],[8.208763  8.173335  8.096718  7.9670935],[0.40782574 0.44736877 0.4877666  0.55020297],[8.228059 8.225114 8.221141 8.218307],[0.4063242  0.44373652 0.4743657  0.49637356]
DDK8,C,1e-07,30,False,False,TDD,burst,25.0,[0.17207375 0.40013236 0.5935694  0.7192141 ],[0.1499974  0.26046932 0.3101932  0.2742746 ],[ 35.008102  96.60082  150.40927  196.70865 ],[ 30.904123  83.36536  110.42565  129.1419  ],[8.0369625 7.621123  7.1993713 6.794931 ],[0.6271886  0.90233195 1.103892   1.1798649 ],[8.210542 8.202722 8.19268  8.180748],[0.5592177  0.55600965 0.5821842  0.64674735]
DDK8,C,3e-07,1,False,False,TDD,burst,25.0,[0.00932548 0.0093966  0.00988323 0.01064808],[0.0015244  0.00153202 0.00171017 0.00210747],[2.787046  2.8096159 2.9315073 3.1116297],[0.515916   0.51615304 0.5455883  0.60251224],[8.30473   8.304553  8.30409   8.3032875],[0.12799074 0.12922348 0.13079762 0.13269709],[8.30922  8.309395 8.309544 8.309666],[0.12782563 0.12907478 0.13059264 0.132371  ]
DDK8,C,3e-07,10,False,False,TDD,burst,25.0,[0.01911047 0.03897321 0.07729726 0.13856234],[0.00766463 0.0267366  0.05910086 0.10539809],[ 5.0890255 10.012321  20.08706   36.943207 ],[ 1.7095672  6.1345677 15.51693   30.657486 ],[8.235958 8.205172 8.153245 8.069803],[0.34036002 0.37875652 0.42012703 0.4727267 ],[8.250104 8.243475 8.238306 8.233626],[0.33855358 0.37196392 0.40309045 0.43264046]
DDK8,C,3e-07,30,False,False,TDD,burst,25.0,[0.12442589 0.3185562  0.470775   0.58964014],[0.11344197 0.24691916 0.2857921  0.25888464],[ 29.387224  81.371086 129.87596  174.87674 ],[ 24.965202  61.033028  81.45654  101.825584],[8.100543  7.775101  7.4998603 7.2106004],[0.60021794 0.9225297  1.1099514  1.2010418 ],[8.243394  8.2595005 8.280929  8.2970915],[0.5275148  0.56576973 0.5995795  0.6289665 ]
DDK8,D,3e-08,1,False,False,TDD,burst,25.0,[0.0010942  0.00136056 0.00169616 0.00190073],[0.00057226 0.00072997 0.0009334  0.00105308],[0.3092742  0.38423607 0.48095515 0.5368638 ],[0.13924596 0.17467088 0.22738221 0.25489953],[8.313416 8.313177 8.312809 8.312544],[0.16910963 0.1694769  0.16990188 0.17037508],[8.314398 8.314319 8.314234 8.314145],[0.1689577  0.1692839  0.16965668 0.17007592]
DDK8,D,3e-08,10,False,False,TDD,burst,25.0,[0.00313249 0.00623905 0.01132485 0.01896113],[0.0016096  0.0037688  0.00772741 0.01418647],[0.9163145 1.8356851 3.3527274 5.6602144],[0.47357628 1.142909   2.3335507  4.295636  ],[8.313356 8.311036 8.307752 8.303845],[0.22084622 0.23020962 0.23985863 0.24973343],[8.316226 8.317209 8.319232 8.322231],[0.22064124 0.22971565 0.23861213 0.24789669]
DDK8,D,3e-08,30,False,False,TDD,burst,25.0,[0.01635205 0.04333149 0.08147217 0.12603801],[0.01603278 0.04363646 0.08948851 0.12181067],[ 4.5206566 12.165022  22.62246   35.510056 ],[ 4.3124084 13.185582  26.081593  36.304737 ],[8.263296 8.220898 8.173267 8.123207],[0.31927177 0.34329885 0.3808918  0.43054065],[8.279626 8.265633 8.254636 8.245803],[0.3149234  0.33140603 0.3475315  0.37491977]
DDK8,D,1e-07,1,False,False,TDD,burst,25.0,[0.00144018 0.00174218 0.00219546 0.00238052],[0.00063202 0.00066743 0.00085452 0.00097311],[0.42922202 0.52099895 0.6570154  0.71183664],[0.18624061 0.19799943 0.2566058  0.29084253],[8.30705  8.307113 8.306899 8.306874],[0.04593575 0.04710867 0.04842775 0.04983101],[8.30858  8.308749 8.308917 8.309082],[0.04570846 0.04691132 0.04821616 0.04961289]
DDK8,D,1e-07,10,False,False,TDD,burst,25.0,[0.0034741  0.00610779 0.01027401 0.0161652 ],[0.0013698  0.00307007 0.00574431 0.01012821],[1.0313936 1.7954434 3.0044992 4.726778 ],[0.41470596 0.89802223 1.657584   2.9155717 ],[8.298748 8.296296 8.292481 8.287537],[0.14441456 0.1633553  0.18230738 0.20096128],[8.302197 8.302738 8.303449 8.304353],[0.14413556 0.16243479 0.18018848 0.19722274]
DDK8,D,1e-07,30,False,False,TDD,burst,25.0,[0.01403635 0.03514201 0.06341955 0.1021531 ],[0.00915741 0.02893604 0.0548091  0.09560528],[ 4.182438  10.4519615 18.65432   29.67727  ],[ 2.7408783  9.1690645 16.102377  25.360832 ],[8.292921 8.275276 8.252895 8.224484],[0.29169652 0.3226455  0.35560286 0.39646742],[8.307436 8.310596 8.312113 8.31137 ],[0.28931206 0.31602684 0.33770058 0.35521185]
DDK8,D,3e-07,1,False,False,TDD,burst,25.0,[0.0030203  0.00321247 0.00393534 0.00408013],[0.00145387 0.00145988 0.0016582  0.00173869],[0.89181113 0.9520879  1.165576   1.207526  ],[0.42618072 0.42862067 0.48724714 0.5114585 ],[8.301074 8.30106  8.300435 8.300279],[0.02176981 0.02323934 0.02494084 0.02668921],[8.304571 8.304598 8.304624 8.304644],[0.02125929 0.02278931 0.02444145 0.02619203]
DDK8,D,3e-07,10,False,False,TDD,burst,25.0,[0.00576643 0.00842434 0.01240269 0.01726429],[0.00271729 0.00429898 0.00627306 0.00880148],[1.6950313 2.4730446 3.6424823 5.08585  ],[0.8019738 1.2427206 1.7888124 2.5257428],[8.285793 8.282751 8.278751 8.274784],[0.13644007 0.15566336 0.17497706 0.194169  ],[8.291802 8.291453 8.291422 8.291797],[0.13622427 0.15536554 0.17447104 0.193445  ]
DDK8,D,3e-07,30,False,False,TDD,burst,25.0,[0.01404971 0.02835713 0.04904411 0.07489956],[0.00748169 0.02017956 0.03740146 0.05332198],[ 4.133519  8.226659 14.276111 21.916763],[ 2.0904305  5.457655  10.859525  15.641562 ],[8.300577 8.280542 8.255172 8.228933],[0.26007906 0.29216862 0.32794774 0.35891142],[8.314291 8.305841 8.296564 8.287483],[0.25759736 0.28634158 0.31637365 0.34177953]
DDK8,A,3e-08,1,False,False,TDD,packagedrop,0.1,[0.00378122 0.00408585 0.00583825 0.00800112],[0.00258959 0.00344103 0.00532196 0.00840159],[0.9724041 1.0385095 1.4696766 1.9606743],[0.6940354  0.98147863 1.6917255  2.524286  ],[8.330454  8.329121  8.3275795 8.325905 ],[0.19010903 0.1946827  0.199601   0.20481564],[8.330993 8.329849 8.328677 8.327478],[0.19007084 0.19461922 0.19951843 0.20474008]
DDK8,A,3e-08,10,False,False,TDD,packagedrop,0.1,[0.09167119 0.18271658 0.25989935 0.3454315 ],[0.20593145 0.3379496  0.34642464 0.40453675],[23.699253 43.611103 60.42172  81.915695],[ 68.63754  97.70264 101.44811 111.41206],[8.18562  8.144001 8.093233 8.039613],[0.5552148 0.6414951 0.7399359 0.7902065],[8.202797 8.202787 8.20477  8.210616],[0.5486622  0.603959   0.65337497 0.69756156]
DDK8,A,3e-08,30,False,False,TDD,packagedrop,0.1,[0.91377825 0.8851172  0.9876213  0.9595888 ],[2.4389935 1.7296493 1.6963108 0.6935716],[107.072464 122.096985 158.87868  200.71094 ],[231.11916 176.25664 169.75368 182.16495],[7.616279  7.460716  7.0503144 6.880736 ],[1.1768856 1.3126215 1.5900451 1.6232973],[7.9305916 7.937528  7.938669  7.9467754],[0.94080913 0.97129947 1.0151565  1.0446168 ]
DDK8,A,1e-07,1,False,False,TDD,packagedrop,0.1,[0.01094767 0.01084837 0.01249647 0.01433783],[0.00149413 0.00217452 0.00534931 0.01020373],[3.233671  3.2228067 3.5820422 4.1025047],[1.2261788 1.4904387 2.6941097 4.701968 ],[8.259104 8.259882 8.260242 8.260455],[0.5153697  0.5156723  0.51643974 0.51742446],[8.262489 8.263346 8.264196 8.265036],[0.5146195  0.5150341  0.5156064  0.51633507]
DDK8,A,1e-07,10,False,False,TDD,packagedrop,0.1,[0.1008763  0.16268274 0.22659968 0.30930707],[0.19961181 0.2489798  0.27340087 0.33241636],[23.435986 39.681995 55.93352  77.28827 ],[ 48.95014  71.14436  85.90618 107.89224],[8.123334  8.092159  8.031949  7.9870844],[0.6302902  0.6816393  0.77269506 0.79950935],[8.144523 8.146372 8.146507 8.145758],[0.6222944 0.6648694 0.7096781 0.7541992]
DDK8,A,1e-07,30,False,False,TDD,packagedrop,0.1,[0.4599375 0.7136454 0.87651   1.0260657],[0.7855494 1.4623716 1.0629928 0.9497573],[ 95.810295 119.944374 155.40906  197.29692 ],[205.74103 185.18575 154.56342 166.10971],[7.8566265 7.6138735 7.276857  6.8257475],[1.1563976 1.3960258 1.4827862 1.6533676],[8.072836  8.0405245 7.9876432 7.931781 ],[0.9680374 1.0242085 1.0625325 1.0865595]
DDK8,A,3e-07,1,False,False,TDD,packagedrop,0.1,[0.00646926 0.00656154 0.00709849 0.00829198],[0.00753168 0.00733833 0.00743758 0.00981937],[1.7682128 1.7869458 1.9462132 2.263987 ],[1.9176952 1.8667309 1.9821136 2.6347342],[8.208876 8.210171 8.211098 8.211958],[0.35374525 0.35484922 0.3561833  0.357546  ],[8.213685 8.214922 8.216152 8.217376],[0.35320455 0.35431996 0.3555505  0.35689354]
DDK8,A,3e-07,10,False,False,TDD,packagedrop,0.1,[0.07188345 0.13333325 0.2072516  0.26072302],[0.18214948 0.26688853 0.31866217 0.3186492 ],[20.482141 36.533688 54.948902 69.01787 ],[ 68.97634  97.83246 109.34843 108.22682],[8.150147 8.11955  8.040781 8.002948],[0.6280141  0.69408983 0.8291266  0.8719723 ],[8.171758 8.174995 8.178912 8.18387 ],[0.61714435 0.66222095 0.70273554 0.73701555]
DDK8,A,3e-07,30,False,False,TDD,packagedrop,0.1,[0.36811    0.47759244 0.6832033  0.78241944],[0.65153104 0.71917504 0.6898298  0.6234817 ],[ 91.012764 113.0257   168.34955  205.90283 ],[182.7579  173.66817 187.37373 194.3065 ],[7.865892  7.690218  7.4457045 7.167962 ],[1.0338024 1.1894872 1.3096775 1.4990358],[8.039328 8.043646 8.03752  8.038265],[0.90889144 0.95316565 1.0154774  1.050955  ]
DDK8,C,3e-08,1,False,False,TDD,packagedrop,0.1,[0.00625904 0.00704815 0.01054307 0.0151689 ],[0.00264368 0.00357447 0.00719349 0.01261672],[1.239446  1.342772  1.9137671 2.8384876],[0.52258134 0.6547725  1.3794974  2.9372694 ],[8.318435 8.318901 8.318774 8.318346],[0.13167065 0.13415658 0.13710491 0.14048342],[8.320241 8.321053 8.321877 8.322711],[0.1314964  0.13392694 0.13672413 0.13986447]
DDK8,C,3e-08,10,False,False,TDD,packagedrop,0.1,[0.14040823 0.27766263 0.4268996  0.53715956],[0.26482385 0.3884012  0.46566287 0.4911264 ],[ 23.382612  45.929684  73.99213  105.060555],[53.139786 78.256714 88.41767  97.18424 ],[8.170126 8.061637 7.885875 7.660568],[0.461351   0.56639415 0.7776099  1.0153192 ],[8.214156 8.200949 8.206897 8.228696],[0.43586653 0.47545165 0.5107417  0.53240734]
DDK8,C,3e-08,30,False,False,TDD,packagedrop,0.1,[0.6581381  0.98105985 1.0245169  1.1312771 ],[0.78503644 0.86589867 0.55384755 0.69968206],[115.074196 190.27943  223.48952  249.58438 ],[158.43077 146.31554 137.63211 137.33597],[7.743685  6.952434  6.4671974 6.074579 ],[1.0212315 1.4719607 1.5288824 1.5906646],[8.26459   8.2423935 8.200481  8.146262 ],[0.59722245 0.63432664 0.6843038  0.7340101 ]
DDK8,C,1e-07,1,False,False,TDD,packagedrop,0.1,[0.00953071 0.00973675 0.01148139 0.01338245],[0.00276778 0.00360275 0.00676482 0.01197575],[2.6082761 2.6749384 3.0749838 3.5564148],[0.7790308 1.0944021 2.072623  3.5978432],[8.27925  8.278297 8.276377 8.274696],[0.20145378 0.20363766 0.20616126 0.20893525],[8.287666  8.286729  8.285783  8.2848215],[0.20094848 0.20314613 0.20554835 0.20814276]
DDK8,C,1e-07,10,False,False,TDD,packagedrop,0.1,[0.12276575 0.24507637 0.35846955 0.47448662],[0.2920142  0.48685113 0.4919124  0.4484544 ],[ 34.610382  67.83258   98.057335 128.85854 ],[ 95.900406 161.19205  164.67253  151.54337 ],[8.17323  8.083839 7.939592 7.702959],[0.41406724 0.4853308  0.5811071  0.76404434],[8.228059 8.225114 8.221141 8.218307],[0.4063242  0.44373652 0.4743657  0.49637356]
DDK8,C,1e-07,30,False,False,TDD,packagedrop,0.1,[0.57455784 0.73801595 0.8243822  0.8743907 ],[0.69800043 0.6022933  0.47409332 0.35930082],[138.12444 178.50023 203.79822 238.71025],[205.80325 152.08911 132.98741 142.73137],[7.6283445 7.0886116 6.5817747 6.4305935],[1.0288743 1.2871532 1.4871583 1.376457 ],[8.210542 8.202722 8.19268  8.180748],[0.5592177  0.55600965 0.5821842  0.64674735]
DDK8,C,3e-07,1,False,False,TDD,packagedrop,0.1,[0.00972494 0.00972543 0.01051346 0.01224745],[0.00221706 0.0023217  0.00308575 0.0062745 ],[2.9238486 2.9297152 3.1466565 3.653425 ],[0.74653053 0.7738627  1.0299124  2.1108775 ],[8.304829 8.304653 8.304137 8.303181],[0.1279487  0.12918079 0.13074806 0.13264725],[8.30922  8.309395 8.309544 8.309666],[0.12782563 0.12907478 0.13059264 0.132371  ]
DDK8,C,3e-07,10,False,False,TDD,packagedrop,0.1,[0.18184763 0.27712777 0.34410262 0.39060792],[0.5665087  0.68141246 0.66138685 0.5473177 ],[ 52.894135  81.70006  101.69567  115.08509 ],[164.5332  203.73354 202.92903 174.33398],[8.207739 8.128932 8.021076 7.856983],[0.34968698 0.4194338  0.4996912  0.65760183],[8.250104 8.243475 8.238306 8.233626],[0.33855358 0.37196392 0.40309045 0.43264046]
DDK8,C,3e-07,30,False,False,TDD,packagedrop,0.1,[0.42238286 0.5737826  0.71653557 0.8111039 ],[0.546713   0.47835308 0.4251621  0.3566455 ],[125.35236 162.9913  212.7979  251.66527],[193.55229 167.5331  166.02223 177.19325],[7.7968583 7.4135838 7.012116  6.8183055],[0.9150246 1.2478158 1.3372858 1.3599788],[8.243394  8.2595005 8.280929  8.2970915],[0.5275148  0.56576973 0.5995795  0.6289665 ]
DDK8,D,3e-08,1,False,False,TDD,packagedrop,0.1,[0.00158112 0.00199258 0.00275204 0.00392085],[0.00228651 0.00326671 0.0070237  0.00963369],[0.44799614 0.56532437 0.7779945  1.1269792 ],[0.5907797  0.84344333 1.8086885  2.5570989 ],[8.313549 8.313365 8.312924 8.31255 ],[0.16907094 0.16942243 0.16982815 0.17026967],[8.314398 8.314319 8.314234 8.314145],[0.1689577  0.1692839  0.16965668 0.17007592]
DDK8,D,3e-08,10,False,False,TDD,packagedrop,0.1,[0.06961633 0.13440518 0.19860028 0.23696265],[0.1663749  0.2522454  0.31629443 0.32581994],[23.090364 43.48214  62.293503 73.16092 ],[ 60.282253  89.39844  103.87264  102.042336],[8.308752  8.295014  8.2731085 8.239359 ],[0.22096768 0.23476645 0.2541065  0.3345953 ],[8.316226 8.317209 8.319232 8.322231],[0.22064124 0.22971565 0.23861213 0.24789669]
DDK8,D,3e-08,30,False,False,TDD,packagedrop,0.1,[0.2854338  0.30469579 0.4135007  0.44415382],[0.61768717 0.44830754 0.5053472  0.38538212],[ 83.991325  93.45383  125.738976 132.49936 ],[177.78862 140.64798 161.19304 121.358  ],[8.223431  8.141993  8.084423  7.9921846],[0.3495841  0.42887133 0.39647695 0.47440332],[8.279626 8.265633 8.254636 8.245803],[0.3149234  0.33140603 0.3475315  0.37491977]
DDK8,D,1e-07,1,False,False,TDD,packagedrop,0.1,[0.00191585 0.00236455 0.00314259 0.00424293],[0.00235372 0.00323346 0.00555678 0.00868834],[0.5737114 0.7094541 0.9429539 1.2791762],[0.7089176  0.97496045 1.6781733  2.6346438 ],[8.307215 8.307341 8.30706  8.306955],[0.04594574 0.04711441 0.04841694 0.04978868],[8.30858  8.308749 8.308917 8.309082],[0.04570846 0.04691132 0.04821616 0.04961289]
DDK8,D,1e-07,10,False,False,TDD,packagedrop,0.1,[0.07204377 0.10541212 0.13565794 0.17284109],[0.1683805  0.20164795 0.22078054 0.2740782 ],[21.725262 31.78282  40.24012  51.311188],[52.75754 63.63797 66.32337 81.8337 ],[8.295152 8.289474 8.279115 8.251043],[0.14588441 0.16643772 0.19288516 0.28565675],[8.302197 8.302738 8.303449 8.304353],[0.14413556 0.16243479 0.18018848 0.19722274]
DDK8,D,1e-07,30,False,False,TDD,packagedrop,0.1,[0.2442836  0.31827727 0.3811844  0.53716487],[0.5141934  0.4186329  0.40638068 0.54001343],[ 77.72435  98.68308 117.93419 163.58151],[181.80847 142.22473 139.07397 171.5779 ],[8.249653 8.213097 8.16889  8.029832],[0.3426117  0.3612716  0.3932602  0.64196855],[8.307436 8.310596 8.312113 8.31137 ],[0.28931206 0.31602684 0.33770058 0.35521185]
DDK8,D,3e-07,1,False,False,TDD,packagedrop,0.1,[0.00448467 0.0052019  0.00709517 0.00875094],[0.00808884 0.01284031 0.02039333 0.02567782],[1.3325523 1.5522642 2.1177773 2.6147993],[2.4349785 3.8709188 6.1502056 7.742436 ],[8.301206 8.301259 8.300534 8.300296],[0.02178395 0.0232783  0.02497223 0.02672937],[8.304571 8.304598 8.304624 8.304644],[0.02125929 0.02278931 0.02444145 0.02619203]
DDK8,D,3e-07,10,False,False,TDD,packagedrop,0.1,[0.09866881 0.13540345 0.18359925 0.22539778],[0.44941533 0.41942522 0.39541462 0.41154456],[29.744114 40.66364  54.879715 67.021095],[136.0927  127.02306 119.66867 123.66617],[8.282906 8.277495 8.266496 8.179892],[0.13652448 0.15759698 0.18135694 0.42816836],[8.291802 8.291453 8.291422 8.291797],[0.13622427 0.15536554 0.17447104 0.193445  ]
DDK8,D,3e-07,30,False,False,TDD,packagedrop,0.1,[0.34290713 0.39332637 0.3997568  0.5119464 ],[0.6556165 0.5344648 0.5083222 0.5407177],[101.884834 114.40838  117.29889  154.00665 ],[201.51668 154.85995 152.24432 171.71852],[8.2598505 8.16402   8.172318  8.098362 ],[0.30403924 0.5322212  0.39489275 0.49392402],[8.314291 8.305841 8.296564 8.287483],[0.25759736 0.28634158 0.31637365 0.34177953]
DDK8,A,3e-08,1,False,False,TDD,packagedrop,0.09,[0.00370763 0.00408457 0.00565818 0.00722333],[0.00245861 0.0031145  0.00506133 0.00678678],[0.9346033 1.0159502 1.3700471 1.675953 ],[0.56632376 0.81866926 1.5414094  1.750758  ],[8.330463 8.329164 8.327618 8.325945],[0.19012086 0.19470829 0.19970419 0.20499402],[8.330993 8.329849 8.328677 8.327478],[0.19007084 0.19461922 0.19951843 0.20474008]
DDK8,A,3e-08,10,False,False,TDD,packagedrop,0.09,[0.11343848 0.20001732 0.2894413  0.35089886],[0.2602096  0.3920787  0.38940507 0.36768484],[29.64146 46.32606 68.14514 83.53871],[ 89.79957 113.08524 121.11915 113.06453],[8.187124 8.139371 8.100912 8.039521],[0.5548535  0.65560275 0.6998565  0.7895528 ],[8.202797 8.202787 8.20477  8.210616],[0.5486622  0.603959   0.65337497 0.69756156]
DDK8,A,3e-08,30,False,False,TDD,packagedrop,0.09,[0.78654426 0.8910682  0.81034034 1.0607971 ],[2.1463292  2.8398182  0.70316994 1.1456763 ],[ 97.54178   99.853035 148.52744  190.75845 ],[215.86714 144.32448 156.97359 175.236  ],[7.718798  7.5091877 7.213615  6.9820013],[1.11658   1.3007556 1.4882863 1.5772092],[7.9305916 7.937528  7.938669  7.9467754],[0.94080913 0.97129947 1.0151565  1.0446168 ]
DDK8,A,1e-07,1,False,False,TDD,packagedrop,0.09,[0.01101966 0.01085217 0.0122871  0.01347829],[0.00160733 0.00200351 0.00339277 0.0052751 ],[3.2302563 3.1683779 3.3992667 3.6183462],[1.159462  1.1522524 1.388397  1.7271873],[8.259097 8.259882 8.260283 8.260598],[0.5153897  0.51575035 0.5165545  0.51763666],[8.262489 8.263346 8.264196 8.265036],[0.5146195  0.5150341  0.5156064  0.51633507]
DDK8,A,1e-07,10,False,False,TDD,packagedrop,0.09,[0.10644963 0.15957844 0.21745723 0.26629502],[0.34998062 0.38198924 0.38853797 0.36094233],[25.037476 35.398403 48.631123 62.824078],[86.28841 89.32763 88.04576 85.75081],[8.124666 8.096632 8.053368 8.026547],[0.6325498  0.69080853 0.7671764  0.7985523 ],[8.144523 8.146372 8.146507 8.145758],[0.6222944 0.6648694 0.7096781 0.7541992]
DDK8,A,1e-07,30,False,False,TDD,packagedrop,0.09,[0.4611713  0.61583066 0.72037804 1.0043353 ],[0.8432223  0.93462896 0.8308661  1.1744435 ],[109.625336 115.88916  144.58194  211.11768 ],[269.47937 175.97906 151.61552 230.34811],[7.848385  7.640948  7.3397346 6.844057 ],[1.151941  1.2992302 1.4295087 1.5984678],[8.072836  8.0405245 7.9876432 7.931781 ],[0.9680374 1.0242085 1.0625325 1.0865595]
DDK8,A,3e-07,1,False,False,TDD,packagedrop,0.09,[0.00602385 0.00613918 0.00674669 0.00807728],[0.00329428 0.00344117 0.00409072 0.00577867],[1.6647713 1.6887348 1.8651407 2.24778  ],[1.0419503 1.0861892 1.3370526 1.9315194],[8.208837 8.210148 8.211026 8.211923],[0.3537222  0.354784   0.35608622 0.35743338],[8.213685 8.214922 8.216152 8.217376],[0.35320455 0.35431996 0.3555505  0.35689354]
DDK8,A,3e-07,10,False,False,TDD,packagedrop,0.09,[0.06372509 0.11420225 0.16734752 0.22666   ],[0.20189516 0.29929736 0.31558606 0.31534562],[16.433521 27.98443  41.96488  57.48399 ],[65.159645 86.05419  90.52806  93.47646 ],[8.151665 8.129601 8.093686 8.028647],[0.6307384  0.69173014 0.7570665  0.8338885 ],[8.171758 8.174995 8.178912 8.18387 ],[0.61714435 0.66222095 0.70273554 0.73701555]
DDK8,A,3e-07,30,False,False,TDD,packagedrop,0.09,[0.29389936 0.43982768 0.59214056 0.83853287],[0.4636746  0.66730785 0.48370472 0.9337097 ],[ 90.97745 101.78274 143.28671 194.78789],[192.93866 145.52501 139.00832 164.5198 ],[7.8647265 7.730081  7.5021877 7.191805 ],[1.0196275 1.1659219 1.3361638 1.5221902],[8.039328 8.043646 8.03752  8.038265],[0.90889144 0.95316565 1.0154774  1.050955  ]
DDK8,C,3e-08,1,False,False,TDD,packagedrop,0.09,[0.0078475  0.00929553 0.01395675 0.01988885],[0.01278043 0.01926354 0.03522942 0.05661714],[1.4194483 1.5642548 2.0955708 2.82214  ],[1.4213567 2.0836415 2.9470153 3.7104676],[8.318292 8.318722 8.318605 8.318223],[0.13168459 0.13414484 0.13705549 0.1403127 ],[8.320241 8.321053 8.321877 8.322711],[0.1314964  0.13392694 0.13672413 0.13986447]
DDK8,C,3e-08,10,False,False,TDD,packagedrop,0.09,[0.11846501 0.24602148 0.38712627 0.4853029 ],[0.25303483 0.38296357 0.48225382 0.4426666 ],[18.169645 37.20899  63.323242 94.13309 ],[45.275856 55.73072  68.98099  83.00578 ],[8.170929 8.046609 7.832807 7.638573],[0.45994577 0.6320547  1.0058864  1.1371938 ],[8.214156 8.200949 8.206897 8.228696],[0.43586653 0.47545165 0.5107417  0.53240734]
DDK8,C,3e-08,30,False,False,TDD,packagedrop,0.09,[0.5974049  0.93384916 1.0475041  1.1274154 ],[0.6819948  1.089337   0.90309024 0.7209249 ],[109.73454 177.4781  224.09363 249.69644],[122.959305 140.90396  149.44691  147.46729 ],[7.60672   6.9308844 6.6316533 6.173536 ],[1.2684934 1.6591691 1.4685067 1.4986433],[8.26459   8.2423935 8.200481  8.146262 ],[0.59722245 0.63432664 0.6843038  0.7340101 ]
DDK8,C,1e-07,1,False,False,TDD,packagedrop,0.09,[0.01038698 0.01071446 0.01237408 0.01455347],[0.00993512 0.01233387 0.01572942 0.01924076],[2.8431034 2.9233038 3.28588   3.8408349],[2.777445  3.4309936 4.3899846 5.3885574],[8.279285 8.278326 8.276512 8.274926],[0.20138922 0.20353603 0.20612241 0.20882963],[8.287666  8.286729  8.285783  8.2848215],[0.20094848 0.20314613 0.20554835 0.20814276]
DDK8,C,1e-07,10,False,False,TDD,packagedrop,0.09,[0.1063837  0.18977888 0.29047996 0.41085088],[0.30714512 0.4345525  0.44764304 0.50256664],[ 26.278557  45.85236   71.62127  103.51315 ],[ 73.86742  101.90314  103.354576 112.5504  ],[8.18953   8.133019  8.02338   7.8515387],[0.41082093 0.45898342 0.52043015 0.60368925],[8.228059 8.225114 8.221141 8.218307],[0.4063242  0.44373652 0.4743657  0.49637356]
DDK8,C,1e-07,30,False,False,TDD,packagedrop,0.09,[0.55145   0.7472892 0.9354504 0.916144 ],[0.6343102  0.63130486 0.81921715 0.3966071 ],[139.64449 184.98541 221.26445 249.12047],[197.72719 164.73264 147.27153 147.54604],[7.7429914 7.20203   6.655243  6.3495917],[0.84345585 1.1413352  1.3959324  1.3880206 ],[8.210542 8.202722 8.19268  8.180748],[0.5592177  0.55600965 0.5821842  0.64674735]
DDK8,C,3e-07,1,False,False,TDD,packagedrop,0.09,[0.00984412 0.01004001 0.01099786 0.01293809],[0.00253995 0.0030549  0.00454096 0.00893604],[2.952218  3.0159237 3.2914093 3.876698 ],[0.79368436 0.95345086 1.4715489  3.0471108 ],[8.304778 8.304564 8.304044 8.30309 ],[0.12801465 0.12925735 0.13084471 0.1326967 ],[8.30922  8.309395 8.309544 8.309666],[0.12782563 0.12907478 0.13059264 0.132371  ]
DDK8,C,3e-07,10,False,False,TDD,packagedrop,0.09,[0.07405692 0.13131715 0.19263227 0.27033824],[0.220407   0.2510689  0.22648513 0.24453944],[22.226616 37.10594  52.852936 74.21565 ],[76.86584 81.66222 68.40687 70.21453],[8.214073  8.137379  7.9982896 7.9013186],[0.35240966 0.4646576  0.73449045 0.679202  ],[8.250104 8.243475 8.238306 8.233626],[0.33855358 0.37196392 0.40309045 0.43264046]
DDK8,C,3e-07,30,False,False,TDD,packagedrop,0.09,[0.30471066 0.466297   0.6542183  0.7326117 ],[0.44168454 0.35183793 0.39319003 0.29999828],[ 84.685715 121.84135  191.24977  225.16043 ],[154.55779  86.67753 155.39058 154.27219],[7.8265576 7.546984  7.160342  6.9240985],[1.0484818 1.1173905 1.280946  1.3277009],[8.243394  8.2595005 8.280929  8.2970915],[0.5275148  0.56576973 0.5995795  0.6289665 ]
DDK8,D,3e-08,1,False,False,TDD,packagedrop,0.09,[0.00124504 0.00142996 0.0019294  0.00261549],[0.00135876 0.00128647 0.00185599 0.00301223],[0.35695046 0.40868267 0.555448   0.7537423 ],[0.39756247 0.37257484 0.54801226 0.89016354],[8.313568 8.313399 8.312965 8.31261 ],[0.16908345 0.16943558 0.16987802 0.17036787],[8.314398 8.314319 8.314234 8.314145],[0.1689577  0.1692839  0.16965668 0.17007592]
DDK8,D,3e-08,10,False,False,TDD,packagedrop,0.09,[0.03862464 0.08956521 0.1361232  0.16827916],[0.1393571  0.23636475 0.26765803 0.27217877],[12.674064 28.8346   42.44034  51.81588 ],[50.995567 85.79467  89.87683  89.376   ],[8.310952 8.304521 8.295797 8.263883],[0.22007446 0.22891897 0.240508   0.3088272 ],[8.316226 8.317209 8.319232 8.322231],[0.22064124 0.22971565 0.23861213 0.24789669]
DDK8,D,3e-08,30,False,False,TDD,packagedrop,0.09,[0.25344983 0.29002717 0.3729542  0.38691074],[0.5689716  0.40355292 0.60021657 0.3667862 ],[ 75.09575   84.61924  111.176445 113.19014 ],[174.56     119.47717  201.91405  113.707275],[8.23522  8.145609 8.06882  8.00523 ],[0.33030933 0.38983998 0.52456844 0.5305608 ],[8.279626 8.265633 8.254636 8.245803],[0.3149234  0.33140603 0.3475315  0.37491977]
DDK8,D,1e-07,1,False,False,TDD,packagedrop,0.09,[0.00212015 0.0025386  0.00367063 0.00513193],[0.00257441 0.00351271 0.00674021 0.01039122],[0.634856  0.762944  1.1052351 1.5503446],[0.7678522 1.0520871 2.0213408 3.1463065],[8.307205 8.307308 8.306954 8.306819],[0.04593009 0.04708091 0.04836166 0.04975644],[8.30858  8.308749 8.308917 8.309082],[0.04570846 0.04691132 0.04821616 0.04961289]
DDK8,D,1e-07,10,False,False,TDD,packagedrop,0.09,[0.10517375 0.14512932 0.17257616 0.20130397],[0.43796575 0.48888227 0.39668667 0.3452952 ],[31.174894 43.03587  51.28566  60.513737],[128.90222 144.2331  116.49498 104.33104],[8.295534 8.290087 8.280422 8.252134],[0.14421698 0.16514409 0.18538983 0.23922269],[8.302197 8.302738 8.303449 8.304353],[0.14413556 0.16243479 0.18018848 0.19722274]
DDK8,D,1e-07,30,False,False,TDD,packagedrop,0.09,[0.26607987 0.32089698 0.41015825 0.48327014],[0.5593682  0.49819878 0.49522424 0.39596915],[ 80.32522  98.46625 127.83353 148.04422],[163.98729 147.22029 149.11656 123.45334],[8.265504 8.209414 8.172693 8.086301],[0.2933847  0.37260866 0.37463617 0.4723683 ],[8.307436 8.310596 8.312113 8.31137 ],[0.28931206 0.31602684 0.33770058 0.35521185]
DDK8,D,3e-07,1,False,False,TDD,packagedrop,0.09,[0.00389069 0.0043194  0.0053547  0.00665547],[0.00362119 0.00493138 0.00687032 0.01028616],[1.152967  1.2839452 1.5905604 1.9758492],[1.0777637 1.4723951 2.0542848 3.0759125],[8.301194 8.301211 8.300458 8.300218],[0.02179    0.02329505 0.02502749 0.02676396],[8.304571 8.304598 8.304624 8.304644],[0.02125929 0.02278931 0.02444145 0.02619203]
DDK8,D,3e-07,10,False,False,TDD,packagedrop,0.09,[0.06558239 0.10548444 0.15362819 0.18661746],[0.14735392 0.19592036 0.2502774  0.2574045 ],[20.014212 32.15254  46.59233  56.445923],[45.495415 61.793335 78.546234 80.44238 ],[8.283618 8.266923 8.241692 8.233563],[0.13631661 0.17130499 0.28593126 0.25631404],[8.291802 8.291453 8.291422 8.291797],[0.13622427 0.15536554 0.17447104 0.193445  ]
DDK8,D,3e-07,30,False,False,TDD,packagedrop,0.09,[0.38658854 0.34306693 0.3870544  0.5063062 ],[0.7452987  0.6223088  0.45997888 0.6643887 ],[120.98263 105.0096  118.46125 149.31871],[245.84418 204.75659 157.54636 195.66765],[8.266674 8.190343 8.197451 8.05718 ],[0.27163288 0.48804945 0.349534   0.5898409 ],[8.314291 8.305841 8.296564 8.287483],[0.25759736 0.28634158 0.31637365 0.34177953]
DDK8,A,3e-08,1,False,False,TDD,packagedrop,0.08,[0.00346747 0.00368028 0.00509185 0.007008  ],[0.0016006  0.00195598 0.00325736 0.0062094 ],[0.87781245 0.89457494 1.1993034  1.6105816 ],[0.30292118 0.3479474  0.5561384  1.1788247 ],[8.330454 8.329134 8.327601 8.325886],[0.19011934 0.19470213 0.19965693 0.20496163],[8.330993 8.329849 8.328677 8.327478],[0.19007084 0.19461922 0.19951843 0.20474008]
DDK8,A,3e-08,10,False,False,TDD,packagedrop,0.08,[0.07682934 0.14536637 0.25754324 0.29821187],[0.1820255  0.23345612 0.51032877 0.34282923],[18.347324 29.922318 46.164356 60.577686],[61.95688  69.223015 70.66223  66.20063 ],[8.186977 8.157035 8.09675  8.00099 ],[0.55859834 0.63408905 0.7295347  0.88992614],[8.202797 8.202787 8.20477  8.210616],[0.5486622  0.603959   0.65337497 0.69756156]
DDK8,A,3e-08,30,False,False,TDD,packagedrop,0.08,[1.0295923 0.8233534 0.9789895 1.0406673],[5.1277494 2.1396506 2.0609677 1.6567476],[ 63.38773  96.62818 139.4424  181.71529],[121.360794 139.6875   146.14749  183.16214 ],[7.6712275 7.5100317 7.2988434 7.0233655],[1.2686332 1.3001049 1.2967842 1.5017204],[7.9305916 7.937528  7.938669  7.9467754],[0.94080913 0.97129947 1.0151565  1.0446168 ]
DDK8,A,1e-07,1,False,False,TDD,packagedrop,0.08,[0.0113715  0.01178927 0.0135673  0.01564583],[0.00445579 0.00832411 0.01233068 0.02256577],[3.3809009 3.4140716 3.712009  4.0678988],[2.337046  2.3336844 2.9744864 4.433102 ],[8.25911  8.259882 8.260266 8.26042 ],[0.51537204 0.5157873  0.5166368  0.5180346 ],[8.262489 8.263346 8.264196 8.265036],[0.5146195  0.5150341  0.5156064  0.51633507]
DDK8,A,1e-07,10,False,False,TDD,packagedrop,0.08,[0.11152745 0.17207131 0.21534579 0.26068854],[0.40047646 0.455077   0.40248272 0.3608304 ],[24.725866 39.004364 51.0527   66.49964 ],[ 81.30975 104.55967 105.99103 118.06453],[8.125855 8.104198 8.065592 8.015039],[0.6291667  0.6801604  0.73741186 0.8003203 ],[8.144523 8.146372 8.146507 8.145758],[0.6222944 0.6648694 0.7096781 0.7541992]
DDK8,A,1e-07,30,False,False,TDD,packagedrop,0.08,[0.3586871 0.5889457 0.7204552 0.9372395],[0.72864157 1.3217825  0.882831   1.1343706 ],[ 76.37341  98.03907 137.40721 189.04681],[181.3165  144.83319 150.35602 185.98541],[7.919361  7.6991363 7.372481  6.9745507],[1.0582446 1.2443918 1.4160411 1.4836717],[8.072836  8.0405245 7.9876432 7.931781 ],[0.9680374 1.0242085 1.0625325 1.0865595]
DDK8,A,3e-07,1,False,False,TDD,packagedrop,0.08,[0.0058883  0.006017   0.00667205 0.00771289],[0.00373752 0.00418143 0.00523717 0.00730726],[1.6202084 1.6408074 1.8345283 2.113198 ],[1.116641  1.2453955 1.5953405 2.1802573],[8.208831 8.210167 8.211032 8.211922],[0.35374448 0.354841   0.35615736 0.3575255 ],[8.213685 8.214922 8.216152 8.217376],[0.35320455 0.35431996 0.3555505  0.35689354]
DDK8,A,3e-07,10,False,False,TDD,packagedrop,0.08,[0.05572594 0.10368133 0.15731037 0.2078597 ],[0.15216151 0.24315408 0.28314894 0.28770453],[14.291577 26.212963 39.44045  52.314102],[47.004208 74.86428  85.00266  85.31312 ],[8.153141 8.132299 8.09525  8.020068],[0.6261251  0.6858503  0.75480986 0.8710774 ],[8.171758 8.174995 8.178912 8.18387 ],[0.61714435 0.66222095 0.70273554 0.73701555]
DDK8,A,3e-07,30,False,False,TDD,packagedrop,0.08,[0.31502998 0.4043154  0.6133606  0.73376083],[0.5636627  0.53901976 0.6428644  0.6144763 ],[ 79.7674   104.864494 143.22363  190.9689  ],[159.59773 168.61035 154.50934 187.81345],[7.868536  7.772047  7.4898252 7.323285 ],[0.967766  1.0774355 1.4094164 1.3994802],[8.039328 8.043646 8.03752  8.038265],[0.90889144 0.95316565 1.0154774  1.050955  ]
DDK8,C,3e-08,1,False,False,TDD,packagedrop,0.08,[0.00601989 0.00661509 0.00923179 0.01197658],[0.00275471 0.0036941  0.00587537 0.00862366],[1.2097192 1.2799608 1.6341242 1.9961908],[0.7188519 0.9984886 1.3724697 1.704139 ],[8.3184805 8.319064  8.319169  8.319105 ],[0.13164075 0.13406633 0.1369257  0.14007008],[8.320241 8.321053 8.321877 8.322711],[0.1314964  0.13392694 0.13672413 0.13986447]
DDK8,C,3e-08,10,False,False,TDD,packagedrop,0.08,[0.11192968 0.22973455 0.3583702  0.48424587],[0.32500854 0.39963827 0.4390514  0.4674676 ],[21.638178 39.186794 65.67381  95.437614],[78.51338  85.69873  88.629    88.760345],[8.184876  8.0997925 7.9632125 7.757789 ],[0.44200382 0.5188799  0.6598372  0.90596044],[8.214156 8.200949 8.206897 8.228696],[0.43586653 0.47545165 0.5107417  0.53240734]
DDK8,C,3e-08,30,False,False,TDD,packagedrop,0.08,[0.5554651  0.9257677  0.99695444 1.1385796 ],[0.70440155 0.88586074 0.5556387  0.6165216 ],[107.70626 175.57452 221.69131 252.46252],[139.6524  149.12466 146.44322 154.40399],[7.678682  7.0219183 6.4493537 6.089547 ],[1.0899243 1.503805  1.5926527 1.6037679],[8.26459   8.2423935 8.200481  8.146262 ],[0.59722245 0.63432664 0.6843038  0.7340101 ]
DDK8,C,1e-07,1,False,False,TDD,packagedrop,0.08,[0.00906502 0.00915819 0.01046727 0.01199522],[0.00227162 0.00270781 0.00415205 0.00816188],[2.4788308 2.4938772 2.745495  3.0899665],[0.6552987  0.83504146 1.1007711  2.0681317 ],[8.279329 8.278429 8.276621 8.275045],[0.20146629 0.20362595 0.20632195 0.20925249],[8.287666  8.286729  8.285783  8.2848215],[0.20094848 0.20314613 0.20554835 0.20814276]
DDK8,C,1e-07,10,False,False,TDD,packagedrop,0.08,[0.0985138  0.1804501  0.28658265 0.40681493],[0.21763098 0.28010616 0.3239179  0.33816752],[ 25.63719   47.774414  78.54247  112.74187 ],[ 56.0882   84.98247 109.04473 127.54018],[8.184339  8.110529  7.978391  7.7876573],[0.40541974 0.4637064  0.5411334  0.6442838 ],[8.228059 8.225114 8.221141 8.218307],[0.4063242  0.44373652 0.4743657  0.49637356]
DDK8,C,1e-07,30,False,False,TDD,packagedrop,0.08,[0.4185739  0.6073176  0.79604703 0.86791754],[0.5269419  0.48815015 0.46448973 0.31804314],[ 91.78671 144.5017  194.21078 231.55042],[126.935356 115.23564  125.1808   135.98923 ],[7.747992  7.3203797 6.842656  6.433707 ],[1.0316728 1.0702744 1.2309918 1.2911824],[8.210542 8.202722 8.19268  8.180748],[0.5592177  0.55600965 0.5821842  0.64674735]
DDK8,C,3e-07,1,False,False,TDD,packagedrop,0.08,[0.00970607 0.00987541 0.01060233 0.01207679],[0.00212691 0.00257724 0.00357607 0.00563692],[2.9093223 2.9621742 3.1611228 3.5651581],[0.6451741 0.7538378 1.0573063 1.6705201],[8.304795  8.3045845 8.304033  8.303115 ],[0.12802762 0.12928118 0.13088582 0.13280953],[8.30922  8.309395 8.309544 8.309666],[0.12782563 0.12907478 0.13059264 0.132371  ]
DDK8,C,3e-07,10,False,False,TDD,packagedrop,0.08,[0.09535626 0.15522142 0.22092214 0.27679965],[0.29828042 0.41077116 0.42752385 0.38399214],[30.964483 49.912586 67.12977  81.13527 ],[119.17734 162.49496 164.39767 146.5447 ],[8.216231 8.156955 8.043873 7.943222],[0.34165686 0.41253194 0.61734176 0.68213636],[8.250104 8.243475 8.238306 8.233626],[0.33855358 0.37196392 0.40309045 0.43264046]
DDK8,C,3e-07,30,False,False,TDD,packagedrop,0.08,[0.3450222 0.5058134 0.671818  0.7733816],[0.4555467  0.41509715 0.4416189  0.44203597],[ 95.252556 138.95523  188.84344  228.79933 ],[154.52571 134.66412 135.19383 147.11037],[7.8263097 7.422975  7.1354723 6.7780824],[0.89753884 1.1798058  1.298947   1.5094831 ],[8.243394  8.2595005 8.280929  8.2970915],[0.5275148  0.56576973 0.5995795  0.6289665 ]
DDK8,D,3e-08,1,False,False,TDD,packagedrop,0.08,[0.00133529 0.00160797 0.0020298  0.00287728],[0.00104872 0.00130919 0.00199671 0.00439299],[0.38032815 0.452058   0.5786723  0.82718796],[0.28673074 0.3310481  0.53211105 1.2494754 ],[8.3135605 8.313347  8.312886  8.312484 ],[0.16909195 0.16948564 0.16993493 0.1704597 ],[8.314398 8.314319 8.314234 8.314145],[0.1689577  0.1692839  0.16965668 0.17007592]
DDK8,D,3e-08,10,False,False,TDD,packagedrop,0.08,[0.05568926 0.09428606 0.13479286 0.16990623],[0.1706463  0.23853293 0.24841051 0.2586849 ],[17.814781 29.210142 41.909508 52.422714],[58.136124 79.72546  84.90691  85.3892  ],[8.310637 8.30047  8.288772 8.247494],[0.22095603 0.24270907 0.25013503 0.4054559 ],[8.316226 8.317209 8.319232 8.322231],[0.22064124 0.22971565 0.23861213 0.24789669]
DDK8,D,3e-08,30,False,False,TDD,packagedrop,0.08,[0.2749427  0.295069   0.39221126 0.4788303 ],[0.6091493  0.43446487 0.5640243  0.5164131 ],[ 85.33799   87.973564 115.766846 136.30316 ],[217.94496 140.0706  197.19855 150.56383],[8.220701 8.135129 8.079296 7.979281],[0.3552674  0.47094867 0.44121358 0.6639834 ],[8.279626 8.265633 8.254636 8.245803],[0.3149234  0.33140603 0.3475315  0.37491977]
DDK8,D,1e-07,1,False,False,TDD,packagedrop,0.08,[0.00199404 0.00264312 0.00381161 0.00631144],[0.00200153 0.00371924 0.00784774 0.01869478],[0.60071164 0.79689604 1.1500946  1.9075125 ],[0.63591343 1.1419312  2.3693151  5.618986  ],[8.307194 8.30727  8.306926 8.306687],[0.04594903 0.04714696 0.04848119 0.0499304 ],[8.30858  8.308749 8.308917 8.309082],[0.04570846 0.04691132 0.04821616 0.04961289]
DDK8,D,1e-07,10,False,False,TDD,packagedrop,0.08,[0.07061774 0.10940181 0.1453843  0.17387171],[0.2222813  0.2788687  0.29316184 0.2950618 ],[20.724644 31.962078 42.46632  50.94719 ],[64.65996  81.134834 85.31105  85.83592 ],[8.296209 8.29123  8.281347 8.268055],[0.14559072 0.16603036 0.1880485  0.21251418],[8.302197 8.302738 8.303449 8.304353],[0.14413556 0.16243479 0.18018848 0.19722274]
DDK8,D,1e-07,30,False,False,TDD,packagedrop,0.08,[0.16419844 0.25596902 0.34332284 0.38060424],[0.3810478  0.4144094  0.70060676 0.4623787 ],[ 49.015415  80.53216  100.58956  113.537315],[109.50775 142.17676 183.55327 143.56056],[8.276295 8.185816 8.187949 8.142287],[0.2904616  0.42794892 0.38084576 0.5202267 ],[8.307436 8.310596 8.312113 8.31137 ],[0.28931206 0.31602684 0.33770058 0.35521185]
DDK8,D,3e-07,1,False,False,TDD,packagedrop,0.08,[0.00313028 0.00329126 0.00417483 0.00468495],[0.00151555 0.0016052  0.00238232 0.00415212],[0.92520124 0.97694343 1.2394214  1.3911486 ],[0.44569156 0.4748673  0.7252421  1.2712761 ],[8.301218 8.301271 8.300565 8.300368],[0.02179379 0.02325603 0.02490894 0.02665625],[8.304571 8.304598 8.304624 8.304644],[0.02125929 0.02278931 0.02444145 0.02619203]
DDK8,D,3e-07,10,False,False,TDD,packagedrop,0.08,[0.03069696 0.06454238 0.09817441 0.1347929 ],[0.07440975 0.13229807 0.1589651  0.20205246],[ 9.42294  19.764828 29.997864 41.114887],[23.590986 41.660725 50.493572 63.98052 ],[8.284674 8.277359 8.26709  8.252704],[0.13608101 0.15587837 0.1767025  0.19964065],[8.291802 8.291453 8.291422 8.291797],[0.13622427 0.15536554 0.17447104 0.193445  ]
DDK8,D,3e-07,30,False,False,TDD,packagedrop,0.08,[0.27284455 0.2588774  0.3540105  0.38414738],[0.58458513 0.4168391  0.41202995 0.39853442],[ 80.783455  75.464645 104.44559  114.198875],[169.16101 116.0239  120.49332 121.11626],[8.265027 8.22471  8.182815 8.096231],[0.2881685  0.37605712 0.36735168 0.5143401 ],[8.314291 8.305841 8.296564 8.287483],[0.25759736 0.28634158 0.31637365 0.34177953]
DDK8,A,3e-08,1,False,False,TDD,packagedrop,0.07,[0.0034404  0.00363653 0.00493803 0.00642696],[0.00162648 0.00193274 0.00298858 0.00486561],[0.87201047 0.88507915 1.1633555  1.4250875 ],[0.38952616 0.39774922 0.70053107 0.90265864],[8.330468 8.329174 8.327667 8.326026],[0.19011804 0.19468835 0.19963613 0.20493132],[8.330993 8.329849 8.328677 8.327478],[0.19007084 0.19461922 0.19951843 0.20474008]
DDK8,A,3e-08,10,False,False,TDD,packagedrop,0.07,[0.03382527 0.09417129 0.15772243 0.23750333],[0.04463065 0.11975829 0.1608879  0.262069  ],[ 5.788617 16.5058   30.438051 48.04053 ],[ 9.19759  26.27823  37.44079  53.652664],[8.191662 8.165605 8.126859 8.072188],[0.55260766 0.6188088  0.6962596  0.77247447],[8.202797 8.202787 8.20477  8.210616],[0.5486622  0.603959   0.65337497 0.69756156]
DDK8,A,3e-08,30,False,False,TDD,packagedrop,0.07,[0.62519366 0.8196675  0.92024803 1.1358342 ],[1.8316816 2.1125796 1.7199697 2.087546 ],[ 71.651024  91.7281   156.3469   201.84698 ],[146.18408 127.19304 198.06392 217.81717],[7.6931844 7.5413575 7.2881756 7.0855327],[1.151452  1.2592206 1.4000697 1.3788959],[7.9305916 7.937528  7.938669  7.9467754],[0.94080913 0.97129947 1.0151565  1.0446168 ]
DDK8,A,1e-07,1,False,False,TDD,packagedrop,0.07,[0.01090628 0.01063779 0.01187921 0.01274166],[0.00163332 0.00196412 0.00322854 0.00468061],[3.1888752 3.109416  3.290776  3.3994906],[1.0862417 1.0816554 1.162796  1.300404 ],[8.259134 8.259957 8.260365 8.260702],[0.51541764 0.5157884  0.51666296 0.5177751 ],[8.262489 8.263346 8.264196 8.265036],[0.5146195  0.5150341  0.5156064  0.51633507]
DDK8,A,1e-07,10,False,False,TDD,packagedrop,0.07,[0.0480587  0.09049576 0.1436643  0.18729413],[0.11088257 0.18670434 0.27408624 0.23211114],[11.371508 18.642113 28.205967 41.157867],[40.31747  51.170235 55.891685 56.86042 ],[8.130353 8.112528 8.082186 8.043589],[0.62819844 0.6801726  0.73842204 0.8010782 ],[8.144523 8.146372 8.146507 8.145758],[0.6222944 0.6648694 0.7096781 0.7541992]
DDK8,A,1e-07,30,False,False,TDD,packagedrop,0.07,[0.6157505  0.8790818  0.93642527 1.0723513 ],[1.3310448 2.7015393 1.6628008 1.6095796],[104.43641 120.16078 154.06973 191.43   ],[203.30327 191.6529  165.56874 171.08517],[7.85972   7.565382  7.3367586 6.9576178],[1.1353544 1.371617  1.4622027 1.4778125],[8.072836  8.0405245 7.9876432 7.931781 ],[0.9680374 1.0242085 1.0625325 1.0865595]
DDK8,A,3e-07,1,False,False,TDD,packagedrop,0.07,[0.00560769 0.00564996 0.0059909  0.00664413],[0.00328756 0.00324027 0.00328178 0.00377491],[1.5353599 1.5325768 1.6195625 1.7847801],[0.97686946 0.9571609  0.98487836 1.1486001 ],[8.20894  8.210215 8.21115  8.212015],[0.35372216 0.35483322 0.35613707 0.35749117],[8.213685 8.214922 8.216152 8.217376],[0.35320455 0.35431996 0.3555505  0.35689354]
DDK8,A,3e-07,10,False,False,TDD,packagedrop,0.07,[0.03358417 0.07200554 0.11524806 0.17006999],[0.06911416 0.14224753 0.18150443 0.20668645],[ 8.810681 19.181147 29.89338  43.487938],[24.874079 53.21786  68.34786  78.63318 ],[8.155769  8.1400385 8.110152  8.063476 ],[0.6244189  0.68043846 0.7415887  0.80778277],[8.171758 8.174995 8.178912 8.18387 ],[0.61714435 0.66222095 0.70273554 0.73701555]
DDK8,A,3e-07,30,False,False,TDD,packagedrop,0.07,[0.39364326 0.47372562 0.6275575  0.6929005 ],[0.85696346 0.90272623 0.7746279  0.5213034 ],[119.03275 118.50302 164.93382 194.70868],[323.95587 208.13222 225.00987 192.19095],[7.890989  7.7091436 7.511468  7.1694384],[1.0298277 1.1288329 1.3127142 1.5666593],[8.039328 8.043646 8.03752  8.038265],[0.90889144 0.95316565 1.0154774  1.050955  ]
DDK8,C,3e-08,1,False,False,TDD,packagedrop,0.07,[0.00620813 0.00709396 0.0106768  0.01544346],[0.00444914 0.0070205  0.01507833 0.02706389],[1.1655129 1.2674401 1.7412595 2.508152 ],[0.4001289  0.76738864 2.0133548  4.6882205 ],[8.318439 8.318978 8.318967 8.318608],[0.13162194 0.13405164 0.13689582 0.14001589],[8.320241 8.321053 8.321877 8.322711],[0.1314964  0.13392694 0.13672413 0.13986447]
DDK8,C,3e-08,10,False,False,TDD,packagedrop,0.07,[0.07568031 0.1798661  0.3247256  0.4458515 ],[0.14880209 0.21996254 0.32999972 0.36259744],[11.004822 27.210274 52.147552 85.10867 ],[25.307005 36.08608  54.580025 73.40195 ],[8.186635  8.105422  7.970433  7.7782345],[0.44818273 0.5255141  0.6663476  0.8595651 ],[8.214156 8.200949 8.206897 8.228696],[0.43586653 0.47545165 0.5107417  0.53240734]
DDK8,C,3e-08,30,False,False,TDD,packagedrop,0.07,[0.52335286 0.86728185 0.95892525 1.0810103 ],[0.63038623 0.7233568  0.5420586  0.5553846 ],[110.30077 175.45918 214.85498 241.09799],[163.65092 151.04294 138.70071 138.95293],[7.768705  7.136579  6.6187596 6.285198 ],[0.96663284 1.206261   1.3844545  1.4360952 ],[8.26459   8.2423935 8.200481  8.146262 ],[0.59722245 0.63432664 0.6843038  0.7340101 ]
DDK8,C,1e-07,1,False,False,TDD,packagedrop,0.07,[0.00901974 0.00901718 0.01021697 0.01152146],[0.0018382  0.00198185 0.00263966 0.00436209],[2.453128  2.4427655 2.692496  3.0240774],[0.44645792 0.46784896 0.6476809  1.306361  ],[8.279317  8.278354  8.2765465 8.274997 ],[0.20144458 0.20363644 0.20616001 0.20887442],[8.287666  8.286729  8.285783  8.2848215],[0.20094848 0.20314613 0.20554835 0.20814276]
DDK8,C,1e-07,10,False,False,TDD,packagedrop,0.07,[0.09644345 0.20302337 0.3147734  0.41976494],[0.20793335 0.3908928  0.43377382 0.41647744],[ 26.558199  52.920937  80.194046 108.41921 ],[ 69.19266 122.49802 126.31964 124.25756],[8.180847 8.103091 7.967444 7.794795],[0.41037026 0.48479074 0.5708747  0.6874791 ],[8.228059 8.225114 8.221141 8.218307],[0.4063242  0.44373652 0.4743657  0.49637356]
DDK8,C,1e-07,30,False,False,TDD,packagedrop,0.07,[0.617778   0.76158226 0.88309973 0.9233134 ],[0.90191495 0.73719716 0.6153743  0.44020563],[162.37543 188.49965 214.57895 241.29721],[274.51108 187.55583 153.14859 133.74596],[7.713824  7.2250175 6.955603  6.513515 ],[1.0614797 1.2525887 1.038893  1.21449  ],[8.210542 8.202722 8.19268  8.180748],[0.5592177  0.55600965 0.5821842  0.64674735]
DDK8,C,3e-07,1,False,False,TDD,packagedrop,0.07,[0.00940629 0.00941746 0.00992882 0.01093918],[0.00160924 0.00169118 0.00199493 0.00285627],[2.8178098 2.827941  2.959703  3.2277648],[0.52187014 0.5427162  0.62059796 0.8401087 ],[8.304891 8.304736 8.304271 8.30347 ],[0.1279869  0.1292056  0.13076937 0.13265963],[8.30922  8.309395 8.309544 8.309666],[0.12782563 0.12907478 0.13059264 0.132371  ]
DDK8,C,3e-07,10,False,False,TDD,packagedrop,0.07,[0.06744543 0.12212746 0.18369988 0.25512218],[0.20662937 0.29446557 0.31576216 0.31349882],[19.81739  34.405914 51.201572 70.9848  ],[59.236164 80.44169  86.90364  90.57881 ],[8.215664  8.1588955 8.068493  7.9335256],[0.35128105 0.42554817 0.5283599  0.7016815 ],[8.250104 8.243475 8.238306 8.233626],[0.33855358 0.37196392 0.40309045 0.43264046]
DDK8,C,3e-07,30,False,False,TDD,packagedrop,0.07,[0.43473533 0.557878   0.7189716  0.78692245],[0.6672367  0.49277696 0.4444699  0.3657266 ],[120.25528 156.04466 209.10345 236.24303],[224.7768  172.31102 154.92767 142.0851 ],[7.807594  7.452711  7.077694  6.7910824],[0.94889843 1.1725633  1.3326619  1.3636872 ],[8.243394  8.2595005 8.280929  8.2970915],[0.5275148  0.56576973 0.5995795  0.6289665 ]
DDK8,D,3e-08,1,False,False,TDD,packagedrop,0.07,[0.00139186 0.00166475 0.00230716 0.00298462],[0.00178719 0.00219166 0.00407697 0.00579871],[0.398638   0.47656688 0.66002333 0.86095405],[0.50622874 0.6163223  1.1446531  1.6432248 ],[8.313557 8.313377 8.312941 8.31258 ],[0.16907497 0.16941865 0.16986142 0.1703279 ],[8.314398 8.314319 8.314234 8.314145],[0.1689577  0.1692839  0.16965668 0.17007592]
DDK8,D,3e-08,10,False,False,TDD,packagedrop,0.07,[0.06342051 0.11024529 0.15413725 0.18906687],[0.21914743 0.33620036 0.39240408 0.39917067],[18.615036 32.78777  45.983643 57.465908],[ 62.488056  96.94822  113.01683  120.338806],[8.3111   8.305041 8.29665  8.282482],[0.2216609  0.23129596 0.2438397  0.2603438 ],[8.316226 8.317209 8.319232 8.322231],[0.22064124 0.22971565 0.23861213 0.24789669]
DDK8,D,3e-08,30,False,False,TDD,packagedrop,0.07,[0.24494752 0.2932213  0.34318894 0.41760623],[0.56531596 0.4617044  0.43558216 0.38085052],[ 73.06941  88.87162 103.76011 122.10764],[187.43295  163.33229  162.47668  117.316025],[8.210762  8.168216  8.074811  7.9569945],[0.41482532 0.36749882 0.44706142 0.643749  ],[8.279626 8.265633 8.254636 8.245803],[0.3149234  0.33140603 0.3475315  0.37491977]
DDK8,D,1e-07,1,False,False,TDD,packagedrop,0.07,[0.00170192 0.00199847 0.00244752 0.00297854],[0.00117372 0.0013381  0.00151093 0.00291585],[0.51059383 0.60091174 0.7346105  0.8923576 ],[0.36115143 0.41523334 0.45954683 0.8697104 ],[8.307212 8.307313 8.307036 8.306938],[0.04594821 0.04714783 0.04847276 0.04990117],[8.30858  8.308749 8.308917 8.309082],[0.04570846 0.04691132 0.04821616 0.04961289]
DDK8,D,1e-07,10,False,False,TDD,packagedrop,0.07,[0.052877   0.09235882 0.12834623 0.17577022],[0.1600329  0.23834732 0.26661083 0.30562747],[15.234562 26.71929  37.148937 51.3438  ],[45.731552 68.05327  75.72627  89.01175 ],[8.296759 8.290527 8.280314 8.256257],[0.14513373 0.167577   0.19006957 0.22257501],[8.302197 8.302738 8.303449 8.304353],[0.14413556 0.16243479 0.18018848 0.19722274]
DDK8,D,1e-07,30,False,False,TDD,packagedrop,0.07,[0.21159072 0.27414906 0.3850347  0.39986777],[0.4494314  0.48016396 0.5148703  0.4079175 ],[ 61.307545  80.33969  113.933586 118.96498 ],[131.0184  142.43561 155.0945  122.61661],[8.268461  8.218631  8.1585245 8.123071 ],[0.30244315 0.36857432 0.47336677 0.47632584],[8.307436 8.310596 8.312113 8.31137 ],[0.28931206 0.31602684 0.33770058 0.35521185]
DDK8,D,3e-07,1,False,False,TDD,packagedrop,0.07,[0.00324525 0.00338902 0.00438701 0.00520169],[0.00189114 0.00215146 0.00285388 0.00488206],[0.95961   1.00572   1.3022197 1.5463824],[0.56138855 0.6418908  0.85606056 1.4689714 ],[8.30121   8.3012705 8.300541  8.300312 ],[0.02180948 0.02329934 0.02501958 0.02679384],[8.304571 8.304598 8.304624 8.304644],[0.02125929 0.02278931 0.02444145 0.02619203]
DDK8,D,3e-07,10,False,False,TDD,packagedrop,0.07,[0.07058579 0.11484575 0.1548298  0.17504619],[0.22541681 0.30900982 0.33617228 0.31525305],[20.828768 34.177574 45.913326 51.704918],[ 65.81544  94.07332 101.3396   92.80705],[8.283875 8.277828 8.271304 8.240403],[0.13629436 0.15679578 0.17722958 0.2720786 ],[8.291802 8.291453 8.291422 8.291797],[0.13622427 0.15536554 0.17447104 0.193445  ]
DDK8,D,3e-07,30,False,False,TDD,packagedrop,0.07,[0.26921466 0.3443792  0.4485991  0.45603305],[0.5312849  0.6693966  0.5674535  0.52699405],[ 81.51888 106.36828 136.39859 137.04271],[167.29764 220.9322  179.92303 158.7198 ],[8.236867 8.242395 8.175719 8.108436],[0.35424283 0.30876273 0.3786838  0.5897897 ],[8.314291 8.305841 8.296564 8.287483],[0.25759736 0.28634158 0.31637365 0.34177953]
DDK8,A,3e-08,1,False,False,TDD,packagedrop,0.06,[0.00379761 0.00415122 0.00565127 0.00738337],[0.00231885 0.00289073 0.00412724 0.00665843],[0.9814687 1.0458366 1.3668387 1.736792 ],[0.64733016 0.8385533  1.1457738  1.8021903 ],[8.330459 8.329153 8.327636 8.325966],[0.19010723 0.19468069 0.19962953 0.20493701],[8.330993 8.329849 8.328677 8.327478],[0.19007084 0.19461922 0.19951843 0.20474008]
DDK8,A,3e-08,10,False,False,TDD,packagedrop,0.06,[0.06420645 0.14537963 0.22111648 0.30655795],[0.11476734 0.20573916 0.27267691 0.3619561 ],[14.922184 31.871502 45.963516 64.19406 ],[34.801094 60.11167  74.04706  85.4115  ],[8.190376 8.137292 8.116057 8.054259],[0.5542851  0.67299974 0.703945   0.8033083 ],[8.202797 8.202787 8.20477  8.210616],[0.5486622  0.603959   0.65337497 0.69756156]
DDK8,A,3e-08,30,False,False,TDD,packagedrop,0.06,[0.47227424 0.6031012  0.7862812  0.8886398 ],[1.0207828 0.8073615 0.8696786 0.7993907],[ 61.588207  83.87456  128.2932   174.71587 ],[154.62982 129.7043  130.1395  159.40138],[7.71209   7.5757103 7.2984686 7.0367146],[1.1566242 1.2022487 1.4543737 1.5777724],[7.9305916 7.937528  7.938669  7.9467754],[0.94080913 0.97129947 1.0151565  1.0446168 ]
DDK8,A,1e-07,1,False,False,TDD,packagedrop,0.06,[0.01084024 0.0106707  0.01209278 0.01380564],[0.00129103 0.0015424  0.00328389 0.00764245],[3.2049656 3.1686947 3.4708438 3.9753273],[1.1999547 1.3074493 1.8095957 3.6028976],[8.259106 8.25985  8.260231 8.260492],[0.5153602  0.5155825  0.5163632  0.51734537],[8.262489 8.263346 8.264196 8.265036],[0.5146195  0.5150341  0.5156064  0.51633507]
DDK8,A,1e-07,10,False,False,TDD,packagedrop,0.06,[0.04363056 0.08960231 0.15377675 0.20491214],[0.07958089 0.16616416 0.25321814 0.31415635],[10.553193 19.876944 32.428566 48.390575],[26.707342 49.428272 60.669018 80.855675],[8.129887 8.110459 8.07737  8.021653],[0.62710935 0.6752236  0.7294072  0.7904756 ],[8.144523 8.146372 8.146507 8.145758],[0.6222944 0.6648694 0.7096781 0.7541992]
DDK8,A,1e-07,30,False,False,TDD,packagedrop,0.06,[0.44967505 0.5360548  1.2081103  0.9639822 ],[1.4754877 1.0238492 4.261233  1.1701363],[ 72.60284  79.98063 135.12352 177.4125 ],[152.20818  95.0214  127.49006 153.69157],[7.895451  7.7084174 7.294944  6.945725 ],[1.111166  1.3067446 1.5257746 1.6346884],[8.072836  8.0405245 7.9876432 7.931781 ],[0.9680374 1.0242085 1.0625325 1.0865595]
DDK8,A,3e-07,1,False,False,TDD,packagedrop,0.06,[0.00618524 0.00638412 0.0070379  0.00802944],[0.00531708 0.00630852 0.00799594 0.00945572],[1.7117262 1.7597337 1.9530197 2.2189705],[1.689443  2.011121  2.5475018 3.0204298],[8.208868 8.210211 8.211139 8.212025],[0.35373396 0.35479248 0.35610133 0.35743415],[8.213685 8.214922 8.216152 8.217376],[0.35320455 0.35431996 0.3555505  0.35689354]
DDK8,A,3e-07,10,False,False,TDD,packagedrop,0.06,[0.04345872 0.06436975 0.10700215 0.15530491],[0.14995645 0.13058974 0.16261819 0.19702034],[11.296225 15.565666 26.473034 37.994675],[43.844593 37.277332 47.926075 54.861214],[8.153158 8.109685 8.106678 8.065687],[0.6234779  0.74163    0.73354125 0.79548484],[8.171758 8.174995 8.178912 8.18387 ],[0.61714435 0.66222095 0.70273554 0.73701555]
DDK8,A,3e-07,30,False,False,TDD,packagedrop,0.06,[0.24793273 0.30196592 0.50285107 0.6382305 ],[0.43489656 0.32823944 0.4373795  0.4453528 ],[ 71.424774  79.942406 136.30838  173.44211 ],[157.7586  122.34706 168.04172 170.71603],[7.9176483 7.8246675 7.553435  7.2472935],[0.94520026 1.063734   1.3252218  1.443191  ],[8.039328 8.043646 8.03752  8.038265],[0.90889144 0.95316565 1.0154774  1.050955  ]
DDK8,C,3e-08,1,False,False,TDD,packagedrop,0.06,[0.0059747  0.00646909 0.00915698 0.01255383],[0.00251706 0.00317689 0.00571268 0.00930778],[1.1722883 1.2129796 1.562881  2.1105375],[0.39315915 0.4626118  0.67985624 1.254535  ],[8.318482 8.319049 8.319057 8.318903],[0.13165358 0.13407663 0.1369521  0.14010969],[8.320241 8.321053 8.321877 8.322711],[0.1314964  0.13392694 0.13672413 0.13986447]
DDK8,C,3e-08,10,False,False,TDD,packagedrop,0.06,[0.04403142 0.1343047  0.2557851  0.38301373],[0.05602739 0.15305455 0.24884667 0.3033582 ],[ 5.9069076 17.861586  41.08193   73.73715  ],[11.471466 20.778149 40.281826 66.02176 ],[8.197718  8.132049  8.028861  7.8607326],[0.44079933 0.50548416 0.6100899  0.77555823],[8.214156 8.200949 8.206897 8.228696],[0.43586653 0.47545165 0.5107417  0.53240734]
DDK8,C,3e-08,30,False,False,TDD,packagedrop,0.06,[0.47545624 0.8063769  1.0467261  1.1008705 ],[0.5807661 0.6852626 1.1280073 0.7880011],[ 87.54788 155.87103 209.40564 237.7048 ],[115.12617 127.30247 127.79135 137.1866 ],[7.910989  7.310268  6.5897484 6.1305275],[0.7994377 1.0666833 1.5839636 1.6285539],[8.26459   8.2423935 8.200481  8.146262 ],[0.59722245 0.63432664 0.6843038  0.7340101 ]
DDK8,C,1e-07,1,False,False,TDD,packagedrop,0.06,[0.00910557 0.0091041  0.01028873 0.01170753],[0.00239016 0.00251046 0.003371   0.00610414],[2.493876  2.4770904 2.7149436 3.0859015],[0.66555315 0.6900697  0.94860166 2.0165741 ],[8.279339 8.278384 8.276502 8.274927],[0.20131503 0.20342204 0.2057864  0.20832302],[8.287666  8.286729  8.285783  8.2848215],[0.20094848 0.20314613 0.20554835 0.20814276]
DDK8,C,1e-07,10,False,False,TDD,packagedrop,0.06,[0.05493844 0.10983577 0.19489618 0.31093627],[0.14172138 0.18757463 0.21350561 0.24957438],[13.903723 27.693937 49.537613 79.84039 ],[38.014236 57.18242  67.50753  82.26911 ],[8.194403 8.144927 8.038385 7.880547],[0.40773636 0.45232543 0.51164204 0.59662205],[8.228059 8.225114 8.221141 8.218307],[0.4063242  0.44373652 0.4743657  0.49637356]
DDK8,C,1e-07,30,False,False,TDD,packagedrop,0.06,[0.39629146 0.6149526  0.7328692  0.8716987 ],[0.44600302 0.46311954 0.34635508 0.4125073 ],[ 90.57334 146.08289 186.40668 236.67157],[117.4007  116.70181 119.04917 148.73131],[7.7042303 7.265538  6.787416  6.4554663],[1.03569   1.2280065 1.4657766 1.3241297],[8.210542 8.202722 8.19268  8.180748],[0.5592177  0.55600965 0.5821842  0.64674735]
DDK8,C,3e-07,1,False,False,TDD,packagedrop,0.06,[0.00953295 0.00950129 0.01017779 0.0115033 ],[0.00202548 0.00192417 0.00266982 0.0046728 ],[2.864415  2.858346  3.0487297 3.4089594],[0.671698  0.6441998 0.8779593 1.453867 ],[8.3048315 8.304646  8.30414   8.303249 ],[0.12800185 0.12923884 0.13079512 0.13268751],[8.30922  8.309395 8.309544 8.309666],[0.12782563 0.12907478 0.13059264 0.132371  ]
DDK8,C,3e-07,10,False,False,TDD,packagedrop,0.06,[0.09281703 0.13437524 0.18710765 0.25110328],[0.45567086 0.4327944  0.37523025 0.29702455],[26.756115 38.360344 53.272373 71.365166],[130.86981  124.53499  109.671425  91.023735],[8.221549 8.175152 8.092923 7.977264],[0.34316927 0.3852231  0.45208827 0.5486226 ],[8.250104 8.243475 8.238306 8.233626],[0.33855358 0.37196392 0.40309045 0.43264046]
DDK8,C,3e-07,30,False,False,TDD,packagedrop,0.06,[0.37823272 0.49154976 0.64485687 0.7700026 ],[0.64691526 0.41501305 0.36494964 0.36312595],[101.99261 134.80153 187.45848 228.79002],[200.87756 133.37457 127.88477 133.18222],[7.8778133 7.531933  7.2005763 6.8808403],[0.8418597 1.0635583 1.2353829 1.4027789],[8.243394  8.2595005 8.280929  8.2970915],[0.5275148  0.56576973 0.5995795  0.6289665 ]
DDK8,D,3e-08,1,False,False,TDD,packagedrop,0.06,[0.00186703 0.00235287 0.0033093  0.00445381],[0.00500271 0.00654094 0.00840246 0.01170715],[0.5581896 0.7106244 1.0067855 1.3704431],[1.604554  2.1232138 2.7443438 3.8571203],[8.313556 8.313358 8.312866 8.312501],[0.16908015 0.16940448 0.16977671 0.1702245 ],[8.314398 8.314319 8.314234 8.314145],[0.1689577  0.1692839  0.16965668 0.17007592]
DDK8,D,3e-08,10,False,False,TDD,packagedrop,0.06,[0.04092318 0.07575026 0.11056726 0.15282977],[0.14194794 0.21986088 0.25390404 0.29827327],[12.264518 22.903408 33.422012 47.262543],[41.450157 63.03215  73.038704 90.586006],[8.309856 8.301297 8.271858 8.263263],[0.22150011 0.2362586  0.3521719  0.27759737],[8.316226 8.317209 8.319232 8.322231],[0.22064124 0.22971565 0.23861213 0.24789669]
DDK8,D,3e-08,30,False,False,TDD,packagedrop,0.06,[0.26025507 0.30233732 0.30744186 0.4021628 ],[0.6291307  0.5723977  0.45343393 0.45812565],[ 79.72193   91.723625  93.84854  118.850784],[202.25177 184.40564 152.99648 146.73135],[8.225659 8.15255  8.080027 8.075059],[0.33703682 0.45135778 0.4963734  0.41725993],[8.279626 8.265633 8.254636 8.245803],[0.3149234  0.33140603 0.3475315  0.37491977]
DDK8,D,1e-07,1,False,False,TDD,packagedrop,0.06,[0.00164713 0.00188081 0.00240707 0.00301029],[0.00124115 0.00144664 0.00191674 0.00328436],[0.49183816 0.5628688  0.72038215 0.90006113],[0.36946377 0.43202487 0.57467896 0.98744863],[8.307213 8.307334 8.30706  8.306989],[0.04594686 0.04712056 0.04843146 0.04982286],[8.30858  8.308749 8.308917 8.309082],[0.04570846 0.04691132 0.04821616 0.04961289]
DDK8,D,1e-07,10,False,False,TDD,packagedrop,0.06,[0.04266112 0.07769684 0.12120567 0.14333403],[0.12738775 0.19916634 0.27695602 0.2887764 ],[12.558288 23.119762 36.15091  42.72515 ],[37.153244 58.95801  82.38755  86.71515 ],[8.296825 8.290225 8.266767 8.25792 ],[0.14432009 0.16515963 0.2539932  0.22876878],[8.302197 8.302738 8.303449 8.304353],[0.14413556 0.16243479 0.18018848 0.19722274]
DDK8,D,1e-07,30,False,False,TDD,packagedrop,0.06,[0.17905284 0.25665963 0.3387203  0.42372867],[0.29088408 0.3839269  0.40098143 0.4474276 ],[ 55.02479  78.3179  104.25691 127.31199],[ 94.59491 122.24388 129.19905 139.7379 ],[8.249484 8.204501 8.108136 8.092142],[0.32836926 0.4342202  0.62080073 0.5387445 ],[8.307436 8.310596 8.312113 8.31137 ],[0.28931206 0.31602684 0.33770058 0.35521185]
DDK8,D,3e-07,1,False,False,TDD,packagedrop,0.06,[0.00317685 0.00341978 0.00451312 0.00580328],[0.00161119 0.00220774 0.00493461 0.01203915],[0.9394122 1.0153273 1.3402923 1.7261058],[0.47463593 0.65926325 1.4890766  3.6275086 ],[8.301208 8.301272 8.300571 8.300381],[0.02179505 0.02328443 0.02497747 0.02674576],[8.304571 8.304598 8.304624 8.304644],[0.02125929 0.02278931 0.02444145 0.02619203]
DDK8,D,3e-07,10,False,False,TDD,packagedrop,0.06,[0.0292198  0.04950344 0.06988337 0.10252091],[0.09731781 0.12386424 0.14651777 0.20296648],[ 8.57612  14.698134 20.713036 30.408472],[27.733242 35.257427 41.373596 57.054768],[8.285351 8.28017  8.273265 8.262877],[0.13638222 0.15642911 0.17815274 0.20738174],[8.291802 8.291453 8.291422 8.291797],[0.13622427 0.15536554 0.17447104 0.193445  ]
DDK8,D,3e-07,30,False,False,TDD,packagedrop,0.06,[0.30956626 0.3131833  0.39687252 0.41395065],[0.7106848 0.5125037 0.5832447 0.5283171],[100.19766   99.590195 122.49512  127.18995 ],[241.90138 177.1084  183.04967 165.8938 ],[8.271529 8.197249 8.142213 8.119909],[0.27218175 0.43560866 0.53599244 0.4822763 ],[8.314291 8.305841 8.296564 8.287483],[0.25759736 0.28634158 0.31637365 0.34177953]
DDK8,A,3e-08,1,False,False,TDD,packagedrop,0.05,[0.0036911  0.00394851 0.00534259 0.00670176],[0.00272223 0.0032122  0.00493068 0.00670019],[0.9291143 0.9542072 1.2384428 1.4612007],[0.56837875 0.644947   1.0098089  1.2533989 ],[8.3304615 8.329157  8.327637  8.325973 ],[0.19011928 0.19470915 0.1996831  0.20501922],[8.330993 8.329849 8.328677 8.327478],[0.19007084 0.19461922 0.19951843 0.20474008]
DDK8,A,3e-08,10,False,False,TDD,packagedrop,0.05,[0.05853271 0.11615783 0.18707111 0.25331554],[0.16853309 0.23304816 0.29613444 0.37737903],[13.343192 24.644709 35.827293 48.742867],[54.25681  76.91385  82.278206 78.181694],[8.191343 8.158153 8.124668 8.023148],[0.55270123 0.6302519  0.701459   0.92197055],[8.202797 8.202787 8.20477  8.210616],[0.5486622  0.603959   0.65337497 0.69756156]
DDK8,A,3e-08,30,False,False,TDD,packagedrop,0.05,[0.41241038 0.58532864 0.7080934  0.7937665 ],[0.6722325  0.90214914 0.8482179  0.65916556],[ 62.831627  71.318954 118.52745  158.47417 ],[188.2794   101.74683  120.643234 143.73328 ],[7.73569   7.539533  7.3324986 7.1294746],[1.1466813 1.326855  1.4317099 1.4380953],[7.9305916 7.937528  7.938669  7.9467754],[0.94080913 0.97129947 1.0151565  1.0446168 ]
DDK8,A,1e-07,1,False,False,TDD,packagedrop,0.05,[0.01145423 0.01129069 0.01244406 0.01348617],[0.00560365 0.00683392 0.00747611 0.01022805],[3.35529   3.3109472 3.484949  3.687779 ],[1.9114474 2.2475133 2.4014308 3.2386794],[8.259099 8.259851 8.260235 8.260505],[0.51536703 0.51567894 0.516517   0.517623  ],[8.262489 8.263346 8.264196 8.265036],[0.5146195  0.5150341  0.5156064  0.51633507]
DDK8,A,1e-07,10,False,False,TDD,packagedrop,0.05,[0.06072038 0.11103528 0.15384534 0.19495769],[0.17155929 0.25028652 0.2574239  0.22670938],[12.404511 21.690405 29.909983 41.954662],[36.462234 48.677956 48.595936 52.91429 ],[8.129223  8.100289  8.0595255 8.018756 ],[0.6305519  0.69283    0.76368326 0.81950295],[8.144523 8.146372 8.146507 8.145758],[0.6222944 0.6648694 0.7096781 0.7541992]
DDK8,A,1e-07,30,False,False,TDD,packagedrop,0.05,[0.40148467 0.69993675 0.8825676  1.059966  ],[0.90142274 1.464277   1.602853   1.4758701 ],[ 71.56602  92.08108 142.35408 187.56047],[146.53651 110.35419 145.20654 163.15839],[7.9095936 7.735823  7.312485  6.959193 ],[1.0926801 1.2091413 1.4170967 1.4995477],[8.072836  8.0405245 7.9876432 7.931781 ],[0.9680374 1.0242085 1.0625325 1.0865595]
DDK8,A,3e-07,1,False,False,TDD,packagedrop,0.05,[0.00546734 0.0055211  0.00589273 0.00645217],[0.00320517 0.00316018 0.00326668 0.00372623],[1.4914331 1.5015367 1.6052002 1.7459838],[0.969016   0.96675694 1.0239087  1.2315043 ],[8.208877 8.210229 8.21115  8.212118],[0.35375    0.3548095  0.35613617 0.3574875 ],[8.213685 8.214922 8.216152 8.217376],[0.35320455 0.35431996 0.3555505  0.35689354]
DDK8,A,3e-07,10,False,False,TDD,packagedrop,0.05,[0.03236342 0.0670366  0.10211805 0.14983748],[0.06456092 0.12280203 0.13954906 0.16769034],[ 7.3822603 15.74932   24.593931  35.87236  ],[15.998203 33.407154 43.874226 53.369743],[8.153812 8.131615 8.097385 8.071495],[0.62581307 0.68315685 0.7523622  0.8088532 ],[8.171758 8.174995 8.178912 8.18387 ],[0.61714435 0.66222095 0.70273554 0.73701555]
DDK8,A,3e-07,30,False,False,TDD,packagedrop,0.05,[0.2176496  0.29126444 0.52534086 0.6803308 ],[0.38903826 0.34272158 0.54115504 0.56288046],[ 58.670845  71.5706   129.45828  171.64253 ],[130.31766 105.71933 157.82732 172.91139],[7.9298625 7.847314  7.600159  7.266007 ],[0.9482936 1.064393  1.2578028 1.4738214],[8.039328 8.043646 8.03752  8.038265],[0.90889144 0.95316565 1.0154774  1.050955  ]
DDK8,C,3e-08,1,False,False,TDD,packagedrop,0.05,[0.00619662 0.00692714 0.00979831 0.01289448],[0.00376446 0.00595545 0.009318   0.01274392],[1.1735936 1.2318105 1.6086061 2.0260305],[0.435786  0.6196894 0.9840228 1.4505662],[8.318426 8.318979 8.318986 8.318736],[0.13159585 0.13399285 0.13680136 0.13993691],[8.320241 8.321053 8.321877 8.322711],[0.1314964  0.13392694 0.13672413 0.13986447]
DDK8,C,3e-08,10,False,False,TDD,packagedrop,0.05,[0.0545002  0.15320642 0.270846   0.3783832 ],[0.09524576 0.20508477 0.29106128 0.33830354],[ 8.169114 21.106617 43.40524  72.27904 ],[15.414835 28.626997 47.22153  67.95651 ],[8.188308  8.112889  7.998891  7.8257847],[0.44695383 0.5268672  0.6448265  0.8234548 ],[8.214156 8.200949 8.206897 8.228696],[0.43586653 0.47545165 0.5107417  0.53240734]
DDK8,C,3e-08,30,False,False,TDD,packagedrop,0.05,[0.5000741 0.8548134 1.0194049 1.412439 ],[0.6680804  0.78454846 0.79862356 3.4848635 ],[ 98.34853 169.22853 219.84897 246.24684],[164.81969 175.07452 164.3312  145.74295],[7.92495   7.2769485 6.5873156 6.160038 ],[0.79346335 1.2147094  1.5281806  1.6318463 ],[8.26459   8.2423935 8.200481  8.146262 ],[0.59722245 0.63432664 0.6843038  0.7340101 ]
DDK8,C,1e-07,1,False,False,TDD,packagedrop,0.05,[0.00891401 0.00888317 0.00995547 0.01086264],[0.00213055 0.00234228 0.00285134 0.00395707],[2.4392574 2.423121  2.6267633 2.8268316],[0.5643739 0.6442431 0.7301775 1.0150164],[8.279367 8.278462 8.276686 8.275256],[0.20141603 0.20360407 0.20613796 0.20878226],[8.287666  8.286729  8.285783  8.2848215],[0.20094848 0.20314613 0.20554835 0.20814276]
DDK8,C,1e-07,10,False,False,TDD,packagedrop,0.05,[0.06176883 0.14188898 0.22534925 0.3300516 ],[0.15533811 0.3195622  0.33140457 0.32641286],[17.161213 39.43755  59.92568  87.86289 ],[ 53.125507 111.7105   111.97524  110.32088 ],[8.190946  8.128514  7.9903135 7.836258 ],[0.40585887 0.4605763  0.6136386  0.7020832 ],[8.228059 8.225114 8.221141 8.218307],[0.4063242  0.44373652 0.4743657  0.49637356]
DDK8,C,1e-07,30,False,False,TDD,packagedrop,0.05,[0.41310707 0.5892198  0.7451873  0.8005311 ],[0.6344876  0.45261315 0.4543448  0.31178376],[ 98.417755 144.71106  188.8819   218.93358 ],[177.11092 131.69023 136.45287 138.94041],[7.827939  7.3684807 6.9770985 6.6454635],[0.80639046 1.0980015  1.2031257  1.1932292 ],[8.210542 8.202722 8.19268  8.180748],[0.5592177  0.55600965 0.5821842  0.64674735]
DDK8,C,3e-07,1,False,False,TDD,packagedrop,0.05,[0.00955538 0.00966874 0.01053721 0.0120883 ],[0.00176928 0.0020978  0.00315916 0.00539175],[2.8695257 2.915221  3.1541092 3.5896761],[0.5879877  0.70505047 1.0558     1.7658757 ],[8.304782 8.304548 8.303987 8.303066],[0.12794454 0.12917505 0.13078599 0.13271308],[8.30922  8.309395 8.309544 8.309666],[0.12782563 0.12907478 0.13059264 0.132371  ]
DDK8,C,3e-07,10,False,False,TDD,packagedrop,0.05,[0.04326768 0.08418275 0.1423165  0.21903609],[0.08775037 0.15016851 0.19836582 0.23459834],[11.863209 23.294277 39.142136 61.59254 ],[24.539146 43.164017 56.54873  73.00105 ],[8.226292 8.181853 8.104069 7.991823],[0.34686032 0.40319934 0.48755312 0.5836607 ],[8.250104 8.243475 8.238306 8.233626],[0.33855358 0.37196392 0.40309045 0.43264046]
DDK8,C,3e-07,30,False,False,TDD,packagedrop,0.05,[0.36009967 0.50022733 0.6261353  0.72674614],[0.63054115 0.49686468 0.3490108  0.33211952],[103.586494 134.05426  179.3649   214.68488 ],[228.56439  146.17627  125.006805 120.75952 ],[7.930326  7.580636  7.185443  6.9711046],[0.7518235 1.0836641 1.3005695 1.3316239],[8.243394  8.2595005 8.280929  8.2970915],[0.5275148  0.56576973 0.5995795  0.6289665 ]
DDK8,D,3e-08,1,False,False,TDD,packagedrop,0.05,[0.00151172 0.00176008 0.00230914 0.00309478],[0.00361878 0.00409761 0.00514608 0.00700452],[0.4395693  0.51125926 0.6725464  0.9113598 ],[1.0939646 1.2512665 1.5792159 2.1631045],[8.313567 8.313395 8.312961 8.312627],[0.16907832 0.1694275  0.16984627 0.17028672],[8.314398 8.314319 8.314234 8.314145],[0.1689577  0.1692839  0.16965668 0.17007592]
DDK8,D,3e-08,10,False,False,TDD,packagedrop,0.05,[0.03706193 0.08346643 0.11294301 0.14624327],[0.13575745 0.28932366 0.3017932  0.34660846],[10.5832   24.068996 33.005272 43.68052 ],[35.446354 77.54889  81.78161  98.27929 ],[8.31183  8.305363 8.295653 8.284206],[0.22072636 0.23056245 0.24628718 0.2533022 ],[8.316226 8.317209 8.319232 8.322231],[0.22064124 0.22971565 0.23861213 0.24789669]
DDK8,D,3e-08,30,False,False,TDD,packagedrop,0.05,[0.2511601  0.2746888  0.3809872  0.43586442],[0.5721936  0.46908092 0.5894821  0.5263586 ],[ 71.88379   81.789246 113.5985   125.890175],[157.45541 141.7135  169.0476  147.08185],[8.227896 8.154093 8.078094 8.034827],[0.34304997 0.50232536 0.47277015 0.47430205],[8.279626 8.265633 8.254636 8.245803],[0.3149234  0.33140603 0.3475315  0.37491977]
DDK8,D,1e-07,1,False,False,TDD,packagedrop,0.05,[0.00175599 0.00195105 0.00258656 0.00323339],[0.00144963 0.00138868 0.00212781 0.00368346],[0.52599555 0.5845016  0.77354646 0.9655197 ],[0.4411887  0.4183805  0.64032704 1.1025712 ],[8.307221 8.307357 8.307073 8.307008],[0.04594168 0.04712554 0.04843961 0.04983293],[8.30858  8.308749 8.308917 8.309082],[0.04570846 0.04691132 0.04821616 0.04961289]
DDK8,D,1e-07,10,False,False,TDD,packagedrop,0.05,[0.03879847 0.07666682 0.11237188 0.1417561 ],[0.14015268 0.24571198 0.29097363 0.31476817],[11.538814 23.08564  33.770744 42.59603 ],[41.80668 74.09062 87.72778 95.19183],[8.297405 8.289837 8.250998 8.269729],[0.14470665 0.16498604 0.3698882  0.21031816],[8.302197 8.302738 8.303449 8.304353],[0.14413556 0.16243479 0.18018848 0.19722274]
DDK8,D,1e-07,30,False,False,TDD,packagedrop,0.05,[0.15353583 0.19231722 0.3238899  0.32259747],[0.33004946 0.3119573  0.53222114 0.34843913],[ 48.73891   60.08167  100.028206  97.4857  ],[109.66284  103.98335  171.29651  106.150246],[8.26115  8.196728 8.157082 8.14663 ],[0.3137148  0.46589717 0.49467897 0.45888144],[8.307436 8.310596 8.312113 8.31137 ],[0.28931206 0.31602684 0.33770058 0.35521185]
DDK8,D,3e-07,1,False,False,TDD,packagedrop,0.05,[0.00337614 0.00358137 0.00474921 0.00557539],[0.00273768 0.00386752 0.00712918 0.00995749],[0.99916154 1.0625283  1.4089621  1.6545258 ],[0.8165447 1.1592646 2.143989  2.9947982],[8.301209 8.301279 8.30058  8.300372],[0.02179241 0.02327033 0.02496347 0.02670258],[8.304571 8.304598 8.304624 8.304644],[0.02125929 0.02278931 0.02444145 0.02619203]
DDK8,D,3e-07,10,False,False,TDD,packagedrop,0.05,[0.03335033 0.06177494 0.09280337 0.11907108],[0.122839   0.26082027 0.31902862 0.32548538],[ 9.810305 18.306103 27.745188 35.87771 ],[35.167397 74.75314  92.03248  94.81432 ],[8.285205  8.281766  8.275624  8.2680855],[0.1364906  0.15537338 0.17462659 0.19417574],[8.291802 8.291453 8.291422 8.291797],[0.13622427 0.15536554 0.17447104 0.193445  ]
DDK8,D,3e-07,30,False,False,TDD,packagedrop,0.05,[0.1926459  0.22126922 0.2454063  0.33411637],[0.5611215  0.39714116 0.43214878 0.42564276],[58.47402  67.29941  74.55894  99.980446],[169.8887  121.9987  131.42099 128.23676],[8.273147  8.2594185 8.230365  8.156205 ],[0.28773794 0.29700506 0.32749763 0.3760112 ],[8.314291 8.305841 8.296564 8.287483],[0.25759736 0.28634158 0.31637365 0.34177953]
DDK8,A,3e-08,1,False,False,TDD,packagedrop,0.04,[0.003319   0.00349706 0.00475944 0.00625803],[0.00146155 0.00186547 0.00293921 0.00569932],[0.83968264 0.8505696  1.1070609  1.3729873 ],[0.26676458 0.29263255 0.44165856 0.94455385],[8.330466 8.329185 8.327682 8.326051],[0.19012797 0.19470693 0.19965833 0.20493217],[8.330993 8.329849 8.328677 8.327478],[0.19007084 0.19461922 0.19951843 0.20474008]
DDK8,A,3e-08,10,False,False,TDD,packagedrop,0.04,[0.05927144 0.11374422 0.16929096 0.24825138],[0.24966398 0.2737463  0.22457054 0.29100013],[ 9.0139475 19.441566  32.79019   50.656944 ],[24.208208 38.918163 52.850876 69.46914 ],[8.189055 8.164938 8.122845 8.081226],[0.55788636 0.627354   0.70754427 0.76748383],[8.202797 8.202787 8.20477  8.210616],[0.5486622  0.603959   0.65337497 0.69756156]
DDK8,A,3e-08,30,False,False,TDD,packagedrop,0.04,[0.41498727 0.6911556  0.84072953 0.949779  ],[0.75115955 1.2613701  1.2357837  1.052719  ],[ 59.16424   81.97582  122.758766 169.15623 ],[132.85065 130.06273 134.96176 160.92818],[7.7197185 7.5986843 7.3022466 7.118289 ],[1.0926673 1.1599504 1.3963674 1.4443281],[7.9305916 7.937528  7.938669  7.9467754],[0.94080913 0.97129947 1.0151565  1.0446168 ]
DDK8,A,1e-07,1,False,False,TDD,packagedrop,0.04,[0.01077098 0.01043092 0.01147653 0.01219791],[0.0014128  0.00140382 0.00199893 0.00356778],[3.162366  3.0668883 3.2105777 3.3391507],[1.129092  1.132346  1.2036285 1.765064 ],[8.259107  8.259866  8.260282  8.2605915],[0.51533407 0.51561546 0.5164247  0.51741534],[8.262489 8.263346 8.264196 8.265036],[0.5146195  0.5150341  0.5156064  0.51633507]
DDK8,A,1e-07,10,False,False,TDD,packagedrop,0.04,[0.03667962 0.07660523 0.11905208 0.16059133],[0.04452227 0.08987439 0.1494358  0.14754905],[ 8.612355 15.806021 23.745216 34.2432  ],[14.606455 24.465628 31.5453   37.48383 ],[8.130765 8.112485 8.084031 8.045526],[0.6281503  0.67874384 0.73783934 0.7955187 ],[8.144523 8.146372 8.146507 8.145758],[0.6222944 0.6648694 0.7096781 0.7541992]
DDK8,A,1e-07,30,False,False,TDD,packagedrop,0.04,[0.25627023 0.4948987  0.6385921  0.78036153],[0.4860873 1.1022696 0.7321179 0.6232891],[ 63.20851  82.90139 132.94203 179.70877],[215.50249 166.56058 187.75995 197.39697],[7.950067  7.743162  7.4446077 7.0722685],[1.0756873 1.2822354 1.4263852 1.379321 ],[8.072836  8.0405245 7.9876432 7.931781 ],[0.9680374 1.0242085 1.0625325 1.0865595]
DDK8,A,3e-07,1,False,False,TDD,packagedrop,0.04,[0.00554726 0.00562076 0.00612126 0.00673901],[0.00336664 0.0035862  0.0043285  0.00533743],[1.5226864 1.5325165 1.6780101 1.8347243],[1.0251629 1.0949419 1.4025654 1.7677422],[8.208876 8.210231 8.211155 8.212104],[0.35376516 0.35483214 0.3561599  0.35750133],[8.213685 8.214922 8.216152 8.217376],[0.35320455 0.35431996 0.3555505  0.35689354]
DDK8,A,3e-07,10,False,False,TDD,packagedrop,0.04,[0.03082084 0.06205172 0.09578156 0.13988899],[0.08496854 0.14578186 0.16165772 0.181217  ],[ 6.503915 13.206926 21.10428  31.823986],[13.68333  24.49638  30.304518 37.979958],[8.156483 8.14093  8.112896 8.081736],[0.6243793  0.6801326  0.7445234  0.80055255],[8.171758 8.174995 8.178912 8.18387 ],[0.61714435 0.66222095 0.70273554 0.73701555]
DDK8,A,3e-07,30,False,False,TDD,packagedrop,0.04,[0.19525188 0.28231138 0.4219735  0.5975201 ],[0.49910876 0.4215246  0.41873485 0.47276175],[ 44.209606  62.77936  102.62476  152.40811 ],[135.3601  108.55827 133.47766 167.5013 ],[7.926269  7.80111   7.6011195 7.3126855],[1.0180616 1.1302668 1.3184937 1.5433836],[8.039328 8.043646 8.03752  8.038265],[0.90889144 0.95316565 1.0154774  1.050955  ]
DDK8,C,3e-08,1,False,False,TDD,packagedrop,0.04,[0.00578552 0.00635109 0.00925426 0.01246343],[0.00253834 0.00340548 0.00672166 0.01036124],[1.1236308 1.1697387 1.5165718 1.9454358],[0.41428939 0.45656124 0.7083075  1.1580352 ],[8.318506 8.31907  8.319093 8.31891 ],[0.13165253 0.13409105 0.13699874 0.14022665],[8.320241 8.321053 8.321877 8.322711],[0.1314964  0.13392694 0.13672413 0.13986447]
DDK8,C,3e-08,10,False,False,TDD,packagedrop,0.04,[0.06295574 0.16851646 0.27798575 0.3864061 ],[0.14228986 0.38589564 0.30615422 0.33198154],[ 9.538617 23.056747 45.967827 74.65561 ],[25.509262 42.90463  57.06033  70.22    ],[8.184626  8.098352  7.966304  7.8278255],[0.4610139 0.5635365 0.7410977 0.8645428],[8.214156 8.200949 8.206897 8.228696],[0.43586653 0.47545165 0.5107417  0.53240734]
DDK8,C,3e-08,30,False,False,TDD,packagedrop,0.04,[0.521187   0.7849159  0.90506583 1.0419708 ],[0.8544236  0.67109305 0.49983335 0.6126695 ],[ 96.448456 162.39815  206.08203  236.41928 ],[150.89604 153.63525 145.27818 142.6237 ],[7.764825  7.221071  6.7113905 6.2470684],[1.1329411 1.3122177 1.4654268 1.6170946],[8.26459   8.2423935 8.200481  8.146262 ],[0.59722245 0.63432664 0.6843038  0.7340101 ]
DDK8,C,1e-07,1,False,False,TDD,packagedrop,0.04,[0.0088359  0.00882161 0.00992926 0.01098981],[0.00183879 0.00208223 0.00290253 0.00526166],[2.4139102 2.3950145 2.606421  2.8485339],[0.4543889 0.5058211 0.6941698 1.4934914],[8.279362 8.27845  8.276632 8.275207],[0.20136967 0.2035169  0.2059727  0.20857094],[8.287666  8.286729  8.285783  8.2848215],[0.20094848 0.20314613 0.20554835 0.20814276]
DDK8,C,1e-07,10,False,False,TDD,packagedrop,0.04,[0.04323798 0.09939773 0.18117109 0.2871426 ],[0.12539236 0.22002803 0.24477711 0.23858245],[11.197799 25.383966 46.613415 74.67019 ],[41.50384  73.05886  81.215385 80.28048 ],[8.201545  8.162178  8.072032  7.9158535],[0.40740016 0.4472187  0.49124455 0.5644872 ],[8.228059 8.225114 8.221141 8.218307],[0.4063242  0.44373652 0.4743657  0.49637356]
DDK8,C,1e-07,30,False,False,TDD,packagedrop,0.04,[0.33180636 0.50145    0.6786647  0.76627004],[0.5040553  0.38841096 0.37281722 0.278861  ],[ 73.4682  124.37525 175.93597 211.79445],[112.00424 107.65103 121.72607 131.26712],[7.891129  7.519756  6.972792  6.6404204],[0.77740425 0.83565485 1.1762279  1.2555053 ],[8.210542 8.202722 8.19268  8.180748],[0.5592177  0.55600965 0.5821842  0.64674735]
DDK8,C,3e-07,1,False,False,TDD,packagedrop,0.04,[0.00940822 0.00939486 0.00992795 0.01096757],[0.00179483 0.00190507 0.00236676 0.00331425],[2.823433  2.8201447 2.9642222 3.241371 ],[0.5871196  0.5961255  0.72210187 1.002967  ],[8.304901 8.30475  8.304279 8.303466],[0.12797385 0.12919624 0.1307507  0.13262564],[8.30922  8.309395 8.309544 8.309666],[0.12782563 0.12907478 0.13059264 0.132371  ]
DDK8,C,3e-07,10,False,False,TDD,packagedrop,0.04,[0.03455381 0.0676426  0.12129386 0.18928471],[0.07656599 0.12587409 0.18509361 0.2139076 ],[ 9.348305 17.862194 32.45459  51.1977  ],[22.201712 35.875137 53.747936 63.40303 ],[8.226597 8.183706 8.10723  8.011706],[0.35111985 0.40441227 0.5012724  0.56752276],[8.250104 8.243475 8.238306 8.233626],[0.33855358 0.37196392 0.40309045 0.43264046]
DDK8,C,3e-07,30,False,False,TDD,packagedrop,0.04,[0.21674444 0.4200464  0.560402   0.67561454],[0.41924676 0.46263915 0.40749604 0.33061558],[ 56.252552 112.45055  156.84383  198.60161 ],[134.35846 150.9821  133.13536 124.71598],[8.018225  7.665874  7.380336  7.0299664],[0.77668196 1.0625007  1.185137   1.3430438 ],[8.243394  8.2595005 8.280929  8.2970915],[0.5275148  0.56576973 0.5995795  0.6289665 ]
DDK8,D,3e-08,1,False,False,TDD,packagedrop,0.04,[0.00137191 0.00164866 0.00217283 0.00308849],[0.00168431 0.00214055 0.00280524 0.00531343],[0.39876217 0.47883523 0.6373871  0.91881096],[0.5265862  0.67999357 0.9035051  1.7113656 ],[8.313572 8.313395 8.312946 8.312634],[0.16908817 0.16944021 0.16985767 0.17036605],[8.314398 8.314319 8.314234 8.314145],[0.1689577  0.1692839  0.16965668 0.17007592]
DDK8,D,3e-08,10,False,False,TDD,packagedrop,0.04,[0.01925717 0.03392397 0.05792609 0.07895709],[0.06106649 0.09561429 0.1352135  0.16903973],[ 5.805101 10.253688 17.80271  23.972052],[17.461973 27.734015 42.40928  51.54546 ],[8.312656 8.309461 8.302175 8.296498],[0.220686   0.22995506 0.2382081  0.2507404 ],[8.316226 8.317209 8.319232 8.322231],[0.22064124 0.22971565 0.23861213 0.24789669]
DDK8,D,3e-08,30,False,False,TDD,packagedrop,0.04,[0.11313447 0.21999945 0.20940265 0.35522816],[0.3928803 0.6606787 0.3457972 0.5571648],[ 39.281765  70.10603   66.93634  107.93837 ],[159.2019 225.8044 144.2962 177.5899],[8.23891  8.199696 8.140645 8.053402],[0.37260732 0.34366983 0.4043775  0.43745646],[8.279626 8.265633 8.254636 8.245803],[0.3149234  0.33140603 0.3475315  0.37491977]
DDK8,D,1e-07,1,False,False,TDD,packagedrop,0.04,[0.00157328 0.00179275 0.00223678 0.0026936 ],[0.00102077 0.0010418  0.00114087 0.00186991],[0.47118723 0.53775233 0.6702109  0.80797243],[0.3087372  0.31602463 0.34521937 0.56759083],[8.30722  8.307351 8.307092 8.307031],[0.04594686 0.04713615 0.04845741 0.04985503],[8.30858  8.308749 8.308917 8.309082],[0.04570846 0.04691132 0.04821616 0.04961289]
DDK8,D,1e-07,10,False,False,TDD,packagedrop,0.04,[0.04742894 0.07418511 0.08740397 0.097721  ],[0.211907   0.29157582 0.28377417 0.26398325],[13.976367 21.645533 25.691841 28.789532],[63.265938 85.88418  85.739235 79.893326],[8.296955  8.292285  8.2846985 8.272792 ],[0.14627767 0.1671849  0.18957357 0.21955946],[8.302197 8.302738 8.303449 8.304353],[0.14413556 0.16243479 0.18018848 0.19722274]
DDK8,D,1e-07,30,False,False,TDD,packagedrop,0.04,[0.17017958 0.1878528  0.2500519  0.29328194],[0.52154803 0.4145906  0.3824768  0.3352052 ],[49.14631  54.508755 71.91858  84.45994 ],[151.86345 116.01399 105.70006  91.04377],[8.26424  8.233993 8.17111  8.112265],[0.32556564 0.38488322 0.49916202 0.58324593],[8.307436 8.310596 8.312113 8.31137 ],[0.28931206 0.31602684 0.33770058 0.35521185]
DDK8,D,3e-07,1,False,False,TDD,packagedrop,0.04,[0.00323878 0.00335482 0.00426507 0.0046642 ],[0.00191012 0.00206345 0.00306912 0.00410594],[0.95780617 0.99526596 1.263806   1.3820963 ],[0.5651339  0.61058515 0.9077782  1.2188723 ],[8.301228 8.301306 8.300625 8.300463],[0.02179338 0.02327305 0.02496056 0.02670897],[8.304571 8.304598 8.304624 8.304644],[0.02125929 0.02278931 0.02444145 0.02619203]
DDK8,D,3e-07,10,False,False,TDD,packagedrop,0.04,[0.02785174 0.04861534 0.08565053 0.12469933],[0.05842289 0.09386534 0.16005121 0.21833181],[ 8.549995 15.066973 26.3399   38.126743],[18.269245 30.010214 49.583233 66.72772 ],[8.2850685 8.280618  8.274301  8.25661  ],[0.13613214 0.15474956 0.17471129 0.21606213],[8.291802 8.291453 8.291422 8.291797],[0.13622427 0.15536554 0.17447104 0.193445  ]
DDK8,D,3e-07,30,False,False,TDD,packagedrop,0.04,[0.11723746 0.1317192  0.1962001  0.24669552],[0.2706622  0.22985925 0.3199987  0.31496784],[37.060444 42.255714 60.23802  76.844315],[ 96.715614  83.73939  101.36825  116.30474 ],[8.256781 8.244176 8.222895 8.135501],[0.3587564  0.30405682 0.33676708 0.53926605],[8.314291 8.305841 8.296564 8.287483],[0.25759736 0.28634158 0.31637365 0.34177953]
DDK8,A,3e-08,1,False,False,TDD,packagedrop,0.03,[0.00328142 0.00348046 0.00465594 0.00582952],[0.00134713 0.0016776  0.0024248  0.00416635],[0.83221114 0.8513459  1.0927314  1.2744493 ],[0.23904522 0.28275126 0.35345    0.5307483 ],[8.330491  8.3292055 8.32772   8.326123 ],[0.19011913 0.19469556 0.19962789 0.20490848],[8.330993 8.329849 8.328677 8.327478],[0.19007084 0.19461922 0.19951843 0.20474008]
DDK8,A,3e-08,10,False,False,TDD,packagedrop,0.03,[0.04171947 0.09816731 0.16750331 0.23715898],[0.07988982 0.14108816 0.21700959 0.29771525],[ 8.249597 17.653742 31.130247 45.12379 ],[21.783989 33.83019  49.096523 59.245815],[8.19331  8.170514 8.134887 8.090213],[0.55126876 0.6202897  0.69158477 0.75966895],[8.202797 8.202787 8.20477  8.210616],[0.5486622  0.603959   0.65337497 0.69756156]
DDK8,A,3e-08,30,False,False,TDD,packagedrop,0.03,[0.22566673 0.37724876 0.5470241  0.6933003 ],[0.34766924 0.48201922 0.45911944 0.43729872],[ 30.910994  50.682617  95.17502  142.85822 ],[ 69.30956   55.139538  91.81236  127.80721 ],[7.8313255 7.708003  7.454958  7.1631293],[0.9933656 1.1009692 1.2870278 1.4621642],[7.9305916 7.937528  7.938669  7.9467754],[0.94080913 0.97129947 1.0151565  1.0446168 ]
DDK8,A,1e-07,1,False,False,TDD,packagedrop,0.03,[0.01087753 0.01059443 0.01170684 0.01259885],[0.00190028 0.0022523  0.00287028 0.00483904],[3.193772  3.1155515 3.2928097 3.4634888],[1.1482513 1.1961435 1.3355627 1.9348519],[8.259144 8.25997  8.260388 8.260772],[0.51539534 0.515756   0.51659703 0.5176471 ],[8.262489 8.263346 8.264196 8.265036],[0.5146195  0.5150341  0.5156064  0.51633507]
DDK8,A,1e-07,10,False,False,TDD,packagedrop,0.03,[0.05891401 0.09565399 0.13484283 0.16569246],[0.17872055 0.24846359 0.24584335 0.2089261 ],[15.918527 24.46614  31.054485 40.04679 ],[62.189274 88.90627  78.76051  75.957344],[8.130221 8.113676 8.086408 8.049695],[0.6272231  0.67592615 0.72845656 0.7890597 ],[8.144523 8.146372 8.146507 8.145758],[0.6222944 0.6648694 0.7096781 0.7541992]
DDK8,A,1e-07,30,False,False,TDD,packagedrop,0.03,[0.2007761  0.48568273 0.6021168  0.79236406],[0.29860348 1.071507   0.7562784  0.6789706 ],[ 38.069122  69.61859  110.187805 156.537   ],[ 82.85438  98.94573 118.09065 137.6696 ],[7.9558806 7.685938  7.481488  7.139683 ],[1.0729347 1.3909255 1.4043361 1.4398072],[8.072836  8.0405245 7.9876432 7.931781 ],[0.9680374 1.0242085 1.0625325 1.0865595]
DDK8,A,3e-07,1,False,False,TDD,packagedrop,0.03,[0.0054363  0.00550095 0.00597514 0.00652705],[0.00350498 0.00373954 0.00458297 0.0055482 ],[1.4891931 1.5006238 1.6360462 1.7656951],[1.0717117 1.1616939 1.4741575 1.8026948],[8.208853 8.210208 8.211124 8.212059],[0.35376433 0.3548312  0.35617232 0.35750684],[8.213685 8.214922 8.216152 8.217376],[0.35320455 0.35431996 0.3555505  0.35689354]
DDK8,A,3e-07,10,False,False,TDD,packagedrop,0.03,[0.03028372 0.06057398 0.09137481 0.1335217 ],[0.10088622 0.17593479 0.19195972 0.20268975],[ 7.7502956 15.770343  23.315788  33.848255 ],[29.654566 57.252117 64.35345  69.767944],[8.157664 8.142997 8.11708  8.078946],[0.6220401  0.67531496 0.7333182  0.800338  ],[8.171758 8.174995 8.178912 8.18387 ],[0.61714435 0.66222095 0.70273554 0.73701555]
DDK8,A,3e-07,30,False,False,TDD,packagedrop,0.03,[0.26360342 0.40920246 0.5762002  0.68664855],[0.743555  0.9577148 0.945948  0.7891747],[ 51.18759  64.02015 106.32787 144.82277],[135.90987 113.95277 138.03285 143.18092],[7.9502287 7.803066  7.6223817 7.351802 ],[0.955247  1.1570269 1.3401718 1.5232091],[8.039328 8.043646 8.03752  8.038265],[0.90889144 0.95316565 1.0154774  1.050955  ]
DDK8,C,3e-08,1,False,False,TDD,packagedrop,0.03,[0.00554876 0.00598068 0.00825467 0.0107312 ],[0.00196791 0.00258863 0.00446111 0.00664005],[1.0853648 1.1038213 1.4026866 1.7447304],[0.29236054 0.31333944 0.5539543  1.002605  ],[8.318557 8.319168 8.319298 8.319284],[0.13164443 0.13407663 0.13693117 0.14010821],[8.320241 8.321053 8.321877 8.322711],[0.1314964  0.13392694 0.13672413 0.13986447]
DDK8,C,3e-08,10,False,False,TDD,packagedrop,0.03,[0.05186306 0.12367648 0.24259333 0.33365494],[0.13141158 0.17748    0.27710086 0.28431407],[ 7.3102055 18.092205  38.604805  64.83483  ],[20.176538 33.326706 47.24407  62.063297],[8.192595  8.118148  7.9965672 7.8903127],[0.44371784 0.53909665 0.7294477  0.7858152 ],[8.214156 8.200949 8.206897 8.228696],[0.43586653 0.47545165 0.5107417  0.53240734]
DDK8,C,3e-08,30,False,False,TDD,packagedrop,0.03,[0.51701456 0.81911844 0.9361813  1.1268476 ],[1.063      0.80320895 0.6423669  0.7405367 ],[ 78.46972 151.85712 202.31796 235.6124 ],[ 91.88532 122.28784 126.55411 125.97474],[7.867744  7.3123584 6.687288  6.2132196],[0.9406402 1.1794465 1.4286972 1.5863845],[8.26459   8.2423935 8.200481  8.146262 ],[0.59722245 0.63432664 0.6843038  0.7340101 ]
DDK8,C,1e-07,1,False,False,TDD,packagedrop,0.03,[0.00898035 0.0088927  0.00999709 0.01095528],[0.0022526  0.00240198 0.00317811 0.00451992],[2.4504359 2.4038088 2.6106057 2.8143787],[0.57077575 0.5675039  0.71930957 1.0710033 ],[8.279401 8.278503 8.276745 8.275337],[0.20142436 0.20360403 0.20612922 0.20877577],[8.287666  8.286729  8.285783  8.2848215],[0.20094848 0.20314613 0.20554835 0.20814276]
DDK8,C,1e-07,10,False,False,TDD,packagedrop,0.03,[0.04596311 0.1026113  0.18655394 0.28792718],[0.11105798 0.210393   0.24515526 0.26633495],[10.622817 23.754837 45.25577  73.94467 ],[27.710201 50.267906 60.075943 77.68234 ],[8.200968  8.151165  8.045897  7.8865876],[0.41115743 0.4645216  0.54757226 0.6559977 ],[8.228059 8.225114 8.221141 8.218307],[0.4063242  0.44373652 0.4743657  0.49637356]
DDK8,C,1e-07,30,False,False,TDD,packagedrop,0.03,[0.28847793 0.50002897 0.67993104 0.81217283],[0.42603645 0.36248666 0.37353796 0.34438482],[ 60.290646 117.264626 168.39088  217.09892 ],[ 86.83637  94.86655 114.51735 137.7637 ],[7.896975  7.405993  7.005171  6.6036634],[0.78363824 1.1342714  1.2057742  1.2853526 ],[8.210542 8.202722 8.19268  8.180748],[0.5592177  0.55600965 0.5821842  0.64674735]
DDK8,C,3e-07,1,False,False,TDD,packagedrop,0.03,[0.00921101 0.00919952 0.00975582 0.01071256],[0.00155794 0.00158658 0.00189478 0.00308861],[2.7638006 2.7654045 2.9113941 3.152973 ],[0.51975965 0.525672   0.59124744 0.8918347 ],[8.304926 8.30476  8.304288 8.303471],[0.12797345 0.1292087  0.13078769 0.13268562],[8.30922  8.309395 8.309544 8.309666],[0.12782563 0.12907478 0.13059264 0.132371  ]
DDK8,C,3e-07,10,False,False,TDD,packagedrop,0.03,[0.03028418 0.06514476 0.11999322 0.19172695],[0.05792574 0.10608476 0.13986605 0.18238783],[ 8.616742 17.764502 32.222824 52.742207],[19.730656 35.45301  44.381653 58.27295 ],[8.232562 8.192379 8.123272 8.019972],[0.341042   0.38366467 0.4376612  0.5021753 ],[8.250104 8.243475 8.238306 8.233626],[0.33855358 0.37196392 0.40309045 0.43264046]
DDK8,C,3e-07,30,False,False,TDD,packagedrop,0.03,[0.22622769 0.4141237  0.5541558  0.6629892 ],[0.37663206 0.357828   0.35910153 0.29338676],[ 63.882248 110.91427  155.64192  196.40453 ],[131.78435 104.04185 105.3238  115.86842],[8.024331  7.595853  7.346519  7.0386963],[0.61717635 1.1321483  1.1864471  1.2298402 ],[8.243394  8.2595005 8.280929  8.2970915],[0.5275148  0.56576973 0.5995795  0.6289665 ]
DDK8,D,3e-08,1,False,False,TDD,packagedrop,0.03,[0.00106441 0.00126386 0.00169333 0.00200149],[0.00073038 0.00084072 0.00106207 0.00120282],[0.3029085  0.35826877 0.48219314 0.56886476],[0.19607462 0.21896948 0.28448865 0.31896356],[8.313578 8.31342  8.313004 8.312723],[0.16908008 0.16943191 0.16986221 0.17033349],[8.314398 8.314319 8.314234 8.314145],[0.1689577  0.1692839  0.16965668 0.17007592]
DDK8,D,3e-08,10,False,False,TDD,packagedrop,0.03,[0.03414564 0.06320438 0.0829991  0.0980655 ],[0.12551713 0.21762867 0.22965947 0.22660531],[10.062497 18.749887 24.279644 28.96017 ],[36.530075 62.796448 65.50506  66.03862 ],[8.311473 8.306206 8.298441 8.290516],[0.22107959 0.23055722 0.24360786 0.25559306],[8.316226 8.317209 8.319232 8.322231],[0.22064124 0.22971565 0.23861213 0.24789669]
DDK8,D,3e-08,30,False,False,TDD,packagedrop,0.03,[0.11350039 0.22081847 0.21719301 0.30275214],[0.29807213 0.48499388 0.33828598 0.41330612],[33.604317 60.554478 62.805157 84.934395],[ 88.886925 130.04303   98.85152  110.45623 ],[8.242711 8.181805 8.109544 8.069749],[0.32503054 0.38169822 0.539883   0.46047956],[8.279626 8.265633 8.254636 8.245803],[0.3149234  0.33140603 0.3475315  0.37491977]
DDK8,D,1e-07,1,False,False,TDD,packagedrop,0.03,[0.00199785 0.00242799 0.00328489 0.00409525],[0.00287229 0.00399009 0.00643004 0.00923926],[0.6020174 0.7356598 0.9959637 1.2414023],[0.89152664 1.2455696  2.0049796  2.871041  ],[8.307218 8.307351 8.307068 8.307001],[0.04594747 0.04712158 0.04842356 0.04980896],[8.30858  8.308749 8.308917 8.309082],[0.04570846 0.04691132 0.04821616 0.04961289]
DDK8,D,1e-07,10,False,False,TDD,packagedrop,0.03,[0.04331061 0.06471636 0.08370737 0.10540247],[0.17330535 0.2475008  0.24295692 0.2651559 ],[12.488221 18.625032 24.190529 30.300858],[50.607548 71.99771  70.90908  74.78761 ],[8.297498  8.2936325 8.286736  8.272408 ],[0.14537176 0.1647463  0.18589123 0.21013622],[8.302197 8.302738 8.303449 8.304353],[0.14413556 0.16243479 0.18018848 0.19722274]
DDK8,D,1e-07,30,False,False,TDD,packagedrop,0.03,[0.17762612 0.17396559 0.2222097  0.2830657 ],[0.5995001  0.45402312 0.3891181  0.5329508 ],[55.022533 53.834915 68.95286  85.76187 ],[175.65935 136.06342 125.94403 157.41206],[8.265343 8.247765 8.221611 8.170635],[0.31330097 0.34004414 0.36260942 0.45704743],[8.307436 8.310596 8.312113 8.31137 ],[0.28931206 0.31602684 0.33770058 0.35521185]
DDK8,D,3e-07,1,False,False,TDD,packagedrop,0.03,[0.00303998 0.00316285 0.00393974 0.00437973],[0.00151413 0.00153213 0.00173423 0.00254547],[0.8980651 0.9384237 1.1680497 1.2999402],[0.44530165 0.45216233 0.51434946 0.77293634],[8.301225  8.3012905 8.30059   8.300402 ],[0.02179068 0.02326253 0.02494225 0.02666284],[8.304571 8.304598 8.304624 8.304644],[0.02125929 0.02278931 0.02444145 0.02619203]
DDK8,D,3e-07,10,False,False,TDD,packagedrop,0.03,[0.03492863 0.04185993 0.06166033 0.08848177],[0.10382275 0.09639346 0.13216111 0.1834853 ],[10.552177 12.57259  18.62992  26.70847 ],[31.858797 29.134766 40.29834  55.90851 ],[8.28381  8.280782 8.274693 8.266825],[0.13622569 0.15568717 0.17540684 0.19644868],[8.291802 8.291453 8.291422 8.291797],[0.13622427 0.15536554 0.17447104 0.193445  ]
DDK8,D,3e-07,30,False,False,TDD,packagedrop,0.03,[0.22477736 0.22853647 0.27111417 0.2835375 ],[0.6025443 0.4802126 0.4958411 0.3995665],[69.22026 69.6301  84.42219 88.01367],[186.06544 147.80164 164.35002 135.71992],[8.270013 8.264768 8.212055 8.165842],[0.34899515 0.29604515 0.35289177 0.40593055],[8.314291 8.305841 8.296564 8.287483],[0.25759736 0.28634158 0.31637365 0.34177953]
DDK8,A,3e-08,1,False,False,TDD,packagedrop,0.02,[0.0034821  0.00374211 0.00521042 0.00669205],[0.00217162 0.00281488 0.00461084 0.00704775],[0.8934858 0.9415763 1.2819333 1.5757523],[0.5691181 0.8209938 1.4532672 2.138836 ],[8.33048  8.329187 8.327694 8.326063],[0.19011031 0.19468458 0.19961406 0.20487927],[8.330993 8.329849 8.328677 8.327478],[0.19007084 0.19461922 0.19951843 0.20474008]
DDK8,A,3e-08,10,False,False,TDD,packagedrop,0.02,[0.03214529 0.08452781 0.13094537 0.18675189],[0.12266527 0.24527097 0.2367931  0.27546838],[ 6.304666 15.009577 23.496067 33.52234 ],[32.508812 62.69741  59.748215 57.16038 ],[8.195337 8.176995 8.147023 8.112058],[0.5510188  0.61551875 0.67944115 0.74304676],[8.202797 8.202787 8.20477  8.210616],[0.5486622  0.603959   0.65337497 0.69756156]
DDK8,A,3e-08,30,False,False,TDD,packagedrop,0.02,[0.2059433 0.3528975 0.534405  0.7507882],[0.32689655 0.4514826  0.46774846 0.65678114],[ 22.350063  49.291992  93.09912  150.16998 ],[ 40.27691  77.97866  93.74338 160.09604],[7.82083   7.74203   7.4416685 7.1768727],[1.010852  1.0750229 1.362793  1.4769281],[7.9305916 7.937528  7.938669  7.9467754],[0.94080913 0.97129947 1.0151565  1.0446168 ]
DDK8,A,1e-07,1,False,False,TDD,packagedrop,0.02,[0.0106564  0.01025791 0.01125596 0.01173524],[0.00122442 0.00108912 0.00152848 0.00224294],[3.1321952 3.0215223 3.1536841 3.167346 ],[1.0773419 1.0436648 1.0448216 1.0029488],[8.259159 8.259987 8.260431 8.26082 ],[0.51539344 0.51574737 0.5165635  0.5176653 ],[8.262489 8.263346 8.264196 8.265036],[0.5146195  0.5150341  0.5156064  0.51633507]
DDK8,A,1e-07,10,False,False,TDD,packagedrop,0.02,[0.04131858 0.07843018 0.12395333 0.1582123 ],[0.10744765 0.18495817 0.21546058 0.20201285],[11.508468 21.782936 29.67584  38.96433 ],[47.868702 94.40115  98.2517   93.74653 ],[8.132481 8.116902 8.092039 8.060395],[0.626587   0.67421734 0.7260725  0.7784159 ],[8.144523 8.146372 8.146507 8.145758],[0.6222944 0.6648694 0.7096781 0.7541992]
DDK8,A,1e-07,30,False,False,TDD,packagedrop,0.02,[0.2668392  0.50202465 0.6629859  0.7537286 ],[0.8215311  1.5221952  1.1214703  0.60067374],[ 58.34848  71.4252  118.59001 154.93118],[176.391   134.32164 141.14911 157.67044],[7.989923  7.8083673 7.547547  7.132395 ],[1.0021064 1.1312969 1.3081503 1.4886277],[8.072836  8.0405245 7.9876432 7.931781 ],[0.9680374 1.0242085 1.0625325 1.0865595]
DDK8,A,3e-07,1,False,False,TDD,packagedrop,0.02,[0.00530185 0.00532435 0.00569978 0.00609651],[0.00316372 0.00309042 0.00313732 0.00324313],[1.4482383 1.4461944 1.54736   1.6208315],[0.9567193  0.9397117  0.9686488  0.98281485],[8.208892 8.21026  8.211203 8.212162],[0.3537458  0.35481238 0.35613653 0.3574826 ],[8.213685 8.214922 8.216152 8.217376],[0.35320455 0.35431996 0.3555505  0.35689354]
DDK8,A,3e-07,10,False,False,TDD,packagedrop,0.02,[0.01833306 0.04041358 0.06844564 0.10940488],[0.02189461 0.04726094 0.06522039 0.10470702],[ 4.46647   9.764027 16.536661 26.998423],[ 7.2614884 18.000338  28.808556  47.27416  ],[8.158126 8.14584  8.124743 8.097221],[0.6213003 0.6731118 0.7245546 0.7749052],[8.171758 8.174995 8.178912 8.18387 ],[0.61714435 0.66222095 0.70273554 0.73701555]
DDK8,A,3e-07,30,False,False,TDD,packagedrop,0.02,[0.1104183  0.18986884 0.34883282 0.5001254 ],[0.2248778  0.21766399 0.32280582 0.37971035],[ 22.625706  37.773556  79.46279  123.81868 ],[ 58.614613  55.256817 105.481606 127.45513 ],[7.97157   7.9037547 7.698424  7.480534 ],[0.9483049 1.0488176 1.2855635 1.4172409],[8.039328 8.043646 8.03752  8.038265],[0.90889144 0.95316565 1.0154774  1.050955  ]
DDK8,C,3e-08,1,False,False,TDD,packagedrop,0.02,[0.00555636 0.00603311 0.00849029 0.01133264],[0.00200876 0.0027181  0.00510849 0.0091554 ],[1.079265  1.1325271 1.4475751 1.8156608],[0.2700079  0.4462811  0.81803536 1.6608453 ],[8.31854  8.319142 8.319217 8.319132],[0.13164881 0.13406265 0.13689625 0.14005996],[8.320241 8.321053 8.321877 8.322711],[0.1314964  0.13392694 0.13672413 0.13986447]
DDK8,C,3e-08,10,False,False,TDD,packagedrop,0.02,[0.03628319 0.1151275  0.23243272 0.3509519 ],[0.04532246 0.14060633 0.2400379  0.31587082],[ 4.759531 14.721699 35.684982 64.89253 ],[ 6.0150065 15.198443  34.92717   58.77776  ],[8.197685  8.1384945 8.032602  7.8725805],[0.44548166 0.51195776 0.65920645 0.8537095 ],[8.214156 8.200949 8.206897 8.228696],[0.43586653 0.47545165 0.5107417  0.53240734]
DDK8,C,3e-08,30,False,False,TDD,packagedrop,0.02,[0.3821944 0.7511689 0.8724735 1.027373 ],[0.50887746 0.6837661  0.49824652 0.5624427 ],[ 72.27522 138.71304 192.04205 222.82832],[122.002914 119.387764 129.12328  127.28132 ],[7.9744616 7.3633814 6.8174005 6.431081 ],[0.7663586 1.1839864 1.4062701 1.410048 ],[8.26459   8.2423935 8.200481  8.146262 ],[0.59722245 0.63432664 0.6843038  0.7340101 ]
DDK8,C,1e-07,1,False,False,TDD,packagedrop,0.02,[0.0087322  0.00862568 0.00962209 0.01043597],[0.00173232 0.00173408 0.00203795 0.00282577],[2.3846757 2.3436472 2.5303829 2.695424 ],[0.43418044 0.44103402 0.47745654 0.6910058 ],[8.279415 8.278543 8.276811 8.27543 ],[0.20137882 0.20354512 0.20603412 0.2086742 ],[8.287666  8.286729  8.285783  8.2848215],[0.20094848 0.20314613 0.20554835 0.20814276]
DDK8,C,1e-07,10,False,False,TDD,packagedrop,0.02,[0.04678971 0.10362128 0.1823812  0.28698584],[0.10089943 0.18819705 0.20329344 0.25456494],[12.888797 27.794039 47.839317 75.571075],[35.002007 67.930984 70.966515 86.20112 ],[8.201527  8.14848   8.02006   7.8677564],[0.40574634 0.46264663 0.5992854  0.7202103 ],[8.228059 8.225114 8.221141 8.218307],[0.4063242  0.44373652 0.4743657  0.49637356]
DDK8,C,1e-07,30,False,False,TDD,packagedrop,0.02,[0.24453707 0.45261297 0.64377534 0.75815535],[0.27198556 0.28780526 0.3373919  0.29270476],[ 49.87721 108.58001 162.95815 206.28409],[ 50.082714  84.40418  112.74224  128.76416 ],[7.945395  7.5187426 7.0868196 6.7065983],[0.7713602 1.0270593 1.1792641 1.264072 ],[8.210542 8.202722 8.19268  8.180748],[0.5592177  0.55600965 0.5821842  0.64674735]
DDK8,C,3e-07,1,False,False,TDD,packagedrop,0.02,[0.00919549 0.00916685 0.00961855 0.01046054],[0.00151252 0.0015138  0.00167905 0.00215568],[2.7610137 2.7595472 2.872997  3.0816672],[0.5189004  0.52251804 0.5568753  0.66024196],[8.304933 8.304783 8.304341 8.303539],[0.12796554 0.1291833  0.13074833 0.13264062],[8.30922  8.309395 8.309544 8.309666],[0.12782563 0.12907478 0.13059264 0.132371  ]
DDK8,C,3e-07,10,False,False,TDD,packagedrop,0.02,[0.06691866 0.11469427 0.15812005 0.2128387 ],[0.22246706 0.33503038 0.3347625  0.29986665],[17.478998 29.271292 40.320736 55.212666],[58.495583 85.40346  81.587105 70.702034],[8.230112 8.186956 8.120707 8.016099],[0.34483328 0.399493   0.46033967 0.54107845],[8.250104 8.243475 8.238306 8.233626],[0.33855358 0.37196392 0.40309045 0.43264046]
DDK8,C,3e-07,30,False,False,TDD,packagedrop,0.02,[0.20246634 0.40807274 0.5356834  0.6831594 ],[0.2743186  0.34934896 0.31601858 0.33905202],[ 48.09949 103.98015 148.08406 200.93869],[ 59.43434   89.678505  88.83384  119.13777 ],[7.967965  7.6050434 7.358791  7.041464 ],[0.89087313 1.1351167  1.2539872  1.3003011 ],[8.243394  8.2595005 8.280929  8.2970915],[0.5275148  0.56576973 0.5995795  0.6289665 ]
DDK8,D,3e-08,1,False,False,TDD,packagedrop,0.02,[0.0011249  0.00129747 0.00169162 0.00202626],[0.00087606 0.0009253  0.00113294 0.0013707 ],[0.32008815 0.36860552 0.48097804 0.5759222 ],[0.23999505 0.24703652 0.29518217 0.36394635],[8.313581 8.313421 8.313005 8.312726],[0.1690837  0.16943575 0.16987099 0.17033668],[8.314398 8.314319 8.314234 8.314145],[0.1689577  0.1692839  0.16965668 0.17007592]
DDK8,D,3e-08,10,False,False,TDD,packagedrop,0.02,[0.00798679 0.01908602 0.02832662 0.04383976],[0.02731563 0.0589218  0.07914656 0.10552882],[ 2.3841581  5.8984327  8.529959  13.573684 ],[ 7.963527 18.708927 23.237646 34.56878 ],[8.313282 8.310238 8.307231 8.300951],[0.22064425 0.22934906 0.23960075 0.24845977],[8.316226 8.317209 8.319232 8.322231],[0.22064124 0.22971565 0.23861213 0.24789669]
DDK8,D,3e-08,30,False,False,TDD,packagedrop,0.02,[0.0639059  0.11991327 0.15829912 0.26502553],[0.1337919  0.21203934 0.19560096 0.3408171 ],[18.118204 31.921186 44.11858  75.10313 ],[38.210045 51.020493 54.576786 94.94597 ],[8.241029 8.197866 8.139235 8.082613],[0.37380448 0.36223438 0.41137522 0.43663833],[8.279626 8.265633 8.254636 8.245803],[0.3149234  0.33140603 0.3475315  0.37491977]
DDK8,D,1e-07,1,False,False,TDD,packagedrop,0.02,[0.00162442 0.00197725 0.00280321 0.00362075],[0.00217554 0.00308817 0.00602528 0.0090222 ],[0.48463252 0.59137875 0.83721566 1.0795726 ],[0.6451858  0.91264695 1.779352   2.6627972 ],[8.307226 8.307358 8.307075 8.307006],[0.04594751 0.0471414  0.04850161 0.04990917],[8.30858  8.308749 8.308917 8.309082],[0.04570846 0.04691132 0.04821616 0.04961289]
DDK8,D,1e-07,10,False,False,TDD,packagedrop,0.02,[0.01796906 0.03772974 0.04694755 0.0630088 ],[0.10070018 0.1983553  0.18649523 0.1966744 ],[ 4.9471836 10.420189  13.177062  17.895578 ],[26.020714 50.83565  48.12779  51.588573],[8.298566  8.295267  8.2903805 8.282123 ],[0.14470768 0.1647002  0.18466188 0.20586888],[8.302197 8.302738 8.303449 8.304353],[0.14413556 0.16243479 0.18018848 0.19722274]
DDK8,D,1e-07,30,False,False,TDD,packagedrop,0.02,[0.11796188 0.13211605 0.17919828 0.22682667],[0.5620045  0.39755008 0.4017376  0.3494771 ],[33.95836  39.27417  52.17238  66.753914],[155.62738 115.56858 112.82064 101.28479],[8.2877865 8.2664175 8.228944  8.182447 ],[0.2928863  0.32485837 0.37358713 0.4302072 ],[8.307436 8.310596 8.312113 8.31137 ],[0.28931206 0.31602684 0.33770058 0.35521185]
DDK8,D,3e-07,1,False,False,TDD,packagedrop,0.02,[0.00305738 0.00317692 0.00398268 0.00427211],[0.0017325  0.00181607 0.00202352 0.00260315],[0.90350336 0.9429608  1.180731   1.266552  ],[0.5107005  0.54030097 0.6011515  0.7828665 ],[8.3012295 8.3013115 8.3006315 8.30048  ],[0.02179815 0.02327986 0.0249756  0.0267233 ],[8.304571 8.304598 8.304624 8.304644],[0.02125929 0.02278931 0.02444145 0.02619203]
DDK8,D,3e-07,10,False,False,TDD,packagedrop,0.02,[0.01711107 0.02948431 0.04428637 0.06174794],[0.04686053 0.07898264 0.1131396  0.15272023],[ 5.0840898  8.783768  13.178823  18.418968 ],[14.102098 23.647854 33.7005   45.240738],[8.28577  8.281799 8.276092 8.25495 ],[0.13634259 0.15546349 0.17499405 0.25001717],[8.291802 8.291453 8.291422 8.291797],[0.13622427 0.15536554 0.17447104 0.193445  ]
DDK8,D,3e-07,30,False,False,TDD,packagedrop,0.02,[0.15773508 0.20687732 0.25046054 0.28028008],[0.4623198  0.49078462 0.4647396  0.40686217],[49.462315 65.48016  78.09221  87.33786 ],[153.52664 158.22238 146.13123 128.16148],[8.279111 8.263997 8.231405 8.165197],[0.2942165 0.2879134 0.3300022 0.4090055],[8.314291 8.305841 8.296564 8.287483],[0.25759736 0.28634158 0.31637365 0.34177953]
DDK8,A,3e-08,1,False,False,TDD,packagedrop,0.01,[0.00318761 0.00334534 0.00445194 0.00558914],[0.0013218  0.00161724 0.00238036 0.00416618],[0.80529165 0.8128329  1.0300666  1.1913544 ],[0.21271732 0.2283603  0.26580682 0.3957662 ],[8.3305   8.329223 8.32774  8.326143],[0.19011274 0.19469199 0.199629   0.20490624],[8.330993 8.329849 8.328677 8.327478],[0.19007084 0.19461922 0.19951843 0.20474008]
DDK8,A,3e-08,10,False,False,TDD,packagedrop,0.01,[0.02638723 0.07037806 0.12082534 0.18309653],[0.08744004 0.17025366 0.19968353 0.274372  ],[ 5.9002533 14.32353   22.152233  32.85095  ],[35.119476 72.258156 77.21272  73.62664 ],[8.195839 8.17703  8.148549 8.112032],[0.5509456  0.6144165  0.6804718  0.74757004],[8.202797 8.202787 8.20477  8.210616],[0.5486622  0.603959   0.65337497 0.69756156]
DDK8,A,3e-08,30,False,False,TDD,packagedrop,0.01,[0.23363672 0.33403683 0.6333517  0.741966  ],[0.6327254  0.52452177 1.1877662  0.89870197],[ 25.599155  39.957542  89.19422  135.09605 ],[ 75.445175  43.992126  96.68707  121.92477 ],[7.8433046 7.7607975 7.502624  7.2242503],[1.0327777 1.1011231 1.3091427 1.4832755],[7.9305916 7.937528  7.938669  7.9467754],[0.94080913 0.97129947 1.0151565  1.0446168 ]
DDK8,A,1e-07,1,False,False,TDD,packagedrop,0.01,[0.01064599 0.01025776 0.01124573 0.01170852],[0.0012311  0.00108984 0.00154102 0.00222882],[3.1293542 3.0190432 3.1492934 3.1590264],[1.07956   1.044118  1.0444107 1.0106131],[8.25916  8.259987 8.260427 8.260821],[0.5153885  0.51574963 0.5165781  0.51766545],[8.262489 8.263346 8.264196 8.265036],[0.5146195  0.5150341  0.5156064  0.51633507]
DDK8,A,1e-07,10,False,False,TDD,packagedrop,0.01,[0.02966291 0.05764068 0.09816474 0.13447125],[0.05602298 0.08634683 0.14311384 0.14363997],[ 5.666983  9.96377  16.765783 26.982737],[ 7.463869 12.379467 19.451523 28.02016 ],[8.132648  8.1172085 8.090791  8.047733 ],[0.62781703 0.6775093  0.73480207 0.8108485 ],[8.144523 8.146372 8.146507 8.145758],[0.6222944 0.6648694 0.7096781 0.7541992]
DDK8,A,1e-07,30,False,False,TDD,packagedrop,0.01,[0.29191652 0.39788887 0.52289164 0.7341924 ],[1.5181932 1.0170029 0.6485036 0.7127781],[ 27.02989   50.740788  93.85056  141.59966 ],[ 65.57599   69.647316 104.01694  133.5646  ],[7.994402  7.853245  7.548872  7.1901717],[1.0440394 1.1438454 1.4059533 1.4439756],[8.072836  8.0405245 7.9876432 7.931781 ],[0.9680374 1.0242085 1.0625325 1.0865595]
DDK8,A,3e-07,1,False,False,TDD,packagedrop,0.01,[0.00535264 0.00540413 0.00582812 0.006274  ],[0.00324366 0.003293   0.00358207 0.00402693],[1.4610039 1.4666635 1.5853546 1.6745958],[0.9755843  0.98997945 1.0982234  1.2179936 ],[8.208894  8.2102585 8.211192  8.212146 ],[0.3537498  0.354815   0.35613608 0.35748282],[8.213685 8.214922 8.216152 8.217376],[0.35320455 0.35431996 0.3555505  0.35689354]
DDK8,A,3e-07,10,False,False,TDD,packagedrop,0.01,[0.02039771 0.0352321  0.05847052 0.09539151],[0.07229464 0.06483879 0.07628445 0.10917599],[ 4.8227563  7.16665   12.072742  20.46669  ],[19.388096 14.136074 18.355867 27.116379],[8.159604 8.147858 8.129382 8.10267 ],[0.621055  0.6729969 0.7246693 0.7760568],[8.171758 8.174995 8.178912 8.18387 ],[0.61714435 0.66222095 0.70273554 0.73701555]
DDK8,A,3e-07,30,False,False,TDD,packagedrop,0.01,[0.09445132 0.1894074  0.3909142  0.49963078],[0.19056612 0.2416377  0.5238427  0.43051565],[ 24.180855  34.915924  77.78996  116.701355],[ 86.20865   44.915077  92.08352  110.75064 ],[7.962901  7.872731  7.724392  7.4729223],[0.940734  1.086113  1.2533009 1.443663 ],[8.039328 8.043646 8.03752  8.038265],[0.90889144 0.95316565 1.0154774  1.050955  ]
DDK8,C,3e-08,1,False,False,TDD,packagedrop,0.01,[0.00551957 0.00590488 0.00816254 0.01065724],[0.00197173 0.00248909 0.00423557 0.00691079],[1.0732783 1.0933561 1.3666611 1.6797546],[0.25715616 0.2627861  0.37876773 0.79560673],[8.318555 8.319173 8.319298 8.319296],[0.1316514  0.13409927 0.13698618 0.1401809 ],[8.320241 8.321053 8.321877 8.322711],[0.1314964  0.13392694 0.13672413 0.13986447]
DDK8,C,3e-08,10,False,False,TDD,packagedrop,0.01,[0.03497125 0.11247993 0.230578   0.35004953],[0.048052   0.14081106 0.25147572 0.3114743 ],[ 4.155366 13.920612 33.002003 61.518143],[ 4.9873614 14.816025  31.798025  55.748905 ],[8.200113  8.143343  8.051662  7.8990135],[0.44211996 0.5012174  0.60467315 0.7703151 ],[8.214156 8.200949 8.206897 8.228696],[0.43586653 0.47545165 0.5107417  0.53240734]
DDK8,C,3e-08,30,False,False,TDD,packagedrop,0.01,[0.291605   0.72143424 0.8453125  0.990575  ],[0.31130144 0.6902277  0.49347737 0.53205776],[ 52.186607 133.36435  183.95233  217.10144 ],[ 59.98384  111.08325  122.54193  123.107956],[8.016431  7.428851  6.8834143 6.3384547],[0.725314  1.0657896 1.3811022 1.5797865],[8.26459   8.2423935 8.200481  8.146262 ],[0.59722245 0.63432664 0.6843038  0.7340101 ]
DDK8,C,1e-07,1,False,False,TDD,packagedrop,0.01,[0.00871125 0.00862879 0.00976763 0.01093615],[0.00173257 0.00175792 0.00255553 0.00491034],[2.3840992 2.3407845 2.5597112 2.8205743],[0.4367496  0.4397823  0.58468777 1.2234418 ],[8.279423 8.278549 8.276783 8.275357],[0.20138319 0.20357738 0.20607707 0.20874338],[8.287666  8.286729  8.285783  8.2848215],[0.20094848 0.20314613 0.20554835 0.20814276]
DDK8,C,1e-07,10,False,False,TDD,packagedrop,0.01,[0.02311978 0.06119903 0.13256341 0.2319018 ],[0.0116448  0.04540457 0.10140136 0.16985387],[ 5.2036114 13.683407  31.660765  58.60691  ],[ 2.6069028 12.685141  34.466877  62.5078   ],[8.208735  8.172565  8.0948925 7.9648314],[0.40753764 0.44722587 0.48794153 0.55034864],[8.228059 8.225114 8.221141 8.218307],[0.4063242  0.44373652 0.4743657  0.49637356]
DDK8,C,1e-07,30,False,False,TDD,packagedrop,0.01,[0.20854615 0.43124008 0.6323643  0.73280936],[0.22180015 0.26847163 0.3449431  0.2614273 ],[ 45.818466 106.06875  161.63416  202.17697 ],[ 60.983086  88.61656  117.51357  129.05101 ],[7.988771  7.5402513 7.1322246 6.7342415],[0.6822733 0.9691941 1.1193516 1.196024 ],[8.210542 8.202722 8.19268  8.180748],[0.5592177  0.55600965 0.5821842  0.64674735]
DDK8,C,3e-07,1,False,False,TDD,packagedrop,0.01,[0.00919085 0.00913487 0.00959848 0.0104564 ],[0.00152635 0.00150605 0.00165203 0.0023429 ],[2.7601173 2.749185  2.8650274 3.0811033],[0.5182686  0.51560295 0.5407034  0.69901675],[8.304944 8.304815 8.304384 8.303606],[0.12797754 0.12920836 0.13077748 0.13266614],[8.30922  8.309395 8.309544 8.309666],[0.12782563 0.12907478 0.13059264 0.132371  ]
DDK8,C,3e-07,10,False,False,TDD,packagedrop,0.01,[0.0313407  0.06053198 0.10135112 0.16413717],[0.11335038 0.17319213 0.16878098 0.16438541],[ 9.405269 17.757156 29.15082  46.76564 ],[39.473934 62.324436 63.36371  62.040794],[8.232274  8.19472   8.1353855 8.041346 ],[0.33910158 0.3827413  0.4348745  0.50526875],[8.250104 8.243475 8.238306 8.233626],[0.33855358 0.37196392 0.40309045 0.43264046]
DDK8,C,3e-07,30,False,False,TDD,packagedrop,0.01,[0.1653371  0.34044853 0.48431665 0.606476  ],[0.32278684 0.2794931  0.29455513 0.27301252],[ 41.4573   88.61547 134.95758 180.05624],[ 99.32224  77.16266  87.10275 105.20953],[8.084876 7.754564 7.477753 7.158374],[0.609451  0.9176987 1.1193728 1.2336333],[8.243394  8.2595005 8.280929  8.2970915],[0.5275148  0.56576973 0.5995795  0.6289665 ]
DDK8,D,3e-08,1,False,False,TDD,packagedrop,0.01,[0.00105822 0.00122737 0.00167666 0.0021385 ],[0.0007549  0.00076576 0.00108254 0.00235483],[0.30135873 0.34771693 0.480623   0.6300111 ],[0.21132568 0.20258823 0.3233945  0.87766176],[8.313579 8.313412 8.312984 8.312695],[0.16907555 0.16941734 0.1698198  0.17024973],[8.314398 8.314319 8.314234 8.314145],[0.1689577  0.1692839  0.16965668 0.17007592]
DDK8,D,3e-08,10,False,False,TDD,packagedrop,0.01,[0.01546224 0.02643189 0.04900002 0.05790487],[0.07881728 0.1226337  0.18704087 0.18995197],[ 5.1970696  8.871044  16.1214    19.042439 ],[29.544638 46.66777  70.0711   72.999466],[8.313114 8.310258 8.304018 8.301004],[0.2210678  0.23082122 0.24150664 0.25016028],[8.316226 8.317209 8.319232 8.322231],[0.22064124 0.22971565 0.23861213 0.24789669]
DDK8,D,3e-08,30,False,False,TDD,packagedrop,0.01,[0.02431005 0.05102187 0.09906974 0.14485025],[0.05490075 0.05751709 0.12138926 0.15405613],[ 6.7794237 14.359122  28.083586  41.820988 ],[15.18555  16.918493 37.354088 50.31659 ],[8.260433 8.219176 8.170523 8.101825],[0.32205722 0.34372875 0.3823628  0.44273436],[8.279626 8.265633 8.254636 8.245803],[0.3149234  0.33140603 0.3475315  0.37491977]
DDK8,D,1e-07,1,False,False,TDD,packagedrop,0.01,[0.00138648 0.00161145 0.0021051  0.00235085],[0.00076369 0.00075273 0.00092185 0.00116917],[0.41471317 0.48276353 0.63033694 0.7032249 ],[0.2311759  0.22496651 0.27688673 0.35254887],[8.307228  8.307367  8.3071165 8.307089 ],[0.04594498 0.04712897 0.04844857 0.0498473 ],[8.30858  8.308749 8.308917 8.309082],[0.04570846 0.04691132 0.04821616 0.04961289]
DDK8,D,1e-07,10,False,False,TDD,packagedrop,0.01,[0.00528562 0.01115689 0.01774955 0.02660142],[0.01373935 0.03173566 0.04335119 0.05410318],[1.6269165 3.50035   5.5837035 8.336902 ],[ 4.4987783 10.8241    15.364039  19.422132 ],[8.2989235 8.296167  8.292072  8.2867   ],[0.14427572 0.1627969  0.18158445 0.20051664],[8.302197 8.302738 8.303449 8.304353],[0.14413556 0.16243479 0.18018848 0.19722274]
DDK8,D,1e-07,30,False,False,TDD,packagedrop,0.01,[0.04710954 0.06473609 0.12285648 0.16349259],[0.15518789 0.12730402 0.21237853 0.2235431 ],[13.379765 18.787672 36.111027 47.484535],[41.71855  35.73113  62.95078  67.120094],[8.287162 8.268696 8.220703 8.198009],[0.2960626  0.32646763 0.37837908 0.41773263],[8.307436 8.310596 8.312113 8.31137 ],[0.28931206 0.31602684 0.33770058 0.35521185]
DDK8,D,3e-07,1,False,False,TDD,packagedrop,0.01,[0.00296343 0.0030731  0.00383932 0.00405551],[0.00149499 0.00153604 0.00169301 0.00190219],[0.8746225 0.9107786 1.1369191 1.2001548],[0.4380561  0.45158932 0.4973511  0.56066823],[8.301231 8.301308 8.300636 8.300495],[0.02179676 0.02328078 0.02498153 0.02674731],[8.304571 8.304598 8.304624 8.304644],[0.02125929 0.02278931 0.02444145 0.02619203]
DDK8,D,3e-07,10,False,False,TDD,packagedrop,0.01,[0.01128582 0.01747222 0.02498571 0.03669515],[0.03192951 0.0480424  0.06338432 0.10272805],[ 3.3922088  5.318209   7.6364765 11.21331  ],[ 9.818782 15.046288 20.034164 32.11431 ],[8.285996  8.2826395 8.278162  8.270868 ],[0.13634688 0.1552849  0.1745039  0.19470091],[8.291802 8.291453 8.291422 8.291797],[0.13622427 0.15536554 0.17447104 0.193445  ]
DDK8,D,3e-07,30,False,False,TDD,packagedrop,0.01,[0.06112606 0.07093871 0.11887492 0.14206642],[0.21831477 0.15025772 0.23892534 0.22117491],[17.767672 20.730932 36.19115  43.366104],[58.618137 42.641968 77.24078  72.930145],[8.295077 8.266349 8.243695 8.201908],[0.25959224 0.31279415 0.327016   0.37730753],[8.314291 8.305841 8.296564 8.287483],[0.25759736 0.28634158 0.31637365 0.34177953]
