model,cm,ds,ms,is_gen,is_U2D,scenario,noise_type,noise_degree,nmse_mean,nmse_std,mse_mean,mse_std,se_mean,se_std,se0_mean,se0_std
DFTGRID,A,3e-08,1,False,False,TDD,phase,10.0,[0.9515138 0.9509959 0.9500095 0.9486969],[0.7516392  0.7517891  0.75154614 0.7523797 ],[279.37628 279.7314  279.45868 279.37347],[236.82047 236.9763  236.8759  237.27666],[8.171124 8.169496 8.167696 8.167151],[0.19655329 0.20071508 0.2054562  0.21073735],[8.330993 8.329848 8.328677 8.327477],[0.19007078 0.19461934 0.1995183  0.20473996]
DFTGRID,A,3e-08,10,False,False,TDD,phase,10.0,[5.875602  5.75266   5.5326633 4.529951 ],[9.162883 8.769642 9.369961 5.241744],[596.2883  594.33966 594.21783 596.20703],[305.51178 293.60858 286.21756 283.8199 ],[7.0425158 7.0399346 7.029611  7.008687 ],[1.2626797 1.2499282 1.2649504 1.3227893],[8.202798 8.202786 8.20477  8.210615],[0.5486621  0.6039589  0.6533752  0.69756144]
DFTGRID,A,3e-08,30,False,False,TDD,phase,10.0,[12.55787    9.889997   7.8029957  7.1818614],[42.973816 26.876892 14.972496 10.052936],[596.1386  595.12146 601.2414  605.9278 ],[349.6112  345.64944 357.71463 374.35834],[6.711438  6.753376  6.778107  6.7784286],[1.3981581 1.3156371 1.3333145 1.4533676],[7.93059   7.937528  7.9386687 7.9467754],[0.9408091 0.9712996 1.0151565 1.0446167]
DFTGRID,A,1e-07,1,False,False,TDD,phase,10.0,[0.8037537  0.8023878  0.8016641  0.80120337],[0.7445401 0.7442806 0.7450658 0.7431954],[222.78584 222.40453 222.58058 222.4893 ],[228.56325 228.21107 228.71588 228.40034],[8.092847  8.0938425 8.095097  8.095484 ],[0.5202219 0.5206638 0.5217396 0.5223485],[8.262489 8.263346 8.264196 8.265036],[0.51461935 0.5150343  0.51560664 0.5163352 ]
DFTGRID,A,1e-07,10,False,False,TDD,phase,10.0,[4.3022237 4.384613  4.41458   4.1057177],[4.364193 5.012012 5.677647 4.481668],[635.56885 631.05676 626.6439  622.5203 ],[346.06442 339.71262 335.71133 333.63272],[6.96306   6.9641423 6.9660296 6.970499 ],[1.3712722 1.3956133 1.4134344 1.4128435],[8.144522 8.146372 8.146507 8.145758],[0.6222944 0.6648694 0.709678  0.7541991]
DFTGRID,A,1e-07,30,False,False,TDD,phase,10.0,[8.900064  6.7507057 9.259409  6.9573755],[40.84972  14.909102 35.872337 18.065811],[657.9953  627.00037 598.8465  574.58514],[397.38953 354.47546 323.27783 313.96545],[6.602469  6.627223  6.6163344 6.5190716],[1.6210428 1.63066   1.5882117 1.5856984],[8.072836  8.0405245 7.987643  7.931782 ],[0.9680374 1.0242087 1.0625325 1.0865595]
DFTGRID,A,3e-07,1,False,False,TDD,phase,10.0,[0.88862664 0.8883708  0.88827705 0.889607  ],[0.72107714 0.7205916  0.7211223  0.7219971 ],[271.6323  271.91312 272.07422 272.4795 ],[246.07794 245.7094  245.71568 245.82   ],[8.046814 8.048358 8.049907 8.050523],[0.3639786  0.36614355 0.36659566 0.3684773 ],[8.213686 8.214922 8.216152 8.217375],[0.3532045  0.35431996 0.35555035 0.35689348]
DFTGRID,A,3e-07,10,False,False,TDD,phase,10.0,[3.045872  3.1433172 3.0742028 3.103129 ],[2.4805882 2.9252555 2.695993  2.7924376],[594.62006 598.64056 603.75494 609.36487],[295.26166 294.1826  296.76144 302.29547],[6.93331  6.943613 6.946766 6.938943],[1.0412512 1.1062853 1.1819588 1.263087 ],[8.171758 8.174995 8.178912 8.183869],[0.61714447 0.66222084 0.70273554 0.7370155 ]
DFTGRID,A,3e-07,30,False,False,TDD,phase,10.0,[3.4862766 3.5793955 3.7619123 3.8041298],[3.6522448 4.0706625 4.511514  4.5865   ],[604.14185 611.5024  619.14056 628.04254],[330.31897 327.4123  338.00366 359.83115],[6.6695433 6.745711  6.783709  6.790442 ],[1.3688272 1.3948708 1.4688087 1.515699 ],[8.039328 8.043646 8.03752  8.038265],[0.90889144 0.95316577 1.0154774  1.0509552 ]
DFTGRID,C,3e-08,1,False,False,TDD,phase,10.0,[1.2002175 1.1935192 1.1888038 1.1915715],[0.82547987 0.81196    0.8008386  0.81849134],[277.78732 277.881   277.91666 278.24423],[192.50069 192.17163 192.40428 192.74129],[8.069099 8.070207 8.070889 8.071867],[0.18088426 0.18297385 0.18422475 0.18616703],[8.320241 8.321053 8.321876 8.322711],[0.13149643 0.13392696 0.13672414 0.13986434]
DFTGRID,C,3e-08,10,False,False,TDD,phase,10.0,[4.981193  5.500656  5.206676  4.8799553],[4.8442774 6.269249  5.4252677 4.551093 ],[642.31366 639.21936 642.58325 651.6754 ],[272.0714  266.3391  267.56546 273.65457],[6.5229487 6.545641  6.5652285 6.574209 ],[1.277364  1.247349  1.2710983 1.3259225],[8.214155 8.200949 8.206897 8.228696],[0.43586653 0.4754516  0.5107417  0.5324073 ]
DFTGRID,C,3e-08,30,False,False,TDD,phase,10.0,[4.207279  4.00034   4.2610826 4.7153664],[3.8422832 3.2836375 4.0215063 5.3089786],[601.37787 596.11237 598.49084 584.90594],[303.74634 309.95346 297.27502 276.61304],[5.9332976 6.0120974 5.9198275 6.03282  ],[1.8909829 1.7346567 1.8101548 1.5585098],[8.26459   8.2423935 8.200481  8.146261 ],[0.59722245 0.63432664 0.6843038  0.7340101 ]
DFTGRID,C,1e-07,1,False,False,TDD,phase,10.0,[0.86199623 0.8625293  0.8634159  0.8622864 ],[0.6470172 0.6474069 0.6492889 0.6490445],[240.18877 240.05244 240.15024 239.55522],[203.86783 203.62238 203.94142 203.46774],[8.049417 8.049274 8.047712 8.046718],[0.23549458 0.23772633 0.23973452 0.24219312],[8.287666 8.286728 8.285783 8.28482 ],[0.20094852 0.20314625 0.20554832 0.20814276]
DFTGRID,C,1e-07,10,False,False,TDD,phase,10.0,[3.013665  2.9908297 2.9939654 3.0086029],[2.0423326 2.0385547 1.9956814 1.9886965],[632.1398  628.65283 625.595   622.965  ],[272.20654 276.54108 283.55408 290.68646],[6.6058874 6.6062746 6.5933447 6.585447 ],[1.1410806 1.1368316 1.1564559 1.1969101],[8.228059 8.225113 8.221142 8.218307],[0.40632427 0.44373655 0.47436568 0.49637362]
DFTGRID,C,1e-07,30,False,False,TDD,phase,10.0,[3.182564  3.222992  3.3030305 3.1745648],[2.1195729 1.9470983 2.1263154 1.9739201],[608.9945  607.4073  604.5896  607.69525],[256.46658 235.67604 223.98848 228.34862],[5.6544733 5.645669  5.6217284 5.619221 ],[1.439348  1.3496443 1.3508692 1.4602885],[8.210542 8.202721 8.192679 8.180748],[0.55921763 0.55600965 0.58218396 0.64674735]
DFTGRID,C,3e-07,1,False,False,TDD,phase,10.0,[0.8099787 0.8107486 0.8098208 0.810309 ],[0.62071204 0.62100035 0.6206419  0.62067336],[244.66185 244.84233 244.69978 245.08682],[189.10591 189.03027 188.98984 189.38367],[8.057257 8.057226 8.057141 8.057808],[0.17476006 0.17524989 0.17648678 0.17681298],[8.309222 8.309395 8.309544 8.309666],[0.12782556 0.12907478 0.13059251 0.13237096]
DFTGRID,C,3e-07,10,False,False,TDD,phase,10.0,[2.2555845 2.2582796 2.264143  2.2799006],[1.2942951 1.2604662 1.2337824 1.2204751],[585.17755 585.06854 586.06305 588.9201 ],[264.0346  258.80136 254.85349 252.44196],[6.4712043 6.4308753 6.394069  6.3628426],[1.155641  1.202046  1.2444961 1.2884   ],[8.250104 8.243473 8.238304 8.233626],[0.3385536  0.3719638  0.4030903  0.43264043]
DFTGRID,C,3e-07,30,False,False,TDD,phase,10.0,[2.7977967 2.7775793 2.7736316 2.7961516],[1.4235742 1.4752373 1.5261874 1.5713916],[666.70435 667.07416 668.6438  669.09644],[258.8571  260.16696 263.70712 263.01715],[5.6923127 5.67185   5.747868  5.843089 ],[1.2359154 1.3238525 1.3438324 1.3098555],[8.243394  8.2595005 8.280929  8.2970915],[0.52751476 0.5657697  0.5995796  0.62896645]
DFTGRID,D,3e-08,1,False,False,TDD,phase,10.0,[0.8285713  0.82723826 0.8280593  0.82942426],[0.78620255 0.78553027 0.7859977  0.78794914],[248.85191 248.43933 248.68309 249.06245],[236.28185 236.069   236.30176 236.75461],[8.19325   8.1931305 8.192799  8.192706 ],[0.16825113 0.16857335 0.16877954 0.1693196 ],[8.314399 8.314319 8.314234 8.314145],[0.16895768 0.16928382 0.16965662 0.1700759 ]
DFTGRID,D,3e-08,10,False,False,TDD,phase,10.0,[2.0491934 2.0529933 2.0570517 2.0575461],[1.4788152 1.469696  1.459167  1.4478798],[604.84424 607.0613  609.9179  612.37787],[429.60706 427.9132  426.41702 425.2163 ],[8.120946 8.116273 8.107671 8.103371],[0.23476359 0.24154522 0.24763323 0.25617135],[8.316226 8.317209 8.319232 8.322231],[0.22064124 0.22971562 0.23861213 0.24789661]
DFTGRID,D,3e-08,30,False,False,TDD,phase,10.0,[2.1835792 2.2263622 2.2568483 2.2776027],[1.4176925 1.4227583 1.4154217 1.4082597],[611.22437 617.66833 622.6686  626.08624],[369.1784  370.58945 373.25946 372.92767],[8.076561 8.038669 8.023432 8.01063 ],[0.3301358  0.34571227 0.3643225  0.3945907 ],[8.279626 8.265633 8.254635 8.245803],[0.3149234 0.3314061 0.3475316 0.3749198]
DFTGRID,D,1e-07,1,False,False,TDD,phase,10.0,[0.8829841  0.88302207 0.8831551  0.883972  ],[0.7377679  0.7381256  0.73879516 0.73904276],[266.3403  266.39847 266.44403 266.72208],[224.53003 224.58882 224.7812  224.88136],[8.18631  8.186858 8.186374 8.186279],[0.04576251 0.04736749 0.04838429 0.04989074],[8.30858  8.308747 8.308916 8.309081],[0.04570844 0.04691121 0.04821619 0.04961301]
DFTGRID,D,1e-07,10,False,False,TDD,phase,10.0,[2.256444  2.258905  2.2649527 2.267123 ],[1.355431  1.3548301 1.3529204 1.3483577],[663.55524 663.8951  665.54236 666.4364 ],[386.43195 385.7267  385.29443 384.86725],[8.10453  8.098093 8.087035 8.079832],[0.1505345  0.16786239 0.1849044  0.20206058],[8.3021965 8.302738  8.303449  8.304353 ],[0.14413548 0.16243483 0.18018849 0.19722271]
DFTGRID,D,1e-07,30,False,False,TDD,phase,10.0,[2.090403  2.0957146 2.0968344 2.0957212],[1.2982372 1.2871159 1.2789996 1.2751805],[623.62225 628.20245 629.93256 629.3695 ],[392.07693 392.01282 391.4914  390.86285],[8.097822 8.078946 8.077784 8.075817],[0.29508376 0.31798205 0.336539   0.35389447],[8.307436 8.310596 8.312113 8.31137 ],[0.289312   0.3160269  0.33770055 0.35521182]
DFTGRID,D,3e-07,1,False,False,TDD,phase,10.0,[0.78078324 0.78175104 0.7815522  0.7824135 ],[0.7262266  0.7273696  0.7265909  0.72751707],[234.03943 234.33432 234.24037 234.55286],[217.85725 218.17899 217.91478 218.19331],[8.183761 8.183859 8.183427 8.183161],[0.02300939 0.0244143  0.02586207 0.02796162],[8.304569 8.304597 8.304624 8.304643],[0.02125923 0.02278941 0.02444138 0.0261921 ]
DFTGRID,D,3e-07,10,False,False,TDD,phase,10.0,[2.0347555 2.0407495 2.0479133 2.0544734],[1.3400247 1.343366  1.3456541 1.3477606],[600.9843  602.0911  603.5924  605.16516],[388.39096 387.42038 386.15836 385.07376],[8.092787 8.086609 8.075487 8.06764 ],[0.1496874  0.16261695 0.17674923 0.192866  ],[8.291801 8.291452 8.291421 8.291797],[0.13622418 0.15536551 0.174471   0.19344515]
DFTGRID,D,3e-07,30,False,False,TDD,phase,10.0,[1.8545642 1.8762108 1.8869568 1.8983414],[1.4866848 1.5067663 1.5290416 1.5510198],[543.36084 544.25464 542.6419  541.7043 ],[413.03696 411.1648  411.19592 411.2051 ],[8.110597 8.071436 8.059513 8.048709],[0.26622102 0.2930235  0.3228154  0.35044476],[8.314291 8.305841 8.296564 8.287483],[0.25759727 0.2863416  0.3163736  0.34177947]
DFTGRID,A,3e-08,1,False,False,TDD,phase,15.0,[0.9116326 0.9100372 0.9089321 0.9085152],[0.77637154 0.7766726  0.7771623  0.77680516],[267.7101  267.65015 267.57516 267.6434 ],[244.37494 244.47173 244.58774 244.44397],[8.267937 8.266776 8.265554 8.264356],[0.1950121  0.19979449 0.20479026 0.21003477],[8.330993 8.329848 8.328677 8.327477],[0.19007078 0.19461934 0.1995183  0.20473996]
DFTGRID,A,3e-08,10,False,False,TDD,phase,15.0,[5.8757877 5.749344  5.5322437 4.525522 ],[9.186325 8.785206 9.408688 5.251016],[595.4578 593.4277 593.5498 595.7086],[314.25824 302.56506 295.15836 293.0832 ],[7.1391826 7.1348295 7.1233807 7.10446  ],[1.2641675 1.2518011 1.2678467 1.3244706],[8.202798 8.202786 8.20477  8.210615],[0.5486621  0.6039589  0.6533752  0.69756144]
DFTGRID,A,3e-08,30,False,False,TDD,phase,15.0,[12.549768   9.859803   7.7831287  7.170179 ],[42.959244 26.789007 14.931695 10.050571],[594.6538 593.76   599.7397 605.09  ],[358.03036 354.14545 366.5627  383.08575],[6.810241  6.8507013 6.8732624 6.87497  ],[1.4051616 1.3199645 1.3354516 1.4531443],[7.93059   7.937528  7.9386687 7.9467754],[0.9408091 0.9712996 1.0151565 1.0446167]
DFTGRID,A,1e-07,1,False,False,TDD,phase,15.0,[0.75782895 0.7564695  0.7562355  0.75574636],[0.77082175 0.76998234 0.7701802  0.76985884],[208.14937 208.05223 208.087   208.13828],[235.5249  235.31012 235.1887  235.15956],[8.191273 8.19223  8.192975 8.193886],[0.51938164 0.520012   0.5205723  0.5214093 ],[8.262489 8.263346 8.264196 8.265036],[0.51461935 0.5150343  0.51560664 0.5163352 ]
DFTGRID,A,1e-07,10,False,False,TDD,phase,15.0,[4.302233  4.384302  4.4150176 4.104362 ],[4.377061 5.01984  5.692295 4.487521],[635.9041  631.1369  626.64575 622.83185],[354.65506 348.32318 344.49927 342.3633 ],[7.055982  7.0581756 7.060314  7.0645027],[1.3754985 1.401229  1.4254366 1.421399 ],[8.144522 8.146372 8.146507 8.145758],[0.6222944 0.6648694 0.709678  0.7541991]
DFTGRID,A,1e-07,30,False,False,TDD,phase,15.0,[8.894695 6.749438 9.254108 6.942581],[40.797924 14.940754 35.885162 18.064747],[656.9668  625.8671  596.7851  572.73486],[404.052   361.6266  329.5354  320.75092],[6.6945553 6.717617  6.708313  6.6158533],[1.632506  1.644064  1.5994655 1.5936942],[8.072836  8.0405245 7.987643  7.931782 ],[0.9680374 1.0242087 1.0625325 1.0865595]
DFTGRID,A,3e-07,1,False,False,TDD,phase,15.0,[0.8480051  0.8477982  0.84879386 0.8485617 ],[0.7470792  0.74677753 0.7478068  0.74776804],[259.82156 259.95474 260.35168 260.44855],[253.09134 252.9673  253.18382 253.06299],[8.145136 8.146387 8.147422 8.148696],[0.3642503  0.36516523 0.36654064 0.36808273],[8.213686 8.214922 8.216152 8.217375],[0.3532045  0.35431996 0.35555035 0.35689348]
DFTGRID,A,3e-07,10,False,False,TDD,phase,15.0,[3.0377023 3.137316  3.0681853 3.0974293],[2.4925501 2.937136  2.7062356 2.800725 ],[593.02704 597.4897  602.61255 608.6249 ],[303.92197 302.90906 305.27426 311.20572],[7.027283  7.0390587 7.041648  7.0330935],[1.0476956 1.1106762 1.1865253 1.2722623],[8.171758 8.174995 8.178912 8.183869],[0.61714447 0.66222084 0.70273554 0.7370155 ]
DFTGRID,A,3e-07,30,False,False,TDD,phase,15.0,[3.4827955 3.5747535 3.757165  3.7987998],[3.663723  4.083071  4.523843  4.5969043],[603.41003 610.74243 618.4748  627.7053 ],[337.68887 335.03094 345.9876  367.32605],[6.7651744 6.8421755 6.8788176 6.886664 ],[1.3736827 1.3988371 1.4760762 1.5206379],[8.039328 8.043646 8.03752  8.038265],[0.90889144 0.95316577 1.0154774  1.0509552 ]
DFTGRID,C,3e-08,1,False,False,TDD,phase,15.0,[1.1585147 1.1521139 1.1474952 1.1492054],[0.84173954 0.8281485  0.81784344 0.8345719 ],[265.99756 265.9404  266.26266 266.17865],[199.13112 199.0121  199.20357 199.27394],[8.167089 8.16788  8.168445 8.169487],[0.18012172 0.18179704 0.183779   0.18559352],[8.320241 8.321053 8.321876 8.322711],[0.13149643 0.13392696 0.13672414 0.13986434]
DFTGRID,C,3e-08,10,False,False,TDD,phase,15.0,[4.989763  5.5109906 5.2183375 4.8880587],[4.8701124 6.300075  5.459517  4.5787454],[643.67596 640.4924  644.10486 653.2608 ],[280.9442  275.49295 276.56497 282.9945 ],[6.6179113 6.6403823 6.6596594 6.6706834],[1.281414  1.2540189 1.2737012 1.3268526],[8.214155 8.200949 8.206897 8.228696],[0.43586653 0.4754516  0.5107417  0.5324073 ]
DFTGRID,C,3e-08,30,False,False,TDD,phase,15.0,[4.2048726 3.9914124 4.2544613 4.7111225],[3.864285  3.2961285 4.035781  5.324733 ],[600.5479  595.2162  598.06647 584.4629 ],[311.36777 317.84448 304.77106 283.76013],[6.0182037 6.099602  6.003302  6.1285   ],[1.9247574 1.7638164 1.8495146 1.5689232],[8.26459   8.2423935 8.200481  8.146261 ],[0.59722245 0.63432664 0.6843038  0.7340101 ]
DFTGRID,C,1e-07,1,False,False,TDD,phase,15.0,[0.81845015 0.8187624  0.8177784  0.8181345 ],[0.6703931  0.67041415 0.67089224 0.6714457 ],[227.73932 227.4289  226.8544  226.72466],[210.68007 210.24135 209.90694 209.68361],[8.145792 8.144975 8.144168 8.143329],[0.23537995 0.23714942 0.23906474 0.24119468],[8.287666 8.286728 8.285783 8.28482 ],[0.20094852 0.20314625 0.20554832 0.20814276]
DFTGRID,C,1e-07,10,False,False,TDD,phase,15.0,[3.0206738 2.9970703 2.998911  3.0140553],[2.071059  2.0640252 2.0193605 2.0143828],[633.8822 630.005  626.8427 624.1227],[281.32977 285.75507 292.8087  300.3569 ],[6.6993775 6.699053  6.6887636 6.6808515],[1.145791  1.1413817 1.1595517 1.2006462],[8.228059 8.225113 8.221142 8.218307],[0.40632427 0.44373655 0.47436568 0.49637362]
DFTGRID,C,1e-07,30,False,False,TDD,phase,15.0,[3.1826677 3.2258832 3.3046174 3.176733 ],[2.1345346 1.9601791 2.1372035 1.9892308],[609.05493 607.877   604.9592  608.1841 ],[262.389   241.5236  229.71326 234.35408],[5.7436395 5.7334414 5.711446  5.703903 ],[1.4539262 1.3634065 1.3712609 1.4836267],[8.210542 8.202721 8.192679 8.180748],[0.55921763 0.55600965 0.58218396 0.64674735]
DFTGRID,C,3e-07,1,False,False,TDD,phase,15.0,[0.76717645 0.76696426 0.7666553  0.7666037 ],[0.64335287 0.6427522  0.6431442  0.64339983],[231.62967 231.62076 231.72414 231.81564],[195.62831 195.46371 195.66751 195.9426 ],[8.153324  8.153633  8.154265  8.1542425],[0.17528355 0.17582515 0.17629114 0.1771017 ],[8.309222 8.309395 8.309544 8.309666],[0.12782556 0.12907478 0.13059251 0.13237096]
DFTGRID,C,3e-07,10,False,False,TDD,phase,15.0,[2.249704  2.2539322 2.261035  2.2762933],[1.3198143 1.2863274 1.259534  1.2476491],[583.7578 583.9625 585.2238 587.9521],[273.17493 267.6795  263.53937 261.2893 ],[6.5665913 6.524427  6.486587  6.456761 ],[1.16368   1.2082707 1.2527231 1.2966908],[8.250104 8.243473 8.238304 8.233626],[0.3385536  0.3719638  0.4030903  0.43264043]
DFTGRID,C,3e-07,30,False,False,TDD,phase,15.0,[2.7978148 2.7779615 2.774283  2.7955105],[1.4352672 1.4862163 1.5370115 1.5803893],[667.1218  667.6027  669.37537 669.6855 ],[264.74677 266.48138 269.86652 269.05133],[5.782046  5.760846  5.8361425 5.930495 ],[1.2481905 1.3419542 1.3599986 1.3233738],[8.243394  8.2595005 8.280929  8.2970915],[0.52751476 0.5657697  0.5995796  0.62896645]
DFTGRID,D,3e-08,1,False,False,TDD,phase,15.0,[0.79681516 0.797108   0.79714537 0.797363  ],[0.8111553  0.81140333 0.81192654 0.81189686],[239.19896 239.2885  239.24933 239.30164],[243.55579 243.70273 243.76172 243.7919 ],[8.272884  8.2727785 8.272762  8.272473 ],[0.16892578 0.16916457 0.16949171 0.1700744 ],[8.314399 8.314319 8.314234 8.314145],[0.16895768 0.16928382 0.16965662 0.1700759 ]
DFTGRID,D,3e-08,10,False,False,TDD,phase,15.0,[2.055406  2.057903  2.0585167 2.057191 ],[1.5244523 1.5161446 1.507005  1.497349 ],[606.66   608.534  610.4376 612.2806],[443.16937 441.7695  440.7091  440.05267],[8.200397 8.200019 8.19913  8.199928],[0.2345618  0.24201158 0.24941118 0.25799096],[8.316226 8.317209 8.319232 8.322231],[0.22064124 0.22971562 0.23861213 0.24789661]
DFTGRID,D,3e-08,30,False,False,TDD,phase,15.0,[2.192689  2.2293878 2.259002  2.278613 ],[1.4562705 1.4632491 1.4582235 1.4507475],[613.521   618.36847 623.15967 626.479  ],[380.4936  383.21243 386.06702 385.85336],[8.155476 8.13487  8.121251 8.110219],[0.32963744 0.34606972 0.3652527  0.39477906],[8.279626 8.265633 8.254635 8.245803],[0.3149234 0.3314061 0.3475316 0.3749198]
DFTGRID,D,1e-07,1,False,False,TDD,phase,15.0,[0.85321164 0.8538987  0.85365415 0.8537281 ],[0.76117194 0.76160127 0.761407   0.76175976],[257.3869  257.62573 257.54422 257.6106 ],[231.61545 231.72533 231.59822 231.72084],[8.266249  8.2662525 8.266387  8.266415 ],[0.0460942  0.04720063 0.04853941 0.04998631],[8.30858  8.308747 8.308916 8.309081],[0.04570844 0.04691121 0.04821619 0.04961301]
DFTGRID,D,1e-07,10,False,False,TDD,phase,15.0,[2.2699375 2.27241   2.2741587 2.2741156],[1.3962835 1.3971843 1.3965971 1.3950698],[667.4269 667.7273 668.1052 668.313 ],[398.58112 398.3828  398.47397 398.9636 ],[8.183762  8.182342  8.179434  8.1780615],[0.14993228 0.1669516  0.18401012 0.20021982],[8.3021965 8.302738  8.303449  8.304353 ],[0.14413548 0.16243483 0.18018849 0.19722271]
DFTGRID,D,1e-07,30,False,False,TDD,phase,15.0,[2.0985003 2.0973294 2.0953639 2.097032 ],[1.3374766 1.3292525 1.3217889 1.3170648],[626.2164  628.9978  629.9729  630.24005],[404.05127 404.9204  404.8742  404.16544],[8.176977 8.17415  8.176795 8.176711],[0.29447606 0.3179833  0.33806992 0.35645157],[8.307436 8.310596 8.312113 8.31137 ],[0.289312   0.3160269  0.33770055 0.35521182]
DFTGRID,D,3e-07,1,False,False,TDD,phase,15.0,[0.74836326 0.74863875 0.7484665  0.7492796 ],[0.7496245  0.7499401  0.7496066  0.75020003],[224.30293 224.38394 224.33812 224.60876],[224.85002 224.93439 224.84264 225.02551],[8.263293 8.263226 8.263161 8.263102],[0.02280656 0.02440982 0.02596404 0.02763508],[8.304569 8.304597 8.304624 8.304643],[0.02125923 0.02278941 0.02444138 0.0261921 ]
DFTGRID,D,3e-07,10,False,False,TDD,phase,15.0,[2.0410376 2.0451615 2.049894  2.0539837],[1.3830836 1.3863236 1.3903245 1.3942457],[602.8933  603.35706 604.1885  605.0338 ],[401.03296 399.9906  399.27347 398.71005],[8.171952 8.169909 8.166726 8.164676],[0.14871441 0.16286276 0.17840138 0.19440413],[8.291801 8.291452 8.291421 8.291797],[0.13622418 0.15536551 0.174471   0.19344515]
DFTGRID,D,3e-07,30,False,False,TDD,phase,15.0,[1.8563303 1.8696392 1.8809276 1.8912619],[1.5312513 1.5552186 1.5782688 1.6008348],[543.696   542.07043 540.59827 539.4487 ],[425.8943  425.06406 425.2894  425.41898],[8.189064 8.169731 8.157764 8.147286],[0.2648847  0.29269618 0.3227074  0.34904155],[8.314291 8.305841 8.296564 8.287483],[0.25759727 0.2863416  0.3163736  0.34177947]
DFTGRID,A,3e-08,1,False,False,TDD,phase,20.0,[0.8982993 0.8964511 0.8951494 0.8949705],[0.7848162  0.78459895 0.784611   0.78538555],[263.78308 263.65552 263.5725  263.5839 ],[246.89867 246.78989 246.78111 246.90816],[8.299145  8.29792   8.296733  8.2954855],[0.1950472  0.19958043 0.20465684 0.20994295],[8.330993 8.329848 8.328677 8.327477],[0.19007078 0.19461934 0.1995183  0.20473996]
DFTGRID,A,3e-08,10,False,False,TDD,phase,20.0,[5.8769593 5.747253  5.5324535 4.526482 ],[9.199439  8.781779  9.421408  5.2601495],[595.268   593.22876 593.29913 595.6241 ],[317.3801  305.44812 298.0312  295.95615],[7.1693187 7.1652946 7.15465   7.135652 ],[1.2670761 1.2518758 1.265828  1.3236533],[8.202798 8.202786 8.20477  8.210615],[0.5486621  0.6039589  0.6533752  0.69756144]
DFTGRID,A,3e-08,30,False,False,TDD,phase,20.0,[12.547346   9.84977    7.7750263  7.166449 ],[42.9665   26.7499   14.912573 10.049296],[594.1242  593.3198  599.16144 604.88385],[360.73434 356.90445 369.51395 385.93982],[6.8408647 6.8808045 6.9049    6.906257 ],[1.4069842 1.3228008 1.3359389 1.4538581],[7.93059   7.937528  7.9386687 7.9467754],[0.9408091 0.9712996 1.0151565 1.0446167]
DFTGRID,A,1e-07,1,False,False,TDD,phase,20.0,[0.7432433  0.74198556 0.7414371  0.74083686],[0.77951473 0.7789768  0.77891433 0.7786527 ],[203.48938 203.4332  203.40031 203.34377],[237.75293 237.61333 237.52647 237.48181],[8.222629 8.22363  8.224471 8.225384],[0.5193333  0.51972497 0.5203106  0.5211023 ],[8.262489 8.263346 8.264196 8.265036],[0.51461935 0.5150343  0.51560664 0.5163352 ]
DFTGRID,A,1e-07,10,False,False,TDD,phase,20.0,[4.303181  4.3845444 4.4146643 4.103172 ],[4.3821416 5.0250506 5.693593  4.4916024],[636.01483 631.24255 626.7427  622.5191 ],[357.51685 351.28406 347.30383 344.90872],[7.086372  7.087167  7.0904427 7.0941277],[1.3772727 1.4055866 1.4266465 1.4254792],[8.144522 8.146372 8.146507 8.145758],[0.6222944 0.6648694 0.709678  0.7541991]
DFTGRID,A,1e-07,30,False,False,TDD,phase,20.0,[8.893939 6.74837  9.246909 6.937069],[40.794975 14.949769 35.849968 18.069914],[656.6887  625.3004  596.17224 571.8916 ],[406.1294  363.9469  331.72623 323.05533],[6.7238836 6.7474394 6.7393036 6.646817 ],[1.6357491 1.648854  1.6030024 1.5954193],[8.072836  8.0405245 7.987643  7.931782 ],[0.9680374 1.0242087 1.0625325 1.0865595]
DFTGRID,A,3e-07,1,False,False,TDD,phase,20.0,[0.8342604  0.83470976 0.83507216 0.8354658 ],[0.75521153 0.7552591  0.75588155 0.75610137],[255.8623  256.1349  256.41333 256.6583 ],[255.43953 255.40157 255.50395 255.48088],[8.176338  8.1776285 8.17884   8.180102 ],[0.36409563 0.36526567 0.3664711  0.36791173],[8.213686 8.214922 8.216152 8.217375],[0.3532045  0.35431996 0.35555035 0.35689348]
DFTGRID,A,3e-07,10,False,False,TDD,phase,20.0,[3.0349622 3.135046  3.067253  3.0962393],[2.495534  2.9400961 2.7103808 2.8042138],[592.6281  597.10486 602.4228  608.2469 ],[306.7962  305.69138 308.22128 314.07874],[7.0574555 7.0697036 7.072754  7.0635967],[1.0488497 1.1117308 1.1880066 1.2748522],[8.171758 8.174995 8.178912 8.183869],[0.61714447 0.66222084 0.70273554 0.7370155 ]
DFTGRID,A,3e-07,30,False,False,TDD,phase,20.0,[3.481192  3.5737426 3.7561038 3.7975075],[3.666278  4.088071  4.530605  4.6013126],[603.1817  610.54553 618.22    627.62744],[340.1356  337.6405  348.4331  369.88214],[6.797551  6.872493  6.909094  6.9174047],[1.3741307 1.4002557 1.4779953 1.522561 ],[8.039328 8.043646 8.03752  8.038265],[0.90889144 0.95316577 1.0154774  1.0509552 ]
DFTGRID,C,3e-08,1,False,False,TDD,phase,20.0,[1.1449132 1.1387258 1.1339409 1.1357318],[0.8474512  0.83426857 0.82364106 0.83998084],[262.05234 262.1124  262.30725 262.37637],[201.33507 201.3544  201.46422 201.33577],[8.198315 8.199066 8.199774 8.200597],[0.17982878 0.18135397 0.18335646 0.18557079],[8.320241 8.321053 8.321876 8.322711],[0.13149643 0.13392696 0.13672414 0.13986434]
DFTGRID,C,3e-08,10,False,False,TDD,phase,20.0,[4.9913473 5.5147443 5.2214704 4.88911  ],[4.8796153 6.311791  5.4720807 4.5866146],[643.9575  640.92896 644.63763 653.6438 ],[283.94537 278.44208 279.58932 285.89368],[6.648545  6.6701136 6.6906495 6.7011123],[1.2809677 1.256861  1.2755797 1.3284063],[8.214155 8.200949 8.206897 8.228696],[0.43586653 0.4754516  0.5107417  0.5324073 ]
DFTGRID,C,3e-08,30,False,False,TDD,phase,20.0,[4.2033653 3.989891  4.2542973 4.7098618],[3.8690538 3.301899  4.0423427 5.3279376],[600.2515 595.1154 598.0712 584.3706],[313.87952 320.49966 307.45145 286.32166],[6.0442944 6.127779  6.029516  6.15788  ],[1.9358996 1.7743576 1.8642932 1.5724136],[8.26459   8.2423935 8.200481  8.146261 ],[0.59722245 0.63432664 0.6843038  0.7340101 ]
DFTGRID,C,1e-07,1,False,False,TDD,phase,20.0,[0.80379266 0.8041639  0.80380493 0.80386597],[0.677648   0.6777231  0.6781757  0.67894894],[223.49658 223.24513 222.79416 222.57918],[212.8363  212.40315 212.01276 211.83374],[8.176562 8.17561  8.174739 8.173853],[0.23531002 0.23710218 0.23907703 0.24111794],[8.287666 8.286728 8.285783 8.28482 ],[0.20094852 0.20314625 0.20554832 0.20814276]
DFTGRID,C,1e-07,10,False,False,TDD,phase,20.0,[3.02184   2.9984348 3.0011826 3.014809 ],[2.0787117 2.073325  2.0295334 2.02088  ],[634.147   630.413   627.3465  624.33734],[284.28378 288.792   295.96765 303.37146],[6.729265  6.72864   6.7198744 6.710515 ],[1.1467274 1.1434313 1.1608377 1.2029134],[8.228059 8.225113 8.221142 8.218307],[0.40632427 0.44373655 0.47436568 0.49637362]
DFTGRID,C,1e-07,30,False,False,TDD,phase,20.0,[3.1833286 3.2269797 3.3060174 3.1770284],[2.1403913 1.9647177 2.1422713 1.9944651],[609.2748  608.0475  605.2659  608.20404],[264.3314  243.34338 231.45201 236.02643],[5.769961  5.7645044 5.7389264 5.7315955],[1.4597064 1.3647821 1.3763524 1.4893873],[8.210542 8.202721 8.192679 8.180748],[0.55921763 0.55600965 0.58218396 0.64674735]
DFTGRID,C,3e-07,1,False,False,TDD,phase,20.0,[0.7525695  0.75250655 0.75235534 0.75233185],[0.64997387 0.6502039  0.6506076  0.6500249 ],[227.22319 227.32065 227.42206 227.51906],[197.55223 197.72728 197.98015 197.82927],[8.184088 8.184608 8.185094 8.185343],[0.17520088 0.1757003  0.17619975 0.17711954],[8.309222 8.309395 8.309544 8.309666],[0.12782556 0.12907478 0.13059251 0.13237096]
DFTGRID,C,3e-07,10,False,False,TDD,phase,20.0,[2.2487845 2.2524521 2.2596192 2.2751904],[1.3287026 1.2949294 1.268324  1.2559196],[583.526   583.5673  584.9207  587.69037],[276.217   270.54462 266.42853 264.07645],[6.5964613 6.554164  6.5155706 6.485324 ],[1.1658757 1.2117562 1.2568095 1.299858 ],[8.250104 8.243473 8.238304 8.233626],[0.3385536  0.3719638  0.4030903  0.43264043]
DFTGRID,C,3e-07,30,False,False,TDD,phase,20.0,[2.798357  2.778385  2.7745085 2.795799 ],[1.439616  1.4889627 1.541534  1.5832013],[667.3873  668.01337 669.51373 669.94366],[266.87936 268.49374 271.97614 270.98935],[5.8109345 5.787283  5.8654995 5.9603705],[1.2510581 1.3485216 1.3641161 1.3257661],[8.243394  8.2595005 8.280929  8.2970915],[0.52751476 0.5657697  0.5995796  0.62896645]
DFTGRID,D,3e-08,1,False,False,TDD,phase,20.0,[0.7865563 0.7865576 0.7868459 0.7867633],[0.81951606 0.8196948  0.81979096 0.81986433],[236.09348 236.07494 236.11864 236.11406],[246.03076 246.07124 246.07703 246.16429],[8.298328 8.298242 8.298112 8.297959],[0.16916354 0.16945945 0.16983727 0.17024863],[8.314399 8.314319 8.314234 8.314145],[0.16895768 0.16928382 0.16965662 0.1700759 ]
DFTGRID,D,3e-08,10,False,False,TDD,phase,20.0,[2.0576243 2.0588684 2.058669  2.0568333],[1.5393823 1.5315005 1.5226965 1.513491 ],[607.2693 608.8234 610.4657 612.2161],[447.57257 446.3358  445.36496 444.93216],[8.225721  8.226852  8.228294  8.2305765],[0.23463386 0.2422783  0.24986164 0.25849733],[8.316226 8.317209 8.319232 8.322231],[0.22064124 0.22971562 0.23861213 0.24789661]
DFTGRID,D,3e-08,30,False,False,TDD,phase,20.0,[2.196054  2.229835  2.2589622 2.2786734],[1.4695377 1.4770688 1.4722544 1.4653091],[614.3481 618.4189 623.0973 626.5137],[384.34775 387.38394 390.22638 390.22537],[8.180809 8.165555 8.152734 8.142316],[0.32941917 0.34633538 0.36580282 0.3950715 ],[8.279626 8.265633 8.254635 8.245803],[0.3149234 0.3314061 0.3475316 0.3749198]
DFTGRID,D,1e-07,1,False,False,TDD,phase,20.0,[0.8437195  0.8436322  0.84410775 0.84377307],[0.7692283  0.7694337  0.769551   0.76936877],[254.52483 254.52713 254.70035 254.61852],[234.05472 234.09152 234.09985 234.00969],[8.2916565 8.291827  8.291966  8.292076 ],[0.04607263 0.0472855  0.04859949 0.04998866],[8.30858  8.308747 8.308916 8.309081],[0.04570844 0.04691121 0.04821619 0.04961301]
DFTGRID,D,1e-07,10,False,False,TDD,phase,20.0,[2.2747617 2.276122  2.2771194 2.276579 ],[1.409868  1.410852  1.4107356 1.4098883],[668.80084 668.7628  668.9249  668.97296],[402.59464 402.48047 402.73123 403.4395 ],[8.209039 8.209177 8.208913 8.209485],[0.14947774 0.16686124 0.18364137 0.19993672],[8.3021965 8.302738  8.303449  8.304353 ],[0.14413548 0.16243483 0.18018849 0.19722271]
DFTGRID,D,1e-07,30,False,False,TDD,phase,20.0,[2.1009734 2.0977097 2.0957944 2.096591 ],[1.3508314 1.3432677 1.3361977 1.3311208],[627.0064  629.22845 630.2323  630.2325 ],[408.10846 409.27484 409.29794 408.57706],[8.202181 8.20484  8.208362 8.209193],[0.29420313 0.31812853 0.33869964 0.3575669 ],[8.307436 8.310596 8.312113 8.31137 ],[0.289312   0.3160269  0.33770055 0.35521182]
DFTGRID,D,3e-07,1,False,False,TDD,phase,20.0,[0.73740554 0.7373696  0.7376041  0.73784864],[0.7570729  0.7571006  0.7573232  0.75770646],[221.01251 221.0116  221.07674 221.1535 ],[227.08865 227.0965  227.14648 227.25371],[8.288677 8.288711 8.28871  8.288662],[0.02281332 0.02429495 0.02596797 0.02763022],[8.304569 8.304597 8.304624 8.304643],[0.02125923 0.02278941 0.02444138 0.0261921 ]
DFTGRID,D,3e-07,10,False,False,TDD,phase,20.0,[2.042935  2.0471334 2.050699  2.0538528],[1.3973086 1.4008597 1.4050221 1.4097081],[603.46704 603.96423 604.41876 605.01917],[405.22012 404.2428  403.53995 403.2382 ],[8.197387 8.19672  8.195775 8.1955  ],[0.14846209 0.16316287 0.17879942 0.19522496],[8.291801 8.291452 8.291421 8.291797],[0.13622418 0.15536551 0.174471   0.19344515]
DFTGRID,D,3e-07,30,False,False,TDD,phase,20.0,[1.8566027 1.8683969 1.87884   1.8890747],[1.5460842 1.5714505 1.5946597 1.6174736],[543.73285 541.6425  539.89685 538.7152 ],[430.19568 429.74014 429.97998 430.11197],[8.214158  8.2010355 8.189386  8.178988 ],[0.26450267 0.2928475  0.3230564  0.34864634],[8.314291 8.305841 8.296564 8.287483],[0.25759727 0.2863416  0.3163736  0.34177947]
DFTGRID,A,3e-08,1,False,False,TDD,phase,25.0,[0.89405584 0.89250684 0.891368   0.8903999 ],[0.7873261  0.7873089  0.78749925 0.78750706],[262.49286 262.51224 262.43097 262.31757],[247.56409 247.63744 247.62343 247.57294],[8.308608 8.307468 8.30625  8.305053],[0.19498499 0.1995996  0.20454611 0.20988446],[8.330993 8.329848 8.328677 8.327477],[0.19007078 0.19461934 0.1995183  0.20473996]
DFTGRID,A,3e-08,10,False,False,TDD,phase,25.0,[5.876251  5.748382  5.5332975 4.5258446],[9.198992 8.788558 9.429979 5.262256],[595.27356 593.2362  593.277   595.5032 ],[318.1562  306.34195 299.05362 296.92114],[7.178206  7.174724  7.1643934 7.1456623],[1.2676753 1.2520374 1.2659235 1.3231586],[8.202798 8.202786 8.20477  8.210615],[0.5486621  0.6039589  0.6533752  0.69756144]
DFTGRID,A,3e-08,30,False,False,TDD,phase,25.0,[12.546207   9.848979   7.7741604  7.1652837],[42.9615   26.74909  14.90723  10.049932],[593.9683 593.1818 599.1828 604.8067],[361.6264  357.71707 370.54874 386.8208 ],[6.850579 6.890252 6.914301 6.915495],[1.4071925 1.3235234 1.3360428 1.4536849],[7.93059   7.937528  7.9386687 7.9467754],[0.9408091 0.9712996 1.0151565 1.0446167]
DFTGRID,A,1e-07,1,False,False,TDD,phase,25.0,[0.73856705 0.7375131  0.7367128  0.73616165],[0.7820234  0.7817445  0.78148246 0.78119487],[202.01526 202.01451 201.90393 201.8567 ],[238.42691 238.40996 238.28174 238.16313],[8.2323265 8.233186  8.234113  8.234972 ],[0.5192206  0.51966536 0.52025723 0.52103806],[8.262489 8.263346 8.264196 8.265036],[0.51461935 0.5150343  0.51560664 0.5163352 ]
DFTGRID,A,1e-07,10,False,False,TDD,phase,25.0,[4.3028736 4.38504   4.4138737 4.1028385],[4.384177  5.0269103 5.6936216 4.492027 ],[636.0025  631.28815 626.61475 622.5863 ],[358.37006 352.20132 348.14032 345.77838],[7.096026  7.0964994 7.098999  7.1025405],[1.3763723 1.4065486 1.428847  1.4284366],[8.144522 8.146372 8.146507 8.145758],[0.6222944 0.6648694 0.709678  0.7541991]
DFTGRID,A,1e-07,30,False,False,TDD,phase,25.0,[8.892959  6.7482843 9.246298  6.935281 ],[40.783875 14.954307 35.85479  18.070993],[656.50995 625.1004  595.8991  571.6731 ],[406.7839  364.6269  332.43625 323.70737],[6.732917  6.756227  6.7492027 6.656413 ],[1.6374052 1.6498842 1.6036283 1.5956134],[8.072836  8.0405245 7.987643  7.931782 ],[0.9680374 1.0242087 1.0625325 1.0865595]
DFTGRID,A,3e-07,1,False,False,TDD,phase,25.0,[0.83019453 0.8306719  0.8310793  0.8311088 ],[0.75764465 0.758004   0.7584643  0.7586518 ],[254.66695 254.93361 255.20717 255.36945],[256.10657 256.11136 256.16498 256.15582],[8.185983  8.187205  8.188458  8.1896925],[0.36406478 0.36522362 0.36647412 0.3678151 ],[8.213686 8.214922 8.216152 8.217375],[0.3532045  0.35431996 0.35555035 0.35689348]
DFTGRID,A,3e-07,10,False,False,TDD,phase,25.0,[3.03455   3.1345444 3.066776  3.0955656],[2.4972026 2.9410074 2.71206   2.8047886],[592.51953 597.0112  602.2472  608.1668 ],[307.68695 306.60208 309.04712 314.91376],[7.066803  7.079137  7.0823903 7.0731764],[1.0494833 1.1124394 1.1878288 1.2749333],[8.171758 8.174995 8.178912 8.183869],[0.61714447 0.66222084 0.70273554 0.7370155 ]
DFTGRID,A,3e-07,30,False,False,TDD,phase,25.0,[3.4812155 3.5731459 3.7555895 3.7968569],[3.6683588 4.087451  4.5301094 4.6023316],[603.17395 610.52    618.1842  627.56085],[340.9084  338.41986 349.251   370.6574 ],[6.806414  6.8821    6.918507  6.9264326],[1.3746042 1.4003305 1.4786419 1.5237316],[8.039328 8.043646 8.03752  8.038265],[0.90889144 0.95316577 1.0154774  1.0509552 ]
DFTGRID,C,3e-08,1,False,False,TDD,phase,25.0,[1.1406157 1.1347301 1.1295696 1.1317729],[0.8491231  0.8361335  0.8252477  0.84151906],[260.79153 260.97733 261.02258 261.1837 ],[201.89235 202.00937 202.0304  202.12071],[8.207763 8.208515 8.209354 8.210115],[0.17986633 0.18143594 0.18323055 0.18552747],[8.320241 8.321053 8.321876 8.322711],[0.13149643 0.13392696 0.13672414 0.13986434]
DFTGRID,C,3e-08,10,False,False,TDD,phase,25.0,[4.9925404 5.515882  5.2230587 4.889589 ],[4.8829327 6.31474   5.475133  4.5890045],[644.1152 641.0569 644.7211 653.7896],[284.8028  279.33536 280.44263 286.8312 ],[6.6582594 6.6794133 6.6995635 6.7104144],[1.280375  1.257069  1.2757283 1.3290715],[8.214155 8.200949 8.206897 8.228696],[0.43586653 0.4754516  0.5107417  0.5324073 ]
DFTGRID,C,3e-08,30,False,False,TDD,phase,25.0,[4.2032757 3.9889832 4.2539277 4.709607 ],[3.8716702 3.3031375 4.0439224 5.329533 ],[600.1827 595.0718 598.0019 584.3624],[314.63107 321.34714 308.26056 287.02167],[6.051587  6.136821  6.0364985 6.168086 ],[1.9418421 1.7764986 1.8707725 1.5724735],[8.26459   8.2423935 8.200481  8.146261 ],[0.59722245 0.63432664 0.6843038  0.7340101 ]
DFTGRID,C,1e-07,1,False,False,TDD,phase,25.0,[0.7993681  0.7997459  0.79972106 0.79940766],[0.6798227  0.68020487 0.6808442  0.6812445 ],[222.22789 221.91248 221.61142 221.27112],[213.41928 213.05176 212.8514  212.57098],[8.18597  8.185051 8.18417  8.183326],[0.23508474 0.23684244 0.23889484 0.24099809],[8.287666 8.286728 8.285783 8.28482 ],[0.20094852 0.20314625 0.20554832 0.20814276]
DFTGRID,C,1e-07,10,False,False,TDD,phase,25.0,[3.0224607 2.9991043 3.0014787 3.0154648],[2.0817153 2.0763328 2.0320733 2.02443  ],[634.2919 630.5309 627.4864 624.477 ],[285.2203  289.72543 296.92966 304.34363],[6.7390623 6.737818  6.7291875 6.719365 ],[1.146944  1.1438135 1.1610601 1.2038841],[8.228059 8.225113 8.221142 8.218307],[0.40632427 0.44373655 0.47436568 0.49637362]
DFTGRID,C,1e-07,30,False,False,TDD,phase,25.0,[3.1835177 3.2271645 3.3054113 3.1773553],[2.1415327 1.9659564 2.1419027 1.9963797],[609.3018  608.0545  605.21674 608.26685],[264.8608  244.00087 232.07161 236.67412],[5.7786784 5.7730455 5.7482605 5.7408504],[1.4606775 1.3662375 1.3783108 1.4909679],[8.210542 8.202721 8.192679 8.180748],[0.55921763 0.55600965 0.58218396 0.64674735]
DFTGRID,C,3e-07,1,False,False,TDD,phase,25.0,[0.7480457 0.7480268 0.7480743 0.7480751],[0.65236443 0.65226287 0.6526176  0.6526347 ],[225.85747 225.9832  226.10869 226.22295],[198.25012 198.2954  198.49464 198.60101],[8.193658 8.194104 8.194475 8.194874],[0.17530969 0.17569354 0.17633183 0.17715448],[8.309222 8.309395 8.309544 8.309666],[0.12782556 0.12907478 0.13059251 0.13237096]
DFTGRID,C,3e-07,10,False,False,TDD,phase,25.0,[2.2486746 2.2521605 2.2589893 2.2745712],[1.3314997 1.2974347 1.271189  1.2585276],[583.54126 583.53284 584.7427  587.5513 ],[277.08615 271.45694 267.4038  264.95325],[6.605153  6.56304   6.5254445 6.493938 ],[1.1665611 1.2117263 1.2572808 1.3016653],[8.250104 8.243473 8.238304 8.233626],[0.3385536  0.3719638  0.4030903  0.43264043]
DFTGRID,C,3e-07,30,False,False,TDD,phase,25.0,[2.7986975 2.7783096 2.7746274 2.795615 ],[1.4407616 1.4903536 1.542198  1.584088 ],[667.5044  668.0032  669.63666 669.9553 ],[267.4343  269.13068 272.61108 271.69296],[5.819439  5.796504  5.8738184 5.970129 ],[1.2523799 1.3484074 1.3653995 1.3256398],[8.243394  8.2595005 8.280929  8.2970915],[0.52751476 0.5657697  0.5995796  0.62896645]
DFTGRID,D,3e-08,1,False,False,TDD,phase,25.0,[0.7834126  0.7836355  0.7835769  0.78359693],[0.8221512  0.82250947 0.82227546 0.8223249 ],[235.12491 235.18137 235.1598  235.15324],[246.79315 246.91522 246.85626 246.87067],[8.30611   8.306019  8.30592   8.3058195],[0.16921835 0.16953844 0.1699172  0.17032588],[8.314399 8.314319 8.314234 8.314145],[0.16895768 0.16928382 0.16965662 0.1700759 ]
DFTGRID,D,3e-08,10,False,False,TDD,phase,25.0,[2.0581672 2.0591896 2.0587032 2.0567548],[1.5441719 1.5362965 1.5276856 1.5184895],[607.4253  608.9105  610.48694 612.216  ],[448.9888  447.75684 446.85382 446.41782],[8.233535 8.235118 8.237152 8.240114],[0.23464353 0.24234584 0.2501588  0.25862893],[8.316226 8.317209 8.319232 8.322231],[0.22064124 0.22971562 0.23861213 0.24789661]
DFTGRID,D,3e-08,30,False,False,TDD,phase,25.0,[2.196872  2.230029  2.2591789 2.278633 ],[1.4731551 1.4813546 1.4763557 1.4697236],[614.543   618.45514 623.1568  626.5016 ],[385.42914 388.68884 391.459   391.53104],[8.188589 8.175094 8.162421 8.152087],[0.32941076 0.34637818 0.3658773  0.39514923],[8.279626 8.265633 8.254635 8.245803],[0.3149234 0.3314061 0.3475316 0.3749198]
DFTGRID,D,1e-07,1,False,False,TDD,phase,25.0,[0.8407367  0.84059066 0.8407983  0.8407562 ],[0.77156246 0.77160627 0.7718696  0.77158815],[253.62695 253.60999 253.6899  253.70273],[234.76152 234.74371 234.7925  234.67719],[8.299429 8.299586 8.299773 8.29993 ],[0.04607027 0.04727546 0.0485814  0.04999283],[8.30858  8.308747 8.308916 8.309081],[0.04570844 0.04691121 0.04821619 0.04961301]
DFTGRID,D,1e-07,10,False,False,TDD,phase,25.0,[2.2763247 2.2774346 2.2779171 2.2772126],[1.4140383 1.4152035 1.4154286 1.4146711],[669.2483  669.1323  669.13727 669.1281 ],[403.83118 403.74216 404.10925 404.8724 ],[8.216855 8.21741  8.217984 8.219051],[0.149422   0.16669069 0.18362191 0.19985373],[8.3021965 8.302738  8.303449  8.304353 ],[0.14413548 0.16243483 0.18018849 0.19722271]
DFTGRID,D,1e-07,30,False,False,TDD,phase,25.0,[2.1016119 2.0979612 2.0955002 2.0967371],[1.3547221 1.3477268 1.3403606 1.3353916],[627.23975 629.3453  630.2016  630.3248 ],[409.3318  410.62567 410.60217 409.92395],[8.209907 8.214234 8.218099 8.219147],[0.29409707 0.31815308 0.33883885 0.35786536],[8.307436 8.310596 8.312113 8.31137 ],[0.289312   0.3160269  0.33770055 0.35521182]
DFTGRID,D,3e-07,1,False,False,TDD,phase,25.0,[0.73414534 0.7341731  0.7343888  0.73441505],[0.7595007 0.7595344 0.7596039 0.7596909],[220.04396 220.04688 220.11557 220.12251],[227.82982 227.81813 227.82953 227.8437 ],[8.296486 8.296511 8.296493 8.296491],[0.02280387 0.02430253 0.02592146 0.02764081],[8.304569 8.304597 8.304624 8.304643],[0.02125923 0.02278941 0.02444138 0.0261921 ]
DFTGRID,D,3e-07,10,False,False,TDD,phase,25.0,[2.0438476 2.0474873 2.0510354 2.0535264],[1.4015412 1.4052516 1.4096124 1.4144322],[603.74023 604.06836 604.52576 604.9151 ],[406.45212 405.53555 404.88443 404.6255 ],[8.205139 8.204873 8.20465  8.205009],[0.14845838 0.16311893 0.17894994 0.19552106],[8.291801 8.291452 8.291421 8.291797],[0.13622418 0.15536551 0.174471   0.19344515]
DFTGRID,D,3e-07,30,False,False,TDD,phase,25.0,[1.8567557 1.8678448 1.8783183 1.8883361],[1.550606  1.5764194 1.5994723 1.6224166],[543.76056 541.45734 539.7311  538.4785 ],[431.48688 431.18365 431.369   431.5309 ],[8.221869 8.210649 8.199081 8.188797],[0.26440102 0.2929608  0.3231857  0.34850222],[8.314291 8.305841 8.296564 8.287483],[0.25759727 0.2863416  0.3163736  0.34177947]
DFTGRID,A,3e-08,1,False,False,TDD,burst,10.0,[0.90083456 0.9155101  0.94834447 0.990869  ],[0.78443027 0.792512   0.80701685 0.8267683 ],[263.83368 266.09558 271.0014  276.72958],[246.96143 246.7579  246.78568 246.47682],[8.305336 8.293998 8.272193 8.246839],[0.195292   0.20604903 0.21825957 0.23756255],[8.330993 8.329848 8.328677 8.327477],[0.19007078 0.19461934 0.1995183  0.20473996]
DFTGRID,A,3e-08,10,False,False,TDD,burst,10.0,[5.9042025 5.80594   5.6741776 4.7496552],[9.225362 8.803036 9.673127 5.420192],[598.1645  601.2668  607.8108  617.41003],[320.52512 308.68784 301.01944 299.47687],[7.1613097 7.1312532 7.0872765 7.0344386],[1.2584261 1.22787   1.2502787 1.3017262],[8.202798 8.202786 8.20477  8.210615],[0.5486621  0.6039589  0.6533752  0.69756144]
DFTGRID,A,3e-08,30,False,False,TDD,burst,10.0,[12.600964   9.955979   7.9548073  7.3883924],[42.958687 26.749516 14.938696 10.10009 ],[596.8641 600.1443 611.8246 623.8531],[362.4392  357.79657 370.12616 386.43265],[6.8398747 6.8631377 6.861474  6.832312 ],[1.4169333 1.3354422 1.3420053 1.4509329],[7.93059   7.937528  7.9386687 7.9467754],[0.9408091 0.9712996 1.0151565 1.0446167]
DFTGRID,A,1e-07,1,False,False,TDD,burst,10.0,[0.76854384 0.80331045 0.8365336  0.87667876],[0.8072349 0.812419  0.8354431 0.8559839],[205.41672 209.85799 213.85437 219.84   ],[240.09596 239.0791  239.20709 239.90335],[8.214329 8.192707 8.176696 8.152326],[0.5405036  0.5567464  0.56984603 0.5825578 ],[8.262489 8.263346 8.264196 8.265036],[0.51461935 0.5150343  0.51560664 0.5163352 ]
DFTGRID,A,1e-07,10,False,False,TDD,burst,10.0,[4.369272  4.5219994 4.612771  4.427952 ],[4.5501337 5.4598126 6.1060762 5.5398064],[639.0186 637.4163 637.9778 639.8925],[358.3082  351.5694  349.13876 347.2521 ],[7.0866075 7.0697575 7.0439415 7.021465 ],[1.3741096 1.4029166 1.4199365 1.4134797],[8.144522 8.146372 8.146507 8.145758],[0.6222944 0.6648694 0.709678  0.7541991]
DFTGRID,A,1e-07,30,False,False,TDD,burst,10.0,[8.907584  6.795282  9.3492    7.0837927],[40.78141  14.951169 35.863064 18.105564],[659.2079  631.24304 606.99713 586.74146],[408.43207 365.92926 334.6578  326.3052 ],[6.721808 6.724736 6.693291 6.579124],[1.63583   1.6574607 1.5923092 1.5782425],[8.072836  8.0405245 7.987643  7.931782 ],[0.9680374 1.0242087 1.0625325 1.0865595]
DFTGRID,A,3e-07,1,False,False,TDD,burst,10.0,[0.8407666  0.85139763 0.8716761  0.9012106 ],[0.75784993 0.7634855  0.77440566 0.7827186 ],[256.67764 259.23685 263.6903  269.95   ],[256.13452 257.07635 258.44464 259.10782],[8.175938  8.16605   8.146374  8.1199665],[0.3778202  0.38562378 0.4032643  0.41471368],[8.213686 8.214922 8.216152 8.217375],[0.3532045  0.35431996 0.35555035 0.35689348]
DFTGRID,A,3e-07,10,False,False,TDD,burst,10.0,[3.0534415 3.1753898 3.1384368 3.2015028],[2.5181391 2.9991143 2.7902858 2.9571893],[594.2224  601.13    612.06714 622.46014],[308.7316  307.46048 309.9996  316.41653],[7.0614758 7.0625634 7.0336785 7.0027857],[1.0500487 1.1137072 1.1852429 1.2691334],[8.171758 8.174995 8.178912 8.183869],[0.61714447 0.66222084 0.70273554 0.7370155 ]
DFTGRID,A,3e-07,30,False,False,TDD,burst,10.0,[3.5008738 3.6381345 3.8691955 3.9500165],[3.7082684 4.192723  4.68047   4.7885404],[605.2417  616.2802  628.56274 643.00146],[341.40115 337.97977 348.7668  370.7042 ],[6.799365  6.8609133 6.8668184 6.8450623],[1.3775797 1.4146999 1.49109   1.5349472],[8.039328 8.043646 8.03752  8.038265],[0.90889144 0.95316577 1.0154774  1.0509552 ]
DFTGRID,C,3e-08,1,False,False,TDD,burst,10.0,[1.1620321 1.1807809 1.2325997 1.283571 ],[0.85753685 0.8569371  0.89791054 0.9969575 ],[261.7774  264.42966 269.4906  273.76526],[202.2292  202.87141 203.10268 204.39429],[8.205941 8.195581 8.175765 8.159209],[0.17841673 0.18356267 0.18871489 0.20826511],[8.320241 8.321053 8.321876 8.322711],[0.13149643 0.13392696 0.13672414 0.13986434]
DFTGRID,C,3e-08,10,False,False,TDD,burst,10.0,[5.0147796 5.601382  5.394659  5.1328497],[4.9020605 6.352097  5.606467  4.6821036],[646.0032 647.0189 656.723  672.8077],[285.91766 280.97055 281.07913 285.75708],[6.654447  6.6573153 6.651794  6.632846 ],[1.2810397 1.2564986 1.2764488 1.3345851],[8.214155 8.200949 8.206897 8.228696],[0.43586653 0.4754516  0.5107417  0.5324073 ]
DFTGRID,C,3e-08,30,False,False,TDD,burst,10.0,[4.232943  4.0621476 4.3805304 4.9617796],[3.8874195 3.3355093 4.144223  5.8171735],[603.0133  601.6811  607.48694 600.1402 ],[314.05347 319.97446 306.67227 286.18057],[6.0363617 6.1007776 6.003318  6.1074896],[1.9403945 1.7736877 1.8564596 1.5692087],[8.26459   8.2423935 8.200481  8.146261 ],[0.59722245 0.63432664 0.6843038  0.7340101 ]
DFTGRID,C,1e-07,1,False,False,TDD,burst,10.0,[0.810409   0.82052153 0.84145576 0.8656549 ],[0.69432133 0.703468   0.71284777 0.720538  ],[223.7563  224.90651 228.19885 231.66342],[214.96815 215.48781 215.97304 216.28961],[8.180444 8.173856 8.158385 8.140515],[0.23894998 0.24364246 0.24942453 0.26382673],[8.287666 8.286728 8.285783 8.28482 ],[0.20094852 0.20314625 0.20554832 0.20814276]
DFTGRID,C,1e-07,10,False,False,TDD,burst,10.0,[3.037522  3.0440087 3.0732062 3.1139185],[2.0881364 2.0947485 2.0561144 2.0440106],[636.5807 637.5782 638.9766 640.5245],[286.10107 290.88522 298.8417  307.54315],[6.7342205 6.7130103 6.6849284 6.6555333],[1.1441025 1.1479306 1.1597747 1.1926029],[8.228059 8.225113 8.221142 8.218307],[0.40632427 0.44373655 0.47436568 0.49637362]
DFTGRID,C,1e-07,30,False,False,TDD,burst,10.0,[3.2006052 3.2784412 3.401386  3.2880676],[2.1433918 1.976294  2.2489948 1.9998329],[611.531   615.4174  617.89624 626.9609 ],[264.35223 243.65405 233.668   240.21098],[5.7752166 5.7431755 5.697239  5.6656575],[1.4578279 1.3695129 1.3721977 1.4624132],[8.210542 8.202721 8.192679 8.180748],[0.55921763 0.55600965 0.58218396 0.64674735]
DFTGRID,C,3e-07,1,False,False,TDD,burst,10.0,[0.75330675 0.7730259  0.7948912  0.8200746 ],[0.6581536  0.6723568  0.67822    0.68672276],[227.06761 231.75085 237.15233 243.05975],[199.64925 202.71999 204.08853 205.72777],[8.189757  8.170455  8.1482725 8.124767 ],[0.17832749 0.1828908  0.19462799 0.21138856],[8.309222 8.309395 8.309544 8.309666],[0.12782556 0.12907478 0.13059251 0.13237096]
DFTGRID,C,3e-07,10,False,False,TDD,burst,10.0,[2.2539659 2.2705245 2.2973468 2.3313699],[1.3337799 1.2976993 1.273534  1.2590928],[584.9684  588.24994 594.4978  602.42535],[278.42062 272.23514 269.6292  268.30157],[6.6043115 6.5446954 6.4872146 6.433711 ],[1.1645042 1.2112179 1.2550848 1.2922827],[8.250104 8.243473 8.238304 8.233626],[0.3385536  0.3719638  0.4030903  0.43264043]
DFTGRID,C,3e-07,30,False,False,TDD,burst,10.0,[2.80753   2.799067  2.8058105 2.8525598],[1.448461  1.5084841 1.5601319 1.6092857],[669.3091  672.58295 677.1157  683.3064 ],[267.5247  270.09595 274.42114 272.96317],[5.814696  5.7812886 5.850382  5.919324 ],[1.2528499 1.3479774 1.3638182 1.3323736],[8.243394  8.2595005 8.280929  8.2970915],[0.52751476 0.5657697  0.5995796  0.62896645]
DFTGRID,D,3e-08,1,False,False,TDD,burst,10.0,[0.78986657 0.80356634 0.8235007  0.8384562 ],[0.82525945 0.83218026 0.8410043  0.847313  ],[236.9009  240.78412 246.39697 250.6102 ],[247.7541  249.72571 252.24255 254.03923],[8.299432 8.281452 8.257249 8.239591],[0.1772354  0.19072558 0.21082895 0.23039292],[8.314399 8.314319 8.314234 8.314145],[0.16895768 0.16928382 0.16965662 0.1700759 ]
DFTGRID,D,3e-08,10,False,False,TDD,burst,10.0,[2.0666783 2.0751572 2.084528  2.0972369],[1.5495996 1.5436212 1.5380541 1.528055 ],[609.755   613.4459  618.1169  624.04205],[450.21564 449.55167 449.68814 448.77765],[8.227074 8.218468 8.20872  8.194496],[0.23911332 0.24554291 0.254364   0.27054685],[8.316226 8.317209 8.319232 8.322231],[0.22064124 0.22971562 0.23861213 0.24789661]
DFTGRID,D,3e-08,30,False,False,TDD,burst,10.0,[2.2049124 2.2576332 2.3102734 2.3586802],[1.4788706 1.4869885 1.4931557 1.4982878],[616.88806 625.8121  636.634   647.49335],[387.0642  389.75146 394.18265 394.47046],[8.181967  8.146801  8.1100235 8.068191 ],[0.32937923 0.35507926 0.3793682  0.4127055 ],[8.279626 8.265633 8.254635 8.245803],[0.3149234 0.3314061 0.3475316 0.3749198]
DFTGRID,D,1e-07,1,False,False,TDD,burst,10.0,[0.8454295  0.85591406 0.866393   0.8864994 ],[0.77470857 0.7754952  0.7834456  0.7866499 ],[255.0728  258.20123 261.3335  267.33188],[235.93867 236.2823  238.72366 239.78723],[8.294726 8.281493 8.268488 8.242184],[0.05340807 0.07416686 0.09677505 0.12261233],[8.30858  8.308747 8.308916 8.309081],[0.04570844 0.04691121 0.04821619 0.04961301]
DFTGRID,D,1e-07,10,False,False,TDD,burst,10.0,[2.2831972 2.298308  2.3131459 2.33245  ],[1.414862  1.4140247 1.4128907 1.4150563],[671.1422  675.0492  679.22095 684.8482 ],[404.1735  403.43286 403.7281  405.01166],[8.212017 8.196209 8.177643 8.15612 ],[0.1553531  0.18117076 0.20763105 0.23560458],[8.3021965 8.302738  8.303449  8.304353 ],[0.14413548 0.16243483 0.18018849 0.19722271]
DFTGRID,D,1e-07,30,False,False,TDD,burst,10.0,[2.1052613 2.1072893 2.1167498 2.1333363],[1.3580629 1.354918  1.3464184 1.3414212],[628.3766 632.1919 636.4222 640.6703],[410.49472 412.81738 412.57907 411.5303 ],[8.208533 8.206317 8.192992 8.177052],[0.29345423 0.31813282 0.34421405 0.37393597],[8.307436 8.310596 8.312113 8.31137 ],[0.289312   0.3160269  0.33770055 0.35521182]
DFTGRID,D,3e-07,1,False,False,TDD,burst,10.0,[0.7389139  0.75068176 0.76316404 0.78001815],[0.762361   0.7603834  0.75742495 0.7560443 ],[221.43457 224.91183 228.57993 233.54057],[228.6951  228.1301  227.2734  226.78464],[8.291905 8.27651  8.261477 8.240012],[0.0393719  0.06634761 0.09264693 0.12158231],[8.304569 8.304597 8.304624 8.304643],[0.02125923 0.02278941 0.02444138 0.0261921 ]
DFTGRID,D,3e-07,10,False,False,TDD,burst,10.0,[2.053231  2.0722234 2.095311  2.1245906],[1.3995862 1.4021766 1.4068953 1.4191351],[606.4357  611.24146 617.3123  625.37036],[405.93088 405.02478 404.07886 406.2338 ],[8.197098 8.177088 8.151438 8.119888],[0.15275922 0.17482461 0.20073505 0.22837566],[8.291801 8.291452 8.291421 8.291797],[0.13622418 0.15536551 0.174471   0.19344515]
DFTGRID,D,3e-07,30,False,False,TDD,burst,10.0,[1.8645931 1.8850114 1.9164869 1.9490082],[1.5506201 1.5764511 1.5953367 1.6169465],[546.0133 546.4169 550.8762 556.0092],[431.60068 430.62482 429.16965 428.33072],[8.215572 8.191311 8.150641 8.115835],[0.2668308  0.29830137 0.33128107 0.3609728 ],[8.314291 8.305841 8.296564 8.287483],[0.25759727 0.2863416  0.3163736  0.34177947]
DFTGRID,A,3e-08,1,False,False,TDD,burst,15.0,[0.898464  0.9041532 0.9153106 0.9278685],[0.7899502  0.7915461  0.7939814  0.80074716],[262.7901  263.9568  265.50107 267.31564],[248.10066 247.94318 247.7829  248.29453],[8.309342 8.302373 8.293899 8.284752],[0.1960846  0.20179705 0.2076125  0.21332806],[8.330993 8.329848 8.328677 8.327477],[0.19007078 0.19461934 0.1995183  0.20473996]
DFTGRID,A,3e-08,10,False,False,TDD,burst,15.0,[5.8913727 5.792753  5.584969  4.609644 ],[9.211728 8.906774 9.494932 5.412285],[596.6981  595.97455 597.77075 602.33234],[318.43607 306.12637 298.9036  296.7413 ],[7.172191  7.1604366 7.14066   7.1117864],[1.2649242 1.252103  1.2620474 1.3185426],[8.202798 8.202786 8.20477  8.210615],[0.5486621  0.6039589  0.6533752  0.69756144]
DFTGRID,A,3e-08,30,False,False,TDD,burst,15.0,[12.561368   9.890047   7.8418183  7.2544146],[42.965645 26.752375 14.956798 10.195537],[594.5741  594.64716 601.92725 608.88873],[362.20157 358.20425 371.4015  388.16086],[6.8514705 6.884351  6.903844  6.899988 ],[1.4076116 1.3228842 1.3321719 1.4495716],[7.93059   7.937528  7.9386687 7.9467754],[0.9408091 0.9712996 1.0151565 1.0446167]
DFTGRID,A,1e-07,1,False,False,TDD,burst,15.0,[0.7401133  0.7438722  0.75522834 0.76590455],[0.7834111  0.78216654 0.7852149  0.7855997 ],[202.22762 203.02704 204.99323 206.82103],[239.0178  238.81526 240.01254 240.11853],[8.233429 8.230151 8.221469 8.213131],[0.51807344 0.5184988  0.5206318  0.5232866 ],[8.262489 8.263346 8.264196 8.265036],[0.51461935 0.5150343  0.51560664 0.5163352 ]
DFTGRID,A,1e-07,10,False,False,TDD,burst,15.0,[4.3123283 4.4081635 4.450156  4.165755 ],[4.404695  5.0708146 5.7531877 4.661429 ],[636.4776 632.484  629.3915 627.133 ],[358.2725  352.09695 347.86832 345.28714],[7.0986485 7.0954657 7.0884795 7.0835466],[1.376279  1.4054612 1.4232848 1.421455 ],[8.144522 8.146372 8.146507 8.145758],[0.6222944 0.6648694 0.709678  0.7541991]
DFTGRID,A,1e-07,30,False,False,TDD,burst,15.0,[8.894335  6.7643437 9.27714   6.9781604],[40.781998 14.963488 35.85575  18.083015],[656.7314  626.09235 598.7159  575.84314],[407.17004 365.2484  333.23938 325.0831 ],[6.736636  6.7556977 6.738604  6.638801 ],[1.6374917 1.6512774 1.6000971 1.5885577],[8.072836  8.0405245 7.987643  7.931782 ],[0.9680374 1.0242087 1.0625325 1.0865595]
DFTGRID,A,3e-07,1,False,False,TDD,burst,15.0,[0.8310808  0.8352772  0.83976847 0.84717786],[0.75883347 0.75938165 0.75890106 0.7590445 ],[254.79695 255.87627 257.1426  259.0117 ],[256.47195 256.55844 256.36383 256.34116],[8.187173 8.184073 8.180361 8.17287 ],[0.36322182 0.3638286  0.36409023 0.36582848],[8.213686 8.214922 8.216152 8.217375],[0.3532045  0.35431996 0.35555035 0.35689348]
DFTGRID,A,3e-07,10,False,False,TDD,burst,15.0,[3.0393162 3.1448421 3.0847821 3.1229115],[2.499111  2.9435744 2.7167985 2.810533 ],[593.3529  598.87775 605.3063  613.3364 ],[308.0801  307.26392 309.95847 315.9992 ],[7.0653005 7.0715246 7.068178  7.0445223],[1.0468509 1.108306  1.1851588 1.2712119],[8.171758 8.174995 8.178912 8.183869],[0.61714447 0.66222084 0.70273554 0.7370155 ]
DFTGRID,A,3e-07,30,False,False,TDD,burst,15.0,[3.4884129 3.593385  3.7909656 3.8501706],[3.6774588 4.1435027 4.6362057 4.7552485],[603.7478  611.97943 621.06274 632.1323 ],[341.11    338.49597 349.47937 371.02588],[6.806614  6.878314  6.906752  6.9041862],[1.3779503 1.4023644 1.4799742 1.5214204],[8.039328 8.043646 8.03752  8.038265],[0.90889144 0.95316577 1.0154774  1.0509552 ]
DFTGRID,C,3e-08,1,False,False,TDD,burst,15.0,[1.154305  1.1620678 1.1721544 1.1915799],[0.86447406 0.86567646 0.8658715  0.89462966],[261.42065 262.3491  263.74673 265.3822 ],[202.43533 202.25287 202.33469 202.69025],[8.206876  8.203401  8.1984825 8.192484 ],[0.18209852 0.18668553 0.19106846 0.19616523],[8.320241 8.321053 8.321876 8.322711],[0.13149643 0.13392696 0.13672414 0.13986434]
DFTGRID,C,3e-08,10,False,False,TDD,burst,15.0,[5.0022736 5.542657  5.267294  4.948992 ],[4.881515  6.315198  5.4703555 4.5778136],[645.0531  643.46844 648.9662  660.19507],[285.1683  278.94852 279.85117 285.87253],[6.6569777 6.6700635 6.6816096 6.681917 ],[1.278431  1.2544107 1.2721146 1.3219264],[8.214155 8.200949 8.206897 8.228696],[0.43586653 0.4754516  0.5107417  0.5324073 ]
DFTGRID,C,3e-08,30,False,False,TDD,burst,15.0,[4.2066584 3.998056  4.2721043 4.7459855],[3.8716192 3.3009465 4.0429826 5.3360696],[600.83044 596.4623  600.2967  588.2064 ],[314.7802  321.18805 308.23038 287.26334],[6.052602  6.131025  6.025476  6.1495943],[1.9374686 1.7740098 1.8724936 1.5751768],[8.26459   8.2423935 8.200481  8.146261 ],[0.59722245 0.63432664 0.6843038  0.7340101 ]
DFTGRID,C,1e-07,1,False,False,TDD,burst,15.0,[0.8025243  0.81052977 0.8211558  0.83204466],[0.6787745  0.67636544 0.67598414 0.6770168 ],[222.60687 223.56963 224.76431 226.25665],[213.30806 212.54152 211.81255 211.39163],[8.185631 8.178824 8.170632 8.162022],[0.23523284 0.2380795  0.24121112 0.2456437 ],[8.287666 8.286728 8.285783 8.28482 ],[0.20094852 0.20314625 0.20554832 0.20814276]
DFTGRID,C,1e-07,10,False,False,TDD,burst,15.0,[3.0269997 3.0076425 3.0174952 3.0439608],[2.0830326 2.077599  2.0373473 2.0554986],[635.15204 632.06824 630.2209  628.70544],[285.70782 290.189   297.5106  305.29892],[6.738855  6.7344527 6.719931  6.703269 ],[1.1476775 1.143819  1.1626985 1.207314 ],[8.228059 8.225113 8.221142 8.218307],[0.40632427 0.44373655 0.47436568 0.49637362]
DFTGRID,C,1e-07,30,False,False,TDD,burst,15.0,[3.193329  3.2461157 3.337967  3.230176 ],[2.142862  1.9715254 2.1486337 2.0164404],[610.65295 610.54834 609.8764  615.444  ],[264.5812  243.57909 231.45447 235.6549 ],[5.7778835 5.766469  5.734347  5.71392  ],[1.460794  1.3707746 1.3784572 1.4897921],[8.210542 8.202721 8.192679 8.180748],[0.55921763 0.55600965 0.58218396 0.64674735]
DFTGRID,C,3e-07,1,False,False,TDD,burst,15.0,[0.7487719  0.7531172  0.75792474 0.76407206],[0.653256   0.6531426  0.6548718  0.65539634],[225.91219 227.07065 228.27812 229.84663],[198.55182 198.63393 199.22931 199.49019],[8.195059 8.190815 8.186153 8.179675],[0.17796382 0.18024364 0.18424459 0.18686636],[8.309222 8.309395 8.309544 8.309666],[0.12782556 0.12907478 0.13059251 0.13237096]
DFTGRID,C,3e-07,10,False,False,TDD,burst,15.0,[2.251117  2.2584944 2.271807  2.295939 ],[1.3333604 1.2990625 1.2748764 1.2657454],[584.11505 585.07904 587.6468  592.27826],[277.56873 271.75864 267.59302 265.3388 ],[6.6066155 6.5606356 6.518899  6.477621 ],[1.16725   1.208835  1.2550737 1.3035579],[8.250104 8.243473 8.238304 8.233626],[0.3385536  0.3719638  0.4030903  0.43264043]
DFTGRID,C,3e-07,30,False,False,TDD,burst,15.0,[2.8026679 2.7888381 2.7917602 2.822198 ],[1.442763  1.4948105 1.5497863 1.6002982],[668.4758  670.4261  673.4754  675.71454],[267.99802 269.72974 273.3936  272.99017],[5.817745  5.7880473 5.8552394 5.944473 ],[1.2514045 1.3487495 1.36083   1.3203827],[8.243394  8.2595005 8.280929  8.2970915],[0.52751476 0.5657697  0.5995796  0.62896645]
DFTGRID,D,3e-08,1,False,False,TDD,burst,15.0,[0.78447425 0.78871655 0.7941673  0.80058175],[0.82263553 0.82418454 0.82378477 0.82295877],[235.37906 236.62488 238.17352 240.04404],[246.98888 247.59987 247.50824 247.33347],[8.306458 8.300874 8.29363  8.285068],[0.17111555 0.17166013 0.17457578 0.1762936 ],[8.314399 8.314319 8.314234 8.314145],[0.16895768 0.16928382 0.16965662 0.1700759 ]
DFTGRID,D,3e-08,10,False,False,TDD,burst,15.0,[2.0598657 2.06353   2.0671685 2.069697 ],[1.5459112 1.537872  1.5308713 1.5237892],[607.9673  610.198   612.9215  615.85565],[449.53143 448.17654 447.5055  447.34808],[8.235002 8.233011 8.230203 8.227312],[0.23347194 0.24179164 0.25217053 0.2634599 ],[8.316226 8.317209 8.319232 8.322231],[0.22064124 0.22971562 0.23861213 0.24789661]
DFTGRID,D,3e-08,30,False,False,TDD,burst,15.0,[2.2016907 2.239271  2.2734084 2.2996917],[1.4762971 1.4862326 1.4818883 1.4762344],[615.81274 620.7033  626.60956 631.73224],[386.02478 389.18738 392.37817 393.20544],[8.187206 8.169474 8.151073 8.133824],[0.33041218 0.35146672 0.37222502 0.40158767],[8.279626 8.265633 8.254635 8.245803],[0.3149234 0.3314061 0.3475316 0.3749198]
DFTGRID,D,1e-07,1,False,False,TDD,burst,15.0,[0.8417382  0.8451883  0.849005   0.85450965],[0.7715369  0.77194107 0.7712172  0.77170146],[253.90959 254.93759 256.08456 257.7601 ],[234.76338 234.843   234.59056 234.7456 ],[8.299845 8.295391 8.289804 8.282417],[0.04865954 0.05373342 0.05931196 0.06366185],[8.30858  8.308747 8.308916 8.309081],[0.04570844 0.04691121 0.04821619 0.04961301]
DFTGRID,D,1e-07,10,False,False,TDD,burst,15.0,[2.278996  2.2837605 2.2873275 2.2925608],[1.4154329 1.416888  1.4173803 1.4161326],[670.05237 671.0198  671.9434  673.73914],[404.33777 404.395   404.90732 405.61472],[8.2171955 8.213341  8.2092705 8.20235  ],[0.1484424  0.16627662 0.18304205 0.19816531],[8.3021965 8.302738  8.303449  8.304353 ],[0.14413548 0.16243483 0.18018849 0.19722271]
DFTGRID,D,1e-07,30,False,False,TDD,burst,15.0,[2.1043487 2.104484  2.108668  2.1170304],[1.357012  1.3501533 1.3451116 1.3408228],[628.1163  631.3992  634.2349  636.35333],[410.17224 411.6063  412.06216 411.4629 ],[8.209776 8.207499 8.201166 8.192835],[0.29234678 0.31360465 0.3338614  0.35548013],[8.307436 8.310596 8.312113 8.31137 ],[0.289312   0.3160269  0.33770055 0.35521182]
DFTGRID,D,3e-07,1,False,False,TDD,burst,15.0,[0.7338009  0.7371106  0.74081767 0.746979  ],[0.75994885 0.7606809  0.7596632  0.7604588 ],[219.92877 220.90714 221.99345 223.80087],[227.96104 228.15213 227.83495 228.06331],[8.298462 8.294121 8.28906  8.280827],[0.02425753 0.0304702  0.03705349 0.045589  ],[8.304569 8.304597 8.304624 8.304643],[0.02125923 0.02278941 0.02444138 0.0261921 ]
DFTGRID,D,3e-07,10,False,False,TDD,burst,15.0,[2.0453744 2.0531623 2.0618584 2.0708253],[1.4033127 1.4090831 1.4135072 1.4181423],[604.1656 605.5952 607.474  609.6495],[406.98773 406.4159  405.5659  405.084  ],[8.207327 8.202807 8.196244 8.188628],[0.14905384 0.1679429  0.18677932 0.20563443],[8.291801 8.291452 8.291421 8.291797],[0.13622418 0.15536551 0.174471   0.19344515]
DFTGRID,D,3e-07,30,False,False,TDD,burst,15.0,[1.8594416 1.8740422 1.8879503 1.903312 ],[1.5541565 1.5809103 1.6045587 1.6283618],[544.4716  543.19586 542.42773 542.6693 ],[432.53296 432.31424 432.62488 432.83295],[8.22198  8.2064   8.189777 8.173815],[0.2649241  0.2935896  0.32431173 0.350353  ],[8.314291 8.305841 8.296564 8.287483],[0.25759727 0.2863416  0.3163736  0.34177947]
DFTGRID,A,3e-08,1,False,False,TDD,burst,20.0,[0.8938477  0.89586586 0.8978888  0.9009508 ],[0.78907377 0.7921875  0.79412836 0.79687697],[262.23083 262.45245 262.83405 263.2619 ],[248.06195 248.1843  248.28484 248.4849 ],[8.311856 8.309277 8.306232 8.302717],[0.19482335 0.20008539 0.20555122 0.21124135],[8.330993 8.329848 8.328677 8.327477],[0.19007078 0.19461934 0.1995183  0.20473996]
DFTGRID,A,3e-08,10,False,False,TDD,burst,20.0,[5.8783283 5.75221   5.54312   4.539713 ],[9.200407 8.790217 9.437583 5.271254],[595.5002  593.663   594.1385  596.85175],[318.49063 306.55905 299.23593 296.9345 ],[7.1807537 7.1759377 7.1634736 7.1423235],[1.2668649 1.2504739 1.2639897 1.3222476],[8.202798 8.202786 8.20477  8.210615],[0.5486621  0.6039589  0.6533752  0.69756144]
DFTGRID,A,3e-08,30,False,False,TDD,burst,20.0,[12.549936  9.855307  7.785174  7.185739],[42.964268 26.739021 14.903865 10.053292],[594.133   593.70917 600.068   606.3342 ],[361.85098 357.87045 370.65536 386.97852],[6.8531013 6.8877387 6.909531  6.9091115],[1.40735   1.3248206 1.3343772 1.4500314],[7.93059   7.937528  7.9386687 7.9467754],[0.9408091 0.9712996 1.0151565 1.0446167]
DFTGRID,A,1e-07,1,False,False,TDD,burst,20.0,[0.737706   0.74012065 0.7432776  0.74864084],[0.7829184  0.78484225 0.7848755  0.7870724 ],[201.55858 201.87653 202.37799 203.0094 ],[238.80293 238.84206 238.91563 238.81842],[8.235572 8.234145 8.232246 8.228942],[0.5201116  0.5213076  0.5228685  0.52686596],[8.262489 8.263346 8.264196 8.265036],[0.51461935 0.5150343  0.51560664 0.5163352 ]
DFTGRID,A,1e-07,10,False,False,TDD,burst,20.0,[4.3068    4.392922  4.4269753 4.124549 ],[4.38977   5.039158  5.7141447 4.5424824],[636.3771 631.8288 627.618  624.0918],[358.73282 352.4424  348.73166 346.21494],[7.0986834 7.098107  7.098914  7.099167 ],[1.3763818 1.4060822 1.42742   1.4268198],[8.144522 8.146372 8.146507 8.145758],[0.6222944 0.6648694 0.709678  0.7541991]
DFTGRID,A,1e-07,30,False,False,TDD,burst,20.0,[8.893459  6.749727  9.2504    6.9463634],[40.782074 14.95537  35.852684 18.09742 ],[656.6633  625.36896 596.6187  572.8063 ],[407.16022 364.97223 332.89984 324.35358],[6.736822  6.7585216 6.7485857 6.6532416],[1.6378766 1.6493454 1.6013943 1.5938772],[8.072836  8.0405245 7.987643  7.931782 ],[0.9680374 1.0242087 1.0625325 1.0865595]
DFTGRID,A,3e-07,1,False,False,TDD,burst,20.0,[0.8295417  0.8308102  0.83268404 0.83647186],[0.75870407 0.75873786 0.7588809  0.7598077 ],[254.33728 254.75021 255.30107 256.11572],[256.4125  256.39566 256.38458 256.46902],[8.189155 8.189434 8.188892 8.186889],[0.3643886  0.36608088 0.3676569  0.37004802],[8.213686 8.214922 8.216152 8.217375],[0.3532045  0.35431996 0.35555035 0.35689348]
DFTGRID,A,3e-07,10,False,False,TDD,burst,20.0,[3.0351944 3.1384263 3.0716352 3.107091 ],[2.4982536 2.947684  2.714221  2.8209836],[592.6459  597.5187  603.2002  609.79004],[308.2194 307.3195 309.8751 315.5442],[7.0693793 7.078842  7.0800505 7.0665894],[1.0483122 1.1111742 1.1865671 1.2739443],[8.171758 8.174995 8.178912 8.183869],[0.61714447 0.66222084 0.70273554 0.7370155 ]
DFTGRID,A,3e-07,30,False,False,TDD,burst,20.0,[3.4832659 3.5778985 3.76433   3.8097413],[3.673708  4.0975184 4.548531  4.6282754],[603.3061  610.9342  619.092   629.11237],[341.25546 338.7981  349.61823 371.01773],[6.808931  6.8828874 6.916899  6.9194093],[1.3756452 1.4017844 1.4791871 1.5226395],[8.039328 8.043646 8.03752  8.038265],[0.90889144 0.95316577 1.0154774  1.0509552 ]
DFTGRID,C,3e-08,1,False,False,TDD,burst,20.0,[1.1425872 1.1386467 1.1359161 1.1426395],[0.85395867 0.8424553  0.8311531  0.84865767],[260.54926 260.8764  261.26572 261.79913],[202.29826 202.26053 202.41568 202.54364],[8.211067  8.210742  8.210274  8.2091465],[0.17939994 0.18061721 0.18225807 0.18407688],[8.320241 8.321053 8.321876 8.322711],[0.13149643 0.13392696 0.13672414 0.13986434]
DFTGRID,C,3e-08,10,False,False,TDD,burst,20.0,[4.9958696 5.5223274 5.235234  4.90629  ],[4.8842206 6.3166747 5.4789176 4.5946336],[644.518  641.757  645.8385 655.4194],[285.3523  279.8701  281.11783 287.338  ],[6.66088   6.6804714 6.698783  6.7075586],[1.2807541 1.2571919 1.2772361 1.3305843],[8.214155 8.200949 8.206897 8.228696],[0.43586653 0.4754516  0.5107417  0.5324073 ]
DFTGRID,C,3e-08,30,False,False,TDD,burst,20.0,[4.2050753 3.993553  4.2649674 4.7269025],[3.873139  3.3049548 4.046403  5.3334894],[600.35004 595.68005 599.20667 586.1591 ],[315.00815 321.6539  308.63223 287.5624 ],[6.0547533 6.1364923 6.0342464 6.162232 ],[1.9429587 1.7774652 1.8711772 1.5727661],[8.26459   8.2423935 8.200481  8.146261 ],[0.59722245 0.63432664 0.6843038  0.7340101 ]
DFTGRID,C,1e-07,1,False,False,TDD,burst,20.0,[0.7981363  0.79947776 0.80182725 0.8041829 ],[0.68076885 0.68171996 0.681971   0.6829103 ],[221.7933  221.69247 221.65526 221.68839],[213.72247 213.51125 213.23067 213.00285],[8.189484 8.187706 8.185483 8.182976],[0.23483618 0.23640566 0.23797598 0.24009296],[8.287666 8.286728 8.285783 8.28482 ],[0.20094852 0.20314625 0.20554832 0.20814276]
DFTGRID,C,1e-07,10,False,False,TDD,burst,20.0,[3.0244498 3.0034122 3.0085022 3.0263228],[2.0835915 2.077996  2.0345473 2.0267022],[634.6131  631.2865  628.63495 626.19904],[285.6009  290.13846 297.30426 304.70572],[6.741835  6.7383556 6.727955  6.715332 ],[1.1482168 1.1449072 1.1616448 1.2039422],[8.228059 8.225113 8.221142 8.218307],[0.40632427 0.44373655 0.47436568 0.49637362]
DFTGRID,C,1e-07,30,False,False,TDD,burst,20.0,[3.1850228 3.2302918 3.3113527 3.1859536],[2.1421258 1.9677789 2.1446745 2.000395 ],[609.5846 608.5362 606.2463 609.6125],[265.12506 244.45314 232.86598 237.42555],[5.781505  5.7749195 5.74929   5.7386613],[1.4617004 1.3662562 1.3757349 1.4892194],[8.210542 8.202721 8.192679 8.180748],[0.55921763 0.55600965 0.58218396 0.64674735]
DFTGRID,C,3e-07,1,False,False,TDD,burst,20.0,[0.7474147  0.74910164 0.75075835 0.75330687],[0.65230054 0.6524195  0.65218675 0.6517506 ],[225.57323 226.12143 226.65541 227.36113],[198.30592 198.43706 198.51132 198.5686 ],[8.196499 8.194854 8.193352 8.19098 ],[0.17513609 0.1750753  0.17511946 0.1758485 ],[8.309222 8.309395 8.309544 8.309666],[0.12782556 0.12907478 0.13059251 0.13237096]
DFTGRID,C,3e-07,10,False,False,TDD,burst,20.0,[2.24889   2.2539203 2.2624562 2.2805011],[1.332522  1.2992617 1.2726884 1.2615296],[583.566   583.84717 585.4172  588.64984],[277.50494 271.82623 267.56827 265.15305],[6.608662  6.5654488 6.526862  6.4941716],[1.1682421 1.2133881 1.2582744 1.3019233],[8.250104 8.243473 8.238304 8.233626],[0.3385536  0.3719638  0.4030903  0.43264043]
DFTGRID,C,3e-07,30,False,False,TDD,burst,20.0,[2.7993765 2.780398  2.77776   2.800395 ],[1.4409078 1.4910995 1.5439353 1.586051 ],[667.7225 668.5147 670.3184 670.9978],[267.72543 269.42218 272.95862 271.96524],[5.822087  5.79847   5.8745947 5.969469 ],[1.2536237 1.3487654 1.3658004 1.3246629],[8.243394  8.2595005 8.280929  8.2970915],[0.52751476 0.5657697  0.5995796  0.62896645]
DFTGRID,D,3e-08,1,False,False,TDD,burst,20.0,[0.78307474 0.7841507  0.7854481  0.7879173 ],[0.82330024 0.8228732  0.82270545 0.82294977],[235.00908 235.31538 235.69272 236.40898],[247.16237 247.05154 247.04419 247.0871 ],[8.30833  8.306623 8.30475  8.301427],[0.16940363 0.16966128 0.16958016 0.16972049],[8.314399 8.314319 8.314234 8.314145],[0.16895768 0.16928382 0.16965662 0.1700759 ]
DFTGRID,D,3e-08,10,False,False,TDD,burst,20.0,[2.0594583 2.0614617 2.062128  2.0621214],[1.545778  1.5378941 1.5299318 1.521543 ],[607.8173  609.5853  611.47766 613.75934],[449.47308 448.29678 447.5276  447.264  ],[8.235794 8.235856 8.236455 8.237057],[0.23418117 0.24140766 0.24908851 0.25786248],[8.316226 8.317209 8.319232 8.322231],[0.22064124 0.22971562 0.23861213 0.24789661]
DFTGRID,D,3e-08,30,False,False,TDD,burst,20.0,[2.19844   2.2323523 2.2630963 2.2841902],[1.4752262 1.4836417 1.4793195 1.4729419],[614.98303 619.091   624.1999  627.94226],[385.98843 389.3377  392.2965  392.3955 ],[8.190797 8.176003 8.161789 8.149754],[0.3294612  0.34655735 0.36645114 0.39614522],[8.279626 8.265633 8.254635 8.245803],[0.3149234 0.3314061 0.3475316 0.3749198]
DFTGRID,D,1e-07,1,False,False,TDD,burst,20.0,[0.8398578  0.8409372  0.84229296 0.8437437 ],[0.77286947 0.772399   0.7722742  0.77212805],[253.36197 253.6992  254.11256 254.55338],[235.15561 234.98024 234.90611 234.83208],[8.302295  8.3009405 8.29921   8.297493 ],[0.04661187 0.04841976 0.05069811 0.0531055 ],[8.30858  8.308747 8.308916 8.309081],[0.04570844 0.04691121 0.04821619 0.04961301]
DFTGRID,D,1e-07,10,False,False,TDD,burst,20.0,[2.277669  2.2798636 2.2814834 2.2829232],[1.4157366 1.4167509 1.4169997 1.4163612],[669.64453 669.8497  670.1744  670.7762 ],[404.33917 404.2008  404.5158  405.21463],[8.219174  8.2186775 8.217793  8.216505 ],[0.1487663  0.16590512 0.18316995 0.1997683 ],[8.3021965 8.302738  8.303449  8.304353 ],[0.14413548 0.16243483 0.18018849 0.19722271]
DFTGRID,D,1e-07,30,False,False,TDD,burst,20.0,[2.1025846 2.0996094 2.0991802 2.1020815],[1.3570802 1.3499972 1.3427677 1.3379495],[627.5193  629.7794  631.1757  631.75854],[409.9518  411.2083  411.19928 410.53174],[8.2123995 8.216048  8.217798  8.216517 ],[0.2942007  0.31928828 0.34126237 0.3606263 ],[8.307436 8.310596 8.312113 8.31137 ],[0.289312   0.3160269  0.33770055 0.35521182]
DFTGRID,D,3e-07,1,False,False,TDD,burst,20.0,[0.7335058  0.73472846 0.73579544 0.7376186 ],[0.7605627  0.76090765 0.76094425 0.7608012 ],[219.83846 220.20073 220.51682 221.05367],[228.1425  228.23558 228.2333  228.17749],[8.298828 8.297303 8.295923 8.293414],[0.02322955 0.02557031 0.02811503 0.03066825],[8.304569 8.304597 8.304624 8.304643],[0.02125923 0.02278941 0.02444138 0.0261921 ]
DFTGRID,D,3e-07,10,False,False,TDD,burst,20.0,[2.044658  2.049016  2.0538206 2.0579047],[1.40339   1.407125  1.4117098 1.4168109],[603.9851 604.5194 605.3619 606.215 ],[407.0058  406.11243 405.56485 405.35828],[8.207691 8.206614 8.204754 8.203238],[0.14813225 0.16254872 0.17768642 0.19459519],[8.291801 8.291452 8.291421 8.291797],[0.13622418 0.15536551 0.174471   0.19344515]
DFTGRID,D,3e-07,30,False,False,TDD,burst,20.0,[1.8573934 1.8692893 1.881433  1.8937156],[1.5524967 1.5773059 1.6006489 1.6230233],[543.9454  541.86975 540.5962  540.0005 ],[432.0516  431.44766 431.7404  431.72833],[8.224246 8.21192  8.19816  8.18497 ],[0.26358056 0.2924847  0.32308322 0.34880608],[8.314291 8.305841 8.296564 8.287483],[0.25759727 0.2863416  0.3163736  0.34177947]
DFTGRID,A,3e-08,1,False,False,TDD,burst,25.0,[0.8923801  0.8912784  0.89184535 0.89281553],[0.7885758 0.7888928 0.7889419 0.789338 ],[262.0134  262.01486 262.13074 262.26028],[247.97429 247.96776 247.98558 247.96286],[8.312785 8.311294 8.30942  8.307373],[0.19501235 0.19963655 0.2048399  0.21014161],[8.330993 8.329848 8.328677 8.327477],[0.19007078 0.19461934 0.1995183  0.20473996]
DFTGRID,A,3e-08,10,False,False,TDD,burst,25.0,[5.877737  5.7494164 5.5373054 4.5304484],[9.200752  8.789592  9.4358425 5.2647753],[595.36523 593.31445 593.4396  595.9273 ],[318.62082 306.7395  299.44717 297.3125 ],[7.1818447 7.1779246 7.1667395 7.147218 ],[1.2676456 1.2516536 1.2657111 1.3230188],[8.202798 8.202786 8.20477  8.210615],[0.5486621  0.6039589  0.6533752  0.69756144]
DFTGRID,A,3e-08,30,False,False,TDD,burst,25.0,[12.548031   9.851442   7.778277   7.1724854],[42.964893 26.741413 14.907396 10.058427],[593.9896  593.34174 599.4344  605.2693 ],[361.95972 358.08313 370.89835 387.27646],[6.853664  6.8912926 6.9146905 6.915381 ],[1.4074051 1.3226701 1.3335488 1.4506679],[7.93059   7.937528  7.9386687 7.9467754],[0.9408091 0.9712996 1.0151565 1.0446167]
DFTGRID,A,1e-07,1,False,False,TDD,burst,25.0,[0.7370197  0.73669547 0.73699385 0.7374482 ],[0.7831023  0.78299797 0.7835252  0.78348255],[201.4636  201.52322 201.59601 201.67078],[238.7978  238.67888 238.55853 238.44122],[8.236236 8.236442 8.236563 8.236765],[0.5192702  0.5201856  0.52134496 0.52241117],[8.262489 8.263346 8.264196 8.265036],[0.51461935 0.5150343  0.51560664 0.5163352 ]
DFTGRID,A,1e-07,10,False,False,TDD,burst,25.0,[4.3032465 4.385628  4.4152083 4.1050477],[4.384549  5.027052  5.6941853 4.492645 ],[636.0544  631.34216 626.7977  622.8561 ],[358.76584 352.5257  348.513   346.14468],[7.100213  7.100094  7.1026745 7.1056437],[1.3767784 1.4063127 1.4275709 1.4275548],[8.144522 8.146372 8.146507 8.145758],[0.6222944 0.6648694 0.709678  0.7541991]
DFTGRID,A,1e-07,30,False,False,TDD,burst,25.0,[8.893455  6.7505245 9.251759  6.9416595],[40.78203 14.9572  35.85925 18.07678],[656.59625 625.21216 596.187   572.06537],[407.12613 364.87717 332.64267 323.99582],[6.736032  6.7582893 6.7498064 6.656534 ],[1.6381758 1.6510501 1.6042422 1.5957916],[8.072836  8.0405245 7.987643  7.931782 ],[0.9680374 1.0242087 1.0625325 1.0865595]
DFTGRID,A,3e-07,1,False,False,TDD,burst,25.0,[0.82913816 0.83006006 0.8310498  0.8324948 ],[0.7591164 0.7592899 0.7597095 0.7602361],[254.2714  254.62645 255.00916 255.45717],[256.4785  256.45035 256.46497 256.51874],[8.189518 8.18999  8.190396 8.190728],[0.36452854 0.3660299  0.36774352 0.36950323],[8.213686 8.214922 8.216152 8.217375],[0.3532045  0.35431996 0.35555035 0.35689348]
DFTGRID,A,3e-07,10,False,False,TDD,burst,25.0,[3.0351036 3.1350014 3.068708  3.0989068],[2.5002074 2.9412026 2.7180812 2.8114877],[592.5005  597.09467 602.42993 608.55804],[308.05194 306.9232  309.34735 315.2169 ],[7.070593  7.082193  7.0845876 7.074452 ],[1.0498219 1.112937  1.189214  1.2758484],[8.171758 8.174995 8.178912 8.183869],[0.61714447 0.66222084 0.70273554 0.7370155 ]
DFTGRID,A,3e-07,30,False,False,TDD,burst,25.0,[3.4810538 3.5733366 3.7568247 3.7990482],[3.668504  4.0880136 4.5314956 4.6046224],[603.1435  610.5681  618.3703  627.86005],[341.24945 338.77167 349.5555  370.9686 ],[6.8101616 6.8857536 6.9215236 6.9285417],[1.374801  1.4006898 1.4788187 1.5237873],[8.039328 8.043646 8.03752  8.038265],[0.90889144 0.95316577 1.0154774  1.0509552 ]
DFTGRID,C,3e-08,1,False,False,TDD,burst,25.0,[1.1399783 1.1342772 1.1301851 1.1335012],[0.85292774 0.83857524 0.8282592  0.8444947 ],[260.33618 260.53128 260.72403 260.97604],[202.27713 202.27568 202.31242 202.30794],[8.211954 8.212256 8.212705 8.212849],[0.1799985  0.18183525 0.18381937 0.18633366],[8.320241 8.321053 8.321876 8.322711],[0.13149643 0.13392696 0.13672414 0.13986434]
DFTGRID,C,3e-08,10,False,False,TDD,burst,25.0,[4.9933925 5.518908  5.229773  4.8990054],[4.884585 6.321397 5.483545 4.599071],[644.2323  641.275   645.15784 654.4891 ],[285.22696 279.72308 280.86993 287.28854],[6.6619897 6.6829157 6.702002  6.71151  ],[1.2815379 1.2571498 1.2766328 1.3295466],[8.214155 8.200949 8.206897 8.228696],[0.43586653 0.4754516  0.5107417  0.5324073 ]
DFTGRID,C,3e-08,30,False,False,TDD,burst,25.0,[4.2045336 3.9920995 4.2579255 4.716322 ],[3.8732262 3.3060791 4.0485005 5.3377295],[600.2713  595.27826 598.36993 584.8481 ],[314.98572 321.6201  308.5714  287.32596],[6.054514 6.138365 6.038483 6.168941],[1.9428489 1.7784616 1.8715624 1.5724697],[8.26459   8.2423935 8.200481  8.146261 ],[0.59722245 0.63432664 0.6843038  0.7340101 ]
DFTGRID,C,1e-07,1,False,False,TDD,burst,25.0,[0.7978918  0.7986891  0.8006283  0.80198586],[0.68070734 0.68102777 0.6814427  0.6822168 ],[221.70966 221.49426 221.42653 221.33078],[213.6884  213.35278 213.11041 212.8913 ],[8.1897545 8.188428  8.186358  8.184518 ],[0.23514716 0.23685421 0.23872334 0.24091624],[8.287666 8.286728 8.285783 8.28482 ],[0.20094852 0.20314625 0.20554832 0.20814276]
DFTGRID,C,1e-07,10,False,False,TDD,burst,25.0,[3.02297   3.0004072 3.004016  3.018813 ],[2.082997  2.077688  2.0348272 2.0273066],[634.4102  630.7664  627.79236 624.95636],[285.6702  290.17667 297.3974  304.81668],[6.7428136 6.741472  6.7321124 6.7217445],[1.1471889 1.1436534 1.161745  1.2043073],[8.228059 8.225113 8.221142 8.218307],[0.40632427 0.44373655 0.47436568 0.49637362]
DFTGRID,C,1e-07,30,False,False,TDD,burst,25.0,[3.1844318 3.2287111 3.3077118 3.1805987],[2.1447368 1.970575  2.1438699 1.998673 ],[609.3941  608.1948  605.5532  608.70013],[265.16672 244.25261 232.40804 236.9483 ],[5.7826633 5.775948  5.7507296 5.7424493],[1.4612147 1.3667054 1.378873  1.49163  ],[8.210542 8.202721 8.192679 8.180748],[0.55921763 0.55600965 0.58218396 0.64674735]
DFTGRID,C,3e-07,1,False,False,TDD,burst,25.0,[0.7462911 0.7466964 0.7474459 0.7482555],[0.65312827 0.6531792  0.6529927  0.6532244 ],[225.30411 225.51611 225.79741 226.1093 ],[198.47272 198.58365 198.64452 198.8236 ],[8.197681 8.197724 8.197418 8.196942],[0.17529447 0.17566207 0.17630087 0.17730947],[8.309222 8.309395 8.309544 8.309666],[0.12782556 0.12907478 0.13059251 0.13237096]
DFTGRID,C,3e-07,10,False,False,TDD,burst,25.0,[2.248517  2.2525847 2.260438  2.2770116],[1.3325489 1.2988967 1.2731707 1.2609407],[583.508   583.62775 585.0704  588.08514],[277.53522 271.9251  267.86072 265.51593],[6.6091957 6.5660515 6.527856  6.4959764],[1.1669278 1.2127414 1.2573388 1.301484 ],[8.250104 8.243473 8.238304 8.233626],[0.3385536  0.3719638  0.4030903  0.43264043]
DFTGRID,C,3e-07,30,False,False,TDD,burst,25.0,[2.7990828 2.7795305 2.7768936 2.798291 ],[1.4415714 1.4918419 1.5445272 1.5857972],[667.58875 668.25867 670.0913  670.5237 ],[267.65475 269.3559  272.91937 271.94687],[5.8227983 5.7991314 5.8764086 5.9715743],[1.2528229 1.3488222 1.3649765 1.325623 ],[8.243394  8.2595005 8.280929  8.2970915],[0.52751476 0.5657697  0.5995796  0.62896645]
DFTGRID,D,3e-08,1,False,False,TDD,burst,25.0,[0.78211856 0.78229034 0.7828042  0.78333306],[0.82343245 0.8233782  0.82360935 0.8238479 ],[234.73344 234.7657  234.90265 235.0463 ],[247.18378 247.16919 247.24371 247.2998 ],[8.309556 8.309261 8.308575 8.307655],[0.16921797 0.16979702 0.17028697 0.17078812],[8.314399 8.314319 8.314234 8.314145],[0.16895768 0.16928382 0.16965662 0.1700759 ]
DFTGRID,D,3e-08,10,False,False,TDD,burst,25.0,[2.0588076 2.060157  2.0599444 2.0583797],[1.5461106 1.5382715 1.5295326 1.5203902],[607.62244 609.20135 610.8712  612.68964],[449.57086 448.3593  447.42508 446.97485],[8.236597  8.2378235 8.23955   8.241879 ],[0.23435174 0.24185017 0.24945034 0.25759885],[8.316226 8.317209 8.319232 8.322231],[0.22064124 0.22971562 0.23861213 0.24789661]
DFTGRID,D,3e-08,30,False,False,TDD,burst,25.0,[2.1977575 2.2311742 2.2608275 2.2810197],[1.4751537 1.483593  1.4788041 1.471931 ],[614.78613 618.7643  623.5889  627.1287 ],[386.00024 389.37027 392.15228 392.17282],[8.191569  8.178252  8.164942  8.1533985],[0.32954603 0.34658396 0.36597714 0.39522222],[8.279626 8.265633 8.254635 8.245803],[0.3149234 0.3314061 0.3475316 0.3749198]
DFTGRID,D,1e-07,1,False,False,TDD,burst,25.0,[0.83970904 0.83975255 0.8403329  0.8409134 ],[0.772896   0.7728185  0.77295154 0.77286094],[253.31786 253.35246 253.54225 253.73642],[235.1671  235.11351 235.1179  235.05661],[8.302611  8.302539  8.301951  8.3012905],[0.04624735 0.04761745 0.04905738 0.0506497 ],[8.30858  8.308747 8.308916 8.309081],[0.04570844 0.04691121 0.04821619 0.04961301]
DFTGRID,D,1e-07,10,False,False,TDD,burst,25.0,[2.2770464 2.2784677 2.2793686 2.2790713],[1.4160347 1.4173206 1.4178749 1.4172189],[669.4621  669.42993 669.5617  669.66943],[404.43146 404.37686 404.8427  405.6094 ],[8.220029 8.220365 8.220798 8.221355],[0.14918949 0.16642176 0.18311235 0.19917277],[8.3021965 8.302738  8.303449  8.304353 ],[0.14413548 0.16243483 0.18018849 0.19722271]
DFTGRID,D,1e-07,30,False,False,TDD,burst,25.0,[2.102167  2.0983758 2.0963109 2.0980408],[1.3565309 1.3493747 1.3420056 1.3368526],[627.4011 629.4678 630.4605 630.7221],[409.85416 411.11667 411.11832 410.36996],[8.213187 8.217909 8.221433 8.221754],[0.294146  0.3180133 0.3388495 0.3578879],[8.307436 8.310596 8.312113 8.31137 ],[0.289312   0.3160269  0.33770055 0.35521182]
DFTGRID,D,3e-07,1,False,False,TDD,burst,25.0,[0.73279333 0.73332405 0.73402756 0.7347779 ],[0.76059157 0.7607146  0.7608957  0.7609606 ],[219.62932 219.7888  219.99768 220.22585],[228.14993 228.17603 228.21613 228.22537],[8.299843  8.299227  8.298336  8.2972555],[0.02296511 0.02453004 0.0259244  0.02754098],[8.304569 8.304597 8.304624 8.304643],[0.02125923 0.02278941 0.02444138 0.0261921 ]
DFTGRID,D,3e-07,10,False,False,TDD,burst,25.0,[2.044365  2.0485198 2.0522933 2.05551  ],[1.403609  1.4071199 1.4115067 1.4163569],[603.89594 604.3614  604.88416 605.48083],[407.05527 406.07422 405.42627 405.18106],[8.208219 8.207621 8.207069 8.206764],[0.148445   0.16354539 0.1794217  0.19594324],[8.291801 8.291452 8.291421 8.291797],[0.13622418 0.15536551 0.174471   0.19344515]
DFTGRID,D,3e-07,30,False,False,TDD,burst,25.0,[1.8570883 1.8680011 1.8791122 1.8899177],[1.5527375 1.5784601 1.601705  1.6249454],[543.8518  541.4957  539.9389  538.91205],[432.10214 431.7678  431.9944  432.19623],[8.225075 8.214269 8.201961 8.190744],[0.26422366 0.292981   0.3232164  0.34853795],[8.314291 8.305841 8.296564 8.287483],[0.25759727 0.2863416  0.3163736  0.34177947]
DFTGRID,A,3e-08,1,False,False,TDD,packagedrop,0.1,[0.92609304 0.89995164 0.8984594  0.89810354],[0.7682021  0.79595405 0.7934381  0.7963872 ],[271.25638 264.88336 264.72437 264.67862],[242.78577 250.88046 251.3226  250.67288],[8.260836 8.311474 8.310287 8.309238],[0.31499165 0.19934598 0.20464207 0.20986262],[8.330993 8.329848 8.328677 8.327477],[0.19007078 0.19461934 0.1995183  0.20473996]
DFTGRID,A,3e-08,10,False,False,TDD,packagedrop,0.1,[5.603249  5.718747  5.511954  4.5236955],[9.234911  8.800366  9.455088  5.3369737],[550.807   591.0228  591.25745 595.0555 ],[291.50363 300.81818 303.39996 304.9076 ],[7.206138  7.1847324 7.157194  7.1454678],[1.2659109 1.2440991 1.2702717 1.3280741],[8.202798 8.202786 8.20477  8.210615],[0.5486621  0.6039589  0.6533752  0.69756144]
DFTGRID,A,3e-08,30,False,False,TDD,packagedrop,0.1,[12.020311   9.887436   7.8463354  7.135103 ],[43.014866  26.748024  14.907356  10.0584545],[564.7791  589.39233 631.3059  601.6176 ],[365.62637 353.57013 396.9045  394.82574],[6.9100704 6.898621  6.906944  6.911863 ],[1.4251894 1.3136176 1.3705934 1.452511 ],[7.93059   7.937528  7.9386687 7.9467754],[0.9408091 0.9712996 1.0151565 1.0446167]
DFTGRID,A,1e-07,1,False,False,TDD,packagedrop,0.1,[0.767477   0.7407366  0.74463934 0.74744254],[0.7491656  0.78906643 0.7953094  0.79831153],[213.60869 202.39297 203.92592 204.65178],[232.96796 238.84415 241.9639  242.17339],[8.192995 8.237439 8.238293 8.239062],[0.535851   0.5197237  0.52047044 0.5214095 ],[8.262489 8.263346 8.264196 8.265036],[0.51461935 0.5150343  0.51560664 0.5163352 ]
DFTGRID,A,1e-07,10,False,False,TDD,packagedrop,0.1,[4.172984  4.3331013 4.419302  4.1027327],[4.4254155 4.954885  5.694666  4.4986415],[614.3886  622.61847 633.021   622.5842 ],[365.31494 362.24863 357.78247 346.0643 ],[7.110437  7.09789   7.081518  7.1147046],[1.3627496 1.4059933 1.4617926 1.4224955],[8.144522 8.146372 8.146507 8.145758],[0.6222944 0.6648694 0.709678  0.7541991]
DFTGRID,A,1e-07,30,False,False,TDD,packagedrop,0.1,[8.505123  6.5862694 9.248728  6.940087 ],[40.794792 14.765826 35.8427   18.075106],[644.3692  630.33453 599.7724  569.8969 ],[418.33377 384.35336 336.67825 320.60663],[6.7690153 6.7917767 6.756007  6.6798973],[1.6013083 1.6070284 1.6061786 1.5806656],[8.072836  8.0405245 7.987643  7.931782 ],[0.9680374 1.0242087 1.0625325 1.0865595]
DFTGRID,A,3e-07,1,False,False,TDD,packagedrop,0.1,[0.81282306 0.83442044 0.8420915  0.83496696],[0.71247655 0.7620951  0.7773082  0.7645205 ],[248.87958 256.19208 259.07132 256.62134],[240.68037 257.6009  263.00662 258.5132 ],[8.138238 8.19128  8.192684 8.193886],[0.43725586 0.36527306 0.36641738 0.36789283],[8.213686 8.214922 8.216152 8.217375],[0.3532045  0.35431996 0.35555035 0.35689348]
DFTGRID,A,3e-07,10,False,False,TDD,packagedrop,0.1,[2.6588373 3.079484  3.039781  3.107323 ],[2.4841177 2.9970138 2.7302783 2.8118956],[544.73553 585.814   593.1736  610.63556],[312.896   300.83157 311.4588  318.06763],[7.1087995 7.0788536 7.09212   7.0720143],[1.0308412 1.1181524 1.1940843 1.2739832],[8.171758 8.174995 8.178912 8.183869],[0.61714447 0.66222084 0.70273554 0.7370155 ]
DFTGRID,A,3e-07,30,False,False,TDD,packagedrop,0.1,[3.1320398 3.4855304 3.8053668 3.8335052],[3.6482291 4.142999  4.543703  4.6261287],[551.91003 594.9707  625.66235 636.4642 ],[325.31546 342.1052  348.66187 372.61572],[6.8589296 6.885175  6.916554  6.931095 ],[1.3602936 1.3990314 1.4724278 1.5280014],[8.039328 8.043646 8.03752  8.038265],[0.90889144 0.95316577 1.0154774  1.0509552 ]
DFTGRID,C,3e-08,1,False,False,TDD,packagedrop,0.1,[1.1098026 1.1576872 1.1438503 1.1411949],[0.75950134 0.8556142  0.8368316  0.8584478 ],[270.85077 266.19046 264.07593 262.8297 ],[200.27452 207.45172 205.2556  204.79625],[8.09383  8.210101 8.211313 8.213258],[0.58263195 0.18391356 0.1843095  0.18618242],[8.320241 8.321053 8.321876 8.322711],[0.13149643 0.13392696 0.13672414 0.13986434]
DFTGRID,C,3e-08,10,False,False,TDD,packagedrop,0.1,[4.7038426 5.462138  5.2157273 4.877613 ],[4.965457  6.337305  5.469459  4.5992265],[615.6321  635.89545 639.87646 649.17017],[288.96194 275.76956 278.49487 289.26355],[6.592359  6.6686616 6.7202063 6.7075005],[1.3462532 1.25851   1.2215675 1.3253648],[8.214155 8.200949 8.206897 8.228696],[0.43586653 0.4754516  0.5107417  0.5324073 ]
DFTGRID,C,3e-08,30,False,False,TDD,packagedrop,0.1,[3.864531  3.8581915 4.2616234 4.6721964],[3.6768358 3.2671044 4.0411005 5.3104234],[578.3343 592.2578 602.2417 585.7176],[310.8774  321.18927 292.5079  284.0711 ],[6.0977416 6.196744  6.000938  6.1818476],[1.9170305 1.766735  1.8967012 1.5642262],[8.26459   8.2423935 8.200481  8.146261 ],[0.59722245 0.63432664 0.6843038  0.7340101 ]
DFTGRID,C,1e-07,1,False,False,TDD,packagedrop,0.1,[0.8352385  0.8100444  0.812899   0.80284554],[0.64062303 0.689637   0.6933796  0.6838023 ],[231.82114 224.31995 224.90695 222.19446],[198.30357 214.30785 214.95345 213.23647],[7.9803467 8.1770115 8.18723   8.186214 ],[0.77408105 0.30075738 0.23923959 0.24211876],[8.287666 8.286728 8.285783 8.28482 ],[0.20094852 0.20314625 0.20554832 0.20814276]
DFTGRID,C,1e-07,10,False,False,TDD,packagedrop,0.1,[2.5678926 2.9824996 2.979772  2.9685333],[1.6123488 2.078275  2.0129669 2.0258307],[579.12274 625.9025  623.4925  615.9309 ],[293.96368 289.11053 291.5762  308.2326 ],[6.6757703 6.7318687 6.725492  6.6728315],[1.2476814 1.1487736 1.1775057 1.2743623],[8.228059 8.225113 8.221142 8.218307],[0.40632427 0.44373655 0.47436568 0.49637362]
DFTGRID,C,1e-07,30,False,False,TDD,packagedrop,0.1,[2.8088074 3.2305088 3.3100202 3.1632373],[2.0567305 1.9949096 2.1510339 2.0617478],[570.2961  606.67267 602.2562  600.1108 ],[285.42487 247.36687 226.47668 236.42108],[5.7930555 5.748147  5.751654  5.734445 ],[1.4098762 1.3887968 1.3877379 1.4762496],[8.210542 8.202721 8.192679 8.180748],[0.55921763 0.55600965 0.58218396 0.64674735]
DFTGRID,C,3e-07,1,False,False,TDD,packagedrop,0.1,[0.80090225 0.74181557 0.763629   0.7595507 ],[0.62579936 0.6489268  0.67572045 0.6660406 ],[241.16365 223.9808  230.63567 229.78984],[189.07187 196.72061 204.55757 203.0278 ],[7.9056816 8.131542  8.195599  8.197399 ],[0.7621245  0.49999672 0.18013246 0.17814146],[8.309222 8.309395 8.309544 8.309666],[0.12782556 0.12907478 0.13059251 0.13237096]
DFTGRID,C,3e-07,10,False,False,TDD,packagedrop,0.1,[2.052328  2.2497869 2.2666547 2.2380908],[1.3539705 1.2946211 1.2532396 1.2604201],[533.71716 583.87    590.7843  577.92847],[274.4767  276.58603 266.05725 267.8501 ],[6.473162  6.5686646 6.5222073 6.4970784],[1.1805495 1.2132062 1.2574245 1.2981703],[8.250104 8.243473 8.238304 8.233626],[0.3385536  0.3719638  0.4030903  0.43264043]
DFTGRID,C,3e-07,30,False,False,TDD,packagedrop,0.1,[2.5054352 2.7296493 2.7635467 2.754157 ],[1.3931117 1.4871585 1.5091227 1.5727414],[623.8247  656.4429  662.6686  657.54736],[279.19095 269.20267 267.75195 264.27524],[5.8867555 5.807253  5.871102  5.955536 ],[1.2475194 1.3539808 1.3637563 1.3213236],[8.243394  8.2595005 8.280929  8.2970915],[0.52751476 0.5657697  0.5995796  0.62896645]
DFTGRID,D,3e-08,1,False,False,TDD,packagedrop,0.1,[0.82099205 0.7958118  0.7890072  0.78919035],[0.7977572  0.82517016 0.83257174 0.82948136],[246.1506  238.163   236.67151 236.79924],[239.5624  247.47559 249.37202 248.84264],[8.265762 8.304395 8.309391 8.309323],[0.22048804 0.19055729 0.16996421 0.17034487],[8.314399 8.314319 8.314234 8.314145],[0.16895768 0.16928382 0.16965662 0.1700759 ]
DFTGRID,D,3e-08,10,False,False,TDD,packagedrop,0.1,[1.9826344 2.0205383 2.0642295 2.0645297],[1.503817  1.5127456 1.5577793 1.5077691],[584.431  597.6584 611.5289 614.9463],[435.09125 438.3379  458.1539  442.90186],[8.209939 8.236229 8.240597 8.24437 ],[0.2521828  0.24499348 0.25034145 0.2587017 ],[8.316226 8.317209 8.319232 8.322231],[0.22064124 0.22971562 0.23861213 0.24789661]
DFTGRID,D,3e-08,30,False,False,TDD,packagedrop,0.1,[2.0741892 2.2641497 2.2216873 2.2843359],[1.4578158 1.4583925 1.4959728 1.5116605],[581.1954  629.8375  610.18365 621.44037],[383.40533 390.12497 394.27338 396.97382],[8.152934 8.180472 8.167772 8.156924],[0.34904745 0.34262908 0.36578766 0.39535525],[8.279626 8.265633 8.254635 8.245803],[0.3149234 0.3314061 0.3475316 0.3749198]
DFTGRID,D,1e-07,1,False,False,TDD,packagedrop,0.1,[0.8656072  0.85950524 0.8501299  0.8589022 ],[0.7572209  0.7772787  0.78718334 0.8002028 ],[261.33713 259.2499  256.49585 259.27725],[230.59824 236.3794  239.35292 243.66081],[8.27665  8.29975  8.303228 8.303378],[0.11297481 0.05893157 0.04857427 0.04994298],[8.30858  8.308747 8.308916 8.309081],[0.04570844 0.04691121 0.04821619 0.04961301]
DFTGRID,D,1e-07,10,False,False,TDD,packagedrop,0.1,[2.2046075 2.2592793 2.2853937 2.2540693],[1.4193199 1.4246073 1.3831816 1.4123964],[648.0757  663.1872  671.1079  661.98303],[405.07703 405.85257 393.5052  403.88675],[8.178658 8.213631 8.217633 8.223025],[0.18527961 0.1718357  0.18892398 0.19981329],[8.3021965 8.302738  8.303449  8.304353 ],[0.14413548 0.16243483 0.18018849 0.19722271]
DFTGRID,D,1e-07,30,False,False,TDD,packagedrop,0.1,[1.9553428 2.071923  2.0692139 2.0507636],[1.3132995 1.3497432 1.3642217 1.3350812],[586.4031  621.85394 624.47186 617.83453],[399.79184 412.5324  418.66504 409.69742],[8.192841 8.21831  8.222058 8.223798],[0.31466687 0.31770712 0.3384378  0.35819358],[8.307436 8.310596 8.312113 8.31137 ],[0.289312   0.3160269  0.33770055 0.35521182]
DFTGRID,D,3e-07,1,False,False,TDD,packagedrop,0.1,[0.75786585 0.7434519  0.74055314 0.7440866 ],[0.7166417 0.7643174 0.7644278 0.7719879],[227.31877 222.86449 221.93933 223.01837],[214.97435 229.27136 229.22064 231.52194],[8.251996 8.295374 8.300004 8.300024],[0.13373835 0.04899457 0.02594735 0.02762454],[8.304569 8.304597 8.304624 8.304643],[0.02125923 0.02278941 0.02444138 0.0261921 ]
DFTGRID,D,3e-07,10,False,False,TDD,packagedrop,0.1,[1.884643  2.0519319 2.0902565 2.0336764],[1.3502389 1.3858771 1.4333646 1.4369822],[559.0593  606.11566 615.9122  598.53265],[393.871   401.90256 411.47336 412.68503],[8.152197 8.205407 8.208563 8.209328],[0.20411953 0.17433818 0.17893083 0.19566709],[8.291801 8.291452 8.291421 8.291797],[0.13622418 0.15536551 0.174471   0.19344515]
DFTGRID,D,3e-07,30,False,False,TDD,packagedrop,0.1,[1.7287549 1.9193519 1.7782433 1.9472983],[1.4544034 1.5781996 1.5585599 1.6196728],[508.12082 559.9219  511.0148  558.64374],[407.60657 439.04752 419.6062  432.1023 ],[8.193234 8.209626 8.203047 8.19316 ],[0.2944336  0.29649553 0.32277933 0.34822923],[8.314291 8.305841 8.296564 8.287483],[0.25759727 0.2863416  0.3163736  0.34177947]
DFTGRID,A,3e-08,1,False,False,TDD,packagedrop,0.09,[0.9090657 0.9040401 0.8918982 0.9055363],[0.7779741  0.79238415 0.7887773  0.806135  ],[267.53275 265.70258 262.64978 267.13333],[245.46393 249.52309 248.10156 254.48792],[8.261416 8.311385 8.31057  8.309146],[0.2984226  0.19995707 0.20457533 0.20988914],[8.330993 8.329848 8.328677 8.327477],[0.19007078 0.19461934 0.1995183  0.20473996]
DFTGRID,A,3e-08,10,False,False,TDD,packagedrop,0.09,[5.2264934 5.6859717 5.5367775 4.5286064],[9.093012  8.811877  9.430692  5.3344784],[532.0785 581.1814 595.5752 593.6132],[309.4246  302.73383 296.0329  293.17578],[7.2098374 7.185492  7.1673408 7.145416 ],[1.2291509 1.2425299 1.2651932 1.3272662],[8.202798 8.202786 8.20477  8.210615],[0.5486621  0.6039589  0.6533752  0.69756144]
DFTGRID,A,3e-08,30,False,False,TDD,packagedrop,0.09,[11.999635 10.11817   7.700815  7.250909],[43.05365  26.931837 14.782838 10.417041],[550.37115 611.40283 608.85126 604.8834 ],[368.34735 370.51358 377.20767 391.653  ],[6.868574  6.8893    6.9261847 6.918114 ],[1.4270341 1.3324207 1.3324878 1.4509069],[7.93059   7.937528  7.9386687 7.9467754],[0.9408091 0.9712996 1.0151565 1.0446167]
DFTGRID,A,1e-07,1,False,False,TDD,packagedrop,0.09,[0.7718102  0.74517554 0.74516606 0.74450094],[0.75234556 0.78221995 0.8002823  0.7891378 ],[217.32103 204.82979 204.24294 203.69533],[236.07178 239.11511 244.01741 239.88503],[8.150776 8.232711 8.238188 8.239086],[0.629039   0.51711667 0.52021533 0.5208366 ],[8.262489 8.263346 8.264196 8.265036],[0.51461935 0.5150343  0.51560664 0.5163352 ]
DFTGRID,A,1e-07,10,False,False,TDD,packagedrop,0.09,[4.1647625 4.3622932 4.463313  4.183942 ],[4.430808  5.0282927 5.679401  4.5002027],[621.74677 627.8645  637.7662  637.22876],[364.43246 352.72528 346.45053 354.74066],[7.17094   7.0996428 7.104215  7.092833 ],[1.3090636 1.406952  1.4272643 1.4563204],[8.144522 8.146372 8.146507 8.145758],[0.6222944 0.6648694 0.709678  0.7541991]
DFTGRID,A,1e-07,30,False,False,TDD,packagedrop,0.09,[8.448174 6.738063 9.274906 6.986291],[40.835167 14.958733 35.86007  18.082739],[607.75757 636.5362  596.547   578.1806 ],[416.91263 382.99356 320.42416 326.85907],[6.8176994 6.741752  6.7328167 6.659799 ],[1.6153239 1.6792909 1.6231436 1.5937256],[8.072836  8.0405245 7.987643  7.931782 ],[0.9680374 1.0242087 1.0625325 1.0865595]
DFTGRID,A,3e-07,1,False,False,TDD,packagedrop,0.09,[0.8119537  0.82070845 0.8306986  0.8336201 ],[0.70625806 0.74627036 0.7597317  0.76536584],[249.03886 252.03549 255.01434 255.84836],[239.76942 253.84557 256.4573  257.3443 ],[8.120395  8.18604   8.1928005 8.193979 ],[0.4409039 0.3700618 0.3664874 0.3680307],[8.213686 8.214922 8.216152 8.217375],[0.3532045  0.35431996 0.35555035 0.35689348]
DFTGRID,A,3e-07,10,False,False,TDD,packagedrop,0.09,[2.883677  3.1126719 3.058231  3.0564857],[2.5445268 2.961061  2.7144225 2.8324945],[554.5046 586.7473 599.9603 595.0712],[289.13568 304.66632 316.4662  313.68472],[7.1467247 7.079169  7.075245  7.082367 ],[1.0842502 1.111521  1.1960748 1.2642621],[8.171758 8.174995 8.178912 8.183869],[0.61714447 0.66222084 0.70273554 0.7370155 ]
DFTGRID,A,3e-07,30,False,False,TDD,packagedrop,0.09,[3.195781  3.5747678 3.7627687 3.7707431],[3.5280385 4.0921597 4.518464  4.6396713],[577.3974  612.57025 622.0623  609.2387 ],[346.47815 351.21335 355.03873 366.57098],[6.8714824 6.889866  6.924822  6.946716 ],[1.402516  1.3999368 1.4773432 1.5209315],[8.039328 8.043646 8.03752  8.038265],[0.90889144 0.95316577 1.0154774  1.0509552 ]
DFTGRID,C,3e-08,1,False,False,TDD,packagedrop,0.09,[1.1314483 1.140578  1.1506238 1.139899 ],[0.8166086  0.8423897  0.8526604  0.85167503],[258.4688  261.88727 265.87476 263.08713],[188.91898 203.71893 209.1121  205.46846],[8.09387  8.211639 8.211784 8.213951],[0.42857903 0.18287781 0.18537328 0.1857145 ],[8.320241 8.321053 8.321876 8.322711],[0.13149643 0.13392696 0.13672414 0.13986434]
DFTGRID,C,3e-08,10,False,False,TDD,packagedrop,0.09,[4.518258  5.4483504 5.143679  4.8963804],[4.52874   6.1440387 5.5701337 4.587747 ],[614.6545  640.7549  630.1537  654.23444],[292.4582  275.67538 280.0245  284.97324],[6.6841555 6.6784062 6.6886125 6.7049365],[1.1874326 1.2547649 1.2845385 1.3367558],[8.214155 8.200949 8.206897 8.228696],[0.43586653 0.4754516  0.5107417  0.5324073 ]
DFTGRID,C,3e-08,30,False,False,TDD,packagedrop,0.09,[4.0697994 4.017372  4.26867   4.67545  ],[3.901535 3.346267 4.1318   5.271794],[592.24506 617.073   607.26886 578.43243],[321.0839  329.30576 308.3795  281.61874],[6.042519  6.1651154 6.136347  6.149585 ],[1.9958516 1.816591  1.797459  1.5792886],[8.26459   8.2423935 8.200481  8.146261 ],[0.59722245 0.63432664 0.6843038  0.7340101 ]
DFTGRID,C,1e-07,1,False,False,TDD,packagedrop,0.09,[0.8255837  0.80963737 0.8061488  0.80536044],[0.67064464 0.691467   0.69307625 0.6848612 ],[230.44707 224.79019 223.22404 222.77966],[210.36778 215.72772 215.85391 213.44746],[8.041169 8.15569  8.187037 8.185819],[0.60780877 0.354455   0.24115641 0.24205656],[8.287666 8.286728 8.285783 8.28482 ],[0.20094852 0.20314625 0.20554832 0.20814276]
DFTGRID,C,1e-07,10,False,False,TDD,packagedrop,0.09,[2.780408  2.958709  2.9925647 2.9840565],[2.1160817 2.1443093 2.0439777 2.0217526],[583.80096 617.3002  621.8755  608.4143 ],[292.90805 294.50552 295.9184  288.7062 ],[6.7060175 6.7298775 6.706891  6.7175126],[1.1242931 1.15479   1.1799772 1.200242 ],[8.228059 8.225113 8.221142 8.218307],[0.40632427 0.44373655 0.47436568 0.49637362]
DFTGRID,C,1e-07,30,False,False,TDD,packagedrop,0.09,[3.0058188 3.13493   3.2105715 3.1765652],[2.135889  2.0422492 2.1299186 2.0731695],[577.80255 580.9483  585.98114 601.60925],[246.55464 255.27275 229.79979 238.0251 ],[5.7875557 5.8250575 5.764557  5.725407 ],[1.4655132 1.3729433 1.3607988 1.4898045],[8.210542 8.202721 8.192679 8.180748],[0.55921763 0.55600965 0.58218396 0.64674735]
DFTGRID,C,3e-07,1,False,False,TDD,packagedrop,0.09,[0.7137177  0.75313926 0.7565429  0.7515852 ],[0.5760131  0.6563847  0.66059285 0.6595425 ],[215.43268 227.34955 228.57396 227.36203],[176.25172 199.45752 200.83694 200.8034 ],[8.01061  8.197133 8.195137 8.198319],[0.5640654  0.17699245 0.18177453 0.17674688],[8.309222 8.309395 8.309544 8.309666],[0.12782556 0.12907478 0.13059251 0.13237096]
DFTGRID,C,3e-07,10,False,False,TDD,packagedrop,0.09,[2.1771884 2.2582161 2.2422166 2.2841337],[1.3017793 1.2964624 1.263788  1.2424568],[570.0264  586.39136 578.4215  589.70386],[271.09903 271.8203  264.30444 260.87476],[6.5795245 6.5695524 6.5136495 6.4776015],[1.157217  1.2013824 1.2532793 1.3274771],[8.250104 8.243473 8.238304 8.233626],[0.3385536  0.3719638  0.4030903  0.43264043]
DFTGRID,C,3e-07,30,False,False,TDD,packagedrop,0.09,[2.6830328 2.776481  2.7617311 2.7388744],[1.4763414 1.4775867 1.5468428 1.5426469],[639.69006 667.87256 662.53937 652.8768 ],[261.73264 262.2908  273.79227 263.7746 ],[5.8113556 5.741872  5.896438  5.9497533],[1.2386335 1.2884079 1.3539371 1.3087227],[8.243394  8.2595005 8.280929  8.2970915],[0.52751476 0.5657697  0.5995796  0.62896645]
DFTGRID,D,3e-08,1,False,False,TDD,packagedrop,0.09,[0.7925175  0.7865649  0.7865458  0.79192233],[0.8051225 0.8275338 0.8315893 0.834273 ],[238.4066  236.02478 236.09145 237.57648],[241.51137 248.21007 249.95204 250.10316],[8.292103 8.309517 8.309449 8.309308],[0.17847194 0.16959043 0.16994578 0.17039342],[8.314399 8.314319 8.314234 8.314145],[0.16895768 0.16928382 0.16965662 0.1700759 ]
DFTGRID,D,3e-08,10,False,False,TDD,packagedrop,0.09,[1.9388785 2.0455337 2.0263593 2.0697436],[1.4954062 1.5090094 1.514236  1.5077916],[573.29913 605.3861  600.19037 616.15985],[434.85046 441.32706 439.6353  443.84827],[8.208831 8.235765 8.241018 8.243954],[0.2473431  0.24597009 0.2501306  0.25873992],[8.316226 8.317209 8.319232 8.322231],[0.22064124 0.22971562 0.23861213 0.24789661]
DFTGRID,D,3e-08,30,False,False,TDD,packagedrop,0.09,[2.1301122 2.260786  2.26957   2.2594683],[1.4559572 1.4583688 1.5260125 1.5190088],[597.2198  628.56647 620.5946  621.0357 ],[379.87656 381.8006  400.68866 411.56314],[8.160903 8.173383 8.166719 8.156198],[0.32958016 0.34727043 0.3648037  0.39431238],[8.279626 8.265633 8.254635 8.245803],[0.3149234 0.3314061 0.3475316 0.3749198]
DFTGRID,D,1e-07,1,False,False,TDD,packagedrop,0.09,[0.8421428 0.846265  0.8467228 0.8488345],[0.75181484 0.78152215 0.7828791  0.7809931 ],[253.91176 255.2923  255.49702 256.1626 ],[228.67047 237.65274 238.18607 237.53792],[8.267978 8.303137 8.303313 8.303407],[0.12556796 0.04729559 0.04858577 0.04996129],[8.30858  8.308747 8.308916 8.309081],[0.04570844 0.04691121 0.04821619 0.04961301]
DFTGRID,D,1e-07,10,False,False,TDD,packagedrop,0.09,[2.1914153 2.2811396 2.2406752 2.2093797],[1.3883901 1.4413598 1.4207283 1.4452664],[644.1229  669.0393  658.01666 648.11334],[393.6719  409.89536 405.36563 412.52374],[8.171848 8.217947 8.221873 8.223457],[0.17453639 0.16864744 0.18338808 0.19962537],[8.3021965 8.302738  8.303449  8.304353 ],[0.14413548 0.16243483 0.18018849 0.19722271]
DFTGRID,D,1e-07,30,False,False,TDD,packagedrop,0.09,[2.0198312 2.0312448 2.0685072 2.0915632],[1.3522152 1.3104154 1.3218416 1.2781492],[598.5984  619.3503  620.8233  631.81537],[400.50793 418.03638 403.208   397.96732],[8.189914 8.218487 8.221675 8.222801],[0.2874581  0.31724152 0.33871505 0.35767516],[8.307436 8.310596 8.312113 8.31137 ],[0.289312   0.3160269  0.33770055 0.35521182]
DFTGRID,D,3e-07,1,False,False,TDD,packagedrop,0.09,[0.76373184 0.7387374  0.736499   0.7355232 ],[0.7479755  0.7705493  0.76587874 0.76121086],[228.86906 221.41771 220.75354 220.46086],[224.35916 231.12825 229.76875 228.32745],[8.265063 8.300024 8.300048 8.300048],[0.12393352 0.02429278 0.0259203  0.02762496],[8.304569 8.304597 8.304624 8.304643],[0.02125923 0.02278941 0.02444138 0.0261921 ]
DFTGRID,D,3e-07,10,False,False,TDD,packagedrop,0.09,[1.9024197 2.0487838 2.0425863 2.0339324],[1.3413609 1.4007034 1.4230152 1.4202157],[562.38745 604.1355  601.00836 598.44086],[390.99966 404.1732  407.18085 406.27643],[8.161016 8.205511 8.208705 8.209151],[0.19634849 0.17104661 0.17913218 0.19511512],[8.291801 8.291452 8.291421 8.291797],[0.13622418 0.15536551 0.174471   0.19344515]
DFTGRID,D,3e-07,30,False,False,TDD,packagedrop,0.09,[1.8309045 1.9000435 1.883239  1.8213636],[1.5346985 1.563213  1.593673  1.5474174],[537.5957  554.60626 545.4576  522.07263],[428.76508 436.1015  440.73734 418.827  ],[8.210205 8.214627 8.203484 8.192836],[0.27406076 0.29285145 0.3235905  0.3485839 ],[8.314291 8.305841 8.296564 8.287483],[0.25759727 0.2863416  0.3163736  0.34177947]
DFTGRID,A,3e-08,1,False,False,TDD,packagedrop,0.08,[0.88044935 0.9131149  0.89144707 0.89264494],[0.74010956 0.78851634 0.78907    0.7938537 ],[257.98233 268.2266  262.48428 263.01785],[232.2079  247.09256 248.13026 249.52426],[8.283194 8.301048 8.310588 8.309225],[0.23718768 0.22454874 0.20454623 0.20971   ],[8.330993 8.329848 8.328677 8.327477],[0.19007078 0.19461934 0.1995183  0.20473996]
DFTGRID,A,3e-08,10,False,False,TDD,packagedrop,0.08,[5.689242  5.682767  5.522062  4.5148005],[9.255472 8.839909 9.45877  5.32649 ],[578.5841  581.1756  583.59595 590.0128 ],[317.6533  313.64655 296.4418  301.25232],[7.1554146 7.1688023 7.1712184 7.148505 ],[1.2760429 1.2692451 1.2626522 1.3211539],[8.202798 8.202786 8.20477  8.210615],[0.5486621  0.6039589  0.6533752  0.69756144]
DFTGRID,A,3e-08,30,False,False,TDD,packagedrop,0.08,[12.398804  10.03888    7.7523584  7.2794814],[42.99361  26.991913 14.587295 10.04505 ],[583.31036 604.54694 603.7346  623.52734],[363.57892 377.0976  382.17966 399.0879 ],[6.912197  6.8943815 6.902335  6.920874 ],[1.4207981 1.3312298 1.3915147 1.4630437],[7.93059   7.937528  7.9386687 7.9467754],[0.9408091 0.9712996 1.0151565 1.0446167]
DFTGRID,A,1e-07,1,False,False,TDD,packagedrop,0.08,[0.75321114 0.74835336 0.7417281  0.73633784],[0.7648027  0.79461455 0.7902557  0.7822816 ],[207.76625 205.44211 203.012   201.78343],[233.88892 243.90623 239.66005 238.48259],[8.207551 8.237336 8.238278 8.23908 ],[0.5301461  0.51970536 0.52006817 0.52102685],[8.262489 8.263346 8.264196 8.265036],[0.51461935 0.5150343  0.51560664 0.5163352 ]
DFTGRID,A,1e-07,10,False,False,TDD,packagedrop,0.08,[3.879853  4.382182  4.4043107 4.1957197],[4.0220013 5.071382  5.6983705 4.826289 ],[616.5229  630.51544 624.4901  632.99207],[357.5682  354.86563 349.49176 348.96524],[7.1042194 7.106881  7.1074934 7.107565 ],[1.383601  1.3595544 1.4263536 1.4278923],[8.144522 8.146372 8.146507 8.145758],[0.6222944 0.6648694 0.709678  0.7541991]
DFTGRID,A,1e-07,30,False,False,TDD,packagedrop,0.08,[8.368802  6.7013903 9.295196  7.0809755],[40.819996 14.964152 35.881725 18.250906],[600.1134  617.7068  599.18677 578.7598 ],[388.10687 370.8901  343.73996 339.43112],[6.776041 6.747521 6.756463 6.657647],[1.6851405 1.6581465 1.5815363 1.5900065],[8.072836  8.0405245 7.987643  7.931782 ],[0.9680374 1.0242087 1.0625325 1.0865595]
DFTGRID,A,3e-07,1,False,False,TDD,packagedrop,0.08,[0.85462165 0.8325794  0.83614755 0.8384405 ],[0.7452007  0.76199156 0.7640848  0.76900804],[261.7859  255.3469  256.88828 257.43726],[252.18872 256.8453  258.27246 258.68713],[8.140118 8.191335 8.192672 8.193973],[0.4138326  0.36530793 0.3664995  0.36782685],[8.213686 8.214922 8.216152 8.217375],[0.3532045  0.35431996 0.35555035 0.35689348]
DFTGRID,A,3e-07,10,False,False,TDD,packagedrop,0.08,[2.853003  3.134434  3.0386496 3.1019773],[2.348842  2.972831  2.7103517 2.7953165],[578.765   595.7401  596.20624 609.70245],[307.08978 310.51013 308.88046 318.4706 ],[7.109872  7.0881896 7.079027  7.076448 ],[1.0792309 1.1139121 1.1866149 1.2761362],[8.171758 8.174995 8.178912 8.183869],[0.61714447 0.66222084 0.70273554 0.7370155 ]
DFTGRID,A,3e-07,30,False,False,TDD,packagedrop,0.08,[3.3939285 3.5348878 3.67582   3.8319585],[3.6867838 4.0840287 4.3353534 4.792491 ],[585.9273 611.1276 608.6711 626.3547],[339.62506 342.8465  353.97058 369.82462],[6.8739095 6.886248  6.920988  6.934901 ],[1.4142659 1.4014215 1.4786572 1.5063803],[8.039328 8.043646 8.03752  8.038265],[0.90889144 0.95316577 1.0154774  1.0509552 ]
DFTGRID,C,3e-08,1,False,False,TDD,packagedrop,0.08,[1.1131649 1.1390456 1.13665   1.1378785],[0.8157209  0.8470712  0.8329241  0.84325355],[259.59924 261.22482 262.79706 262.5676 ],[186.81883 202.7416  204.65208 203.11658],[7.979248 8.20294  8.212531 8.213402],[0.8506299  0.19242713 0.18450367 0.18531448],[8.320241 8.321053 8.321876 8.322711],[0.13149643 0.13392696 0.13672414 0.13986434]
DFTGRID,C,3e-08,10,False,False,TDD,packagedrop,0.08,[4.7451487 5.5010943 5.2261157 4.8870897],[4.9749513 6.3265414 5.4067693 4.5952444],[617.7062 641.2351 644.6681 652.315 ],[292.02985 280.26804 283.67685 287.95706],[6.640399  6.6721516 6.7002754 6.710585 ],[1.3014337 1.2610748 1.2864388 1.3310988],[8.214155 8.200949 8.206897 8.228696],[0.43586653 0.4754516  0.5107417  0.5324073 ]
DFTGRID,C,3e-08,30,False,False,TDD,packagedrop,0.08,[3.9184682 3.9321635 4.340802  4.7067485],[3.7116854 3.2392406 4.3277025 5.331823 ],[578.93207 583.8124  598.84125 585.90015],[303.20636 306.68546 304.1971  286.12427],[6.118703  6.1623006 6.0015435 6.1765327],[1.8337923 1.7676739 1.8924876 1.5739405],[8.26459   8.2423935 8.200481  8.146261 ],[0.59722245 0.63432664 0.6843038  0.7340101 ]
DFTGRID,C,1e-07,1,False,False,TDD,packagedrop,0.08,[0.83415765 0.8102957  0.8072951  0.8043422 ],[0.65890276 0.68926567 0.6950771  0.6882106 ],[230.79506 224.65617 223.45396 222.45659],[205.01125 215.59251 215.7429  214.42654],[8.000289 8.179261 8.187396 8.1868  ],[0.75416684 0.25957265 0.23946932 0.24205159],[8.287666 8.286728 8.285783 8.28482 ],[0.20094852 0.20314625 0.20554832 0.20814276]
DFTGRID,C,1e-07,10,False,False,TDD,packagedrop,0.08,[2.781419  2.964135  2.9422622 3.0210693],[2.1511202 2.1078904 1.9898473 2.0363584],[590.1318  617.40674 617.4602  624.49164],[299.69476 288.0724  300.62924 304.3081 ],[6.7131615 6.7176304 6.724159  6.7249007],[1.148053  1.1444381 1.1927983 1.1995435],[8.228059 8.225113 8.221142 8.218307],[0.40632427 0.44373655 0.47436568 0.49637362]
DFTGRID,C,1e-07,30,False,False,TDD,packagedrop,0.08,[3.0787475 3.169229  3.2468426 3.195762 ],[2.171077  1.9697121 2.1257212 2.0366573],[592.2568  600.40564 600.94885 605.72534],[265.4101  244.95303 235.34514 222.8498 ],[5.812691  5.8068237 5.7805095 5.739815 ],[1.5053823 1.3840073 1.3929338 1.459863 ],[8.210542 8.202721 8.192679 8.180748],[0.55921763 0.55600965 0.58218396 0.64674735]
DFTGRID,C,3e-07,1,False,False,TDD,packagedrop,0.08,[0.7662196  0.75905275 0.75191045 0.75003934],[0.62307787 0.66222775 0.66128355 0.656616  ],[231.83368 228.98984 227.24309 226.91705],[189.9837  200.83868 201.24734 200.10228],[8.010482 8.156673 8.180741 8.198899],[0.73113847 0.34913728 0.23285022 0.1771096 ],[8.309222 8.309395 8.309544 8.309666],[0.12782556 0.12907478 0.13059251 0.13237096]
DFTGRID,C,3e-07,10,False,False,TDD,packagedrop,0.08,[2.1877706 2.2678118 2.2429328 2.2478979],[1.3582394 1.3134584 1.275656  1.2564281],[571.90955 587.58936 580.3157  579.5659 ],[281.2717  273.60544 267.80292 266.48624],[6.4980907 6.576322  6.5179534 6.4907026],[1.2539889 1.1905308 1.2625215 1.3019456],[8.250104 8.243473 8.238304 8.233626],[0.3385536  0.3719638  0.4030903  0.43264043]
DFTGRID,C,3e-07,30,False,False,TDD,packagedrop,0.08,[2.6229026 2.7445269 2.7120087 2.8104453],[1.4667281 1.4962583 1.5475891 1.5765736],[639.41095 657.9557  652.14014 679.53925],[284.4202  259.5916  264.44067 275.1892 ],[5.828808  5.7992277 5.8473577 5.9842186],[1.2315375 1.3327281 1.3703291 1.3295275],[8.243394  8.2595005 8.280929  8.2970915],[0.52751476 0.5657697  0.5995796  0.62896645]
DFTGRID,D,3e-08,1,False,False,TDD,packagedrop,0.08,[0.79569936 0.78840125 0.78580785 0.7859971 ],[0.80547696 0.8246409  0.8230727  0.8234258 ],[239.50606 236.92166 235.7673  235.8639 ],[243.10545 247.86682 247.0039  247.2415 ],[8.27813   8.296351  8.3094425 8.309344 ],[0.20657623 0.17869537 0.16993597 0.17036884],[8.314399 8.314319 8.314234 8.314145],[0.16895768 0.16928382 0.16965662 0.1700759 ]
DFTGRID,D,3e-08,10,False,False,TDD,packagedrop,0.08,[2.0276344 2.0615833 2.0798857 2.0193615],[1.517387  1.4984589 1.5159229 1.4802601],[600.63336 610.0856  614.3317  603.6434 ],[444.79382 437.39096 439.2985  439.3484 ],[8.225457 8.238623 8.240746 8.243867],[0.23832385 0.24241735 0.25032565 0.25873592],[8.316226 8.317209 8.319232 8.322231],[0.22064124 0.22971562 0.23861213 0.24789661]
DFTGRID,D,3e-08,30,False,False,TDD,packagedrop,0.08,[2.0451813 2.179863  2.295474  2.3164663],[1.4505727 1.5144511 1.448354  1.4901863],[571.96716 605.54767 635.0025  637.1349 ],[374.85083 402.53186 379.9098  390.2918 ],[8.143035 8.174688 8.163137 8.156431],[0.34592393 0.34223843 0.36148852 0.39520246],[8.279626 8.265633 8.254635 8.245803],[0.3149234 0.3314061 0.3475316 0.3749198]
DFTGRID,D,1e-07,1,False,False,TDD,packagedrop,0.08,[0.87759554 0.8436914  0.845765   0.8452811 ],[0.74169284 0.773393   0.7802504  0.7726059 ],[264.39478 254.5689  255.18521 255.02267],[225.61566 235.35397 237.35826 234.92445],[8.263431 8.303134 8.30328  8.303394],[0.13709009 0.04727023 0.04858251 0.0499882 ],[8.30858  8.308747 8.308916 8.309081],[0.04570844 0.04691121 0.04821619 0.04961301]
DFTGRID,D,1e-07,10,False,False,TDD,packagedrop,0.08,[2.2000644 2.27923   2.2785597 2.252661 ],[1.4444997 1.4243507 1.3906099 1.4081441],[647.77216 669.0321  670.27625 662.13165],[413.97678 405.7527  398.09314 404.12897],[8.194878 8.217473 8.221849 8.223311],[0.18063901 0.16981338 0.18366154 0.19986519],[8.3021965 8.302738  8.303449  8.304353 ],[0.14413548 0.16243483 0.18018849 0.19722271]
DFTGRID,D,1e-07,30,False,False,TDD,packagedrop,0.08,[1.9595944 2.0973268 2.1104736 2.0606372],[1.3358076 1.3819724 1.3621117 1.3321235],[583.41797 625.66016 629.4111  614.89655],[399.35907 410.1072  404.47238 401.78265],[8.173018  8.218321  8.2217045 8.223685 ],[0.3176968  0.31815282 0.3390668  0.35795808],[8.307436 8.310596 8.312113 8.31137 ],[0.289312   0.3160269  0.33770055 0.35521182]
DFTGRID,D,3e-07,1,False,False,TDD,packagedrop,0.08,[0.7194795 0.7383486 0.7388589 0.7354561],[0.7088963  0.76549643 0.7696726  0.7636932 ],[215.72928 221.3019  221.47481 220.43317],[212.67781 229.62222 230.92188 229.02669],[8.260053 8.299985 8.300026 8.299998],[0.12865381 0.02436496 0.02593686 0.02770752],[8.304569 8.304597 8.304624 8.304643],[0.02125923 0.02278941 0.02444138 0.0261921 ]
DFTGRID,D,3e-07,10,False,False,TDD,packagedrop,0.08,[1.8770878 2.0037925 2.0551941 2.0660992],[1.3681011 1.3821517 1.4383445 1.4123406],[553.9787  592.0256  604.98413 608.5011 ],[394.85074 400.47412 412.7807  403.65863],[8.169062 8.200491 8.208979 8.209291],[0.1862753  0.17471041 0.17818727 0.19559327],[8.291801 8.291452 8.291421 8.291797],[0.13622418 0.15536551 0.174471   0.19344515]
DFTGRID,D,3e-07,30,False,False,TDD,packagedrop,0.08,[1.8152483 1.8208922 1.9604001 1.9467154],[1.5432181 1.5485989 1.6000487 1.6235242],[530.1128  531.11017 563.1198  552.339  ],[425.933   429.05487 430.36356 427.07184],[8.203387  8.215121  8.2043295 8.193584 ],[0.26591384 0.29286656 0.32194567 0.34839648],[8.314291 8.305841 8.296564 8.287483],[0.25759727 0.2863416  0.3163736  0.34177947]
DFTGRID,A,3e-08,1,False,False,TDD,packagedrop,0.07,[0.89142036 0.89684486 0.8945266  0.8955005 ],[0.7446628 0.7975065 0.7919911 0.7962238],[261.11444 263.46228 263.20364 263.63766],[233.10306 250.08183 248.42079 249.60971],[8.267542 8.311711 8.310527 8.309251],[0.2734995  0.19970278 0.20460513 0.20991088],[8.330993 8.329848 8.328677 8.327477],[0.19007078 0.19461934 0.1995183  0.20473996]
DFTGRID,A,3e-08,10,False,False,TDD,packagedrop,0.07,[5.649342  5.784755  5.5439825 4.5453935],[9.242625  8.8165455 9.432377  5.4626737],[580.54834 593.2473  591.1843  586.6587 ],[320.31003 318.1014  308.53943 293.38177],[7.2149563 7.1850224 7.1628814 7.145778 ],[1.2777549 1.2505438 1.2597599 1.3255308],[8.202798 8.202786 8.20477  8.210615],[0.5486621  0.6039589  0.6533752  0.69756144]
DFTGRID,A,3e-08,30,False,False,TDD,packagedrop,0.07,[12.283095  9.919625  7.82441   7.121526],[42.990887 26.940115 14.898925 10.024702],[580.84204 596.9069  609.9769  590.4355 ],[360.75983 374.11478 379.0681  383.45087],[6.859984  6.8957524 6.9162145 6.9175196],[1.4124869 1.3200009 1.3186703 1.4574088],[7.93059   7.937528  7.9386687 7.9467754],[0.9408091 0.9712996 1.0151565 1.0446167]
DFTGRID,A,1e-07,1,False,False,TDD,packagedrop,0.07,[0.74550486 0.75937325 0.7449405  0.73665893],[0.74891657 0.79846203 0.8023894  0.78550434],[207.99234 209.98007 204.82759 201.89165],[234.55273 246.84099 248.49278 239.24635],[8.19939   8.233191  8.238335  8.2392645],[0.56439    0.51678234 0.52013123 0.5211011 ],[8.262489 8.263346 8.264196 8.265036],[0.51461935 0.5150343  0.51560664 0.5163352 ]
DFTGRID,A,1e-07,10,False,False,TDD,packagedrop,0.07,[4.194195  4.3669114 4.41724   4.078611 ],[4.3822255 5.0226617 5.6941776 4.49929  ],[622.46735 626.02386 626.8857  620.2708 ],[362.83533 350.4683  348.56433 358.4824 ],[7.0919204 7.098317  7.1020827 7.1133575],[1.3800504 1.4067512 1.4295601 1.4300944],[8.144522 8.146372 8.146507 8.145758],[0.6222944 0.6648694 0.709678  0.7541991]
DFTGRID,A,1e-07,30,False,False,TDD,packagedrop,0.07,[8.73449   6.412398  9.383915  6.9923077],[40.80613  14.693578 35.83245  18.055399],[623.7436  625.27264 619.2361  584.2727 ],[404.55795 364.91922 354.18488 319.25662],[6.769909  6.7154393 6.75198   6.6985383],[1.6252347 1.6877757 1.5961154 1.5943094],[8.072836  8.0405245 7.987643  7.931782 ],[0.9680374 1.0242087 1.0625325 1.0865595]
DFTGRID,A,3e-07,1,False,False,TDD,packagedrop,0.07,[0.866542   0.8225988  0.8250599  0.83850724],[0.7266475 0.7522058 0.7575958 0.7700114],[264.54468 251.44006 252.66037 257.47855],[244.75612 251.65987 254.06639 258.6271 ],[8.12088  8.185041 8.186352 8.193722],[0.41972578 0.36322817 0.36415294 0.36795753],[8.213686 8.214922 8.216152 8.217375],[0.3532045  0.35431996 0.35555035 0.35689348]
DFTGRID,A,3e-07,10,False,False,TDD,packagedrop,0.07,[2.9269388 3.152738  3.088017  3.08742  ],[2.5406466 2.9345527 2.7226021 2.831672 ],[564.56366 600.765   606.8142  603.0852 ],[301.12003 302.36737 307.58768 310.3278 ],[7.091536  7.075668  7.0794244 7.0762634],[1.0624343 1.1090875 1.1854203 1.275197 ],[8.171758 8.174995 8.178912 8.183869],[0.61714447 0.66222084 0.70273554 0.7370155 ]
DFTGRID,A,3e-07,30,False,False,TDD,packagedrop,0.07,[3.4524336 3.5865555 3.7756314 3.8452976],[3.6819506 4.0812654 4.5252132 4.633554 ],[596.16693 613.9809  625.4328  633.126  ],[342.7324  336.49533 349.1033  379.22467],[6.8195133 6.8788366 6.916343  6.9256325],[1.3849225 1.404634  1.4871627 1.5194837],[8.039328 8.043646 8.03752  8.038265],[0.90889144 0.95316577 1.0154774  1.0509552 ]
DFTGRID,C,3e-08,1,False,False,TDD,packagedrop,0.07,[1.103541  1.1326817 1.1430397 1.1348121],[0.82738125 0.8442221  0.8431791  0.8441565 ],[250.49335 259.60406 263.3301  261.64035],[190.05908 202.25845 204.12004 202.84525],[8.119561 8.203481 8.211858 8.213871],[0.5194742  0.19287598 0.18543485 0.1856529 ],[8.320241 8.321053 8.321876 8.322711],[0.13149643 0.13392696 0.13672414 0.13986434]
DFTGRID,C,3e-08,10,False,False,TDD,packagedrop,0.07,[4.7209487 5.488674  5.2517924 4.8774066],[4.957303  6.326978  5.5101585 4.6280985],[613.90295 635.1397  646.65753 646.7293 ],[292.46484 280.37613 281.71884 291.94785],[6.5557775 6.6825657 6.697666  6.7061176],[1.3310148 1.2513889 1.2864914 1.3276579],[8.214155 8.200949 8.206897 8.228696],[0.43586653 0.4754516  0.5107417  0.5324073 ]
DFTGRID,C,3e-08,30,False,False,TDD,packagedrop,0.07,[4.091984  3.9613912 4.1601143 4.8130245],[3.92704   3.253469  3.659309  5.4680705],[594.5861  591.2667  590.44476 580.99896],[313.61993 322.0714  316.05026 273.07724],[6.008175  6.1369824 6.054001  6.193809 ],[1.9416937 1.7878795 1.8352317 1.5256184],[8.26459   8.2423935 8.200481  8.146261 ],[0.59722245 0.63432664 0.6843038  0.7340101 ]
DFTGRID,C,1e-07,1,False,False,TDD,packagedrop,0.07,[0.80546033 0.7985911  0.8107298  0.80697626],[0.6561326  0.68057317 0.6937288  0.69020915],[225.4271  221.57098 224.3943  223.28181],[204.35608 213.22293 216.32289 215.13078],[8.110962 8.189256 8.186737 8.186956],[0.41454723 0.23689    0.24089772 0.24143206],[8.287666 8.286728 8.285783 8.28482 ],[0.20094852 0.20314625 0.20554832 0.20814276]
DFTGRID,C,1e-07,10,False,False,TDD,packagedrop,0.07,[2.8670962 2.8778236 2.9483588 2.9481308],[2.0769799 2.047894  1.9920557 1.9934413],[601.12805 603.76733 620.18604 611.801  ],[288.412   279.5785  292.63556 302.67374],[6.661981  6.6966295 6.7144246 6.702577 ],[1.1679993 1.1666957 1.1693858 1.209173 ],[8.228059 8.225113 8.221142 8.218307],[0.40632427 0.44373655 0.47436568 0.49637362]
DFTGRID,C,1e-07,30,False,False,TDD,packagedrop,0.07,[3.082387  3.289677  3.3015943 3.1261666],[2.1506593 2.103539  2.1694    2.0220299],[598.3999  615.8268  604.64154 593.73364],[266.69846 245.21036 229.64894 236.45299],[5.8749905 5.739774  5.769246  5.7280188],[1.4307345 1.4166809 1.3747805 1.5016654],[8.210542 8.202721 8.192679 8.180748],[0.55921763 0.55600965 0.58218396 0.64674735]
DFTGRID,C,3e-07,1,False,False,TDD,packagedrop,0.07,[0.76027036 0.7506473  0.75394875 0.7481801 ],[0.62616193 0.65866935 0.66324043 0.65331393],[229.2791  226.73691 227.99123 226.36783],[191.67142 199.97473 202.19452 198.92412],[8.007038 8.197399 8.197186 8.198999],[0.70498204 0.17654072 0.1792913  0.17701364],[8.309222 8.309395 8.309544 8.309666],[0.12782556 0.12907478 0.13059251 0.13237096]
DFTGRID,C,3e-07,10,False,False,TDD,packagedrop,0.07,[2.1957693 2.2655404 2.2640188 2.266615 ],[1.3456565 1.2816867 1.2620198 1.2641144],[568.4697  587.68994 585.5702  584.1663 ],[275.9482 266.749  264.2442 265.3283],[6.5270467 6.5636654 6.5217195 6.4960237],[1.1901089 1.2201427 1.2686892 1.299922 ],[8.250104 8.243473 8.238304 8.233626],[0.3385536  0.3719638  0.4030903  0.43264043]
DFTGRID,C,3e-07,30,False,False,TDD,packagedrop,0.07,[2.7226222 2.7591727 2.790315  2.760157 ],[1.5002675 1.4808621 1.585598  1.614264 ],[646.40424 662.66406 669.96075 657.97577],[278.23325 272.0872  275.4652  274.86777],[5.907011  5.8082943 5.8936634 5.987593 ],[1.2948198 1.3528879 1.3879335 1.3286008],[8.243394  8.2595005 8.280929  8.2970915],[0.52751476 0.5657697  0.5995796  0.62896645]
DFTGRID,D,3e-08,1,False,False,TDD,packagedrop,0.07,[0.7771084  0.79546714 0.78403765 0.7842381 ],[0.7995924  0.82608    0.82406205 0.82727104],[233.13127 239.0131  235.3034  235.28207],[239.59439 248.52496 247.39572 248.10457],[8.282931 8.305467 8.309467 8.309372],[0.19563548 0.17225891 0.16994017 0.17036058],[8.314399 8.314319 8.314234 8.314145],[0.16895768 0.16928382 0.16965662 0.1700759 ]
DFTGRID,D,3e-08,10,False,False,TDD,packagedrop,0.07,[2.0012178 2.0580866 2.0662763 2.0710948],[1.5216196 1.5456983 1.5260774 1.506233 ],[589.45605 607.26587 612.7138  616.3234 ],[438.70367 448.33545 446.34076 442.45538],[8.207922 8.238875 8.240794 8.244442],[0.2527417  0.24222703 0.25022313 0.25929555],[8.316226 8.317209 8.319232 8.322231],[0.22064124 0.22971562 0.23861213 0.24789661]
DFTGRID,D,3e-08,30,False,False,TDD,packagedrop,0.07,[2.0389488 2.2304177 2.2731133 2.3299336],[1.4238459 1.5121894 1.473577  1.4338652],[574.45605 618.5913  627.80493 648.20013],[376.4322  398.32846 391.18216 404.61578],[8.148428 8.179202 8.165886 8.156788],[0.3672455  0.3459901  0.36529216 0.39505106],[8.279626 8.265633 8.254635 8.245803],[0.3149234 0.3314061 0.3475316 0.3749198]
DFTGRID,D,1e-07,1,False,False,TDD,packagedrop,0.07,[0.8486886  0.83955663 0.84213275 0.8465965 ],[0.7411197  0.7726493  0.77791476 0.7832595 ],[255.57993 253.30031 254.12144 255.42813],[223.89632 235.0604  236.73848 238.08968],[8.275546 8.303139 8.3033   8.303434],[0.10909773 0.04726093 0.04858098 0.0501078 ],[8.30858  8.308747 8.308916 8.309081],[0.04570844 0.04691121 0.04821619 0.04961301]
DFTGRID,D,1e-07,10,False,False,TDD,packagedrop,0.07,[2.1517248 2.23775   2.2531416 2.2715585],[1.3908684 1.4187454 1.4190664 1.4210117],[634.93646 658.1168  661.20703 668.2129 ],[401.21762 406.4536  404.03247 407.05563],[8.1968155 8.216503  8.222219  8.223527 ],[0.17749523 0.17526384 0.18337421 0.19980016],[8.3021965 8.302738  8.303449  8.304353 ],[0.14413548 0.16243483 0.18018849 0.19722271]
DFTGRID,D,1e-07,30,False,False,TDD,packagedrop,0.07,[2.0430589 2.081839  2.0010047 2.0388746],[1.3552288 1.3611788 1.3381921 1.3499527],[610.314   622.3374  601.7544  613.12006],[409.80124 408.36856 407.14114 414.67038],[8.193509 8.214572 8.222438 8.222716],[0.3171424  0.31537113 0.33901092 0.35790136],[8.307436 8.310596 8.312113 8.31137 ],[0.289312   0.3160269  0.33770055 0.35521182]
DFTGRID,D,3e-07,1,False,False,TDD,packagedrop,0.07,[0.77332306 0.7240148  0.735593   0.7392109 ],[0.721856   0.74331826 0.7613233  0.7676989 ],[231.8108  217.02531 220.47836 221.5701 ],[216.59543 223.05789 228.35138 230.27966],[8.256887 8.29151  8.300014 8.300013],[0.12995987 0.06283162 0.02598206 0.02763349],[8.304569 8.304597 8.304624 8.304643],[0.02125923 0.02278941 0.02444138 0.0261921 ]
DFTGRID,D,3e-07,10,False,False,TDD,packagedrop,0.07,[1.9480442 2.033507  2.0449421 2.0541434],[1.3946654 1.4058001 1.4144448 1.4204849],[575.7109  599.80396 602.5971  604.38556],[405.2331  405.58224 406.34286 404.65195],[8.180583 8.205313 8.208618 8.20904 ],[0.1803572  0.16520175 0.17909662 0.19579722],[8.291801 8.291452 8.291421 8.291797],[0.13622418 0.15536551 0.174471   0.19344515]
DFTGRID,D,3e-07,30,False,False,TDD,packagedrop,0.07,[1.8076493 1.9370952 1.810305  1.8953317],[1.4928167 1.5947974 1.5865526 1.5995332],[529.5277  560.42084 521.242   539.0359 ],[412.84702 435.49014 429.47595 421.86847],[8.188859 8.215241 8.203583 8.19367 ],[0.27958527 0.29267296 0.32352287 0.3478827 ],[8.314291 8.305841 8.296564 8.287483],[0.25759727 0.2863416  0.3163736  0.34177947]
DFTGRID,A,3e-08,1,False,False,TDD,packagedrop,0.06,[0.90358526 0.8989036  0.8956597  0.9046546 ],[0.77513504 0.80063325 0.79430157 0.8044514 ],[265.93204 265.75897 263.71448 266.56052],[244.3525  254.0359  249.81941 252.70052],[8.268613 8.29517  8.310471 8.309157],[0.27461368 0.23253301 0.20458168 0.20977716],[8.330993 8.329848 8.328677 8.327477],[0.19007078 0.19461934 0.1995183  0.20473996]
DFTGRID,A,3e-08,10,False,False,TDD,packagedrop,0.06,[5.5939136 5.7697964 5.528102  4.539341 ],[8.955066  8.783919  9.428492  5.2727337],[584.69604 599.04956 594.65717 597.3921 ],[320.29968 308.24768 296.4856  300.90585],[7.18673   7.1732545 7.163858  7.1409216],[1.2530571 1.2540164 1.2708248 1.3293419],[8.202798 8.202786 8.20477  8.210615],[0.5486621  0.6039589  0.6533752  0.69756144]
DFTGRID,A,3e-08,30,False,False,TDD,packagedrop,0.06,[12.311401  10.039621   7.763632   7.3403554],[42.965023 26.765797 14.904947 10.114026],[589.2063  622.7327  598.4517  635.86084],[364.94315 386.26425 368.61423 406.51917],[6.8388896 6.8933015 6.9150558 6.9159255],[1.4139024 1.3238798 1.3386372 1.464052 ],[7.93059   7.937528  7.9386687 7.9467754],[0.9408091 0.9712996 1.0151565 1.0446167]
DFTGRID,A,1e-07,1,False,False,TDD,packagedrop,0.06,[0.7563253  0.73734075 0.73483115 0.7376201 ],[0.7636883  0.78523993 0.78249246 0.784506  ],[208.33043 201.88799 201.29625 202.15353],[234.10425 239.44266 238.55167 239.03   ],[8.174453  8.2375345 8.238421  8.239327 ],[0.63317126 0.5196607  0.5202337  0.52104896],[8.262489 8.263346 8.264196 8.265036],[0.51461935 0.5150343  0.51560664 0.5163352 ]
DFTGRID,A,1e-07,10,False,False,TDD,packagedrop,0.06,[4.183113  4.3977947 4.436884  4.105466 ],[4.4283943 5.0334764 5.69052   4.493416 ],[618.95953 633.2625  631.1435  623.42676],[362.11905 355.1161  348.6986  348.44226],[7.0861406 7.100855  7.102467  7.107275 ],[1.4324641 1.4068503 1.4287522 1.4286238],[8.144522 8.146372 8.146507 8.145758],[0.6222944 0.6648694 0.709678  0.7541991]
DFTGRID,A,1e-07,30,False,False,TDD,packagedrop,0.06,[8.677774  6.729316  9.249508  7.0705748],[40.802322 14.922265 35.864117 19.37392 ],[617.3225 625.6981 605.0885 572.9585],[368.50192 364.04727 357.85773 344.63248],[6.7345867 6.758747  6.7501173 6.659101 ],[1.6361817 1.6517107 1.6041723 1.5947739],[8.072836  8.0405245 7.987643  7.931782 ],[0.9680374 1.0242087 1.0625325 1.0865595]
DFTGRID,A,3e-07,1,False,False,TDD,packagedrop,0.06,[0.8598529  0.8358226  0.83384514 0.83345383],[0.7288619  0.76383317 0.7616309  0.76334643],[264.57648 256.68405 255.87695 256.03894],[248.5823  258.26437 256.86615 258.14587],[8.141967  8.1914625 8.192584  8.193949 ],[0.43202674 0.36520258 0.36662403 0.36795065],[8.213686 8.214922 8.216152 8.217375],[0.3532045  0.35431996 0.35555035 0.35689348]
DFTGRID,A,3e-07,10,False,False,TDD,packagedrop,0.06,[2.9665833 3.1395843 3.0651426 3.1018286],[2.5067322 2.9788969 2.7120504 2.8044806],[580.55426 593.9465  600.85815 610.40466],[304.7647  302.33615 306.5299  315.65582],[7.100126  7.0800886 7.0772614 7.0693874],[1.0361229 1.115059  1.1882856 1.2734765],[8.171758 8.174995 8.178912 8.183869],[0.61714447 0.66222084 0.70273554 0.7370155 ]
DFTGRID,A,3e-07,30,False,False,TDD,packagedrop,0.06,[3.3698783 3.5900629 3.7857745 3.8832197],[3.6764078 4.0866404 4.584505  4.6243873],[583.88354 613.07495 625.4681  640.2725 ],[346.20648 345.9187  346.47107 342.3906 ],[6.8568325 6.8837886 6.921612  6.926256 ],[1.3934742 1.4098543 1.4824067 1.527822 ],[8.039328 8.043646 8.03752  8.038265],[0.90889144 0.95316577 1.0154774  1.0509552 ]
DFTGRID,C,3e-08,1,False,False,TDD,packagedrop,0.06,[1.1519483 1.1467336 1.1344478 1.1405613],[0.8422056  0.84166294 0.83041143 0.84743905],[267.51535 264.24136 262.1645  263.51288],[199.89186 203.42554 203.55853 205.12436],[8.103019  8.1859455 8.212878  8.213386 ],[0.46744946 0.31003946 0.184448   0.18558265],[8.320241 8.321053 8.321876 8.322711],[0.13149643 0.13392696 0.13672414 0.13986434]
DFTGRID,C,3e-08,10,False,False,TDD,packagedrop,0.06,[4.297085  5.5091567 5.217409  4.860934 ],[4.2322364 6.3194504 5.4783134 4.501788 ],[610.6266 640.8364 643.7371 650.2001],[290.60388 279.02783 280.9551  287.35272],[6.704411  6.687107  6.698094  6.6920686],[1.1845648 1.258835  1.2810836 1.365108 ],[8.214155 8.200949 8.206897 8.228696],[0.43586653 0.4754516  0.5107417  0.5324073 ]
DFTGRID,C,3e-08,30,False,False,TDD,packagedrop,0.06,[4.1545367 4.0023904 4.3599286 4.700622 ],[3.9010704 3.3022313 4.0580587 5.3372655],[590.2901  604.59766 605.73315 582.1252 ],[311.55255 332.22238 307.9556  287.4928 ],[6.0402    6.1538887 5.968083  6.1773744],[1.9434094 1.7800252 1.9202266 1.5762897],[8.26459   8.2423935 8.200481  8.146261 ],[0.59722245 0.63432664 0.6843038  0.7340101 ]
DFTGRID,C,1e-07,1,False,False,TDD,packagedrop,0.06,[0.79699737 0.80846953 0.80167776 0.8044024 ],[0.67791843 0.694742   0.68215865 0.69047165],[224.49283 224.19804 222.14354 222.46716],[213.3106  216.86574 213.32428 214.90872],[8.108973 8.188267 8.18776  8.18672 ],[0.4795823  0.23844635 0.23937523 0.24175136],[8.287666 8.286728 8.285783 8.28482 ],[0.20094852 0.20314625 0.20554832 0.20814276]
DFTGRID,C,1e-07,10,False,False,TDD,packagedrop,0.06,[2.9230485 2.9926734 3.0068598 3.0197003],[2.1061585 2.0903661 2.026376  2.0144362],[612.7106  627.50275 628.4132  626.9868 ],[288.37988 292.93607 290.42313 297.71338],[6.717342  6.7443542 6.726624  6.7292843],[1.1456149 1.1444633 1.1594361 1.207396 ],[8.228059 8.225113 8.221142 8.218307],[0.40632427 0.44373655 0.47436568 0.49637362]
DFTGRID,C,1e-07,30,False,False,TDD,packagedrop,0.06,[3.0182924 3.1983109 3.3491962 3.1287372],[2.0536063 1.9608082 2.14965   2.002528 ],[588.1476  594.00806 618.1262  601.87714],[270.47812 242.19347 239.95312 234.11859],[5.732598  5.757475  5.753433  5.7514305],[1.4892404 1.3630203 1.4162738 1.519457 ],[8.210542 8.202721 8.192679 8.180748],[0.55921763 0.55600965 0.58218396 0.64674735]
DFTGRID,C,3e-07,1,False,False,TDD,packagedrop,0.06,[0.74175924 0.7412519  0.75079274 0.75386816],[0.6149467  0.6489328  0.6561935  0.66746366],[223.90547 223.7226  226.90059 227.87247],[186.97212 195.62941 199.60211 202.39275],[8.05384  8.166017 8.198055 8.198326],[0.57700807 0.278937   0.17707926 0.17744069],[8.309222 8.309395 8.309544 8.309666],[0.12782556 0.12907478 0.13059251 0.13237096]
DFTGRID,C,3e-07,10,False,False,TDD,packagedrop,0.06,[2.171636  2.219823  2.2677734 2.2614007],[1.3168372 1.3040487 1.303993  1.2451863],[561.742   574.29645 584.5313  583.6512 ],[272.99228 273.90668 266.22983 263.21646],[6.6019964 6.5643096 6.5291724 6.4901276],[1.1776673 1.2140956 1.264005  1.3053515],[8.250104 8.243473 8.238304 8.233626],[0.3385536  0.3719638  0.4030903  0.43264043]
DFTGRID,C,3e-07,30,False,False,TDD,packagedrop,0.06,[2.694284  2.78998   2.7773492 2.835491 ],[1.4558057 1.5069095 1.5422292 1.7059848],[643.79114 666.05194 668.457   675.8189 ],[271.441   275.01315 273.24368 267.91895],[5.8022933 5.819851  5.863351  5.9886074],[1.2493634 1.3181292 1.3587639 1.3040423],[8.243394  8.2595005 8.280929  8.2970915],[0.52751476 0.5657697  0.5995796  0.62896645]
DFTGRID,D,3e-08,1,False,False,TDD,packagedrop,0.06,[0.8002465  0.7831405  0.7884483  0.79174393],[0.79237604 0.826603   0.83182436 0.8362994 ],[239.8816  234.69926 236.33621 237.48344],[238.99455 247.14575 248.72432 250.70905],[8.270391 8.305057 8.309444 8.309293],[0.22358467 0.172546   0.16998833 0.17035873],[8.314399 8.314319 8.314234 8.314145],[0.16895768 0.16928382 0.16965662 0.1700759 ]
DFTGRID,D,3e-08,10,False,False,TDD,packagedrop,0.06,[1.9537772 2.0412815 2.0725024 2.091461 ],[1.5016046 1.5342859 1.5234166 1.504316 ],[578.1107  602.7845  614.50757 621.3168 ],[439.83618 447.54196 445.7564  440.77798],[8.216103 8.23578  8.24085  8.244286],[0.2390951  0.244441   0.25087035 0.258706  ],[8.316226 8.317209 8.319232 8.322231],[0.22064124 0.22971562 0.23861213 0.24789661]
DFTGRID,D,3e-08,30,False,False,TDD,packagedrop,0.06,[2.1609735 2.2003615 2.254032  2.2791362],[1.4774153 1.5084534 1.5112562 1.5042025],[603.64514 608.4729  620.5127  624.64404],[385.81427 391.36786 393.25174 399.7157 ],[8.179371 8.179225 8.165992 8.155706],[0.33125407 0.34633896 0.36682817 0.39565986],[8.279626 8.265633 8.254635 8.245803],[0.3149234 0.3314061 0.3475316 0.3749198]
DFTGRID,D,1e-07,1,False,False,TDD,packagedrop,0.06,[0.8309748  0.84115547 0.8448074  0.84515625],[0.7393785  0.77211773 0.77683634 0.77681464],[250.57205 253.7821  254.93623 255.10182],[224.63657 234.9087  236.39972 236.44547],[8.279699 8.303125 8.303301 8.303437],[0.1083407  0.0473033  0.04859168 0.04994655],[8.30858  8.308747 8.308916 8.309081],[0.04570844 0.04691121 0.04821619 0.04961301]
DFTGRID,D,1e-07,10,False,False,TDD,packagedrop,0.06,[2.1058443 2.2483463 2.2472079 2.2687306],[1.3569266 1.4061006 1.4055579 1.4085224],[620.6775  661.47406 659.80853 665.9451 ],[391.0347  402.28857 400.9737  402.10803],[8.182282 8.216655 8.221988 8.223366],[0.19149101 0.1752815  0.18342918 0.1998411 ],[8.3021965 8.302738  8.303449  8.304353 ],[0.14413548 0.16243483 0.18018849 0.19722271]
DFTGRID,D,1e-07,30,False,False,TDD,packagedrop,0.06,[2.0508745 2.076964  2.0517292 2.1091201],[1.3429358 1.3620145 1.3189008 1.3267454],[609.3703  620.35443 618.54614 635.05237],[400.5569  409.9291  403.33417 409.52457],[8.186812 8.218526 8.222633 8.222873],[0.30398357 0.31820536 0.33889267 0.35792693],[8.307436 8.310596 8.312113 8.31137 ],[0.289312   0.3160269  0.33770055 0.35521182]
DFTGRID,D,3e-07,1,False,False,TDD,packagedrop,0.06,[0.6849754  0.73711234 0.73969954 0.7331865 ],[0.6863375 0.76511   0.7684605 0.7603527],[205.36606 220.9186  221.71661 219.7551 ],[206.00363 229.45355 230.49713 228.04143],[8.265558 8.300006 8.30003  8.300039],[0.11731654 0.02430424 0.02589618 0.02767051],[8.304569 8.304597 8.304624 8.304643],[0.02125923 0.02278941 0.02444138 0.0261921 ]
DFTGRID,D,3e-07,10,False,False,TDD,packagedrop,0.06,[1.9819229 2.0619636 2.0386543 2.0538085],[1.409789  1.3915339 1.404965  1.41705  ],[585.605   608.29694 601.32166 604.3013 ],[408.99762 402.14197 404.99884 405.29916],[8.189733  8.208368  8.2089815 8.2094345],[0.16547462 0.16312902 0.17885059 0.19514494],[8.291801 8.291452 8.291421 8.291797],[0.13622418 0.15536551 0.174471   0.19344515]
DFTGRID,D,3e-07,30,False,False,TDD,packagedrop,0.06,[1.8054345 1.8646443 1.8692032 1.9437325],[1.5289154 1.5469064 1.5621601 1.6703051],[529.09607 541.67303 536.8775  546.1699 ],[425.10974 425.89584 422.1319  432.6115 ],[8.215047 8.214832 8.203318 8.193617],[0.2692264  0.29282337 0.32368103 0.34910214],[8.314291 8.305841 8.296564 8.287483],[0.25759727 0.2863416  0.3163736  0.34177947]
DFTGRID,A,3e-08,1,False,False,TDD,packagedrop,0.05,[0.9042606  0.89683455 0.9014317  0.8931264 ],[0.77659076 0.7946916  0.79975855 0.79208595],[267.44962 263.562   265.2701  263.1617 ],[245.33589 249.4311  250.48343 249.01933],[8.270514 8.311646 8.310334 8.309351],[0.2700127  0.19970024 0.20442924 0.20987155],[8.330993 8.329848 8.328677 8.327477],[0.19007078 0.19461934 0.1995183  0.20473996]
DFTGRID,A,3e-08,10,False,False,TDD,packagedrop,0.05,[5.509219  5.7080407 5.532532  4.532178 ],[9.0794325 8.803582  9.453819  5.2571507],[572.1842  581.44507 592.09564 599.77673],[323.175   300.5151  306.9802  294.70123],[7.1919556 7.177737  7.164107  7.145641 ],[1.2861488 1.250952  1.2623751 1.3206455],[8.202798 8.202786 8.20477  8.210615],[0.5486621  0.6039589  0.6533752  0.69756144]
DFTGRID,A,3e-08,30,False,False,TDD,packagedrop,0.05,[12.264949   9.830986   7.758006   7.1863766],[42.99605  26.74443  14.877134 10.069175],[589.6775  593.2477  605.93097 606.80676],[367.40207 358.33572 375.2228  386.07315],[6.9427934 6.946029  6.9244227 6.9049644],[1.3077708 1.2373767 1.3305943 1.462525 ],[7.93059   7.937528  7.9386687 7.9467754],[0.9408091 0.9712996 1.0151565 1.0446167]
DFTGRID,A,1e-07,1,False,False,TDD,packagedrop,0.05,[0.7298553  0.72389865 0.7351658  0.73828787],[0.7639594  0.76789534 0.7823579  0.7877685 ],[201.18768 199.4036  201.38828 202.49286],[236.77324 237.78775 238.518   240.01106],[8.226391 8.233824 8.238454 8.239136],[0.52346617 0.525982   0.5202897  0.5208179 ],[8.262489 8.263346 8.264196 8.265036],[0.51461935 0.5150343  0.51560664 0.5163352 ]
DFTGRID,A,1e-07,10,False,False,TDD,packagedrop,0.05,[4.162037  4.392752  4.4001083 4.0744762],[4.440933 5.025904 5.695356 4.49245 ],[610.33435 633.9551  623.3936  616.8617 ],[364.60913 355.3035  349.99567 348.34738],[7.1187577 7.100271  7.1023426 7.1048536],[1.3930458 1.4063181 1.4278233 1.4280438],[8.144522 8.146372 8.146507 8.145758],[0.6222944 0.6648694 0.709678  0.7541991]
DFTGRID,A,1e-07,30,False,False,TDD,packagedrop,0.05,[8.6295395 6.7714143 9.072071  6.91018  ],[40.799026 14.953123 35.592655 18.02452 ],[641.2273  628.37805 587.46045 571.17285],[416.40594 365.26993 333.4675  332.70895],[6.78096   6.7585993 6.7383814 6.658229 ],[1.6017374 1.6695263 1.6147051 1.5971593],[8.072836  8.0405245 7.987643  7.931782 ],[0.9680374 1.0242087 1.0625325 1.0865595]
DFTGRID,A,3e-07,1,False,False,TDD,packagedrop,0.05,[0.82621896 0.8296015  0.8329964  0.83159274],[0.73959434 0.7585287  0.7599289  0.7593483 ],[253.06186 254.59056 255.5272  255.59105],[251.51208 256.30624 256.29453 256.43042],[8.1571865 8.191467  8.192675  8.193974 ],[0.41098365 0.36528683 0.36658117 0.36779034],[8.213686 8.214922 8.216152 8.217375],[0.3532045  0.35431996 0.35555035 0.35689348]
DFTGRID,A,3e-07,10,False,False,TDD,packagedrop,0.05,[2.937811  3.1357584 3.0528467 3.0882227],[2.4684057 2.9383357 2.7220197 2.8114364],[578.15063 596.5387  597.4663  604.5263 ],[303.15897 304.48987 307.8218  317.61737],[7.0889583 7.082537  7.084051  7.0800233],[1.0387226 1.1150728 1.2006541 1.2719127],[8.171758 8.174995 8.178912 8.183869],[0.61714447 0.66222084 0.70273554 0.7370155 ]
DFTGRID,A,3e-07,30,False,False,TDD,packagedrop,0.05,[3.3364723 3.5607986 3.7538433 3.8306537],[3.4909744 4.0937696 4.4977264 4.6078057],[601.20917 602.1048  627.8942  637.26013],[342.28958 341.8267  356.1348  371.21555],[6.8298855 6.8728943 6.9239564 6.930204 ],[1.3679749 1.410418  1.4796643 1.5234133],[8.039328 8.043646 8.03752  8.038265],[0.90889144 0.95316577 1.0154774  1.0509552 ]
DFTGRID,C,3e-08,1,False,False,TDD,packagedrop,0.05,[1.1450912 1.1366428 1.1313059 1.1401124],[0.8454163  0.8370189  0.82903624 0.8535468 ],[262.39218 261.46802 261.0211  262.72137],[201.28125 202.64616 202.45496 204.56325],[8.206546 8.212571 8.212884 8.213407],[0.1852819  0.18155247 0.18352003 0.18540213],[8.320241 8.321053 8.321876 8.322711],[0.13149643 0.13392696 0.13672414 0.13986434]
DFTGRID,C,3e-08,10,False,False,TDD,packagedrop,0.05,[4.8020816 5.5116596 5.2187614 4.889538 ],[4.9013205 6.323372  5.4788237 4.5904875],[617.42444 639.3559  640.83496 652.5234 ],[280.3255  278.42117 279.05185 285.46774],[6.6406317 6.688571  6.6975727 6.711642 ],[1.2718332 1.2544501 1.2761512 1.3284231],[8.214155 8.200949 8.206897 8.228696],[0.43586653 0.4754516  0.5107417  0.5324073 ]
DFTGRID,C,3e-08,30,False,False,TDD,packagedrop,0.05,[4.1741447 3.9773648 4.286613  4.7176085],[3.8927636 3.3018389 4.0637674 5.363364 ],[595.30493 591.81146 603.6751  576.51263],[315.81665 322.1247  319.5419  279.34238],[6.0727773 6.1455355 6.087132  6.160061 ],[1.946081  1.781483  1.8211021 1.5877782],[8.26459   8.2423935 8.200481  8.146261 ],[0.59722245 0.63432664 0.6843038  0.7340101 ]
DFTGRID,C,1e-07,1,False,False,TDD,packagedrop,0.05,[0.8173067  0.8013813  0.8064248  0.80010206],[0.6801574  0.68399143 0.6936643  0.68336505],[227.30383 222.30902 223.4029  221.46564],[212.82912 214.06287 216.71432 213.1762 ],[8.130863 8.188919 8.18726  8.187029],[0.38433814 0.23697615 0.2405714  0.24138395],[8.287666 8.286728 8.285783 8.28482 ],[0.20094852 0.20314625 0.20554832 0.20814276]
DFTGRID,C,1e-07,10,False,False,TDD,packagedrop,0.05,[2.9594204 2.9765832 2.9895008 3.005513 ],[2.1047137 2.0779939 2.08751   2.0263796],[620.413  625.7993 622.21   620.9516],[291.08218 293.32977 300.9543  303.86447],[6.7218056 6.7275558 6.7337213 6.7177978],[1.1472845 1.1471537 1.1675096 1.2067312],[8.228059 8.225113 8.221142 8.218307],[0.40632427 0.44373655 0.47436568 0.49637362]
DFTGRID,C,1e-07,30,False,False,TDD,packagedrop,0.05,[3.134536  3.2045746 3.2528307 3.1629846],[2.1704714 1.9786979 2.151983  2.0157964],[602.07916 604.8393  593.0874  605.1155 ],[269.8366  246.84634 233.58652 240.0289 ],[5.785832  5.8440876 5.7670918 5.735764 ],[1.4505509 1.3312842 1.4007188 1.499407 ],[8.210542 8.202721 8.192679 8.180748],[0.55921763 0.55600965 0.58218396 0.64674735]
DFTGRID,C,3e-07,1,False,False,TDD,packagedrop,0.05,[0.77920073 0.7481012  0.7464245  0.74712515],[0.6475087  0.65469426 0.65336293 0.6531494 ],[235.50758 226.0694  225.55608 225.98166],[197.245   199.21222 198.73177 198.8009 ],[8.069043 8.198324 8.198415 8.198784],[0.6085889  0.17561091 0.1775094  0.17722322],[8.309222 8.309395 8.309544 8.309666],[0.12782556 0.12907478 0.13059251 0.13237096]
DFTGRID,C,3e-07,10,False,False,TDD,packagedrop,0.05,[2.1841407 2.2368257 2.2647872 2.255288 ],[1.3083212 1.3356105 1.2790416 1.2654482],[569.44257 576.1609  586.71606 580.17316],[274.52933 273.66174 270.6143  263.14404],[6.5866203 6.5624146 6.5305233 6.4923334],[1.1769738 1.212924  1.2591876 1.3059813],[8.250104 8.243473 8.238304 8.233626],[0.3385536  0.3719638  0.4030903  0.43264043]
DFTGRID,C,3e-07,30,False,False,TDD,packagedrop,0.05,[2.632769  2.7097197 2.7515779 2.7894232],[1.4755664 1.4991795 1.5639874 1.5875672],[634.701   651.3539  659.87384 666.0593 ],[285.21695 266.89285 274.23315 270.03354],[5.8603187 5.7825537 5.879106  5.968931 ],[1.283905  1.3625575 1.364193  1.3216636],[8.243394  8.2595005 8.280929  8.2970915],[0.52751476 0.5657697  0.5995796  0.62896645]
DFTGRID,D,3e-08,1,False,False,TDD,packagedrop,0.05,[0.78425866 0.7822611  0.78415716 0.7875461 ],[0.8105263 0.8220074 0.8271528 0.8322936],[234.54532 234.35483 235.24046 236.18124],[242.13026 245.70583 247.95816 249.16443],[8.291652 8.304891 8.309464 8.309349],[0.18510841 0.16483943 0.16996069 0.17038107],[8.314399 8.314319 8.314234 8.314145],[0.16895768 0.16928382 0.16965662 0.1700759 ]
DFTGRID,D,3e-08,10,False,False,TDD,packagedrop,0.05,[1.9904258 2.014405  2.0486655 2.0302355],[1.4874501 1.5271802 1.5318316 1.524013 ],[590.36066 597.1039  607.7035  603.81525],[436.28497 447.29343 448.19937 447.0486 ],[8.205778 8.230257 8.241278 8.24425 ],[0.25300628 0.2506595  0.25035837 0.25880474],[8.316226 8.317209 8.319232 8.322231],[0.22064124 0.22971562 0.23861213 0.24789661]
DFTGRID,D,3e-08,30,False,False,TDD,packagedrop,0.05,[2.1540353 2.2129955 2.267943  2.2730165],[1.4708542 1.4736934 1.5103146 1.4608803],[602.82263 612.21954 628.4002  624.41644],[385.6859  383.12268 403.05637 385.4441 ],[8.17855   8.1784725 8.166689  8.156533 ],[0.3333775  0.34579217 0.366145   0.39520234],[8.279626 8.265633 8.254635 8.245803],[0.3149234 0.3314061 0.3475316 0.3749198]
DFTGRID,D,1e-07,1,False,False,TDD,packagedrop,0.05,[0.8331472  0.845377   0.84569955 0.8406746 ],[0.7636397  0.77804387 0.78126734 0.7732742 ],[251.34157 255.02582 255.15225 253.68477],[232.51129 236.56499 237.5023  235.19672],[8.279251 8.303122 8.303305 8.303473],[0.12281396 0.04730286 0.04857511 0.04998794],[8.30858  8.308747 8.308916 8.309081],[0.04570844 0.04691121 0.04821619 0.04961301]
DFTGRID,D,1e-07,10,False,False,TDD,packagedrop,0.05,[2.2153335 2.2341516 2.3138633 2.249406 ],[1.3956019 1.443653  1.3904026 1.4048389],[651.3225 656.2314 681.2191 661.6543],[398.14893 412.75546 398.6122  404.108  ],[8.211545 8.221141 8.221881 8.223315],[0.1612031  0.16688642 0.183552   0.19951119],[8.3021965 8.302738  8.303449  8.304353 ],[0.14413548 0.16243483 0.18018849 0.19722271]
DFTGRID,D,1e-07,30,False,False,TDD,packagedrop,0.05,[2.0772789 2.0807095 2.0931747 2.070178 ],[1.3524187 1.3484445 1.3440394 1.3496859],[617.5444  625.36255 628.7154  621.12756],[404.87436 411.64044 409.23566 412.75256],[8.202183 8.218866 8.222624 8.223428],[0.29186746 0.3182793  0.3386873  0.3579266 ],[8.307436 8.310596 8.312113 8.31137 ],[0.289312   0.3160269  0.33770055 0.35521182]
DFTGRID,D,3e-07,1,False,False,TDD,packagedrop,0.05,[0.7129955  0.73914087 0.7440181  0.7409249 ],[0.72033095 0.7667127  0.7769291  0.77723366],[213.64459 221.55269 223.0177  222.10832],[215.97095 230.04086 233.14243 233.28937],[8.286387 8.299991 8.300021 8.300053],[0.08070558 0.02430485 0.02595005 0.02761935],[8.304569 8.304597 8.304624 8.304643],[0.02125923 0.02278941 0.02444138 0.0261921 ]
DFTGRID,D,3e-07,10,False,False,TDD,packagedrop,0.05,[2.018337  2.0133986 2.0345647 2.0594225],[1.3959782 1.4194744 1.4090847 1.4291465],[596.11206 593.45557 600.24243 606.39233],[404.39355 408.66315 406.22824 409.09406],[8.203722 8.206355 8.208944 8.209175],[0.15952717 0.1681183  0.17843245 0.19561985],[8.291801 8.291452 8.291421 8.291797],[0.13622418 0.15536551 0.174471   0.19344515]
DFTGRID,D,3e-07,30,False,False,TDD,packagedrop,0.05,[1.8603354 1.8700707 1.9067428 1.8504012],[1.5239848 1.5744412 1.6084317 1.5717806],[545.9775  542.9805  549.6206  531.02124],[421.7195  432.0998  438.10132 428.2009 ],[8.208813 8.215017 8.203897 8.193009],[0.26217538 0.29286927 0.32360822 0.3484043 ],[8.314291 8.305841 8.296564 8.287483],[0.25759727 0.2863416  0.3163736  0.34177947]
DFTGRID,A,3e-08,1,False,False,TDD,packagedrop,0.04,[0.85306937 0.89287454 0.89752924 0.8921925 ],[0.73302674 0.7889573  0.7963247  0.7925993 ],[252.43561 262.67877 264.28592 262.7933 ],[235.7954  248.24225 250.65031 249.01434],[8.296418 8.311777 8.310403 8.309332],[0.21468112 0.19954455 0.20473394 0.20989305],[8.330993 8.329848 8.328677 8.327477],[0.19007078 0.19461934 0.1995183  0.20473996]
DFTGRID,A,3e-08,10,False,False,TDD,packagedrop,0.04,[5.5085893 5.748369  5.5340633 4.4996157],[8.910179 8.789041 9.437335 5.260144],[576.8277  593.38403 591.3452  590.53674],[310.68997 306.95132 305.85056 292.47354],[7.1958647 7.178732  7.1674523 7.1587467],[1.2606775 1.2519503 1.2659918 1.3076972],[8.202798 8.202786 8.20477  8.210615],[0.5486621  0.6039589  0.6533752  0.69756144]
DFTGRID,A,3e-08,30,False,False,TDD,packagedrop,0.04,[12.289129   9.716707   7.7841434  7.2903633],[43.007538 26.781647 14.857586 10.372836],[581.74194 566.402   603.1372  622.87994],[360.32584 350.0463  381.68332 398.48517],[6.883591  6.898131  6.9175878 6.913006 ],[1.4100057 1.3370936 1.3434935 1.4517384],[7.93059   7.937528  7.9386687 7.9467754],[0.9408091 0.9712996 1.0151565 1.0446167]
DFTGRID,A,1e-07,1,False,False,TDD,packagedrop,0.04,[0.7320186  0.73784494 0.73692054 0.74006075],[0.7667633 0.7838871 0.782385  0.791861 ],[201.99875 202.13329 202.0344  203.1194 ],[237.87965 239.5423  238.64719 241.68564],[8.227444 8.237462 8.238418 8.2393  ],[0.5248121 0.5197341 0.5202607 0.5209683],[8.262489 8.263346 8.264196 8.265036],[0.51461935 0.5150343  0.51560664 0.5163352 ]
DFTGRID,A,1e-07,10,False,False,TDD,packagedrop,0.04,[4.221831  4.396148  4.4493284 4.097199 ],[4.4101048 5.0590086 5.687601  4.4898524],[619.2403  631.22833 634.30054 621.36115],[355.10913 356.20264 352.28833 345.15927],[7.1507664 7.103428  7.106656  7.107417 ],[1.2995343 1.405124  1.4158167 1.4284648],[8.144522 8.146372 8.146507 8.145758],[0.6222944 0.6648694 0.709678  0.7541991]
DFTGRID,A,1e-07,30,False,False,TDD,packagedrop,0.04,[8.892566  6.7416825 9.22368   6.9389124],[40.782154 14.958547 35.855644 18.070759],[656.5096  628.42554 596.7749  574.3127 ],[407.14865 365.16168 333.70526 325.60056],[6.7373796 6.755774  6.7702785 6.6905727],[1.6376302 1.6543972 1.6121614 1.5934527],[8.072836  8.0405245 7.987643  7.931782 ],[0.9680374 1.0242087 1.0625325 1.0865595]
DFTGRID,A,3e-07,1,False,False,TDD,packagedrop,0.04,[0.8163926 0.834085  0.8329394 0.835077 ],[0.7338385 0.7664604 0.7635744 0.763739 ],[250.4704  256.15958 255.85493 256.48456],[248.79248 259.48297 258.19595 257.4577 ],[8.158021 8.191517 8.192747 8.193932],[0.40761036 0.3652741  0.3664875  0.36780727],[8.213686 8.214922 8.216152 8.217375],[0.3532045  0.35431996 0.35555035 0.35689348]
DFTGRID,A,3e-07,10,False,False,TDD,packagedrop,0.04,[3.0142012 3.13716   3.0782506 3.097088 ],[2.5058646 2.949826  2.7140162 2.805763 ],[585.59753 596.6529  604.48914 607.10974],[305.92126 306.0787  308.55618 316.56036],[7.058794 7.077574 7.086768 7.073927],[1.0423406 1.1157504 1.1860735 1.2728256],[8.171758 8.174995 8.178912 8.183869],[0.61714447 0.66222084 0.70273554 0.7370155 ]
DFTGRID,A,3e-07,30,False,False,TDD,packagedrop,0.04,[3.4589255 3.538828  3.7860117 3.8093073],[3.6800194 4.0970984 4.5539784 4.5992236],[594.65857 600.7084  624.91156 632.1645 ],[337.83096 338.0058  358.9857  377.2347 ],[6.8355675 6.8840594 6.915879  6.928812 ],[1.3754904 1.3943752 1.4791702 1.5252614],[8.039328 8.043646 8.03752  8.038265],[0.90889144 0.95316577 1.0154774  1.0509552 ]
DFTGRID,C,3e-08,1,False,False,TDD,packagedrop,0.04,[1.1222024 1.1353335 1.1318216 1.1318969],[0.84634817 0.83664924 0.8345931  0.84177893],[255.58118 261.31027 261.2514  261.0745 ],[198.838   202.46532 203.70073 202.29095],[8.169644 8.205299 8.213237 8.214104],[0.27519637 0.19455244 0.18389422 0.18567744],[8.320241 8.321053 8.321876 8.322711],[0.13149643 0.13392696 0.13672414 0.13986434]
DFTGRID,C,3e-08,10,False,False,TDD,packagedrop,0.04,[4.815437  5.5254903 5.227977  4.88038  ],[4.9578557 6.323514  5.3553476 4.5998554],[617.8516  640.0528  646.9319  650.76056],[288.2943  280.3693  280.0124  289.65054],[6.661177  6.6759477 6.690987  6.710896 ],[1.2574275 1.261396  1.2756892 1.3282206],[8.214155 8.200949 8.206897 8.228696],[0.43586653 0.4754516  0.5107417  0.5324073 ]
DFTGRID,C,3e-08,30,False,False,TDD,packagedrop,0.04,[4.0583315 4.003274  4.2751646 4.6900845],[3.900838  3.3008287 4.0418024 5.3492713],[587.5718  599.92914 605.1697  581.1459 ],[317.2362  324.3354  319.68997 291.28525],[6.0707335 6.159668  6.0347395 6.190813 ],[1.9478104 1.7648016 1.873834  1.5643837],[8.26459   8.2423935 8.200481  8.146261 ],[0.59722245 0.63432664 0.6843038  0.7340101 ]
DFTGRID,C,1e-07,1,False,False,TDD,packagedrop,0.04,[0.79678977 0.8059795  0.8018156  0.7988958 ],[0.6650811  0.6924186  0.6837836  0.68179446],[221.87369 223.62311 222.12708 221.06981],[210.15225 217.1671  213.74316 212.70518],[8.141004 8.188282 8.188091 8.187396],[0.38197103 0.2371035  0.23899464 0.24096392],[8.287666 8.286728 8.285783 8.28482 ],[0.20094852 0.20314625 0.20554832 0.20814276]
DFTGRID,C,1e-07,10,False,False,TDD,packagedrop,0.04,[2.9158163 3.005915  3.0022626 3.015089 ],[2.0856164 2.1135361 2.0286303 2.0247102],[619.7894  628.69635 627.9277  624.553  ],[295.58804 289.44934 292.48883 304.57242],[6.702902  6.7370367 6.719827  6.7194023],[1.1372709 1.14681   1.1680838 1.2178769],[8.228059 8.225113 8.221142 8.218307],[0.40632427 0.44373655 0.47436568 0.49637362]
DFTGRID,C,1e-07,30,False,False,TDD,packagedrop,0.04,[3.1607597 3.1990807 3.2785406 3.179877 ],[2.154893  1.9746579 2.1124735 1.995982 ],[607.00476 600.2283  607.1441  608.43964],[267.52222 229.39586 236.32672 236.94475],[5.7936416 5.767458  5.7764506 5.765745 ],[1.4679991 1.3688725 1.3747861 1.4783528],[8.210542 8.202721 8.192679 8.180748],[0.55921763 0.55600965 0.58218396 0.64674735]
DFTGRID,C,3e-07,1,False,False,TDD,packagedrop,0.04,[0.7605288  0.74761695 0.7489523  0.75097245],[0.6502881  0.6541519  0.65447766 0.6577603 ],[229.54367 225.93466 226.25816 227.07988],[197.42455 199.18704 199.01111 200.1086 ],[8.162769 8.197923 8.198126 8.198504],[0.32841367 0.17649893 0.17709386 0.17763633],[8.309222 8.309395 8.309544 8.309666],[0.12782556 0.12907478 0.13059251 0.13237096]
DFTGRID,C,3e-07,10,False,False,TDD,packagedrop,0.04,[2.1887538 2.2582362 2.2765257 2.290078 ],[1.3190218 1.314615  1.280756  1.2500582],[572.6699  581.974   588.69196 592.00323],[279.5314  270.49234 265.7888  261.67685],[6.606454  6.5648284 6.528491  6.5056996],[1.1311665 1.213881  1.2567463 1.2956657],[8.250104 8.243473 8.238304 8.233626],[0.3385536  0.3719638  0.4030903  0.43264043]
DFTGRID,C,3e-07,30,False,False,TDD,packagedrop,0.04,[2.7513502 2.7679365 2.7283595 2.818708 ],[1.4502902 1.4989815 1.5404025 1.7196833],[651.8729  663.64014 656.8679  670.7021 ],[260.34875 267.93787 276.42297 269.0288 ],[5.828107  5.816521  5.8740993 6.0001664],[1.2589786 1.3621858 1.3579919 1.3096147],[8.243394  8.2595005 8.280929  8.2970915],[0.52751476 0.5657697  0.5995796  0.62896645]
DFTGRID,D,3e-08,1,False,False,TDD,packagedrop,0.04,[0.7820331 0.7829599 0.7838398 0.7829878],[0.82340133 0.82281005 0.8243311  0.82325274],[234.70726 235.0088  235.25203 234.96106],[247.17447 246.98602 247.53802 247.13199],[8.309665 8.309517 8.309482 8.309373],[0.16925424 0.16953294 0.16994607 0.17036997],[8.314399 8.314319 8.314234 8.314145],[0.16895768 0.16928382 0.16965662 0.1700759 ]
DFTGRID,D,3e-08,10,False,False,TDD,packagedrop,0.04,[1.9851861 2.0888097 2.0770872 2.042061 ],[1.5049626 1.5324293 1.5317534 1.5102494],[588.65607 617.13995 615.03784 608.4538 ],[442.2088  445.87985 447.0199  445.3298 ],[8.221981 8.23879  8.241169 8.244312],[0.25246438 0.24246453 0.25010344 0.25878432],[8.316226 8.317209 8.319232 8.322231],[0.22064124 0.22971562 0.23861213 0.24789661]
DFTGRID,D,3e-08,30,False,False,TDD,packagedrop,0.04,[2.18217   2.2233799 2.2425005 2.2309175],[1.4814276 1.4957489 1.4763777 1.4737613],[611.367   615.5318  616.28925 612.3232 ],[388.3686  394.12988 386.814   390.26672],[8.185507 8.178924 8.16694  8.156956],[0.33674926 0.34593412 0.36607492 0.3954024 ],[8.279626 8.265633 8.254635 8.245803],[0.3149234 0.3314061 0.3475316 0.3749198]
DFTGRID,D,1e-07,1,False,False,TDD,packagedrop,0.04,[0.8654728 0.8427584 0.8428211 0.8416391],[0.7321782 0.7740874 0.7720049 0.7738598],[260.5674  254.25664 254.29597 253.97191],[221.09137 235.45209 234.84807 235.38399],[8.262305  8.3031435 8.3032675 8.303483 ],[0.13041313 0.04728152 0.04861074 0.04998034],[8.30858  8.308747 8.308916 8.309081],[0.04570844 0.04691121 0.04821619 0.04961301]
DFTGRID,D,1e-07,10,False,False,TDD,packagedrop,0.04,[2.2025018 2.2850313 2.2618062 2.2764907],[1.3987597 1.4094481 1.4180522 1.4141523],[647.89   671.4467 663.6094 669.0965],[399.97888 401.84668 403.43283 404.696  ],[8.207478 8.22101  8.222129 8.223342],[0.15971406 0.16667917 0.18353981 0.19978516],[8.3021965 8.302738  8.303449  8.304353 ],[0.14413548 0.16243483 0.18018849 0.19722271]
DFTGRID,D,1e-07,30,False,False,TDD,packagedrop,0.04,[2.0759327 2.092257  2.1175842 2.1276922],[1.3540308 1.3547634 1.3269475 1.3515323],[619.2207  626.4148  638.26685 636.48865],[406.34714 410.38818 408.6937  408.9342 ],[8.194932 8.218347 8.22255  8.222873],[0.28623658 0.3180591  0.33899713 0.35843822],[8.307436 8.310596 8.312113 8.31137 ],[0.289312   0.3160269  0.33770055 0.35521182]
DFTGRID,D,3e-07,1,False,False,TDD,packagedrop,0.04,[0.7441624  0.735554   0.73528725 0.7333121 ],[0.7404909  0.7642316  0.7617218  0.76030433],[223.02176 220.44977 220.38824 219.79367],[222.10626 229.17654 228.47226 228.02702],[8.278351 8.300026 8.300031 8.300043],[0.09987604 0.02432537 0.0259216  0.02763405],[8.304569 8.304597 8.304624 8.304643],[0.02125923 0.02278941 0.02444138 0.0261921 ]
DFTGRID,D,3e-07,10,False,False,TDD,packagedrop,0.04,[2.0588653 2.047945  2.0300913 2.0591326],[1.3876802 1.4037832 1.4119014 1.422353 ],[608.65765 603.72485 598.9589  606.61975],[401.94382 404.9828  406.43466 407.11246],[8.197745 8.208807 8.208928 8.209309],[0.15031938 0.16296601 0.17880572 0.19562201],[8.291801 8.291452 8.291421 8.291797],[0.13622418 0.15536551 0.174471   0.19344515]
DFTGRID,D,3e-07,30,False,False,TDD,packagedrop,0.04,[1.7745022 1.8866884 1.9110621 1.8401188],[1.5085677 1.575995  1.6099735 1.5802212],[520.4496  548.07153 548.1756  528.1445 ],[419.70596 431.87595 433.69495 431.23657],[8.2077875 8.215102  8.203195  8.193265 ],[0.27615407 0.2927591  0.3229996  0.3483417 ],[8.314291 8.305841 8.296564 8.287483],[0.25759727 0.2863416  0.3163736  0.34177947]
DFTGRID,A,3e-08,1,False,False,TDD,packagedrop,0.03,[0.87508756 0.8921054  0.89193916 0.89085853],[0.7665586  0.78778946 0.79256743 0.7879369 ],[258.28427 262.33655 262.59518 262.38403],[245.04555 247.76833 249.0285  247.7286 ],[8.287995 8.311778 8.310565 8.309288],[0.25473627 0.19957204 0.20455076 0.20995955],[8.330993 8.329848 8.328677 8.327477],[0.19007078 0.19461934 0.1995183  0.20473996]
DFTGRID,A,3e-08,10,False,False,TDD,packagedrop,0.03,[4.9436626 5.769119  5.546016  4.498986 ],[6.617991  8.791661  9.430103  5.2971687],[585.6167  597.15454 597.6091  587.78033],[322.01227 310.7718  301.38498 299.7123 ],[7.230646  7.179326  7.1658874 7.1508546],[1.2449614 1.2523189 1.2649027 1.3190258],[8.202798 8.202786 8.20477  8.210615],[0.5486621  0.6039589  0.6533752  0.69756144]
DFTGRID,A,3e-08,30,False,False,TDD,packagedrop,0.03,[12.534787  9.864347  7.793878  7.163907],[42.96776  26.735712 14.898054 10.09586 ],[595.0732  594.8705  600.0114  595.85455],[363.01474 356.74268 367.35413 382.71124],[6.8687816 6.892413  6.9173083 6.922743 ],[1.3984379 1.324957  1.3353528 1.4504147],[7.93059   7.937528  7.9386687 7.9467754],[0.9408091 0.9712996 1.0151565 1.0446167]
DFTGRID,A,1e-07,1,False,False,TDD,packagedrop,0.03,[0.7103454 0.7354004 0.7354341 0.7373461],[0.7584013  0.78289855 0.78219527 0.7871108 ],[190.56221 201.32138 201.47047 202.48026],[218.15318 238.6767  238.49158 241.97192],[8.211615 8.237597 8.238377 8.239317],[0.5242944  0.51961446 0.5203542  0.52093303],[8.262489 8.263346 8.264196 8.265036],[0.51461935 0.5150343  0.51560664 0.5163352 ]
DFTGRID,A,1e-07,10,False,False,TDD,packagedrop,0.03,[4.237     4.38481   4.4807916 4.1263704],[4.4133563 5.0271993 5.8858256 4.4888487],[623.67285 631.2481  632.3039  630.10736],[359.96747 352.56726 349.65884 347.53223],[7.1003203 7.100672  7.104387  7.1054535],[1.3773768 1.4067336 1.427074  1.4279562],[8.144522 8.146372 8.146507 8.145758],[0.6222944 0.6648694 0.709678  0.7541991]
DFTGRID,A,1e-07,30,False,False,TDD,packagedrop,0.03,[8.863225  6.7015796 9.312597  6.879946 ],[40.787186 14.930163 35.860386 18.06655 ],[650.2586  620.0943  599.53357 569.4245 ],[410.62704 366.80652 331.9768  323.07553],[6.7488832 6.762199  6.7386208 6.6484947],[1.6468215 1.6536006 1.6015123 1.6138341],[8.072836  8.0405245 7.987643  7.931782 ],[0.9680374 1.0242087 1.0625325 1.0865595]
DFTGRID,A,3e-07,1,False,False,TDD,packagedrop,0.03,[0.80764216 0.83222127 0.8327506  0.83171684],[0.7210859  0.7642819  0.76341087 0.76152194],[248.89325 255.3363  255.83759 255.59882],[249.11133 257.86874 258.56232 257.19916],[8.166191 8.191537 8.192777 8.193813],[0.40924603 0.36527786 0.3664807  0.3678487 ],[8.213686 8.214922 8.216152 8.217375],[0.3532045  0.35431996 0.35555035 0.35689348]
DFTGRID,A,3e-07,10,False,False,TDD,packagedrop,0.03,[2.979706  3.1214728 3.0466    3.0745962],[2.5147648 2.9475024 2.701231  2.8144069],[581.17505 593.31934 598.77527 603.33765],[310.71222 308.79507 309.4932  319.6249 ],[7.0936785 7.0814986 7.082877  7.0759096],[1.0392162 1.1123632 1.1906983 1.2761796],[8.171758 8.174995 8.178912 8.183869],[0.61714447 0.66222084 0.70273554 0.7370155 ]
DFTGRID,A,3e-07,30,False,False,TDD,packagedrop,0.03,[3.4758866 3.5775626 3.760604  3.822894 ],[3.671557  4.0877976 4.539344  4.586832 ],[601.83936 612.82837 612.6802  637.54596],[342.17935 337.62946 338.02017 367.14548],[6.8164496 6.8795595 6.9135656 6.930701 ],[1.3752776 1.3938658 1.4690938 1.5238545],[8.039328 8.043646 8.03752  8.038265],[0.90889144 0.95316577 1.0154774  1.0509552 ]
DFTGRID,C,3e-08,1,False,False,TDD,packagedrop,0.03,[1.1413974 1.1342586 1.1298534 1.1329266],[0.8310058 0.8362514 0.8262064 0.8456878],[261.13766 260.8126  260.96103 261.4956 ],[193.60951 202.1858  202.41896 203.63994],[8.107022  8.2125435 8.21321   8.214319 ],[0.5311648  0.18114503 0.18411064 0.18538572],[8.320241 8.321053 8.321876 8.322711],[0.13149643 0.13392696 0.13672414 0.13986434]
DFTGRID,C,3e-08,10,False,False,TDD,packagedrop,0.03,[4.812456  5.517594  5.2402368 4.8817544],[4.749842  6.323688  5.4760103 4.5947804],[638.9361 638.519  644.9687 651.3198],[289.9066  280.13507 280.2877  284.17746],[6.6538963 6.6764708 6.6999407 6.713045 ],[1.3020233 1.2610371 1.2807174 1.3288317],[8.214155 8.200949 8.206897 8.228696],[0.43586653 0.4754516  0.5107417  0.5324073 ]
DFTGRID,C,3e-08,30,False,False,TDD,packagedrop,0.03,[4.200838  3.9985352 4.2285175 4.7233653],[3.8747408 3.2961218 4.0369396 5.3407516],[599.5249  597.77673 600.95807 588.16925],[315.64655 320.04846 313.10422 290.1743 ],[6.0673356 6.1147265 6.0808845 6.163183 ],[1.9465778 1.7763727 1.8288208 1.5679696],[8.26459   8.2423935 8.200481  8.146261 ],[0.59722245 0.63432664 0.6843038  0.7340101 ]
DFTGRID,C,1e-07,1,False,False,TDD,packagedrop,0.03,[0.8261766 0.7999554 0.8018133 0.7987586],[0.6722408  0.68475586 0.6857654  0.6819981 ],[230.94861 222.09833 222.00383 221.07863],[211.48949 215.00816 213.876   212.76646],[8.065304 8.189295 8.1878   8.18712 ],[0.621563   0.23684236 0.23969719 0.24141087],[8.287666 8.286728 8.285783 8.28482 ],[0.20094852 0.20314625 0.20554832 0.20814276]
DFTGRID,C,1e-07,10,False,False,TDD,packagedrop,0.03,[2.952784  3.0137239 3.0055006 3.0143695],[2.1057773 2.0705721 2.0360222 2.025309 ],[618.61505 634.96423 627.6599  622.7424 ],[287.52686 288.69672 299.3224  302.04086],[6.7279263 6.736977  6.730615  6.7230883],[1.1344892 1.1518419 1.1567003 1.2029943],[8.228059 8.225113 8.221142 8.218307],[0.40632427 0.44373655 0.47436568 0.49637362]
DFTGRID,C,1e-07,30,False,False,TDD,packagedrop,0.03,[3.0848637 3.2250814 3.303429  3.1778092],[2.1320136 1.9751645 2.1407754 1.9954656],[592.9035 604.4024 603.2905 612.2991],[253.55264 242.01881 233.02785 236.66779],[5.8343177 5.7610793 5.765556  5.6996517],[1.46077   1.3715357 1.3735058 1.5298573],[8.210542 8.202721 8.192679 8.180748],[0.55921763 0.55600965 0.58218396 0.64674735]
DFTGRID,C,3e-07,1,False,False,TDD,packagedrop,0.03,[0.75886655 0.74679995 0.7478248  0.7531062 ],[0.6458156 0.6529478 0.6545165 0.6673035],[228.86969 225.54181 226.07877 227.88095],[195.97833 198.514   199.23268 203.61662],[8.138691 8.197996 8.198608 8.198797],[0.41743445 0.17691417 0.17609301 0.17688313],[8.309222 8.309395 8.309544 8.309666],[0.12782556 0.12907478 0.13059251 0.13237096]
DFTGRID,C,3e-07,10,False,False,TDD,packagedrop,0.03,[2.2060957 2.2787333 2.257712  2.2796066],[1.3437518 1.2936975 1.2721727 1.2550546],[571.5267  589.4642  584.26196 589.24243],[277.02118 268.0388  267.50552 264.2177 ],[6.557671  6.57632   6.5271645 6.5006166],[1.2207584 1.204027  1.2584356 1.3046724],[8.250104 8.243473 8.238304 8.233626],[0.3385536  0.3719638  0.4030903  0.43264043]
DFTGRID,C,3e-07,30,False,False,TDD,packagedrop,0.03,[2.7985163 2.7502723 2.7970283 2.7761085],[1.4412267 1.4701153 1.580298  1.5727125],[667.49634 661.66125 672.62085 667.20013],[267.705  267.2253 275.1293 276.5968],[5.8234577 5.8103333 5.884571  5.983984 ],[1.2528275 1.3274246 1.370025  1.3296431],[8.243394  8.2595005 8.280929  8.2970915],[0.52751476 0.5657697  0.5995796  0.62896645]
DFTGRID,D,3e-08,1,False,False,TDD,packagedrop,0.03,[0.78259873 0.78321296 0.7841022  0.7831694 ],[0.8148059  0.82310134 0.82659936 0.8231281 ],[234.24391 235.06194 235.30704 234.97284],[244.26018 247.08313 248.15904 247.07327],[8.3010025 8.30955   8.309472  8.309376 ],[0.18429321 0.16956462 0.16995136 0.17037524],[8.314399 8.314319 8.314234 8.314145],[0.16895768 0.16928382 0.16965662 0.1700759 ]
DFTGRID,D,3e-08,10,False,False,TDD,packagedrop,0.03,[2.059412  2.0566473 2.0666804 2.051689 ],[1.5455391 1.5323098 1.5320061 1.5255984],[607.78033 608.3001  612.46375 611.12787],[449.37704 447.46796 447.8749  448.26712],[8.233419 8.238583 8.241184 8.24441 ],[0.2422966  0.24260317 0.25027418 0.25868303],[8.316226 8.317209 8.319232 8.322231],[0.22064124 0.22971562 0.23861213 0.24789661]
DFTGRID,D,3e-08,30,False,False,TDD,packagedrop,0.03,[2.0773852 2.2131197 2.287087  2.305366 ],[1.4105395 1.4855205 1.482348  1.4150624],[588.47644 614.60986 629.15045 634.0468 ],[377.8107  389.72678 389.64038 385.68555],[8.168609 8.179553 8.167522 8.157276],[0.3477387  0.34657297 0.3656478  0.3936843 ],[8.279626 8.265633 8.254635 8.245803],[0.3149234 0.3314061 0.3475316 0.3749198]
DFTGRID,D,1e-07,1,False,False,TDD,packagedrop,0.03,[0.8472587 0.8393801 0.839484  0.8438112],[0.76885015 0.7728064  0.7726626  0.77529526],[255.54826 253.2447  253.29779 254.6186 ],[233.95345 235.10898 235.03383 235.75945],[8.298542 8.303154 8.303325 8.303412],[0.06699678 0.04728692 0.04859164 0.04998755],[8.30858  8.308747 8.308916 8.309081],[0.04570844 0.04691121 0.04821619 0.04961301]
DFTGRID,D,1e-07,10,False,False,TDD,packagedrop,0.03,[2.2768383 2.2567492 2.2823675 2.2828326],[1.41602   1.4194447 1.4158849 1.4063072],[669.4001  663.0276  670.183   670.14703],[404.4221  405.18033 404.41354 402.96475],[8.220405 8.221023 8.222112 8.223579],[0.14939086 0.16672185 0.1836162  0.19950162],[8.3021965 8.302738  8.303449  8.304353 ],[0.14413548 0.16243483 0.18018849 0.19722271]
DFTGRID,D,1e-07,30,False,False,TDD,packagedrop,0.03,[2.0752625 2.1055198 2.0531623 2.069335 ],[1.3522592 1.3585526 1.3485177 1.3318886],[617.724   631.42395 617.3448  620.3522 ],[406.35907 413.09525 413.3913  405.46063],[8.202978 8.218597 8.222181 8.224037],[0.29593584 0.31812114 0.33898354 0.3570424 ],[8.307436 8.310596 8.312113 8.31137 ],[0.289312   0.3160269  0.33770055 0.35521182]
DFTGRID,D,3e-07,1,False,False,TDD,packagedrop,0.03,[0.7181728 0.7344549 0.7373213 0.733255 ],[0.73771846 0.7613976  0.76692265 0.7603791 ],[215.2183  220.12738 221.00148 219.7774 ],[221.2083  228.36852 230.05864 228.04889],[8.29166  8.300036 8.300054 8.300074],[0.06395432 0.02431134 0.02591742 0.02763043],[8.304569 8.304597 8.304624 8.304643],[0.02125923 0.02278941 0.02444138 0.0261921 ]
DFTGRID,D,3e-07,10,False,False,TDD,packagedrop,0.03,[1.989061  2.0399015 2.0443242 2.0397768],[1.3896236 1.4136468 1.4147575 1.4290665],[587.8645  601.5651  602.85474 601.0275 ],[403.34848 408.05716 407.26974 408.98294],[8.195076 8.208455 8.208922 8.209285],[0.16234696 0.16321647 0.17870547 0.19562791],[8.291801 8.291452 8.291421 8.291797],[0.13622418 0.15536551 0.174471   0.19344515]
DFTGRID,D,3e-07,30,False,False,TDD,packagedrop,0.03,[1.8699056 1.8536018 1.88557   1.8850952],[1.5415431 1.5431912 1.6043792 1.5871711],[548.0276  540.343   540.51874 541.4725 ],[428.5742  426.38647 432.83038 430.11237],[8.217661  8.215082  8.2034645 8.192798 ],[0.26756623 0.29305592 0.32299623 0.34866318],[8.314291 8.305841 8.296564 8.287483],[0.25759727 0.2863416  0.3163736  0.34177947]
DFTGRID,A,3e-08,1,False,False,TDD,packagedrop,0.02,[0.89223635 0.8905986  0.8944595  0.88872916],[0.7886148  0.7885737  0.79373795 0.7889192 ],[261.97818 261.92566 263.44034 261.822  ],[247.98553 247.98022 249.66832 248.00925],[8.312979 8.311811 8.31048  8.309398],[0.19494241 0.19956361 0.20435113 0.20987257],[8.330993 8.329848 8.328677 8.327477],[0.19007078 0.19461934 0.1995183  0.20473996]
DFTGRID,A,3e-08,10,False,False,TDD,packagedrop,0.02,[5.852619  5.7370844 5.652803  4.525746 ],[ 9.210576  8.795755 10.112819  5.261318],[593.53125 589.05505 591.636   595.3637 ],[319.29263 306.02463 300.01053 297.31604],[7.185429  7.1770005 7.1668873 7.1547923],[1.2657831 1.251     1.265599  1.3227   ],[8.202798 8.202786 8.20477  8.210615],[0.5486621  0.6039589  0.6533752  0.69756144]
DFTGRID,A,3e-08,30,False,False,TDD,packagedrop,0.02,[12.406111   9.859189   7.7451873  7.09908  ],[42.981617 26.73959  14.913583  9.960494],[583.7276 593.9263 595.0087 600.5593],[363.0691  357.79956 371.10663 385.53403],[6.880559 6.894352 6.923587 6.92051 ],[1.4144716 1.3239726 1.3356767 1.4531332],[7.93059   7.937528  7.9386687 7.9467754],[0.9408091 0.9712996 1.0151565 1.0446167]
DFTGRID,A,1e-07,1,False,False,TDD,packagedrop,0.02,[0.75101036 0.7378802  0.7348077  0.73734045],[0.7822967  0.7881265  0.78253317 0.78825974],[206.91649 201.77972 201.31998 201.65358],[240.3347  239.08752 238.54466 238.62225],[8.231702  8.237542  8.238499  8.2393265],[0.51678216 0.5196794  0.52022374 0.52113825],[8.262489 8.263346 8.264196 8.265036],[0.51461935 0.5150343  0.51560664 0.5163352 ]
DFTGRID,A,1e-07,10,False,False,TDD,packagedrop,0.02,[4.296414  4.363197  4.3949933 4.109721 ],[4.3884034 5.0403333 5.7055182 4.490866 ],[634.1871  626.4334  623.24756 625.6125 ],[358.36044 356.73685 350.4663  349.93668],[7.120229  7.1003017 7.0968866 7.1099534],[1.381872  1.4075586 1.429929  1.4308419],[8.144522 8.146372 8.146507 8.145758],[0.6222944 0.6648694 0.709678  0.7541991]
DFTGRID,A,1e-07,30,False,False,TDD,packagedrop,0.02,[8.848455 6.743544 9.238899 6.916936],[40.789547  15.1326475 35.854576  18.075499 ],[644.3032  622.9182  594.5245  570.84064],[409.69968 364.454   333.51984 324.67242],[6.744948  6.7599015 6.7677217 6.663964 ],[1.6553371 1.6508783 1.5862609 1.5950677],[8.072836  8.0405245 7.987643  7.931782 ],[0.9680374 1.0242087 1.0625325 1.0865595]
DFTGRID,A,3e-07,1,False,False,TDD,packagedrop,0.02,[0.8468619 0.8300576 0.8289774 0.8309782],[0.74982566 0.7589078  0.75950384 0.75944215],[259.58148 254.81207 254.60289 255.3165 ],[253.83673 256.4276  256.487   256.45944],[8.17878  8.19156  8.192837 8.19391 ],[0.3701423  0.36521205 0.36646095 0.36794105],[8.213686 8.214922 8.216152 8.217375],[0.3532045  0.35431996 0.35555035 0.35689348]
DFTGRID,A,3e-07,10,False,False,TDD,packagedrop,0.02,[2.9954205 3.1122022 3.0579746 3.0823953],[2.4974232 2.9457538 2.7105346 2.813056 ],[591.98553 590.9737  599.465   603.17346],[308.93195 304.3229  310.71518 315.4128 ],[7.0645504 7.079357  7.0856514 7.077478 ],[1.1015109 1.1180757 1.1888839 1.2756876],[8.171758 8.174995 8.178912 8.183869],[0.61714447 0.66222084 0.70273554 0.7370155 ]
DFTGRID,A,3e-07,30,False,False,TDD,packagedrop,0.02,[3.468172  3.5881875 3.6903353 3.7967203],[3.6748154 4.1162105 4.550074  4.6027203],[600.21423 612.1652  598.1085  627.5736 ],[341.89313 341.27267 341.08127 371.02554],[6.8166947 6.8877325 6.9257874 6.930682 ],[1.3767761 1.3962263 1.4816877 1.5238447],[8.039328 8.043646 8.03752  8.038265],[0.90889144 0.95316577 1.0154774  1.0509552 ]
DFTGRID,C,3e-08,1,False,False,TDD,packagedrop,0.02,[1.1468685 1.1389718 1.1293578 1.1347102],[0.8432504  0.8464333  0.82617897 0.84939194],[263.08856 261.92664 260.80508 261.2287 ],[200.80536 204.96619 202.29666 202.55437],[8.174916 8.212663 8.213022 8.21388 ],[0.33272204 0.18143207 0.18457226 0.18649068],[8.320241 8.321053 8.321876 8.322711],[0.13149643 0.13392696 0.13672414 0.13986434]
DFTGRID,C,3e-08,10,False,False,TDD,packagedrop,0.02,[4.9356813 5.5158143 5.222626  4.8813667],[4.918965  6.327593  5.476571  4.5964313],[632.2333 639.7798 644.9571 652.7932],[285.8721  279.33682 280.73245 286.98743],[6.623947  6.681231  6.701068  6.7128725],[1.3333868 1.2560952 1.2772142 1.3295462],[8.214155 8.200949 8.206897 8.228696],[0.43586653 0.4754516  0.5107417  0.5324073 ]
DFTGRID,C,3e-08,30,False,False,TDD,packagedrop,0.02,[4.1898637 4.0164223 4.337602  4.798213 ],[3.881538  3.298615  4.3291    5.8149834],[595.3317 598.7249 600.7032 575.0709],[312.952   324.07764 310.93143 271.0819 ],[6.065585  6.131537  6.0434074 6.169016 ],[1.95014   1.7724152 1.8652933 1.5747734],[8.26459   8.2423935 8.200481  8.146261 ],[0.59722245 0.63432664 0.6843038  0.7340101 ]
DFTGRID,C,1e-07,1,False,False,TDD,packagedrop,0.02,[0.79730135 0.7999392  0.7996252  0.79934907],[0.6807826  0.6828566  0.68231624 0.68553436],[221.60838 222.0069  221.5847  221.23158],[213.6899  213.95139 213.28511 213.6207 ],[8.190253 8.189276 8.188244 8.187557],[0.23509227 0.23685502 0.23897012 0.2410029 ],[8.287666 8.286728 8.285783 8.28482 ],[0.20094852 0.20314625 0.20554832 0.20814276]
DFTGRID,C,1e-07,10,False,False,TDD,packagedrop,0.02,[3.018421  2.9972029 3.0016882 3.002639 ],[2.086545  2.0782697 2.0330803 2.034564 ],[633.7886 630.3383 627.527  618.6148],[286.10342 291.22885 297.34378 306.2401 ],[6.7487445 6.7387905 6.7335205 6.7211876],[1.1506572 1.1408339 1.1610211 1.2055606],[8.228059 8.225113 8.221142 8.218307],[0.40632427 0.44373655 0.47436568 0.49637362]
DFTGRID,C,1e-07,30,False,False,TDD,packagedrop,0.02,[3.1765783 3.2484255 3.3057058 3.1775641],[2.1483662 1.9878144 2.1427815 1.9971793],[609.13556 611.8095  605.29346 608.29553],[265.39752 242.86046 232.3666  236.89795],[5.7925453 5.7926207 5.7522163 5.7444344],[1.4648701 1.3475643 1.3791772 1.491791 ],[8.210542 8.202721 8.192679 8.180748],[0.55921763 0.55600965 0.58218396 0.64674735]
DFTGRID,C,3e-07,1,False,False,TDD,packagedrop,0.02,[0.749867  0.7462146 0.7460569 0.7465408],[0.65350586 0.65326566 0.6535974  0.65334404],[226.55293 225.42935 225.49812 225.76784],[198.78706 198.58557 198.7828  198.82072],[8.156272 8.198382 8.1988   8.199027],[0.44696304 0.17567584 0.17631136 0.17707968],[8.309222 8.309395 8.309544 8.309666],[0.12782556 0.12907478 0.13059251 0.13237096]
DFTGRID,C,3e-07,10,False,False,TDD,packagedrop,0.02,[2.2069733 2.2567725 2.2628489 2.2766333],[1.3154846 1.2984875 1.2692899 1.2574296],[573.94604 585.3307  586.3445  588.7011 ],[273.1143  271.93204 267.27487 263.93854],[6.4965944 6.566945  6.529659  6.4980927],[1.2676163 1.2128006 1.2575606 1.3011783],[8.250104 8.243473 8.238304 8.233626],[0.3385536  0.3719638  0.4030903  0.43264043]
DFTGRID,C,3e-07,30,False,False,TDD,packagedrop,0.02,[2.7832556 2.748978  2.7683752 2.7956457],[1.4518077 1.5087038 1.5469552 1.5845273],[664.20386 660.8379  665.47015 669.99994],[269.589   270.26324 270.86035 271.96692],[5.8404937 5.7892933 5.874325  5.9739265],[1.2422787 1.352184  1.3607633 1.3261938],[8.243394  8.2595005 8.280929  8.2970915],[0.52751476 0.5657697  0.5995796  0.62896645]
DFTGRID,D,3e-08,1,False,False,TDD,packagedrop,0.02,[0.7820331  0.78414375 0.7841037  0.7825758 ],[0.82340133 0.8272993  0.8252928  0.82316303],[234.70726 235.27917 235.29765 234.85645],[247.17444 248.1197  247.74106 247.10255],[8.309665 8.309573 8.309473 8.309376],[0.16925423 0.16957833 0.16995375 0.17035043],[8.314399 8.314319 8.314234 8.314145],[0.16895768 0.16928382 0.16965662 0.1700759 ]
DFTGRID,D,3e-08,10,False,False,TDD,packagedrop,0.02,[2.0648835 2.0756052 2.0622778 2.0516732],[1.5399237 1.5399817 1.5337161 1.5220493],[609.6012  613.59814 611.5988  610.7825 ],[447.5858  448.21207 448.81143 447.07632],[8.233662 8.238867 8.241357 8.244328],[0.2352602  0.24243972 0.250341   0.25916588],[8.316226 8.317209 8.319232 8.322231],[0.22064124 0.22971562 0.23861213 0.24789661]
DFTGRID,D,3e-08,30,False,False,TDD,packagedrop,0.02,[2.1973646 2.234626  2.2926733 2.2474384],[1.475015  1.4854796 1.4671468 1.462594 ],[614.6771 620.1043 634.9571 617.8551],[385.9592  391.11145 392.026   389.3691 ],[8.192122 8.179474 8.167003 8.156539],[0.32940546 0.3465288  0.36608812 0.39519063],[8.279626 8.265633 8.254635 8.245803],[0.3149234 0.3314061 0.3475316 0.3749198]
DFTGRID,D,1e-07,1,False,False,TDD,packagedrop,0.02,[0.8383802  0.83966154 0.8455511  0.842611  ],[0.7450629  0.7725606  0.78319454 0.7768474 ],[252.61119 253.32903 255.11835 254.27812],[226.17097 235.0356  238.12605 236.30539],[8.289312 8.303131 8.303293 8.303485],[0.09437699 0.0472861  0.04857647 0.04999004],[8.30858  8.308747 8.308916 8.309081],[0.04570844 0.04691121 0.04821619 0.04961301]
DFTGRID,D,1e-07,10,False,False,TDD,packagedrop,0.02,[2.2363424 2.2940977 2.2782907 2.2854104],[1.4154516 1.4095798 1.4174429 1.4105471],[658.34283 674.1839  669.2488  671.4118 ],[406.03558 401.88156 404.72812 403.62387],[8.209568 8.221041 8.222185 8.2234  ],[0.163336   0.16664411 0.18362024 0.19982848],[8.3021965 8.302738  8.303449  8.304353 ],[0.14413548 0.16243483 0.18018849 0.19722271]
DFTGRID,D,1e-07,30,False,False,TDD,packagedrop,0.02,[2.0769389 2.0979795 2.1209507 2.098178 ],[1.3529047 1.3495767 1.3452625 1.3357124],[619.6138  629.35504 639.52545 630.7013 ],[408.39133 411.19812 413.9516  410.13568],[8.202375 8.218529 8.222291 8.223581],[0.30783567 0.31814966 0.33886743 0.35810038],[8.307436 8.310596 8.312113 8.31137 ],[0.289312   0.3160269  0.33770055 0.35521182]
DFTGRID,D,3e-07,1,False,False,TDD,packagedrop,0.02,[0.7267527  0.73460096 0.7327734  0.7328195 ],[0.7432773  0.7635468  0.7606389  0.76066643],[217.83337 220.17194 219.62889 219.64502],[223.01193 229.01189 228.13864 228.13533],[8.281095  8.300044  8.300061  8.3000765],[0.09723941 0.02430069 0.02591741 0.02763066],[8.304569 8.304597 8.304624 8.304643],[0.02125923 0.02278941 0.02444138 0.0261921 ]
DFTGRID,D,3e-07,10,False,False,TDD,packagedrop,0.02,[2.0534043 2.0455625 2.0510244 2.044709 ],[1.3944107 1.4042675 1.4117299 1.4202279],[606.6925  603.5531  604.5299  602.91626],[404.22095 405.41974 405.50845 406.8363 ],[8.197269 8.208532 8.208766 8.209236],[0.16078113 0.16321547 0.1790356  0.19570792],[8.291801 8.291452 8.291421 8.291797],[0.13622418 0.15536551 0.174471   0.19344515]
DFTGRID,D,3e-07,30,False,False,TDD,packagedrop,0.02,[1.7940412 1.7875072 1.8593042 1.8881264],[1.5369066 1.5674462 1.5996553 1.624858 ],[526.0483  518.20013 531.4998  538.4116 ],[428.99478 428.67923 427.48672 432.2254 ],[8.2119   8.21515  8.203269 8.193162],[0.2719585  0.29296643 0.32306936 0.3484407 ],[8.314291 8.305841 8.296564 8.287483],[0.25759727 0.2863416  0.3163736  0.34177947]
DFTGRID,A,3e-08,1,False,False,TDD,packagedrop,0.01,[0.9077096  0.89060515 0.88944346 0.8889689 ],[0.78148943 0.7885663  0.7886848  0.7886933 ],[267.1471  261.92715 261.8739  261.8862 ],[246.07826 247.97855 247.98854 247.95277],[8.304697 8.311809 8.310619 8.309352],[0.19620809 0.19956318 0.20455006 0.20989418],[8.330993 8.329848 8.328677 8.327477],[0.19007078 0.19461934 0.1995183  0.20473996]
DFTGRID,A,3e-08,10,False,False,TDD,packagedrop,0.01,[5.765546  5.7273326 5.5301495 4.526195 ],[9.23324  8.804229 9.435502 5.261221],[574.44354 586.2658  591.8552  595.84595],[309.57684 307.88107 300.1589  297.78195],[7.167969  7.1759715 7.1688957 7.149728 ],[1.2625666 1.2572981 1.2659702 1.3230447],[8.202798 8.202786 8.20477  8.210615],[0.5486621  0.6039589  0.6533752  0.69756144]
DFTGRID,A,3e-08,30,False,False,TDD,packagedrop,0.01,[12.546734   9.868455   7.8023653  7.1648564],[42.964977 26.733723 14.89453  10.049877],[593.89185 595.4447  602.67267 604.7665 ],[361.99057 355.5662  368.1905  387.22504],[6.854987  6.899246  6.9259214 6.920011 ],[1.4073904 1.3225251 1.3335382 1.453636 ],[7.93059   7.937528  7.9386687 7.9467754],[0.9408091 0.9712996 1.0151565 1.0446167]
DFTGRID,A,1e-07,1,False,False,TDD,packagedrop,0.01,[0.73649985 0.7353696  0.73668814 0.73412925],[0.7832928  0.7829264  0.78659576 0.78248173],[201.3739  201.31227 201.92824 201.20154],[238.79259 238.6841  240.06424 238.49316],[8.2367   8.237606 8.238489 8.23939 ],[0.51918495 0.51962256 0.52021533 0.52099997],[8.262489 8.263346 8.264196 8.265036],[0.51461935 0.5150343  0.51560664 0.5163352 ]
DFTGRID,A,1e-07,10,False,False,TDD,packagedrop,0.01,[4.3030906 4.36273   4.418273  4.094364 ],[4.3846316 5.0276318 5.69384   4.4995174],[636.0398  628.3241  627.5497  618.93445],[358.78387 353.5643  349.10068 350.214  ],[7.1002483 7.1005707 7.103295  7.1066756],[1.3767734 1.4067415 1.428779  1.42854  ],[8.144522 8.146372 8.146507 8.145758],[0.6222944 0.6648694 0.709678  0.7541991]
DFTGRID,A,1e-07,30,False,False,TDD,packagedrop,0.01,[8.892566  6.7324357 9.223878  6.9348903],[40.782154 14.952471 35.85699  18.071934],[656.5096  624.6142  592.3852  571.57837],[407.14868 365.10486 335.05066 324.00616],[6.7373796 6.762121  6.747689  6.66049  ],[1.6376302 1.6453629 1.6118186 1.5962579],[8.072836  8.0405245 7.987643  7.931782 ],[0.9680374 1.0242087 1.0625325 1.0865595]
DFTGRID,A,3e-07,1,False,False,TDD,packagedrop,0.01,[0.8284052  0.8289974  0.8289774  0.82929945],[0.75889593 0.75893974 0.75950384 0.7598559 ],[254.14012 254.4731  254.60289 254.83711],[256.4496  256.39642 256.487   256.51437],[8.190344 8.191584 8.192837 8.194079],[0.3640577  0.36520156 0.36646092 0.3678226 ],[8.213686 8.214922 8.216152 8.217375],[0.3532045  0.35431996 0.35555035 0.35689348]
DFTGRID,A,3e-07,10,False,False,TDD,packagedrop,0.01,[2.9949722 3.1334367 3.0632138 3.0856805],[2.504874  2.9423907 2.7153976 2.8083313],[582.8318  596.58203 601.58734 603.2762 ],[306.75107 306.85403 311.47723 309.0395 ],[7.066908 7.078717 7.085351 7.074651],[1.0465798 1.1131542 1.1876677 1.2737086],[8.171758 8.174995 8.178912 8.183869],[0.61714447 0.66222084 0.70273554 0.7370155 ]
DFTGRID,A,3e-07,30,False,False,TDD,packagedrop,0.01,[3.4557443 3.5725543 3.7469504 3.7967203],[3.6766894 4.0880427 4.535231  4.6027203],[599.6131 610.4585 612.9836 627.5736],[343.91415 338.76904 348.5003  371.02554],[6.809931  6.8864174 6.91876   6.930682 ],[1.3748978 1.4008154 1.4780003 1.5238447],[8.039328 8.043646 8.03752  8.038265],[0.90889144 0.95316577 1.0154774  1.0509552 ]
DFTGRID,C,3e-08,1,False,False,TDD,packagedrop,0.01,[1.1118588 1.1366014 1.1285958 1.1301056],[0.8045727  0.83753043 0.82564604 0.84221274],[261.92114 261.26178 260.59583 260.67288],[202.18266 202.43028 202.2583  202.34299],[8.209617 8.212578 8.213465 8.214468],[0.18684824 0.18149401 0.183074   0.18549827],[8.320241 8.321053 8.321876 8.322711],[0.13149643 0.13392696 0.13672414 0.13986434]
DFTGRID,C,3e-08,10,False,False,TDD,packagedrop,0.01,[4.8657613 5.496793  5.223311  4.877987 ],[4.9404845 6.325611  5.476556  4.598114 ],[633.0829  641.74896 644.783   649.02936],[288.67545 278.1679  280.88074 287.34775],[6.6598377 6.681261  6.7038364 6.7109556],[1.2795515 1.2550672 1.2762374 1.3275825],[8.214155 8.200949 8.206897 8.228696],[0.43586653 0.4754516  0.5107417  0.5324073 ]
DFTGRID,C,3e-08,30,False,False,TDD,packagedrop,0.01,[4.1854544 3.9793818 4.2534223 4.738676 ],[3.8827722 3.31007   4.0441823 5.321881 ],[592.7685 588.8574 597.9613 594.0084],[306.88876 313.6024  308.64288 294.6916 ],[6.0571513 6.1410346 6.0401845 6.1755304],[1.9443936 1.7792648 1.873013  1.5744954],[8.26459   8.2423935 8.200481  8.146261 ],[0.59722245 0.63432664 0.6843038  0.7340101 ]
DFTGRID,C,1e-07,1,False,False,TDD,packagedrop,0.01,[0.80034477 0.7982335  0.797642   0.7995216 ],[0.6811759  0.68109375 0.6818197  0.6869775 ],[222.77289 221.39021 221.00134 221.26537],[213.5888  213.33867 213.11433 213.90172],[8.17774  8.188926 8.188481 8.187584],[0.28654897 0.23857455 0.23887508 0.2410086 ],[8.287666 8.286728 8.285783 8.28482 ],[0.20094852 0.20314625 0.20554832 0.20814276]
DFTGRID,C,1e-07,10,False,False,TDD,packagedrop,0.01,[3.0227048 2.9919305 3.0118482 3.0054681],[2.0829842 2.0836182 2.0915349 2.0238907],[634.3643  627.4546  627.9371  622.32104],[285.63068 293.22055 297.3943  306.10803],[6.743     6.7447124 6.732959  6.729395 ],[1.1473304 1.1458579 1.1623915 1.1992345],[8.228059 8.225113 8.221142 8.218307],[0.40632427 0.44373655 0.47436568 0.49637362]
DFTGRID,C,1e-07,30,False,False,TDD,packagedrop,0.01,[3.1717072 3.2201605 3.3057055 3.1775641],[2.1512105 1.9690865 2.1427815 1.9971793],[605.56476 606.7607  605.29346 608.2955 ],[265.44885 244.04817 232.3666  236.89796],[5.797731  5.7847276 5.7522163 5.7444344],[1.4769353 1.3531947 1.3791771 1.491791 ],[8.210542 8.202721 8.192679 8.180748],[0.55921763 0.55600965 0.58218396 0.64674735]
DFTGRID,C,3e-07,1,False,False,TDD,packagedrop,0.01,[0.7366281  0.74972934 0.7497321  0.74608773],[0.6413575  0.6574442  0.66030186 0.65372545],[222.36433 226.5362  226.5374  225.63326],[194.6705  200.2187  200.40488 198.93445],[8.129496  8.198174  8.1986685 8.199148 ],[0.51875323 0.1755418  0.17640728 0.17717415],[8.309222 8.309395 8.309544 8.309666],[0.12782556 0.12907478 0.13059251 0.13237096]
DFTGRID,C,3e-07,10,False,False,TDD,packagedrop,0.01,[2.2482123 2.2526615 2.258903  2.2771428],[1.332543  1.297995  1.2723339 1.2603467],[583.4267  583.39264 584.74713 588.51587],[277.51904 271.95654 267.7717  265.8699 ],[6.609516  6.565681  6.5295806 6.5031047],[1.1669952 1.2127095 1.2574847 1.3010898],[8.250104 8.243473 8.238304 8.233626],[0.3385536  0.3719638  0.4030903  0.43264043]
DFTGRID,C,3e-07,30,False,False,TDD,packagedrop,0.01,[2.7456884 2.7896109 2.7911634 2.7956457],[1.4179231 1.4832271 1.5403836 1.5845273],[660.8324  670.8649  674.8469  669.99994],[269.67996 267.21713 275.31204 271.96692],[5.823883  5.79636   5.877278  5.9739265],[1.2500122 1.3496816 1.365598  1.3261938],[8.243394  8.2595005 8.280929  8.2970915],[0.52751476 0.5657697  0.5995796  0.62896645]
DFTGRID,D,3e-08,1,False,False,TDD,packagedrop,0.01,[0.7820331  0.78403056 0.78271437 0.7820927 ],[0.82340133 0.8268059  0.8231615  0.8234201 ],[234.70726 235.2616  234.89288 234.68954],[247.17447 248.05374 247.10497 247.17761],[8.309665 8.309571 8.309471 8.309386],[0.16925423 0.16957845 0.16994253 0.17036249],[8.314399 8.314319 8.314234 8.314145],[0.16895768 0.16928382 0.16965662 0.1700759 ]
DFTGRID,D,3e-08,10,False,False,TDD,packagedrop,0.01,[2.0296214 2.0594714 2.0588686 2.0614152],[1.550729  1.5385051 1.5299498 1.5096569],[598.57025 608.9854  610.53564 614.5306 ],[450.26874 448.40454 447.52826 443.72995],[8.228652 8.238824 8.241278 8.244318],[0.24183549 0.24241707 0.25022924 0.25877336],[8.316226 8.317209 8.319232 8.322231],[0.22064124 0.22971562 0.23861213 0.24789661]
DFTGRID,D,3e-08,30,False,False,TDD,packagedrop,0.01,[2.1923797 2.1692998 2.2534494 2.2710857],[1.478236  1.4302734 1.4834551 1.4751933],[612.8742  604.5577  620.6188  624.49945],[386.71475 384.40826 393.30252 393.07825],[8.187802 8.179331 8.16644  8.156432],[0.32731003 0.34647185 0.36532792 0.39519843],[8.279626 8.265633 8.254635 8.245803],[0.3149234 0.3314061 0.3475316 0.3749198]
DFTGRID,D,1e-07,1,False,False,TDD,packagedrop,0.01,[0.82503927 0.840652   0.8393473  0.8393155 ],[0.75457454 0.7727797  0.77279097 0.7727771 ],[248.90111 253.63826 253.25674 253.26938],[229.69179 235.1173  235.07211 235.03621],[8.2983   8.303136 8.303326 8.303495],[0.06396695 0.04729306 0.04859156 0.04999059],[8.30858  8.308747 8.308916 8.309081],[0.04570844 0.04691121 0.04821619 0.04961301]
DFTGRID,D,1e-07,10,False,False,TDD,packagedrop,0.01,[2.2551377 2.2779865 2.258395  2.2775388],[1.4115306 1.4172027 1.4052546 1.4167849],[663.9992  669.28937 664.22    669.22217],[404.3863  404.34467 403.1477  405.50378],[8.213573 8.221161 8.222103 8.223446],[0.15666485 0.16671678 0.18372533 0.19980611],[8.3021965 8.302738  8.303449  8.304353 ],[0.14413548 0.16243483 0.18018849 0.19722271]
DFTGRID,D,1e-07,30,False,False,TDD,packagedrop,0.01,[2.1019602 2.1264684 2.1106615 2.0965028],[1.3566086 1.3516675 1.3677272 1.3372816],[627.34753 636.6892  633.111   630.2797 ],[409.89362 410.00394 412.59464 410.4689 ],[8.213473 8.218644 8.222391 8.223624],[0.29406944 0.31804457 0.33895203 0.35795057],[8.307436 8.310596 8.312113 8.31137 ],[0.289312   0.3160269  0.33770055 0.35521182]
DFTGRID,D,3e-07,1,False,False,TDD,packagedrop,0.01,[0.73267907 0.73272675 0.7336063  0.7328195 ],[0.76058245 0.76061076 0.760639   0.76066643],[219.5965  219.61281 219.8774  219.64502],[228.14769 228.14272 228.13763 228.13533],[8.300023  8.300046  8.300061  8.3000765],[0.02280426 0.02430144 0.02591745 0.02763069],[8.304569 8.304597 8.304624 8.304643],[0.02125923 0.02278941 0.02444138 0.0261921 ]
DFTGRID,D,3e-07,10,False,False,TDD,packagedrop,0.01,[2.0440001 2.0476983 2.0510244 2.0547128],[1.4036117 1.4072222 1.41173   1.4168919],[603.7924  604.1326  604.5299  604.12134],[407.0624  406.11432 405.50845 403.46976],[8.208701 8.208597 8.208766 8.209292],[0.14839531 0.16316478 0.1790356  0.19569111],[8.291801 8.291452 8.291421 8.291797],[0.13622418 0.15536551 0.174471   0.19344515]
DFTGRID,D,3e-07,30,False,False,TDD,packagedrop,0.01,[1.8621144 1.8736669 1.8780714 1.9238046],[1.5485437 1.5894384 1.6018249 1.6249515],[545.25543 542.90814 539.64185 549.3625 ],[430.86084 434.0997  432.04343 433.30417],[8.221981 8.214928 8.20349  8.193157],[0.26777378 0.29305226 0.32325038 0.34844   ],[8.314291 8.305841 8.296564 8.287483],[0.25759727 0.2863416  0.3163736  0.34177947]
